timestamp_unix_s,timestamp_iso,scenario,run_id,lat_deg,lon_deg,abs_alt_m,rel_alt_m,accel_x_mps2,accel_y_mps2,accel_z_mps2,gyro_x_rps,gyro_y_rps,gyro_z_rps,battery_remaining_pct,battery_voltage_v
1772702190.8611236,2026-03-05T09:16:30.861124,altitude_step,03,,,,,,,,,,,,
1772702190.964208,2026-03-05T09:16:30.964208,altitude_step,03,,,,,,,,,,,,
1772702191.066099,2026-03-05T09:16:31.066099,altitude_step,03,,,,,,,,,,,,
1772702191.1679084,2026-03-05T09:16:31.167908,altitude_step,03,,,,,,,,,,,,
1772702191.289409,2026-03-05T09:16:31.289409,altitude_step,03,47.397970799999996,8.5461644,0.003000000026077032,-0.20600001513957977,-0.0035544829443097115,0.0011498720850795507,-9.703413963317871,0.00045409853919409215,-8.794281893642619e-05,-0.000575146870687604,,
1772702191.3913336,2026-03-05T09:16:31.391334,altitude_step,03,47.397970799999996,8.5461644,0.006000000052154064,-0.20400001108646393,-0.0035544829443097115,0.0011498720850795507,-9.703413963317871,0.00045409853919409215,-8.794281893642619e-05,-0.000575146870687604,,
1772702191.5070722,2026-03-05T09:16:31.507072,altitude_step,03,47.397970799999996,8.5461644,0.009000000543892384,-0.20000000298023224,0.0015827241586521268,0.0013635612558573484,-9.708464622497559,0.00012482318561524153,0.0005654109991155565,-0.001112518715672195,,
1772702191.6108449,2026-03-05T09:16:31.610845,altitude_step,03,47.397970799999996,8.5461644,0.009000000543892384,-0.20000000298023224,0.0015827241586521268,0.0013635612558573484,-9.708464622497559,0.00012482318561524153,0.0005654109991155565,-0.001112518715672195,,
1772702191.715077,2026-03-05T09:16:31.715077,altitude_step,03,47.397970799999996,8.5461644,0.009000000543892384,-0.20000000298023224,0.0015827241586521268,0.0013635612558573484,-9.708464622497559,0.00012482318561524153,0.0005654109991155565,-0.001112518715672195,,
1772702191.8167913,2026-03-05T09:16:31.816791,altitude_step,03,47.397970799999996,8.5461644,0.01100000087171793,-0.1980000138282776,0.0068351710215210915,-0.002905229339376092,-9.704899787902832,-0.00043427772470749915,0.0010460525518283248,0.0013654603390023112,,
1772702191.9189827,2026-03-05T09:16:31.918983,altitude_step,03,47.397970799999996,8.5461644,0.01100000087171793,-0.1980000138282776,0.0068351710215210915,-0.002905229339376092,-9.704899787902832,-0.00043427772470749915,0.0010460525518283248,0.0013654603390023112,,
1772702192.0252793,2026-03-05T09:16:32.025279,altitude_step,03,47.397970799999996,8.5461644,0.01100000087171793,-0.1980000138282776,0.0068351710215210915,-0.002905229339376092,-9.704899787902832,-0.00043427772470749915,0.0010460525518283248,0.0013654603390023112,100.0,16.200000762939453
1772702192.1272247,2026-03-05T09:16:32.127225,altitude_step,03,47.397970799999996,8.5461644,0.01100000087171793,-0.1980000138282776,0.0068351710215210915,-0.002905229339376092,-9.704899787902832,-0.00043427772470749915,0.0010460525518283248,0.0013654603390023112,100.0,16.200000762939453
1772702192.2292013,2026-03-05T09:16:32.229201,altitude_step,03,47.397970799999996,8.5461644,0.014000000432133675,-0.19600000977516174,-0.006882273592054844,-0.002775544300675392,-9.69741439819336,0.0004286223847884685,0.0005578721757046878,-0.0007640211842954159,100.0,16.200000762939453
1772702192.33919,2026-03-05T09:16:32.339190,altitude_step,03,47.397970799999996,8.5461644,0.014000000432133675,-0.19600000977516174,-0.006882273592054844,-0.002775544300675392,-9.69741439819336,0.0004286223847884685,0.0005578721757046878,-0.0007640211842954159,100.0,16.200000762939453
1772702192.4415238,2026-03-05T09:16:32.441524,altitude_step,03,47.397970799999996,8.5461644,0.014000000432133675,-0.19600000977516174,-0.006882273592054844,-0.002775544300675392,-9.69741439819336,0.0004286223847884685,0.0005578721757046878,-0.0007640211842954159,100.0,16.200000762939453
1772702192.5462897,2026-03-05T09:16:32.546290,altitude_step,03,47.397970799999996,8.5461644,0.014000000432133675,-0.19600000977516174,-0.006882273592054844,-0.002775544300675392,-9.69741439819336,0.0004286223847884685,0.0005578721757046878,-0.0007640211842954159,100.0,16.200000762939453
1772702192.6529326,2026-03-05T09:16:32.652933,altitude_step,03,47.397970799999996,8.5461644,0.017000000923871994,-0.19200000166893005,0.008099592290818691,0.00598464859649539,-9.705376625061035,-0.00036340628867037594,0.0007624399149790406,0.00022810875088907778,100.0,16.200000762939453
1772702192.7560742,2026-03-05T09:16:32.756074,altitude_step,03,47.397970799999996,8.5461644,0.017000000923871994,-0.19200000166893005,0.008099592290818691,0.00598464859649539,-9.705376625061035,-0.00036340628867037594,0.0007624399149790406,0.00022810875088907778,100.0,16.200000762939453
1772702192.8803232,2026-03-05T09:16:32.880323,altitude_step,03,47.397970799999996,8.5461644,0.017000000923871994,-0.19200000166893005,0.008099592290818691,0.00598464859649539,-9.705376625061035,-0.00036340628867037594,0.0007624399149790406,0.00022810875088907778,100.0,16.200000762939453
1772702192.9997444,2026-03-05T09:16:32.999744,altitude_step,03,47.397970799999996,8.5461644,0.01900000125169754,-0.1900000125169754,-0.007040631957352161,-0.001488247187808156,-9.701957702636719,-0.0007338818395510316,-8.714012801647186e-05,0.00017047255823854357,100.0,16.200000762939453
1772702193.1186745,2026-03-05T09:16:33.118675,altitude_step,03,47.397970799999996,8.5461644,0.01900000125169754,-0.1900000125169754,-0.007040631957352161,-0.001488247187808156,-9.701957702636719,-0.0007338818395510316,-8.714012801647186e-05,0.00017047255823854357,100.0,16.200000762939453
1772702193.2251046,2026-03-05T09:16:33.225105,altitude_step,03,47.397970799999996,8.5461644,0.01900000125169754,-0.1900000125169754,-0.007040631957352161,-0.001488247187808156,-9.701957702636719,-0.0007338818395510316,-8.714012801647186e-05,0.00017047255823854357,100.0,16.200000762939453
1772702193.329368,2026-03-05T09:16:33.329368,altitude_step,03,47.397970799999996,8.5461644,0.02200000174343586,-0.18800000846385956,0.003923009615391493,-0.0032507097348570824,-9.704144477844238,-0.0015786855947226286,0.00010079624189529568,0.00085795036284253,100.0,16.200000762939453
1772702193.4322238,2026-03-05T09:16:33.432224,altitude_step,03,47.397970799999996,8.5461644,0.024000000208616257,-0.1850000023841858,0.0006558791501447558,0.004920825827866793,-9.697941780090332,0.0004483355151023716,0.0005205561174079776,-0.0006544388015754521,100.0,16.200000762939453
1772702193.533806,2026-03-05T09:16:33.533806,altitude_step,03,47.397970799999996,8.5461644,0.024000000208616257,-0.1850000023841858,0.0006558791501447558,0.004920825827866793,-9.697941780090332,0.0004483355151023716,0.0005205561174079776,-0.0006544388015754521,100.0,16.200000762939453
1772702193.643067,2026-03-05T09:16:33.643067,altitude_step,03,47.397970799999996,8.5461644,0.026000000536441803,-0.18400001525878906,-0.0032964530400931835,-0.0010358784347772598,-9.695569038391113,0.00042162934551015496,-0.0003981504123657942,-0.00014596799155697227,100.0,16.200000762939453
1772702193.744879,2026-03-05T09:16:33.744879,altitude_step,03,47.397970799999996,8.5461644,0.026000000536441803,-0.18400001525878906,-0.0032964530400931835,-0.0010358784347772598,-9.695569038391113,0.00042162934551015496,-0.0003981504123657942,-0.00014596799155697227,100.0,16.200000762939453
1772702193.846566,2026-03-05T09:16:33.846566,altitude_step,03,47.397970799999996,8.5461644,0.026000000536441803,-0.18400001525878906,-0.0032964530400931835,-0.0010358784347772598,-9.695569038391113,0.00042162934551015496,-0.0003981504123657942,-0.00014596799155697227,100.0,16.200000762939453
1772702193.9498253,2026-03-05T09:16:33.949825,altitude_step,03,47.397970799999996,8.5461644,0.02800000086426735,-0.18200001120567322,-0.0019820129964500666,0.006599347107112408,-9.707273483276367,-0.0004961320664733648,0.0005204987828619778,0.00024916883558034897,100.0,16.200000762939453
1772702194.0674653,2026-03-05T09:16:34.067465,altitude_step,03,47.397970799999996,8.5461644,0.02800000086426735,-0.18200001120567322,-0.0019820129964500666,0.006599347107112408,-9.707273483276367,-0.0004961320664733648,0.0005204987828619778,0.00024916883558034897,100.0,16.200000762939453
1772702194.177782,2026-03-05T09:16:34.177782,altitude_step,03,47.397970799999996,8.5461644,0.029000001028180122,-0.1810000091791153,-0.0020635146647691727,-0.0023408534470945597,-9.699259757995605,-0.0009763837442733347,-0.0008855154737830162,-0.00013030771515332162,100.0,16.200000762939453
1772702194.2830582,2026-03-05T09:16:34.283058,altitude_step,03,47.397970799999996,8.5461644,0.030000001192092896,-0.18000000715255737,-0.004444413352757692,0.003305303631350398,-9.696433067321777,-0.00022078657639212906,-0.0004712334484793246,6.675100303255022e-05,100.0,16.200000762939453
1772702194.384321,2026-03-05T09:16:34.384321,altitude_step,03,47.397970799999996,8.5461644,0.030000001192092896,-0.18000000715255737,-0.004444413352757692,0.003305303631350398,-9.696433067321777,-0.00022078657639212906,-0.0004712334484793246,6.675100303255022e-05,100.0,16.200000762939453
1772702194.488407,2026-03-05T09:16:34.488407,altitude_step,03,47.397970799999996,8.5461644,0.03100000135600567,-0.17800000309944153,-0.003048459067940712,0.003805477637797594,-9.70734977722168,-0.00048581708688288927,-8.207238715840504e-05,-9.470632357988507e-05,100.0,16.200000762939453
1772702194.590114,2026-03-05T09:16:34.590114,altitude_step,03,47.397970799999996,8.5461644,0.03100000135600567,-0.17800000309944153,-0.003048459067940712,0.003805477637797594,-9.70734977722168,-0.00048581708688288927,-8.207238715840504e-05,-9.470632357988507e-05,100.0,16.200000762939453
1772702194.6924233,2026-03-05T09:16:34.692423,altitude_step,03,47.397970799999996,8.5461644,0.032999999821186066,-0.1770000010728836,-0.0033220923505723476,0.005120181478559971,-9.708596229553223,-0.00012936873827129602,-0.000567964743822813,-0.0005523754516616464,100.0,16.200000762939453
1772702194.7934191,2026-03-05T09:16:34.793419,altitude_step,03,47.397970799999996,8.5461644,0.032999999821186066,-0.1770000010728836,-0.0033220923505723476,0.005120181478559971,-9.708596229553223,-0.00012936873827129602,-0.000567964743822813,-0.0005523754516616464,100.0,16.200000762939453
1772702194.9011393,2026-03-05T09:16:34.901139,altitude_step,03,47.397970799999996,8.5461644,0.03400000184774399,-0.17600001394748688,-0.002104723360389471,0.0010337108979001641,-9.697327613830566,0.00014663142792414874,0.0009719293448142707,-0.0007049698033370078,100.0,16.200000762939453
1772702195.0038369,2026-03-05T09:16:35.003837,altitude_step,03,47.397970799999996,8.5461644,0.03400000184774399,-0.17600001394748688,-0.002104723360389471,0.0010337108979001641,-9.697327613830566,0.00014663142792414874,0.0009719293448142707,-0.0007049698033370078,100.0,16.200000762939453
1772702195.1069372,2026-03-05T09:16:35.106937,altitude_step,03,47.397970799999996,8.5461644,0.03400000184774399,-0.17600001394748688,-0.002104723360389471,0.0010337108979001641,-9.697327613830566,0.00014663142792414874,0.0009719293448142707,-0.0007049698033370078,100.0,16.200000762939453
1772702195.2427433,2026-03-05T09:16:35.242743,altitude_step,03,47.397970799999996,8.5461644,0.03500000014901161,-0.17400000989437103,-0.0030290530994534492,0.00497875502333045,-9.707398414611816,-0.0002590144285932183,0.00016280895215459168,0.0007390909013338387,100.0,16.200000762939453
1772702195.345084,2026-03-05T09:16:35.345084,altitude_step,03,47.397970799999996,8.5461644,0.03500000014901161,-0.17400000989437103,-0.0030290530994534492,0.00497875502333045,-9.707398414611816,-0.0002590144285932183,0.00016280895215459168,0.0007390909013338387,100.0,16.200000762939453
1772702195.4508455,2026-03-05T09:16:35.450845,altitude_step,03,47.397970799999996,8.5461644,0.03500000014901161,-0.17400000989437103,-0.0030290530994534492,0.00497875502333045,-9.707398414611816,-0.0002590144285932183,0.00016280895215459168,0.0007390909013338387,100.0,16.200000762939453
1772702195.5540102,2026-03-05T09:16:35.554010,altitude_step,03,47.397970799999996,8.5461644,0.036000002175569534,-0.17400000989437103,1.2478791177272797e-05,-0.0029362323693931103,-9.705195426940918,-0.0009814728982746601,0.0001886719255708158,-0.0009709745063446462,100.0,16.200000762939453
1772702195.6581154,2026-03-05T09:16:35.658115,altitude_step,03,47.397970799999996,8.5461644,0.036000002175569534,-0.17400000989437103,1.2478791177272797e-05,-0.0029362323693931103,-9.705195426940918,-0.0009814728982746601,0.0001886719255708158,-0.0009709745063446462,100.0,16.200000762939453
1772702195.7608414,2026-03-05T09:16:35.760841,altitude_step,03,47.397970799999996,8.5461644,0.03700000047683716,-0.1720000058412552,0.005073430947959423,-0.005287149455398321,-9.697402954101562,-0.00017507777374703437,-0.0005513636278919876,-0.0005646167555823922,100.0,16.200000762939453
1772702195.8623805,2026-03-05T09:16:35.862381,altitude_step,03,47.397970799999996,8.5461644,0.03700000047683716,-0.1720000058412552,0.005073430947959423,-0.005287149455398321,-9.697402954101562,-0.00017507777374703437,-0.0005513636278919876,-0.0005646167555823922,100.0,16.200000762939453
1772702195.965182,2026-03-05T09:16:35.965182,altitude_step,03,47.397970799999996,8.5461644,0.03700000047683716,-0.1720000058412552,0.005073430947959423,-0.005287149455398321,-9.697402954101562,-0.00017507777374703437,-0.0005513636278919876,-0.0005646167555823922,100.0,16.200000762939453
1772702196.1053715,2026-03-05T09:16:36.105371,altitude_step,03,47.397970799999996,8.5461644,0.039000000804662704,-0.17100000381469727,0.003933603875339031,-0.0035825802478939295,-9.700371742248535,0.00014475613716058433,0.0006705590640194714,-0.00013742381997872144,100.0,16.200000762939453
1772702196.214795,2026-03-05T09:16:36.214795,altitude_step,03,47.397970799999996,8.5461644,0.039000000804662704,-0.17100000381469727,0.003933603875339031,-0.0035825802478939295,-9.700371742248535,0.00014475613716058433,0.0006705590640194714,-0.00013742381997872144,100.0,16.200000762939453
1772702196.317313,2026-03-05T09:16:36.317313,altitude_step,03,47.397970799999996,8.5461644,0.039000000804662704,-0.17100000381469727,0.003933603875339031,-0.0035825802478939295,-9.700371742248535,0.00014475613716058433,0.0006705590640194714,-0.00013742381997872144,100.0,16.200000762939453
1772702196.4187665,2026-03-05T09:16:36.418766,altitude_step,03,47.397970799999996,8.5461644,0.04100000113248825,-0.16900001466274261,0.005658194422721863,-0.002207079902291298,-9.707114219665527,0.0005518343532457948,-0.00013589547597803175,0.0009934344561770558,100.0,16.200000762939453
1772702196.520183,2026-03-05T09:16:36.520183,altitude_step,03,47.397970799999996,8.5461644,0.04100000113248825,-0.16900001466274261,0.005658194422721863,-0.002207079902291298,-9.707114219665527,0.0005518343532457948,-0.00013589547597803175,0.0009934344561770558,100.0,16.200000762939453
1772702196.6239574,2026-03-05T09:16:36.623957,altitude_step,03,47.397970799999996,8.5461644,0.04100000113248825,-0.1680000126361847,0.0013482581125572324,0.005186287686228752,-9.708860397338867,6.598149047931656e-05,0.0007214754004962742,-0.0017290059477090836,100.0,16.200000762939453
1772702196.736769,2026-03-05T09:16:36.736769,altitude_step,03,47.397970799999996,8.5461644,0.04100000113248825,-0.1680000126361847,0.0013482581125572324,0.005186287686228752,-9.708860397338867,6.598149047931656e-05,0.0007214754004962742,-0.0017290059477090836,100.0,16.200000762939453
1772702196.862482,2026-03-05T09:16:36.862482,altitude_step,03,47.397970799999996,8.5461644,0.04100000113248825,-0.1680000126361847,0.0013482581125572324,0.005186287686228752,-9.708860397338867,6.598149047931656e-05,0.0007214754004962742,-0.0017290059477090836,100.0,16.200000762939453
1772702196.9666011,2026-03-05T09:16:36.966601,altitude_step,03,47.397970799999996,8.5461644,0.04100000113248825,-0.1680000126361847,0.0013482581125572324,0.005186287686228752,-9.708860397338867,6.598149047931656e-05,0.0007214754004962742,-0.0017290059477090836,100.0,16.200000762939453
1772702197.0813398,2026-03-05T09:16:37.081340,altitude_step,03,47.397970799999996,8.5461644,0.04200000315904617,-0.1680000126361847,-0.0037534558214247227,-0.0018371089827269316,-9.705952644348145,-0.0003909959632437676,-0.001300121657550335,0.0009800054831430316,100.0,16.200000762939453
1772702197.185462,2026-03-05T09:16:37.185462,altitude_step,03,47.397970799999996,8.5461644,0.04200000315904617,-0.1680000126361847,-0.0037534558214247227,-0.0018371089827269316,-9.705952644348145,-0.0003909959632437676,-0.001300121657550335,0.0009800054831430316,100.0,16.200000762939453
1772702197.2875967,2026-03-05T09:16:37.287597,altitude_step,03,47.397970799999996,8.5461644,0.04200000315904617,-0.16700001060962677,-0.004936795681715012,0.010760587640106678,-9.6974515914917,0.0003825935418717563,-0.00015417931717820466,0.0009176373714581132,100.0,16.200000762939453
1772702197.3890104,2026-03-05T09:16:37.389010,altitude_step,03,47.397970799999996,8.5461644,0.0430000014603138,-0.16700001060962677,0.0009478615829721093,-0.001960609806701541,-9.701516151428223,-0.0003156927414238453,0.000290012510959059,0.00032481501693837345,100.0,16.200000762939453
1772702197.493122,2026-03-05T09:16:37.493122,altitude_step,03,47.397970799999996,8.5461644,0.0430000014603138,-0.16600000858306885,-0.0038105533458292484,0.0029750752728432417,-9.69553279876709,-0.0004841046466026455,-0.0008510379702784121,-0.00033924865419976413,100.0,16.200000762939453
1772702197.5989754,2026-03-05T09:16:37.598975,altitude_step,03,47.397970799999996,8.5461644,0.0430000014603138,-0.16600000858306885,-0.0038105533458292484,0.0029750752728432417,-9.69553279876709,-0.0004841046466026455,-0.0008510379702784121,-0.00033924865419976413,100.0,16.200000762939453
1772702197.7013164,2026-03-05T09:16:37.701316,altitude_step,03,47.397970799999996,8.5461645,0.0430000014603138,-0.16600000858306885,-0.0065229302272200584,-0.006668482441455126,-9.696541786193848,0.00011751089186873287,-0.0004942033556289971,-0.0006775138317607343,100.0,16.200000762939453
1772702197.8099687,2026-03-05T09:16:37.809969,altitude_step,03,47.397970799999996,8.5461645,0.0430000014603138,-0.16600000858306885,-0.012778988108038902,0.00457980390638113,-9.701508522033691,0.0010637942468747497,-0.0005586949991993606,-0.0002805604599416256,100.0,16.200000762939453
1772702197.9126573,2026-03-05T09:16:37.912657,altitude_step,03,47.397970799999996,8.5461645,0.0430000014603138,-0.16600000858306885,-0.012778988108038902,0.00457980390638113,-9.701508522033691,0.0010637942468747497,-0.0005586949991993606,-0.0002805604599416256,100.0,16.200000762939453
1772702198.0139058,2026-03-05T09:16:38.013906,altitude_step,03,47.397970799999996,8.5461645,0.0430000014603138,-0.16600000858306885,-0.012778988108038902,0.00457980390638113,-9.701508522033691,0.0010637942468747497,-0.0005586949991993606,-0.0002805604599416256,100.0,16.200000762939453
1772702198.1173418,2026-03-05T09:16:38.117342,altitude_step,03,47.397970799999996,8.5461645,0.0430000014603138,-0.16600000858306885,-0.008476363494992256,0.000719711824785918,-9.706757545471191,-0.00019485349184833467,6.338722596410662e-05,0.0007197122322395444,100.0,16.200000762939453
1772702198.2275777,2026-03-05T09:16:38.227578,altitude_step,03,47.397970799999996,8.5461645,0.0430000014603138,-0.16600000858306885,-0.008476363494992256,0.000719711824785918,-9.706757545471191,-0.00019485349184833467,6.338722596410662e-05,0.0007197122322395444,100.0,16.200000762939453
1772702198.332574,2026-03-05T09:16:38.332574,altitude_step,03,47.397970799999996,8.5461645,0.0430000014603138,-0.16600000858306885,-0.0009201891953125596,0.00012025046453345567,-9.704835891723633,-0.0006431645015254617,-0.0009071733220480382,7.521826773881912e-05,100.0,16.200000762939453
1772702198.4412427,2026-03-05T09:16:38.441243,altitude_step,03,47.3979709,8.5461645,0.0430000014603138,-0.16700001060962677,-0.004532662685960531,-0.0019156665075570345,-9.699433326721191,-0.0004855057050008327,6.198681512614712e-05,-0.001285986858420074,100.0,16.200000762939453
1772702198.5460315,2026-03-05T09:16:38.546031,altitude_step,03,47.3979709,8.5461645,0.0430000014603138,-0.16700001060962677,-0.004532662685960531,-0.0019156665075570345,-9.699433326721191,-0.0004855057050008327,6.198681512614712e-05,-0.001285986858420074,100.0,16.200000762939453
1772702198.6546118,2026-03-05T09:16:38.654612,altitude_step,03,47.3979709,8.5461645,0.0430000014603138,-0.16700001060962677,-0.004532662685960531,-0.0019156665075570345,-9.699433326721191,-0.0004855057050008327,6.198681512614712e-05,-0.001285986858420074,100.0,16.200000762939453
1772702198.7575479,2026-03-05T09:16:38.757548,altitude_step,03,47.3979709,8.5461645,0.0430000014603138,-0.16700001060962677,-0.004532662685960531,-0.0019156665075570345,-9.699433326721191,-0.0004855057050008327,6.198681512614712e-05,-0.001285986858420074,100.0,16.200000762939453
1772702198.8629308,2026-03-05T09:16:38.862931,altitude_step,03,47.3979709,8.5461645,0.0430000014603138,-0.16700001060962677,-0.0050254021771252155,-0.0005602849996648729,-9.689802169799805,-0.0009244087850674987,-0.00042482244316488504,7.244625885505229e-05,100.0,16.200000762939453
1772702198.965176,2026-03-05T09:16:38.965176,altitude_step,03,47.3979709,8.5461645,0.0430000014603138,-0.16700001060962677,-0.0050254021771252155,-0.0005602849996648729,-9.689802169799805,-0.0009244087850674987,-0.00042482244316488504,7.244625885505229e-05,100.0,16.200000762939453
1772702199.073556,2026-03-05T09:16:39.073556,altitude_step,03,47.3979709,8.5461645,0.0430000014603138,-0.16700001060962677,-0.006459623109549284,-0.0005544310552068055,-9.705784797668457,-0.00019867889932356775,-0.00053015275625512,-0.0011738972971215844,100.0,16.200000762939453
1772702199.174866,2026-03-05T09:16:39.174866,altitude_step,03,47.3979709,8.5461645,0.0430000014603138,-0.16700001060962677,-0.006459623109549284,-0.0005544310552068055,-9.705784797668457,-0.00019867889932356775,-0.00053015275625512,-0.0011738972971215844,100.0,16.200000762939453
1772702199.2779026,2026-03-05T09:16:39.277903,altitude_step,03,47.3979709,8.5461645,0.0430000014603138,-0.16700001060962677,-0.00022850645473226905,-0.007848929613828659,-9.701157569885254,0.00111795321572572,0.00027017889078706503,0.0008635622216388583,100.0,16.200000762939453
1772702199.3878634,2026-03-05T09:16:39.387863,altitude_step,03,47.3979709,8.5461645,0.0430000014603138,-0.16700001060962677,-0.00022850645473226905,-0.007848929613828659,-9.701157569885254,0.00111795321572572,0.00027017889078706503,0.0008635622216388583,100.0,16.200000762939453
1772702199.497201,2026-03-05T09:16:39.497201,altitude_step,03,47.3979709,8.5461645,0.04200000315904617,-0.16700001060962677,-0.007253075018525124,-0.0024831690825521946,-9.70483112335205,-0.00014253762492444366,-0.0015449686907231808,-0.0015381620032712817,100.0,16.200000762939453
1772702199.6046083,2026-03-05T09:16:39.604608,altitude_step,03,47.3979709,8.5461645,0.04200000315904617,-0.16700001060962677,-0.007253075018525124,-0.0024831690825521946,-9.70483112335205,-0.00014253762492444366,-0.0015449686907231808,-0.0015381620032712817,100.0,16.200000762939453
1772702199.709647,2026-03-05T09:16:39.709647,altitude_step,03,47.3979709,8.5461645,0.04200000315904617,-0.16700001060962677,-0.007253075018525124,-0.0024831690825521946,-9.70483112335205,-0.00014253762492444366,-0.0015449686907231808,-0.0015381620032712817,100.0,16.200000762939453
1772702199.8123887,2026-03-05T09:16:39.812389,altitude_step,03,47.3979709,8.5461645,0.04200000315904617,-0.16700001060962677,-0.007253075018525124,-0.0024831690825521946,-9.70483112335205,-0.00014253762492444366,-0.0015449686907231808,-0.0015381620032712817,100.0,16.200000762939453
1772702199.9395986,2026-03-05T09:16:39.939599,altitude_step,03,47.3979709,8.5461645,0.04200000315904617,-0.1680000126361847,-0.007631589658558369,0.0033532842062413692,-9.694148063659668,-0.00028304391889832914,0.00098523183260113,-0.0005456579383462667,100.0,16.200000762939453
1772702200.0418472,2026-03-05T09:16:40.041847,altitude_step,03,47.3979709,8.5461645,0.04200000315904617,-0.1680000126361847,-0.007631589658558369,0.0033532842062413692,-9.694148063659668,-0.00028304391889832914,0.00098523183260113,-0.0005456579383462667,100.0,16.200000762939453
1772702200.1453834,2026-03-05T09:16:40.145383,altitude_step,03,47.3979709,8.5461645,0.04100000113248825,-0.1680000126361847,-0.001207347959280014,0.0011033678892999887,-9.699235916137695,-0.0005447881994768977,0.0002224178024334833,-0.000621283776126802,100.0,16.200000762939453
1772702200.2509627,2026-03-05T09:16:40.250963,altitude_step,03,47.3979709,8.5461645,0.04100000113248825,-0.1680000126361847,-0.001207347959280014,0.0011033678892999887,-9.699235916137695,-0.0005447881994768977,0.0002224178024334833,-0.000621283776126802,100.0,16.200000762939453
1772702200.3529804,2026-03-05T09:16:40.352980,altitude_step,03,47.3979709,8.5461645,0.04100000113248825,-0.16900001466274261,0.006368178874254227,-0.002277992432937026,-9.689343452453613,-0.00052078120643273,-0.0005064838333055377,-0.00037803754094056785,100.0,16.200000762939453
1772702200.4575317,2026-03-05T09:16:40.457532,altitude_step,03,47.3979709,8.5461645,0.04100000113248825,-0.16900001466274261,0.006368178874254227,-0.002277992432937026,-9.689343452453613,-0.00052078120643273,-0.0005064838333055377,-0.00037803754094056785,100.0,16.200000762939453
1772702200.5862486,2026-03-05T09:16:40.586249,altitude_step,03,47.3979709,8.5461645,0.04100000113248825,-0.1680000126361847,0.0005874145426787436,0.0020057454239577055,-9.703368186950684,-0.0006343518034555018,0.0004796118591912091,0.0002295375452376902,100.0,16.200000762939453
1772702200.6871972,2026-03-05T09:16:40.687197,altitude_step,03,47.3979709,8.5461645,0.04100000113248825,-0.1680000126361847,0.0005874145426787436,0.0020057454239577055,-9.703368186950684,-0.0006343518034555018,0.0004796118591912091,0.0002295375452376902,100.0,16.200000762939453
1772702200.8006287,2026-03-05T09:16:40.800629,altitude_step,03,47.3979709,8.5461645,0.04100000113248825,-0.1680000126361847,0.0005874145426787436,0.0020057454239577055,-9.703368186950684,-0.0006343518034555018,0.0004796118591912091,0.0002295375452376902,100.0,16.200000762939453
1772702200.9138248,2026-03-05T09:16:40.913825,altitude_step,03,47.3979709,8.5461645,0.04100000113248825,-0.1680000126361847,-0.0002722343779169023,0.004928476642817259,-9.697300910949707,0.0002753224689513445,-6.895921978866681e-05,-0.00017503323033452034,100.0,16.200000762939453
1772702201.0186713,2026-03-05T09:16:41.018671,altitude_step,03,47.3979709,8.5461645,0.04100000113248825,-0.1680000126361847,-0.0002722343779169023,0.004928476642817259,-9.697300910949707,0.0002753224689513445,-6.895921978866681e-05,-0.00017503323033452034,100.0,16.200000762939453
1772702201.119876,2026-03-05T09:16:41.119876,altitude_step,03,47.3979709,8.5461645,0.04100000113248825,-0.1680000126361847,-0.0002722343779169023,0.004928476642817259,-9.697300910949707,0.0002753224689513445,-6.895921978866681e-05,-0.00017503323033452034,100.0,16.200000762939453
1772702201.2210293,2026-03-05T09:16:41.221029,altitude_step,03,47.3979709,8.5461645,0.04100000113248825,-0.16900001466274261,-0.006656356155872345,-0.005412498489022255,-9.699776649475098,0.00018763721163850278,-0.0002590623334981501,8.258211892098188e-10,100.0,16.200000762939453
1772702201.3262749,2026-03-05T09:16:41.326275,altitude_step,03,47.3979709,8.5461645,0.04100000113248825,-0.16900001466274261,-0.00047903222730383277,-0.0015762699767947197,-9.699015617370605,0.0002325616660527885,-0.0006518888403661549,0.0009218421182595193,100.0,16.200000762939453
1772702201.4299777,2026-03-05T09:16:41.429978,altitude_step,03,47.3979709,8.5461646,0.04000000283122063,-0.16900001466274261,-0.00047903222730383277,-0.0015762699767947197,-9.699015617370605,0.0002325616660527885,-0.0006518888403661549,0.0009218421182595193,100.0,16.200000762939453
1772702201.533973,2026-03-05T09:16:41.533973,altitude_step,03,47.3979709,8.5461646,0.039000000804662704,-0.17000000178813934,0.0032249579671770334,-0.011777837760746479,-9.709479331970215,0.0002315641031600535,-0.0002590139920357615,-0.0007296100375242531,100.0,16.200000762939453
1772702201.6361427,2026-03-05T09:16:41.636143,altitude_step,03,47.3979709,8.5461646,0.039000000804662704,-0.17000000178813934,0.0032249579671770334,-0.011777837760746479,-9.709479331970215,0.0002315641031600535,-0.0002590139920357615,-0.0007296100375242531,100.0,16.200000762939453
1772702201.7407045,2026-03-05T09:16:41.740705,altitude_step,03,47.3979709,8.5461646,0.039000000804662704,-0.17000000178813934,0.0032249579671770334,-0.011777837760746479,-9.709479331970215,0.0002315641031600535,-0.0002590139920357615,-0.0007296100375242531,100.0,16.200000762939453
1772702201.8484874,2026-03-05T09:16:41.848487,altitude_step,03,47.3979709,8.5461646,0.039000000804662704,-0.17000000178813934,0.0032249579671770334,-0.011777837760746479,-9.709479331970215,0.0002315641031600535,-0.0002590139920357615,-0.0007296100375242531,100.0,16.200000762939453
1772702201.953183,2026-03-05T09:16:41.953183,altitude_step,03,47.3979709,8.5461646,0.039000000804662704,-0.17100000381469727,0.0017861046362668276,-0.005052304361015558,-9.699800491333008,-0.00011190056102350354,-0.0010280427522957325,0.0014855969930067658,100.0,16.200000762939453
1772702202.0587072,2026-03-05T09:16:42.058707,altitude_step,03,47.3979709,8.5461646,0.039000000804662704,-0.17100000381469727,0.0017861046362668276,-0.005052304361015558,-9.699800491333008,-0.00011190056102350354,-0.0010280427522957325,0.0014855969930067658,100.0,16.200000762939453
1772702202.1617942,2026-03-05T09:16:42.161794,altitude_step,03,47.3979709,8.5461646,0.03800000250339508,-0.1720000058412552,-0.00030897598480805755,0.0016539590433239937,-9.693902015686035,-0.00037824278115294874,0.0008136004908010364,-0.00019126319966744632,100.0,16.200000762939453
1772702202.278744,2026-03-05T09:16:42.278744,altitude_step,03,47.3979709,8.5461646,0.03700000047683716,-0.1730000078678131,-0.005408812779933214,0.0009172483696602285,-9.694340705871582,-0.00046662852400913835,0.0004471689462661743,0.00013887426757719368,100.0,16.200000762939453
1772702202.3802862,2026-03-05T09:16:42.380286,altitude_step,03,47.3979709,8.5461646,0.03700000047683716,-0.1730000078678131,-0.005408812779933214,0.0009172483696602285,-9.694340705871582,-0.00046662852400913835,0.0004471689462661743,0.00013887426757719368,100.0,16.200000762939453
1772702202.4922664,2026-03-05T09:16:42.492266,altitude_step,03,47.3979709,8.5461646,0.03700000047683716,-0.1730000078678131,-0.005408812779933214,0.0009172483696602285,-9.694340705871582,-0.00046662852400913835,0.0004471689462661743,0.00013887426757719368,100.0,16.200000762939453
1772702202.5942318,2026-03-05T09:16:42.594232,altitude_step,03,47.3979709,8.5461646,0.036000002175569534,-0.17400000989437103,-0.01067286729812622,-0.006035661790519953,-9.711243629455566,-0.0007519550854340196,0.00034630525624379516,0.0005615263362415135,100.0,16.200000762939453
1772702202.696546,2026-03-05T09:16:42.696546,altitude_step,03,47.3979709,8.5461646,0.036000002175569534,-0.17400000989437103,-0.01067286729812622,-0.006035661790519953,-9.711243629455566,-0.0007519550854340196,0.00034630525624379516,0.0005615263362415135,100.0,16.200000762939453
1772702202.8032076,2026-03-05T09:16:42.803208,altitude_step,03,47.3979709,8.5461646,0.036000002175569534,-0.17400000989437103,-0.01067286729812622,-0.006035661790519953,-9.711243629455566,-0.0007519550854340196,0.00034630525624379516,0.0005615263362415135,100.0,16.200000762939453
1772702202.9051456,2026-03-05T09:16:42.905146,altitude_step,03,47.3979709,8.5461646,0.03500000014901161,-0.17500001192092896,-0.01016210950911045,-0.009952985681593418,-9.70263385772705,0.0003732195764314383,-0.00157751957885921,0.0007405923679471016,100.0,16.200000762939453
1772702203.006218,2026-03-05T09:16:43.006218,altitude_step,03,47.3979709,8.5461646,0.03500000014901161,-0.17500001192092896,-0.01016210950911045,-0.009952985681593418,-9.70263385772705,0.0003732195764314383,-0.00157751957885921,0.0007405923679471016,100.0,16.200000762939453
1772702203.1070297,2026-03-05T09:16:43.107030,altitude_step,03,47.3979709,8.5461646,0.03500000014901161,-0.17500001192092896,-0.01016210950911045,-0.009952985681593418,-9.70263385772705,0.0003732195764314383,-0.00157751957885921,0.0007405923679471016,100.0,16.200000762939453
1772702203.2130065,2026-03-05T09:16:43.213006,altitude_step,03,47.3979709,8.5461646,0.03400000184774399,-0.17600001394748688,-0.0025077268946915865,0.00537171121686697,-9.698159217834473,-0.0006636078469455242,0.0006420267163775861,0.0011038606753572822,100.0,16.200000762939453
1772702203.317093,2026-03-05T09:16:43.317093,altitude_step,03,47.3979709,8.5461646,0.03400000184774399,-0.17600001394748688,-0.0025077268946915865,0.00537171121686697,-9.698159217834473,-0.0006636078469455242,0.0006420267163775861,0.0011038606753572822,100.0,16.200000762939453
1772702203.4208255,2026-03-05T09:16:43.420825,altitude_step,03,47.3979709,8.5461646,0.032999999821186066,-0.1770000010728836,-0.004329767543822527,-0.0018038791604340076,-9.696528434753418,-0.0009280099766328931,-0.0002419994998490438,-0.000638691009953618,100.0,16.200000762939453
1772702203.5347924,2026-03-05T09:16:43.534792,altitude_step,03,47.3979709,8.5461646,0.032999999821186066,-0.1770000010728836,-0.004329767543822527,-0.0018038791604340076,-9.696528434753418,-0.0009280099766328931,-0.0002419994998490438,-0.000638691009953618,100.0,16.200000762939453
1772702203.6362355,2026-03-05T09:16:43.636235,altitude_step,03,47.3979709,8.5461646,0.032999999821186066,-0.1770000010728836,-0.004329767543822527,-0.0018038791604340076,-9.696528434753418,-0.0009280099766328931,-0.0002419994998490438,-0.000638691009953618,100.0,16.200000762939453
1772702203.7393274,2026-03-05T09:16:43.739327,altitude_step,03,47.3979709,8.5461646,0.03200000151991844,-0.17800000309944153,0.0023438141215592623,0.0011451772879809141,-9.706652641296387,-0.0008148521883413196,-0.0003776927478611469,0.0008607180789113045,100.0,16.200000762939453
1772702203.8454444,2026-03-05T09:16:43.845444,altitude_step,03,47.3979709,8.5461646,0.03200000151991844,-0.17800000309944153,0.0023438141215592623,0.0011451772879809141,-9.706652641296387,-0.0008148521883413196,-0.0003776927478611469,0.0008607180789113045,100.0,16.200000762939453
1772702203.9504948,2026-03-05T09:16:43.950495,altitude_step,03,47.3979709,8.5461646,0.03200000151991844,-0.17800000309944153,0.0023438141215592623,0.0011451772879809141,-9.706652641296387,-0.0008148521883413196,-0.0003776927478611469,0.0008607180789113045,100.0,16.200000762939453
1772702204.0766604,2026-03-05T09:16:44.076660,altitude_step,03,47.3979709,8.5461646,0.03200000151991844,-0.17800000309944153,0.0023438141215592623,0.0011451772879809141,-9.706652641296387,-0.0008148521883413196,-0.0003776927478611469,0.0008607180789113045,100.0,16.200000762939453
1772702204.1817214,2026-03-05T09:16:44.181721,altitude_step,03,47.3979709,8.5461646,0.03100000135600567,-0.17900000512599945,-0.0004545716801658273,-0.00565936928614974,-9.709587097167969,0.000685364764649421,-0.0001246510073542595,0.0011522965505719185,100.0,16.200000762939453
1772702204.284745,2026-03-05T09:16:44.284745,altitude_step,03,47.3979709,8.5461646,0.030000001192092896,-0.18000000715255737,-0.003930913284420967,-0.0041961162351071835,-9.712199211120605,-0.00012066985800629482,0.0001458508486393839,-0.00025953585281968117,100.0,16.200000762939453
1772702204.3881204,2026-03-05T09:16:44.388120,altitude_step,03,47.3979709,8.5461646,0.030000001192092896,-0.18000000715255737,-0.003930913284420967,-0.0041961162351071835,-9.712199211120605,-0.00012066985800629482,0.0001458508486393839,-0.00025953585281968117,100.0,16.200000762939453
1772702204.490336,2026-03-05T09:16:44.490336,altitude_step,03,47.3979709,8.5461646,0.030000001192092896,-0.18000000715255737,-0.003930913284420967,-0.0041961162351071835,-9.712199211120605,-0.00012066985800629482,0.0001458508486393839,-0.00025953585281968117,100.0,16.200000762939453
1772702204.5919034,2026-03-05T09:16:44.591903,altitude_step,03,47.3979709,8.5461646,0.030000001192092896,-0.18000000715255737,-0.003930913284420967,-0.0041961162351071835,-9.712199211120605,-0.00012066985800629482,0.0001458508486393839,-0.00025953585281968117,100.0,16.200000762939453
1772702204.7106442,2026-03-05T09:16:44.710644,altitude_step,03,47.3979709,8.5461646,0.02800000086426735,-0.18200001120567322,-0.0005306304665282369,-6.053975084796548e-05,-9.696319580078125,0.000450987892691046,0.0005312594003044069,-0.0002454268396832049,100.0,16.200000762939453
1772702204.8127787,2026-03-05T09:16:44.812779,altitude_step,03,47.3979709,8.5461646,0.02800000086426735,-0.18200001120567322,-0.0005306304665282369,-6.053975084796548e-05,-9.696319580078125,0.000450987892691046,0.0005312594003044069,-0.0002454268396832049,100.0,16.200000762939453
1772702204.915004,2026-03-05T09:16:44.915004,altitude_step,03,47.3979709,8.5461646,0.027000000700354576,-0.18300001323223114,0.0033205265644937754,0.002138132229447365,-9.696459770202637,7.073229062370956e-05,-0.0010210960172116756,-0.00031496863812208176,100.0,16.200000762939453
1772702205.0198538,2026-03-05T09:16:45.019854,altitude_step,03,47.3979709,8.5461646,0.027000000700354576,-0.18300001323223114,0.0033205265644937754,0.002138132229447365,-9.696459770202637,7.073229062370956e-05,-0.0010210960172116756,-0.00031496863812208176,100.0,16.200000762939453
1772702205.1214058,2026-03-05T09:16:45.121406,altitude_step,03,47.3979709,8.5461646,0.027000000700354576,-0.18300001323223114,0.0033205265644937754,0.002138132229447365,-9.696459770202637,7.073229062370956e-05,-0.0010210960172116756,-0.00031496863812208176,100.0,16.200000762939453
1772702205.2232738,2026-03-05T09:16:45.223274,altitude_step,03,47.3979709,8.5461646,0.02500000037252903,-0.18400001525878906,-0.005059014540165663,0.0037417656276375055,-9.702652931213379,-0.000633508781902492,-0.0009445714531466365,-0.0001874594163382426,100.0,16.200000762939453
1772702205.3287325,2026-03-05T09:16:45.328732,altitude_step,03,47.3979709,8.5461646,0.02500000037252903,-0.1850000023841858,0.004263773560523987,0.0006475939881056547,-9.706778526306152,0.000755739863961935,-0.00047963723773136735,-0.000679827353451401,100.0,16.200000762939453
1772702205.4309435,2026-03-05T09:16:45.430943,altitude_step,03,47.3979709,8.5461646,0.024000000208616257,-0.1860000044107437,-0.002435417613014579,0.00023959936515893787,-9.705842971801758,0.000539298402145505,0.0005862362449988723,0.0003189460840076208,100.0,16.200000762939453
1772702205.5333314,2026-03-05T09:16:45.533331,altitude_step,03,47.3979709,8.5461646,0.023000001907348633,-0.18700000643730164,0.002676562173292041,-0.0018767735455185175,-9.70836353302002,-0.0008164753089658916,0.0010025843512266874,6.100246173446067e-05,100.0,16.200000762939453
1772702205.6352181,2026-03-05T09:16:45.635218,altitude_step,03,47.3979709,8.5461646,0.023000001907348633,-0.18700000643730164,0.002676562173292041,-0.0018767735455185175,-9.70836353302002,-0.0008164753089658916,0.0010025843512266874,6.100246173446067e-05,100.0,16.200000762939453
1772702205.739171,2026-03-05T09:16:45.739171,altitude_step,03,47.3979709,8.5461646,0.023000001907348633,-0.18700000643730164,0.002676562173292041,-0.0018767735455185175,-9.70836353302002,-0.0008164753089658916,0.0010025843512266874,6.100246173446067e-05,100.0,16.200000762939453
1772702205.843145,2026-03-05T09:16:45.843145,altitude_step,03,47.3979709,8.5461646,0.023000001907348633,-0.18700000643730164,0.002676562173292041,-0.0018767735455185175,-9.70836353302002,-0.0008164753089658916,0.0010025843512266874,6.100246173446067e-05,100.0,16.200000762939453
1772702205.9458752,2026-03-05T09:16:45.945875,altitude_step,03,47.3979709,8.5461646,0.02200000174343586,-0.18700000643730164,-0.0005467302398756146,0.004503494594246149,-9.70797061920166,0.0005234308773651719,-0.0005670434329658747,-0.0007385814096778631,100.0,16.200000762939453
1772702206.04861,2026-03-05T09:16:46.048610,altitude_step,03,47.3979709,8.5461646,0.02200000174343586,-0.18700000643730164,-0.0005467302398756146,0.004503494594246149,-9.70797061920166,0.0005234308773651719,-0.0005670434329658747,-0.0007385814096778631,100.0,16.200000762939453
1772702206.1515303,2026-03-05T09:16:46.151530,altitude_step,03,47.3979709,8.5461646,0.021000001579523087,-0.18900001049041748,0.004136828705668449,0.0016071302816271782,-9.691832542419434,-0.0007483963272534311,0.0003363896394148469,-0.00032410715357400477,100.0,16.200000762939453
1772702206.2529106,2026-03-05T09:16:46.252911,altitude_step,03,47.3979709,8.5461646,0.021000001579523087,-0.18900001049041748,0.004136828705668449,0.0016071302816271782,-9.691832542419434,-0.0007483963272534311,0.0003363896394148469,-0.00032410715357400477,100.0,16.200000762939453
1772702206.3551953,2026-03-05T09:16:46.355195,altitude_step,03,47.3979709,8.5461646,0.020000001415610313,-0.1900000125169754,0.005582390818744898,0.003957489971071482,-9.703119277954102,-0.00029112762422300875,0.0004092095186933875,0.0010644589783623815,100.0,16.200000762939453
1772702206.4584465,2026-03-05T09:16:46.458447,altitude_step,03,47.3979709,8.5461646,0.020000001415610313,-0.1900000125169754,0.005582390818744898,0.003957489971071482,-9.703119277954102,-0.00029112762422300875,0.0004092095186933875,0.0010644589783623815,100.0,16.200000762939453
1772702206.561167,2026-03-05T09:16:46.561167,altitude_step,03,47.3979709,8.5461646,0.01900000125169754,-0.19100001454353333,-0.00767980981618166,0.00020457137725315988,-9.70250415802002,0.00037797295954078436,0.0003512439434416592,0.00048660425818525255,100.0,16.200000762939453
1772702206.6619234,2026-03-05T09:16:46.661923,altitude_step,03,47.3979709,8.5461646,0.01900000125169754,-0.19100001454353333,-0.00767980981618166,0.00020457137725315988,-9.70250415802002,0.00037797295954078436,0.0003512439434416592,0.00048660425818525255,100.0,16.200000762939453
1772702206.7664156,2026-03-05T09:16:46.766416,altitude_step,03,47.3979709,8.5461646,0.018000001087784767,-0.19100001454353333,0.003246334148570895,-0.010587847791612148,-9.698238372802734,-0.0003104946226812899,-0.0003278249641880393,-0.0006444426253437996,100.0,16.200000762939453
1772702206.8673172,2026-03-05T09:16:46.867317,altitude_step,03,47.3979709,8.5461646,0.018000001087784767,-0.19100001454353333,0.003246334148570895,-0.010587847791612148,-9.698238372802734,-0.0003104946226812899,-0.0003278249641880393,-0.0006444426253437996,100.0,16.200000762939453
1772702206.9711514,2026-03-05T09:16:46.971151,altitude_step,03,47.3979709,8.5461646,0.018000001087784767,-0.19100001454353333,0.003246334148570895,-0.010587847791612148,-9.698238372802734,-0.0003104946226812899,-0.0003278249641880393,-0.0006444426253437996,100.0,16.200000762939453
1772702207.0741181,2026-03-05T09:16:47.074118,altitude_step,03,47.3979709,8.5461646,0.018000001087784767,-0.19200000166893005,-0.0009804042056202888,-0.004806325305253267,-9.706435203552246,0.0007794361445121467,0.00012841078569181263,-0.0002479841059539467,100.0,16.200000762939453
1772702207.1763127,2026-03-05T09:16:47.176313,altitude_step,03,47.3979709,8.5461646,0.018000001087784767,-0.19200000166893005,-0.0009804042056202888,-0.004806325305253267,-9.706435203552246,0.0007794361445121467,0.00012841078569181263,-0.0002479841059539467,100.0,16.200000762939453
1772702207.2865171,2026-03-05T09:16:47.286517,altitude_step,03,47.3979709,8.5461646,0.017000000923871994,-0.19300000369548798,-0.008019429631531239,0.0032101485412567854,-9.711392402648926,-0.00046397960977628827,-2.9961391192045994e-05,0.00031138252234086394,100.0,16.200000762939453
1772702207.4050453,2026-03-05T09:16:47.405045,altitude_step,03,47.3979709,8.5461646,0.01600000075995922,-0.19300000369548798,-0.004660793114453554,-0.004471657797694206,-9.704543113708496,0.0004469715931918472,0.0005798342754133046,-9.391603816766292e-05,100.0,16.200000762939453
1772702207.509745,2026-03-05T09:16:47.509745,altitude_step,03,47.3979709,8.5461646,0.01600000075995922,-0.19300000369548798,-0.004660793114453554,-0.004471657797694206,-9.704543113708496,0.0004469715931918472,0.0005798342754133046,-9.391603816766292e-05,100.0,16.200000762939453
1772702207.6152878,2026-03-05T09:16:47.615288,altitude_step,03,47.3979709,8.5461646,0.015000000596046448,-0.1940000057220459,-0.002298125298693776,0.004706742707639933,-9.707056045532227,-0.00022247020388022065,-0.0007385950884781778,-0.00023450958542525768,100.0,16.200000762939453
1772702207.72023,2026-03-05T09:16:47.720230,altitude_step,03,47.3979709,8.5461646,0.015000000596046448,-0.1940000057220459,-0.002298125298693776,0.004706742707639933,-9.707056045532227,-0.00022247020388022065,-0.0007385950884781778,-0.00023450958542525768,100.0,16.200000762939453
1772702207.8219085,2026-03-05T09:16:47.821908,altitude_step,03,47.3979709,8.5461646,0.015000000596046448,-0.1940000057220459,-0.002298125298693776,0.004706742707639933,-9.707056045532227,-0.00022247020388022065,-0.0007385950884781778,-0.00023450958542525768,100.0,16.200000762939453
1772702207.924528,2026-03-05T09:16:47.924528,altitude_step,03,47.3979709,8.5461646,0.015000000596046448,-0.19500000774860382,0.0017278450541198254,-0.005897223483771086,-9.70490550994873,-0.0003402104484848678,-0.0008747014217078686,-0.0005645821802318096,100.0,16.200000762939453
1772702208.0264869,2026-03-05T09:16:48.026487,altitude_step,03,47.3979709,8.5461646,0.015000000596046448,-0.19500000774860382,0.0017278450541198254,-0.005897223483771086,-9.70490550994873,-0.0003402104484848678,-0.0008747014217078686,-0.0005645821802318096,100.0,16.200000762939453
1772702208.1283336,2026-03-05T09:16:48.128334,altitude_step,03,47.3979709,8.5461646,0.014000000432133675,-0.19600000977516174,-0.0042733908630907536,-0.0057066380977630615,-9.69662857055664,-0.0009417080436833203,0.00027726171538233757,-0.0006823433795943856,100.0,16.200000762939453
1772702208.2361157,2026-03-05T09:16:48.236116,altitude_step,03,47.3979709,8.5461646,0.014000000432133675,-0.19600000977516174,-0.0042733908630907536,-0.0057066380977630615,-9.69662857055664,-0.0009417080436833203,0.00027726171538233757,-0.0006823433795943856,100.0,16.200000762939453
1772702208.338324,2026-03-05T09:16:48.338324,altitude_step,03,47.3979709,8.5461646,0.013000000268220901,-0.19700001180171967,0.0005256534204818308,-0.007209781091660261,-9.695591926574707,-0.00021430251945275813,-0.0003294579219073057,9.513057011645287e-05,100.0,16.200000762939453
1772702208.4392684,2026-03-05T09:16:48.439268,altitude_step,03,47.3979709,8.5461646,0.013000000268220901,-0.19700001180171967,0.0005256534204818308,-0.007209781091660261,-9.695591926574707,-0.00021430251945275813,-0.0003294579219073057,9.513057011645287e-05,100.0,16.200000762939453
1772702208.5614727,2026-03-05T09:16:48.561473,altitude_step,03,47.3979709,8.5461646,0.013000000268220901,-0.19700001180171967,0.0005256534204818308,-0.007209781091660261,-9.695591926574707,-0.00021430251945275813,-0.0003294579219073057,9.513057011645287e-05,100.0,16.200000762939453
1772702208.6632185,2026-03-05T09:16:48.663218,altitude_step,03,47.3979709,8.5461646,0.01100000087171793,-0.1980000138282776,0.002611910691484809,0.0064706564880907536,-9.704647064208984,-4.889082447334658e-06,-0.0003514179843477905,0.0010520507348701358,100.0,16.200000762939453
1772702208.7774014,2026-03-05T09:16:48.777401,altitude_step,03,47.3979709,8.5461646,0.01100000087171793,-0.1980000138282776,0.002611910691484809,0.0064706564880907536,-9.704647064208984,-4.889082447334658e-06,-0.0003514179843477905,0.0010520507348701358,100.0,16.200000762939453
1772702208.8843377,2026-03-05T09:16:48.884338,altitude_step,03,47.3979709,8.5461646,0.01100000087171793,-0.1990000158548355,0.0045866044238209724,-0.002435168018564582,-9.698975563049316,4.358813748694956e-05,-0.0003781612613238394,-0.0007839309982955456,100.0,16.200000762939453
1772702209.0017755,2026-03-05T09:16:49.001776,altitude_step,03,47.3979709,8.5461646,0.01100000087171793,-0.1990000158548355,0.0045866044238209724,-0.002435168018564582,-9.698975563049316,4.358813748694956e-05,-0.0003781612613238394,-0.0007839309982955456,100.0,16.200000762939453
1772702209.1150258,2026-03-05T09:16:49.115026,altitude_step,03,47.3979709,8.5461645,0.010000000707805157,-0.20000000298023224,-0.002529181307181716,0.013128739781677723,-9.702801704406738,-9.01424718904309e-05,0.0003391017089597881,0.00031410413794219494,100.0,16.200000762939453
1772702209.217005,2026-03-05T09:16:49.217005,altitude_step,03,47.3979709,8.5461645,0.010000000707805157,-0.20000000298023224,-0.002529181307181716,0.013128739781677723,-9.702801704406738,-9.01424718904309e-05,0.0003391017089597881,0.00031410413794219494,100.0,16.200000762939453
1772702209.320158,2026-03-05T09:16:49.320158,altitude_step,03,47.3979709,8.5461645,0.009000000543892384,-0.20100000500679016,-0.008269637823104858,-0.0022344423923641443,-9.698476791381836,0.00020529705216176808,-0.000498852925375104,-0.0002290897537022829,100.0,16.200000762939453
1772702209.4230676,2026-03-05T09:16:49.423068,altitude_step,03,47.3979709,8.5461645,0.00800000037997961,-0.20200000703334808,-0.0006014748360030353,0.003973451443016529,-9.704312324523926,-0.00014133584045339376,0.00027378700906410813,-0.0003909066435880959,100.0,16.200000762939453
1772702209.5251625,2026-03-05T09:16:49.525162,altitude_step,03,47.3979709,8.5461645,0.00800000037997961,-0.20200000703334808,-0.0006014748360030353,0.003973451443016529,-9.704312324523926,-0.00014133584045339376,0.00027378700906410813,-0.0003909066435880959,100.0,16.200000762939453
1772702209.6303117,2026-03-05T09:16:49.630312,altitude_step,03,47.3979709,8.5461645,0.007000000216066837,-0.203000009059906,0.002345043933019042,-0.0030729372519999743,-9.698775291442871,0.0006002836744301021,-0.00036741304211318493,-0.0006090715760365129,100.0,16.200000762939453
1772702209.7332313,2026-03-05T09:16:49.733231,altitude_step,03,47.3979709,8.5461645,0.007000000216066837,-0.203000009059906,0.002345043933019042,-0.0030729372519999743,-9.698775291442871,0.0006002836744301021,-0.00036741304211318493,-0.0006090715760365129,100.0,16.200000762939453
1772702209.8388963,2026-03-05T09:16:49.838896,altitude_step,03,47.3979709,8.5461645,0.006000000052154064,-0.20400001108646393,0.00027366430731490254,-0.0014296621084213257,-9.703289985656738,2.5925426598405465e-05,0.00034132751170545816,0.0008127539767883718,100.0,16.200000762939453
1772702209.9404767,2026-03-05T09:16:49.940477,altitude_step,03,47.3979709,8.5461645,0.006000000052154064,-0.20400001108646393,0.00027366430731490254,-0.0014296621084213257,-9.703289985656738,2.5925426598405465e-05,0.00034132751170545816,0.0008127539767883718,100.0,16.200000762939453
1772702210.0438032,2026-03-05T09:16:50.043803,altitude_step,03,47.3979709,8.5461645,0.006000000052154064,-0.20400001108646393,0.00027366430731490254,-0.0014296621084213257,-9.703289985656738,2.5925426598405465e-05,0.00034132751170545816,0.0008127539767883718,100.0,16.200000762939453
1772702210.1461868,2026-03-05T09:16:50.146187,altitude_step,03,47.3979709,8.5461645,0.005000000353902578,-0.20400001108646393,-0.005238737445324659,-0.005772629752755165,-9.70079517364502,-6.3666398091299925e-06,-0.0004038097686134279,0.001015046495012939,100.0,16.200000762939453
1772702210.2629814,2026-03-05T09:16:50.262981,altitude_step,03,47.3979709,8.5461645,0.004000000189989805,-0.20500001311302185,0.00921613909304142,-0.003989581950008869,-9.697915077209473,-0.0012474857503548265,-0.0005340652423910797,0.0009230465511791408,100.0,16.200000762939453
1772702210.3669114,2026-03-05T09:16:50.366911,altitude_step,03,47.3979709,8.5461645,0.003000000026077032,-0.20600001513957977,0.01298367977142334,0.006181142758578062,-9.7020263671875,1.5508785509155132e-05,0.0002858231891877949,-0.00014876607747282833,100.0,16.200000762939453
1772702210.4830344,2026-03-05T09:16:50.483034,altitude_step,03,47.3979709,8.5461645,0.003000000026077032,-0.20600001513957977,0.01298367977142334,0.006181142758578062,-9.7020263671875,1.5508785509155132e-05,0.0002858231891877949,-0.00014876607747282833,100.0,16.200000762939453
1772702210.58526,2026-03-05T09:16:50.585260,altitude_step,03,47.3979709,8.5461645,0.003000000026077032,-0.20600001513957977,0.01298367977142334,0.006181142758578062,-9.7020263671875,1.5508785509155132e-05,0.0002858231891877949,-0.00014876607747282833,100.0,16.200000762939453
1772702210.6915016,2026-03-05T09:16:50.691502,altitude_step,03,47.3979709,8.5461645,0.0020000000949949026,-0.2070000171661377,-0.004473146051168442,0.009736011736094952,-9.695186614990234,0.00014082145935390145,-0.000166763347806409,-0.00016113705351017416,100.0,16.200000762939453
1772702210.7963994,2026-03-05T09:16:50.796399,altitude_step,03,47.3979709,8.5461645,0.0020000000949949026,-0.2070000171661377,-0.004473146051168442,0.009736011736094952,-9.695186614990234,0.00014082145935390145,-0.000166763347806409,-0.00016113705351017416,100.0,16.200000762939453
1772702210.8986306,2026-03-05T09:16:50.898631,altitude_step,03,47.3979709,8.5461645,0.0010000000474974513,-0.20800000429153442,0.00021672621369361877,0.004386788234114647,-9.70291519165039,0.0012412669602781534,0.0009962850017473102,-3.203863525413908e-05,100.0,16.200000762939453
1772702211.0032418,2026-03-05T09:16:51.003242,altitude_step,03,47.3979709,8.5461645,0.0010000000474974513,-0.20800000429153442,0.00021672621369361877,0.004386788234114647,-9.70291519165039,0.0012412669602781534,0.0009962850017473102,-3.203863525413908e-05,100.0,16.200000762939453
1772702211.1056232,2026-03-05T09:16:51.105623,altitude_step,03,47.3979709,8.5461645,0.0010000000474974513,-0.20800000429153442,0.00021672621369361877,0.004386788234114647,-9.70291519165039,0.0012412669602781534,0.0009962850017473102,-3.203863525413908e-05,100.0,16.200000762939453
1772702211.2122114,2026-03-05T09:16:51.212211,altitude_step,03,47.3979709,8.5461645,0.0010000000474974513,-0.20800000429153442,0.00021672621369361877,0.004386788234114647,-9.70291519165039,0.0012412669602781534,0.0009962850017473102,-3.203863525413908e-05,100.0,16.200000762939453
1772702211.3141272,2026-03-05T09:16:51.314127,altitude_step,03,47.3979709,8.5461645,0.0010000000474974513,-0.20900000631809235,-0.003294580150395632,0.00635073147714138,-9.703849792480469,0.00025670608738437295,-3.492133328109048e-05,-0.0005905559519305825,100.0,16.200000762939453
1772702211.417047,2026-03-05T09:16:51.417047,altitude_step,03,47.3979709,8.5461645,0.0,-0.20900000631809235,-0.004101471975445747,0.011084113270044327,-9.710624694824219,0.0006244267569854856,0.0006134360446594656,0.0006266449927352369,100.0,16.200000762939453
1772702211.5213482,2026-03-05T09:16:51.521348,altitude_step,03,47.3979709,8.5461645,0.0,-0.20900000631809235,-0.004101471975445747,0.011084113270044327,-9.710624694824219,0.0006244267569854856,0.0006134360446594656,0.0006266449927352369,100.0,16.200000762939453
1772702211.629302,2026-03-05T09:16:51.629302,altitude_step,03,47.3979709,8.5461645,0.0,-0.20900000631809235,-0.004101471975445747,0.011084113270044327,-9.710624694824219,0.0006244267569854856,0.0006134360446594656,0.0006266449927352369,100.0,16.200000762939453
1772702211.7341008,2026-03-05T09:16:51.734101,altitude_step,03,47.3979709,8.5461645,0.0,-0.20900000631809235,-0.004101471975445747,0.011084113270044327,-9.710624694824219,0.0006244267569854856,0.0006134360446594656,0.0006266449927352369,100.0,16.200000762939453
1772702211.8373406,2026-03-05T09:16:51.837341,altitude_step,03,47.3979709,8.5461645,0.0,-0.21000000834465027,0.007415150757879019,-0.002841521054506302,-9.701854705810547,-0.0006439051940105855,-0.0006466360646300018,-0.0008921188418753445,100.0,16.200000762939453
1772702211.9491825,2026-03-05T09:16:51.949183,altitude_step,03,47.3979709,8.5461645,0.0,-0.21000000834465027,0.007415150757879019,-0.002841521054506302,-9.701854705810547,-0.0006439051940105855,-0.0006466360646300018,-0.0008921188418753445,100.0,16.200000762939453
1772702212.054912,2026-03-05T09:16:52.054912,altitude_step,03,47.3979709,8.5461645,0.0,-0.2110000103712082,-0.007366241421550512,0.004174839239567518,-9.707122802734375,0.0005882487166672945,-0.00014907136210240424,0.0006971790571697056,100.0,16.200000762939453
1772702212.1561646,2026-03-05T09:16:52.156165,altitude_step,03,47.3979709,8.5461645,0.0,-0.2110000103712082,-0.007366241421550512,0.004174839239567518,-9.707122802734375,0.0005882487166672945,-0.00014907136210240424,0.0006971790571697056,100.0,16.200000762939453
1772702212.2600255,2026-03-05T09:16:52.260026,altitude_step,03,47.3979709,8.5461645,0.0,-0.2110000103712082,-0.007366241421550512,0.004174839239567518,-9.707122802734375,0.0005882487166672945,-0.00014907136210240424,0.0006971790571697056,100.0,16.200000762939453
1772702212.3635101,2026-03-05T09:16:52.363510,altitude_step,03,47.3979709,8.5461645,-0.003000000026077032,-0.21300001442432404,-0.002936049597337842,-0.001351317623630166,-9.696044921875,0.0011788565898314118,-0.000629965856205672,0.0013358660507947206,100.0,16.200000762939453
1772702212.4691715,2026-03-05T09:16:52.469172,altitude_step,03,47.3979709,8.5461645,-0.003000000026077032,-0.21300001442432404,-0.002936049597337842,-0.001351317623630166,-9.696044921875,0.0011788565898314118,-0.000629965856205672,0.0013358660507947206,100.0,16.200000762939453
1772702212.5703733,2026-03-05T09:16:52.570373,altitude_step,03,47.3979709,8.5461645,-0.003000000026077032,-0.21300001442432404,-0.002936049597337842,-0.001351317623630166,-9.696044921875,0.0011788565898314118,-0.000629965856205672,0.0013358660507947206,100.0,16.200000762939453
1772702212.677924,2026-03-05T09:16:52.677924,altitude_step,03,47.3979709,8.5461645,-0.003000000026077032,-0.21400001645088196,0.0029442589730024338,0.012318987399339676,-9.704095840454102,0.0003686051641125232,-0.0001800456375349313,0.0005867693689651787,100.0,16.200000762939453
1772702212.7815297,2026-03-05T09:16:52.781530,altitude_step,03,47.3979709,8.5461645,-0.003000000026077032,-0.21400001645088196,0.0029442589730024338,0.012318987399339676,-9.704095840454102,0.0003686051641125232,-0.0001800456375349313,0.0005867693689651787,100.0,16.200000762939453
1772702212.8830547,2026-03-05T09:16:52.883055,altitude_step,03,47.3979709,8.5461645,-0.003000000026077032,-0.21400001645088196,0.0029442589730024338,0.012318987399339676,-9.704095840454102,0.0003686051641125232,-0.0001800456375349313,0.0005867693689651787,100.0,16.200000762939453
1772702212.985948,2026-03-05T09:16:52.985948,altitude_step,03,47.3979709,8.5461645,-0.003000000026077032,-0.21400001645088196,0.0029442589730024338,0.012318987399339676,-9.704095840454102,0.0003686051641125232,-0.0001800456375349313,0.0005867693689651787,100.0,16.200000762939453
1772702213.0934446,2026-03-05T09:16:53.093445,altitude_step,03,47.3979709,8.5461645,-0.003000000026077032,-0.21400001645088196,0.0029442589730024338,0.012318987399339676,-9.704095840454102,0.0003686051641125232,-0.0001800456375349313,0.0005867693689651787,100.0,16.200000762939453
1772702213.1982589,2026-03-05T09:16:53.198259,altitude_step,03,47.3979709,8.5461645,-0.004000000189989805,-0.2150000035762787,0.001066148979589343,-0.003309943014755845,-9.698541641235352,6.197208858793601e-05,-0.00037298735696822405,0.00039517617551609874,100.0,16.200000762939453
1772702213.301514,2026-03-05T09:16:53.301514,altitude_step,03,47.3979709,8.5461645,-0.006000000052154064,-0.21700000762939453,-0.0054389480501413345,-0.004683792125433683,-9.695009231567383,0.00019306904869154096,-0.00012817447714041919,-0.00056948431301862,100.0,16.200000762939453
1772702213.4028008,2026-03-05T09:16:53.402801,altitude_step,03,47.3979709,8.5461645,-0.006000000052154064,-0.21700000762939453,-0.0054389480501413345,-0.004683792125433683,-9.695009231567383,0.00019306904869154096,-0.00012817447714041919,-0.00056948431301862,100.0,16.200000762939453
1772702213.5119157,2026-03-05T09:16:53.511916,altitude_step,03,47.3979709,8.5461645,-0.007000000216066837,-0.21700000762939453,0.0020035915076732635,-0.005917505361139774,-9.703067779541016,-0.000185739976586774,0.001307378406636417,0.00016650029283482581,100.0,16.200000762939453
1772702213.6138256,2026-03-05T09:16:53.613826,altitude_step,03,47.3979709,8.5461645,-0.007000000216066837,-0.21700000762939453,0.0020035915076732635,-0.005917505361139774,-9.703067779541016,-0.000185739976586774,0.001307378406636417,0.00016650029283482581,100.0,16.200000762939453
1772702213.7156239,2026-03-05T09:16:53.715624,altitude_step,03,47.3979709,8.5461644,-0.00800000037997961,-0.21900001168251038,-0.0011427081190049648,0.005622857715934515,-9.704610824584961,0.00022190113668330014,-0.0009217061451636255,0.0010746826883405447,100.0,16.200000762939453
1772702213.8179708,2026-03-05T09:16:53.817971,altitude_step,03,47.3979709,8.5461644,-0.00800000037997961,-0.21900001168251038,-0.0011427081190049648,0.005622857715934515,-9.704610824584961,0.00022190113668330014,-0.0009217061451636255,0.0010746826883405447,100.0,16.200000762939453
1772702213.9194698,2026-03-05T09:16:53.919470,altitude_step,03,47.3979709,8.5461644,-0.00800000037997961,-0.21900001168251038,-0.0011427081190049648,0.005622857715934515,-9.704610824584961,0.00022190113668330014,-0.0009217061451636255,0.0010746826883405447,100.0,16.200000762939453
1772702214.0336332,2026-03-05T09:16:54.033633,altitude_step,03,47.3979709,8.5461644,-0.00800000037997961,-0.21900001168251038,0.009297972545027733,-0.005791766569018364,-9.699274063110352,0.0006137395394034684,7.511681178584695e-05,8.606788469478488e-05,100.0,16.200000762939453
1772702214.1350727,2026-03-05T09:16:54.135073,altitude_step,03,47.3979709,8.5461644,-0.00800000037997961,-0.21900001168251038,0.009297972545027733,-0.005791766569018364,-9.699274063110352,0.0006137395394034684,7.511681178584695e-05,8.606788469478488e-05,100.0,16.200000762939453
1772702214.2360415,2026-03-05T09:16:54.236042,altitude_step,03,47.3979709,8.5461644,-0.00800000037997961,-0.21900001168251038,0.009297972545027733,-0.005791766569018364,-9.699274063110352,0.0006137395394034684,7.511681178584695e-05,8.606788469478488e-05,100.0,16.200000762939453
1772702214.3491821,2026-03-05T09:16:54.349182,altitude_step,03,47.3979709,8.5461644,-0.009000000543892384,-0.21900001168251038,-0.0018501164158806205,-0.005498621612787247,-9.700357437133789,-0.00021321744134183973,0.0009232637821696699,0.00025908922543749213,100.0,16.200000762939453
1772702214.4619844,2026-03-05T09:16:54.461984,altitude_step,03,47.3979709,8.5461644,-0.009000000543892384,-0.2200000137090683,0.0025913494173437357,0.0003765086003113538,-9.698833465576172,-0.0010026376694440842,-0.0003775094810407609,-0.001048572827130556,100.0,16.200000762939453
1772702214.5660017,2026-03-05T09:16:54.566002,altitude_step,03,47.3979709,8.5461644,-0.009000000543892384,-0.2200000137090683,0.0025913494173437357,0.0003765086003113538,-9.698833465576172,-0.0010026376694440842,-0.0003775094810407609,-0.001048572827130556,100.0,16.200000762939453
1772702214.667229,2026-03-05T09:16:54.667229,altitude_step,03,47.3979709,8.5461644,-0.009000000543892384,-0.2200000137090683,0.0025913494173437357,0.0003765086003113538,-9.698833465576172,-0.0010026376694440842,-0.0003775094810407609,-0.001048572827130556,100.0,16.200000762939453
1772702214.772689,2026-03-05T09:16:54.772689,altitude_step,03,47.3979709,8.5461644,-0.010000000707805157,-0.2200000137090683,0.011820070445537567,0.003979953937232494,-9.702768325805664,0.0005209716036915779,0.0002688168897293508,0.00016309003694914281,100.0,16.200000762939453
1772702214.9291532,2026-03-05T09:16:54.929153,altitude_step,03,47.3979709,8.5461644,-0.010000000707805157,-0.2200000137090683,0.011820070445537567,0.003979953937232494,-9.702768325805664,0.0005209716036915779,0.0002688168897293508,0.00016309003694914281,100.0,16.200000762939453
1772702215.0423043,2026-03-05T09:16:55.042304,altitude_step,03,47.3979709,8.5461644,-0.010000000707805157,-0.2200000137090683,0.011820070445537567,0.003979953937232494,-9.702768325805664,0.0005209716036915779,0.0002688168897293508,0.00016309003694914281,100.0,16.200000762939453
1772702215.1623104,2026-03-05T09:16:55.162310,altitude_step,03,47.3979709,8.5461644,-0.01100000087171793,-0.22100001573562622,-0.005900064017623663,0.0027553546242415905,-9.696104049682617,0.0005241780891083181,-0.0009950633393600583,-0.0007960704970173538,100.0,16.200000762939453
1772702215.2711587,2026-03-05T09:16:55.271159,altitude_step,03,47.3979709,8.5461644,-0.01100000087171793,-0.22200001776218414,-0.005900064017623663,0.0027553546242415905,-9.696104049682617,0.0005241780891083181,-0.0009950633393600583,-0.0007960704970173538,100.0,16.200000762939453
1772702215.3791406,2026-03-05T09:16:55.379141,altitude_step,03,47.3979709,8.5461644,-0.01100000087171793,-0.22200001776218414,-0.005900064017623663,0.0027553546242415905,-9.696104049682617,0.0005241780891083181,-0.0009950633393600583,-0.0007960704970173538,100.0,16.200000762939453
1772702215.499917,2026-03-05T09:16:55.499917,altitude_step,03,47.3979709,8.5461644,-0.012000000104308128,-0.22200001776218414,-0.0016768511850386858,0.0014637415297329426,-9.698955535888672,-0.0010479750344529748,-0.00031647144351154566,0.0005161017761565745,100.0,16.200000762939453
1772702215.6024997,2026-03-05T09:16:55.602500,altitude_step,03,47.3979709,8.5461644,-0.012000000104308128,-0.22200001776218414,-0.0016768511850386858,0.0014637415297329426,-9.698955535888672,-0.0010479750344529748,-0.00031647144351154566,0.0005161017761565745,100.0,16.200000762939453
1772702215.7052248,2026-03-05T09:16:55.705225,altitude_step,03,47.3979709,8.5461644,-0.012000000104308128,-0.22200001776218414,-0.0016768511850386858,0.0014637415297329426,-9.698955535888672,-0.0010479750344529748,-0.00031647144351154566,0.0005161017761565745,100.0,16.200000762939453
1772702215.8134794,2026-03-05T09:16:55.813479,altitude_step,03,47.397971,8.5461644,-0.012000000104308128,-0.22300000488758087,0.0036806869320571423,-0.0036726854741573334,-9.697198867797852,-0.000467483390821144,0.0008125600288622081,-0.0007710466161370277,100.0,16.200000762939453
1772702215.9207282,2026-03-05T09:16:55.920728,altitude_step,03,47.397971,8.5461644,-0.012000000104308128,-0.22300000488758087,0.0036806869320571423,-0.0036726854741573334,-9.697198867797852,-0.000467483390821144,0.0008125600288622081,-0.0007710466161370277,100.0,16.200000762939453
1772702216.025398,2026-03-05T09:16:56.025398,altitude_step,03,47.397971,8.5461644,-0.014000000432133675,-0.2240000069141388,0.0019133032765239477,0.002338888356462121,-9.702707290649414,-0.0004462571523617953,0.0004276251420378685,5.81509193580132e-05,100.0,16.200000762939453
1772702216.1288934,2026-03-05T09:16:56.128893,altitude_step,03,47.397971,8.5461644,-0.014000000432133675,-0.2240000069141388,0.0019133032765239477,0.002338888356462121,-9.702707290649414,-0.0004462571523617953,0.0004276251420378685,5.81509193580132e-05,100.0,16.200000762939453
1772702216.2299554,2026-03-05T09:16:56.229955,altitude_step,03,47.397971,8.5461644,-0.014000000432133675,-0.2240000069141388,0.0019133032765239477,0.002338888356462121,-9.702707290649414,-0.0004462571523617953,0.0004276251420378685,5.81509193580132e-05,100.0,16.200000762939453
1772702216.3371463,2026-03-05T09:16:56.337146,altitude_step,03,47.397971,8.5461644,-0.014000000432133675,-0.2240000069141388,-0.005011116620153189,-0.0016089228447526693,-9.702136993408203,-0.0004597113002091646,-0.0006512723630294204,0.0011015486670657992,100.0,16.200000762939453
1772702216.444229,2026-03-05T09:16:56.444229,altitude_step,03,47.397971,8.5461644,-0.014000000432133675,-0.22500000894069672,-0.005011116620153189,-0.0016089228447526693,-9.702136993408203,-0.0004597113002091646,-0.0006512723630294204,0.0011015486670657992,100.0,16.200000762939453
1772702216.565291,2026-03-05T09:16:56.565291,altitude_step,03,47.397971,8.5461644,-0.014000000432133675,-0.22500000894069672,-0.005011116620153189,-0.0016089228447526693,-9.702136993408203,-0.0004597113002091646,-0.0006512723630294204,0.0011015486670657992,100.0,16.200000762939453
1772702216.6767411,2026-03-05T09:16:56.676741,altitude_step,03,47.397971,8.5461644,-0.01600000075995922,-0.22700001299381256,0.0033298307098448277,0.0067304628901183605,-9.701013565063477,0.000688148895278573,-0.00036473333602771163,0.001204477739520371,100.0,16.200000762939453
1772702216.7784128,2026-03-05T09:16:56.778413,altitude_step,03,47.397971,8.5461644,-0.017000000923871994,-0.22800001502037048,-0.0034106930252164602,-0.0005352513981051743,-9.704669952392578,-0.0007673477521166205,-0.0013969222782179713,0.00038603501161560416,100.0,16.200000762939453
1772702216.8814993,2026-03-05T09:16:56.881499,altitude_step,03,47.397971,8.5461644,-0.017000000923871994,-0.22800001502037048,-0.0034106930252164602,-0.0005352513981051743,-9.704669952392578,-0.0007673477521166205,-0.0013969222782179713,0.00038603501161560416,100.0,16.200000762939453
1772702217.0269232,2026-03-05T09:16:57.026923,altitude_step,03,47.397971,8.5461644,-0.018000001087784767,-0.22800001502037048,-0.0029122214764356613,-0.001041240757331252,-9.69815444946289,-7.99560802988708e-05,0.0005108137847855687,3.421149813220836e-05,100.0,16.200000762939453
1772702217.1357837,2026-03-05T09:16:57.135784,altitude_step,03,47.397971,8.5461644,-0.018000001087784767,-0.22800001502037048,-0.0029122214764356613,-0.001041240757331252,-9.69815444946289,-7.99560802988708e-05,0.0005108137847855687,3.421149813220836e-05,100.0,16.200000762939453
1772702217.241447,2026-03-05T09:16:57.241447,altitude_step,03,47.397971,8.5461644,-0.01900000125169754,-0.23000000417232513,0.0003297931980341673,0.003734965343028307,-9.70157241821289,-0.000499785877764225,-0.00014324788935482502,-0.00039580732118338346,100.0,16.200000762939453
1772702217.3440576,2026-03-05T09:16:57.344058,altitude_step,03,47.397971,8.5461644,-0.01900000125169754,-0.23000000417232513,0.0003297931980341673,0.003734965343028307,-9.70157241821289,-0.000499785877764225,-0.00014324788935482502,-0.00039580732118338346,100.0,16.200000762939453
1772702217.4474082,2026-03-05T09:16:57.447408,altitude_step,03,47.397971,8.5461644,-0.020000001415610313,-0.23100000619888306,0.004106665030121803,0.0031959812622517347,-9.703718185424805,-0.00012338848318904638,-0.00022129665012471378,0.0007981836679391563,100.0,16.200000762939453
1772702217.551105,2026-03-05T09:16:57.551105,altitude_step,03,47.397971,8.5461644,-0.021000001579523087,-0.23200000822544098,-0.00014648877549916506,-0.001395367318764329,-9.70013427734375,0.000887073518242687,0.0008758376352488995,-0.000545406830497086,100.0,16.200000762939453
1772702217.6570783,2026-03-05T09:16:57.657078,altitude_step,03,47.397971,8.5461644,-0.021000001579523087,-0.23200000822544098,-0.00014648877549916506,-0.001395367318764329,-9.70013427734375,0.000887073518242687,0.0008758376352488995,-0.000545406830497086,100.0,16.200000762939453
1772702217.7620223,2026-03-05T09:16:57.762022,altitude_step,03,47.397971,8.5461644,-0.02200000174343586,-0.2330000102519989,0.005736840423196554,-0.0014896977227181196,-9.702812194824219,-0.0015010097995400429,0.001033800421282649,-0.00048361573135480285,100.0,16.200000762939453
1772702217.8644881,2026-03-05T09:16:57.864488,altitude_step,03,47.397971,8.5461644,-0.02200000174343586,-0.2330000102519989,0.005736840423196554,-0.0014896977227181196,-9.702812194824219,-0.0015010097995400429,0.001033800421282649,-0.00048361573135480285,100.0,16.200000762939453
1772702217.971102,2026-03-05T09:16:57.971102,altitude_step,03,47.397971,8.5461644,-0.02200000174343586,-0.2330000102519989,0.005736840423196554,-0.0014896977227181196,-9.702812194824219,-0.0015010097995400429,0.001033800421282649,-0.00048361573135480285,100.0,16.200000762939453
1772702218.075523,2026-03-05T09:16:58.075523,altitude_step,03,47.397971,8.5461644,-0.023000001907348633,-0.23400001227855682,0.0009253821335732937,0.0012319133384153247,-9.691083908081055,0.00011736261512851343,-0.0004640101396944374,-0.0008779812487773597,100.0,16.200000762939453
1772702218.1809473,2026-03-05T09:16:58.180947,altitude_step,03,47.397971,8.5461644,-0.023000001907348633,-0.23400001227855682,0.0009253821335732937,0.0012319133384153247,-9.691083908081055,0.00011736261512851343,-0.0004640101396944374,-0.0008779812487773597,100.0,16.200000762939453
1772702218.2865238,2026-03-05T09:16:58.286524,altitude_step,03,47.397971,8.5461644,-0.024000000208616257,-0.23500001430511475,0.002874269848689437,0.00013537208724301308,-9.707612991333008,0.0006971193361096084,-1.9811395759461448e-05,0.0007790324743837118,100.0,16.200000762939453
1772702218.3892553,2026-03-05T09:16:58.389255,altitude_step,03,47.397971,8.5461644,-0.024000000208616257,-0.23500001430511475,0.002874269848689437,0.00013537208724301308,-9.707612991333008,0.0006971193361096084,-1.9811395759461448e-05,0.0007790324743837118,100.0,16.200000762939453
1772702218.4907384,2026-03-05T09:16:58.490738,altitude_step,03,47.397971,8.5461644,-0.024000000208616257,-0.23500001430511475,0.002874269848689437,0.00013537208724301308,-9.707612991333008,0.0006971193361096084,-1.9811395759461448e-05,0.0007790324743837118,100.0,16.200000762939453
1772702218.6076715,2026-03-05T09:16:58.607671,altitude_step,03,47.397971,8.5461644,-0.02500000037252903,-0.23500001430511475,-0.0040382035076618195,0.0020005665719509125,-9.70578384399414,-0.0003586391394492239,-0.0002636598364915699,9.360691183246672e-05,100.0,16.200000762939453
1772702218.730244,2026-03-05T09:16:58.730244,altitude_step,03,47.397971,8.5461644,-0.02500000037252903,-0.23500001430511475,-0.0040382035076618195,0.0020005665719509125,-9.70578384399414,-0.0003586391394492239,-0.0002636598364915699,9.360691183246672e-05,100.0,16.200000762939453
1772702218.8374255,2026-03-05T09:16:58.837425,altitude_step,03,47.397971,8.5461644,-0.02500000037252903,-0.23500001430511475,0.005436509847640991,0.0012907113414257765,-9.705108642578125,-0.0003561327757779509,0.00019333446107339114,0.00015927264757920057,100.0,16.200000762939453
1772702218.9946074,2026-03-05T09:16:58.994607,altitude_step,03,47.397971,8.5461644,-0.02500000037252903,-0.23500001430511475,0.005436509847640991,0.0012907113414257765,-9.705108642578125,-0.0003561327757779509,0.00019333446107339114,0.00015927264757920057,100.0,16.200000762939453
1772702219.0974681,2026-03-05T09:16:59.097468,altitude_step,03,47.3979709,8.5461644,-0.026000000536441803,-0.23600001633167267,0.00225098617374897,0.0011223722249269485,-9.709253311157227,0.00026350788539275527,-0.0009583533392287791,0.0004065302200615406,100.0,16.200000762939453
1772702219.1994615,2026-03-05T09:16:59.199461,altitude_step,03,47.3979709,8.5461644,-0.026000000536441803,-0.23600001633167267,0.00225098617374897,0.0011223722249269485,-9.709253311157227,0.00026350788539275527,-0.0009583533392287791,0.0004065302200615406,100.0,16.200000762939453
1772702219.3015122,2026-03-05T09:16:59.301512,altitude_step,03,47.3979709,8.5461644,-0.026000000536441803,-0.2370000183582306,-0.0006878782296553254,-0.004879471380263567,-9.692907333374023,0.0003615220484789461,0.0005720657063648105,0.0005311834393069148,100.0,16.200000762939453
1772702219.4071121,2026-03-05T09:16:59.407112,altitude_step,03,47.3979709,8.5461644,-0.026000000536441803,-0.2370000183582306,-0.0006878782296553254,-0.004879471380263567,-9.692907333374023,0.0003615220484789461,0.0005720657063648105,0.0005311834393069148,100.0,16.200000762939453
1772702219.5093248,2026-03-05T09:16:59.509325,altitude_step,03,47.3979709,8.5461644,-0.027000000700354576,-0.23800000548362732,0.0011696850415319204,0.0009060575976036489,-9.703556060791016,0.00039239335455931723,0.0006410781061276793,-0.00040829656063579023,100.0,16.200000762939453
1772702219.6188254,2026-03-05T09:16:59.618825,altitude_step,03,47.3979709,8.5461644,-0.027000000700354576,-0.23800000548362732,0.0011696850415319204,0.0009060575976036489,-9.703556060791016,0.00039239335455931723,0.0006410781061276793,-0.00040829656063579023,100.0,16.200000762939453
1772702219.7351122,2026-03-05T09:16:59.735112,altitude_step,03,47.3979709,8.5461644,-0.027000000700354576,-0.23800000548362732,0.0011696850415319204,0.0009060575976036489,-9.703556060791016,0.00039239335455931723,0.0006410781061276793,-0.00040829656063579023,100.0,16.200000762939453
1772702219.8389838,2026-03-05T09:16:59.838984,altitude_step,03,47.3979709,8.5461644,-0.027000000700354576,-0.23800000548362732,0.0011696850415319204,0.0009060575976036489,-9.703556060791016,0.00039239335455931723,0.0006410781061276793,-0.00040829656063579023,100.0,16.200000762939453
1772702219.981737,2026-03-05T09:16:59.981737,altitude_step,03,47.3979709,8.5461644,-0.030000001192092896,-0.24000000953674316,-0.0016715952660888433,-0.0063393013551831245,-9.69556999206543,-2.1030788047937676e-05,-0.0007004291983321309,-0.0001067985431291163,100.0,16.200000762939453
1772702220.09227,2026-03-05T09:17:00.092270,altitude_step,03,47.3979709,8.5461644,-0.030000001192092896,-0.24000000953674316,-0.0016715952660888433,-0.0063393013551831245,-9.69556999206543,-2.1030788047937676e-05,-0.0007004291983321309,-0.0001067985431291163,100.0,16.200000762939453
1772702220.1987581,2026-03-05T09:17:00.198758,altitude_step,03,47.3979709,8.5461644,-0.03100000135600567,-0.2410000115633011,-0.0059987506829202175,-0.0011745456140488386,-9.70671272277832,0.00019272140343673527,-0.0009314421913586557,0.00026924870326183736,100.0,16.200000762939453
1772702220.3011634,2026-03-05T09:17:00.301163,altitude_step,03,47.3979709,8.5461644,-0.03100000135600567,-0.2410000115633011,-0.0059987506829202175,-0.0011745456140488386,-9.70671272277832,0.00019272140343673527,-0.0009314421913586557,0.00026924870326183736,100.0,16.200000762939453
1772702220.404161,2026-03-05T09:17:00.404161,altitude_step,03,47.3979709,8.5461644,-0.03200000151991844,-0.24300001561641693,0.0020637621637433767,0.003649768652394414,-9.703277587890625,0.00018423788424115628,-0.0010998576181009412,-0.0011769558768719435,100.0,16.200000762939453
1772702220.5070896,2026-03-05T09:17:00.507090,altitude_step,03,47.3979709,8.5461644,-0.03200000151991844,-0.24300001561641693,0.0020637621637433767,0.003649768652394414,-9.703277587890625,0.00018423788424115628,-0.0010998576181009412,-0.0011769558768719435,100.0,16.200000762939453
1772702220.6110313,2026-03-05T09:17:00.611031,altitude_step,03,47.397971,8.5461644,-0.032999999821186066,-0.24300001561641693,-0.001393208629451692,0.006136614829301834,-9.70553207397461,-0.000826183648314327,0.000150066232890822,0.0009059764561243355,100.0,16.200000762939453
1772702220.714275,2026-03-05T09:17:00.714275,altitude_step,03,47.397971,8.5461644,-0.032999999821186066,-0.24300001561641693,-0.001393208629451692,0.006136614829301834,-9.70553207397461,-0.000826183648314327,0.000150066232890822,0.0009059764561243355,100.0,16.200000762939453
1772702220.8162403,2026-03-05T09:17:00.816240,altitude_step,03,47.397971,8.5461644,-0.032999999821186066,-0.24300001561641693,-0.001393208629451692,0.006136614829301834,-9.70553207397461,-0.000826183648314327,0.000150066232890822,0.0009059764561243355,100.0,16.200000762939453
1772702220.9202435,2026-03-05T09:17:00.920244,altitude_step,03,47.397971,8.5461644,-0.032999999821186066,-0.24300001561641693,-0.001393208629451692,0.006136614829301834,-9.70553207397461,-0.000826183648314327,0.000150066232890822,0.0009059764561243355,100.0,16.200000762939453
1772702221.027483,2026-03-05T09:17:01.027483,altitude_step,03,47.397971,8.5461644,-0.03400000184774399,-0.24500000476837158,0.0002925790613517165,0.0002982871374115348,-9.704462051391602,-0.0010383861372247338,-0.00016038501053117216,0.0003135859442409128,100.0,16.200000762939453
1772702221.1323507,2026-03-05T09:17:01.132351,altitude_step,03,47.397971,8.5461644,-0.03400000184774399,-0.24500000476837158,0.0002925790613517165,0.0002982871374115348,-9.704462051391602,-0.0010383861372247338,-0.00016038501053117216,0.0003135859442409128,100.0,16.200000762939453
1772702221.234085,2026-03-05T09:17:01.234085,altitude_step,03,47.397971,8.5461644,-0.03500000014901161,-0.2460000067949295,-0.0036392505280673504,0.005404760129749775,-9.696111679077148,-0.0005327034741640091,-0.00022838862787466496,0.0008303704671561718,100.0,16.200000762939453
1772702221.3375056,2026-03-05T09:17:01.337506,altitude_step,03,47.397971,8.5461644,-0.03500000014901161,-0.2460000067949295,-0.0036392505280673504,0.005404760129749775,-9.696111679077148,-0.0005327034741640091,-0.00022838862787466496,0.0008303704671561718,100.0,16.200000762939453
1772702221.440588,2026-03-05T09:17:01.440588,altitude_step,03,47.397971,8.5461644,-0.03500000014901161,-0.2460000067949295,-0.0036392505280673504,0.005404760129749775,-9.696111679077148,-0.0005327034741640091,-0.00022838862787466496,0.0008303704671561718,100.0,16.200000762939453
1772702221.544369,2026-03-05T09:17:01.544369,altitude_step,03,47.397971,8.5461644,-0.036000002175569534,-0.2460000067949295,0.008321374654769897,0.0007114564068615437,-9.700241088867188,-8.818723290460184e-05,0.0008792324224486947,5.205847628531046e-05,100.0,16.200000762939453
1772702221.6455,2026-03-05T09:17:01.645500,altitude_step,03,47.397971,8.5461644,-0.036000002175569534,-0.2460000067949295,0.008321374654769897,0.0007114564068615437,-9.700241088867188,-8.818723290460184e-05,0.0008792324224486947,5.205847628531046e-05,100.0,16.200000762939453
1772702221.7550912,2026-03-05T09:17:01.755091,altitude_step,03,47.397971,8.5461644,-0.036000002175569534,-0.2460000067949295,0.008321374654769897,0.0007114564068615437,-9.700241088867188,-8.818723290460184e-05,0.0008792324224486947,5.205847628531046e-05,100.0,16.200000762939453
1772702221.862331,2026-03-05T09:17:01.862331,altitude_step,03,47.397971,8.5461644,-0.036000002175569534,-0.2460000067949295,0.008321374654769897,0.0007114564068615437,-9.700241088867188,-8.818723290460184e-05,0.0008792324224486947,5.205847628531046e-05,100.0,16.200000762939453
1772702221.964353,2026-03-05T09:17:01.964353,altitude_step,03,47.397971,8.5461644,-0.036000002175569534,-0.2460000067949295,0.008321374654769897,0.0007114564068615437,-9.700241088867188,-8.818723290460184e-05,0.0008792324224486947,5.205847628531046e-05,100.0,16.200000762939453
1772702222.067284,2026-03-05T09:17:02.067284,altitude_step,03,47.397971,8.5461644,-0.036000002175569534,-0.24700000882148743,-0.005794186610728502,-0.007710552774369717,-9.705888748168945,0.0005143125890754163,0.000957004027441144,0.00045094051165506244,100.0,16.200000762939453
1772702222.1708617,2026-03-05T09:17:02.170862,altitude_step,03,47.397971,8.5461644,-0.03700000047683716,-0.24700000882148743,-0.008328590542078018,-0.0012570195831358433,-9.701881408691406,0.0006152814021334052,0.0001711536751827225,7.669409387744963e-05,100.0,16.200000762939453
1772702222.272428,2026-03-05T09:17:02.272428,altitude_step,03,47.397971,8.5461644,-0.03700000047683716,-0.24700000882148743,-0.008328590542078018,-0.0012570195831358433,-9.701881408691406,0.0006152814021334052,0.0001711536751827225,7.669409387744963e-05,100.0,16.200000762939453
1772702222.378195,2026-03-05T09:17:02.378195,altitude_step,03,47.397971,8.5461644,-0.03700000047683716,-0.24800001084804535,0.006712023168802261,0.0030588123481720686,-9.701662063598633,-0.0009751679608598351,0.0002831030578818172,0.000597259437199682,100.0,16.200000762939453
1772702222.5204108,2026-03-05T09:17:02.520411,altitude_step,03,47.397971,8.5461644,-0.03700000047683716,-0.24800001084804535,0.006712023168802261,0.0030588123481720686,-9.701662063598633,-0.0009751679608598351,0.0002831030578818172,0.000597259437199682,100.0,16.200000762939453
1772702222.6277514,2026-03-05T09:17:02.627751,altitude_step,03,47.397971,8.5461644,-0.03700000047683716,-0.24800001084804535,0.006712023168802261,0.0030588123481720686,-9.701662063598633,-0.0009751679608598351,0.0002831030578818172,0.000597259437199682,100.0,16.200000762939453
1772702222.745253,2026-03-05T09:17:02.745253,altitude_step,03,47.397971,8.5461644,-0.03700000047683716,-0.24800001084804535,0.006712023168802261,0.0030588123481720686,-9.701662063598633,-0.0009751679608598351,0.0002831030578818172,0.000597259437199682,100.0,16.200000762939453
1772702222.8573165,2026-03-05T09:17:02.857316,altitude_step,03,47.397971,8.5461644,-0.04000000283122063,-0.25,0.0013849928509443998,0.0008968652691692114,-9.70737075805664,7.741022272966802e-05,0.0012072630925104022,0.001270695705898106,100.0,16.200000762939453
1772702222.963157,2026-03-05T09:17:02.963157,altitude_step,03,47.397971,8.5461644,-0.04000000283122063,-0.25,0.0013849928509443998,0.0008968652691692114,-9.70737075805664,7.741022272966802e-05,0.0012072630925104022,0.001270695705898106,100.0,16.200000762939453
1772702223.0643063,2026-03-05T09:17:03.064306,altitude_step,03,47.397971,8.5461644,-0.04000000283122063,-0.25,0.0013849928509443998,0.0008968652691692114,-9.70737075805664,7.741022272966802e-05,0.0012072630925104022,0.001270695705898106,100.0,16.200000762939453
1772702223.1803606,2026-03-05T09:17:03.180361,altitude_step,03,47.397971,8.5461644,-0.04000000283122063,-0.2510000169277191,-0.00396927772089839,-0.004026249051094055,-9.701580047607422,-0.0011259587481617928,-0.0009462652378715575,0.001555682742036879,100.0,16.200000762939453
1772702223.2815213,2026-03-05T09:17:03.281521,altitude_step,03,47.397971,8.5461644,-0.04000000283122063,-0.2510000169277191,-0.00396927772089839,-0.004026249051094055,-9.701580047607422,-0.0011259587481617928,-0.0009462652378715575,0.001555682742036879,100.0,16.200000762939453
1772702223.384141,2026-03-05T09:17:03.384141,altitude_step,03,47.397971,8.5461644,-0.04200000315904617,-0.25200000405311584,-0.000150935142301023,0.006508438847959042,-9.710829734802246,-0.0006612872239202261,0.0008461704710498452,0.0005173058598302305,100.0,16.200000762939453
1772702223.4852414,2026-03-05T09:17:03.485241,altitude_step,03,47.397971,8.5461644,-0.04200000315904617,-0.25200000405311584,-0.000150935142301023,0.006508438847959042,-9.710829734802246,-0.0006612872239202261,0.0008461704710498452,0.0005173058598302305,100.0,16.200000762939453
1772702223.5901425,2026-03-05T09:17:03.590142,altitude_step,03,47.397971,8.5461644,-0.04200000315904617,-0.25200000405311584,-0.000150935142301023,0.006508438847959042,-9.710829734802246,-0.0006612872239202261,0.0008461704710498452,0.0005173058598302305,100.0,16.200000762939453
1772702223.6924303,2026-03-05T09:17:03.692430,altitude_step,03,47.397971,8.5461644,-0.0430000014603138,-0.25300002098083496,0.006898313760757446,0.004471329506486654,-9.702486991882324,-0.001109402859583497,-0.000400409335270524,-0.00026248072390444577,100.0,16.200000762939453
1772702223.7949054,2026-03-05T09:17:03.794905,altitude_step,03,47.397971,8.5461644,-0.0430000014603138,-0.25300002098083496,0.006898313760757446,0.004471329506486654,-9.702486991882324,-0.001109402859583497,-0.000400409335270524,-0.00026248072390444577,100.0,16.200000762939453
1772702223.897531,2026-03-05T09:17:03.897531,altitude_step,03,47.397971,8.5461644,-0.0430000014603138,-0.25300002098083496,0.006898313760757446,0.004471329506486654,-9.702486991882324,-0.001109402859583497,-0.000400409335270524,-0.00026248072390444577,100.0,16.200000762939453
1772702224.0048802,2026-03-05T09:17:04.004880,altitude_step,03,47.397971,8.5461644,-0.0430000014603138,-0.25300002098083496,0.006898313760757446,0.004471329506486654,-9.702486991882324,-0.001109402859583497,-0.000400409335270524,-0.00026248072390444577,100.0,16.200000762939453
1772702224.1061249,2026-03-05T09:17:04.106125,altitude_step,03,47.397971,8.5461644,-0.04500000178813934,-0.2550000250339508,-0.0029746347572654486,-0.004805169068276882,-9.700024604797363,-0.00034165935358032584,-0.00012442990555427969,-0.00032423902302980423,100.0,16.200000762939453
1772702224.224101,2026-03-05T09:17:04.224101,altitude_step,03,47.397971,8.5461644,-0.04500000178813934,-0.2550000250339508,-0.0029746347572654486,-0.004805169068276882,-9.700024604797363,-0.00034165935358032584,-0.00012442990555427969,-0.00032423902302980423,100.0,16.200000762939453
1772702224.3281746,2026-03-05T09:17:04.328175,altitude_step,03,47.397971,8.5461644,-0.046000003814697266,-0.25600001215934753,-0.009106713347136974,-0.0021747432183474302,-9.703693389892578,-0.0006616213358938694,0.000500038149766624,-5.0062946684192866e-05,100.0,16.200000762939453
1772702224.4329998,2026-03-05T09:17:04.433000,altitude_step,03,47.397971,8.5461644,-0.046000003814697266,-0.25600001215934753,-0.009106713347136974,-0.0021747432183474302,-9.703693389892578,-0.0006616213358938694,0.000500038149766624,-5.0062946684192866e-05,100.0,16.200000762939453
1772702224.534837,2026-03-05T09:17:04.534837,altitude_step,03,47.397971,8.5461644,-0.046000003814697266,-0.25600001215934753,-0.009106713347136974,-0.0021747432183474302,-9.703693389892578,-0.0006616213358938694,0.000500038149766624,-5.0062946684192866e-05,100.0,16.200000762939453
1772702224.6391678,2026-03-05T09:17:04.639168,altitude_step,03,47.397971,8.5461644,-0.04700000211596489,-0.2580000162124634,0.006149061024188995,0.005919747985899448,-9.696920394897461,0.00011833033204311505,-0.00011305734369670972,-0.0011147988261654973,100.0,16.200000762939453
1772702224.7499886,2026-03-05T09:17:04.749989,altitude_step,03,47.397971,8.5461644,-0.04700000211596489,-0.2580000162124634,0.006149061024188995,0.005919747985899448,-9.696920394897461,0.00011833033204311505,-0.00011305734369670972,-0.0011147988261654973,100.0,16.200000762939453
1772702224.852198,2026-03-05T09:17:04.852198,altitude_step,03,47.397971,8.5461644,-0.04700000211596489,-0.2580000162124634,0.006149061024188995,0.005919747985899448,-9.696920394897461,0.00011833033204311505,-0.00011305734369670972,-0.0011147988261654973,100.0,16.200000762939453
1772702224.9575257,2026-03-05T09:17:04.957526,altitude_step,03,47.397971,8.5461644,-0.04800000041723251,-0.2590000033378601,0.0009367102757096291,-2.8860376914963126e-05,-9.702059745788574,0.00042979634599760175,0.00046435956028290093,-0.0001780572929419577,100.0,16.200000762939453
1772702225.058981,2026-03-05T09:17:05.058981,altitude_step,03,47.397971,8.5461644,-0.04800000041723251,-0.2590000033378601,0.0009367102757096291,-2.8860376914963126e-05,-9.702059745788574,0.00042979634599760175,0.00046435956028290093,-0.0001780572929419577,100.0,16.200000762939453
1772702225.1612315,2026-03-05T09:17:05.161232,altitude_step,03,47.397971,8.5461644,-0.04800000041723251,-0.2590000033378601,0.0009367102757096291,-2.8860376914963126e-05,-9.702059745788574,0.00042979634599760175,0.00046435956028290093,-0.0001780572929419577,100.0,16.200000762939453
1772702225.2636755,2026-03-05T09:17:05.263675,altitude_step,03,47.397971,8.5461644,-0.04800000041723251,-0.2590000033378601,3.3988559152930975e-05,0.0023480465169996023,-9.71374797821045,-0.0012856173561885953,3.891651431331411e-06,0.0006712307222187519,100.0,16.200000762939453
1772702225.3662357,2026-03-05T09:17:05.366236,altitude_step,03,47.397971,8.5461644,-0.04800000041723251,-0.2590000033378601,3.3988559152930975e-05,0.0023480465169996023,-9.71374797821045,-0.0012856173561885953,3.891651431331411e-06,0.0006712307222187519,100.0,16.200000762939453
1772702225.468288,2026-03-05T09:17:05.468288,altitude_step,03,47.397971,8.5461644,-0.049000002443790436,-0.2590000033378601,-0.002970905276015401,-0.004492022562772036,-9.70201587677002,0.00044094701297581196,0.0002687646192498505,-0.00024602224584668875,100.0,16.200000762939453
1772702225.5702486,2026-03-05T09:17:05.570249,altitude_step,03,47.397971,8.5461644,-0.049000002443790436,-0.2590000033378601,-0.002970905276015401,-0.004492022562772036,-9.70201587677002,0.00044094701297581196,0.0002687646192498505,-0.00024602224584668875,100.0,16.200000762939453
1772702225.673538,2026-03-05T09:17:05.673538,altitude_step,03,47.397971,8.5461644,-0.049000002443790436,-0.2600000202655792,0.0017695175483822823,-0.002292721765115857,-9.705105781555176,-0.0007675593951717019,0.00014035921776667237,-0.00035106184077449143,100.0,16.200000762939453
1772702225.7760966,2026-03-05T09:17:05.776097,altitude_step,03,47.397971,8.5461644,-0.049000002443790436,-0.2600000202655792,0.0017695175483822823,-0.002292721765115857,-9.705105781555176,-0.0007675593951717019,0.00014035921776667237,-0.00035106184077449143,100.0,16.200000762939453
1772702225.8842714,2026-03-05T09:17:05.884271,altitude_step,03,47.397971,8.5461644,-0.049000002443790436,-0.2600000202655792,0.0017695175483822823,-0.002292721765115857,-9.705105781555176,-0.0007675593951717019,0.00014035921776667237,-0.00035106184077449143,100.0,16.200000762939453
1772702225.9919114,2026-03-05T09:17:05.991911,altitude_step,03,47.397971,8.5461644,-0.05100000277161598,-0.26100000739097595,-0.003227263456210494,0.005663806572556496,-9.696595191955566,-0.00034296480589546263,0.0001090307705453597,-8.302567584905773e-05,100.0,16.200000762939453
1772702226.0937767,2026-03-05T09:17:06.093777,altitude_step,03,47.397971,8.5461644,-0.05100000277161598,-0.26100000739097595,-0.003227263456210494,0.005663806572556496,-9.696595191955566,-0.00034296480589546263,0.0001090307705453597,-8.302567584905773e-05,100.0,16.200000762939453
1772702226.1968548,2026-03-05T09:17:06.196855,altitude_step,03,47.397971,8.5461644,-0.05100000277161598,-0.26200002431869507,-0.00022199342492967844,0.007094946224242449,-9.694781303405762,-0.0006523154443129897,-0.000222427595872432,0.0003250753798056394,100.0,16.200000762939453
1772702226.3109195,2026-03-05T09:17:06.310920,altitude_step,03,47.397971,8.5461644,-0.05100000277161598,-0.26200002431869507,-0.00022199342492967844,0.007094946224242449,-9.694781303405762,-0.0006523154443129897,-0.000222427595872432,0.0003250753798056394,100.0,16.200000762939453
1772702226.4310029,2026-03-05T09:17:06.431003,altitude_step,03,47.397971,8.5461644,-0.05100000277161598,-0.26200002431869507,-0.00022199342492967844,0.007094946224242449,-9.694781303405762,-0.0006523154443129897,-0.000222427595872432,0.0003250753798056394,100.0,16.200000762939453
1772702226.5380723,2026-03-05T09:17:06.538072,altitude_step,03,47.397971,8.5461644,-0.052000001072883606,-0.2630000114440918,-0.010129892267286777,0.0053918384946882725,-9.708037376403809,0.0006628361879847944,6.712655886076391e-05,0.0003166767710354179,100.0,16.200000762939453
1772702226.6389902,2026-03-05T09:17:06.638990,altitude_step,03,47.397971,8.5461644,-0.052000001072883606,-0.2630000114440918,-0.010129892267286777,0.0053918384946882725,-9.708037376403809,0.0006628361879847944,6.712655886076391e-05,0.0003166767710354179,100.0,16.200000762939453
1772702226.7483578,2026-03-05T09:17:06.748358,altitude_step,03,47.397971,8.5461644,-0.052000001072883606,-0.2630000114440918,-0.010129892267286777,0.0053918384946882725,-9.708037376403809,0.0006628361879847944,6.712655886076391e-05,0.0003166767710354179,100.0,16.200000762939453
1772702226.8815792,2026-03-05T09:17:06.881579,altitude_step,03,47.397971,8.5461644,-0.052000001072883606,-0.2630000114440918,-0.010129892267286777,0.0053918384946882725,-9.708037376403809,0.0006628361879847944,6.712655886076391e-05,0.0003166767710354179,100.0,16.200000762939453
1772702226.9838715,2026-03-05T09:17:06.983871,altitude_step,03,47.397971,8.5461644,-0.05300000309944153,-0.2639999985694885,-0.0007136763306334615,-0.0027168483939021826,-9.706999778747559,-0.0007062713848426938,-3.422696318011731e-05,-0.0007079839124344289,100.0,16.200000762939453
1772702227.0931594,2026-03-05T09:17:07.093159,altitude_step,03,47.397971,8.5461644,-0.05300000309944153,-0.2639999985694885,-0.0007136763306334615,-0.0027168483939021826,-9.706999778747559,-0.0007062713848426938,-3.422696318011731e-05,-0.0007079839124344289,100.0,16.200000762939453
1772702227.2027566,2026-03-05T09:17:07.202757,altitude_step,03,47.397971,8.5461644,-0.05300000309944153,-0.2639999985694885,-0.0007136763306334615,-0.0027168483939021826,-9.706999778747559,-0.0007062713848426938,-3.422696318011731e-05,-0.0007079839124344289,100.0,16.200000762939453
1772702227.3129196,2026-03-05T09:17:07.312920,altitude_step,03,47.397971,8.5461644,-0.05400000140070915,-0.26500001549720764,-0.0003659022622741759,-0.008050931617617607,-9.70940113067627,-0.00032852322328835726,-0.000241965550230816,0.000472042738692835,100.0,16.200000762939453
1772702227.415413,2026-03-05T09:17:07.415413,altitude_step,03,47.397971,8.5461644,-0.05400000140070915,-0.26500001549720764,-0.0003659022622741759,-0.008050931617617607,-9.70940113067627,-0.00032852322328835726,-0.000241965550230816,0.000472042738692835,100.0,16.200000762939453
1772702227.520448,2026-03-05T09:17:07.520448,altitude_step,03,47.397971,8.5461644,-0.055000003427267075,-0.26500001549720764,-0.0045516761019825935,0.008137226104736328,-9.702491760253906,0.0009526145877316594,0.00016284067532978952,0.00015465897740796208,100.0,16.200000762939453
1772702227.621838,2026-03-05T09:17:07.621838,altitude_step,03,47.397971,8.5461644,-0.055000003427267075,-0.26500001549720764,-0.0045516761019825935,0.008137226104736328,-9.702491760253906,0.0009526145877316594,0.00016284067532978952,0.00015465897740796208,100.0,16.200000762939453
1772702227.7286491,2026-03-05T09:17:07.728649,altitude_step,03,47.397971,8.5461644,-0.055000003427267075,-0.26600000262260437,-0.003740595420822501,0.0044999876990914345,-9.698326110839844,0.0008875065250322223,0.00010050880518974736,-1.547664032841567e-05,100.0,16.200000762939453
1772702227.8469276,2026-03-05T09:17:07.846928,altitude_step,03,47.397971,8.5461644,-0.055000003427267075,-0.26600000262260437,-0.003740595420822501,0.0044999876990914345,-9.698326110839844,0.0008875065250322223,0.00010050880518974736,-1.547664032841567e-05,100.0,16.200000762939453
1772702227.9484684,2026-03-05T09:17:07.948468,altitude_step,03,47.397971,8.5461644,-0.055000003427267075,-0.26600000262260437,-0.003740595420822501,0.0044999876990914345,-9.698326110839844,0.0008875065250322223,0.00010050880518974736,-1.547664032841567e-05,100.0,16.200000762939453
1772702228.0590675,2026-03-05T09:17:08.059067,altitude_step,03,47.397971,8.5461644,-0.055000003427267075,-0.26600000262260437,-0.003740595420822501,0.0044999876990914345,-9.698326110839844,0.0008875065250322223,0.00010050880518974736,-1.547664032841567e-05,100.0,16.200000762939453
1772702228.1609335,2026-03-05T09:17:08.160933,altitude_step,03,47.397971,8.5461644,-0.05900000408291817,-0.26900002360343933,0.0008443405386060476,0.005126490257680416,-9.707608222961426,-6.089062662795186e-05,-0.00035001093056052923,0.00026455530314706266,100.0,16.200000762939453
1772702228.2634757,2026-03-05T09:17:08.263476,altitude_step,03,47.397971,8.5461644,-0.06000000238418579,-0.27000001072883606,-0.0016517429612576962,0.0010257713729515672,-9.697412490844727,-0.0010196827352046967,-0.00033584333141334355,-0.0008755279122851789,100.0,16.200000762939453
1772702228.3661041,2026-03-05T09:17:08.366104,altitude_step,03,47.397971,8.5461644,-0.06000000238418579,-0.27000001072883606,-0.0016517429612576962,0.0010257713729515672,-9.697412490844727,-0.0010196827352046967,-0.00033584333141334355,-0.0008755279122851789,100.0,16.200000762939453
1772702228.4682004,2026-03-05T09:17:08.468200,altitude_step,03,47.397971,8.5461644,-0.06000000238418579,-0.27000001072883606,-0.0016517429612576962,0.0010257713729515672,-9.697412490844727,-0.0010196827352046967,-0.00033584333141334355,-0.0008755279122851789,100.0,16.200000762939453
1772702228.5776107,2026-03-05T09:17:08.577611,altitude_step,03,47.397971,8.5461644,-0.06100000441074371,-0.2720000147819519,-0.0069603873416781425,0.00020148142357356846,-9.711922645568848,0.0003989026590716094,0.0005791152361780405,0.00013533067249227315,100.0,16.200000762939453
1772702228.678924,2026-03-05T09:17:08.678924,altitude_step,03,47.397971,8.5461644,-0.06100000441074371,-0.2720000147819519,-0.0069603873416781425,0.00020148142357356846,-9.711922645568848,0.0003989026590716094,0.0005791152361780405,0.00013533067249227315,100.0,16.200000762939453
1772702228.789794,2026-03-05T09:17:08.789794,altitude_step,03,47.397971,8.5461644,-0.06200000271201134,-0.27300000190734863,0.001176177291199565,-0.007907705381512642,-9.702849388122559,0.00037005695048719645,-0.0004154790658503771,0.000465196993900463,100.0,16.200000762939453
1772702228.9122849,2026-03-05T09:17:08.912285,altitude_step,03,47.397971,8.5461644,-0.06200000271201134,-0.27300000190734863,0.001176177291199565,-0.007907705381512642,-9.702849388122559,0.00037005695048719645,-0.0004154790658503771,0.000465196993900463,100.0,16.200000762939453
1772702229.0150702,2026-03-05T09:17:09.015070,altitude_step,03,47.397971,8.5461644,-0.06200000271201134,-0.27300000190734863,0.001176177291199565,-0.007907705381512642,-9.702849388122559,0.00037005695048719645,-0.0004154790658503771,0.000465196993900463,100.0,16.200000762939453
1772702229.1163933,2026-03-05T09:17:09.116393,altitude_step,03,47.397971,8.5461644,-0.06300000101327896,-0.27400001883506775,-0.0025892772246152163,-0.000714594847522676,-9.706398963928223,0.0003780166734941304,0.0006173102301545441,-0.0004695517127402127,100.0,16.200000762939453
1772702229.2184443,2026-03-05T09:17:09.218444,altitude_step,03,47.397971,8.5461644,-0.06400000303983688,-0.2750000059604645,0.00510157085955143,-0.0009762694826349616,-9.706499099731445,7.58082969696261e-05,-0.0001929262070916593,4.1545212297933176e-05,100.0,16.200000762939453
1772702229.3297832,2026-03-05T09:17:09.329783,altitude_step,03,47.397971,8.5461644,-0.06400000303983688,-0.2750000059604645,0.00510157085955143,-0.0009762694826349616,-9.706499099731445,7.58082969696261e-05,-0.0001929262070916593,4.1545212297933176e-05,100.0,16.200000762939453
1772702229.4334526,2026-03-05T09:17:09.433453,altitude_step,03,47.397971,8.5461644,-0.0650000050663948,-0.2760000228881836,-0.004927706904709339,-0.0025592881720513105,-9.706063270568848,0.0003266319108661264,-0.00041714494000189006,0.00036467614700086415,100.0,16.200000762939453
1772702229.5545642,2026-03-05T09:17:09.554564,altitude_step,03,47.397971,8.5461644,-0.0650000050663948,-0.2760000228881836,-0.004927706904709339,-0.0025592881720513105,-9.706063270568848,0.0003266319108661264,-0.00041714494000189006,0.00036467614700086415,100.0,16.200000762939453
1772702229.6568747,2026-03-05T09:17:09.656875,altitude_step,03,47.397971,8.5461644,-0.0650000050663948,-0.2760000228881836,-0.004927706904709339,-0.0025592881720513105,-9.706063270568848,0.0003266319108661264,-0.00041714494000189006,0.00036467614700086415,100.0,16.200000762939453
1772702229.7592993,2026-03-05T09:17:09.759299,altitude_step,03,47.397971,8.5461644,-0.0650000050663948,-0.2760000228881836,-0.004927706904709339,-0.0025592881720513105,-9.706063270568848,0.0003266319108661264,-0.00041714494000189006,0.00036467614700086415,100.0,16.200000762939453
1772702229.8623981,2026-03-05T09:17:09.862398,altitude_step,03,47.397971,8.5461644,-0.06599999964237213,-0.2770000100135803,-0.0016441746847704053,-0.00021946578635834157,-9.699923515319824,9.18577570701018e-05,-0.00021306477719917893,0.00047751699457876384,100.0,16.200000762939453
1772702229.963348,2026-03-05T09:17:09.963348,altitude_step,03,47.397971,8.5461644,-0.06599999964237213,-0.2770000100135803,-0.0016441746847704053,-0.00021946578635834157,-9.699923515319824,9.18577570701018e-05,-0.00021306477719917893,0.00047751699457876384,100.0,16.200000762939453
1772702230.0682933,2026-03-05T09:17:10.068293,altitude_step,03,47.397971,8.5461644,-0.06599999964237213,-0.2770000100135803,-0.0016441746847704053,-0.00021946578635834157,-9.699923515319824,9.18577570701018e-05,-0.00021306477719917893,0.00047751699457876384,100.0,16.200000762939453
1772702230.1712637,2026-03-05T09:17:10.171264,altitude_step,03,47.397971,8.5461644,-0.06599999964237213,-0.2770000100135803,0.003682684851810336,0.003699073800817132,-9.69469165802002,-0.00048749454435892403,-0.0004950093571096659,0.00046447812928818166,100.0,16.200000762939453
1772702230.274017,2026-03-05T09:17:10.274017,altitude_step,03,47.397971,8.5461644,-0.06599999964237213,-0.2770000100135803,0.003682684851810336,0.003699073800817132,-9.69469165802002,-0.00048749454435892403,-0.0004950093571096659,0.00046447812928818166,100.0,16.200000762939453
1772702230.3759909,2026-03-05T09:17:10.375991,altitude_step,03,47.397971,8.5461644,-0.06599999964237213,-0.2770000100135803,0.003682684851810336,0.003699073800817132,-9.69469165802002,-0.00048749454435892403,-0.0004950093571096659,0.00046447812928818166,100.0,16.200000762939453
1772702230.4781306,2026-03-05T09:17:10.478131,altitude_step,03,47.397971,8.5461644,-0.06700000166893005,-0.27800002694129944,-0.001246276660822332,0.008152925409376621,-9.708210945129395,-0.0001026714380714111,-0.0010531686712056398,-0.0001283205347135663,100.0,16.200000762939453
1772702230.586925,2026-03-05T09:17:10.586925,altitude_step,03,47.397971,8.5461644,-0.06700000166893005,-0.27800002694129944,-0.001246276660822332,0.008152925409376621,-9.708210945129395,-0.0001026714380714111,-0.0010531686712056398,-0.0001283205347135663,100.0,16.200000762939453
1772702230.690891,2026-03-05T09:17:10.690891,altitude_step,03,47.397971,8.5461644,-0.06800000369548798,-0.27800002694129944,0.0003726836293935776,-0.0018831774359568954,-9.6991548538208,-0.0005340669886209071,-0.0009344439604319632,5.328219776856713e-05,100.0,16.200000762939453
1772702230.7922676,2026-03-05T09:17:10.792268,altitude_step,03,47.397971,8.5461644,-0.06800000369548798,-0.27800002694129944,0.0003726836293935776,-0.0018831774359568954,-9.6991548538208,-0.0005340669886209071,-0.0009344439604319632,5.328219776856713e-05,100.0,16.200000762939453
1772702230.8941407,2026-03-05T09:17:10.894141,altitude_step,03,47.397971,8.5461644,-0.06800000369548798,-0.27800002694129944,0.0003726836293935776,-0.0018831774359568954,-9.6991548538208,-0.0005340669886209071,-0.0009344439604319632,5.328219776856713e-05,100.0,16.200000762939453
1772702231.0197732,2026-03-05T09:17:11.019773,altitude_step,03,47.397971,8.5461644,-0.06800000369548798,-0.27900001406669617,-0.0025895307771861553,-0.0018248428823426366,-9.695978164672852,0.00037466586218215525,-0.00014061448746360838,0.0008526690653525293,100.0,16.200000762939453
1772702231.130903,2026-03-05T09:17:11.130903,altitude_step,03,47.397971,8.5461644,-0.06800000369548798,-0.27900001406669617,-0.0025895307771861553,-0.0018248428823426366,-9.695978164672852,0.00037466586218215525,-0.00014061448746360838,0.0008526690653525293,100.0,16.200000762939453
1772702231.2334156,2026-03-05T09:17:11.233416,altitude_step,03,47.397971,8.5461644,-0.0690000057220459,-0.27900001406669617,-0.010378778912127018,0.0012294005136936903,-9.697305679321289,-0.0004317053244449198,0.00023669711663387716,-0.0001278420677408576,100.0,16.200000762939453
1772702231.3391023,2026-03-05T09:17:11.339102,altitude_step,03,47.397971,8.5461644,-0.07000000029802322,-0.2800000011920929,-0.006037551909685135,1.886044628918171e-06,-9.702640533447266,0.0003169256669934839,0.0012995251454412937,-0.0014985771849751472,100.0,16.200000762939453
1772702231.4412951,2026-03-05T09:17:11.441295,altitude_step,03,47.397971,8.5461644,-0.07000000029802322,-0.2800000011920929,-0.006037551909685135,1.886044628918171e-06,-9.702640533447266,0.0003169256669934839,0.0012995251454412937,-0.0014985771849751472,100.0,16.200000762939453
1772702231.5502455,2026-03-05T09:17:11.550246,altitude_step,03,47.397971,8.5461644,-0.07000000029802322,-0.2800000011920929,-0.006037551909685135,1.886044628918171e-06,-9.702640533447266,0.0003169256669934839,0.0012995251454412937,-0.0014985771849751472,100.0,16.200000762939453
1772702231.651931,2026-03-05T09:17:11.651931,altitude_step,03,47.397971,8.5461644,-0.07100000232458115,-0.281000018119812,-0.0013459068723022938,0.004100528080016375,-9.69965648651123,-7.199178799055517e-05,-0.0005599265568889678,-0.0005338564515113831,100.0,16.200000762939453
1772702231.7532713,2026-03-05T09:17:11.753271,altitude_step,03,47.397971,8.5461644,-0.07100000232458115,-0.281000018119812,-0.0013459068723022938,0.004100528080016375,-9.69965648651123,-7.199178799055517e-05,-0.0005599265568889678,-0.0005338564515113831,100.0,16.200000762939453
1772702231.8573813,2026-03-05T09:17:11.857381,altitude_step,03,47.397971,8.5461644,-0.07100000232458115,-0.281000018119812,-0.0013459068723022938,0.004100528080016375,-9.69965648651123,-7.199178799055517e-05,-0.0005599265568889678,-0.0005338564515113831,100.0,16.200000762939453
1772702231.9594717,2026-03-05T09:17:11.959472,altitude_step,03,47.397971,8.5461644,-0.07200000435113907,-0.28300002217292786,-0.00042670255061239004,0.003977511543780565,-9.698030471801758,0.00031832701642997563,0.0007592662004753947,0.00010482968355063349,100.0,16.200000762939453
1772702232.074361,2026-03-05T09:17:12.074361,altitude_step,03,47.397971,8.5461644,-0.07400000095367432,-0.2850000262260437,-0.0015019710408523679,0.0042262692004442215,-9.698037147521973,-0.0004998931544832885,0.00015210022684186697,-0.000528122705873102,100.0,16.200000762939453
1772702232.18078,2026-03-05T09:17:12.180780,altitude_step,03,47.397971,8.5461644,-0.07400000095367432,-0.2850000262260437,-0.0015019710408523679,0.0042262692004442215,-9.698037147521973,-0.0004998931544832885,0.00015210022684186697,-0.000528122705873102,100.0,16.200000762939453
1772702232.2926438,2026-03-05T09:17:12.292644,altitude_step,03,47.397971,8.5461644,-0.07800000160932541,-0.289000004529953,0.004295329563319683,-0.0004788239311892539,-9.705367088317871,0.000688972242642194,0.0002597389102447778,0.00029465509578585625,100.0,16.200000762939453
1772702232.3944607,2026-03-05T09:17:12.394461,altitude_step,03,47.397971,8.5461644,-0.07800000160932541,-0.289000004529953,0.004295329563319683,-0.0004788239311892539,-9.705367088317871,0.000688972242642194,0.0002597389102447778,0.00029465509578585625,100.0,16.200000762939453
1772702232.4977536,2026-03-05T09:17:12.497754,altitude_step,03,47.397971,8.5461644,-0.07900000363588333,-0.2900000214576721,-0.004945100285112858,0.0011863189283758402,-9.696812629699707,-0.00110188452526927,0.0007176927756518126,0.0007332995301112533,100.0,16.200000762939453
1772702232.600391,2026-03-05T09:17:12.600391,altitude_step,03,47.397971,8.5461644,-0.07900000363588333,-0.2900000214576721,-0.004945100285112858,0.0011863189283758402,-9.696812629699707,-0.00110188452526927,0.0007176927756518126,0.0007332995301112533,100.0,16.200000762939453
1772702232.7066233,2026-03-05T09:17:12.706623,altitude_step,03,47.397971,8.5461644,-0.08000000566244125,-0.2900000214576721,-0.0026576209347695112,0.004221105482429266,-9.703600883483887,-0.00028755844687111676,0.0004584917041938752,-0.0006564680952578783,100.0,16.200000762939453
1772702232.809898,2026-03-05T09:17:12.809898,altitude_step,03,47.397971,8.5461644,-0.08000000566244125,-0.29100000858306885,-0.0019285146845504642,0.0010245570447295904,-9.69955062866211,6.910490628797561e-05,0.00033200072357431054,-0.0009429402416571975,100.0,16.200000762939453
1772702232.9279351,2026-03-05T09:17:12.927935,altitude_step,03,47.397971,8.5461644,-0.08000000566244125,-0.29100000858306885,0.00025431043468415737,0.0059190671890974045,-9.70398235321045,0.0007916782051324844,-0.0011327019892632961,-0.0008869805024005473,100.0,16.200000762939453
1772702233.0635512,2026-03-05T09:17:13.063551,altitude_step,03,47.397971,8.5461644,-0.08300000429153442,-0.2930000126361847,-0.0033899943809956312,-0.004013757221400738,-9.704092979431152,-0.00045574019895866513,0.00012596420128829777,-0.0010135543998330832,100.0,16.200000762939453
1772702233.1723921,2026-03-05T09:17:13.172392,altitude_step,03,47.397971,8.5461644,-0.08400000631809235,-0.2939999997615814,-0.0033899943809956312,-0.004013757221400738,-9.704092979431152,-0.00045574019895866513,0.00012596420128829777,-0.0010135543998330832,100.0,16.200000762939453
1772702233.2791364,2026-03-05T09:17:13.279136,altitude_step,03,47.397971,8.5461644,-0.08500000089406967,-0.29500001668930054,0.0010084123350679874,0.0006555879954248667,-9.70047378540039,0.0007163033587858081,-0.0009315971401520073,8.660659659653902e-06,100.0,16.200000762939453
1772702233.3802626,2026-03-05T09:17:13.380263,altitude_step,03,47.397971,8.5461644,-0.08500000089406967,-0.29500001668930054,0.0010084123350679874,0.0006555879954248667,-9.70047378540039,0.0007163033587858081,-0.0009315971401520073,8.660659659653902e-06,100.0,16.200000762939453
1772702233.4898965,2026-03-05T09:17:13.489897,altitude_step,03,47.397971,8.5461644,-0.08500000089406967,-0.29500001668930054,0.0010084123350679874,0.0006555879954248667,-9.70047378540039,0.0007163033587858081,-0.0009315971401520073,8.660659659653902e-06,100.0,16.200000762939453
1772702233.593971,2026-03-05T09:17:13.593971,altitude_step,03,47.397971,8.5461644,-0.08500000089406967,-0.29600000381469727,-0.008463015779852867,-0.0012392657808959484,-9.701306343078613,-0.00010933479643426836,-0.0005759920459240675,-0.0010078279301524162,100.0,16.200000762939453
1772702233.6972098,2026-03-05T09:17:13.697210,altitude_step,03,47.397971,8.5461644,-0.08500000089406967,-0.29600000381469727,-0.008463015779852867,-0.0012392657808959484,-9.701306343078613,-0.00010933479643426836,-0.0005759920459240675,-0.0010078279301524162,100.0,16.200000762939453
1772702233.806138,2026-03-05T09:17:13.806138,altitude_step,03,47.397971,8.5461644,-0.08800000697374344,-0.2980000078678131,-0.002346634166315198,0.002001481596380472,-9.69960880279541,0.00019160326337441802,-0.00037762249121442437,-0.0001957032218342647,100.0,16.200000762939453
1772702233.923857,2026-03-05T09:17:13.923857,altitude_step,03,47.397971,8.5461644,-0.08800000697374344,-0.2980000078678131,-0.002346634166315198,0.002001481596380472,-9.69960880279541,0.00019160326337441802,-0.00037762249121442437,-0.0001957032218342647,100.0,16.200000762939453
1772702234.0261598,2026-03-05T09:17:14.026160,altitude_step,03,47.397971,8.5461644,-0.08900000154972076,-0.2990000247955322,0.000854185433126986,0.00043209275463595986,-9.70576000213623,-0.0005904390127398074,0.0005524024600163102,0.0002907991292886436,100.0,16.200000762939453
1772702234.1292238,2026-03-05T09:17:14.129224,altitude_step,03,47.397971,8.5461644,-0.08900000154972076,-0.30000001192092896,0.0014390316791832447,0.0019056096207350492,-9.696761131286621,-0.0004397341108415276,5.12045735376887e-05,-0.0005617746501229703,100.0,16.200000762939453
1772702234.2591522,2026-03-05T09:17:14.259152,altitude_step,03,47.397971,8.5461644,-0.09100000560283661,-0.30100002884864807,0.002262208377942443,0.00193404546007514,-9.707517623901367,-0.0008050508913584054,-0.0005625485209748149,-0.0002560242428444326,100.0,16.200000762939453
1772702234.365729,2026-03-05T09:17:14.365729,altitude_step,03,47.397971,8.5461644,-0.09100000560283661,-0.30100002884864807,0.002262208377942443,0.00193404546007514,-9.707517623901367,-0.0008050508913584054,-0.0005625485209748149,-0.0002560242428444326,100.0,16.200000762939453
1772702234.499444,2026-03-05T09:17:14.499444,altitude_step,03,47.397971,8.5461644,-0.09100000560283661,-0.30100002884864807,0.002262208377942443,0.00193404546007514,-9.707517623901367,-0.0008050508913584054,-0.0005625485209748149,-0.0002560242428444326,100.0,16.200000762939453
1772702234.680075,2026-03-05T09:17:14.680075,altitude_step,03,47.397971,8.5461644,-0.09100000560283661,-0.30100002884864807,0.002262208377942443,0.00193404546007514,-9.707517623901367,-0.0008050508913584054,-0.0005625485209748149,-0.0002560242428444326,100.0,16.200000762939453
1772702234.7922573,2026-03-05T09:17:14.792257,altitude_step,03,47.397971,8.5461644,-0.09100000560283661,-0.30100002884864807,0.002262208377942443,0.00193404546007514,-9.707517623901367,-0.0008050508913584054,-0.0005625485209748149,-0.0002560242428444326,100.0,16.200000762939453
1772702234.9023879,2026-03-05T09:17:14.902388,altitude_step,03,47.397971,8.5461644,-0.09100000560283661,-0.30100002884864807,0.002262208377942443,0.00193404546007514,-9.707517623901367,-0.0008050508913584054,-0.0005625485209748149,-0.0002560242428444326,100.0,16.200000762939453
1772702235.017595,2026-03-05T09:17:15.017595,altitude_step,03,47.397971,8.5461644,-0.09200000762939453,-0.30300000309944153,0.004152699373662472,0.0008561265422031283,-9.708684921264648,-6.13416195847094e-05,-0.0005827203276567161,-0.00043669145088642836,100.0,16.200000762939453
1772702235.1241183,2026-03-05T09:17:15.124118,altitude_step,03,47.397971,8.5461644,-0.09200000762939453,-0.30300000309944153,0.004152699373662472,0.0008561265422031283,-9.708684921264648,-6.13416195847094e-05,-0.0005827203276567161,-0.00043669145088642836,100.0,16.200000762939453
1772702235.2408502,2026-03-05T09:17:15.240850,altitude_step,03,47.397971,8.5461644,-0.09200000762939453,-0.30300000309944153,0.004152699373662472,0.0008561265422031283,-9.708684921264648,-6.13416195847094e-05,-0.0005827203276567161,-0.00043669145088642836,100.0,16.200000762939453
1772702235.350476,2026-03-05T09:17:15.350476,altitude_step,03,47.397971,8.5461644,-0.09300000220537186,-0.30400002002716064,0.0017955198418349028,0.00020752486307173967,-9.70124340057373,0.00019421511387918144,-0.001021007657982409,0.00028971186839044094,100.0,16.200000762939453
1772702235.4532235,2026-03-05T09:17:15.453223,altitude_step,03,47.397971,8.5461644,-0.09300000220537186,-0.30400002002716064,0.0017955198418349028,0.00020752486307173967,-9.70124340057373,0.00019421511387918144,-0.001021007657982409,0.00028971186839044094,100.0,16.200000762939453
1772702235.5556722,2026-03-05T09:17:15.555672,altitude_step,03,47.397971,8.5461644,-0.09400000423192978,-0.3050000071525574,-0.000597901176661253,0.0022534970194101334,-9.704028129577637,-0.0006762322154827416,-0.000511324848048389,0.0008223959594033659,100.0,16.200000762939453
1772702235.6584113,2026-03-05T09:17:15.658411,altitude_step,03,47.397971,8.5461644,-0.09400000423192978,-0.3050000071525574,-0.000597901176661253,0.0022534970194101334,-9.704028129577637,-0.0006762322154827416,-0.000511324848048389,0.0008223959594033659,100.0,16.200000762939453
1772702235.7609088,2026-03-05T09:17:15.760909,altitude_step,03,47.397971,8.5461644,-0.09400000423192978,-0.3050000071525574,-0.000597901176661253,0.0022534970194101334,-9.704028129577637,-0.0006762322154827416,-0.000511324848048389,0.0008223959594033659,100.0,16.200000762939453
1772702235.868479,2026-03-05T09:17:15.868479,altitude_step,03,47.397971,8.5461644,-0.09400000423192978,-0.3050000071525574,-0.000597901176661253,0.0022534970194101334,-9.704028129577637,-0.0006762322154827416,-0.000511324848048389,0.0008223959594033659,100.0,16.200000762939453
1772702236.0405982,2026-03-05T09:17:16.040598,altitude_step,03,47.397971,8.5461644,-0.09400000423192978,-0.3050000071525574,-0.000597901176661253,0.0022534970194101334,-9.704028129577637,-0.0006762322154827416,-0.000511324848048389,0.0008223959594033659,100.0,16.200000762939453
1772702236.155422,2026-03-05T09:17:16.155422,altitude_step,03,47.397971,8.5461644,-0.09400000423192978,-0.30400002002716064,-0.0029164794832468033,0.0010317659471184015,-9.7011137008667,-0.0007261112914420664,0.0004302169836591929,0.0002252357080578804,100.0,16.200000762939453
1772702236.2582698,2026-03-05T09:17:16.258270,altitude_step,03,47.397971,8.5461644,-0.09400000423192978,-0.30400002002716064,-0.0029164794832468033,0.0010317659471184015,-9.7011137008667,-0.0007261112914420664,0.0004302169836591929,0.0002252357080578804,100.0,16.200000762939453
1772702236.3598964,2026-03-05T09:17:16.359896,altitude_step,03,47.397971,8.5461644,-0.09300000220537186,-0.30400002002716064,-0.006051414646208286,-0.0030645711813122034,-9.70144271850586,0.00018656854808796197,-0.0002461751864757389,0.0002779744390863925,100.0,16.200000762939453
1772702236.4608474,2026-03-05T09:17:16.460847,altitude_step,03,47.397971,8.5461644,-0.09300000220537186,-0.30400002002716064,-0.006051414646208286,-0.0030645711813122034,-9.70144271850586,0.00018656854808796197,-0.0002461751864757389,0.0002779744390863925,100.0,16.200000762939453
1772702236.5632322,2026-03-05T09:17:16.563232,altitude_step,03,47.397971,8.5461644,-0.09300000220537186,-0.30300000309944153,0.002777144778519869,-0.012475885450839996,-9.701986312866211,-0.00029993479256518185,0.0005712833371944726,-0.00012583567877300084,100.0,16.200000762939453
1772702236.669707,2026-03-05T09:17:16.669707,altitude_step,03,47.397971,8.5461644,-0.09300000220537186,-0.30300000309944153,0.002777144778519869,-0.012475885450839996,-9.701986312866211,-0.00029993479256518185,0.0005712833371944726,-0.00012583567877300084,100.0,16.200000762939453
1772702236.7711964,2026-03-05T09:17:16.771196,altitude_step,03,47.397971,8.5461644,-0.09300000220537186,-0.30300000309944153,0.002777144778519869,-0.012475885450839996,-9.701986312866211,-0.00029993479256518185,0.0005712833371944726,-0.00012583567877300084,100.0,16.200000762939453
1772702236.8742375,2026-03-05T09:17:16.874238,altitude_step,03,47.397971,8.5461644,-0.09300000220537186,-0.30300000309944153,0.002777144778519869,-0.012475885450839996,-9.701986312866211,-0.00029993479256518185,0.0005712833371944726,-0.00012583567877300084,100.0,16.200000762939453
1772702236.976837,2026-03-05T09:17:16.976837,altitude_step,03,47.397971,8.5461644,-0.09400000423192978,-0.30400002002716064,-0.004719387739896774,-0.0018464969471096992,-9.70644474029541,3.061125607928261e-05,-0.00024187385861296207,0.001113839098252356,100.0,16.200000762939453
1772702237.0781493,2026-03-05T09:17:17.078149,altitude_step,03,47.397971,8.5461644,-0.09400000423192978,-0.30400002002716064,-0.004719387739896774,-0.0018464969471096992,-9.70644474029541,3.061125607928261e-05,-0.00024187385861296207,0.001113839098252356,100.0,16.200000762939453
1772702237.230743,2026-03-05T09:17:17.230743,altitude_step,03,47.397971,8.5461644,-0.09400000423192978,-0.3050000071525574,0.0011529882904142141,0.0034763547591865063,-9.708640098571777,-0.0003074502747040242,-0.000717832357622683,-0.0008437216747552156,100.0,16.200000762939453
1772702237.333434,2026-03-05T09:17:17.333434,altitude_step,03,47.397971,8.5461644,-0.09400000423192978,-0.3050000071525574,0.0011529882904142141,0.0034763547591865063,-9.708640098571777,-0.0003074502747040242,-0.000717832357622683,-0.0008437216747552156,100.0,16.200000762939453
1772702237.4372208,2026-03-05T09:17:17.437221,altitude_step,03,47.397971,8.5461644,-0.09400000423192978,-0.3050000071525574,0.0011529882904142141,0.0034763547591865063,-9.708640098571777,-0.0003074502747040242,-0.000717832357622683,-0.0008437216747552156,100.0,16.200000762939453
1772702237.5390635,2026-03-05T09:17:17.539063,altitude_step,03,47.397971,8.5461644,-0.0950000062584877,-0.3060000240802765,0.0043801129795610905,0.0038372494745999575,-9.696612358093262,-0.00023868879361543804,-0.00038060444057919085,0.0010043802903965116,100.0,16.200000762939453
1772702237.6421814,2026-03-05T09:17:17.642181,altitude_step,03,47.397971,8.5461644,-0.0950000062584877,-0.3060000240802765,0.0043801129795610905,0.0038372494745999575,-9.696612358093262,-0.00023868879361543804,-0.00038060444057919085,0.0010043802903965116,100.0,16.200000762939453
1772702237.7440026,2026-03-05T09:17:17.744003,altitude_step,03,47.397971,8.5461644,-0.0950000062584877,-0.3060000240802765,-0.001949787838384509,0.003813691670075059,-9.711129188537598,0.0011358998017385602,0.0005614347173832357,-0.0011519318213686347,100.0,16.200000762939453
1772702237.846317,2026-03-05T09:17:17.846317,altitude_step,03,47.397971,8.5461644,-0.09700000286102295,-0.3070000112056732,-0.001949787838384509,0.003813691670075059,-9.711129188537598,0.0011358998017385602,0.0005614347173832357,-0.0011519318213686347,100.0,16.200000762939453
1772702238.0978312,2026-03-05T09:17:18.097831,altitude_step,03,47.397971,8.5461644,-0.09700000286102295,-0.3070000112056732,-0.001949787838384509,0.003813691670075059,-9.711129188537598,0.0011358998017385602,0.0005614347173832357,-0.0011519318213686347,100.0,16.200000762939453
1772702238.2144296,2026-03-05T09:17:18.214430,altitude_step,03,47.397971,8.5461644,-0.09800000488758087,-0.30800002813339233,-0.0006778602837584913,0.003932152409106493,-9.703442573547363,0.00021984867635183036,0.000530445424374193,0.00013571599265560508,100.0,16.200000762939453
1772702238.3172333,2026-03-05T09:17:18.317233,altitude_step,03,47.397971,8.5461644,-0.09800000488758087,-0.30900001525878906,-0.0027130995877087116,-0.005987747572362423,-9.705044746398926,0.0004466280806809664,-4.276514664525166e-05,0.0005887509323656559,100.0,16.200000762939453
1772702238.4202101,2026-03-05T09:17:18.420210,altitude_step,03,47.397971,8.5461644,-0.09800000488758087,-0.30900001525878906,-0.0027130995877087116,-0.005987747572362423,-9.705044746398926,0.0004466280806809664,-4.276514664525166e-05,0.0005887509323656559,100.0,16.200000762939453
1772702238.5223062,2026-03-05T09:17:18.522306,altitude_step,03,47.397971,8.5461644,-0.10000000149011612,-0.3100000023841858,-0.0040564402006566525,-0.004363850690424442,-9.70357894897461,-0.001701420173048973,-0.0005666820798069239,-0.0008434445480816066,100.0,16.200000762939453
1772702238.6229832,2026-03-05T09:17:18.622983,altitude_step,03,47.397971,8.5461644,-0.10000000149011612,-0.3100000023841858,-0.0040564402006566525,-0.004363850690424442,-9.70357894897461,-0.001701420173048973,-0.0005666820798069239,-0.0008434445480816066,100.0,16.200000762939453
1772702238.7250967,2026-03-05T09:17:18.725097,altitude_step,03,47.397971,8.5461644,-0.10000000149011612,-0.3100000023841858,-0.0040564402006566525,-0.004363850690424442,-9.70357894897461,-0.001701420173048973,-0.0005666820798069239,-0.0008434445480816066,100.0,16.200000762939453
1772702238.828391,2026-03-05T09:17:18.828391,altitude_step,03,47.397971,8.5461644,-0.10000000149011612,-0.3100000023841858,-0.005392114166170359,-0.0023375186137855053,-9.711058616638184,-0.0007706113392487168,0.0008323424262925982,0.0009191608405672014,100.0,16.200000762939453
1772702238.9390807,2026-03-05T09:17:18.939081,altitude_step,03,47.397971,8.5461644,-0.10100000351667404,-0.3110000193119049,-0.005392114166170359,-0.0023375186137855053,-9.711058616638184,-0.0007706113392487168,0.0008323424262925982,0.0009191608405672014,100.0,16.200000762939453
1772702239.0451007,2026-03-05T09:17:19.045101,altitude_step,03,47.397971,8.5461644,-0.10100000351667404,-0.3110000193119049,-0.004284989088773727,-0.0038012019358575344,-9.704497337341309,7.725402610958554e-07,0.0008011571480892599,0.0005190553492866457,100.0,16.200000762939453
1772702239.1519778,2026-03-05T09:17:19.151978,altitude_step,03,47.397971,8.5461644,-0.10200000554323196,-0.31200000643730164,-0.004284989088773727,-0.0038012019358575344,-9.704497337341309,7.725402610958554e-07,0.0008011571480892599,0.0005190553492866457,100.0,16.200000762939453
1772702239.2534678,2026-03-05T09:17:19.253468,altitude_step,03,47.397971,8.5461644,-0.10300000756978989,-0.3140000104904175,-0.003240019315853715,-0.005975311156362295,-9.701085090637207,0.00031269644387066364,0.00046040903544053435,0.0005044455174356699,100.0,16.200000762939453
1772702239.3564007,2026-03-05T09:17:19.356401,altitude_step,03,47.397971,8.5461644,-0.10400000214576721,-0.3140000104904175,0.002045394154265523,-0.005375129170715809,-9.706390380859375,-0.0002245091018266976,0.0006003504968248308,-9.136540757026523e-05,100.0,16.200000762939453
1772702239.4579942,2026-03-05T09:17:19.457994,altitude_step,03,47.397971,8.5461644,-0.10400000214576721,-0.3140000104904175,0.002045394154265523,-0.005375129170715809,-9.706390380859375,-0.0002245091018266976,0.0006003504968248308,-9.136540757026523e-05,100.0,16.200000762939453
1772702239.5593534,2026-03-05T09:17:19.559353,altitude_step,03,47.397971,8.5461644,-0.10400000214576721,-0.3140000104904175,0.002045394154265523,-0.005375129170715809,-9.706390380859375,-0.0002245091018266976,0.0006003504968248308,-9.136540757026523e-05,100.0,16.200000762939453
1772702239.6649997,2026-03-05T09:17:19.665000,altitude_step,03,47.397971,8.5461644,-0.10400000214576721,-0.3140000104904175,0.013554485514760017,0.0029352607671171427,-9.703740119934082,-0.0006034575635567307,-0.0004522463132161647,-0.0012784423306584358,100.0,16.200000762939453
1772702239.7732096,2026-03-05T09:17:19.773210,altitude_step,03,47.397971,8.5461644,-0.10500000417232513,-0.3160000145435333,0.013554485514760017,0.0029352607671171427,-9.703740119934082,-0.0006034575635567307,-0.0004522463132161647,-0.0012784423306584358,100.0,16.200000762939453
1772702239.8747072,2026-03-05T09:17:19.874707,altitude_step,03,47.397971,8.5461644,-0.10500000417232513,-0.3160000145435333,0.0025423031765967607,-0.004002245143055916,-9.704255104064941,0.00010140536323888227,-0.00019469644757919014,-0.00128534238319844,100.0,16.200000762939453
1772702240.0259418,2026-03-05T09:17:20.025942,altitude_step,03,47.397971,8.5461644,-0.10500000417232513,-0.3160000145435333,0.0025423031765967607,-0.004002245143055916,-9.704255104064941,0.00010140536323888227,-0.00019469644757919014,-0.00128534238319844,100.0,16.200000762939453
1772702240.1303298,2026-03-05T09:17:20.130330,altitude_step,03,47.397971,8.5461644,-0.1080000028014183,-0.3190000057220459,-0.003210792550817132,0.0039404043927788734,-9.702262878417969,0.0004356837598606944,0.0003009483916684985,0.00048648801748640835,100.0,16.200000762939453
1772702240.232344,2026-03-05T09:17:20.232344,altitude_step,03,47.397971,8.5461644,-0.1080000028014183,-0.3190000057220459,-0.003210792550817132,0.0039404043927788734,-9.702262878417969,0.0004356837598606944,0.0003009483916684985,0.00048648801748640835,100.0,16.200000762939453
1772702240.3358307,2026-03-05T09:17:20.335831,altitude_step,03,47.397971,8.5461644,-0.10900000482797623,-0.3190000057220459,-0.00038972997572273016,0.00037492235423997045,-9.702571868896484,0.000781930866651237,0.0010866316733881831,-0.0009364834986627102,100.0,16.200000762939453
1772702240.4383724,2026-03-05T09:17:20.438372,altitude_step,03,47.397971,8.5461644,-0.10900000482797623,-0.3190000057220459,-0.00038972997572273016,0.00037492235423997045,-9.702571868896484,0.000781930866651237,0.0010866316733881831,-0.0009364834986627102,100.0,16.200000762939453
1772702240.5558379,2026-03-05T09:17:20.555838,altitude_step,03,47.397971,8.5461644,-0.10900000482797623,-0.320000022649765,-0.004468715749680996,0.002593723824247718,-9.705347061157227,-8.706984954187647e-05,-0.00023681757738813758,0.0011485436698421836,100.0,16.200000762939453
1772702240.6580954,2026-03-05T09:17:20.658095,altitude_step,03,47.397971,8.5461644,-0.10900000482797623,-0.320000022649765,-0.004468715749680996,0.002593723824247718,-9.705347061157227,-8.706984954187647e-05,-0.00023681757738813758,0.0011485436698421836,100.0,16.200000762939453
1772702240.7642097,2026-03-05T09:17:20.764210,altitude_step,03,47.397971,8.5461644,-0.11000000685453415,-0.320000022649765,-0.011292367242276669,-0.0033739430364221334,-9.700729370117188,7.83743780630175e-06,0.00028284077416174114,0.0007195330690592527,100.0,16.200000762939453
1772702240.867456,2026-03-05T09:17:20.867456,altitude_step,03,47.397971,8.5461644,-0.11000000685453415,-0.320000022649765,-0.011292367242276669,-0.0033739430364221334,-9.700729370117188,7.83743780630175e-06,0.00028284077416174114,0.0007195330690592527,100.0,16.200000762939453
1772702240.9726572,2026-03-05T09:17:20.972657,altitude_step,03,47.397971,8.5461644,-0.11300000548362732,-0.3230000138282776,0.0005848969449289143,-0.0030329704750329256,-9.707606315612793,0.0002414288028376177,-1.6937377949943766e-05,-5.275509465718642e-05,100.0,16.200000762939453
1772702241.0753276,2026-03-05T09:17:21.075328,altitude_step,03,47.397971,8.5461644,-0.11300000548362732,-0.3230000138282776,0.0005848969449289143,-0.0030329704750329256,-9.707606315612793,0.0002414288028376177,-1.6937377949943766e-05,-5.275509465718642e-05,100.0,16.200000762939453
1772702241.177556,2026-03-05T09:17:21.177556,altitude_step,03,47.397971,8.5461644,-0.11300000548362732,-0.3240000009536743,-0.0004457671893760562,-0.0020563818980008364,-9.69823169708252,-0.0004072533920407295,-5.3217630920698866e-05,-8.969301416072994e-05,100.0,16.200000762939453
1772702241.2810616,2026-03-05T09:17:21.281062,altitude_step,03,47.397971,8.5461644,-0.11600000411272049,-0.32600000500679016,0.0015753943007439375,0.009721481241285801,-9.698298454284668,-0.0005758153274655342,-0.00017624897009227425,-0.0005699013127014041,100.0,16.200000762939453
1772702241.3827107,2026-03-05T09:17:21.382711,altitude_step,03,47.397971,8.5461644,-0.11600000411272049,-0.32600000500679016,-0.0006234565516933799,-0.0012722858227789402,-9.703324317932129,0.0009050603257492185,0.000851588963996619,0.0002442947297822684,100.0,16.200000762939453
1772702241.4847941,2026-03-05T09:17:21.484794,altitude_step,03,47.397971,8.5461644,-0.11700000613927841,-0.3270000219345093,-0.0006234565516933799,-0.0012722858227789402,-9.703324317932129,0.0009050603257492185,0.000851588963996619,0.0002442947297822684,100.0,16.200000762939453
1772702241.6010702,2026-03-05T09:17:21.601070,altitude_step,03,47.397971,8.5461644,-0.11700000613927841,-0.3270000219345093,-0.0006234565516933799,-0.0012722858227789402,-9.703324317932129,0.0009050603257492185,0.000851588963996619,0.0002442947297822684,100.0,16.200000762939453
1772702241.7044914,2026-03-05T09:17:21.704491,altitude_step,03,47.397971,8.5461644,-0.11800000816583633,-0.3290000259876251,0.0038548537995666265,-0.0020859166979789734,-9.701495170593262,0.0003115448635071516,-0.00040835130494087934,0.0002476261288393289,100.0,16.200000762939453
1772702241.807035,2026-03-05T09:17:21.807035,altitude_step,03,47.397971,8.5461644,-0.11800000816583633,-0.3290000259876251,0.0038548537995666265,-0.0020859166979789734,-9.701495170593262,0.0003115448635071516,-0.00040835130494087934,0.0002476261288393289,100.0,16.200000762939453
1772702241.9210227,2026-03-05T09:17:21.921023,altitude_step,03,47.397971,8.5461644,-0.11800000816583633,-0.3290000259876251,-0.0027763929683715105,0.0030807824805378914,-9.706650733947754,-0.0001543374382890761,-0.00048371750744991004,0.00023715602583251894,100.0,16.200000762939453
1772702242.0221598,2026-03-05T09:17:22.022160,altitude_step,03,47.397971,8.5461644,-0.11800000816583633,-0.3290000259876251,-0.0027763929683715105,0.0030807824805378914,-9.706650733947754,-0.0001543374382890761,-0.00048371750744991004,0.00023715602583251894,100.0,16.200000762939453
1772702242.1239498,2026-03-05T09:17:22.123950,altitude_step,03,47.397971,8.5461644,-0.11900000274181366,-0.3290000259876251,-0.0029575082007795572,0.001999687636271119,-9.701874732971191,-0.00026136840460821986,0.00011840676597785205,-0.0016309792408719659,100.0,16.200000762939453
1772702242.2263193,2026-03-05T09:17:22.226319,altitude_step,03,47.397971,8.5461644,-0.11900000274181366,-0.3290000259876251,-0.0029575082007795572,0.001999687636271119,-9.701874732971191,-0.00026136840460821986,0.00011840676597785205,-0.0016309792408719659,100.0,16.200000762939453
1772702242.3310244,2026-03-05T09:17:22.331024,altitude_step,03,47.397971,8.5461644,-0.11900000274181366,-0.33000001311302185,-0.0001503857783973217,-0.0023127628955990076,-9.7002592086792,-0.00038153500645421445,0.0002481076226104051,0.0010557216592133045,100.0,16.200000762939453
1772702242.4331834,2026-03-05T09:17:22.433183,altitude_step,03,47.397971,8.5461644,-0.12200000882148743,-0.3320000171661377,-0.0027042042929679155,-0.0008218259899877012,-9.706111907958984,-0.00036792372702620924,-0.00026762744528241456,-0.0010865353979170322,100.0,16.200000762939453
1772702242.544669,2026-03-05T09:17:22.544669,altitude_step,03,47.397971,8.5461644,-0.12200000882148743,-0.3320000171661377,-0.0027042042929679155,-0.0008218259899877012,-9.706111907958984,-0.00036792372702620924,-0.00026762744528241456,-0.0010865353979170322,100.0,16.200000762939453
1772702242.6480856,2026-03-05T09:17:22.648086,altitude_step,03,47.397971,8.5461644,-0.12200000882148743,-0.3320000171661377,-0.010942474007606506,-0.004071695264428854,-9.701157569885254,-0.0007070237188600004,0.000880566134583205,-0.0007531123701483011,100.0,16.200000762939453
1772702242.7538285,2026-03-05T09:17:22.753829,altitude_step,03,47.397971,8.5461644,-0.1210000067949295,-0.3320000171661377,-0.010942474007606506,-0.004071695264428854,-9.701157569885254,-0.0007070237188600004,0.000880566134583205,-0.0007531123701483011,100.0,16.200000762939453
1772702242.855321,2026-03-05T09:17:22.855321,altitude_step,03,47.397971,8.5461644,-0.1210000067949295,-0.3320000171661377,-0.010942474007606506,-0.004071695264428854,-9.701157569885254,-0.0007070237188600004,0.000880566134583205,-0.0007531123701483011,100.0,16.200000762939453
1772702242.957743,2026-03-05T09:17:22.957743,altitude_step,03,47.397971,8.5461644,-0.12000000476837158,-0.33000001311302185,0.0044066510163247585,0.0005185664631426334,-9.703255653381348,0.0001745615154504776,0.0009951828978955746,-0.00024620845215395093,100.0,16.200000762939453
1772702243.0619617,2026-03-05T09:17:23.061962,altitude_step,03,47.397971,8.5461644,-0.12000000476837158,-0.33000001311302185,0.0044066510163247585,0.0005185664631426334,-9.703255653381348,0.0001745615154504776,0.0009951828978955746,-0.00024620845215395093,100.0,16.200000762939453
1772702243.16434,2026-03-05T09:17:23.164340,altitude_step,03,47.397971,8.5461644,-0.11900000274181366,-0.33000001311302185,5.7671801187098026e-05,-0.006056415848433971,-9.71052074432373,0.0004792500985786319,-0.0005399959627538919,0.0001234317314811051,100.0,16.200000762939453
1772702243.2985182,2026-03-05T09:17:23.298518,altitude_step,03,47.397971,8.5461644,-0.11800000816583633,-0.3290000259876251,-0.0033490359783172607,-0.0027616906445473433,-9.707602500915527,0.0001675301173236221,-0.0001302737946389243,0.00018665121751837432,100.0,16.200000762939453
1772702243.4104269,2026-03-05T09:17:23.410427,altitude_step,03,47.397971,8.5461644,-0.11800000816583633,-0.3290000259876251,3.831699723377824e-05,0.007416064850986004,-9.70946216583252,4.4294793042354286e-05,0.00038977255462668836,0.0003855182440020144,100.0,16.200000762939453
1772702243.5140216,2026-03-05T09:17:23.514022,altitude_step,03,47.397971,8.5461644,-0.11800000816583633,-0.3290000259876251,3.831699723377824e-05,0.007416064850986004,-9.70946216583252,4.4294793042354286e-05,0.00038977255462668836,0.0003855182440020144,100.0,16.200000762939453
1772702243.6172035,2026-03-05T09:17:23.617203,altitude_step,03,47.397971,8.5461644,-0.11800000816583633,-0.3290000259876251,3.831699723377824e-05,0.007416064850986004,-9.70946216583252,4.4294793042354286e-05,0.00038977255462668836,0.0003855182440020144,100.0,16.200000762939453
1772702243.7341223,2026-03-05T09:17:23.734122,altitude_step,03,47.397971,8.5461644,-0.11800000816583633,-0.3290000259876251,-0.00490060867741704,0.003826370695605874,-9.69953441619873,-0.00010197796655120328,-0.0002136474649887532,0.0008165898616425693,100.0,16.200000762939453
1772702243.8370302,2026-03-05T09:17:23.837030,altitude_step,03,47.397971,8.5461644,-0.11800000816583633,-0.3290000259876251,-0.00490060867741704,0.003826370695605874,-9.69953441619873,-0.00010197796655120328,-0.0002136474649887532,0.0008165898616425693,100.0,16.200000762939453
1772702243.9522252,2026-03-05T09:17:23.952225,altitude_step,03,47.397971,8.5461644,-0.11800000816583633,-0.3290000259876251,-0.00490060867741704,0.003826370695605874,-9.69953441619873,-0.00010197796655120328,-0.0002136474649887532,0.0008165898616425693,100.0,16.200000762939453
1772702244.0901906,2026-03-05T09:17:24.090191,altitude_step,03,47.397971,8.5461644,-0.11800000816583633,-0.3290000259876251,-0.003758607665076852,0.0015616191085428,-9.698378562927246,-1.9760353097808547e-05,-0.0009630129206925631,0.0003530119138304144,100.0,16.200000762939453
1772702244.1975424,2026-03-05T09:17:24.197542,altitude_step,03,47.397971,8.5461644,-0.11700000613927841,-0.328000009059906,0.003045647405087948,0.0012540356256067753,-9.706831932067871,0.0003920787130482495,-0.0006505660130642354,6.596445746254176e-05,100.0,16.200000762939453
1772702244.2990644,2026-03-05T09:17:24.299064,altitude_step,03,47.397971,8.5461644,-0.11700000613927841,-0.328000009059906,0.003045647405087948,0.0012540356256067753,-9.706831932067871,0.0003920787130482495,-0.0006505660130642354,6.596445746254176e-05,100.0,16.200000762939453
1772702244.407285,2026-03-05T09:17:24.407285,altitude_step,03,47.397971,8.5461644,-0.12000000476837158,-0.33100003004074097,0.0013277714606374502,0.01021453458815813,-9.703478813171387,-0.00014388392446562648,-0.0011675356654450297,-0.0004647613095585257,100.0,16.200000762939453
1772702244.517893,2026-03-05T09:17:24.517893,altitude_step,03,47.397971,8.5461644,-0.1210000067949295,-0.33100003004074097,0.003268435364589095,-0.004616021644324064,-9.706732749938965,-0.000232660211622715,-0.000243036265601404,0.0012448300840333104,100.0,16.200000762939453
1772702244.6268291,2026-03-05T09:17:24.626829,altitude_step,03,47.397971,8.5461644,-0.1210000067949295,-0.33100003004074097,0.003268435364589095,-0.004616021644324064,-9.706732749938965,-0.000232660211622715,-0.000243036265601404,0.0012448300840333104,100.0,16.200000762939453
1772702244.7345612,2026-03-05T09:17:24.734561,altitude_step,03,47.397971,8.5461644,-0.12200000882148743,-0.3330000042915344,-0.002392436610534787,0.010769310407340527,-9.712301254272461,-0.00011604429892031476,-0.0004728834901470691,0.0009667773847468197,100.0,16.200000762939453
1772702244.8381708,2026-03-05T09:17:24.838171,altitude_step,03,47.397971,8.5461644,-0.12200000882148743,-0.3330000042915344,-0.002392436610534787,0.010769310407340527,-9.712301254272461,-0.00011604429892031476,-0.0004728834901470691,0.0009667773847468197,100.0,16.200000762939453
1772702244.9439697,2026-03-05T09:17:24.943970,altitude_step,03,47.397971,8.5461644,-0.12200000882148743,-0.3330000042915344,-0.002392436610534787,0.010769310407340527,-9.712301254272461,-0.00011604429892031476,-0.0004728834901470691,0.0009667773847468197,100.0,16.200000762939453
1772702245.0782566,2026-03-05T09:17:25.078257,altitude_step,03,47.397971,8.5461644,-0.12300000339746475,-0.33400002121925354,-0.005021251738071442,0.003945124335587025,-9.704726219177246,-0.0003811761853285134,-3.66881322406698e-05,-0.0003676133055705577,100.0,16.200000762939453
1772702245.1953812,2026-03-05T09:17:25.195381,altitude_step,03,47.397971,8.5461644,-0.12400000542402267,-0.33400002121925354,-0.005021251738071442,0.003945124335587025,-9.704726219177246,-0.0003811761853285134,-3.66881322406698e-05,-0.0003676133055705577,100.0,16.200000762939453
1772702245.2977426,2026-03-05T09:17:25.297743,altitude_step,03,47.397971,8.5461643,-0.125,-0.33500000834465027,0.0037304062861949205,-0.001674911705777049,-9.7019681930542,0.00019128777785226703,0.0003191233554389328,0.00030451445491053164,100.0,16.200000762939453
1772702245.4025934,2026-03-05T09:17:25.402593,altitude_step,03,47.397971,8.5461643,-0.125,-0.33500000834465027,0.0037304062861949205,-0.001674911705777049,-9.7019681930542,0.00019128777785226703,0.0003191233554389328,0.00030451445491053164,100.0,16.200000762939453
1772702245.5064008,2026-03-05T09:17:25.506401,altitude_step,03,47.397971,8.5461643,-0.125,-0.3360000252723694,0.0037514970172196627,-0.0010574525222182274,-9.709750175476074,-0.00020820877398364246,-0.0003129909164272249,0.0006291568279266357,100.0,16.200000762939453
1772702245.607954,2026-03-05T09:17:25.607954,altitude_step,03,47.397971,8.5461643,-0.125,-0.3360000252723694,0.0037514970172196627,-0.0010574525222182274,-9.709750175476074,-0.00020820877398364246,-0.0003129909164272249,0.0006291568279266357,100.0,16.200000762939453
1772702245.7091134,2026-03-05T09:17:25.709113,altitude_step,03,47.397971,8.5461643,-0.125,-0.3360000252723694,0.0037514970172196627,-0.0010574525222182274,-9.709750175476074,-0.00020820877398364246,-0.0003129909164272249,0.0006291568279266357,100.0,16.200000762939453
1772702245.8103352,2026-03-05T09:17:25.810335,altitude_step,03,47.397971,8.5461643,-0.125,-0.3360000252723694,0.0037514970172196627,-0.0010574525222182274,-9.709750175476074,-0.00020820877398364246,-0.0003129909164272249,0.0006291568279266357,100.0,16.200000762939453
1772702245.94434,2026-03-05T09:17:25.944340,altitude_step,03,47.397971,8.5461643,-0.12600000202655792,-0.3370000123977661,-0.0040497551672160625,0.0073958453722298145,-9.708731651306152,-0.00012269658327568322,-0.0016308996127918363,1.3037122698733583e-05,100.0,16.200000762939453
1772702246.0766404,2026-03-05T09:17:26.076640,altitude_step,03,47.397971,8.5461643,-0.1300000101327896,-0.3400000035762787,0.0023580435663461685,-0.007138819433748722,-9.70848274230957,0.0007545395637862384,0.0008230888633988798,-0.0006235053297132254,100.0,16.200000762939453
1772702246.2161133,2026-03-05T09:17:26.216113,altitude_step,03,47.397971,8.5461643,-0.1300000101327896,-0.3400000035762787,0.0023580435663461685,-0.007138819433748722,-9.70848274230957,0.0007545395637862384,0.0008230888633988798,-0.0006235053297132254,100.0,16.200000762939453
1772702246.3222106,2026-03-05T09:17:26.322211,altitude_step,03,47.397971,8.5461643,-0.12800000607967377,-0.33900001645088196,-0.0004950407892465591,0.0033733912277966738,-9.696123123168945,0.0014180814614519477,-0.0012605965603142977,0.0010260179406031966,100.0,16.200000762939453
1772702246.4251142,2026-03-05T09:17:26.425114,altitude_step,03,47.397971,8.5461643,-0.12800000607967377,-0.33900001645088196,-0.0004950407892465591,0.0033733912277966738,-9.696123123168945,0.0014180814614519477,-0.0012605965603142977,0.0010260179406031966,100.0,16.200000762939453
1772702246.5273175,2026-03-05T09:17:26.527318,altitude_step,03,47.397971,8.5461643,-0.12800000607967377,-0.33900001645088196,-0.0004950407892465591,0.0033733912277966738,-9.696123123168945,0.0014180814614519477,-0.0012605965603142977,0.0010260179406031966,100.0,16.200000762939453
1772702246.6300526,2026-03-05T09:17:26.630053,altitude_step,03,47.397971,8.5461643,-0.12800000607967377,-0.33800002932548523,-0.0007416302105411887,-0.007951540872454643,-9.7013578414917,-0.0005766337853856385,0.0003356340166646987,0.00011791961151175201,100.0,16.200000762939453
1772702246.7337587,2026-03-05T09:17:26.733759,altitude_step,03,47.397971,8.5461643,-0.12800000607967377,-0.33800002932548523,-0.0007416302105411887,-0.007951540872454643,-9.7013578414917,-0.0005766337853856385,0.0003356340166646987,0.00011791961151175201,100.0,16.200000762939453
1772702246.8372009,2026-03-05T09:17:26.837201,altitude_step,03,47.397971,8.5461643,-0.12800000607967377,-0.33900001645088196,-0.011904074810445309,-0.004070098511874676,-9.706493377685547,0.00035689634387381375,-0.0007976234774105251,0.0006323382258415222,100.0,16.200000762939453
1772702246.9389365,2026-03-05T09:17:26.938936,altitude_step,03,47.397971,8.5461643,-0.12800000607967377,-0.33900001645088196,-0.011904074810445309,-0.004070098511874676,-9.706493377685547,0.00035689634387381375,-0.0007976234774105251,0.0006323382258415222,100.0,16.200000762939453
1772702247.0479746,2026-03-05T09:17:27.047975,altitude_step,03,47.397971,8.5461643,-0.12800000607967377,-0.33900001645088196,-0.006315458565950394,0.0005545704043470323,-9.700370788574219,-8.669366070535034e-05,-0.0012668648269027472,7.415717118419707e-05,100.0,16.200000762939453
1772702247.2359452,2026-03-05T09:17:27.235945,altitude_step,03,47.397971,8.5461643,-0.12700000405311584,-0.33800002932548523,-0.010784691199660301,-0.0035449471324682236,-9.713272094726562,0.0008324467344209552,0.0003629205748438835,0.001490619033575058,100.0,16.200000762939453
1772702247.3406487,2026-03-05T09:17:27.340649,altitude_step,03,47.397971,8.5461643,-0.12700000405311584,-0.33800002932548523,-0.004254486411809921,-0.0034331348724663258,-9.695550918579102,0.0004449113621376455,0.0006242981180548668,7.755124534014612e-05,100.0,16.200000762939453
1772702247.445725,2026-03-05T09:17:27.445725,altitude_step,03,47.397971,8.5461643,-0.12700000405311584,-0.33800002932548523,-0.004254486411809921,-0.0034331348724663258,-9.695550918579102,0.0004449113621376455,0.0006242981180548668,7.755124534014612e-05,100.0,16.200000762939453
1772702247.5558355,2026-03-05T09:17:27.555835,altitude_step,03,47.397971,8.5461643,-0.12700000405311584,-0.33800002932548523,-0.004254486411809921,-0.0034331348724663258,-9.695550918579102,0.0004449113621376455,0.0006242981180548668,7.755124534014612e-05,100.0,16.200000762939453
1772702247.6979938,2026-03-05T09:17:27.697994,altitude_step,03,47.397971,8.5461643,-0.12700000405311584,-0.33800002932548523,0.000550219090655446,-0.0073507726192474365,-9.702207565307617,0.0004716324037872255,-0.00031716597732156515,-0.00116722472012043,100.0,16.200000762939453
1772702247.8242767,2026-03-05T09:17:27.824277,altitude_step,03,47.397971,8.5461643,-0.12700000405311584,-0.33800002932548523,0.000550219090655446,-0.0073507726192474365,-9.702207565307617,0.0004716324037872255,-0.00031716597732156515,-0.00116722472012043,100.0,16.200000762939453
1772702247.926326,2026-03-05T09:17:27.926326,altitude_step,03,47.397971,8.5461643,-0.12700000405311584,-0.33800002932548523,0.000550219090655446,-0.0073507726192474365,-9.702207565307617,0.0004716324037872255,-0.00031716597732156515,-0.00116722472012043,100.0,16.200000762939453
1772702248.0494487,2026-03-05T09:17:28.049449,altitude_step,03,47.397971,8.5461643,-0.12700000405311584,-0.33800002932548523,0.000550219090655446,-0.0073507726192474365,-9.702207565307617,0.0004716324037872255,-0.00031716597732156515,-0.00116722472012043,100.0,16.200000762939453
1772702248.2422357,2026-03-05T09:17:28.242236,altitude_step,03,47.397971,8.5461643,-0.12700000405311584,-0.33800002932548523,0.000550219090655446,-0.0073507726192474365,-9.702207565307617,0.0004716324037872255,-0.00031716597732156515,-0.00116722472012043,100.0,16.200000762939453
1772702248.3461363,2026-03-05T09:17:28.346136,altitude_step,03,47.397971,8.5461643,-0.12400000542402267,-0.33500000834465027,-0.004972430411726236,0.008834975771605968,-9.70224380493164,0.00043491035467013717,-0.0004556989879347384,-0.0007592925685457885,100.0,16.200000762939453
1772702248.4588757,2026-03-05T09:17:28.458876,altitude_step,03,47.397971,8.5461643,-0.12400000542402267,-0.33500000834465027,-0.004972430411726236,0.008834975771605968,-9.70224380493164,0.00043491035467013717,-0.0004556989879347384,-0.0007592925685457885,100.0,16.200000762939453
1772702248.570282,2026-03-05T09:17:28.570282,altitude_step,03,47.397971,8.5461643,-0.12400000542402267,-0.33500000834465027,-0.004972430411726236,0.008834975771605968,-9.70224380493164,0.00043491035467013717,-0.0004556989879347384,-0.0007592925685457885,100.0,16.200000762939453
1772702248.6717896,2026-03-05T09:17:28.671790,altitude_step,03,47.397971,8.5461643,-0.12400000542402267,-0.33500000834465027,-0.004972430411726236,0.008834975771605968,-9.70224380493164,0.00043491035467013717,-0.0004556989879347384,-0.0007592925685457885,100.0,16.200000762939453
1772702248.773373,2026-03-05T09:17:28.773373,altitude_step,03,47.397971,8.5461643,-0.12300000339746475,-0.33400002121925354,-0.0032091608736664057,-0.004167849663645029,-9.695666313171387,-0.0014227520441636443,0.000542941503226757,-0.00143119553104043,100.0,16.200000762939453
1772702248.8755097,2026-03-05T09:17:28.875510,altitude_step,03,47.397971,8.5461643,-0.12300000339746475,-0.33400002121925354,-0.0032091608736664057,-0.004167849663645029,-9.695666313171387,-0.0014227520441636443,0.000542941503226757,-0.00143119553104043,100.0,16.200000762939453
1772702248.9780917,2026-03-05T09:17:28.978092,altitude_step,03,47.397971,8.5461643,-0.12200000882148743,-0.3330000042915344,0.0009133658604696393,-0.0033514576498419046,-9.701231002807617,-0.0005194682162255049,0.0006559350294992328,0.00031731475610286,100.0,16.200000762939453
1772702249.078922,2026-03-05T09:17:29.078922,altitude_step,03,47.397971,8.5461643,-0.12200000882148743,-0.3330000042915344,0.0009133658604696393,-0.0033514576498419046,-9.701231002807617,-0.0005194682162255049,0.0006559350294992328,0.00031731475610286,100.0,16.200000762939453
1772702249.1808815,2026-03-05T09:17:29.180882,altitude_step,03,47.397971,8.5461643,-0.12200000882148743,-0.3330000042915344,0.0009133658604696393,-0.0033514576498419046,-9.701231002807617,-0.0005194682162255049,0.0006559350294992328,0.00031731475610286,100.0,16.200000762939453
1772702249.283737,2026-03-05T09:17:29.283737,altitude_step,03,47.397971,8.5461643,-0.12200000882148743,-0.3330000042915344,0.0009133658604696393,-0.0033514576498419046,-9.701231002807617,-0.0005194682162255049,0.0006559350294992328,0.00031731475610286,100.0,16.200000762939453
1772702249.3918793,2026-03-05T09:17:29.391879,altitude_step,03,47.397971,8.5461643,-0.12200000882148743,-0.3330000042915344,-0.004633736796677113,0.005320487543940544,-9.703337669372559,-0.00019905481894966215,-0.000464851240394637,0.0003376354870852083,100.0,16.200000762939453
1772702249.496736,2026-03-05T09:17:29.496736,altitude_step,03,47.397971,8.5461643,-0.12200000882148743,-0.3330000042915344,-0.006433078553527594,0.000961868092417717,-9.706254959106445,-0.0001595381327206269,0.0002553708909545094,0.0008123849984258413,100.0,16.200000762939453
1772702249.6009264,2026-03-05T09:17:29.600926,altitude_step,03,47.397971,8.5461643,-0.12200000882148743,-0.3330000042915344,0.0009157364256680012,-0.009857090190052986,-9.707170486450195,-0.0005252429400570691,0.00021995238785166293,0.0005090141203254461,100.0,16.200000762939453
1772702249.7034104,2026-03-05T09:17:29.703410,altitude_step,03,47.397971,8.5461643,-0.12200000882148743,-0.3330000042915344,0.0009157364256680012,-0.009857090190052986,-9.707170486450195,-0.0005252429400570691,0.00021995238785166293,0.0005090141203254461,100.0,16.200000762939453
1772702249.8059416,2026-03-05T09:17:29.805942,altitude_step,03,47.397971,8.5461643,-0.12600000202655792,-0.3360000252723694,-0.00805322453379631,-0.0016267430037260056,-9.70443058013916,-0.00048660108586773276,-0.0005515065276995301,-0.0002470183535479009,100.0,16.200000762939453
1772702249.908984,2026-03-05T09:17:29.908984,altitude_step,03,47.397971,8.5461643,-0.12600000202655792,-0.3360000252723694,0.0016240014228969812,-7.980182999745011e-05,-9.70326042175293,-0.0002903687418438494,0.00014048429147806019,4.364577398519032e-05,100.0,16.200000762939453
1772702250.0220282,2026-03-05T09:17:30.022028,altitude_step,03,47.397971,8.5461643,-0.12700000405311584,-0.33800002932548523,0.0016240014228969812,-7.980182999745011e-05,-9.70326042175293,-0.0002903687418438494,0.00014048429147806019,4.364577398519032e-05,100.0,16.200000762939453
1772702250.1241453,2026-03-05T09:17:30.124145,altitude_step,03,47.397971,8.5461643,-0.12700000405311584,-0.33800002932548523,-0.002652623225003481,0.003495460608974099,-9.700433731079102,-0.0004042890795972198,0.00022681539121549577,-0.0007057657930999994,100.0,16.200000762939453
1772702250.251504,2026-03-05T09:17:30.251504,altitude_step,03,47.397971,8.5461643,-0.12700000405311584,-0.33800002932548523,0.0025121180806308985,-0.00030011910712346435,-9.702115058898926,-0.0004620576510205865,0.000982700614258647,0.001023176359012723,100.0,16.200000762939453
1772702250.3613007,2026-03-05T09:17:30.361301,altitude_step,03,47.397971,8.5461643,-0.12700000405311584,-0.33800002932548523,0.0025121180806308985,-0.00030011910712346435,-9.702115058898926,-0.0004620576510205865,0.000982700614258647,0.001023176359012723,100.0,16.200000762939453
1772702250.4660652,2026-03-05T09:17:30.466065,altitude_step,03,47.397971,8.5461644,-0.12800000607967377,-0.33800002932548523,-0.002565334551036358,-0.0032856448087841272,-9.70474624633789,0.0010837535373866558,-7.21809410606511e-05,-6.47007254883647e-07,100.0,16.200000762939453
1772702250.5690997,2026-03-05T09:17:30.569100,altitude_step,03,47.397971,8.5461644,-0.12700000405311584,-0.33800002932548523,0.0040223198011517525,0.006606775801628828,-9.706684112548828,0.0001951912563527003,0.0008330075652338564,0.0009129788959398866,100.0,16.200000762939453
1772702250.670409,2026-03-05T09:17:30.670409,altitude_step,03,47.397971,8.5461644,-0.12700000405311584,-0.33800002932548523,0.0040223198011517525,0.006606775801628828,-9.706684112548828,0.0001951912563527003,0.0008330075652338564,0.0009129788959398866,100.0,16.200000762939453
1772702250.7735393,2026-03-05T09:17:30.773539,altitude_step,03,47.397971,8.5461644,-0.12700000405311584,-0.33800002932548523,-0.0075166490860283375,-0.00035544740967452526,-9.704732894897461,0.0011589486384764314,-0.00022361321316566318,0.0007498667691834271,100.0,16.200000762939453
