timestamp_unix_s,timestamp_iso,scenario,run_id,lat_deg,lon_deg,abs_alt_m,rel_alt_m,accel_x_mps2,accel_y_mps2,accel_z_mps2,gyro_x_rps,gyro_y_rps,gyro_z_rps,battery_remaining_pct,battery_voltage_v
1772700710.4966896,2026-03-05T08:51:50.496690,hover,01,,,,,,,,,,,,
1772700710.6189938,2026-03-05T08:51:50.618994,hover,01,,,,,,,,,,,,
1772700710.7223063,2026-03-05T08:51:50.722306,hover,01,,,,,,,,,,,,
1772700710.8290708,2026-03-05T08:51:50.829071,hover,01,,,,,,,,,,,,
1772700710.931944,2026-03-05T08:51:50.931944,hover,01,47.3979711,8.5461637,0.2630000114440918,-0.09800000488758087,-0.009716455824673176,0.004262101836502552,-9.682308197021484,0.0007655330700799823,5.336808681022376e-05,0.0005612802924588323,,
1772700711.0351539,2026-03-05T08:51:51.035154,hover,01,47.3979711,8.5461637,0.2630000114440918,-0.09800000488758087,-0.004804383963346481,0.006989005953073502,-9.681918144226074,0.0003987796953879297,-0.00021077775454614311,3.4020231396425515e-06,,
1772700711.1361804,2026-03-05T08:51:51.136180,hover,01,47.3979711,8.5461637,0.2630000114440918,-0.09800000488758087,-0.004804383963346481,0.006989005953073502,-9.681918144226074,0.0003987796953879297,-0.00021077775454614311,3.4020231396425515e-06,,
1772700711.2611315,2026-03-05T08:51:51.261132,hover,01,47.3979711,8.5461637,0.2630000114440918,-0.09800000488758087,-0.004804383963346481,0.006989005953073502,-9.681918144226074,0.0003987796953879297,-0.00021077775454614311,3.4020231396425515e-06,,
1772700711.3653927,2026-03-05T08:51:51.365393,hover,01,47.3979711,8.5461637,0.2630000114440918,-0.09800000488758087,-0.014063346199691296,-0.00301348022185266,-9.684305191040039,0.0007111955783329904,-9.224659879691899e-05,0.0002082283463096246,,
1772700711.5231845,2026-03-05T08:51:51.523185,hover,01,47.3979711,8.5461637,0.2630000114440918,-0.09800000488758087,-0.014063346199691296,-0.00301348022185266,-9.684305191040039,0.0007111955783329904,-9.224659879691899e-05,0.0002082283463096246,,
1772700711.6248143,2026-03-05T08:51:51.624814,hover,01,47.3979711,8.5461637,0.2630000114440918,-0.09800000488758087,-0.014063346199691296,-0.00301348022185266,-9.684305191040039,0.0007111955783329904,-9.224659879691899e-05,0.0002082283463096246,,
1772700711.7366793,2026-03-05T08:51:51.736679,hover,01,47.3979711,8.5461637,0.2630000114440918,-0.09800000488758087,-0.014063346199691296,-0.00301348022185266,-9.684305191040039,0.0007111955783329904,-9.224659879691899e-05,0.0002082283463096246,,
1772700711.8430388,2026-03-05T08:51:51.843039,hover,01,47.3979711,8.5461637,0.2630000114440918,-0.09800000488758087,-0.014063346199691296,-0.00301348022185266,-9.684305191040039,0.0007111955783329904,-9.224659879691899e-05,0.0002082283463096246,,
1772700711.9454315,2026-03-05T08:51:51.945431,hover,01,47.3979711,8.5461637,0.2630000114440918,-0.09800000488758087,-0.0004333155229687691,-0.0068969386629760265,-9.691553115844727,8.357384649571031e-05,-0.00012549274833872914,-0.0005383358802646399,,
1772700712.0483131,2026-03-05T08:51:52.048313,hover,01,47.3979711,8.5461637,0.2630000114440918,-0.09800000488758087,-0.0004333155229687691,-0.0068969386629760265,-9.691553115844727,8.357384649571031e-05,-0.00012549274833872914,-0.0005383358802646399,,
1772700712.157989,2026-03-05T08:51:52.157989,hover,01,47.3979711,8.5461637,0.2630000114440918,-0.09800000488758087,-0.0004333155229687691,-0.0068969386629760265,-9.691553115844727,8.357384649571031e-05,-0.00012549274833872914,-0.0005383358802646399,,
1772700712.2611804,2026-03-05T08:51:52.261180,hover,01,47.3979711,8.5461636,0.2630000114440918,-0.09700000286102295,-0.0018006430473178625,-0.003429919946938753,-9.680135726928711,0.0005472092889249325,-0.0003789096954278648,0.0005073506617918611,,
1772700712.3683157,2026-03-05T08:51:52.368316,hover,01,47.3979711,8.5461636,0.2630000114440918,-0.09700000286102295,-0.0018006430473178625,-0.003429919946938753,-9.680135726928711,0.0005472092889249325,-0.0003789096954278648,0.0005073506617918611,,
1772700712.4762607,2026-03-05T08:51:52.476261,hover,01,47.3979711,8.5461636,0.2630000114440918,-0.09700000286102295,-0.0018006430473178625,-0.003429919946938753,-9.680135726928711,0.0005472092889249325,-0.0003789096954278648,0.0005073506617918611,,
1772700712.5780814,2026-03-05T08:51:52.578081,hover,01,47.3979711,8.5461636,0.2630000114440918,-0.09700000286102295,-0.0071953414008021355,-0.004526096861809492,-9.679360389709473,0.0011647569481283426,-0.0006468257051892579,0.0010979396756738424,100.0,16.200000762939453
1772700712.6892712,2026-03-05T08:51:52.689271,hover,01,47.3979711,8.5461636,0.2630000114440918,-0.09700000286102295,-0.0071953414008021355,-0.004526096861809492,-9.679360389709473,0.0011647569481283426,-0.0006468257051892579,0.0010979396756738424,100.0,16.200000762939453
1772700712.7919977,2026-03-05T08:51:52.791998,hover,01,47.3979711,8.5461636,0.2630000114440918,-0.09700000286102295,-0.0071953414008021355,-0.004526096861809492,-9.679360389709473,0.0011647569481283426,-0.0006468257051892579,0.0010979396756738424,100.0,16.200000762939453
1772700712.895588,2026-03-05T08:51:52.895588,hover,01,47.3979711,8.5461636,0.2630000114440918,-0.09700000286102295,-0.011496663093566895,-0.0018981145694851875,-9.681953430175781,0.0010716228280216455,-0.0004183020209893584,0.000972213048953563,100.0,16.200000762939453
1772700712.9974093,2026-03-05T08:51:52.997409,hover,01,47.3979711,8.5461636,0.2639999985694885,-0.09700000286102295,-0.0021490042563527822,0.0006936817662790418,-9.686392784118652,0.0015680128708481789,0.00010503330850042403,-1.3578473954112269e-05,100.0,16.200000762939453
1772700713.0998423,2026-03-05T08:51:53.099842,hover,01,47.3979711,8.5461636,0.2639999985694885,-0.09700000286102295,-0.0021490042563527822,0.0006936817662790418,-9.686392784118652,0.0015680128708481789,0.00010503330850042403,-1.3578473954112269e-05,100.0,16.200000762939453
1772700713.201245,2026-03-05T08:51:53.201245,hover,01,47.3979711,8.5461636,0.2639999985694885,-0.09700000286102295,-0.0021490042563527822,0.0006936817662790418,-9.686392784118652,0.0015680128708481789,0.00010503330850042403,-1.3578473954112269e-05,100.0,16.200000762939453
1772700713.3031576,2026-03-05T08:51:53.303158,hover,01,47.3979711,8.5461636,0.2639999985694885,-0.09700000286102295,-0.0008921765256673098,-0.002042545471340418,-9.685958862304688,-0.00018399168038740754,-0.001850410713814199,-0.00010268803453072906,100.0,16.200000762939453
1772700713.4178185,2026-03-05T08:51:53.417819,hover,01,47.3979711,8.5461636,0.2639999985694885,-0.09700000286102295,-0.0008921765256673098,-0.002042545471340418,-9.685958862304688,-0.00018399168038740754,-0.001850410713814199,-0.00010268803453072906,100.0,16.200000762939453
1772700713.5356534,2026-03-05T08:51:53.535653,hover,01,47.3979711,8.5461636,0.2639999985694885,-0.09700000286102295,-0.0008921765256673098,-0.002042545471340418,-9.685958862304688,-0.00018399168038740754,-0.001850410713814199,-0.00010268803453072906,100.0,16.200000762939453
1772700713.6385493,2026-03-05T08:51:53.638549,hover,01,47.3979711,8.5461636,0.2639999985694885,-0.09700000286102295,-0.009016763418912888,0.0024653729051351547,-9.679442405700684,0.0007831288385204971,3.926840872736648e-05,-0.00040932782576419413,100.0,16.200000762939453
1772700713.741253,2026-03-05T08:51:53.741253,hover,01,47.3979711,8.5461636,0.2639999985694885,-0.09700000286102295,-0.007116956636309624,-0.010277919471263885,-9.686773300170898,0.00048326997784897685,-9.060623415280133e-05,-0.0005622469470836222,100.0,16.200000762939453
1772700713.8440294,2026-03-05T08:51:53.844029,hover,01,47.3979711,8.5461636,0.2639999985694885,-0.09700000286102295,-0.005227217450737953,-0.006877775304019451,-9.689806938171387,2.8023350751027465e-05,-6.215074972715229e-05,-0.00043253449257463217,100.0,16.200000762939453
1772700713.9503455,2026-03-05T08:51:53.950346,hover,01,47.3979711,8.5461636,0.2639999985694885,-0.09700000286102295,-0.005227217450737953,-0.006877775304019451,-9.689806938171387,2.8023350751027465e-05,-6.215074972715229e-05,-0.00043253449257463217,100.0,16.200000762939453
1772700714.053113,2026-03-05T08:51:54.053113,hover,01,47.3979711,8.5461636,0.2639999985694885,-0.09700000286102295,-0.005227217450737953,-0.006877775304019451,-9.689806938171387,2.8023350751027465e-05,-6.215074972715229e-05,-0.00043253449257463217,100.0,16.200000762939453
1772700714.1626704,2026-03-05T08:51:54.162670,hover,01,47.3979711,8.5461636,0.2639999985694885,-0.09700000286102295,-0.003195204772055149,-0.0021388251334428787,-9.678349494934082,0.0008434397168457508,0.00015835452359169722,-0.00044282866292633116,100.0,16.200000762939453
1772700714.267697,2026-03-05T08:51:54.267697,hover,01,47.3979711,8.5461636,0.2639999985694885,-0.09700000286102295,-0.003195204772055149,-0.0021388251334428787,-9.678349494934082,0.0008434397168457508,0.00015835452359169722,-0.00044282866292633116,100.0,16.200000762939453
1772700714.3709118,2026-03-05T08:51:54.370912,hover,01,47.3979711,8.5461636,0.2639999985694885,-0.09700000286102295,-0.0066878218203783035,-0.002551423851400614,-9.671317100524902,0.000815212435554713,-2.602080348879099e-05,0.0003898285795003176,100.0,16.200000762939453
1772700714.4733443,2026-03-05T08:51:54.473344,hover,01,47.3979711,8.5461636,0.2639999985694885,-0.09700000286102295,-0.0066878218203783035,-0.002551423851400614,-9.671317100524902,0.000815212435554713,-2.602080348879099e-05,0.0003898285795003176,100.0,16.200000762939453
1772700714.5783148,2026-03-05T08:51:54.578315,hover,01,47.3979711,8.5461636,0.2639999985694885,-0.09700000286102295,-0.0066878218203783035,-0.002551423851400614,-9.671317100524902,0.000815212435554713,-2.602080348879099e-05,0.0003898285795003176,100.0,16.200000762939453
1772700714.6842408,2026-03-05T08:51:54.684241,hover,01,47.3979711,8.5461636,0.2639999985694885,-0.09700000286102295,-0.007444511167705059,0.0007524172542616725,-9.690415382385254,-0.00018553368863649666,0.0005724685615859926,0.0004674200026784092,100.0,16.200000762939453
1772700714.7869895,2026-03-05T08:51:54.786989,hover,01,47.3979711,8.5461636,0.2630000114440918,-0.09700000286102295,-0.008133791387081146,-0.0012126269284635782,-9.683428764343262,0.0002660173049662262,-0.0005002242396585643,-0.00021581066539511085,100.0,16.200000762939453
1772700714.8901281,2026-03-05T08:51:54.890128,hover,01,47.3979711,8.5461636,0.2630000114440918,-0.09700000286102295,-0.008133791387081146,-0.0012126269284635782,-9.683428764343262,0.0002660173049662262,-0.0005002242396585643,-0.00021581066539511085,100.0,16.200000762939453
1772700714.9959164,2026-03-05T08:51:54.995916,hover,01,47.3979711,8.5461636,0.2630000114440918,-0.09800000488758087,-0.004778177477419376,0.013545427471399307,-9.686809539794922,3.843088052235544e-05,0.0007126288255676627,-0.001120862434618175,100.0,16.200000762939453
1772700715.096995,2026-03-05T08:51:55.096995,hover,01,47.3979711,8.5461636,0.2630000114440918,-0.09800000488758087,-0.004778177477419376,0.013545427471399307,-9.686809539794922,3.843088052235544e-05,0.0007126288255676627,-0.001120862434618175,100.0,16.200000762939453
1772700715.1991649,2026-03-05T08:51:55.199165,hover,01,47.3979711,8.5461636,0.2630000114440918,-0.09800000488758087,-0.0008074922952800989,-0.003278209362179041,-9.680975914001465,-3.2344338251277804e-05,4.4373577111400664e-05,0.0010239583207294345,100.0,16.200000762939453
1772700715.3125536,2026-03-05T08:51:55.312554,hover,01,47.3979711,8.5461636,0.2630000114440918,-0.09800000488758087,-0.0008074922952800989,-0.003278209362179041,-9.680975914001465,-3.2344338251277804e-05,4.4373577111400664e-05,0.0010239583207294345,100.0,16.200000762939453
1772700715.4143448,2026-03-05T08:51:55.414345,hover,01,47.3979711,8.5461636,0.26200002431869507,-0.09800000488758087,-0.004962102510035038,-0.002868891227990389,-9.677380561828613,0.00014383351663127542,0.00019831561075989157,0.00036576224374584854,100.0,16.200000762939453
1772700715.515268,2026-03-05T08:51:55.515268,hover,01,47.3979711,8.5461636,0.26200002431869507,-0.09800000488758087,-0.004962102510035038,-0.002868891227990389,-9.677380561828613,0.00014383351663127542,0.00019831561075989157,0.00036576224374584854,100.0,16.200000762939453
1772700715.6192114,2026-03-05T08:51:55.619211,hover,01,47.3979711,8.5461636,0.26200002431869507,-0.0990000069141388,-0.009816993959248066,0.003551958128809929,-9.683122634887695,-0.0004863941576331854,0.0006316162762232125,-0.0003075017884839326,100.0,16.200000762939453
1772700715.722914,2026-03-05T08:51:55.722914,hover,01,47.3979711,8.5461636,0.26200002431869507,-0.0990000069141388,-0.0023962531704455614,-0.0076700784265995026,-9.682467460632324,0.0009415198001079261,-0.00015213956066872925,0.00014824802929069847,100.0,16.200000762939453
1772700715.8421254,2026-03-05T08:51:55.842125,hover,01,47.3979711,8.5461636,0.26100000739097595,-0.0990000069141388,0.006016706116497517,-0.00469244597479701,-9.692017555236816,0.0009256332414224744,-3.597416798584163e-05,-0.0004109346482437104,100.0,16.200000762939453
1772700715.9449644,2026-03-05T08:51:55.944964,hover,01,47.3979711,8.5461636,0.26100000739097595,-0.0990000069141388,0.006016706116497517,-0.00469244597479701,-9.692017555236816,0.0009256332414224744,-3.597416798584163e-05,-0.0004109346482437104,100.0,16.200000762939453
1772700716.0465257,2026-03-05T08:51:56.046526,hover,01,47.3979711,8.5461636,0.26100000739097595,-0.0990000069141388,0.006016706116497517,-0.00469244597479701,-9.692017555236816,0.0009256332414224744,-3.597416798584163e-05,-0.0004109346482437104,100.0,16.200000762939453
1772700716.149275,2026-03-05T08:51:56.149275,hover,01,47.3979711,8.5461636,0.2600000202655792,-0.10000000149011612,-0.0011291354894638062,0.0006045210175216198,-9.68637466430664,-0.0012092734687030315,-7.342796743614599e-05,0.00020504304848145694,100.0,16.200000762939453
1772700716.2512217,2026-03-05T08:51:56.251222,hover,01,47.3979711,8.5461636,0.2590000033378601,-0.10100000351667404,-0.004162443336099386,-0.005470732226967812,-9.68885326385498,-0.0006559974863193929,-3.6886383895762265e-05,0.0002447789302095771,100.0,16.200000762939453
1772700716.3515406,2026-03-05T08:51:56.351541,hover,01,47.3979711,8.5461635,0.2590000033378601,-0.10200000554323196,0.00381872639991343,-0.0016140509396791458,-9.689066886901855,-0.00042233068961650133,-0.0002295362064614892,7.80823320383206e-05,100.0,16.200000762939453
1772700716.4583619,2026-03-05T08:51:56.458362,hover,01,47.3979711,8.5461635,0.2590000033378601,-0.10200000554323196,0.00381872639991343,-0.0016140509396791458,-9.689066886901855,-0.00042233068961650133,-0.0002295362064614892,7.80823320383206e-05,100.0,16.200000762939453
1772700716.5627732,2026-03-05T08:51:56.562773,hover,01,47.3979711,8.5461635,0.2590000033378601,-0.10200000554323196,0.00381872639991343,-0.0016140509396791458,-9.689066886901855,-0.00042233068961650133,-0.0002295362064614892,7.80823320383206e-05,100.0,16.200000762939453
1772700716.6735535,2026-03-05T08:51:56.673553,hover,01,47.3979711,8.5461635,0.2590000033378601,-0.10200000554323196,0.00381872639991343,-0.0016140509396791458,-9.689066886901855,-0.00042233068961650133,-0.0002295362064614892,7.80823320383206e-05,100.0,16.200000762939453
1772700716.7782068,2026-03-05T08:51:56.778207,hover,01,47.3979711,8.5461635,0.25699999928474426,-0.10300000756978989,-0.003577890805900097,-0.0018053511157631874,-9.684234619140625,0.0005686247022822499,-0.0009329286986030638,-0.0005354044842533767,100.0,16.200000762939453
1772700716.8822339,2026-03-05T08:51:56.882234,hover,01,47.3979711,8.5461635,0.25699999928474426,-0.10300000756978989,-0.003577890805900097,-0.0018053511157631874,-9.684234619140625,0.0005686247022822499,-0.0009329286986030638,-0.0005354044842533767,100.0,16.200000762939453
1772700716.985088,2026-03-05T08:51:56.985088,hover,01,47.3979711,8.5461635,0.25600001215934753,-0.10400000214576721,0.0049553848803043365,0.00224906112998724,-9.673824310302734,0.0001800301397452131,0.00035171950003132224,0.0001742638851283118,100.0,16.200000762939453
1772700717.0921693,2026-03-05T08:51:57.092169,hover,01,47.3979711,8.5461635,0.25600001215934753,-0.10500000417232513,-0.0009219162166118622,0.0007191557087935507,-9.67736530303955,0.0008833414758555591,-0.0008478204836137593,-0.000946322048548609,100.0,16.200000762939453
1772700717.1943443,2026-03-05T08:51:57.194344,hover,01,47.3979711,8.5461635,0.2550000250339508,-0.10500000417232513,0.0018165807705372572,-0.009304799139499664,-9.683435440063477,0.00011108508624602109,-0.0005189188523218036,0.0001784540363587439,100.0,16.200000762939453
1772700717.3004632,2026-03-05T08:51:57.300463,hover,01,47.3979711,8.5461635,0.2550000250339508,-0.10500000417232513,0.0018165807705372572,-0.009304799139499664,-9.683435440063477,0.00011108508624602109,-0.0005189188523218036,0.0001784540363587439,100.0,16.200000762939453
1772700717.4021835,2026-03-05T08:51:57.402184,hover,01,47.3979711,8.5461635,0.2550000250339508,-0.10500000417232513,0.0018165807705372572,-0.009304799139499664,-9.683435440063477,0.00011108508624602109,-0.0005189188523218036,0.0001784540363587439,100.0,16.200000762939453
1772700717.5051565,2026-03-05T08:51:57.505157,hover,01,47.3979711,8.5461635,0.2540000081062317,-0.10700000822544098,-0.000365992309525609,0.0043261609971523285,-9.680500984191895,7.829778041923419e-05,-0.0012952778488397598,-0.00015852278738748282,100.0,16.200000762939453
1772700717.6104717,2026-03-05T08:51:57.610472,hover,01,47.3979711,8.5461635,0.25200000405311584,-0.1080000028014183,-0.005311060696840286,-0.002221417613327503,-9.676865577697754,-0.00010435126023367047,0.0014558580005541444,0.00023585150483995676,100.0,16.200000762939453
1772700717.7130182,2026-03-05T08:51:57.713018,hover,01,47.3979711,8.5461635,0.25200000405311584,-0.1080000028014183,-0.005311060696840286,-0.002221417613327503,-9.676865577697754,-0.00010435126023367047,0.0014558580005541444,0.00023585150483995676,100.0,16.200000762939453
1772700717.8169289,2026-03-05T08:51:57.816929,hover,01,47.3979711,8.5461635,0.2510000169277191,-0.10900000482797623,0.0006755760405212641,0.004289146978408098,-9.68525505065918,-0.00037970137782394886,0.00015665823593735695,0.0002698278985917568,100.0,16.200000762939453
1772700717.9271667,2026-03-05T08:51:57.927167,hover,01,47.3979711,8.5461635,0.25,-0.11100000888109207,-0.002541299443691969,0.0012360746040940285,-9.681131362915039,0.0006587958196178079,-0.000213479608646594,0.0003720947715919465,100.0,16.200000762939453
1772700718.0296397,2026-03-05T08:51:58.029640,hover,01,47.3979711,8.5461635,0.25,-0.11100000888109207,-0.002541299443691969,0.0012360746040940285,-9.681131362915039,0.0006587958196178079,-0.000213479608646594,0.0003720947715919465,100.0,16.200000762939453
1772700718.1340995,2026-03-05T08:51:58.134099,hover,01,47.3979711,8.5461635,0.25,-0.11100000888109207,-0.002541299443691969,0.0012360746040940285,-9.681131362915039,0.0006587958196178079,-0.000213479608646594,0.0003720947715919465,100.0,16.200000762939453
1772700718.2399998,2026-03-05T08:51:58.240000,hover,01,47.3979711,8.5461635,0.24800001084804535,-0.1120000034570694,-0.005450825206935406,0.0011533151846379042,-9.686946868896484,-0.0004725488252006471,-0.0003427253686822951,-0.0004036425962112844,100.0,16.200000762939453
1772700718.3416855,2026-03-05T08:51:58.341686,hover,01,47.3979711,8.5461635,0.24700000882148743,-0.11300000548362732,0.0013187613803893328,0.002353555290028453,-9.671485900878906,0.00046662313980050385,0.0008071003248915076,0.0007364433258771896,100.0,16.200000762939453
1772700718.4450207,2026-03-05T08:51:58.445021,hover,01,47.3979711,8.5461635,0.2460000067949295,-0.11400000751018524,0.0003160273190587759,8.801468356978148e-05,-9.677969932556152,0.0002451004693284631,0.001117840874940157,-0.00030094964313320816,100.0,16.200000762939453
1772700718.549794,2026-03-05T08:51:58.549794,hover,01,47.3979711,8.5461635,0.2460000067949295,-0.11400000751018524,0.0003160273190587759,8.801468356978148e-05,-9.677969932556152,0.0002451004693284631,0.001117840874940157,-0.00030094964313320816,100.0,16.200000762939453
1772700718.6643453,2026-03-05T08:51:58.664345,hover,01,47.3979711,8.5461635,0.24500000476837158,-0.11600000411272049,0.001734318444505334,0.0025536201428622007,-9.684775352478027,0.00021375942742452025,0.0003544146893545985,0.0005868298467248678,100.0,16.200000762939453
1772700718.7691064,2026-03-05T08:51:58.769106,hover,01,47.3979711,8.5461635,0.24300001561641693,-0.11700000613927841,-0.007802133448421955,0.005937847774475813,-9.687589645385742,-0.0005650076200254261,0.00071694515645504,-9.992570267058909e-05,100.0,16.200000762939453
1772700718.8722339,2026-03-05T08:51:58.872234,hover,01,47.3979711,8.5461635,0.242000013589859,-0.11900000274181366,-0.0025612669996917248,4.049501148983836e-05,-9.683274269104004,-0.00010691356146708131,-0.000543180329259485,0.00031316999229602516,100.0,16.200000762939453
1772700718.9750478,2026-03-05T08:51:58.975048,hover,01,47.3979711,8.5461635,0.242000013589859,-0.11900000274181366,-0.0025612669996917248,4.049501148983836e-05,-9.683274269104004,-0.00010691356146708131,-0.000543180329259485,0.00031316999229602516,100.0,16.200000762939453
1772700719.0809596,2026-03-05T08:51:59.080960,hover,01,47.3979711,8.5461635,0.2410000115633011,-0.12000000476837158,-0.0009981925832107663,-0.0007431883132085204,-9.688077926635742,-0.0006829597405157983,-0.0008241768809966743,0.00035940203815698624,100.0,16.200000762939453
1772700719.185403,2026-03-05T08:51:59.185403,hover,01,47.3979711,8.5461635,0.2410000115633011,-0.12000000476837158,-0.0009981925832107663,-0.0007431883132085204,-9.688077926635742,-0.0006829597405157983,-0.0008241768809966743,0.00035940203815698624,100.0,16.200000762939453
1772700719.291239,2026-03-05T08:51:59.291239,hover,01,47.3979711,8.5461635,0.2410000115633011,-0.12000000476837158,-0.0009981925832107663,-0.0007431883132085204,-9.688077926635742,-0.0006829597405157983,-0.0008241768809966743,0.00035940203815698624,100.0,16.200000762939453
1772700719.392762,2026-03-05T08:51:59.392762,hover,01,47.3979711,8.5461635,0.24000000953674316,-0.1210000067949295,-0.003958149813115597,0.0013750495854765177,-9.693337440490723,0.00019596124184317887,-0.0021574797574430704,-0.0006465281476266682,100.0,16.200000762939453
1772700719.495231,2026-03-05T08:51:59.495231,hover,01,47.3979711,8.5461635,0.24000000953674316,-0.1210000067949295,-0.003958149813115597,0.0013750495854765177,-9.693337440490723,0.00019596124184317887,-0.0021574797574430704,-0.0006465281476266682,100.0,16.200000762939453
1772700719.5977376,2026-03-05T08:51:59.597738,hover,01,47.3979711,8.5461635,0.24000000953674316,-0.1210000067949295,-0.003958149813115597,0.0013750495854765177,-9.693337440490723,0.00019596124184317887,-0.0021574797574430704,-0.0006465281476266682,100.0,16.200000762939453
1772700719.6991663,2026-03-05T08:51:59.699166,hover,01,47.3979711,8.5461635,0.23800000548362732,-0.12200000882148743,-0.01311597041785717,-0.00042468728497624397,-9.677825927734375,-0.001047503319568932,0.001050806138664484,0.00036484713200479746,100.0,16.200000762939453
1772700719.811067,2026-03-05T08:51:59.811067,hover,01,47.3979711,8.5461635,0.2370000183582306,-0.12300000339746475,-0.0034925146028399467,-0.0017757078167051077,-9.683143615722656,-0.0005643307231366634,-0.0010554961627349257,-0.001468557515181601,100.0,16.200000762939453
1772700719.913621,2026-03-05T08:51:59.913621,hover,01,47.397971,8.5461636,0.23500001430511475,-0.125,-0.004912738222628832,-0.0037069416139274836,-9.686267852783203,-0.0003820457495748997,-0.0004581492394208908,0.00018719592480920255,100.0,16.200000762939453
1772700720.018364,2026-03-05T08:52:00.018364,hover,01,47.397971,8.5461636,0.23500001430511475,-0.125,-0.004912738222628832,-0.0037069416139274836,-9.686267852783203,-0.0003820457495748997,-0.0004581492394208908,0.00018719592480920255,100.0,16.200000762939453
1772700720.1226513,2026-03-05T08:52:00.122651,hover,01,47.397971,8.5461636,0.23400001227855682,-0.12700000405311584,-0.0022348451893776655,0.0005837044445797801,-9.677334785461426,0.0011459746165201068,0.0008978278492577374,0.0005360228242352605,100.0,16.200000762939453
1772700720.2343073,2026-03-05T08:52:00.234307,hover,01,47.397971,8.5461636,0.23400001227855682,-0.12700000405311584,-0.0022348451893776655,0.0005837044445797801,-9.677334785461426,0.0011459746165201068,0.0008978278492577374,0.0005360228242352605,100.0,16.200000762939453
1772700720.3473034,2026-03-05T08:52:00.347303,hover,01,47.397971,8.5461636,0.23400001227855682,-0.12700000405311584,-0.0022348451893776655,0.0005837044445797801,-9.677334785461426,0.0011459746165201068,0.0008978278492577374,0.0005360228242352605,100.0,16.200000762939453
1772700720.4590478,2026-03-05T08:52:00.459048,hover,01,47.397971,8.5461636,0.23100000619888306,-0.1290000081062317,-0.004396574571728706,0.0052766352891922,-9.684355735778809,0.0006254511536099017,0.001080572372302413,-0.0010513124288991094,100.0,16.200000762939453
1772700720.5602226,2026-03-05T08:52:00.560223,hover,01,47.397971,8.5461636,0.23100000619888306,-0.1290000081062317,-0.004396574571728706,0.0052766352891922,-9.684355735778809,0.0006254511536099017,0.001080572372302413,-0.0010513124288991094,100.0,16.200000762939453
1772700720.6737745,2026-03-05T08:52:00.673774,hover,01,47.397971,8.5461636,0.23100000619888306,-0.1290000081062317,-0.004396574571728706,0.0052766352891922,-9.684355735778809,0.0006254511536099017,0.001080572372302413,-0.0010513124288991094,100.0,16.200000762939453
1772700720.7755601,2026-03-05T08:52:00.775560,hover,01,47.397971,8.5461636,0.23000000417232513,-0.13100001215934753,0.0007592132315039635,0.006733312271535397,-9.689620018005371,-0.00045912148198112845,0.0002836601051967591,0.0004985324339941144,100.0,16.200000762939453
1772700720.8767169,2026-03-05T08:52:00.876717,hover,01,47.397971,8.5461636,0.23000000417232513,-0.13100001215934753,0.0007592132315039635,0.006733312271535397,-9.689620018005371,-0.00045912148198112845,0.0002836601051967591,0.0004985324339941144,100.0,16.200000762939453
1772700720.97815,2026-03-05T08:52:00.978150,hover,01,47.397971,8.5461636,0.23000000417232513,-0.13100001215934753,0.0007592132315039635,0.006733312271535397,-9.689620018005371,-0.00045912148198112845,0.0002836601051967591,0.0004985324339941144,100.0,16.200000762939453
1772700721.0802665,2026-03-05T08:52:01.080266,hover,01,47.397971,8.5461636,0.22800001502037048,-0.13199999928474426,-0.010348068550229073,-0.0020143440924584866,-9.679852485656738,-0.0004236592794768512,0.0002531779173295945,0.0004025279195047915,100.0,16.200000762939453
1772700721.182913,2026-03-05T08:52:01.182913,hover,01,47.397971,8.5461636,0.22800001502037048,-0.13199999928474426,-0.010348068550229073,-0.0020143440924584866,-9.679852485656738,-0.0004236592794768512,0.0002531779173295945,0.0004025279195047915,100.0,16.200000762939453
1772700721.2850993,2026-03-05T08:52:01.285099,hover,01,47.397971,8.5461636,0.22800001502037048,-0.13199999928474426,-0.010348068550229073,-0.0020143440924584866,-9.679852485656738,-0.0004236592794768512,0.0002531779173295945,0.0004025279195047915,100.0,16.200000762939453
1772700721.3928435,2026-03-05T08:52:01.392843,hover,01,47.397971,8.5461636,0.22800001502037048,-0.13199999928474426,-0.010348068550229073,-0.0020143440924584866,-9.679852485656738,-0.0004236592794768512,0.0002531779173295945,0.0004025279195047915,100.0,16.200000762939453
1772700721.5029263,2026-03-05T08:52:01.502926,hover,01,47.397971,8.5461636,0.22800001502037048,-0.13199999928474426,-0.010348068550229073,-0.0020143440924584866,-9.679852485656738,-0.0004236592794768512,0.0002531779173295945,0.0004025279195047915,100.0,16.200000762939453
1772700721.6141112,2026-03-05T08:52:01.614111,hover,01,47.397971,8.5461636,0.22800001502037048,-0.13199999928474426,-0.010348068550229073,-0.0020143440924584866,-9.679852485656738,-0.0004236592794768512,0.0002531779173295945,0.0004025279195047915,100.0,16.200000762939453
1772700721.7202733,2026-03-05T08:52:01.720273,hover,01,47.397971,8.5461636,0.22800001502037048,-0.13199999928474426,0.004991109948605299,-0.003587686223909259,-9.684483528137207,0.0002295982267241925,7.29071325622499e-05,0.00031211553141474724,100.0,16.200000762939453
1772700721.8287523,2026-03-05T08:52:01.828752,hover,01,47.397971,8.5461636,0.22700001299381256,-0.13300000131130219,0.004991109948605299,-0.003587686223909259,-9.684483528137207,0.0002295982267241925,7.29071325622499e-05,0.00031211553141474724,100.0,16.200000762939453
1772700721.9451337,2026-03-05T08:52:01.945134,hover,01,47.397971,8.5461636,0.22700001299381256,-0.13300000131130219,0.004991109948605299,-0.003587686223909259,-9.684483528137207,0.0002295982267241925,7.29071325622499e-05,0.00031211553141474724,100.0,16.200000762939453
1772700722.0508935,2026-03-05T08:52:02.050894,hover,01,47.397971,8.5461636,0.22700001299381256,-0.13300000131130219,0.004991109948605299,-0.003587686223909259,-9.684483528137207,0.0002295982267241925,7.29071325622499e-05,0.00031211553141474724,100.0,16.200000762939453
1772700722.151979,2026-03-05T08:52:02.151979,hover,01,47.397971,8.5461636,0.22700001299381256,-0.13300000131130219,0.004991109948605299,-0.003587686223909259,-9.684483528137207,0.0002295982267241925,7.29071325622499e-05,0.00031211553141474724,100.0,16.200000762939453
1772700722.2566288,2026-03-05T08:52:02.256629,hover,01,47.397971,8.5461636,0.22700001299381256,-0.13300000131130219,0.004991109948605299,-0.003587686223909259,-9.684483528137207,0.0002295982267241925,7.29071325622499e-05,0.00031211553141474724,100.0,16.200000762939453
1772700722.3691993,2026-03-05T08:52:02.369199,hover,01,47.397971,8.5461636,0.22700001299381256,-0.13300000131130219,0.004991109948605299,-0.003587686223909259,-9.684483528137207,0.0002295982267241925,7.29071325622499e-05,0.00031211553141474724,100.0,16.200000762939453
1772700722.536102,2026-03-05T08:52:02.536102,hover,01,47.397971,8.5461636,0.22500000894069672,-0.13500000536441803,-0.0037492946721613407,0.0026596938259899616,-9.686623573303223,0.00041534341289661825,0.0005031628534197807,-0.00021473898959811777,100.0,16.200000762939453
1772700722.638494,2026-03-05T08:52:02.638494,hover,01,47.397971,8.5461636,0.22500000894069672,-0.13500000536441803,-0.0037492946721613407,0.0026596938259899616,-9.686623573303223,0.00041534341289661825,0.0005031628534197807,-0.00021473898959811777,100.0,16.200000762939453
1772700722.7528448,2026-03-05T08:52:02.752845,hover,01,47.397971,8.5461636,0.22500000894069672,-0.13500000536441803,-0.0037492946721613407,0.0026596938259899616,-9.686623573303223,0.00041534341289661825,0.0005031628534197807,-0.00021473898959811777,100.0,16.200000762939453
1772700722.8553889,2026-03-05T08:52:02.855389,hover,01,47.397971,8.5461636,0.22500000894069672,-0.13500000536441803,-0.0037492946721613407,0.0026596938259899616,-9.686623573303223,0.00041534341289661825,0.0005031628534197807,-0.00021473898959811777,100.0,16.200000762939453
1772700722.959057,2026-03-05T08:52:02.959057,hover,01,47.397971,8.5461636,0.22500000894069672,-0.13500000536441803,-0.0037492946721613407,0.0026596938259899616,-9.686623573303223,0.00041534341289661825,0.0005031628534197807,-0.00021473898959811777,100.0,16.200000762939453
1772700723.0659316,2026-03-05T08:52:03.065932,hover,01,47.397971,8.5461636,0.22500000894069672,-0.13500000536441803,-0.0037492946721613407,0.0026596938259899616,-9.686623573303223,0.00041534341289661825,0.0005031628534197807,-0.00021473898959811777,100.0,16.200000762939453
1772700723.1668174,2026-03-05T08:52:03.166817,hover,01,47.397971,8.5461636,0.2240000069141388,-0.13600000739097595,-0.014674495905637741,0.006884243339300156,-9.690979957580566,-9.766053699422628e-05,-0.0007352959364652634,0.00010691148054320365,100.0,16.200000762939453
1772700723.2679284,2026-03-05T08:52:03.267928,hover,01,47.397971,8.5461636,0.2240000069141388,-0.13600000739097595,-0.014674495905637741,0.006884243339300156,-9.690979957580566,-9.766053699422628e-05,-0.0007352959364652634,0.00010691148054320365,100.0,16.200000762939453
1772700723.3691595,2026-03-05T08:52:03.369159,hover,01,47.397971,8.5461636,0.2240000069141388,-0.13600000739097595,-0.014674495905637741,0.006884243339300156,-9.690979957580566,-9.766053699422628e-05,-0.0007352959364652634,0.00010691148054320365,100.0,16.200000762939453
1772700723.4712915,2026-03-05T08:52:03.471292,hover,01,47.397971,8.5461636,0.2240000069141388,-0.13600000739097595,-0.014674495905637741,0.006884243339300156,-9.690979957580566,-9.766053699422628e-05,-0.0007352959364652634,0.00010691148054320365,100.0,16.200000762939453
1772700723.605077,2026-03-05T08:52:03.605077,hover,01,47.397971,8.5461636,0.2240000069141388,-0.13600000739097595,-0.014674495905637741,0.006884243339300156,-9.690979957580566,-9.766053699422628e-05,-0.0007352959364652634,0.00010691148054320365,100.0,16.200000762939453
1772700723.7935832,2026-03-05T08:52:03.793583,hover,01,47.397971,8.5461636,0.2240000069141388,-0.13600000739097595,-0.014674495905637741,0.006884243339300156,-9.690979957580566,-9.766053699422628e-05,-0.0007352959364652634,0.00010691148054320365,100.0,16.200000762939453
1772700723.92532,2026-03-05T08:52:03.925320,hover,01,47.397971,8.5461636,0.2240000069141388,-0.13600000739097595,-0.014674495905637741,0.006884243339300156,-9.690979957580566,-9.766053699422628e-05,-0.0007352959364652634,0.00010691148054320365,100.0,16.200000762939453
1772700724.0308497,2026-03-05T08:52:04.030850,hover,01,47.397971,8.5461636,0.2240000069141388,-0.13600000739097595,-0.014674495905637741,0.006884243339300156,-9.690979957580566,-9.766053699422628e-05,-0.0007352959364652634,0.00010691148054320365,100.0,16.200000762939453
1772700724.133234,2026-03-05T08:52:04.133234,hover,01,47.397971,8.5461636,0.2240000069141388,-0.13600000739097595,-0.014674495905637741,0.006884243339300156,-9.690979957580566,-9.766053699422628e-05,-0.0007352959364652634,0.00010691148054320365,100.0,16.200000762939453
1772700724.2381172,2026-03-05T08:52:04.238117,hover,01,47.397971,8.5461636,0.22200001776218414,-0.1380000114440918,-0.0007299710996448994,-0.0003148863324895501,-9.683948516845703,0.00016598677029833198,-0.0006311426986940205,-7.26224243408069e-06,100.0,16.200000762939453
1772700724.3401515,2026-03-05T08:52:04.340152,hover,01,47.397971,8.5461636,0.22200001776218414,-0.1380000114440918,-0.0007299710996448994,-0.0003148863324895501,-9.683948516845703,0.00016598677029833198,-0.0006311426986940205,-7.26224243408069e-06,100.0,16.200000762939453
1772700724.4438806,2026-03-05T08:52:04.443881,hover,01,47.397971,8.5461636,0.22200001776218414,-0.1380000114440918,-0.0007299710996448994,-0.0003148863324895501,-9.683948516845703,0.00016598677029833198,-0.0006311426986940205,-7.26224243408069e-06,100.0,16.200000762939453
1772700724.5509684,2026-03-05T08:52:04.550968,hover,01,47.397971,8.5461636,0.22100001573562622,-0.14000000059604645,-0.0009732369799166918,-0.0026273278053849936,-9.685748100280762,0.0007007076637819409,0.00014866897254250944,-0.0011449743760749698,100.0,16.200000762939453
1772700724.7172675,2026-03-05T08:52:04.717268,hover,01,47.397971,8.5461636,0.21800000965595245,-0.14300000667572021,-0.0009732369799166918,-0.0026273278053849936,-9.685748100280762,0.0007007076637819409,0.00014866897254250944,-0.0011449743760749698,100.0,16.200000762939453
1772700724.8237588,2026-03-05T08:52:04.823759,hover,01,47.397971,8.5461636,0.2150000035762787,-0.14500001072883606,-0.005255344323813915,0.0019634366035461426,-9.679036140441895,0.00020053736807312816,0.0003090519749093801,-0.0002441403194097802,100.0,16.200000762939453
1772700724.9261007,2026-03-05T08:52:04.926101,hover,01,47.397971,8.5461636,0.2150000035762787,-0.14500001072883606,-0.005255344323813915,0.0019634366035461426,-9.679036140441895,0.00020053736807312816,0.0003090519749093801,-0.0002441403194097802,100.0,16.200000762939453
1772700725.0311446,2026-03-05T08:52:05.031145,hover,01,47.397971,8.5461636,0.21400001645088196,-0.14600001275539398,-0.001581952441483736,0.004746982827782631,-9.682225227355957,8.295095176436007e-05,-0.0014380179345607758,-4.080620055901818e-05,100.0,16.200000762939453
1772700725.13297,2026-03-05T08:52:05.132970,hover,01,47.397971,8.5461636,0.21400001645088196,-0.14600001275539398,-0.001581952441483736,0.004746982827782631,-9.682225227355957,8.295095176436007e-05,-0.0014380179345607758,-4.080620055901818e-05,100.0,16.200000762939453
1772700725.2343452,2026-03-05T08:52:05.234345,hover,01,47.397971,8.5461636,0.21400001645088196,-0.14600001275539398,-0.001581952441483736,0.004746982827782631,-9.682225227355957,8.295095176436007e-05,-0.0014380179345607758,-4.080620055901818e-05,100.0,16.200000762939453
1772700725.366944,2026-03-05T08:52:05.366944,hover,01,47.397971,8.5461636,0.2120000123977661,-0.14800000190734863,-0.007580969016999006,0.011630885303020477,-9.686594009399414,0.0010755815310403705,-0.0004841370682697743,0.0002712499408517033,100.0,16.200000762939453
1772700725.4754522,2026-03-05T08:52:05.475452,hover,01,47.397971,8.5461636,0.2120000123977661,-0.14800000190734863,-0.007580969016999006,0.011630885303020477,-9.686594009399414,0.0010755815310403705,-0.0004841370682697743,0.0002712499408517033,100.0,16.200000762939453
1772700725.5873053,2026-03-05T08:52:05.587305,hover,01,47.397971,8.5461636,0.2120000123977661,-0.14800000190734863,-0.007580969016999006,0.011630885303020477,-9.686594009399414,0.0010755815310403705,-0.0004841370682697743,0.0002712499408517033,100.0,16.200000762939453
1772700725.6930165,2026-03-05T08:52:05.693017,hover,01,47.397971,8.5461636,0.2120000123977661,-0.14800000190734863,0.00427746307104826,-0.002958388067781925,-9.680686950683594,0.0009373523644171655,0.0006743902922607958,0.00030813011107966304,100.0,16.200000762939453
1772700725.7961242,2026-03-05T08:52:05.796124,hover,01,47.397971,8.5461636,0.2120000123977661,-0.14800000190734863,0.00427746307104826,-0.002958388067781925,-9.680686950683594,0.0009373523644171655,0.0006743902922607958,0.00030813011107966304,100.0,16.200000762939453
1772700725.9198728,2026-03-05T08:52:05.919873,hover,01,47.397971,8.5461636,0.2110000103712082,-0.15000000596046448,0.00427746307104826,-0.002958388067781925,-9.680686950683594,0.0009373523644171655,0.0006743902922607958,0.00030813011107966304,100.0,16.200000762939453
1772700726.047232,2026-03-05T08:52:06.047232,hover,01,47.397971,8.5461636,0.2110000103712082,-0.15000000596046448,0.007212155498564243,0.005755140446126461,-9.686777114868164,0.00034671142930164933,0.0002211625687777996,0.0006659756181761622,100.0,16.200000762939453
1772700726.1586912,2026-03-05T08:52:06.158691,hover,01,47.397971,8.5461636,0.20900000631809235,-0.15200001001358032,0.007212155498564243,0.005755140446126461,-9.686777114868164,0.00034671142930164933,0.0002211625687777996,0.0006659756181761622,100.0,16.200000762939453
1772700726.266092,2026-03-05T08:52:06.266092,hover,01,47.397971,8.5461636,0.20900000631809235,-0.15200001001358032,-0.0036552916280925274,0.002040580613538623,-9.681737899780273,-0.001263607176952064,-0.0004055464523844421,0.0003137900203000754,100.0,16.200000762939453
1772700726.3691363,2026-03-05T08:52:06.369136,hover,01,47.397971,8.5461636,0.2070000171661377,-0.15400001406669617,-0.0036552916280925274,0.002040580613538623,-9.681737899780273,-0.001263607176952064,-0.0004055464523844421,0.0003137900203000754,100.0,16.200000762939453
1772700726.4708364,2026-03-05T08:52:06.470836,hover,01,47.397971,8.5461636,0.2070000171661377,-0.15400001406669617,-0.0036552916280925274,0.002040580613538623,-9.681737899780273,-0.001263607176952064,-0.0004055464523844421,0.0003137900203000754,100.0,16.200000762939453
1772700726.5728304,2026-03-05T08:52:06.572830,hover,01,47.397971,8.5461636,0.20500001311302185,-0.15600000321865082,-0.009710310027003288,0.001600384945049882,-9.686307907104492,5.3793097322341055e-05,-0.00021618278697133064,4.997844371246174e-05,100.0,16.200000762939453
1772700726.676674,2026-03-05T08:52:06.676674,hover,01,47.397971,8.5461636,0.20500001311302185,-0.15600000321865082,-0.0036582467146217823,0.0019573639146983624,-9.683231353759766,0.00014282166375778615,-0.0003509442030917853,0.0003670844016596675,100.0,16.200000762939453
1772700726.7831175,2026-03-05T08:52:06.783118,hover,01,47.397971,8.5461636,0.20400001108646393,-0.15700000524520874,-0.0036582467146217823,0.0019573639146983624,-9.683231353759766,0.00014282166375778615,-0.0003509442030917853,0.0003670844016596675,100.0,16.200000762939453
1772700726.894521,2026-03-05T08:52:06.894521,hover,01,47.397971,8.5461636,0.20400001108646393,-0.15700000524520874,-0.0036582467146217823,0.0019573639146983624,-9.683231353759766,0.00014282166375778615,-0.0003509442030917853,0.0003670844016596675,100.0,16.200000762939453
1772700726.9977007,2026-03-05T08:52:06.997701,hover,01,47.397971,8.5461636,0.20400001108646393,-0.15700000524520874,-0.0036582467146217823,0.0019573639146983624,-9.683231353759766,0.00014282166375778615,-0.0003509442030917853,0.0003670844016596675,100.0,16.200000762939453
1772700727.1153855,2026-03-05T08:52:07.115386,hover,01,47.397971,8.5461636,0.20400001108646393,-0.15700000524520874,-0.0036582467146217823,0.0019573639146983624,-9.683231353759766,0.00014282166375778615,-0.0003509442030917853,0.0003670844016596675,100.0,16.200000762939453
1772700727.231451,2026-03-05T08:52:07.231451,hover,01,47.397971,8.5461636,0.20400001108646393,-0.15700000524520874,-0.003379400121048093,0.001760532846674323,-9.685585975646973,-0.00034457084257155657,9.467647760175169e-05,-0.00012177681492175907,100.0,16.200000762939453
1772700727.3428962,2026-03-05T08:52:07.342896,hover,01,47.397971,8.5461636,0.20400001108646393,-0.15700000524520874,-0.003379400121048093,0.001760532846674323,-9.685585975646973,-0.00034457084257155657,9.467647760175169e-05,-0.00012177681492175907,100.0,16.200000762939453
1772700727.4632163,2026-03-05T08:52:07.463216,hover,01,47.397971,8.5461636,0.203000009059906,-0.15800000727176666,-0.003379400121048093,0.001760532846674323,-9.685585975646973,-0.00034457084257155657,9.467647760175169e-05,-0.00012177681492175907,100.0,16.200000762939453
1772700727.5978518,2026-03-05T08:52:07.597852,hover,01,47.397971,8.5461636,0.203000009059906,-0.15800000727176666,-0.003379400121048093,0.001760532846674323,-9.685585975646973,-0.00034457084257155657,9.467647760175169e-05,-0.00012177681492175907,100.0,16.200000762939453
1772700727.6988933,2026-03-05T08:52:07.698893,hover,01,47.397971,8.5461636,0.203000009059906,-0.15800000727176666,-0.003379400121048093,0.001760532846674323,-9.685585975646973,-0.00034457084257155657,9.467647760175169e-05,-0.00012177681492175907,100.0,16.200000762939453
1772700727.8004007,2026-03-05T08:52:07.800401,hover,01,47.397971,8.5461636,0.203000009059906,-0.15800000727176666,-0.00654179509729147,0.0006704370025545359,-9.688047409057617,-0.0005679213209077716,-0.0007814873242750764,-1.936018088599667e-05,100.0,16.200000762939453
1772700727.9020102,2026-03-05T08:52:07.902010,hover,01,47.397971,8.5461637,0.20200000703334808,-0.15900000929832458,-0.00654179509729147,0.0006704370025545359,-9.688047409057617,-0.0005679213209077716,-0.0007814873242750764,-1.936018088599667e-05,100.0,16.200000762939453
1772700728.0043879,2026-03-05T08:52:08.004388,hover,01,47.397971,8.5461637,0.20200000703334808,-0.15900000929832458,-0.00654179509729147,0.0006704370025545359,-9.688047409057617,-0.0005679213209077716,-0.0007814873242750764,-1.936018088599667e-05,100.0,16.200000762939453
1772700728.128081,2026-03-05T08:52:08.128081,hover,01,47.397971,8.5461637,0.20100000500679016,-0.1600000113248825,-0.0018619289621710777,-0.00200041476637125,-9.683156967163086,-0.00026182958390563726,-0.0002042456326307729,0.00020711257820948958,100.0,16.200000762939453
1772700728.2589316,2026-03-05T08:52:08.258932,hover,01,47.397971,8.5461637,0.20100000500679016,-0.1600000113248825,-0.0018619289621710777,-0.00200041476637125,-9.683156967163086,-0.00026182958390563726,-0.0002042456326307729,0.00020711257820948958,100.0,16.200000762939453
1772700728.3667672,2026-03-05T08:52:08.366767,hover,01,47.397971,8.5461637,0.20100000500679016,-0.1600000113248825,-0.0018619289621710777,-0.00200041476637125,-9.683156967163086,-0.00026182958390563726,-0.0002042456326307729,0.00020711257820948958,100.0,16.200000762939453
1772700728.468267,2026-03-05T08:52:08.468267,hover,01,47.397971,8.5461637,0.20100000500679016,-0.1600000113248825,-0.0018619289621710777,-0.00200041476637125,-9.683156967163086,-0.00026182958390563726,-0.0002042456326307729,0.00020711257820948958,100.0,16.200000762939453
1772700728.57089,2026-03-05T08:52:08.570890,hover,01,47.397971,8.5461637,0.20000000298023224,-0.1600000113248825,0.00044222455471754074,-0.005087404511868954,-9.68617057800293,0.0005402471288107336,-0.0004340724553912878,0.0009416018729098141,100.0,16.200000762939453
1772700728.7025287,2026-03-05T08:52:08.702529,hover,01,47.397971,8.5461637,0.20000000298023224,-0.1600000113248825,-0.002591113094240427,0.002965297782793641,-9.684659957885742,-0.00014445408305618912,-0.000546226161532104,0.0002464920689817518,100.0,16.200000762939453
1772700728.8062472,2026-03-05T08:52:08.806247,hover,01,47.397971,8.5461637,0.20000000298023224,-0.16100001335144043,-0.006195920519530773,-0.00389235932379961,-9.68575668334961,-0.00011416141933295876,-0.0010769630316644907,0.0012750359019264579,100.0,16.200000762939453
1772700728.91009,2026-03-05T08:52:08.910090,hover,01,47.397971,8.5461637,0.1990000158548355,-0.16100001335144043,-0.006195920519530773,-0.00389235932379961,-9.68575668334961,-0.00011416141933295876,-0.0010769630316644907,0.0012750359019264579,100.0,16.200000762939453
1772700729.0124722,2026-03-05T08:52:09.012472,hover,01,47.397971,8.5461637,0.1990000158548355,-0.16100001335144043,-0.006195920519530773,-0.00389235932379961,-9.68575668334961,-0.00011416141933295876,-0.0010769630316644907,0.0012750359019264579,100.0,16.200000762939453
1772700729.1152322,2026-03-05T08:52:09.115232,hover,01,47.397971,8.5461637,0.1990000158548355,-0.16100001335144043,-0.0030730380676686764,-0.000775751075707376,-9.680205345153809,-9.595084702596068e-05,-0.0004204586148262024,0.00042113507515750825,100.0,16.200000762939453
1772700729.2180943,2026-03-05T08:52:09.218094,hover,01,47.397971,8.5461637,0.1990000158548355,-0.16100001335144043,-0.0030730380676686764,-0.000775751075707376,-9.680205345153809,-9.595084702596068e-05,-0.0004204586148262024,0.00042113507515750825,100.0,16.200000762939453
1772700729.3299863,2026-03-05T08:52:09.329986,hover,01,47.397971,8.5461637,0.1990000158548355,-0.16100001335144043,-0.0030730380676686764,-0.000775751075707376,-9.680205345153809,-9.595084702596068e-05,-0.0004204586148262024,0.00042113507515750825,100.0,16.200000762939453
1772700729.4481857,2026-03-05T08:52:09.448186,hover,01,47.397971,8.5461637,0.1990000158548355,-0.16100001335144043,-0.01564757339656353,-0.009617792442440987,-9.693727493286133,0.00027337338542565703,0.00037163685192354023,-0.0010514562018215656,100.0,16.200000762939453
1772700729.5644808,2026-03-05T08:52:09.564481,hover,01,47.397971,8.5461637,0.1990000158548355,-0.16100001335144043,-0.01564757339656353,-0.009617792442440987,-9.693727493286133,0.00027337338542565703,0.00037163685192354023,-0.0010514562018215656,100.0,16.200000762939453
1772700729.6698337,2026-03-05T08:52:09.669834,hover,01,47.397971,8.5461637,0.1990000158548355,-0.16100001335144043,-0.01564757339656353,-0.009617792442440987,-9.693727493286133,0.00027337338542565703,0.00037163685192354023,-0.0010514562018215656,100.0,16.200000762939453
1772700729.816424,2026-03-05T08:52:09.816424,hover,01,47.397971,8.5461637,0.1980000138282776,-0.16300000250339508,-0.001152600860223174,-0.0021008532494306564,-9.685009002685547,0.0002876483486033976,0.000571916694752872,-0.0001687927870079875,100.0,16.200000762939453
1772700729.9289367,2026-03-05T08:52:09.928937,hover,01,47.397971,8.5461637,0.19700001180171967,-0.16300000250339508,-0.013554139994084835,0.01136892568320036,-9.684608459472656,0.00030563134350813925,-0.0005303037469275296,0.00012986482761334628,100.0,16.200000762939453
1772700730.1002002,2026-03-05T08:52:10.100200,hover,01,47.397971,8.5461637,0.19700001180171967,-0.16300000250339508,-0.013554139994084835,0.01136892568320036,-9.684608459472656,0.00030563134350813925,-0.0005303037469275296,0.00012986482761334628,100.0,16.200000762939453
1772700730.2135324,2026-03-05T08:52:10.213532,hover,01,47.397971,8.5461637,0.19700001180171967,-0.16300000250339508,-0.013554139994084835,0.01136892568320036,-9.684608459472656,0.00030563134350813925,-0.0005303037469275296,0.00012986482761334628,100.0,16.200000762939453
1772700730.3486152,2026-03-05T08:52:10.348615,hover,01,47.397971,8.5461637,0.19700001180171967,-0.16300000250339508,-0.0038814302533864975,0.008487293496727943,-9.687946319580078,-0.00012906422489322722,5.094180232845247e-05,-0.0001662798022152856,100.0,16.200000762939453
1772700730.4516275,2026-03-05T08:52:10.451627,hover,01,47.397971,8.5461637,0.19700001180171967,-0.16300000250339508,-0.0038814302533864975,0.008487293496727943,-9.687946319580078,-0.00012906422489322722,5.094180232845247e-05,-0.0001662798022152856,100.0,16.200000762939453
1772700730.5657513,2026-03-05T08:52:10.565751,hover,01,47.397971,8.5461637,0.19700001180171967,-0.16300000250339508,-0.0038814302533864975,0.008487293496727943,-9.687946319580078,-0.00012906422489322722,5.094180232845247e-05,-0.0001662798022152856,100.0,16.200000762939453
1772700730.6699696,2026-03-05T08:52:10.669970,hover,01,47.397971,8.5461637,0.19700001180171967,-0.16300000250339508,-0.0038814302533864975,0.008487293496727943,-9.687946319580078,-0.00012906422489322722,5.094180232845247e-05,-0.0001662798022152856,100.0,16.200000762939453
1772700730.7722852,2026-03-05T08:52:10.772285,hover,01,47.397971,8.5461637,0.19700001180171967,-0.16300000250339508,-0.0038814302533864975,0.008487293496727943,-9.687946319580078,-0.00012906422489322722,5.094180232845247e-05,-0.0001662798022152856,100.0,16.200000762939453
1772700730.876175,2026-03-05T08:52:10.876175,hover,01,47.397971,8.5461637,0.19700001180171967,-0.164000004529953,-0.002415056573227048,0.0035791913978755474,-9.687017440795898,0.0014639559667557478,-0.000433753157267347,0.0002486256416887045,100.0,16.200000762939453
1772700731.016409,2026-03-05T08:52:11.016409,hover,01,47.397971,8.5461637,0.19700001180171967,-0.164000004529953,-0.004963481333106756,0.002041937317699194,-9.687446594238281,-5.358236376196146e-05,0.000650270376354456,-0.00018627283861860633,100.0,16.200000762939453
1772700731.1221995,2026-03-05T08:52:11.122200,hover,01,47.397971,8.5461637,0.19600000977516174,-0.164000004529953,-0.004963481333106756,0.002041937317699194,-9.687446594238281,-5.358236376196146e-05,0.000650270376354456,-0.00018627283861860633,100.0,16.200000762939453
1772700731.2260633,2026-03-05T08:52:11.226063,hover,01,47.397971,8.5461637,0.19600000977516174,-0.164000004529953,-0.009047683328390121,0.004941037856042385,-9.690516471862793,0.0004187913436908275,-0.00106807891279459,0.0006247400888241827,100.0,16.200000762939453
1772700731.3284173,2026-03-05T08:52:11.328417,hover,01,47.397971,8.5461637,0.19600000977516174,-0.164000004529953,-0.009047683328390121,0.004941037856042385,-9.690516471862793,0.0004187913436908275,-0.00106807891279459,0.0006247400888241827,100.0,16.200000762939453
1772700731.432302,2026-03-05T08:52:11.432302,hover,01,47.397971,8.5461637,0.19600000977516174,-0.164000004529953,-0.008277655579149723,0.0034808912314474583,-9.679866790771484,8.241987234214321e-05,-0.00040214808541350067,-8.533120853826404e-05,100.0,16.200000762939453
1772700731.5429666,2026-03-05T08:52:11.542967,hover,01,47.397971,8.5461637,0.19600000977516174,-0.16500000655651093,-0.008277655579149723,0.0034808912314474583,-9.679866790771484,8.241987234214321e-05,-0.00040214808541350067,-8.533120853826404e-05,100.0,16.200000762939453
1772700731.6478658,2026-03-05T08:52:11.647866,hover,01,47.397971,8.5461638,0.19500000774860382,-0.16500000655651093,-0.002370276488363743,-0.004988153465092182,-9.687350273132324,0.0003504088963381946,-0.00016943970695137978,0.00017075627692975104,100.0,16.200000762939453
1772700731.7489228,2026-03-05T08:52:11.748923,hover,01,47.397971,8.5461638,0.19500000774860382,-0.16500000655651093,0.005297387018799782,0.0024320504162460566,-9.677764892578125,-0.0010174330091103911,0.00050173862837255,0.0007164444541558623,100.0,16.200000762939453
1772700731.8498716,2026-03-05T08:52:11.849872,hover,01,47.397971,8.5461638,0.19500000774860382,-0.16500000655651093,0.005297387018799782,0.0024320504162460566,-9.677764892578125,-0.0010174330091103911,0.00050173862837255,0.0007164444541558623,100.0,16.200000762939453
1772700731.9541624,2026-03-05T08:52:11.954162,hover,01,47.397971,8.5461638,0.19500000774860382,-0.16500000655651093,-0.0021057683043181896,0.012367555871605873,-9.68140983581543,-0.0006027810159139335,-0.00020781900093425065,0.001443088403902948,100.0,16.200000762939453
1772700732.0558598,2026-03-05T08:52:12.055860,hover,01,47.397971,8.5461638,0.19500000774860382,-0.16600000858306885,-0.0021057683043181896,0.012367555871605873,-9.68140983581543,-0.0006027810159139335,-0.00020781900093425065,0.001443088403902948,100.0,16.200000762939453
1772700732.1657963,2026-03-05T08:52:12.165796,hover,01,47.397971,8.5461638,0.19500000774860382,-0.16600000858306885,-0.0021057683043181896,0.012367555871605873,-9.68140983581543,-0.0006027810159139335,-0.00020781900093425065,0.001443088403902948,100.0,16.200000762939453
1772700732.2669814,2026-03-05T08:52:12.266981,hover,01,47.397971,8.5461638,0.19500000774860382,-0.16600000858306885,-0.0032340167090296745,0.0012682708911597729,-9.688154220581055,0.00013827186194248497,0.00113998306915164,1.850562148320023e-05,100.0,16.200000762939453
1772700732.3691475,2026-03-05T08:52:12.369148,hover,01,47.397971,8.5461638,0.19500000774860382,-0.16600000858306885,-0.0032340167090296745,0.0012682708911597729,-9.688154220581055,0.00013827186194248497,0.00113998306915164,1.850562148320023e-05,100.0,16.200000762939453
1772700732.4724011,2026-03-05T08:52:12.472401,hover,01,47.397971,8.5461638,0.19500000774860382,-0.16600000858306885,-0.0020068876910954714,-0.0036142999306321144,-9.684467315673828,0.0008446460124105215,5.2175106247887015e-05,0.0004803678020834923,100.0,16.200000762939453
1772700732.5762615,2026-03-05T08:52:12.576262,hover,01,47.397971,8.5461638,0.19500000774860382,-0.16600000858306885,-0.0020068876910954714,-0.0036142999306321144,-9.684467315673828,0.0008446460124105215,5.2175106247887015e-05,0.0004803678020834923,100.0,16.200000762939453
1772700732.7056348,2026-03-05T08:52:12.705635,hover,01,47.397971,8.5461638,0.19500000774860382,-0.16600000858306885,-0.0022641411051154137,0.005237768404185772,-9.687488555908203,-0.00023804514785297215,0.00017797364853322506,0.0011135181412100792,100.0,16.200000762939453
1772700732.8088229,2026-03-05T08:52:12.808823,hover,01,47.397971,8.5461638,0.1940000057220459,-0.16600000858306885,-0.0022641411051154137,0.005237768404185772,-9.687488555908203,-0.00023804514785297215,0.00017797364853322506,0.0011135181412100792,100.0,16.200000762939453
1772700732.9160497,2026-03-05T08:52:12.916050,hover,01,47.397971,8.5461638,0.1940000057220459,-0.16600000858306885,-0.0022641411051154137,0.005237768404185772,-9.687488555908203,-0.00023804514785297215,0.00017797364853322506,0.0011135181412100792,100.0,16.200000762939453
1772700733.0358016,2026-03-05T08:52:13.035802,hover,01,47.397971,8.5461638,0.1940000057220459,-0.16600000858306885,-0.0022641411051154137,0.005237768404185772,-9.687488555908203,-0.00023804514785297215,0.00017797364853322506,0.0011135181412100792,100.0,16.200000762939453
1772700733.1370022,2026-03-05T08:52:13.137002,hover,01,47.397971,8.5461638,0.1940000057220459,-0.16600000858306885,-0.0022641411051154137,0.005237768404185772,-9.687488555908203,-0.00023804514785297215,0.00017797364853322506,0.0011135181412100792,100.0,16.200000762939453
1772700733.239741,2026-03-05T08:52:13.239741,hover,01,47.397971,8.5461638,0.1940000057220459,-0.16600000858306885,-0.007212987169623375,0.0023724138736724854,-9.682413101196289,-0.0009063068428076804,-0.0013481688220053911,-0.0008984067826531827,100.0,16.200000762939453
1772700733.3572216,2026-03-05T08:52:13.357222,hover,01,47.397971,8.5461638,0.1940000057220459,-0.16600000858306885,-0.009028198197484016,0.00834862980991602,-9.68338394165039,0.00017087375454138964,-0.0012038096319884062,-0.0008974815718829632,100.0,16.200000762939453
1772700733.4608777,2026-03-05T08:52:13.460878,hover,01,47.397971,8.5461638,0.1940000057220459,-0.16600000858306885,-0.009028198197484016,0.00834862980991602,-9.68338394165039,0.00017087375454138964,-0.0012038096319884062,-0.0008974815718829632,100.0,16.200000762939453
1772700733.589455,2026-03-05T08:52:13.589455,hover,01,47.397971,8.5461638,0.1940000057220459,-0.16600000858306885,-0.0011974088847637177,-0.0009218009654432535,-9.680018424987793,0.0009926753118634224,0.0007320675067603588,-0.001407040050253272,100.0,16.200000762939453
1772700733.6922977,2026-03-05T08:52:13.692298,hover,01,47.397971,8.5461638,0.1940000057220459,-0.16700001060962677,-0.0011974088847637177,-0.0009218009654432535,-9.680018424987793,0.0009926753118634224,0.0007320675067603588,-0.001407040050253272,100.0,16.200000762939453
1772700733.7999425,2026-03-05T08:52:13.799942,hover,01,47.397971,8.5461638,0.1940000057220459,-0.16700001060962677,0.0012692129239439964,0.006572678219527006,-9.68691635131836,-0.0001494013995397836,-0.0005802659434266388,0.00033640387118794024,100.0,16.200000762939453
1772700733.9140332,2026-03-05T08:52:13.914033,hover,01,47.397971,8.5461638,0.1940000057220459,-0.16700001060962677,-0.005996142514050007,0.0009227934060618281,-9.689737319946289,-0.00164834747556597,-0.0005580607103183866,-0.0005104008014313877,100.0,16.200000762939453
1772700734.0162628,2026-03-05T08:52:14.016263,hover,01,47.397971,8.5461638,0.1940000057220459,-0.16700001060962677,-0.005996142514050007,0.0009227934060618281,-9.689737319946289,-0.00164834747556597,-0.0005580607103183866,-0.0005104008014313877,100.0,16.200000762939453
1772700734.1241465,2026-03-05T08:52:14.124146,hover,01,47.397971,8.5461638,0.1940000057220459,-0.16700001060962677,-0.005996142514050007,0.0009227934060618281,-9.689737319946289,-0.00164834747556597,-0.0005580607103183866,-0.0005104008014313877,100.0,16.200000762939453
1772700734.2265568,2026-03-05T08:52:14.226557,hover,01,47.397971,8.5461638,0.1940000057220459,-0.16700001060962677,-0.005996142514050007,0.0009227934060618281,-9.689737319946289,-0.00164834747556597,-0.0005580607103183866,-0.0005104008014313877,100.0,16.200000762939453
1772700734.335839,2026-03-05T08:52:14.335839,hover,01,47.397971,8.5461638,0.1940000057220459,-0.16700001060962677,-0.004925527609884739,0.007390317507088184,-9.692421913146973,0.0007854690193198621,-0.0003558702883310616,0.0007040610653348267,100.0,16.200000762939453
1772700734.4372303,2026-03-05T08:52:14.437230,hover,01,47.397971,8.5461638,0.1940000057220459,-0.16700001060962677,-0.004925527609884739,0.007390317507088184,-9.692421913146973,0.0007854690193198621,-0.0003558702883310616,0.0007040610653348267,100.0,16.200000762939453
1772700734.6230538,2026-03-05T08:52:14.623054,hover,01,47.397971,8.5461639,0.19300000369548798,-0.1680000126361847,-0.004925527609884739,0.007390317507088184,-9.692421913146973,0.0007854690193198621,-0.0003558702883310616,0.0007040610653348267,100.0,16.200000762939453
1772700734.7313702,2026-03-05T08:52:14.731370,hover,01,47.397971,8.5461639,0.19300000369548798,-0.1680000126361847,-0.004925527609884739,0.007390317507088184,-9.692421913146973,0.0007854690193198621,-0.0003558702883310616,0.0007040610653348267,100.0,16.200000762939453
1772700734.834315,2026-03-05T08:52:14.834315,hover,01,47.397971,8.5461639,0.19300000369548798,-0.1680000126361847,0.0038289239164441824,0.006372462026774883,-9.687190055847168,-0.00045905375736765563,-0.000545466726180166,-0.0003416535328142345,100.0,16.200000762939453
1772700734.94606,2026-03-05T08:52:14.946060,hover,01,47.397971,8.5461639,0.19200000166893005,-0.1680000126361847,0.0038289239164441824,0.006372462026774883,-9.687190055847168,-0.00045905375736765563,-0.000545466726180166,-0.0003416535328142345,100.0,16.200000762939453
1772700735.070687,2026-03-05T08:52:15.070687,hover,01,47.397971,8.5461639,0.19200000166893005,-0.1680000126361847,0.0038289239164441824,0.006372462026774883,-9.687190055847168,-0.00045905375736765563,-0.000545466726180166,-0.0003416535328142345,100.0,16.200000762939453
1772700735.1723602,2026-03-05T08:52:15.172360,hover,01,47.397971,8.5461639,0.19200000166893005,-0.1680000126361847,0.0038289239164441824,0.006372462026774883,-9.687190055847168,-0.00045905375736765563,-0.000545466726180166,-0.0003416535328142345,100.0,16.200000762939453
1772700735.2750962,2026-03-05T08:52:15.275096,hover,01,47.397971,8.5461639,0.19200000166893005,-0.16900001466274261,0.003308376530185342,0.010551817715168,-9.68065357208252,-0.00017209802172146738,-0.0011660007294267416,0.00046700681559741497,100.0,16.200000762939453
1772700735.382724,2026-03-05T08:52:15.382724,hover,01,47.397971,8.5461639,0.19200000166893005,-0.16900001466274261,0.003308376530185342,0.010551817715168,-9.68065357208252,-0.00017209802172146738,-0.0011660007294267416,0.00046700681559741497,100.0,16.200000762939453
1772700735.487985,2026-03-05T08:52:15.487985,hover,01,47.397971,8.5461639,0.19200000166893005,-0.16900001466274261,0.003308376530185342,0.010551817715168,-9.68065357208252,-0.00017209802172146738,-0.0011660007294267416,0.00046700681559741497,100.0,16.200000762939453
1772700735.5909536,2026-03-05T08:52:15.590954,hover,01,47.397971,8.5461639,0.19200000166893005,-0.16900001466274261,0.003308376530185342,0.010551817715168,-9.68065357208252,-0.00017209802172146738,-0.0011660007294267416,0.00046700681559741497,100.0,16.200000762939453
1772700735.697068,2026-03-05T08:52:15.697068,hover,01,47.397971,8.5461639,0.19100001454353333,-0.17000000178813934,-0.0017794130835682154,0.004502497613430023,-9.69367504119873,-7.21740725566633e-05,0.0004601643013302237,0.0003967434458900243,100.0,16.200000762939453
1772700735.805399,2026-03-05T08:52:15.805399,hover,01,47.397971,8.5461639,0.19100001454353333,-0.17000000178813934,-0.0017794130835682154,0.004502497613430023,-9.69367504119873,-7.21740725566633e-05,0.0004601643013302237,0.0003967434458900243,100.0,16.200000762939453
1772700735.9178061,2026-03-05T08:52:15.917806,hover,01,47.397971,8.5461639,0.19100001454353333,-0.17000000178813934,0.007492314092814922,0.007479330990463495,-9.682669639587402,0.0003857484261970967,-0.0005081024719402194,-0.0006359468679875135,100.0,16.200000762939453
1772700736.028069,2026-03-05T08:52:16.028069,hover,01,47.397971,8.5461639,0.1900000125169754,-0.17000000178813934,0.007492314092814922,0.007479330990463495,-9.682669639587402,0.0003857484261970967,-0.0005081024719402194,-0.0006359468679875135,100.0,16.200000762939453
1772700736.1538785,2026-03-05T08:52:16.153878,hover,01,47.397971,8.5461639,0.1900000125169754,-0.17000000178813934,0.007492314092814922,0.007479330990463495,-9.682669639587402,0.0003857484261970967,-0.0005081024719402194,-0.0006359468679875135,100.0,16.200000762939453
1772700736.2640479,2026-03-05T08:52:16.264048,hover,01,47.397971,8.5461639,0.1900000125169754,-0.17000000178813934,0.007492314092814922,0.007479330990463495,-9.682669639587402,0.0003857484261970967,-0.0005081024719402194,-0.0006359468679875135,100.0,16.200000762939453
1772700736.3648555,2026-03-05T08:52:16.364856,hover,01,47.397971,8.5461639,0.1900000125169754,-0.17000000178813934,0.007492314092814922,0.007479330990463495,-9.682669639587402,0.0003857484261970967,-0.0005081024719402194,-0.0006359468679875135,100.0,16.200000762939453
1772700736.4752624,2026-03-05T08:52:16.475262,hover,01,47.397971,8.5461639,0.1900000125169754,-0.17000000178813934,0.007492314092814922,0.007479330990463495,-9.682669639587402,0.0003857484261970967,-0.0005081024719402194,-0.0006359468679875135,100.0,16.200000762939453
1772700736.5796962,2026-03-05T08:52:16.579696,hover,01,47.397971,8.5461639,0.1900000125169754,-0.17100000381469727,0.00637899711728096,-0.0006368327885866165,-9.684985160827637,0.0006598475738428533,-0.00011276053555775434,0.00010485034727025777,100.0,16.200000762939453
1772700736.6802437,2026-03-05T08:52:16.680244,hover,01,47.397971,8.5461639,0.18800000846385956,-0.1730000078678131,-0.007009753026068211,0.000741063617169857,-9.680618286132812,-0.00011007405555574223,0.0005231181858107448,0.0011872748145833611,100.0,16.200000762939453
1772700736.7874591,2026-03-05T08:52:16.787459,hover,01,47.397971,8.5461639,0.18800000846385956,-0.1730000078678131,-0.007009753026068211,0.000741063617169857,-9.680618286132812,-0.00011007405555574223,0.0005231181858107448,0.0011872748145833611,100.0,16.200000762939453
1772700736.894114,2026-03-05T08:52:16.894114,hover,01,47.397971,8.5461639,0.18700000643730164,-0.1730000078678131,-0.0046304976567626,0.004018613137304783,-9.684935569763184,-0.0005056946538388729,-7.832219125702977e-06,8.60918007674627e-05,100.0,16.200000762939453
1772700737.0111012,2026-03-05T08:52:17.011101,hover,01,47.397971,8.5461639,0.18700000643730164,-0.1730000078678131,-0.0046304976567626,0.004018613137304783,-9.684935569763184,-0.0005056946538388729,-7.832219125702977e-06,8.60918007674627e-05,100.0,16.200000762939453
1772700737.1198666,2026-03-05T08:52:17.119867,hover,01,47.397971,8.5461639,0.18700000643730164,-0.1730000078678131,-0.009908315725624561,0.001285524689592421,-9.6904935836792,0.00035758482408709824,-7.734852260909975e-05,0.0005920695257373154,100.0,16.200000762939453
1772700737.22416,2026-03-05T08:52:17.224160,hover,01,47.397971,8.5461639,0.1860000044107437,-0.17400000989437103,-0.009908315725624561,0.001285524689592421,-9.6904935836792,0.00035758482408709824,-7.734852260909975e-05,0.0005920695257373154,100.0,16.200000762939453
1772700737.3380628,2026-03-05T08:52:17.338063,hover,01,47.397971,8.5461639,0.1860000044107437,-0.17400000989437103,-0.009908315725624561,0.001285524689592421,-9.6904935836792,0.00035758482408709824,-7.734852260909975e-05,0.0005920695257373154,100.0,16.200000762939453
1772700737.4427412,2026-03-05T08:52:17.442741,hover,01,47.397971,8.5461639,0.1860000044107437,-0.17400000989437103,-0.0006184678059071302,-2.636481076478958e-05,-9.694785118103027,0.0003781949635595083,-0.0008863926632329822,-0.00011431670282036066,100.0,16.200000762939453
1772700737.5472023,2026-03-05T08:52:17.547202,hover,01,47.397971,8.5461639,0.1850000023841858,-0.17500001192092896,-0.0006184678059071302,-2.636481076478958e-05,-9.694785118103027,0.0003781949635595083,-0.0008863926632329822,-0.00011431670282036066,100.0,16.200000762939453
1772700737.6489422,2026-03-05T08:52:17.648942,hover,01,47.397971,8.5461639,0.1850000023841858,-0.17600001394748688,-0.006140825804322958,0.004953401163220406,-9.691113471984863,0.00045349233550950885,-0.00045112756197340786,-0.0005732775316573679,100.0,16.200000762939453
1772700737.7528489,2026-03-05T08:52:17.752849,hover,01,47.397971,8.5461639,0.1850000023841858,-0.17600001394748688,-0.006140825804322958,0.004953401163220406,-9.691113471984863,0.00045349233550950885,-0.00045112756197340786,-0.0005732775316573679,100.0,16.200000762939453
1772700737.8559897,2026-03-05T08:52:17.855990,hover,01,47.397971,8.5461639,0.18400001525878906,-0.1770000010728836,0.0034203880932182074,9.381724521517754e-05,-9.686826705932617,0.0004741333541460335,0.0003808795881923288,-0.00036081296275369823,100.0,16.200000762939453
1772700737.9622293,2026-03-05T08:52:17.962229,hover,01,47.397971,8.546164,0.18200001120567322,-0.17800000309944153,-0.0016903610667213798,0.0032484072726219893,-9.691659927368164,0.0001535748888272792,-0.001309237559325993,0.00025318845291621983,100.0,16.200000762939453
1772700738.0692663,2026-03-05T08:52:18.069266,hover,01,47.397971,8.546164,0.18200001120567322,-0.17800000309944153,-0.0035817502066493034,0.0017188208876177669,-9.695006370544434,-0.00041100019006989896,-0.0006215241155587137,0.00025116727920249104,100.0,16.200000762939453
1772700738.1813664,2026-03-05T08:52:18.181366,hover,01,47.397971,8.546164,0.1810000091791153,-0.18000000715255737,-0.0035817502066493034,0.0017188208876177669,-9.695006370544434,-0.00041100019006989896,-0.0006215241155587137,0.00025116727920249104,100.0,16.200000762939453
1772700738.2842724,2026-03-05T08:52:18.284272,hover,01,47.397971,8.546164,0.1810000091791153,-0.18000000715255737,-0.0030909657943993807,0.0009165846277028322,-9.678826332092285,0.00011952202476095408,-0.0006372991483658552,0.00016095164755824953,100.0,16.200000762939453
1772700738.3862607,2026-03-05T08:52:18.386261,hover,01,47.397971,8.546164,0.18000000715255737,-0.18000000715255737,-0.0030909657943993807,0.0009165846277028322,-9.678826332092285,0.00011952202476095408,-0.0006372991483658552,0.00016095164755824953,100.0,16.200000762939453
1772700738.4951315,2026-03-05T08:52:18.495131,hover,01,47.397971,8.546164,0.18000000715255737,-0.18000000715255737,-0.0030909657943993807,0.0009165846277028322,-9.678826332092285,0.00011952202476095408,-0.0006372991483658552,0.00016095164755824953,100.0,16.200000762939453
1772700738.5960145,2026-03-05T08:52:18.596014,hover,01,47.397971,8.546164,0.18000000715255737,-0.18000000715255737,-0.0030909657943993807,0.0009165846277028322,-9.678826332092285,0.00011952202476095408,-0.0006372991483658552,0.00016095164755824953,100.0,16.200000762939453
1772700738.6988451,2026-03-05T08:52:18.698845,hover,01,47.397971,8.546164,0.17800000309944153,-0.18200001120567322,-0.008670760318636894,-0.00044499803334474564,-9.682812690734863,0.0012219010386615992,-0.00013766101619694382,5.31250007043127e-05,100.0,16.200000762939453
1772700738.8014655,2026-03-05T08:52:18.801466,hover,01,47.397971,8.546164,0.17800000309944153,-0.18200001120567322,-0.008670760318636894,-0.00044499803334474564,-9.682812690734863,0.0012219010386615992,-0.00013766101619694382,5.31250007043127e-05,100.0,16.200000762939453
1772700738.9052963,2026-03-05T08:52:18.905296,hover,01,47.397971,8.546164,0.17800000309944153,-0.18200001120567322,-0.0037876381538808346,0.006799492985010147,-9.693742752075195,-0.00033710518619045615,-0.0014958528336137533,8.994466043077409e-05,100.0,16.200000762939453
1772700739.0322204,2026-03-05T08:52:19.032220,hover,01,47.397971,8.546164,0.1770000010728836,-0.18300001323223114,-0.0037876381538808346,0.006799492985010147,-9.693742752075195,-0.00033710518619045615,-0.0014958528336137533,8.994466043077409e-05,100.0,16.200000762939453
1772700739.135564,2026-03-05T08:52:19.135564,hover,01,47.397971,8.546164,0.1770000010728836,-0.18300001323223114,-0.0037876381538808346,0.006799492985010147,-9.693742752075195,-0.00033710518619045615,-0.0014958528336137533,8.994466043077409e-05,100.0,16.200000762939453
1772700739.2376978,2026-03-05T08:52:19.237698,hover,01,47.397971,8.546164,0.1770000010728836,-0.18300001323223114,-0.0037876381538808346,0.006799492985010147,-9.693742752075195,-0.00033710518619045615,-0.0014958528336137533,8.994466043077409e-05,100.0,16.200000762939453
1772700739.3400245,2026-03-05T08:52:19.340024,hover,01,47.397971,8.546164,0.1770000010728836,-0.18300001323223114,-0.0037876381538808346,0.006799492985010147,-9.693742752075195,-0.00033710518619045615,-0.0014958528336137533,8.994466043077409e-05,100.0,16.200000762939453
1772700739.4450893,2026-03-05T08:52:19.445089,hover,01,47.397971,8.546164,0.17600001394748688,-0.1850000023841858,-0.0004803414922207594,0.003429768141359091,-9.6864595413208,-0.0004733784880954772,-0.0010735351825132966,0.00023644221073482186,100.0,16.200000762939453
1772700739.547095,2026-03-05T08:52:19.547095,hover,01,47.397971,8.546164,0.17600001394748688,-0.1850000023841858,0.005054500885307789,0.0006443567108362913,-9.679792404174805,0.0001236582756973803,-0.0006784124998375773,-0.00034874549601227045,100.0,16.200000762939453
1772700739.6482406,2026-03-05T08:52:19.648241,hover,01,47.397971,8.546164,0.17400000989437103,-0.1860000044107437,0.005054500885307789,0.0006443567108362913,-9.679792404174805,0.0001236582756973803,-0.0006784124998375773,-0.00034874549601227045,100.0,16.200000762939453
1772700739.7528946,2026-03-05T08:52:19.752895,hover,01,47.3979709,8.546164,0.17400000989437103,-0.18700000643730164,-0.008323089219629765,-0.0011674186680465937,-9.688887596130371,0.0002634878037497401,0.00022100075148046017,-0.001298992894589901,100.0,16.200000762939453
1772700739.856961,2026-03-05T08:52:19.856961,hover,01,47.3979709,8.546164,0.1730000078678131,-0.18800000846385956,-0.00568230077624321,0.005367211066186428,-9.691818237304688,0.0008779644267633557,-0.000575302226934582,0.0003529741952661425,100.0,16.200000762939453
1772700739.9824655,2026-03-05T08:52:19.982466,hover,01,47.3979709,8.546164,0.1730000078678131,-0.18800000846385956,-0.0010984737891703844,0.008367732167243958,-9.689903259277344,-0.0008353182347491384,-0.0007617613882757723,9.114888962358236e-05,100.0,16.200000762939453
1772700740.085287,2026-03-05T08:52:20.085287,hover,01,47.3979709,8.546164,0.1720000058412552,-0.18900001049041748,-0.0010984737891703844,0.008367732167243958,-9.689903259277344,-0.0008353182347491384,-0.0007617613882757723,9.114888962358236e-05,100.0,16.200000762939453
1772700740.186832,2026-03-05T08:52:20.186832,hover,01,47.3979709,8.546164,0.1720000058412552,-0.18900001049041748,-0.0010984737891703844,0.008367732167243958,-9.689903259277344,-0.0008353182347491384,-0.0007617613882757723,9.114888962358236e-05,100.0,16.200000762939453
1772700740.2903352,2026-03-05T08:52:20.290335,hover,01,47.3979709,8.546164,0.17100000381469727,-0.1900000125169754,-0.0022511098068207502,0.009003588929772377,-9.689172744750977,-6.141053745523095e-07,-0.0003203709493391216,-9.419092384632677e-05,100.0,16.200000762939453
1772700740.3979127,2026-03-05T08:52:20.397913,hover,01,47.3979709,8.546164,0.17100000381469727,-0.1900000125169754,-0.007014301605522633,0.0017712228000164032,-9.681829452514648,-0.00039874407229945064,5.6407530792057514e-05,0.0003979180473834276,100.0,16.200000762939453
1772700740.500628,2026-03-05T08:52:20.500628,hover,01,47.3979709,8.546164,0.16900001466274261,-0.19100001454353333,-0.007014301605522633,0.0017712228000164032,-9.681829452514648,-0.00039874407229945064,5.6407530792057514e-05,0.0003979180473834276,100.0,16.200000762939453
1772700740.614642,2026-03-05T08:52:20.614642,hover,01,47.3979709,8.546164,0.16900001466274261,-0.19100001454353333,-0.007014301605522633,0.0017712228000164032,-9.681829452514648,-0.00039874407229945064,5.6407530792057514e-05,0.0003979180473834276,100.0,16.200000762939453
1772700740.7189956,2026-03-05T08:52:20.718996,hover,01,47.3979709,8.546164,0.1680000126361847,-0.19300000369548798,0.0007331578526645899,0.007890734821557999,-9.684654235839844,0.0010729595087468624,-0.0005963315488770604,0.0008499571122229099,100.0,16.200000762939453
1772700740.8208942,2026-03-05T08:52:20.820894,hover,01,47.3979709,8.5461641,0.1600000113248825,-0.20000000298023224,0.003184271277859807,0.00026360340416431427,-9.688350677490234,-0.001196712371893227,-9.477599814999849e-05,0.0005080114351585507,100.0,16.200000762939453
1772700740.9223447,2026-03-05T08:52:20.922345,hover,01,47.3979709,8.5461641,0.1600000113248825,-0.20000000298023224,0.003184271277859807,0.00026360340416431427,-9.688350677490234,-0.001196712371893227,-9.477599814999849e-05,0.0005080114351585507,100.0,16.200000762939453
1772700741.0305297,2026-03-05T08:52:21.030530,hover,01,47.3979709,8.5461641,0.1600000113248825,-0.20000000298023224,0.0035780479665845633,-0.003066380973905325,-9.687387466430664,0.0009918696014210582,-0.0009866120526567101,1.0194406058872119e-05,100.0,16.200000762939453
1772700741.1372685,2026-03-05T08:52:21.137269,hover,01,47.3979709,8.5461641,0.15900000929832458,-0.20100000500679016,0.0035780479665845633,-0.003066380973905325,-9.687387466430664,0.0009918696014210582,-0.0009866120526567101,1.0194406058872119e-05,100.0,16.200000762939453
1772700741.2381186,2026-03-05T08:52:21.238119,hover,01,47.3979709,8.5461641,0.15900000929832458,-0.20100000500679016,0.0035780479665845633,-0.003066380973905325,-9.687387466430664,0.0009918696014210582,-0.0009866120526567101,1.0194406058872119e-05,100.0,16.200000762939453
1772700741.3472629,2026-03-05T08:52:21.347263,hover,01,47.3979709,8.5461641,0.15800000727176666,-0.20200000703334808,-0.002940347883850336,0.001439021434634924,-9.686179161071777,-0.0001072142695193179,-4.308928328100592e-05,0.0009131504921242595,100.0,16.200000762939453
1772700741.4499319,2026-03-05T08:52:21.449932,hover,01,47.3979709,8.5461641,0.15800000727176666,-0.20200000703334808,-0.002940347883850336,0.001439021434634924,-9.686179161071777,-0.0001072142695193179,-4.308928328100592e-05,0.0009131504921242595,100.0,16.200000762939453
1772700741.5519857,2026-03-05T08:52:21.551986,hover,01,47.3979709,8.5461641,0.15600000321865082,-0.20400001108646393,-0.007019735872745514,0.004905280657112598,-9.688403129577637,0.0005250165122561157,-0.00014675772399641573,0.00021441811986733228,100.0,16.200000762939453
1772700741.682004,2026-03-05T08:52:21.682004,hover,01,47.3979709,8.5461641,0.15600000321865082,-0.20400001108646393,-0.007019735872745514,0.004905280657112598,-9.688403129577637,0.0005250165122561157,-0.00014675772399641573,0.00021441811986733228,100.0,16.200000762939453
1772700741.7840397,2026-03-05T08:52:21.784040,hover,01,47.3979709,8.5461641,0.1550000011920929,-0.20500001311302185,-6.286147981882095e-05,0.0034185757394880056,-9.69161605834961,3.141163324471563e-05,-0.00019626565335784107,-0.0007063179509714246,100.0,16.200000762939453
1772700741.8850083,2026-03-05T08:52:21.885008,hover,01,47.3979709,8.5461641,0.15400001406669617,-0.2070000171661377,-0.0032757497392594814,0.003011180553585291,-9.689401626586914,0.0006125711952336133,-6.072054384276271e-05,-0.00046395426033996046,100.0,16.200000762939453
1772700741.9866846,2026-03-05T08:52:21.986685,hover,01,47.3979709,8.5461641,0.15400001406669617,-0.2070000171661377,-0.0022845682688057423,0.013158190995454788,-9.683916091918945,-7.095908949850127e-05,-0.0014992953510954976,-0.0004179475363343954,100.0,16.200000762939453
1772700742.087791,2026-03-05T08:52:22.087791,hover,01,47.3979709,8.5461641,0.15300001204013824,-0.20800000429153442,-0.0022845682688057423,0.013158190995454788,-9.683916091918945,-7.095908949850127e-05,-0.0014992953510954976,-0.0004179475363343954,100.0,16.200000762939453
1772700742.1982775,2026-03-05T08:52:22.198277,hover,01,47.3979709,8.5461641,0.15300001204013824,-0.20800000429153442,-0.0022845682688057423,0.013158190995454788,-9.683916091918945,-7.095908949850127e-05,-0.0014992953510954976,-0.0004179475363343954,100.0,16.200000762939453
1772700742.323586,2026-03-05T08:52:22.323586,hover,01,47.3979709,8.5461641,0.15300001204013824,-0.20800000429153442,-0.0022845682688057423,0.013158190995454788,-9.683916091918945,-7.095908949850127e-05,-0.0014992953510954976,-0.0004179475363343954,100.0,16.200000762939453
1772700742.4270651,2026-03-05T08:52:22.427065,hover,01,47.3979709,8.5461641,0.15300001204013824,-0.20800000429153442,-0.004689568653702736,0.005070434883236885,-9.688108444213867,0.000393444555811584,-5.7063589338213205e-05,5.604831676464528e-05,100.0,16.200000762939453
1772700742.5301013,2026-03-05T08:52:22.530101,hover,01,47.3979709,8.5461641,0.15300001204013824,-0.20800000429153442,-0.004689568653702736,0.005070434883236885,-9.688108444213867,0.000393444555811584,-5.7063589338213205e-05,5.604831676464528e-05,100.0,16.200000762939453
1772700742.6357894,2026-03-05T08:52:22.635789,hover,01,47.3979709,8.5461641,0.15300001204013824,-0.20800000429153442,0.002477475209161639,0.00593486987054348,-9.68887710571289,0.0005691747064702213,-0.0008469084859825671,0.000634428986813873,100.0,16.200000762939453
1772700742.7410555,2026-03-05T08:52:22.741055,hover,01,47.3979709,8.5461641,0.15300001204013824,-0.20800000429153442,0.002477475209161639,0.00593486987054348,-9.68887710571289,0.0005691747064702213,-0.0008469084859825671,0.000634428986813873,100.0,16.200000762939453
1772700742.847701,2026-03-05T08:52:22.847701,hover,01,47.3979709,8.5461641,0.15300001204013824,-0.20800000429153442,0.002477475209161639,0.00593486987054348,-9.68887710571289,0.0005691747064702213,-0.0008469084859825671,0.000634428986813873,100.0,16.200000762939453
1772700742.9528115,2026-03-05T08:52:22.952811,hover,01,47.3979709,8.5461641,0.15300001204013824,-0.20800000429153442,-0.00034139235503971577,0.0032647198531776667,-9.682050704956055,-0.0004219498368911445,-7.17669609002769e-05,0.00039993473910726607,100.0,16.200000762939453
1772700743.0642147,2026-03-05T08:52:23.064215,hover,01,47.3979709,8.5461641,0.15300001204013824,-0.20800000429153442,-0.006648578681051731,0.000863822759129107,-9.68411636352539,0.0007365365163423121,-0.00029897308559156954,0.0002187298669014126,100.0,16.200000762939453
1772700743.1652176,2026-03-05T08:52:23.165218,hover,01,47.3979709,8.5461641,0.15300001204013824,-0.20800000429153442,-0.006648578681051731,0.000863822759129107,-9.68411636352539,0.0007365365163423121,-0.00029897308559156954,0.0002187298669014126,100.0,16.200000762939453
1772700743.2663867,2026-03-05T08:52:23.266387,hover,01,47.3979709,8.5461641,0.15300001204013824,-0.2070000171661377,-0.007052712142467499,0.0052744303829967976,-9.697035789489746,2.6845526008401066e-05,0.00030859315302222967,-0.0005096910172142088,100.0,16.200000762939453
1772700743.3704538,2026-03-05T08:52:23.370454,hover,01,47.3979709,8.5461641,0.15300001204013824,-0.2070000171661377,-0.007052712142467499,0.0052744303829967976,-9.697035789489746,2.6845526008401066e-05,0.00030859315302222967,-0.0005096910172142088,100.0,16.200000762939453
1772700743.4729877,2026-03-05T08:52:23.472988,hover,01,47.3979709,8.5461641,0.1550000011920929,-0.20600001513957977,-0.005690670572221279,0.005917733535170555,-9.6981201171875,-0.00038933660835027695,-0.0005369685823097825,0.0006802518619224429,100.0,16.200000762939453
1772700743.5740657,2026-03-05T08:52:23.574066,hover,01,47.3979709,8.5461641,0.15600000321865082,-0.20500001311302185,-0.0013182155089452863,0.00034090527333319187,-9.688373565673828,-0.0005462900153361261,-0.0005554528324864805,-0.0006150698754936457,100.0,16.200000762939453
1772700743.6783702,2026-03-05T08:52:23.678370,hover,01,47.3979709,8.5461641,0.15600000321865082,-0.20500001311302185,-0.007936341688036919,-0.0014488908927887678,-9.68531608581543,0.0007905410602688789,9.669718565419316e-06,5.9996978961862624e-05,100.0,16.200000762939453
1772700743.781121,2026-03-05T08:52:23.781121,hover,01,47.3979709,8.5461641,0.15900000929832458,-0.20100000500679016,-0.006923122331500053,-0.0020712818950414658,-9.695626258850098,0.0007725090836174786,-0.00018401609850116074,-0.000785115931648761,100.0,16.200000762939453
1772700743.8871467,2026-03-05T08:52:23.887147,hover,01,47.3979709,8.5461641,0.15900000929832458,-0.20100000500679016,-0.006923122331500053,-0.0020712818950414658,-9.695626258850098,0.0007725090836174786,-0.00018401609850116074,-0.000785115931648761,100.0,16.200000762939453
1772700743.989937,2026-03-05T08:52:23.989937,hover,01,47.3979709,8.5461641,0.16200000047683716,-0.1980000138282776,-0.001166244619525969,-0.002286640927195549,-9.689285278320312,-0.0006720480741932988,-0.00032138399546965957,0.00032543743145652115,100.0,16.200000762939453
1772700744.0952272,2026-03-05T08:52:24.095227,hover,01,47.3979709,8.5461641,0.16200000047683716,-0.1980000138282776,-0.001166244619525969,-0.002286640927195549,-9.689285278320312,-0.0006720480741932988,-0.00032138399546965957,0.00032543743145652115,100.0,16.200000762939453
1772700744.1967707,2026-03-05T08:52:24.196771,hover,01,47.3979709,8.5461641,0.16200000047683716,-0.1980000138282776,-0.001166244619525969,-0.002286640927195549,-9.689285278320312,-0.0006720480741932988,-0.00032138399546965957,0.00032543743145652115,100.0,16.200000762939453
1772700744.2982624,2026-03-05T08:52:24.298262,hover,01,47.3979709,8.5461641,0.16500000655651093,-0.19600000977516174,-0.002151499968022108,0.002444514771923423,-9.688081741333008,-0.0008639557636342943,0.0004689565976150334,0.0013466603122651577,100.0,16.200000762939453
1772700744.4058526,2026-03-05T08:52:24.405853,hover,01,47.3979709,8.5461641,0.16500000655651093,-0.19600000977516174,-0.002151499968022108,0.002444514771923423,-9.688081741333008,-0.0008639557636342943,0.0004689565976150334,0.0013466603122651577,100.0,16.200000762939453
1772700744.508899,2026-03-05T08:52:24.508899,hover,01,47.3979709,8.5461641,0.16700001060962677,-0.19300000369548798,0.003570226486772299,0.0006229912978596985,-9.694276809692383,3.5576664231484756e-05,0.0009387221653014421,0.0007932732696644962,100.0,16.200000762939453
1772700744.6127417,2026-03-05T08:52:24.612742,hover,01,47.3979709,8.5461641,0.16700001060962677,-0.19300000369548798,0.003570226486772299,0.0006229912978596985,-9.694276809692383,3.5576664231484756e-05,0.0009387221653014421,0.0007932732696644962,100.0,16.200000762939453
1772700744.7144501,2026-03-05T08:52:24.714450,hover,01,47.3979709,8.5461641,0.17100000381469727,-0.18900001049041748,-0.006429007742553949,0.0058165197260677814,-9.683584213256836,0.0001885067904368043,-3.485984052531421e-05,0.0001207432069350034,100.0,16.200000762939453
1772700744.8151503,2026-03-05T08:52:24.815150,hover,01,47.3979709,8.5461641,0.17100000381469727,-0.18900001049041748,-0.006429007742553949,0.0058165197260677814,-9.683584213256836,0.0001885067904368043,-3.485984052531421e-05,0.0001207432069350034,100.0,16.200000762939453
1772700744.91715,2026-03-05T08:52:24.917150,hover,01,47.3979709,8.5461641,0.17100000381469727,-0.18900001049041748,0.000626242021098733,0.00465562054887414,-9.686304092407227,0.0003300821117591113,1.5709054423496127e-05,-0.0016960656503215432,100.0,16.200000762939453
1772700745.019167,2026-03-05T08:52:25.019167,hover,01,47.3979709,8.5461641,0.17500001192092896,-0.1850000023841858,0.000626242021098733,0.00465562054887414,-9.686304092407227,0.0003300821117591113,1.5709054423496127e-05,-0.0016960656503215432,100.0,16.200000762939453
1772700745.1211717,2026-03-05T08:52:25.121172,hover,01,47.3979709,8.546164,0.17900000512599945,-0.18200001120567322,-6.084877531975508e-05,0.0018322098767384887,-9.694210052490234,0.0006726637948304415,0.0006309525924734771,0.0001487086119595915,100.0,16.200000762939453
1772700745.2234507,2026-03-05T08:52:25.223451,hover,01,47.3979709,8.546164,0.17900000512599945,-0.18200001120567322,-0.0037524867802858353,-0.003649612423032522,-9.6854248046875,0.0005516395322047174,0.0010567991994321346,8.189752406906337e-05,100.0,16.200000762939453
1772700745.3387718,2026-03-05T08:52:25.338772,hover,01,47.3979709,8.546164,0.18200001120567322,-0.17900000512599945,-0.0037524867802858353,-0.003649612423032522,-9.6854248046875,0.0005516395322047174,0.0010567991994321346,8.189752406906337e-05,100.0,16.200000762939453
1772700745.443239,2026-03-05T08:52:25.443239,hover,01,47.3979709,8.546164,0.18200001120567322,-0.17900000512599945,-0.0037524867802858353,-0.003649612423032522,-9.6854248046875,0.0005516395322047174,0.0010567991994321346,8.189752406906337e-05,100.0,16.200000762939453
1772700745.5490782,2026-03-05T08:52:25.549078,hover,01,47.3979709,8.546164,0.18700000643730164,-0.1730000078678131,0.006899007596075535,0.00895006489008665,-9.684646606445312,-0.0012572426348924637,0.00041820661863312125,-0.0005675223073922098,100.0,16.200000762939453
1772700745.6503463,2026-03-05T08:52:25.650346,hover,01,47.3979709,8.546164,0.18900001049041748,-0.17100000381469727,0.006899007596075535,0.00895006489008665,-9.684646606445312,-0.0012572426348924637,0.00041820661863312125,-0.0005675223073922098,100.0,16.200000762939453
1772700745.7520509,2026-03-05T08:52:25.752051,hover,01,47.3979709,8.546164,0.1940000057220459,-0.16600000858306885,0.00592027697712183,0.001322185038588941,-9.69631576538086,0.001495014294050634,-0.0008004435221664608,-0.000548259646166116,100.0,16.200000762939453
1772700745.85408,2026-03-05T08:52:25.854080,hover,01,47.3979709,8.546164,0.1940000057220459,-0.16600000858306885,0.00592027697712183,0.001322185038588941,-9.69631576538086,0.001495014294050634,-0.0008004435221664608,-0.000548259646166116,100.0,16.200000762939453
1772700745.957367,2026-03-05T08:52:25.957367,hover,01,47.3979709,8.546164,0.19700001180171967,-0.16300000250339508,-0.0035909179132431746,-0.0010351856471970677,-9.69192886352539,-0.00027688941918313503,0.00017673872935120016,-0.0013104160316288471,100.0,16.200000762939453
1772700746.060074,2026-03-05T08:52:26.060074,hover,01,47.3979709,8.546164,0.19700001180171967,-0.16300000250339508,-0.0035909179132431746,-0.0010351856471970677,-9.69192886352539,-0.00027688941918313503,0.00017673872935120016,-0.0013104160316288471,100.0,16.200000762939453
1772700746.1632295,2026-03-05T08:52:26.163229,hover,01,47.3979709,8.546164,0.19700001180171967,-0.16300000250339508,-0.0035909179132431746,-0.0010351856471970677,-9.69192886352539,-0.00027688941918313503,0.00017673872935120016,-0.0013104160316288471,100.0,16.200000762939453
1772700746.2655087,2026-03-05T08:52:26.265509,hover,01,47.3979709,8.546164,0.20200000703334808,-0.15900000929832458,-0.0044865855015814304,-0.0019159232033416629,-9.687572479248047,-0.0002932008937932551,0.0005677801673300564,-0.0007718035485595465,100.0,16.200000762939453
1772700746.3677104,2026-03-05T08:52:26.367710,hover,01,47.3979709,8.546164,0.20200000703334808,-0.15900000929832458,-0.0006513539701700211,0.004480734467506409,-9.686430931091309,-6.681153172394261e-05,0.0005678382003679872,-0.000986167578957975,100.0,16.200000762939453
1772700746.4692886,2026-03-05T08:52:26.469289,hover,01,47.3979709,8.546164,0.20500001311302185,-0.15600000321865082,-0.0006513539701700211,0.004480734467506409,-9.686430931091309,-6.681153172394261e-05,0.0005678382003679872,-0.000986167578957975,100.0,16.200000762939453
1772700746.572004,2026-03-05T08:52:26.572004,hover,01,47.3979709,8.546164,0.20500001311302185,-0.15600000321865082,-0.0006513539701700211,0.004480734467506409,-9.686430931091309,-6.681153172394261e-05,0.0005678382003679872,-0.000986167578957975,100.0,16.200000762939453
1772700746.672955,2026-03-05T08:52:26.672955,hover,01,47.3979709,8.546164,0.20500001311302185,-0.15600000321865082,-0.0006513539701700211,0.004480734467506409,-9.686430931091309,-6.681153172394261e-05,0.0005678382003679872,-0.000986167578957975,100.0,16.200000762939453
1772700746.775234,2026-03-05T08:52:26.775234,hover,01,47.3979709,8.546164,0.20800000429153442,-0.15300001204013824,-0.004309149459004402,0.00035497196950018406,-9.685138702392578,0.00030561917810700834,-0.00033385975984856486,0.00014897598884999752,100.0,16.200000762939453
1772700746.918319,2026-03-05T08:52:26.918319,hover,01,47.3979709,8.546164,0.20800000429153442,-0.15300001204013824,-0.004309149459004402,0.00035497196950018406,-9.685138702392578,0.00030561917810700834,-0.00033385975984856486,0.00014897598884999752,100.0,16.200000762939453
1772700747.0249612,2026-03-05T08:52:27.024961,hover,01,47.3979709,8.546164,0.2110000103712082,-0.14900000393390656,-0.004309149459004402,0.00035497196950018406,-9.685138702392578,0.00030561917810700834,-0.00033385975984856486,0.00014897598884999752,100.0,16.200000762939453
1772700747.1290405,2026-03-05T08:52:27.129040,hover,01,47.3979709,8.546164,0.2110000103712082,-0.14900000393390656,0.0021505998447537422,0.004801176954060793,-9.680992126464844,0.00017773440049495548,0.00025157409254461527,-1.7015358025673777e-05,100.0,16.200000762939453
1772700747.2321684,2026-03-05T08:52:27.232168,hover,01,47.3979709,8.546164,0.21300001442432404,-0.14800000190734863,0.0021505998447537422,0.004801176954060793,-9.680992126464844,0.00017773440049495548,0.00025157409254461527,-1.7015358025673777e-05,100.0,16.200000762939453
1772700747.349796,2026-03-05T08:52:27.349796,hover,01,47.3979709,8.546164,0.21300001442432404,-0.14800000190734863,0.0004844833165407181,0.006402972154319286,-9.689409255981445,0.000290347175905481,-0.0004543907125480473,-9.939524170476943e-05,100.0,16.200000762939453
1772700747.4540982,2026-03-05T08:52:27.454098,hover,01,47.3979709,8.546164,0.2160000056028366,-0.14500001072883606,0.0004844833165407181,0.006402972154319286,-9.689409255981445,0.000290347175905481,-0.0004543907125480473,-9.939524170476943e-05,100.0,16.200000762939453
1772700747.5660594,2026-03-05T08:52:27.566059,hover,01,47.3979709,8.546164,0.2160000056028366,-0.14500001072883606,0.0004844833165407181,0.006402972154319286,-9.689409255981445,0.000290347175905481,-0.0004543907125480473,-9.939524170476943e-05,100.0,16.200000762939453
1772700747.6687746,2026-03-05T08:52:27.668775,hover,01,47.3979709,8.546164,0.2160000056028366,-0.14500001072883606,0.0004844833165407181,0.006402972154319286,-9.689409255981445,0.000290347175905481,-0.0004543907125480473,-9.939524170476943e-05,100.0,16.200000762939453
1772700747.77173,2026-03-05T08:52:27.771730,hover,01,47.3979709,8.546164,0.21800000965595245,-0.14300000667572021,-0.0005730418488383293,-0.0007666080491617322,-9.688383102416992,0.00022846757201477885,0.001058839145116508,3.601682328735478e-05,100.0,16.200000762939453
1772700747.8740325,2026-03-05T08:52:27.874032,hover,01,47.3979709,8.546164,0.2200000137090683,-0.14000000059604645,0.00561161944642663,-0.0013244174188002944,-9.694067001342773,-9.776831575436518e-05,-0.00047812017146497965,-0.00041553875780664384,100.0,16.200000762939453
1772700747.9810011,2026-03-05T08:52:27.981001,hover,01,47.397971,8.546164,0.22200001776218414,-0.1380000114440918,-0.0008451251778751612,-0.0011149075580760837,-9.690713882446289,-0.0003782721469178796,-0.0010371736716479063,-0.0003086051729042083,100.0,16.200000762939453
1772700748.114017,2026-03-05T08:52:28.114017,hover,01,47.397971,8.546164,0.2240000069141388,-0.13600000739097595,0.007190244272351265,0.0016989720752462745,-9.676830291748047,0.00020698108710348606,0.0006395928212441504,0.00022867311781737953,100.0,16.200000762939453
1772700748.219104,2026-03-05T08:52:28.219104,hover,01,47.397971,8.546164,0.22600001096725464,-0.1340000033378601,-0.007070932537317276,0.0023134839721024036,-9.682550430297852,-0.0008534124353900552,-0.001231237081810832,0.0009509492083452642,100.0,16.200000762939453
1772700748.32114,2026-03-05T08:52:28.321140,hover,01,47.397971,8.546164,0.22600001096725464,-0.1340000033378601,-0.007070932537317276,0.0023134839721024036,-9.682550430297852,-0.0008534124353900552,-0.001231237081810832,0.0009509492083452642,100.0,16.200000762939453
1772700748.4255497,2026-03-05T08:52:28.425550,hover,01,47.397971,8.546164,0.22600001096725464,-0.1340000033378601,-0.006621506996452808,-0.011068467982113361,-9.693122863769531,0.0007181145483627915,-0.0008293071878142655,6.848255725344643e-05,100.0,16.200000762939453
1772700748.566775,2026-03-05T08:52:28.566775,hover,01,47.397971,8.546164,0.2290000170469284,-0.13199999928474426,0.003222376573830843,-0.0015726556302979589,-9.69322681427002,-0.0005572654772549868,-0.0010703993029892445,-6.047800707165152e-05,100.0,16.200000762939453
1772700748.6944516,2026-03-05T08:52:28.694452,hover,01,47.397971,8.546164,0.2330000102519989,-0.12700000405311584,0.0019927178509533405,-0.002247636206448078,-9.682558059692383,-0.0003565407532732934,-0.00034828015486709774,0.0010536534246057272,100.0,16.200000762939453
1772700748.7960932,2026-03-05T08:52:28.796093,hover,01,47.397971,8.546164,0.2330000102519989,-0.12700000405311584,0.0019927178509533405,-0.002247636206448078,-9.682558059692383,-0.0003565407532732934,-0.00034828015486709774,0.0010536534246057272,100.0,16.200000762939453
1772700748.9011204,2026-03-05T08:52:28.901120,hover,01,47.397971,8.546164,0.2330000102519989,-0.12700000405311584,0.0019927178509533405,-0.002247636206448078,-9.682558059692383,-0.0003565407532732934,-0.00034828015486709774,0.0010536534246057272,100.0,16.200000762939453
1772700749.0033708,2026-03-05T08:52:29.003371,hover,01,47.397971,8.546164,0.23500001430511475,-0.12600000202655792,-0.003932015039026737,0.0022549601271748543,-9.68359088897705,8.202461322071031e-05,0.0007109575089998543,-0.0003925106720998883,100.0,16.200000762939453
1772700749.1070843,2026-03-05T08:52:29.107084,hover,01,47.397971,8.546164,0.2370000183582306,-0.12400000542402267,0.006009846460074186,-0.0013501424109563231,-9.694097518920898,0.0006152403657324612,0.0006746925646439195,0.0006183094228617847,100.0,16.200000762939453
1772700749.209699,2026-03-05T08:52:29.209699,hover,01,47.397971,8.546164,0.2370000183582306,-0.12400000542402267,0.006009846460074186,-0.0013501424109563231,-9.694097518920898,0.0006152403657324612,0.0006746925646439195,0.0006183094228617847,100.0,16.200000762939453
1772700749.3152676,2026-03-05T08:52:29.315268,hover,01,47.397971,8.546164,0.23900000751018524,-0.12200000882148743,-0.0019820649176836014,-0.006018234416842461,-9.689176559448242,0.00029917474603280425,-0.0006299328524619341,0.0006263614632189274,100.0,16.200000762939453
1772700749.4170487,2026-03-05T08:52:29.417049,hover,01,47.397971,8.546164,0.24000000953674316,-0.1210000067949295,-0.0013324484461918473,-0.004706528969109058,-9.682640075683594,0.00027337719802744687,0.00040986441308632493,-0.0004898511688224971,100.0,16.200000762939453
1772700749.5207357,2026-03-05T08:52:29.520736,hover,01,47.397971,8.546164,0.24000000953674316,-0.1210000067949295,-0.0013324484461918473,-0.004706528969109058,-9.682640075683594,0.00027337719802744687,0.00040986441308632493,-0.0004898511688224971,100.0,16.200000762939453
1772700749.6504536,2026-03-05T08:52:29.650454,hover,01,47.397971,8.546164,0.242000013589859,-0.11900000274181366,-0.007832931354641914,0.00685459328815341,-9.681875228881836,-0.00048419032827951014,-0.00042137980926781893,-1.2104306733817793e-05,100.0,16.200000762939453
1772700749.752405,2026-03-05T08:52:29.752405,hover,01,47.397971,8.546164,0.24400001764297485,-0.11600000411272049,-0.007832931354641914,0.00685459328815341,-9.681875228881836,-0.00048419032827951014,-0.00042137980926781893,-1.2104306733817793e-05,100.0,16.200000762939453
1772700749.8634658,2026-03-05T08:52:29.863466,hover,01,47.397971,8.546164,0.2460000067949295,-0.11500000208616257,-0.006055877543985844,-0.00878804363310337,-9.690720558166504,0.00012576687731780112,-0.0010914721060544252,-0.0005078777903690934,100.0,16.200000762939453
1772700749.9642675,2026-03-05T08:52:29.964267,hover,01,47.397971,8.546164,0.2460000067949295,-0.11500000208616257,-0.006055877543985844,-0.00878804363310337,-9.690720558166504,0.00012576687731780112,-0.0010914721060544252,-0.0005078777903690934,100.0,16.200000762939453
1772700750.0659971,2026-03-05T08:52:30.065997,hover,01,47.397971,8.546164,0.2460000067949295,-0.11500000208616257,-0.006055877543985844,-0.00878804363310337,-9.690720558166504,0.00012576687731780112,-0.0010914721060544252,-0.0005078777903690934,100.0,16.200000762939453
1772700750.1677485,2026-03-05T08:52:30.167748,hover,01,47.397971,8.546164,0.2460000067949295,-0.11500000208616257,-0.0015188729157671332,0.004081792198121548,-9.684590339660645,-2.052527997875586e-05,-0.0004730026994366199,-0.0005423763650469482,100.0,16.200000762939453
1772700750.2713344,2026-03-05T08:52:30.271334,hover,01,47.397971,8.546164,0.24700000882148743,-0.11300000548362732,-0.0015188729157671332,0.004081792198121548,-9.684590339660645,-2.052527997875586e-05,-0.0004730026994366199,-0.0005423763650469482,100.0,16.200000762939453
1772700750.3755574,2026-03-05T08:52:30.375557,hover,01,47.397971,8.546164,0.24700000882148743,-0.11300000548362732,-0.0015188729157671332,0.004081792198121548,-9.684590339660645,-2.052527997875586e-05,-0.0004730026994366199,-0.0005423763650469482,100.0,16.200000762939453
1772700750.4799712,2026-03-05T08:52:30.479971,hover,01,47.397971,8.546164,0.24700000882148743,-0.11300000548362732,-0.0037558337207883596,0.00567439291626215,-9.693216323852539,-0.00040873445686884224,-0.00030660192715004086,-0.00013259929255582392,100.0,16.200000762939453
1772700750.5921652,2026-03-05T08:52:30.592165,hover,01,47.397971,8.546164,0.24800001084804535,-0.1120000034570694,-0.0037558337207883596,0.00567439291626215,-9.693216323852539,-0.00040873445686884224,-0.00030660192715004086,-0.00013259929255582392,100.0,16.200000762939453
1772700750.694223,2026-03-05T08:52:30.694223,hover,01,47.397971,8.546164,0.24800001084804535,-0.1120000034570694,-0.0032668348867446184,0.007885364815592766,-9.691061973571777,0.00018681543588172644,-0.0003251080051995814,-0.0010199096286669374,100.0,16.200000762939453
1772700750.8001845,2026-03-05T08:52:30.800184,hover,01,47.397971,8.546164,0.25200000405311584,-0.10900000482797623,-0.0006602955982089043,0.0016015584114938974,-9.686715126037598,-0.0008329527918249369,-0.0014141435967758298,0.0016447125235572457,100.0,16.200000762939453
1772700750.913037,2026-03-05T08:52:30.913037,hover,01,47.3979709,8.546164,0.2550000250339508,-0.10600000619888306,0.0039039321709424257,0.006158658303320408,-9.688173294067383,0.0007871296838857234,0.00019520902424119413,0.0008817425696179271,100.0,16.200000762939453
1772700751.0230324,2026-03-05T08:52:31.023032,hover,01,47.3979709,8.546164,0.2550000250339508,-0.10600000619888306,0.0039039321709424257,0.006158658303320408,-9.688173294067383,0.0007871296838857234,0.00019520902424119413,0.0008817425696179271,100.0,16.200000762939453
1772700751.1330707,2026-03-05T08:52:31.133071,hover,01,47.3979709,8.546164,0.2550000250339508,-0.10600000619888306,0.002208642428740859,0.0026037946809083223,-9.687389373779297,-0.00019914397853426635,0.0010622856207191944,0.0011791556607931852,100.0,16.200000762939453
1772700751.250268,2026-03-05T08:52:31.250268,hover,01,47.3979709,8.546164,0.25600001215934753,-0.10400000214576721,0.002208642428740859,0.0026037946809083223,-9.687389373779297,-0.00019914397853426635,0.0010622856207191944,0.0011791556607931852,100.0,16.200000762939453
1772700751.3522453,2026-03-05T08:52:31.352245,hover,01,47.3979709,8.546164,0.25600001215934753,-0.10400000214576721,0.002208642428740859,0.0026037946809083223,-9.687389373779297,-0.00019914397853426635,0.0010622856207191944,0.0011791556607931852,100.0,16.200000762939453
1772700751.4548812,2026-03-05T08:52:31.454881,hover,01,47.3979709,8.5461639,0.25699999928474426,-0.10300000756978989,-0.0017861449159681797,-0.0017663154285401106,-9.680908203125,0.0006490054656751454,0.00020464666886255145,0.0008799698553048074,100.0,16.200000762939453
1772700751.6142936,2026-03-05T08:52:31.614294,hover,01,47.3979709,8.5461639,0.2590000033378601,-0.10200000554323196,-0.0014762362698093057,-0.0016175892669707537,-9.693479537963867,-0.000373432703781873,9.128358215093613e-06,0.0002190185186918825,100.0,16.200000762939453
1772700751.7302487,2026-03-05T08:52:31.730249,hover,01,47.3979709,8.5461639,0.2590000033378601,-0.10200000554323196,-0.0014762362698093057,-0.0016175892669707537,-9.693479537963867,-0.000373432703781873,9.128358215093613e-06,0.0002190185186918825,100.0,16.200000762939453
1772700751.8338594,2026-03-05T08:52:31.833859,hover,01,47.3979709,8.5461639,0.2590000033378601,-0.10200000554323196,-0.0014762362698093057,-0.0016175892669707537,-9.693479537963867,-0.000373432703781873,9.128358215093613e-06,0.0002190185186918825,100.0,16.200000762939453
1772700751.9352462,2026-03-05T08:52:31.935246,hover,01,47.3979709,8.5461639,0.2590000033378601,-0.10200000554323196,0.002311849733814597,-0.0016493031289428473,-9.693647384643555,0.0009439692948944867,-0.0006473248358815908,0.0007454357109963894,100.0,16.200000762939453
1772700752.0378215,2026-03-05T08:52:32.037822,hover,01,47.3979709,8.5461639,0.2600000202655792,-0.10100000351667404,0.002311849733814597,-0.0016493031289428473,-9.693647384643555,0.0009439692948944867,-0.0006473248358815908,0.0007454357109963894,100.0,16.200000762939453
1772700752.1387148,2026-03-05T08:52:32.138715,hover,01,47.3979709,8.5461639,0.2600000202655792,-0.10100000351667404,0.002311849733814597,-0.0016493031289428473,-9.693647384643555,0.0009439692948944867,-0.0006473248358815908,0.0007454357109963894,100.0,16.200000762939453
1772700752.2398412,2026-03-05T08:52:32.239841,hover,01,47.3979709,8.5461639,0.26100000739097595,-0.10000000149011612,-0.002021266845986247,-0.005336389876902103,-9.683439254760742,-0.0003352161147631705,-2.874300116673112e-05,0.0003283593978267163,100.0,16.200000762939453
1772700752.3416312,2026-03-05T08:52:32.341631,hover,01,47.3979709,8.5461639,0.26100000739097595,-0.10000000149011612,-0.006205011159181595,-0.0005022311233915389,-9.686626434326172,0.0007923386874608696,0.0001798318699002266,0.0003895422851201147,100.0,16.200000762939453
1772700752.4452138,2026-03-05T08:52:32.445214,hover,01,47.3979709,8.5461639,0.26100000739097595,-0.0990000069141388,-0.006205011159181595,-0.0005022311233915389,-9.686626434326172,0.0007923386874608696,0.0001798318699002266,0.0003895422851201147,100.0,16.200000762939453
1772700752.5485501,2026-03-05T08:52:32.548550,hover,01,47.3979709,8.5461639,0.26100000739097595,-0.0990000069141388,-0.006205011159181595,-0.0005022311233915389,-9.686626434326172,0.0007923386874608696,0.0001798318699002266,0.0003895422851201147,100.0,16.200000762939453
1772700752.6874206,2026-03-05T08:52:32.687421,hover,01,47.3979709,8.5461639,0.26100000739097595,-0.0990000069141388,-0.006205011159181595,-0.0005022311233915389,-9.686626434326172,0.0007923386874608696,0.0001798318699002266,0.0003895422851201147,100.0,16.200000762939453
1772700752.7900174,2026-03-05T08:52:32.790017,hover,01,47.3979709,8.5461639,0.2630000114440918,-0.09800000488758087,0.00018228497356176376,0.006713924929499626,-9.678295135498047,0.00035866437247022986,0.00039386050775647163,0.0007191976765170693,100.0,16.200000762939453
1772700752.902882,2026-03-05T08:52:32.902882,hover,01,47.3979709,8.5461639,0.2630000114440918,-0.09800000488758087,0.0020638287533074617,-0.003925427794456482,-9.685199737548828,0.0007776460261084139,-0.0006918891449458897,-0.00043735388317145407,100.0,16.200000762939453
1772700753.0060265,2026-03-05T08:52:33.006027,hover,01,47.3979709,8.5461639,0.2630000114440918,-0.09700000286102295,0.0020638287533074617,-0.003925427794456482,-9.685199737548828,0.0007776460261084139,-0.0006918891449458897,-0.00043735388317145407,100.0,16.200000762939453
1772700753.113832,2026-03-05T08:52:33.113832,hover,01,47.3979709,8.5461639,0.2630000114440918,-0.09700000286102295,0.0020638287533074617,-0.003925427794456482,-9.685199737548828,0.0007776460261084139,-0.0006918891449458897,-0.00043735388317145407,100.0,16.200000762939453
1772700753.2200384,2026-03-05T08:52:33.220038,hover,01,47.3979709,8.5461639,0.2630000114440918,-0.09700000286102295,-0.0020796400494873524,0.0025917689781636,-9.675298690795898,0.0005154754035174847,-0.0002549960627220571,1.4570574421668425e-05,100.0,16.200000762939453
1772700753.3279672,2026-03-05T08:52:33.327967,hover,01,47.3979709,8.5461639,0.2630000114440918,-0.09700000286102295,-0.0020796400494873524,0.0025917689781636,-9.675298690795898,0.0005154754035174847,-0.0002549960627220571,1.4570574421668425e-05,100.0,16.200000762939453
1772700753.4414892,2026-03-05T08:52:33.441489,hover,01,47.3979709,8.5461639,0.2639999985694885,-0.09600000083446503,-0.0020796400494873524,0.0025917689781636,-9.675298690795898,0.0005154754035174847,-0.0002549960627220571,1.4570574421668425e-05,100.0,16.200000762939453
1772700753.542299,2026-03-05T08:52:33.542299,hover,01,47.3979709,8.5461639,0.2639999985694885,-0.09600000083446503,-0.0020796400494873524,0.0025917689781636,-9.675298690795898,0.0005154754035174847,-0.0002549960627220571,1.4570574421668425e-05,100.0,16.200000762939453
1772700753.6441822,2026-03-05T08:52:33.644182,hover,01,47.3979709,8.5461639,0.2639999985694885,-0.09600000083446503,-0.0008136371616274118,0.0023216241970658302,-9.683430671691895,0.0006198171176947653,0.00035370400291867554,-0.000516195606905967,100.0,16.200000762939453
1772700753.7502856,2026-03-05T08:52:33.750286,hover,01,47.3979709,8.5461639,0.26500001549720764,-0.09600000083446503,-0.0008136371616274118,0.0023216241970658302,-9.683430671691895,0.0006198171176947653,0.00035370400291867554,-0.000516195606905967,100.0,16.200000762939453
1772700753.8547432,2026-03-05T08:52:33.854743,hover,01,47.397971,8.5461639,0.26500001549720764,-0.0950000062584877,0.002125091152265668,0.00373041327111423,-9.672286987304688,6.54472823953256e-05,0.001215544412843883,-0.00036930310307070613,100.0,16.200000762939453
1772700753.9569097,2026-03-05T08:52:33.956910,hover,01,47.397971,8.5461639,0.26500001549720764,-0.0950000062584877,0.002125091152265668,0.00373041327111423,-9.672286987304688,6.54472823953256e-05,0.001215544412843883,-0.00036930310307070613,100.0,16.200000762939453
1772700754.0590453,2026-03-05T08:52:34.059045,hover,01,47.397971,8.5461639,0.26600000262260437,-0.0950000062584877,-0.006173368077725172,0.0010175229981541634,-9.684041976928711,9.543584019411355e-05,-0.00021085466141812503,-0.0002604071341920644,100.0,16.200000762939453
1772700754.1660717,2026-03-05T08:52:34.166072,hover,01,47.397971,8.5461639,0.26600000262260437,-0.0950000062584877,-0.006173368077725172,0.0010175229981541634,-9.684041976928711,9.543584019411355e-05,-0.00021085466141812503,-0.0002604071341920644,100.0,16.200000762939453
1772700754.2677093,2026-03-05T08:52:34.267709,hover,01,47.397971,8.5461639,0.26600000262260437,-0.0950000062584877,-0.006173368077725172,0.0010175229981541634,-9.684041976928711,9.543584019411355e-05,-0.00021085466141812503,-0.0002604071341920644,100.0,16.200000762939453
1772700754.3704374,2026-03-05T08:52:34.370437,hover,01,47.397971,8.5461639,0.26600000262260437,-0.0950000062584877,-0.0006101886392571032,0.0005784358363598585,-9.673458099365234,-0.0003019409195985645,-0.0016418724553659558,8.535022789146751e-05,100.0,16.200000762939453
1772700754.4801474,2026-03-05T08:52:34.480147,hover,01,47.397971,8.5461639,0.26600000262260437,-0.09400000423192978,-0.0006101886392571032,0.0005784358363598585,-9.673458099365234,-0.0003019409195985645,-0.0016418724553659558,8.535022789146751e-05,100.0,16.200000762939453
1772700754.5818481,2026-03-05T08:52:34.581848,hover,01,47.397971,8.5461639,0.26600000262260437,-0.09400000423192978,0.005198759492486715,0.00370550318621099,-9.686944961547852,-7.97490865807049e-05,7.661531708436087e-05,0.0003102301270700991,100.0,16.200000762939453
1772700754.683565,2026-03-05T08:52:34.683565,hover,01,47.397971,8.5461639,0.2670000195503235,-0.09400000423192978,-0.003985550720244646,0.000932350056245923,-9.686809539794922,-0.0003709709271788597,-4.2426174331922084e-05,8.322884968947619e-05,100.0,16.200000762939453
1772700754.7861874,2026-03-05T08:52:34.786187,hover,01,47.397971,8.5461639,0.2670000195503235,-0.09300000220537186,-0.003985550720244646,0.000932350056245923,-9.686809539794922,-0.0003709709271788597,-4.2426174331922084e-05,8.322884968947619e-05,100.0,16.200000762939453
1772700754.8900592,2026-03-05T08:52:34.890059,hover,01,47.397971,8.5461639,0.2670000195503235,-0.09300000220537186,-0.008605174720287323,-0.00039283939986489713,-9.685932159423828,0.00015927963249851018,-0.0008757204632274806,-5.1579754654085264e-05,100.0,16.200000762939453
1772700754.992287,2026-03-05T08:52:34.992287,hover,01,47.397971,8.5461639,0.2670000195503235,-0.09300000220537186,-0.008605174720287323,-0.00039283939986489713,-9.685932159423828,0.00015927963249851018,-0.0008757204632274806,-5.1579754654085264e-05,100.0,16.200000762939453
1772700755.0962064,2026-03-05T08:52:35.096206,hover,01,47.397971,8.5461639,0.2670000195503235,-0.09300000220537186,0.0022624488919973373,0.004586037714034319,-9.682127952575684,0.0005899324896745384,0.0002043427957687527,0.00018652348080649972,100.0,16.200000762939453
1772700755.198964,2026-03-05T08:52:35.198964,hover,01,47.397971,8.5461639,0.2670000195503235,-0.09300000220537186,-0.0002389035653322935,0.004233202431350946,-9.68803596496582,-0.0004778944421559572,-3.49171350535471e-05,-0.00042818987276405096,100.0,16.200000762939453
1772700755.3052132,2026-03-05T08:52:35.305213,hover,01,47.397971,8.5461638,0.2680000066757202,-0.09300000220537186,0.0034518353641033173,-0.0035280813463032246,-9.682088851928711,0.00029025651747360826,-0.0006755263893865049,7.544491381850094e-05,100.0,16.200000762939453
1772700755.4211938,2026-03-05T08:52:35.421194,hover,01,47.397971,8.5461638,0.2680000066757202,-0.09300000220537186,-0.0001654470106586814,0.003483052598312497,-9.681142807006836,4.4902582885697484e-05,0.000209548365091905,0.0001820066972868517,100.0,16.200000762939453
1772700755.5306268,2026-03-05T08:52:35.530627,hover,01,47.397971,8.5461638,0.2680000066757202,-0.09300000220537186,-0.0001654470106586814,0.003483052598312497,-9.681142807006836,4.4902582885697484e-05,0.000209548365091905,0.0001820066972868517,100.0,16.200000762939453
1772700755.6351047,2026-03-05T08:52:35.635105,hover,01,47.397971,8.5461638,0.2680000066757202,-0.09300000220537186,-0.0017328145913779736,0.007343385834246874,-9.68577766418457,0.001004332909360528,0.0002660187310539186,-2.836411294993013e-05,100.0,16.200000762939453
1772700755.7376103,2026-03-05T08:52:35.737610,hover,01,47.397971,8.5461638,0.2680000066757202,-0.09300000220537186,-0.0032217134721577168,0.0012595533626154065,-9.686721801757812,9.880912693915889e-05,-0.00020751322153955698,-0.0004892789875157177,100.0,16.200000762939453
1772700755.8404734,2026-03-05T08:52:35.840473,hover,01,47.397971,8.5461638,0.2680000066757202,-0.09300000220537186,-0.0032217134721577168,0.0012595533626154065,-9.686721801757812,9.880912693915889e-05,-0.00020751322153955698,-0.0004892789875157177,100.0,16.200000762939453
1772700755.9441593,2026-03-05T08:52:35.944159,hover,01,47.397971,8.5461638,0.2680000066757202,-0.09300000220537186,-0.004042153246700764,0.004437820054590702,-9.684267044067383,0.0003920004528481513,-1.5938963770167902e-05,0.00047225988237187266,100.0,16.200000762939453
1772700756.055274,2026-03-05T08:52:36.055274,hover,01,47.397971,8.5461638,0.2680000066757202,-0.09300000220537186,-0.004042153246700764,0.004437820054590702,-9.684267044067383,0.0003920004528481513,-1.5938963770167902e-05,0.00047225988237187266,100.0,16.200000762939453
1772700756.1611946,2026-03-05T08:52:36.161195,hover,01,47.397971,8.5461638,0.2680000066757202,-0.09300000220537186,-0.005215056240558624,0.00211499840952456,-9.685935974121094,0.0012801147531718016,-0.00024771629250608385,-0.0005445783026516438,100.0,16.200000762939453
1772700756.2711606,2026-03-05T08:52:36.271161,hover,01,47.397971,8.5461638,0.2680000066757202,-0.09300000220537186,-0.005215056240558624,0.00211499840952456,-9.685935974121094,0.0012801147531718016,-0.00024771629250608385,-0.0005445783026516438,100.0,16.200000762939453
1772700756.3884206,2026-03-05T08:52:36.388421,hover,01,47.397971,8.5461638,0.2680000066757202,-0.09300000220537186,-0.007697045803070068,0.004004674032330513,-9.691316604614258,0.0004415683215484023,0.00015775507199577987,-0.00045178490108810365,100.0,16.200000762939453
1772700756.4933128,2026-03-05T08:52:36.493313,hover,01,47.397971,8.5461638,0.2680000066757202,-0.09300000220537186,-0.007697045803070068,0.004004674032330513,-9.691316604614258,0.0004415683215484023,0.00015775507199577987,-0.00045178490108810365,100.0,16.200000762939453
1772700756.6023593,2026-03-05T08:52:36.602359,hover,01,47.397971,8.5461638,0.2670000195503235,-0.09300000220537186,-0.007697045803070068,0.004004674032330513,-9.691316604614258,0.0004415683215484023,0.00015775507199577987,-0.00045178490108810365,100.0,16.200000762939453
1772700756.704318,2026-03-05T08:52:36.704318,hover,01,47.397971,8.5461638,0.2670000195503235,-0.09300000220537186,-0.002486760728061199,-0.0015834402292966843,-9.689013481140137,-0.0005128750344738364,-0.0006384869921021163,-0.0007799717714078724,100.0,16.200000762939453
1772700756.8083806,2026-03-05T08:52:36.808381,hover,01,47.397971,8.5461638,0.2670000195503235,-0.09300000220537186,-0.002486760728061199,-0.0015834402292966843,-9.689013481140137,-0.0005128750344738364,-0.0006384869921021163,-0.0007799717714078724,100.0,16.200000762939453
1772700756.9156888,2026-03-05T08:52:36.915689,hover,01,47.397971,8.5461638,0.2670000195503235,-0.09300000220537186,-0.002486760728061199,-0.0015834402292966843,-9.689013481140137,-0.0005128750344738364,-0.0006384869921021163,-0.0007799717714078724,100.0,16.200000762939453
1772700757.026018,2026-03-05T08:52:37.026018,hover,01,47.397971,8.5461638,0.2670000195503235,-0.09300000220537186,0.000768925528973341,-0.005496019963175058,-9.684028625488281,0.0009263918036594987,0.0019212919287383556,0.0002123628364643082,100.0,16.200000762939453
1772700757.1282647,2026-03-05T08:52:37.128265,hover,01,47.397971,8.5461638,0.2670000195503235,-0.09400000423192978,-0.0029480664525181055,0.004012082237750292,-9.67689323425293,6.851449143141508e-06,0.00018580659525468946,0.00010847179510165006,100.0,16.200000762939453
1772700757.2316883,2026-03-05T08:52:37.231688,hover,01,47.397971,8.5461638,0.2670000195503235,-0.09400000423192978,-0.0029480664525181055,0.004012082237750292,-9.67689323425293,6.851449143141508e-06,0.00018580659525468946,0.00010847179510165006,100.0,16.200000762939453
1772700757.3334768,2026-03-05T08:52:37.333477,hover,01,47.397971,8.5461638,0.2670000195503235,-0.09400000423192978,-0.0029480664525181055,0.004012082237750292,-9.67689323425293,6.851449143141508e-06,0.00018580659525468946,0.00010847179510165006,100.0,16.200000762939453
1772700757.4937758,2026-03-05T08:52:37.493776,hover,01,47.397971,8.5461638,0.2670000195503235,-0.09400000423192978,-0.006108674220740795,-0.0005784170934930444,-9.685955047607422,0.0004847874806728214,-0.0006672039744444191,0.0005887664738111198,100.0,16.200000762939453
1772700757.6053884,2026-03-05T08:52:37.605388,hover,01,47.397971,8.5461638,0.2670000195503235,-0.09400000423192978,-0.006108674220740795,-0.0005784170934930444,-9.685955047607422,0.0004847874806728214,-0.0006672039744444191,0.0005887664738111198,100.0,16.200000762939453
1772700757.7083504,2026-03-05T08:52:37.708350,hover,01,47.397971,8.5461638,0.26600000262260437,-0.0950000062584877,-0.006108674220740795,-0.0005784170934930444,-9.685955047607422,0.0004847874806728214,-0.0006672039744444191,0.0005887664738111198,100.0,16.200000762939453
1772700757.812424,2026-03-05T08:52:37.812424,hover,01,47.397971,8.5461638,0.26600000262260437,-0.0950000062584877,-0.00032695382833480835,-0.004792824853211641,-9.682161331176758,-0.0004157464427407831,-0.0003185149689670652,-0.0012415386736392975,100.0,16.200000762939453
1772700757.9158006,2026-03-05T08:52:37.915801,hover,01,47.397971,8.5461638,0.26600000262260437,-0.0950000062584877,-0.00032695382833480835,-0.004792824853211641,-9.682161331176758,-0.0004157464427407831,-0.0003185149689670652,-0.0012415386736392975,100.0,16.200000762939453
1772700758.0377312,2026-03-05T08:52:38.037731,hover,01,47.397971,8.5461638,0.26600000262260437,-0.0950000062584877,-0.00032695382833480835,-0.004792824853211641,-9.682161331176758,-0.0004157464427407831,-0.0003185149689670652,-0.0012415386736392975,100.0,16.200000762939453
1772700758.1665585,2026-03-05T08:52:38.166559,hover,01,47.397971,8.5461638,0.26600000262260437,-0.0950000062584877,-0.00032695382833480835,-0.004792824853211641,-9.682161331176758,-0.0004157464427407831,-0.0003185149689670652,-0.0012415386736392975,100.0,16.200000762939453
1772700758.304732,2026-03-05T08:52:38.304732,hover,01,47.397971,8.5461638,0.26500001549720764,-0.0950000062584877,0.004331772215664387,0.002444334328174591,-9.694421768188477,-0.0002712689165491611,-0.00015368734602816403,0.0012031299993395805,100.0,16.200000762939453
1772700758.415818,2026-03-05T08:52:38.415818,hover,01,47.397971,8.5461638,0.26500001549720764,-0.0950000062584877,0.004331772215664387,0.002444334328174591,-9.694421768188477,-0.0002712689165491611,-0.00015368734602816403,0.0012031299993395805,100.0,16.200000762939453
1772700758.538575,2026-03-05T08:52:38.538575,hover,01,47.397971,8.5461638,0.26500001549720764,-0.0950000062584877,0.004331772215664387,0.002444334328174591,-9.694421768188477,-0.0002712689165491611,-0.00015368734602816403,0.0012031299993395805,100.0,16.200000762939453
1772700758.642417,2026-03-05T08:52:38.642417,hover,01,47.397971,8.5461638,0.26500001549720764,-0.0950000062584877,0.004331772215664387,0.002444334328174591,-9.694421768188477,-0.0002712689165491611,-0.00015368734602816403,0.0012031299993395805,100.0,16.200000762939453
1772700758.753029,2026-03-05T08:52:38.753029,hover,01,47.397971,8.5461638,0.26500001549720764,-0.0950000062584877,0.004331772215664387,0.002444334328174591,-9.694421768188477,-0.0002712689165491611,-0.00015368734602816403,0.0012031299993395805,100.0,16.200000762939453
1772700758.85711,2026-03-05T08:52:38.857110,hover,01,47.397971,8.5461638,0.26500001549720764,-0.0950000062584877,0.004331772215664387,0.002444334328174591,-9.694421768188477,-0.0002712689165491611,-0.00015368734602816403,0.0012031299993395805,100.0,16.200000762939453
1772700758.9642248,2026-03-05T08:52:38.964225,hover,01,47.397971,8.5461638,0.26500001549720764,-0.0950000062584877,0.004331772215664387,0.002444334328174591,-9.694421768188477,-0.0002712689165491611,-0.00015368734602816403,0.0012031299993395805,100.0,16.200000762939453
1772700759.1030967,2026-03-05T08:52:39.103097,hover,01,47.397971,8.5461638,0.26500001549720764,-0.0950000062584877,0.004331772215664387,0.002444334328174591,-9.694421768188477,-0.0002712689165491611,-0.00015368734602816403,0.0012031299993395805,100.0,16.200000762939453
1772700759.214808,2026-03-05T08:52:39.214808,hover,01,47.397971,8.5461638,0.26500001549720764,-0.0950000062584877,0.004331772215664387,0.002444334328174591,-9.694421768188477,-0.0002712689165491611,-0.00015368734602816403,0.0012031299993395805,100.0,16.200000762939453
1772700759.3183384,2026-03-05T08:52:39.318338,hover,01,47.397971,8.5461638,0.26500001549720764,-0.0950000062584877,0.004331772215664387,0.002444334328174591,-9.694421768188477,-0.0002712689165491611,-0.00015368734602816403,0.0012031299993395805,100.0,16.200000762939453
1772700759.4421575,2026-03-05T08:52:39.442158,hover,01,47.397971,8.5461638,0.26500001549720764,-0.0950000062584877,0.004331772215664387,0.002444334328174591,-9.694421768188477,-0.0002712689165491611,-0.00015368734602816403,0.0012031299993395805,100.0,16.200000762939453
1772700759.5458088,2026-03-05T08:52:39.545809,hover,01,47.397971,8.5461638,0.26500001549720764,-0.0950000062584877,-0.0033498432021588087,-0.0026299930177628994,-9.686788558959961,0.001175076118670404,-0.00010147751163458452,1.6541862351004966e-05,100.0,16.200000762939453
1772700759.6730268,2026-03-05T08:52:39.673027,hover,01,47.397971,8.5461638,0.2639999985694885,-0.09600000083446503,-0.0033498432021588087,-0.0026299930177628994,-9.686788558959961,0.001175076118670404,-0.00010147751163458452,1.6541862351004966e-05,100.0,16.200000762939453
1772700759.7924902,2026-03-05T08:52:39.792490,hover,01,47.397971,8.5461638,0.2639999985694885,-0.09600000083446503,-0.0033498432021588087,-0.0026299930177628994,-9.686788558959961,0.001175076118670404,-0.00010147751163458452,1.6541862351004966e-05,100.0,16.200000762939453
1772700759.895198,2026-03-05T08:52:39.895198,hover,01,47.397971,8.5461638,0.2639999985694885,-0.09600000083446503,-0.005604919046163559,-0.0025296704843640327,-9.689453125,7.126315904315561e-05,-0.00031759170815348625,0.0007572753238491714,100.0,16.200000762939453
1772700760.0035694,2026-03-05T08:52:40.003569,hover,01,47.397971,8.5461638,0.2639999985694885,-0.09600000083446503,-0.005604919046163559,-0.0025296704843640327,-9.689453125,7.126315904315561e-05,-0.00031759170815348625,0.0007572753238491714,100.0,16.200000762939453
1772700760.1044366,2026-03-05T08:52:40.104437,hover,01,47.397971,8.5461638,0.2639999985694885,-0.09600000083446503,-0.005604919046163559,-0.0025296704843640327,-9.689453125,7.126315904315561e-05,-0.00031759170815348625,0.0007572753238491714,100.0,16.200000762939453
1772700760.2400918,2026-03-05T08:52:40.240092,hover,01,47.397971,8.5461638,0.2639999985694885,-0.09600000083446503,-0.003776628291234374,-0.000785496667958796,-9.681468963623047,-0.000599041348323226,-0.0005930843763053417,9.414851956535131e-05,100.0,16.200000762939453
1772700760.3430204,2026-03-05T08:52:40.343020,hover,01,47.397971,8.5461638,0.2639999985694885,-0.09600000083446503,-0.003776628291234374,-0.000785496667958796,-9.681468963623047,-0.000599041348323226,-0.0005930843763053417,9.414851956535131e-05,100.0,16.200000762939453
1772700760.586292,2026-03-05T08:52:40.586292,hover,01,47.397971,8.5461638,0.2639999985694885,-0.09700000286102295,-0.003776628291234374,-0.000785496667958796,-9.681468963623047,-0.000599041348323226,-0.0005930843763053417,9.414851956535131e-05,100.0,16.200000762939453
1772700760.7143946,2026-03-05T08:52:40.714395,hover,01,47.397971,8.5461638,0.2639999985694885,-0.09700000286102295,-0.003776628291234374,-0.000785496667958796,-9.681468963623047,-0.000599041348323226,-0.0005930843763053417,9.414851956535131e-05,100.0,16.200000762939453
1772700760.8552027,2026-03-05T08:52:40.855203,hover,01,47.397971,8.5461638,0.2639999985694885,-0.09700000286102295,-0.003776628291234374,-0.000785496667958796,-9.681468963623047,-0.000599041348323226,-0.0005930843763053417,9.414851956535131e-05,100.0,16.200000762939453
1772700761.0192676,2026-03-05T08:52:41.019268,hover,01,47.397971,8.5461638,0.2639999985694885,-0.09700000286102295,-0.003776628291234374,-0.000785496667958796,-9.681468963623047,-0.000599041348323226,-0.0005930843763053417,9.414851956535131e-05,100.0,16.200000762939453
1772700761.135792,2026-03-05T08:52:41.135792,hover,01,47.397971,8.5461638,0.2639999985694885,-0.09700000286102295,-0.003776628291234374,-0.000785496667958796,-9.681468963623047,-0.000599041348323226,-0.0005930843763053417,9.414851956535131e-05,100.0,16.200000762939453
1772700761.249274,2026-03-05T08:52:41.249274,hover,01,47.397971,8.5461638,0.2639999985694885,-0.09700000286102295,-0.003776628291234374,-0.000785496667958796,-9.681468963623047,-0.000599041348323226,-0.0005930843763053417,9.414851956535131e-05,100.0,16.200000762939453
1772700761.3608525,2026-03-05T08:52:41.360852,hover,01,47.397971,8.5461638,0.2639999985694885,-0.09700000286102295,-0.003776628291234374,-0.000785496667958796,-9.681468963623047,-0.000599041348323226,-0.0005930843763053417,9.414851956535131e-05,100.0,16.200000762939453
1772700761.5883584,2026-03-05T08:52:41.588358,hover,01,47.397971,8.5461638,0.2639999985694885,-0.09700000286102295,-0.003776628291234374,-0.000785496667958796,-9.681468963623047,-0.000599041348323226,-0.0005930843763053417,9.414851956535131e-05,100.0,16.200000762939453
1772700761.7119944,2026-03-05T08:52:41.711994,hover,01,47.397971,8.5461638,0.2639999985694885,-0.09700000286102295,-0.003776628291234374,-0.000785496667958796,-9.681468963623047,-0.000599041348323226,-0.0005930843763053417,9.414851956535131e-05,100.0,16.200000762939453
1772700761.8195035,2026-03-05T08:52:41.819504,hover,01,47.397971,8.5461638,0.2639999985694885,-0.09700000286102295,-0.0025999003555625677,0.0044228024780750275,-9.682254791259766,0.000958798045758158,0.0010234301444143057,0.0009659035131335258,100.0,16.200000762939453
1772700761.9223135,2026-03-05T08:52:41.922313,hover,01,47.397971,8.5461638,0.2639999985694885,-0.09700000286102295,-0.0028180850204080343,0.0020815024618059397,-9.692316055297852,0.0009137406595982611,-6.761686381651089e-05,0.0006825301679782569,100.0,16.200000762939453
1772700762.0341704,2026-03-05T08:52:42.034170,hover,01,47.397971,8.5461638,0.2630000114440918,-0.09800000488758087,-0.0028180850204080343,0.0020815024618059397,-9.692316055297852,0.0009137406595982611,-6.761686381651089e-05,0.0006825301679782569,100.0,16.200000762939453
1772700762.139315,2026-03-05T08:52:42.139315,hover,01,47.397971,8.5461638,0.2630000114440918,-0.09800000488758087,-0.0028180850204080343,0.0020815024618059397,-9.692316055297852,0.0009137406595982611,-6.761686381651089e-05,0.0006825301679782569,100.0,16.200000762939453
1772700762.26219,2026-03-05T08:52:42.262190,hover,01,47.397971,8.5461638,0.2630000114440918,-0.09800000488758087,-0.0028180850204080343,0.0020815024618059397,-9.692316055297852,0.0009137406595982611,-6.761686381651089e-05,0.0006825301679782569,100.0,16.200000762939453
1772700762.3686182,2026-03-05T08:52:42.368618,hover,01,47.397971,8.5461638,0.2630000114440918,-0.09800000488758087,-0.0028180850204080343,0.0020815024618059397,-9.692316055297852,0.0009137406595982611,-6.761686381651089e-05,0.0006825301679782569,100.0,16.200000762939453
1772700762.474016,2026-03-05T08:52:42.474016,hover,01,47.397971,8.5461638,0.2630000114440918,-0.09800000488758087,-0.0028180850204080343,0.0020815024618059397,-9.692316055297852,0.0009137406595982611,-6.761686381651089e-05,0.0006825301679782569,100.0,16.200000762939453
1772700762.5784297,2026-03-05T08:52:42.578430,hover,01,47.397971,8.5461638,0.2630000114440918,-0.09800000488758087,-0.0015739661175757647,0.0035329789388924837,-9.683366775512695,0.0009422083967365324,-0.00015593421994708478,-0.0006738724769093096,100.0,16.200000762939453
1772700762.742561,2026-03-05T08:52:42.742561,hover,01,47.397971,8.5461638,0.2630000114440918,-0.09800000488758087,-0.0015739661175757647,0.0035329789388924837,-9.683366775512695,0.0009422083967365324,-0.00015593421994708478,-0.0006738724769093096,100.0,16.200000762939453
1772700762.8802142,2026-03-05T08:52:42.880214,hover,01,47.397971,8.5461638,0.2630000114440918,-0.09800000488758087,-0.0015739661175757647,0.0035329789388924837,-9.683366775512695,0.0009422083967365324,-0.00015593421994708478,-0.0006738724769093096,100.0,16.200000762939453
1772700762.9851496,2026-03-05T08:52:42.985150,hover,01,47.397971,8.5461638,0.26200002431869507,-0.09800000488758087,-0.0056460266932845116,-0.0003125913499388844,-9.689531326293945,5.5533499107696116e-05,0.00011854492913698778,0.0004312415549065918,100.0,16.200000762939453
1772700763.0897923,2026-03-05T08:52:43.089792,hover,01,47.397971,8.5461638,0.26200002431869507,-0.09800000488758087,-0.0056460266932845116,-0.0003125913499388844,-9.689531326293945,5.5533499107696116e-05,0.00011854492913698778,0.0004312415549065918,100.0,16.200000762939453
1772700763.1921203,2026-03-05T08:52:43.192120,hover,01,47.397971,8.5461638,0.26200002431869507,-0.09800000488758087,-0.0056460266932845116,-0.0003125913499388844,-9.689531326293945,5.5533499107696116e-05,0.00011854492913698778,0.0004312415549065918,100.0,16.200000762939453
1772700763.298275,2026-03-05T08:52:43.298275,hover,01,47.397971,8.5461638,0.26200002431869507,-0.09800000488758087,-0.0056460266932845116,-0.0003125913499388844,-9.689531326293945,5.5533499107696116e-05,0.00011854492913698778,0.0004312415549065918,100.0,16.200000762939453
1772700763.4016922,2026-03-05T08:52:43.401692,hover,01,47.397971,8.5461638,0.26200002431869507,-0.09800000488758087,-0.002410282613709569,-0.007151246070861816,-9.683357238769531,0.0004370575479697436,-0.0004769345105160028,-0.00033632703707553446,100.0,16.200000762939453
1772700763.5047348,2026-03-05T08:52:43.504735,hover,01,47.397971,8.5461638,0.26200002431869507,-0.09800000488758087,-0.002410282613709569,-0.007151246070861816,-9.683357238769531,0.0004370575479697436,-0.0004769345105160028,-0.00033632703707553446,100.0,16.200000762939453
1772700763.6213577,2026-03-05T08:52:43.621358,hover,01,47.397971,8.5461638,0.26200002431869507,-0.09800000488758087,-0.002410282613709569,-0.007151246070861816,-9.683357238769531,0.0004370575479697436,-0.0004769345105160028,-0.00033632703707553446,100.0,16.200000762939453
1772700763.725359,2026-03-05T08:52:43.725359,hover,01,47.397971,8.5461638,0.26200002431869507,-0.09800000488758087,0.0022127588745206594,-0.0036059143021702766,-9.68417739868164,-5.701566260540858e-05,0.0001443970249965787,-8.755286398809403e-05,100.0,16.200000762939453
1772700763.8399565,2026-03-05T08:52:43.839957,hover,01,47.397971,8.5461638,0.26200002431869507,-0.09800000488758087,0.0022127588745206594,-0.0036059143021702766,-9.68417739868164,-5.701566260540858e-05,0.0001443970249965787,-8.755286398809403e-05,100.0,16.200000762939453
1772700763.9417574,2026-03-05T08:52:43.941757,hover,01,47.397971,8.5461638,0.26200002431869507,-0.0990000069141388,0.009344052523374557,0.00336098438128829,-9.676090240478516,-9.950844832928851e-05,0.0008416158379986882,-0.00017979978292714804,100.0,16.200000762939453
1772700764.0431006,2026-03-05T08:52:44.043101,hover,01,47.397971,8.5461638,0.26200002431869507,-0.0990000069141388,0.009344052523374557,0.00336098438128829,-9.676090240478516,-9.950844832928851e-05,0.0008416158379986882,-0.00017979978292714804,100.0,16.200000762939453
1772700764.1564956,2026-03-05T08:52:44.156496,hover,01,47.397971,8.5461638,0.26200002431869507,-0.0990000069141388,0.009344052523374557,0.00336098438128829,-9.676090240478516,-9.950844832928851e-05,0.0008416158379986882,-0.00017979978292714804,100.0,16.200000762939453
1772700764.2636352,2026-03-05T08:52:44.263635,hover,01,47.397971,8.5461638,0.26200002431869507,-0.0990000069141388,0.009344052523374557,0.00336098438128829,-9.676090240478516,-9.950844832928851e-05,0.0008416158379986882,-0.00017979978292714804,100.0,16.200000762939453
1772700764.367029,2026-03-05T08:52:44.367029,hover,01,47.397971,8.5461638,0.26200002431869507,-0.0990000069141388,0.009344052523374557,0.00336098438128829,-9.676090240478516,-9.950844832928851e-05,0.0008416158379986882,-0.00017979978292714804,100.0,16.200000762939453
1772700764.4697657,2026-03-05T08:52:44.469766,hover,01,47.397971,8.5461638,0.26100000739097595,-0.0990000069141388,0.0034781931899487972,-0.006026639603078365,-9.6964111328125,0.0001456510799471289,5.362266529118642e-05,-0.00019261299166828394,100.0,16.200000762939453
1772700764.5778468,2026-03-05T08:52:44.577847,hover,01,47.397971,8.5461638,0.26100000739097595,-0.0990000069141388,0.0034781931899487972,-0.006026639603078365,-9.6964111328125,0.0001456510799471289,5.362266529118642e-05,-0.00019261299166828394,100.0,16.200000762939453
1772700764.6827414,2026-03-05T08:52:44.682741,hover,01,47.397971,8.5461638,0.26100000739097595,-0.0990000069141388,0.0034781931899487972,-0.006026639603078365,-9.6964111328125,0.0001456510799471289,5.362266529118642e-05,-0.00019261299166828394,100.0,16.200000762939453
1772700764.7843993,2026-03-05T08:52:44.784399,hover,01,47.397971,8.5461638,0.26100000739097595,-0.0990000069141388,-0.0008277737069875002,-0.0023406464606523514,-9.691276550292969,0.0002043920976575464,-0.00037904694909229875,-0.00016415290883742273,100.0,16.200000762939453
1772700764.88701,2026-03-05T08:52:44.887010,hover,01,47.397971,8.5461638,0.26100000739097595,-0.0990000069141388,-0.0008277737069875002,-0.0023406464606523514,-9.691276550292969,0.0002043920976575464,-0.00037904694909229875,-0.00016415290883742273,100.0,16.200000762939453
1772700764.9880185,2026-03-05T08:52:44.988019,hover,01,47.397971,8.5461638,0.26100000739097595,-0.10000000149011612,0.0025317042600363493,0.0019186753779649734,-9.687356948852539,0.0006641705404035747,-0.00014076309162192047,-0.0009445103351026773,100.0,16.200000762939453
1772700765.1009436,2026-03-05T08:52:45.100944,hover,01,47.397971,8.5461638,0.26100000739097595,-0.10000000149011612,0.0025317042600363493,0.0019186753779649734,-9.687356948852539,0.0006641705404035747,-0.00014076309162192047,-0.0009445103351026773,100.0,16.200000762939453
1772700765.202647,2026-03-05T08:52:45.202647,hover,01,47.397971,8.5461638,0.26100000739097595,-0.10000000149011612,0.0034044645726680756,0.0020690348464995623,-9.688824653625488,-0.00015173869905993342,-0.00012545344361569732,-0.000525312905665487,100.0,16.200000762939453
1772700765.303847,2026-03-05T08:52:45.303847,hover,01,47.397971,8.5461638,0.26100000739097595,-0.10000000149011612,-0.0016650574980303645,-0.006277802400290966,-9.685888290405273,0.00028386680060066283,0.0005846976418979466,-5.737802348448895e-05,100.0,16.200000762939453
1772700765.4164793,2026-03-05T08:52:45.416479,hover,01,47.397971,8.5461638,0.26100000739097595,-0.10000000149011612,-0.0016650574980303645,-0.006277802400290966,-9.685888290405273,0.00028386680060066283,0.0005846976418979466,-5.737802348448895e-05,100.0,16.200000762939453
1772700765.51914,2026-03-05T08:52:45.519140,hover,01,47.397971,8.5461638,0.2600000202655792,-0.10000000149011612,0.0019102597143501043,-0.0013539264909923077,-9.68989372253418,-0.0003372422943357378,-0.00025898689636960626,-0.0004990858724340796,100.0,16.200000762939453
1772700765.6219592,2026-03-05T08:52:45.621959,hover,01,47.397971,8.5461638,0.2600000202655792,-0.10000000149011612,0.0013069440610706806,-0.001261990168131888,-9.685606002807617,6.649342685705051e-05,-0.0005778999766334891,0.00022007971710991114,100.0,16.200000762939453
1772700765.7415688,2026-03-05T08:52:45.741569,hover,01,47.397971,8.5461638,0.2600000202655792,-0.10000000149011612,0.0013069440610706806,-0.001261990168131888,-9.685606002807617,6.649342685705051e-05,-0.0005778999766334891,0.00022007971710991114,100.0,16.200000762939453
1772700765.8448653,2026-03-05T08:52:45.844865,hover,01,47.397971,8.5461638,0.2600000202655792,-0.10100000351667404,-0.001469967421144247,-0.00040116594755090773,-9.678293228149414,0.00040962969069369137,-0.0003028817300219089,-0.0004909534472972155,100.0,16.200000762939453
1772700765.9480193,2026-03-05T08:52:45.948019,hover,01,47.397971,8.5461638,0.2600000202655792,-0.10100000351667404,-0.001469967421144247,-0.00040116594755090773,-9.678293228149414,0.00040962969069369137,-0.0003028817300219089,-0.0004909534472972155,100.0,16.200000762939453
1772700766.0514688,2026-03-05T08:52:46.051469,hover,01,47.397971,8.5461638,0.2600000202655792,-0.10100000351667404,-0.0015612207353115082,-0.0006822124123573303,-9.684974670410156,0.0010016699088737369,-0.00012449378846213222,-0.0015080823795869946,100.0,16.200000762939453
1772700766.1840916,2026-03-05T08:52:46.184092,hover,01,47.397971,8.5461638,0.2600000202655792,-0.10100000351667404,-0.0015612207353115082,-0.0006822124123573303,-9.684974670410156,0.0010016699088737369,-0.00012449378846213222,-0.0015080823795869946,100.0,16.200000762939453
1772700766.2872036,2026-03-05T08:52:46.287204,hover,01,47.397971,8.5461638,0.2600000202655792,-0.10100000351667404,-0.0015612207353115082,-0.0006822124123573303,-9.684974670410156,0.0010016699088737369,-0.00012449378846213222,-0.0015080823795869946,100.0,16.200000762939453
1772700766.3904629,2026-03-05T08:52:46.390463,hover,01,47.397971,8.5461638,0.2590000033378601,-0.10100000351667404,-0.0007657812675461173,0.0025753004010766745,-9.691457748413086,-0.00023856095504015684,-0.0005620195879600942,0.0005364148528315127,100.0,16.200000762939453
1772700766.4929078,2026-03-05T08:52:46.492908,hover,01,47.397971,8.5461638,0.2590000033378601,-0.10100000351667404,-0.0007657812675461173,0.0025753004010766745,-9.691457748413086,-0.00023856095504015684,-0.0005620195879600942,0.0005364148528315127,100.0,16.200000762939453
1772700766.6078763,2026-03-05T08:52:46.607876,hover,01,47.397971,8.5461638,0.2590000033378601,-0.10100000351667404,-0.0007657812675461173,0.0025753004010766745,-9.691457748413086,-0.00023856095504015684,-0.0005620195879600942,0.0005364148528315127,100.0,16.200000762939453
1772700766.7108612,2026-03-05T08:52:46.710861,hover,01,47.397971,8.5461638,0.2590000033378601,-0.10100000351667404,0.004354340489953756,0.000790863879956305,-9.682682037353516,0.0005423903348855674,0.0005732816061936319,4.2928571929223835e-05,100.0,16.200000762939453
1772700766.8282151,2026-03-05T08:52:46.828215,hover,01,47.397971,8.5461638,0.2590000033378601,-0.10100000351667404,-0.007262757048010826,0.006535806693136692,-9.68178939819336,0.00033197819720953703,-0.0005117431282997131,-0.00027597605367191136,100.0,16.200000762939453
1772700766.9353204,2026-03-05T08:52:46.935320,hover,01,47.397971,8.5461638,0.2590000033378601,-0.10100000351667404,-0.007262757048010826,0.006535806693136692,-9.68178939819336,0.00033197819720953703,-0.0005117431282997131,-0.00027597605367191136,100.0,16.200000762939453
1772700767.040511,2026-03-05T08:52:47.040511,hover,01,47.397971,8.5461638,0.2590000033378601,-0.10100000351667404,0.0024086509365588427,0.012052060104906559,-9.686149597167969,1.1711344996001571e-05,-8.374293975066394e-05,0.0006288474542088807,100.0,16.200000762939453
1772700767.142159,2026-03-05T08:52:47.142159,hover,01,47.397971,8.5461638,0.2590000033378601,-0.10100000351667404,0.0024086509365588427,0.012052060104906559,-9.686149597167969,1.1711344996001571e-05,-8.374293975066394e-05,0.0006288474542088807,100.0,16.200000762939453
1772700767.2444532,2026-03-05T08:52:47.244453,hover,01,47.397971,8.5461638,0.2590000033378601,-0.10100000351667404,0.0024086509365588427,0.012052060104906559,-9.686149597167969,1.1711344996001571e-05,-8.374293975066394e-05,0.0006288474542088807,100.0,16.200000762939453
1772700767.351968,2026-03-05T08:52:47.351968,hover,01,47.397971,8.5461638,0.2590000033378601,-0.10100000351667404,0.0024086509365588427,0.012052060104906559,-9.686149597167969,1.1711344996001571e-05,-8.374293975066394e-05,0.0006288474542088807,100.0,16.200000762939453
1772700767.4555964,2026-03-05T08:52:47.455596,hover,01,47.397971,8.5461638,0.2590000033378601,-0.10100000351667404,0.0024086509365588427,0.012052060104906559,-9.686149597167969,1.1711344996001571e-05,-8.374293975066394e-05,0.0006288474542088807,100.0,16.200000762939453
1772700767.5679524,2026-03-05T08:52:47.567952,hover,01,47.397971,8.5461638,0.2590000033378601,-0.10200000554323196,0.0004220867995172739,0.006473559886217117,-9.68582534790039,-0.0009569996036589146,-4.693682785728015e-05,0.0003071292885579169,100.0,16.200000762939453
1772700767.6699069,2026-03-05T08:52:47.669907,hover,01,47.397971,8.5461638,0.2590000033378601,-0.10200000554323196,0.0004220867995172739,0.006473559886217117,-9.68582534790039,-0.0009569996036589146,-4.693682785728015e-05,0.0003071292885579169,100.0,16.200000762939453
1772700767.771363,2026-03-05T08:52:47.771363,hover,01,47.397971,8.5461638,0.2590000033378601,-0.10200000554323196,-0.0004816118162125349,-0.004026269540190697,-9.687814712524414,0.0006126805092208087,0.0005235880380496383,-1.2627137039089575e-05,100.0,16.200000762939453
1772700767.8720725,2026-03-05T08:52:47.872072,hover,01,47.397971,8.5461638,0.2590000033378601,-0.10200000554323196,-0.0004816118162125349,-0.004026269540190697,-9.687814712524414,0.0006126805092208087,0.0005235880380496383,-1.2627137039089575e-05,100.0,16.200000762939453
1772700767.9738843,2026-03-05T08:52:47.973884,hover,01,47.397971,8.5461638,0.2590000033378601,-0.10200000554323196,-0.002995138056576252,-0.0012563206255435944,-9.67876148223877,-0.0003451429365668446,0.0013871900737285614,0.0002955447998829186,100.0,16.200000762939453
1772700768.0751054,2026-03-05T08:52:48.075105,hover,01,47.397971,8.5461638,0.2590000033378601,-0.10200000554323196,-0.002995138056576252,-0.0012563206255435944,-9.67876148223877,-0.0003451429365668446,0.0013871900737285614,0.0002955447998829186,100.0,16.200000762939453
1772700768.1835296,2026-03-05T08:52:48.183530,hover,01,47.397971,8.5461638,0.2590000033378601,-0.10200000554323196,-0.002995138056576252,-0.0012563206255435944,-9.67876148223877,-0.0003451429365668446,0.0013871900737285614,0.0002955447998829186,100.0,16.200000762939453
1772700768.2844784,2026-03-05T08:52:48.284478,hover,01,47.397971,8.5461638,0.2590000033378601,-0.10200000554323196,-0.002995138056576252,-0.0012563206255435944,-9.67876148223877,-0.0003451429365668446,0.0013871900737285614,0.0002955447998829186,100.0,16.200000762939453
1772700768.3867564,2026-03-05T08:52:48.386756,hover,01,47.397971,8.5461638,0.2590000033378601,-0.10200000554323196,-0.002995138056576252,-0.0012563206255435944,-9.67876148223877,-0.0003451429365668446,0.0013871900737285614,0.0002955447998829186,100.0,16.200000762939453
1772700768.4881747,2026-03-05T08:52:48.488175,hover,01,47.397971,8.5461638,0.2590000033378601,-0.10200000554323196,-0.004903515335172415,-0.0009357687085866928,-9.687884330749512,-0.000372880429495126,-0.0008397967321798205,-0.0010261397110298276,100.0,16.200000762939453
1772700768.5898151,2026-03-05T08:52:48.589815,hover,01,47.397971,8.5461638,0.2590000033378601,-0.10200000554323196,-0.004903515335172415,-0.0009357687085866928,-9.687884330749512,-0.000372880429495126,-0.0008397967321798205,-0.0010261397110298276,100.0,16.200000762939453
1772700768.6907997,2026-03-05T08:52:48.690800,hover,01,47.397971,8.5461638,0.2580000162124634,-0.10200000554323196,0.0037933853454887867,0.002081997226923704,-9.681044578552246,0.000288672890746966,-0.001062415773048997,-8.088260801741853e-05,100.0,16.200000762939453
1772700768.793099,2026-03-05T08:52:48.793099,hover,01,47.397971,8.5461638,0.2580000162124634,-0.10200000554323196,0.0037933853454887867,0.002081997226923704,-9.681044578552246,0.000288672890746966,-0.001062415773048997,-8.088260801741853e-05,100.0,16.200000762939453
1772700768.8969595,2026-03-05T08:52:48.896960,hover,01,47.397971,8.5461639,0.2580000162124634,-0.10200000554323196,-0.003246939741075039,0.0014789404813200235,-9.687366485595703,-9.757601219462231e-05,-0.0015936791896820068,-0.0005532946088351309,100.0,16.200000762939453
1772700768.9986656,2026-03-05T08:52:48.998666,hover,01,47.397971,8.5461639,0.2580000162124634,-0.10200000554323196,-0.003246939741075039,0.0014789404813200235,-9.687366485595703,-9.757601219462231e-05,-0.0015936791896820068,-0.0005532946088351309,100.0,16.200000762939453
1772700769.1012995,2026-03-05T08:52:49.101300,hover,01,47.397971,8.5461639,0.2580000162124634,-0.10200000554323196,-0.003246939741075039,0.0014789404813200235,-9.687366485595703,-9.757601219462231e-05,-0.0015936791896820068,-0.0005532946088351309,100.0,16.200000762939453
1772700769.2154772,2026-03-05T08:52:49.215477,hover,01,47.397971,8.5461639,0.2580000162124634,-0.10200000554323196,0.009466873481869698,0.004228048026561737,-9.676040649414062,0.0002663267950993031,-8.345906098838896e-05,0.00020407237752806395,100.0,16.200000762939453
1772700769.3190262,2026-03-05T08:52:49.319026,hover,01,47.397971,8.5461639,0.2580000162124634,-0.10300000756978989,-0.001603275304660201,0.004073512740433216,-9.680782318115234,-0.00031793018570169806,-0.0011578815756365657,-0.00028177740750834346,100.0,16.200000762939453
1772700769.420255,2026-03-05T08:52:49.420255,hover,01,47.397971,8.5461639,0.2580000162124634,-0.10300000756978989,-0.001603275304660201,0.004073512740433216,-9.680782318115234,-0.00031793018570169806,-0.0011578815756365657,-0.00028177740750834346,100.0,16.200000762939453
1772700769.5220187,2026-03-05T08:52:49.522019,hover,01,47.397971,8.5461639,0.2580000162124634,-0.10300000756978989,-0.001603275304660201,0.004073512740433216,-9.680782318115234,-0.00031793018570169806,-0.0011578815756365657,-0.00028177740750834346,100.0,16.200000762939453
1772700769.6307678,2026-03-05T08:52:49.630768,hover,01,47.397971,8.5461639,0.2580000162124634,-0.10300000756978989,-0.001337745925411582,-0.0011552588548511267,-9.677741050720215,0.0003838573466055095,0.00098392553627491,-0.00012910753139294684,100.0,16.200000762939453
1772700769.7318513,2026-03-05T08:52:49.731851,hover,01,47.397971,8.5461639,0.2580000162124634,-0.10300000756978989,-0.001337745925411582,-0.0011552588548511267,-9.677741050720215,0.0003838573466055095,0.00098392553627491,-0.00012910753139294684,100.0,16.200000762939453
1772700769.8377314,2026-03-05T08:52:49.837731,hover,01,47.397971,8.5461639,0.25699999928474426,-0.10300000756978989,0.006894054356962442,0.004703035578131676,-9.687321662902832,0.0009093979606404901,-0.00033775443444028497,0.0011307861423119903,100.0,16.200000762939453
1772700769.9547927,2026-03-05T08:52:49.954793,hover,01,47.397971,8.5461639,0.25699999928474426,-0.10300000756978989,0.006894054356962442,0.004703035578131676,-9.687321662902832,0.0009093979606404901,-0.00033775443444028497,0.0011307861423119903,100.0,16.200000762939453
1772700770.0562305,2026-03-05T08:52:50.056231,hover,01,47.397971,8.5461639,0.25699999928474426,-0.10300000756978989,0.006894054356962442,0.004703035578131676,-9.687321662902832,0.0009093979606404901,-0.00033775443444028497,0.0011307861423119903,100.0,16.200000762939453
1772700770.1569905,2026-03-05T08:52:50.156991,hover,01,47.397971,8.5461639,0.25699999928474426,-0.10300000756978989,0.006894054356962442,0.004703035578131676,-9.687321662902832,0.0009093979606404901,-0.00033775443444028497,0.0011307861423119903,100.0,16.200000762939453
1772700770.2592154,2026-03-05T08:52:50.259215,hover,01,47.397971,8.5461639,0.25699999928474426,-0.10300000756978989,0.006894054356962442,0.004703035578131676,-9.687321662902832,0.0009093979606404901,-0.00033775443444028497,0.0011307861423119903,100.0,16.200000762939453
1772700770.3672965,2026-03-05T08:52:50.367296,hover,01,47.397971,8.5461639,0.25699999928474426,-0.10300000756978989,-0.004984260071069002,0.003495690878480673,-9.680563926696777,0.00032780790934339166,-0.00010174409544561058,0.00027949619106948376,100.0,16.200000762939453
1772700770.471383,2026-03-05T08:52:50.471383,hover,01,47.397971,8.5461639,0.25699999928474426,-0.10300000756978989,-0.004984260071069002,0.003495690878480673,-9.680563926696777,0.00032780790934339166,-0.00010174409544561058,0.00027949619106948376,100.0,16.200000762939453
