timestamp_unix_s,timestamp_iso,scenario,run_id,lat_deg,lon_deg,abs_alt_m,rel_alt_m,accel_x_mps2,accel_y_mps2,accel_z_mps2,gyro_x_rps,gyro_y_rps,gyro_z_rps,battery_remaining_pct,battery_voltage_v
1772700917.323324,2026-03-05T08:55:17.323324,hover,02,,,,,,,,,,,,
1772700917.4331877,2026-03-05T08:55:17.433188,hover,02,,,,,,,,,,,,
1772700917.5362482,2026-03-05T08:55:17.536248,hover,02,,,,,,,,,,,,
1772700917.6414356,2026-03-05T08:55:17.641436,hover,02,47.3979711,8.5461638,0.10900000482797623,0.01100000087171793,-0.002127187792211771,0.0017931045731529593,-9.702563285827637,-0.0006629893323406577,0.0016096283216029406,-0.0005155983963049948,,
1772700917.7452614,2026-03-05T08:55:17.745261,hover,02,47.3979711,8.5461638,0.10900000482797623,0.012000000104308128,0.0009127931552939117,0.006878125946968794,-9.70920467376709,4.289446587790735e-05,0.00047802363405935466,0.0010328463977202773,,
1772700917.848683,2026-03-05T08:55:17.848683,hover,02,47.3979711,8.5461638,0.10900000482797623,0.012000000104308128,0.003250029869377613,0.00047401071060448885,-9.711484909057617,-0.00015319669910240918,-0.0012264772085472941,-0.0003597791655920446,,
1772700917.9502208,2026-03-05T08:55:17.950221,hover,02,47.3979711,8.5461638,0.10900000482797623,0.012000000104308128,0.003250029869377613,0.00047401071060448885,-9.711484909057617,-0.00015319669910240918,-0.0012264772085472941,-0.0003597791655920446,,
1772700918.0514026,2026-03-05T08:55:18.051403,hover,02,47.3979711,8.5461638,0.10900000482797623,0.012000000104308128,0.006220217328518629,-0.0024611963890492916,-9.697558403015137,0.0001316930283792317,-0.001108284923247993,-0.00014405044203158468,,
1772700918.158254,2026-03-05T08:55:18.158254,hover,02,47.3979711,8.5461638,0.10900000482797623,0.012000000104308128,0.006220217328518629,-0.0024611963890492916,-9.697558403015137,0.0001316930283792317,-0.001108284923247993,-0.00014405044203158468,,
1772700918.260322,2026-03-05T08:55:18.260322,hover,02,47.3979711,8.5461638,0.10900000482797623,0.012000000104308128,0.006220217328518629,-0.0024611963890492916,-9.697558403015137,0.0001316930283792317,-0.001108284923247993,-0.00014405044203158468,,
1772700918.3660526,2026-03-05T08:55:18.366053,hover,02,47.3979711,8.5461638,0.10900000482797623,0.012000000104308128,0.0018571914406493306,-0.0034482674673199654,-9.712746620178223,-4.4946351408725604e-05,-0.0005596434348262846,-0.0007366288336925209,,
1772700918.4680362,2026-03-05T08:55:18.468036,hover,02,47.3979711,8.5461638,0.10900000482797623,0.012000000104308128,0.0018571914406493306,-0.0034482674673199654,-9.712746620178223,-4.4946351408725604e-05,-0.0005596434348262846,-0.0007366288336925209,,
1772700918.5722651,2026-03-05T08:55:18.572265,hover,02,47.3979711,8.5461638,0.10900000482797623,0.012000000104308128,-0.0006947588408365846,0.001863212906755507,-9.710701942443848,0.001350737875327468,0.0007393170380964875,0.00105650769546628,,
1772700918.6739383,2026-03-05T08:55:18.673938,hover,02,47.3979711,8.5461638,0.10900000482797623,0.012000000104308128,-0.0006947588408365846,0.001863212906755507,-9.710701942443848,0.001350737875327468,0.0007393170380964875,0.00105650769546628,,
1772700918.786294,2026-03-05T08:55:18.786294,hover,02,47.3979711,8.5461638,0.11000000685453415,0.013000000268220901,-0.0033627899829298258,0.0052410997450351715,-9.705239295959473,0.0005266385269351304,-0.00012780602264683694,0.000493871106300503,,
1772700918.911263,2026-03-05T08:55:18.911263,hover,02,47.3979711,8.5461638,0.11000000685453415,0.013000000268220901,-0.0033627899829298258,0.0052410997450351715,-9.705239295959473,0.0005266385269351304,-0.00012780602264683694,0.000493871106300503,,
1772700919.0137963,2026-03-05T08:55:19.013796,hover,02,47.3979711,8.5461638,0.11100000888109207,0.013000000268220901,-0.0037326416932046413,0.011723516508936882,-9.706515312194824,3.2962318073259667e-05,0.0006725318380631506,0.0005094791413284838,,
1772700919.1270165,2026-03-05T08:55:19.127017,hover,02,47.3979711,8.5461638,0.11100000888109207,0.014000000432133675,-0.00258578616194427,-0.007555962540209293,-9.715710639953613,-0.00031979961204342544,2.9973696655360982e-05,0.0003611292049754411,,
1772700919.2310057,2026-03-05T08:55:19.231006,hover,02,47.3979711,8.5461638,0.11100000888109207,0.014000000432133675,-0.00258578616194427,-0.007555962540209293,-9.715710639953613,-0.00031979961204342544,2.9973696655360982e-05,0.0003611292049754411,,
1772700919.3338845,2026-03-05T08:55:19.333884,hover,02,47.3979711,8.5461638,0.11100000888109207,0.014000000432133675,-0.00258578616194427,-0.007555962540209293,-9.715710639953613,-0.00031979961204342544,2.9973696655360982e-05,0.0003611292049754411,,
1772700919.4414861,2026-03-05T08:55:19.441486,hover,02,47.3979711,8.5461638,0.11100000888109207,0.014000000432133675,-0.00258578616194427,-0.007555962540209293,-9.715710639953613,-0.00031979961204342544,2.9973696655360982e-05,0.0003611292049754411,,
1772700919.5423038,2026-03-05T08:55:19.542304,hover,02,47.3979711,8.5461638,0.11100000888109207,0.014000000432133675,-0.00258578616194427,-0.007555962540209293,-9.715710639953613,-0.00031979961204342544,2.9973696655360982e-05,0.0003611292049754411,,
1772700919.6438432,2026-03-05T08:55:19.643843,hover,02,47.3979711,8.5461638,0.11100000888109207,0.014000000432133675,-0.0034878388978540897,-0.003933225758373737,-9.709694862365723,0.00020778099133167416,-0.00020780529303010553,-0.0002230759710073471,,
1772700919.7471793,2026-03-05T08:55:19.747179,hover,02,47.3979711,8.5461638,0.11100000888109207,0.013000000268220901,-0.0032249789219349623,0.0014151351060718298,-9.714607238769531,0.0003327451122459024,0.0002572836820036173,0.0003759228566195816,,
1772700919.8503895,2026-03-05T08:55:19.850389,hover,02,47.3979711,8.5461638,0.11000000685453415,0.013000000268220901,-0.0009389844490215182,-0.0013469229452311993,-9.715300559997559,0.00019256041559856385,-0.00023487152066081762,-6.359590770443901e-05,,
1772700919.9532773,2026-03-05T08:55:19.953277,hover,02,47.3979711,8.5461638,0.11000000685453415,0.013000000268220901,-0.0009389844490215182,-0.0013469229452311993,-9.715300559997559,0.00019256041559856385,-0.00023487152066081762,-6.359590770443901e-05,,
1772700920.0578268,2026-03-05T08:55:20.057827,hover,02,47.3979711,8.5461638,0.11000000685453415,0.013000000268220901,-0.0009389844490215182,-0.0013469229452311993,-9.715300559997559,0.00019256041559856385,-0.00023487152066081762,-6.359590770443901e-05,,
1772700920.1609466,2026-03-05T08:55:20.160947,hover,02,47.3979711,8.5461638,0.11000000685453415,0.013000000268220901,-0.0009389844490215182,-0.0013469229452311993,-9.715300559997559,0.00019256041559856385,-0.00023487152066081762,-6.359590770443901e-05,,
1772700920.2769022,2026-03-05T08:55:20.276902,hover,02,47.3979711,8.5461638,0.11000000685453415,0.013000000268220901,-0.0009389844490215182,-0.0013469229452311993,-9.715300559997559,0.00019256041559856385,-0.00023487152066081762,-6.359590770443901e-05,,
1772700920.383998,2026-03-05T08:55:20.383998,hover,02,47.3979711,8.5461638,0.11000000685453415,0.013000000268220901,-0.0073560019955039024,-0.0003645546967163682,-9.715641021728516,0.00017423572717234492,0.0007156973006203771,1.9950932255596854e-05,,
1772700920.49196,2026-03-05T08:55:20.491960,hover,02,47.3979711,8.5461638,0.11000000685453415,0.013000000268220901,-0.0073560019955039024,-0.0003645546967163682,-9.715641021728516,0.00017423572717234492,0.0007156973006203771,1.9950932255596854e-05,,
1772700920.5941343,2026-03-05T08:55:20.594134,hover,02,47.3979711,8.5461638,0.11000000685453415,0.013000000268220901,-0.0073560019955039024,-0.0003645546967163682,-9.715641021728516,0.00017423572717234492,0.0007156973006203771,1.9950932255596854e-05,,
1772700920.6960688,2026-03-05T08:55:20.696069,hover,02,47.3979711,8.5461638,0.10900000482797623,0.012000000104308128,0.006611969321966171,-0.00819416344165802,-9.715517044067383,-0.0003579094191081822,0.000942993676289916,-0.0012087986106052995,,
1772700920.7970028,2026-03-05T08:55:20.797003,hover,02,47.3979711,8.5461638,0.10900000482797623,0.012000000104308128,0.006611969321966171,-0.00819416344165802,-9.715517044067383,-0.0003579094191081822,0.000942993676289916,-0.0012087986106052995,,
1772700920.9020925,2026-03-05T08:55:20.902092,hover,02,47.3979711,8.5461638,0.10900000482797623,0.012000000104308128,0.0036971564404666424,0.003345535136759281,-9.711423873901367,-0.0008951353374868631,0.0007808883674442768,0.00025842507602646947,,
1772700921.0040994,2026-03-05T08:55:21.004099,hover,02,47.3979711,8.5461638,0.10900000482797623,0.012000000104308128,0.0036971564404666424,0.003345535136759281,-9.711423873901367,-0.0008951353374868631,0.0007808883674442768,0.00025842507602646947,,
1772700921.1186519,2026-03-05T08:55:21.118652,hover,02,47.3979711,8.5461638,0.10900000482797623,0.012000000104308128,0.0036971564404666424,0.003345535136759281,-9.711423873901367,-0.0008951353374868631,0.0007808883674442768,0.00025842507602646947,,
1772700921.2289274,2026-03-05T08:55:21.228927,hover,02,47.3979711,8.5461638,0.10900000482797623,0.012000000104308128,-0.0017990447813645005,0.0023982468992471695,-9.709424018859863,-0.0006234945030882955,0.0010326168267056346,0.00026121691917069256,,
1772700921.3348875,2026-03-05T08:55:21.334888,hover,02,47.3979711,8.5461638,0.10900000482797623,0.012000000104308128,-0.0017990447813645005,0.0023982468992471695,-9.709424018859863,-0.0006234945030882955,0.0010326168267056346,0.00026121691917069256,,
1772700921.4368145,2026-03-05T08:55:21.436815,hover,02,47.3979711,8.5461638,0.10900000482797623,0.012000000104308128,-0.0017990447813645005,0.0023982468992471695,-9.709424018859863,-0.0006234945030882955,0.0010326168267056346,0.00026121691917069256,,
1772700921.5410032,2026-03-05T08:55:21.541003,hover,02,47.3979711,8.5461638,0.10900000482797623,0.012000000104308128,-0.0017990447813645005,0.0023982468992471695,-9.709424018859863,-0.0006234945030882955,0.0010326168267056346,0.00026121691917069256,,
1772700921.6427135,2026-03-05T08:55:21.642714,hover,02,47.3979711,8.5461638,0.1080000028014183,0.01100000087171793,-0.006855519954115152,0.0010453099384903908,-9.706273078918457,-3.4305037843296304e-05,0.000995253212749958,-0.0005362274241633713,,
1772700921.7450144,2026-03-05T08:55:21.745014,hover,02,47.3979711,8.5461638,0.10700000822544098,0.010000000707805157,-0.005220170132815838,0.0009799899999052286,-9.71363353729248,-0.0006808455218560994,-0.0004869218391831964,0.0005009869346395135,,
1772700921.8461342,2026-03-05T08:55:21.846134,hover,02,47.3979711,8.5461638,0.10700000822544098,0.010000000707805157,-0.005220170132815838,0.0009799899999052286,-9.71363353729248,-0.0006808455218560994,-0.0004869218391831964,0.0005009869346395135,,
1772700921.9589534,2026-03-05T08:55:21.958953,hover,02,47.3979711,8.5461638,0.10700000822544098,0.009000000543892384,0.00033901288406923413,-0.0007273139199241996,-9.711234092712402,-0.0012150463880971074,-9.125466021941975e-06,0.0003654043539427221,,
1772700922.0721633,2026-03-05T08:55:22.072163,hover,02,47.3979711,8.5461638,0.10700000822544098,0.009000000543892384,0.00033901288406923413,-0.0007273139199241996,-9.711234092712402,-0.0012150463880971074,-9.125466021941975e-06,0.0003654043539427221,,
1772700922.1739016,2026-03-05T08:55:22.173902,hover,02,47.3979711,8.5461638,0.10700000822544098,0.009000000543892384,0.00033901288406923413,-0.0007273139199241996,-9.711234092712402,-0.0012150463880971074,-9.125466021941975e-06,0.0003654043539427221,,
1772700922.27554,2026-03-05T08:55:22.275540,hover,02,47.3979711,8.5461638,0.10700000822544098,0.009000000543892384,0.00033901288406923413,-0.0007273139199241996,-9.711234092712402,-0.0012150463880971074,-9.125466021941975e-06,0.0003654043539427221,,
1772700922.3792412,2026-03-05T08:55:22.379241,hover,02,47.3979711,8.5461638,0.10600000619888306,0.009000000543892384,0.0004546013951767236,-0.005206010770052671,-9.720885276794434,-0.00032560425461269915,0.0004412125563248992,-0.000990889617241919,,
1772700922.4982998,2026-03-05T08:55:22.498300,hover,02,47.3979711,8.5461638,0.10600000619888306,0.009000000543892384,0.0004546013951767236,-0.005206010770052671,-9.720885276794434,-0.00032560425461269915,0.0004412125563248992,-0.000990889617241919,,
1772700922.6560764,2026-03-05T08:55:22.656076,hover,02,47.3979711,8.5461638,0.10600000619888306,0.009000000543892384,0.0004546013951767236,-0.005206010770052671,-9.720885276794434,-0.00032560425461269915,0.0004412125563248992,-0.000990889617241919,,
1772700922.7704291,2026-03-05T08:55:22.770429,hover,02,47.3979711,8.5461638,0.10500000417232513,0.00800000037997961,0.009002812206745148,2.2036605514585972e-05,-9.711341857910156,-0.0003520759055390954,-0.0005626824568025768,-0.000562013708986342,,
1772700922.8739507,2026-03-05T08:55:22.873951,hover,02,47.3979711,8.5461638,0.10500000417232513,0.00800000037997961,0.009002812206745148,2.2036605514585972e-05,-9.711341857910156,-0.0003520759055390954,-0.0005626824568025768,-0.000562013708986342,,
1772700922.9751394,2026-03-05T08:55:22.975139,hover,02,47.3979711,8.5461638,0.10500000417232513,0.00800000037997961,0.009002812206745148,2.2036605514585972e-05,-9.711341857910156,-0.0003520759055390954,-0.0005626824568025768,-0.000562013708986342,,
1772700923.0783763,2026-03-05T08:55:23.078376,hover,02,47.3979711,8.5461638,0.10400000214576721,0.007000000216066837,0.0005535382661037147,0.011576221324503422,-9.71218204498291,4.1163311834679917e-05,0.00019210755999665707,-0.0010858200257644057,,
1772700923.1840675,2026-03-05T08:55:23.184067,hover,02,47.3979711,8.5461638,0.10400000214576721,0.007000000216066837,0.0005535382661037147,0.011576221324503422,-9.71218204498291,4.1163311834679917e-05,0.00019210755999665707,-0.0010858200257644057,,
1772700923.2930524,2026-03-05T08:55:23.293052,hover,02,47.3979711,8.5461638,0.10400000214576721,0.007000000216066837,0.007776140235364437,0.005950193852186203,-9.707447052001953,0.00013340788427740335,0.00024387585290241987,-0.0010839481838047504,,
1772700923.3992348,2026-03-05T08:55:23.399235,hover,02,47.3979711,8.5461638,0.10400000214576721,0.007000000216066837,0.007776140235364437,0.005950193852186203,-9.707447052001953,0.00013340788427740335,0.00024387585290241987,-0.0010839481838047504,,
1772700923.5001657,2026-03-05T08:55:23.500166,hover,02,47.3979711,8.5461638,0.10400000214576721,0.006000000052154064,0.0076833623461425304,-0.0065142991952598095,-9.713480949401855,-2.234116254840046e-05,6.235711043700576e-05,0.0008712686249054968,,
1772700923.6102808,2026-03-05T08:55:23.610281,hover,02,47.3979711,8.5461638,0.10200000554323196,0.005000000353902578,0.004937350749969482,-0.002678303513675928,-9.706082344055176,-0.0006823319708928466,-0.0001977381471078843,0.00028164905961602926,,
1772700923.713889,2026-03-05T08:55:23.713889,hover,02,47.3979711,8.5461638,0.10100000351667404,0.004000000189989805,-0.0035068104043602943,0.008113816380500793,-9.713408470153809,0.00158155697863549,-5.36139850737527e-07,-0.0013824006309732795,,
1772700923.8162646,2026-03-05T08:55:23.816265,hover,02,47.3979711,8.5461638,0.10100000351667404,0.004000000189989805,-0.0035068104043602943,0.008113816380500793,-9.713408470153809,0.00158155697863549,-5.36139850737527e-07,-0.0013824006309732795,,
1772700923.919462,2026-03-05T08:55:23.919462,hover,02,47.3979711,8.5461638,0.10100000351667404,0.004000000189989805,-0.0035068104043602943,0.008113816380500793,-9.713408470153809,0.00158155697863549,-5.36139850737527e-07,-0.0013824006309732795,,
1772700924.0439212,2026-03-05T08:55:24.043921,hover,02,47.3979711,8.5461638,0.10100000351667404,0.004000000189989805,-0.0032374244183301926,-0.00064499257132411,-9.707915306091309,-0.0008348355768248439,-0.0008708008681423962,-0.0013470716075971723,,
1772700924.1473408,2026-03-05T08:55:24.147341,hover,02,47.3979711,8.5461638,0.10100000351667404,0.004000000189989805,-0.0032374244183301926,-0.00064499257132411,-9.707915306091309,-0.0008348355768248439,-0.0008708008681423962,-0.0013470716075971723,,
1772700924.2478848,2026-03-05T08:55:24.247885,hover,02,47.3979711,8.5461637,0.10200000554323196,0.004000000189989805,-0.0011023388942703605,0.006128043867647648,-9.706143379211426,-8.44289970700629e-05,0.0009905827464535832,-0.0001121283567044884,,
1772700924.3499155,2026-03-05T08:55:24.349916,hover,02,47.3979711,8.5461637,0.10200000554323196,0.004000000189989805,-0.0011023388942703605,0.006128043867647648,-9.706143379211426,-8.44289970700629e-05,0.0009905827464535832,-0.0001121283567044884,,
1772700924.4680343,2026-03-05T08:55:24.468034,hover,02,47.3979711,8.5461637,0.10200000554323196,0.004000000189989805,-0.0011023388942703605,0.006128043867647648,-9.706143379211426,-8.44289970700629e-05,0.0009905827464535832,-0.0001121283567044884,,
1772700924.5698667,2026-03-05T08:55:24.569867,hover,02,47.3979711,8.5461637,0.10200000554323196,0.005000000353902578,-0.002346918685361743,0.005899654235690832,-9.712018013000488,0.00015144901408348233,-0.0010139740770682693,8.912443445296958e-05,,
1772700924.6753843,2026-03-05T08:55:24.675384,hover,02,47.3979711,8.5461637,0.10200000554323196,0.005000000353902578,0.013666101731359959,-0.0026525843422859907,-9.712361335754395,-0.00032804932561703026,0.0014838792849332094,-0.0008529010810889304,,
1772700924.7775223,2026-03-05T08:55:24.777522,hover,02,47.3979711,8.5461637,0.10200000554323196,0.005000000353902578,0.013666101731359959,-0.0026525843422859907,-9.712361335754395,-0.00032804932561703026,0.0014838792849332094,-0.0008529010810889304,,
1772700924.910365,2026-03-05T08:55:24.910365,hover,02,47.3979711,8.5461637,0.10200000554323196,0.005000000353902578,-0.004498882684856653,-0.002909198170527816,-9.715743064880371,0.0003938952286262065,0.0005320788477547467,0.00033390935277566314,,
1772700925.0188491,2026-03-05T08:55:25.018849,hover,02,47.3979711,8.5461637,0.10200000554323196,0.005000000353902578,-0.004498882684856653,-0.002909198170527816,-9.715743064880371,0.0003938952286262065,0.0005320788477547467,0.00033390935277566314,,
1772700925.120088,2026-03-05T08:55:25.120088,hover,02,47.3979711,8.5461637,0.10200000554323196,0.005000000353902578,-0.004498882684856653,-0.002909198170527816,-9.715743064880371,0.0003938952286262065,0.0005320788477547467,0.00033390935277566314,,
1772700925.2249374,2026-03-05T08:55:25.224937,hover,02,47.3979711,8.5461637,0.10200000554323196,0.005000000353902578,-0.004498882684856653,-0.002909198170527816,-9.715743064880371,0.0003938952286262065,0.0005320788477547467,0.00033390935277566314,,
1772700925.328554,2026-03-05T08:55:25.328554,hover,02,47.3979711,8.5461637,0.10200000554323196,0.005000000353902578,-0.0014665484195575118,-0.005643946584314108,-9.712658882141113,-0.00014923357230145484,-0.00028698937967419624,0.0007858919561840594,,
1772700925.4298368,2026-03-05T08:55:25.429837,hover,02,47.3979711,8.5461637,0.10200000554323196,0.005000000353902578,-0.0014665484195575118,-0.005643946584314108,-9.712658882141113,-0.00014923357230145484,-0.00028698937967419624,0.0007858919561840594,,
1772700925.5333545,2026-03-05T08:55:25.533355,hover,02,47.3979712,8.5461637,0.10000000149011612,0.003000000026077032,-0.004053360782563686,0.0029364556539803743,-9.713068008422852,0.0001787417713785544,0.0006530614336952567,0.00047312205424532294,,
1772700925.639752,2026-03-05T08:55:25.639752,hover,02,47.3979712,8.5461637,0.10000000149011612,0.003000000026077032,-0.004053360782563686,0.0029364556539803743,-9.713068008422852,0.0001787417713785544,0.0006530614336952567,0.00047312205424532294,,
1772700925.7423425,2026-03-05T08:55:25.742342,hover,02,47.3979712,8.5461637,0.10000000149011612,0.003000000026077032,-0.004053360782563686,0.0029364556539803743,-9.713068008422852,0.0001787417713785544,0.0006530614336952567,0.00047312205424532294,99.0,16.171001434326172
1772700925.8700895,2026-03-05T08:55:25.870090,hover,02,47.3979711,8.5461637,0.10300000756978989,0.005000000353902578,-0.003108665579929948,0.0021764347329735756,-9.705105781555176,0.0002676689764484763,0.00019357276323717088,0.0006535167922265828,99.0,16.171001434326172
1772700925.9956253,2026-03-05T08:55:25.995625,hover,02,47.3979711,8.5461637,0.10400000214576721,0.007000000216066837,-0.0033102501183748245,0.003386885393410921,-9.710288047790527,0.0006004360038787127,0.0004591305332724005,0.00030967366183176637,99.0,16.171001434326172
1772700926.0981197,2026-03-05T08:55:26.098120,hover,02,47.3979711,8.5461637,0.10400000214576721,0.007000000216066837,-0.0033102501183748245,0.003386885393410921,-9.710288047790527,0.0006004360038787127,0.0004591305332724005,0.00030967366183176637,99.0,16.171001434326172
1772700926.1999335,2026-03-05T08:55:26.199934,hover,02,47.3979711,8.5461637,0.10400000214576721,0.007000000216066837,-0.0033102501183748245,0.003386885393410921,-9.710288047790527,0.0006004360038787127,0.0004591305332724005,0.00030967366183176637,99.0,16.171001434326172
1772700926.3032618,2026-03-05T08:55:26.303262,hover,02,47.3979711,8.5461637,0.10400000214576721,0.007000000216066837,-0.0033102501183748245,0.003386885393410921,-9.710288047790527,0.0006004360038787127,0.0004591305332724005,0.00030967366183176637,99.0,16.171001434326172
1772700926.4087877,2026-03-05T08:55:26.408788,hover,02,47.3979711,8.5461637,0.10400000214576721,0.007000000216066837,-0.0033102501183748245,0.003386885393410921,-9.710288047790527,0.0006004360038787127,0.0004591305332724005,0.00030967366183176637,99.0,16.171001434326172
1772700926.5156634,2026-03-05T08:55:26.515663,hover,02,47.3979711,8.5461637,0.10500000417232513,0.00800000037997961,-0.0005482769338414073,0.0033511731307953596,-9.709583282470703,8.755947055760771e-05,0.00010116033081430942,-0.0007596107898280025,99.0,16.171001434326172
1772700926.7790112,2026-03-05T08:55:26.779011,hover,02,47.3979712,8.5461637,0.10700000822544098,0.010000000707805157,0.0015678178751841187,-0.002323535969480872,-9.707759857177734,5.298924588714726e-05,-3.1725539884064347e-05,0.0008633195539005101,99.0,16.171001434326172
1772700926.9313786,2026-03-05T08:55:26.931379,hover,02,47.3979712,8.5461637,0.10700000822544098,0.010000000707805157,-0.005794960539788008,-0.0018733073957264423,-9.710248947143555,0.0011207821080461144,1.2363660061964765e-05,0.0011206477647647262,99.0,16.171001434326172
1772700927.0331368,2026-03-05T08:55:27.033137,hover,02,47.3979712,8.5461637,0.10700000822544098,0.010000000707805157,-0.005794960539788008,-0.0018733073957264423,-9.710248947143555,0.0011207821080461144,1.2363660061964765e-05,0.0011206477647647262,99.0,16.171001434326172
1772700927.1362128,2026-03-05T08:55:27.136213,hover,02,47.3979712,8.5461637,0.10700000822544098,0.010000000707805157,-0.005794960539788008,-0.0018733073957264423,-9.710248947143555,0.0011207821080461144,1.2363660061964765e-05,0.0011206477647647262,99.0,16.171001434326172
1772700927.2457328,2026-03-05T08:55:27.245733,hover,02,47.3979712,8.5461637,0.10700000822544098,0.010000000707805157,-0.005794960539788008,-0.0018733073957264423,-9.710248947143555,0.0011207821080461144,1.2363660061964765e-05,0.0011206477647647262,99.0,16.171001434326172
1772700927.3563123,2026-03-05T08:55:27.356312,hover,02,47.3979712,8.5461637,0.10700000822544098,0.010000000707805157,-0.005794960539788008,-0.0018733073957264423,-9.710248947143555,0.0011207821080461144,1.2363660061964765e-05,0.0011206477647647262,99.0,16.171001434326172
1772700927.463763,2026-03-05T08:55:27.463763,hover,02,47.3979712,8.5461637,0.10900000482797623,0.012000000104308128,-9.954890992958099e-05,0.002103154081851244,-9.70749282836914,0.00017332831339444965,0.0006716082571074367,0.00033693385194055736,99.0,16.171001434326172
1772700927.5678058,2026-03-05T08:55:27.567806,hover,02,47.3979712,8.5461637,0.10900000482797623,0.012000000104308128,-9.954890992958099e-05,0.002103154081851244,-9.70749282836914,0.00017332831339444965,0.0006716082571074367,0.00033693385194055736,99.0,16.171001434326172
1772700927.81403,2026-03-05T08:55:27.814030,hover,02,47.3979712,8.5461637,0.11000000685453415,0.013000000268220901,-0.003726536873728037,-0.007657316513359547,-9.707642555236816,0.00010105378169100732,0.00025084600201807916,0.0008645701454952359,99.0,16.171001434326172
1772700927.9751596,2026-03-05T08:55:27.975160,hover,02,47.3979712,8.5461637,0.11500000208616257,0.018000001087784767,-0.001625788863748312,0.004699550569057465,-9.708654403686523,-0.0006578895263373852,-0.00022430511307902634,-0.0001398557797074318,99.0,16.171001434326172
1772700928.080117,2026-03-05T08:55:28.080117,hover,02,47.3979712,8.5461637,0.11500000208616257,0.018000001087784767,-0.001625788863748312,0.004699550569057465,-9.708654403686523,-0.0006578895263373852,-0.00022430511307902634,-0.0001398557797074318,99.0,16.171001434326172
1772700928.1991367,2026-03-05T08:55:28.199137,hover,02,47.3979712,8.5461637,0.11500000208616257,0.018000001087784767,-0.001625788863748312,0.004699550569057465,-9.708654403686523,-0.0006578895263373852,-0.00022430511307902634,-0.0001398557797074318,99.0,16.171001434326172
1772700928.3041832,2026-03-05T08:55:28.304183,hover,02,47.3979712,8.5461637,0.11900000274181366,0.021000001579523087,0.0056902519427239895,-0.0022256604861468077,-9.710686683654785,-0.0010805961210280657,0.000314857141347602,-4.386567889014259e-05,99.0,16.171001434326172
1772700928.4074025,2026-03-05T08:55:28.407403,hover,02,47.3979712,8.5461637,0.11900000274181366,0.021000001579523087,0.0056902519427239895,-0.0022256604861468077,-9.710686683654785,-0.0010805961210280657,0.000314857141347602,-4.386567889014259e-05,99.0,16.171001434326172
1772700928.50976,2026-03-05T08:55:28.509760,hover,02,47.3979712,8.5461637,0.11900000274181366,0.021000001579523087,0.0056902519427239895,-0.0022256604861468077,-9.710686683654785,-0.0010805961210280657,0.000314857141347602,-4.386567889014259e-05,99.0,16.171001434326172
1772700928.6121829,2026-03-05T08:55:28.612183,hover,02,47.3979712,8.5461637,0.12000000476837158,0.023000001907348633,0.0021382870618253946,0.0056831431575119495,-9.710047721862793,-0.001677321852184832,0.0007768651121295989,-0.0008692263509146869,99.0,16.171001434326172
1772700928.7148278,2026-03-05T08:55:28.714828,hover,02,47.3979712,8.5461637,0.12000000476837158,0.023000001907348633,0.0021382870618253946,0.0056831431575119495,-9.710047721862793,-0.001677321852184832,0.0007768651121295989,-0.0008692263509146869,99.0,16.171001434326172
1772700928.841067,2026-03-05T08:55:28.841067,hover,02,47.3979712,8.5461637,0.12000000476837158,0.023000001907348633,0.0021382870618253946,0.0056831431575119495,-9.710047721862793,-0.001677321852184832,0.0007768651121295989,-0.0008692263509146869,99.0,16.171001434326172
1772700928.9433172,2026-03-05T08:55:28.943317,hover,02,47.3979712,8.5461637,0.12000000476837158,0.023000001907348633,0.0021382870618253946,0.0056831431575119495,-9.710047721862793,-0.001677321852184832,0.0007768651121295989,-0.0008692263509146869,99.0,16.171001434326172
1772700929.0461416,2026-03-05T08:55:29.046142,hover,02,47.3979712,8.5461637,0.1210000067949295,0.024000000208616257,-0.004308145027607679,-0.0018986817449331284,-9.706042289733887,0.0001758536818670109,-0.0006391357164829969,0.00010783963807625696,99.0,16.171001434326172
1772700929.149132,2026-03-05T08:55:29.149132,hover,02,47.3979712,8.5461637,0.12400000542402267,0.027000000700354576,-0.004449876956641674,0.006781348958611488,-9.712761878967285,0.0002797592605929822,-0.0010211970657110214,-9.539977327222005e-05,99.0,16.171001434326172
1772700929.2521298,2026-03-05T08:55:29.252130,hover,02,47.3979712,8.5461637,0.12400000542402267,0.027000000700354576,-0.004449876956641674,0.006781348958611488,-9.712761878967285,0.0002797592605929822,-0.0010211970657110214,-9.539977327222005e-05,99.0,16.171001434326172
1772700929.3639705,2026-03-05T08:55:29.363971,hover,02,47.3979712,8.5461637,0.12800000607967377,0.03100000135600567,-0.0004675358650274575,0.003953318111598492,-9.711386680603027,0.0003717090003192425,-0.0005592804518528283,-0.0007931710570119321,99.0,16.171001434326172
1772700929.4691114,2026-03-05T08:55:29.469111,hover,02,47.3979712,8.5461637,0.12800000607967377,0.03100000135600567,-0.0004675358650274575,0.003953318111598492,-9.711386680603027,0.0003717090003192425,-0.0005592804518528283,-0.0007931710570119321,99.0,16.171001434326172
1772700929.5703728,2026-03-05T08:55:29.570373,hover,02,47.3979712,8.5461637,0.1300000101327896,0.03200000151991844,0.003454656805843115,0.0028135182801634073,-9.704100608825684,0.0001004168443614617,0.0008026802097447217,-0.00017684121849015355,99.0,16.171001434326172
1772700929.685115,2026-03-05T08:55:29.685115,hover,02,47.3979712,8.5461637,0.1340000033378601,0.036000002175569534,-0.0035189450718462467,0.002186743076890707,-9.704822540283203,-0.0002326085086679086,-0.00021120315068401396,0.0006168664549477398,99.0,16.171001434326172
1772700929.7861373,2026-03-05T08:55:29.786137,hover,02,47.3979712,8.5461637,0.1340000033378601,0.036000002175569534,-0.0035189450718462467,0.002186743076890707,-9.704822540283203,-0.0002326085086679086,-0.00021120315068401396,0.0006168664549477398,99.0,16.171001434326172
1772700929.8892763,2026-03-05T08:55:29.889276,hover,02,47.3979712,8.5461637,0.13900001347064972,0.04200000315904617,0.001350365113466978,0.0028942199423909187,-9.71304702758789,0.0009504331392236054,-0.0011757920728996396,0.0009173152502626181,99.0,16.171001434326172
1772700929.994518,2026-03-05T08:55:29.994518,hover,02,47.3979712,8.5461637,0.13900001347064972,0.04200000315904617,0.001350365113466978,0.0028942199423909187,-9.71304702758789,0.0009504331392236054,-0.0011757920728996396,0.0009173152502626181,99.0,16.171001434326172
1772700930.1028287,2026-03-05T08:55:30.102829,hover,02,47.3979712,8.5461637,0.14100000262260437,0.04400000348687172,0.004409646615386009,0.007355693727731705,-9.705870628356934,7.123733666958287e-06,-0.0007887572282925248,0.0016000046161934733,99.0,16.171001434326172
1772700930.2126324,2026-03-05T08:55:30.212632,hover,02,47.3979712,8.5461637,0.14100000262260437,0.04400000348687172,0.004409646615386009,0.007355693727731705,-9.705870628356934,7.123733666958287e-06,-0.0007887572282925248,0.0016000046161934733,99.0,16.171001434326172
1772700930.3204508,2026-03-05T08:55:30.320451,hover,02,47.3979712,8.5461637,0.14500001072883606,0.04800000041723251,0.005204697605222464,0.007714658044278622,-9.714337348937988,-0.0006716867792420089,-0.0010921983048319817,0.00022394725237973034,99.0,16.171001434326172
1772700930.4240108,2026-03-05T08:55:30.424011,hover,02,47.3979712,8.5461637,0.14500001072883606,0.04800000041723251,0.005204697605222464,0.007714658044278622,-9.714337348937988,-0.0006716867792420089,-0.0010921983048319817,0.00022394725237973034,99.0,16.171001434326172
1772700930.5285368,2026-03-05T08:55:30.528537,hover,02,47.3979712,8.5461637,0.14500001072883606,0.04800000041723251,0.005204697605222464,0.007714658044278622,-9.714337348937988,-0.0006716867792420089,-0.0010921983048319817,0.00022394725237973034,99.0,16.171001434326172
1772700930.6312165,2026-03-05T08:55:30.631217,hover,02,47.3979712,8.5461637,0.1469999998807907,0.05000000074505806,0.0022491824347525835,-0.009080803953111172,-9.714454650878906,-0.0014748472021892667,0.00021204889344517142,-0.00027538216090761125,99.0,16.171001434326172
1772700930.7329195,2026-03-05T08:55:30.732919,hover,02,47.3979712,8.5461637,0.15000000596046448,0.05300000309944153,0.003712108125910163,-0.008524463512003422,-9.711139678955078,0.0008055013022385538,-6.382157152984291e-05,-0.0001389649696648121,99.0,16.171001434326172
1772700930.8341897,2026-03-05T08:55:30.834190,hover,02,47.3979712,8.5461638,0.15200001001358032,0.055000003427267075,-0.00037039784365333617,0.00325423339381814,-9.71104907989502,0.0007370964740402997,0.0007973334286361933,-0.00036808481672778726,99.0,16.171001434326172
1772700930.9489567,2026-03-05T08:55:30.948957,hover,02,47.3979712,8.5461638,0.1550000011920929,0.05700000375509262,-0.0037728245370090008,-0.0009110646788030863,-9.711440086364746,-0.00010752407251857221,-3.1861603929428384e-05,-0.0003268923901487142,99.0,16.171001434326172
1772700931.050972,2026-03-05T08:55:31.050972,hover,02,47.3979712,8.5461638,0.1550000011920929,0.05700000375509262,-0.0037728245370090008,-0.0009110646788030863,-9.711440086364746,-0.00010752407251857221,-3.1861603929428384e-05,-0.0003268923901487142,99.0,16.171001434326172
1772700931.1539803,2026-03-05T08:55:31.153980,hover,02,47.3979712,8.5461638,0.1550000011920929,0.05700000375509262,-0.0037728245370090008,-0.0009110646788030863,-9.711440086364746,-0.00010752407251857221,-3.1861603929428384e-05,-0.0003268923901487142,99.0,16.171001434326172
1772700931.2549007,2026-03-05T08:55:31.254901,hover,02,47.3979712,8.5461638,0.15800000727176666,0.06000000238418579,0.0012762931874021888,0.0033342353999614716,-9.7124605178833,0.0002553247904870659,-0.00045010916073806584,-0.00013051995483692735,99.0,16.171001434326172
1772700931.361605,2026-03-05T08:55:31.361605,hover,02,47.3979712,8.5461638,0.15800000727176666,0.06000000238418579,0.0012762931874021888,0.0033342353999614716,-9.7124605178833,0.0002553247904870659,-0.00045010916073806584,-0.00013051995483692735,99.0,16.171001434326172
1772700931.4839573,2026-03-05T08:55:31.483957,hover,02,47.3979712,8.5461638,0.1600000113248825,0.06200000271201134,-0.0011725714430212975,0.0010178021620959044,-9.713353157043457,-0.0003074626438319683,-0.0010498056653887033,0.00027753933682106435,99.0,16.171001434326172
1772700931.600381,2026-03-05T08:55:31.600381,hover,02,47.3979712,8.5461638,0.16300000250339508,0.06599999964237213,0.0012123786145821214,-0.006665369495749474,-9.70168399810791,8.31236393423751e-05,-0.00014100207772571594,-0.0002856556966435164,99.0,16.171001434326172
1772700931.7032723,2026-03-05T08:55:31.703272,hover,02,47.3979712,8.5461638,0.16500000655651093,0.06800000369548798,0.0016396826831623912,0.004189088009297848,-9.705265998840332,-2.7337282517692074e-06,0.00015184802759904414,0.0001757688878569752,99.0,16.171001434326172
1772700931.8039784,2026-03-05T08:55:31.803978,hover,02,47.3979712,8.5461638,0.1680000126361847,0.07100000232458115,0.004599068313837051,-0.004397782031446695,-9.71058177947998,0.00038415947346948087,0.0010779965668916702,0.000781074573751539,99.0,16.171001434326172
1772700931.9075704,2026-03-05T08:55:31.907570,hover,02,47.3979712,8.5461638,0.1680000126361847,0.07100000232458115,0.004599068313837051,-0.004397782031446695,-9.71058177947998,0.00038415947346948087,0.0010779965668916702,0.000781074573751539,99.0,16.171001434326172
1772700932.0092797,2026-03-05T08:55:32.009280,hover,02,47.3979712,8.5461638,0.17100000381469727,0.07400000095367432,-0.0015718520153313875,-0.0020732851698994637,-9.719040870666504,-0.0009236877667717636,-0.00043309744796715677,0.0004401554469950497,99.0,16.171001434326172
1772700932.1111019,2026-03-05T08:55:32.111102,hover,02,47.3979712,8.5461638,0.17100000381469727,0.07400000095367432,-0.0015718520153313875,-0.0020732851698994637,-9.719040870666504,-0.0009236877667717636,-0.00043309744796715677,0.0004401554469950497,99.0,16.171001434326172
1772700932.2132027,2026-03-05T08:55:32.213203,hover,02,47.3979712,8.5461638,0.17400000989437103,0.07600000500679016,0.008655613288283348,0.002605699934065342,-9.71513843536377,-0.0011007044231519103,-0.0004949143039993942,-0.000664244988001883,99.0,16.171001434326172
1772700932.3170578,2026-03-05T08:55:32.317058,hover,02,47.3979712,8.5461638,0.17600001394748688,0.07900000363588333,-0.006877704057842493,-0.004266804549843073,-9.709726333618164,0.0013698675902560353,-0.00178148050326854,-9.616474562790245e-05,99.0,16.171001434326172
1772700932.419356,2026-03-05T08:55:32.419356,hover,02,47.3979712,8.5461638,0.17600001394748688,0.07900000363588333,-0.006877704057842493,-0.004266804549843073,-9.709726333618164,0.0013698675902560353,-0.00178148050326854,-9.616474562790245e-05,99.0,16.171001434326172
1772700932.5242808,2026-03-05T08:55:32.524281,hover,02,47.3979712,8.5461638,0.17600001394748688,0.07900000363588333,0.005980669986456633,-0.004462007898837328,-9.711748123168945,-0.000783705385401845,-0.0003326276200823486,0.00033592345425859094,99.0,16.171001434326172
1772700932.6254046,2026-03-05T08:55:32.625405,hover,02,47.3979712,8.5461638,0.17800000309944153,0.08100000023841858,0.005980669986456633,-0.004462007898837328,-9.711748123168945,-0.000783705385401845,-0.0003326276200823486,0.00033592345425859094,99.0,16.171001434326172
1772700932.734754,2026-03-05T08:55:32.734754,hover,02,47.3979712,8.5461638,0.18400001525878906,0.0860000029206276,-0.0005444916896522045,-0.005160300061106682,-9.713522911071777,-0.00025724750594235957,3.358014510013163e-06,-0.00015985022764652967,99.0,16.171001434326172
1772700932.8369746,2026-03-05T08:55:32.836975,hover,02,47.3979712,8.5461638,0.18400001525878906,0.0860000029206276,-0.0005444916896522045,-0.005160300061106682,-9.713522911071777,-0.00025724750594235957,3.358014510013163e-06,-0.00015985022764652967,99.0,16.171001434326172
1772700932.954634,2026-03-05T08:55:32.954634,hover,02,47.3979712,8.5461638,0.1860000044107437,0.08900000154972076,6.751160981366411e-05,-0.0029072631150484085,-9.714463233947754,-0.0003047204518225044,0.00045323901576921344,-0.0005041691474616528,99.0,16.171001434326172
1772700933.0570066,2026-03-05T08:55:33.057007,hover,02,47.3979712,8.5461638,0.1860000044107437,0.08900000154972076,6.751160981366411e-05,-0.0029072631150484085,-9.714463233947754,-0.0003047204518225044,0.00045323901576921344,-0.0005041691474616528,99.0,16.171001434326172
1772700933.1717863,2026-03-05T08:55:33.171786,hover,02,47.3979712,8.5461638,0.1900000125169754,0.09300000220537186,-0.0030259464401751757,-0.004124599043279886,-9.712629318237305,-0.00020591150678228587,9.981697076000273e-05,0.0002985530882142484,99.0,16.171001434326172
1772700933.275272,2026-03-05T08:55:33.275272,hover,02,47.3979712,8.5461638,0.19300000369548798,0.09600000083446503,0.000591009680647403,-0.0014600740978494287,-9.706000328063965,-5.642127507599071e-05,9.314678027294576e-05,-0.00013280706480145454,99.0,16.171001434326172
1772700933.377056,2026-03-05T08:55:33.377056,hover,02,47.3979712,8.5461638,0.19300000369548798,0.09600000083446503,0.000591009680647403,-0.0014600740978494287,-9.706000328063965,-5.642127507599071e-05,9.314678027294576e-05,-0.00013280706480145454,99.0,16.171001434326172
1772700933.480433,2026-03-05T08:55:33.480433,hover,02,47.3979712,8.5461638,0.19300000369548798,0.09600000083446503,0.000591009680647403,-0.0014600740978494287,-9.706000328063965,-5.642127507599071e-05,9.314678027294576e-05,-0.00013280706480145454,99.0,16.171001434326172
1772700933.5821292,2026-03-05T08:55:33.582129,hover,02,47.3979712,8.5461638,0.19600000977516174,0.0990000069141388,-0.006212085019797087,0.0070223622024059296,-9.70913028717041,-0.00040848515345714986,-0.0006647367845289409,0.0012380826519802213,99.0,16.171001434326172
1772700933.7040632,2026-03-05T08:55:33.704063,hover,02,47.3979712,8.5461638,0.20000000298023224,0.10200000554323196,0.0034358957782387733,0.002350057940930128,-9.709355354309082,7.036158058326691e-05,0.0006909065414220095,-0.00024061795556917787,99.0,16.171001434326172
1772700933.804874,2026-03-05T08:55:33.804874,hover,02,47.3979712,8.5461638,0.20000000298023224,0.10200000554323196,0.0034358957782387733,0.002350057940930128,-9.709355354309082,7.036158058326691e-05,0.0006909065414220095,-0.00024061795556917787,99.0,16.171001434326172
1772700933.9101245,2026-03-05T08:55:33.910125,hover,02,47.3979712,8.5461638,0.20200000703334808,0.10500000417232513,0.002072600880637765,0.0011266088113188744,-9.716435432434082,0.0002593761309981346,-0.0003263266116846353,0.0006902881432324648,99.0,16.171001434326172
1772700934.0121734,2026-03-05T08:55:34.012173,hover,02,47.3979712,8.5461638,0.20400001108646393,0.10700000822544098,-0.00036077373079024255,0.0016072121215984225,-9.703004837036133,-0.00046182190999388695,-0.00055222975788638,-0.0005061875563114882,99.0,16.171001434326172
1772700934.1174784,2026-03-05T08:55:34.117478,hover,02,47.3979712,8.5461638,0.20400001108646393,0.10700000822544098,-0.00036077373079024255,0.0016072121215984225,-9.703004837036133,-0.00046182190999388695,-0.00055222975788638,-0.0005061875563114882,99.0,16.171001434326172
1772700934.227192,2026-03-05T08:55:34.227192,hover,02,47.3979712,8.5461638,0.2070000171661377,0.11000000685453415,0.0015683025121688843,0.003102205228060484,-9.713627815246582,0.00046753304195590317,-0.00018210351117886603,0.00023336397134698927,99.0,16.171001434326172
1772700934.3305783,2026-03-05T08:55:34.330578,hover,02,47.3979712,8.5461638,0.2070000171661377,0.11000000685453415,0.0015683025121688843,0.003102205228060484,-9.713627815246582,0.00046753304195590317,-0.00018210351117886603,0.00023336397134698927,99.0,16.171001434326172
1772700934.4325902,2026-03-05T08:55:34.432590,hover,02,47.3979712,8.5461638,0.20900000631809235,0.1120000034570694,-0.006544298026710749,0.009600657969713211,-9.711939811706543,-0.0008326767128892243,-0.0008716043084859848,0.0007069435087032616,99.0,16.171001434326172
1772700934.535363,2026-03-05T08:55:34.535363,hover,02,47.3979712,8.5461638,0.20900000631809235,0.1120000034570694,-0.006544298026710749,0.009600657969713211,-9.711939811706543,-0.0008326767128892243,-0.0008716043084859848,0.0007069435087032616,99.0,16.171001434326172
1772700934.6367826,2026-03-05T08:55:34.636783,hover,02,47.3979712,8.5461638,0.2150000035762787,0.004000000189989805,-0.005391891114413738,-0.0010717629920691252,-9.710108757019043,-0.0004809509264305234,-0.0004031596181448549,0.0008423860999755561,99.0,16.171001434326172
1772700934.7387428,2026-03-05T08:55:34.738743,hover,02,47.3979712,8.5461638,0.2150000035762787,0.004000000189989805,-0.005391891114413738,-0.0010717629920691252,-9.710108757019043,-0.0004809509264305234,-0.0004031596181448549,0.0008423860999755561,99.0,16.171001434326172
1772700934.8428237,2026-03-05T08:55:34.842824,hover,02,47.3979712,8.5461638,0.21700000762939453,0.006000000052154064,-0.00687763374298811,-0.006787525024265051,-9.7096586227417,-0.0007635682122781873,-0.0005496586090885103,0.0014114010846242309,99.0,16.171001434326172
1772700934.9450138,2026-03-05T08:55:34.945014,hover,02,47.3979712,8.5461638,0.21900001168251038,0.009000000543892384,-0.006092817522585392,-0.00327825965359807,-9.710406303405762,0.0008403238607570529,0.0007131113088689744,5.3025069064460695e-05,99.0,16.171001434326172
1772700935.0471132,2026-03-05T08:55:35.047113,hover,02,47.3979712,8.5461638,0.21900001168251038,0.009000000543892384,-0.006092817522585392,-0.00327825965359807,-9.710406303405762,0.0008403238607570529,0.0007131113088689744,5.3025069064460695e-05,99.0,16.171001434326172
1772700935.1522665,2026-03-05T08:55:35.152267,hover,02,47.3979712,8.5461638,0.22100001573562622,0.010000000707805157,-0.004581944085657597,-0.008418482728302479,-9.714592933654785,-0.00030225064256228507,-0.00033581629395484924,0.000623604457359761,99.0,16.171001434326172
1772700935.2608743,2026-03-05T08:55:35.260874,hover,02,47.3979712,8.5461638,0.22100001573562622,0.010000000707805157,-0.004581944085657597,-0.008418482728302479,-9.714592933654785,-0.00030225064256228507,-0.00033581629395484924,0.000623604457359761,99.0,16.171001434326172
1772700935.36922,2026-03-05T08:55:35.369220,hover,02,47.3979712,8.5461638,0.2240000069141388,0.013000000268220901,-0.00466743391007185,-0.0064507946372032166,-9.712898254394531,-0.0008356983889825642,0.00014072457270231098,-0.0009877855191007257,99.0,16.171001434326172
1772700935.4717247,2026-03-05T08:55:35.471725,hover,02,47.3979712,8.5461638,0.2240000069141388,0.013000000268220901,-0.00466743391007185,-0.0064507946372032166,-9.712898254394531,-0.0008356983889825642,0.00014072457270231098,-0.0009877855191007257,99.0,16.171001434326172
1772700935.598006,2026-03-05T08:55:35.598006,hover,02,47.3979712,8.5461638,0.2240000069141388,0.013000000268220901,-0.00466743391007185,-0.0064507946372032166,-9.712898254394531,-0.0008356983889825642,0.00014072457270231098,-0.0009877855191007257,99.0,16.171001434326172
1772700935.7068987,2026-03-05T08:55:35.706899,hover,02,47.3979712,8.5461638,0.2240000069141388,0.013000000268220901,-0.00466743391007185,-0.0064507946372032166,-9.712898254394531,-0.0008356983889825642,0.00014072457270231098,-0.0009877855191007257,99.0,16.171001434326172
1772700935.8093045,2026-03-05T08:55:35.809304,hover,02,47.3979712,8.5461638,0.2240000069141388,0.013000000268220901,0.0046697137877345085,-0.0027049602940678596,-9.702220916748047,-0.0006454204558394849,-0.0003923531621694565,-0.00045589020010083914,99.0,16.171001434326172
1772700935.914132,2026-03-05T08:55:35.914132,hover,02,47.3979712,8.5461638,0.22500000894069672,0.015000000596046448,0.0046697137877345085,-0.0027049602940678596,-9.702220916748047,-0.0006454204558394849,-0.0003923531621694565,-0.00045589020010083914,99.0,16.171001434326172
1772700936.0189683,2026-03-05T08:55:36.018968,hover,02,47.3979712,8.5461638,0.22500000894069672,0.015000000596046448,0.0046697137877345085,-0.0027049602940678596,-9.702220916748047,-0.0006454204558394849,-0.0003923531621694565,-0.00045589020010083914,99.0,16.171001434326172
1772700936.120118,2026-03-05T08:55:36.120118,hover,02,47.3979712,8.5461638,0.22500000894069672,0.015000000596046448,0.0046697137877345085,-0.0027049602940678596,-9.702220916748047,-0.0006454204558394849,-0.0003923531621694565,-0.00045589020010083914,99.0,16.171001434326172
1772700936.2219121,2026-03-05T08:55:36.221912,hover,02,47.3979712,8.5461638,0.22800001502037048,0.017000000923871994,-0.0014488333836197853,0.0016276307869702578,-9.712340354919434,4.1085368138737977e-05,8.79857107065618e-05,-0.0005223375046625733,99.0,16.171001434326172
1772700936.326471,2026-03-05T08:55:36.326471,hover,02,47.3979712,8.5461638,0.22800001502037048,0.017000000923871994,-0.0014488333836197853,0.0016276307869702578,-9.712340354919434,4.1085368138737977e-05,8.79857107065618e-05,-0.0005223375046625733,99.0,16.171001434326172
1772700936.4304602,2026-03-05T08:55:36.430460,hover,02,47.3979712,8.5461638,0.2290000170469284,0.018000001087784767,0.0035405876114964485,0.005608172155916691,-9.712868690490723,-0.0007812675321474671,-0.0003467006899882108,0.0010011574486270547,99.0,16.171001434326172
1772700936.5319662,2026-03-05T08:55:36.531966,hover,02,47.3979712,8.5461638,0.2290000170469284,0.018000001087784767,0.0035405876114964485,0.005608172155916691,-9.712868690490723,-0.0007812675321474671,-0.0003467006899882108,0.0010011574486270547,99.0,16.171001434326172
1772700936.6370094,2026-03-05T08:55:36.637009,hover,02,47.3979712,8.5461638,0.23100000619888306,0.020000001415610313,-0.00026980164693668485,-0.0014489495661109686,-9.717300415039062,0.0004899722989648581,0.0008524661534465849,0.0005231750546954572,99.0,16.171001434326172
1772700936.738426,2026-03-05T08:55:36.738426,hover,02,47.3979712,8.5461638,0.23200000822544098,0.021000001579523087,-0.0035216212272644043,-0.00033450115006417036,-9.711852073669434,-0.00016558266361244023,-0.0007012373534962535,2.8483034839155152e-05,99.0,16.171001434326172
1772700936.839017,2026-03-05T08:55:36.839017,hover,02,47.3979712,8.5461638,0.23200000822544098,0.021000001579523087,-0.0035216212272644043,-0.00033450115006417036,-9.711852073669434,-0.00016558266361244023,-0.0007012373534962535,2.8483034839155152e-05,99.0,16.171001434326172
1772700936.9421282,2026-03-05T08:55:36.942128,hover,02,47.3979712,8.5461638,0.23200000822544098,0.021000001579523087,-0.00027107802452519536,-0.003950613085180521,-9.703837394714355,0.0006516369176097214,-0.00047303095925599337,-0.0008865146082825959,99.0,16.171001434326172
1772700937.045181,2026-03-05T08:55:37.045181,hover,02,47.3979712,8.5461638,0.23400001227855682,0.023000001907348633,-0.00027107802452519536,-0.003950613085180521,-9.703837394714355,0.0006516369176097214,-0.00047303095925599337,-0.0008865146082825959,99.0,16.171001434326172
1772700937.1479268,2026-03-05T08:55:37.147927,hover,02,47.3979712,8.5461638,0.23400001227855682,0.024000000208616257,0.0017592343501746655,-0.0017184917815029621,-9.708550453186035,-0.00025367175112478435,0.0002028298331424594,0.000188996345968917,99.0,16.171001434326172
1772700937.2564795,2026-03-05T08:55:37.256480,hover,02,47.3979712,8.5461638,0.23400001227855682,0.024000000208616257,0.0017592343501746655,-0.0017184917815029621,-9.708550453186035,-0.00025367175112478435,0.0002028298331424594,0.000188996345968917,99.0,16.171001434326172
1772700937.3631518,2026-03-05T08:55:37.363152,hover,02,47.3979712,8.5461638,0.23600001633167267,0.02500000037252903,0.0036794571205973625,-0.004103704355657101,-9.714008331298828,-0.0005042502307333052,-0.0003007460618391633,0.0005966724711470306,99.0,16.171001434326172
1772700937.4660974,2026-03-05T08:55:37.466097,hover,02,47.3979712,8.5461638,0.23600001633167267,0.026000000536441803,0.0010802384931594133,0.001298657152801752,-9.712010383605957,0.0003420259745325893,0.00063198187854141,0.0007144318660721183,99.0,16.171001434326172
1772700937.566733,2026-03-05T08:55:37.566733,hover,02,47.3979712,8.5461638,0.2370000183582306,0.027000000700354576,-0.003476982470601797,0.006508342456072569,-9.717201232910156,-0.0005470371688716114,0.0006525936769321561,-0.0002375239273533225,99.0,16.171001434326172
1772700937.673039,2026-03-05T08:55:37.673039,hover,02,47.3979712,8.5461638,0.2370000183582306,0.027000000700354576,-0.003476982470601797,0.006508342456072569,-9.717201232910156,-0.0005470371688716114,0.0006525936769321561,-0.0002375239273533225,99.0,16.171001434326172
1772700937.776433,2026-03-05T08:55:37.776433,hover,02,47.3979712,8.5461638,0.23800000548362732,0.02800000086426735,0.008465997874736786,-0.004773137625306845,-9.70423412322998,0.00044681315193884075,-0.00014705699868500233,0.0002019160019699484,99.0,16.171001434326172
1772700937.8788228,2026-03-05T08:55:37.878823,hover,02,47.3979712,8.5461638,0.23900000751018524,0.02800000086426735,-0.0038816090673208237,-0.0026083693373948336,-9.704498291015625,-0.00017371645662933588,-0.0011005353881046176,-0.0007083831587806344,99.0,16.171001434326172
1772700937.9819822,2026-03-05T08:55:37.981982,hover,02,47.3979712,8.5461638,0.242000013589859,0.03100000135600567,-0.0012057762360200286,0.006442838814109564,-9.706465721130371,0.00022772280499339104,-0.00010116660996573046,0.0006876448169350624,99.0,16.171001434326172
1772700938.0832572,2026-03-05T08:55:38.083257,hover,02,47.3979712,8.5461638,0.242000013589859,0.03100000135600567,-0.0012057762360200286,0.006442838814109564,-9.706465721130371,0.00022772280499339104,-0.00010116660996573046,0.0006876448169350624,99.0,16.171001434326172
1772700938.185523,2026-03-05T08:55:38.185523,hover,02,47.3979712,8.5461638,0.242000013589859,0.03200000151991844,-0.0009378509712405503,-0.0012840840499848127,-9.713549613952637,6.405983003787696e-05,0.0004171297769062221,0.0005599223077297211,99.0,16.171001434326172
1772700938.2902565,2026-03-05T08:55:38.290257,hover,02,47.3979712,8.5461638,0.242000013589859,0.03200000151991844,-0.0009378509712405503,-0.0012840840499848127,-9.713549613952637,6.405983003787696e-05,0.0004171297769062221,0.0005599223077297211,99.0,16.171001434326172
1772700938.3963063,2026-03-05T08:55:38.396306,hover,02,47.3979712,8.5461638,0.24300001561641693,0.03200000151991844,-0.005021858029067516,0.0022312721703201532,-9.703530311584473,-0.0009199086925946176,-2.2672380509902723e-05,-4.033050572616048e-05,99.0,16.171001434326172
1772700938.4977543,2026-03-05T08:55:38.497754,hover,02,47.3979712,8.5461638,0.24300001561641693,0.03200000151991844,-0.005021858029067516,0.0022312721703201532,-9.703530311584473,-0.0009199086925946176,-2.2672380509902723e-05,-4.033050572616048e-05,99.0,16.171001434326172
1772700938.599779,2026-03-05T08:55:38.599779,hover,02,47.3979712,8.5461638,0.24300001561641693,0.032999999821186066,0.006884504109621048,-0.0005714237340725958,-9.703957557678223,0.00024157337611541152,-0.0005015001515857875,-2.53596153925173e-05,99.0,16.171001434326172
1772700938.702966,2026-03-05T08:55:38.702966,hover,02,47.3979712,8.5461638,0.24400001764297485,0.032999999821186066,0.001607953803613782,0.0004203401622362435,-9.713252067565918,-0.00041262380545958877,0.0002599121071398258,0.0008802931406535208,99.0,16.171001434326172
1772700938.805701,2026-03-05T08:55:38.805701,hover,02,47.3979712,8.5461638,0.24400001764297485,0.032999999821186066,0.001607953803613782,0.0004203401622362435,-9.713252067565918,-0.00041262380545958877,0.0002599121071398258,0.0008802931406535208,99.0,16.171001434326172
1772700938.9243855,2026-03-05T08:55:38.924386,hover,02,47.3979712,8.5461638,0.24400001764297485,0.032999999821186066,0.001607953803613782,0.0004203401622362435,-9.713252067565918,-0.00041262380545958877,0.0002599121071398258,0.0008802931406535208,99.0,16.171001434326172
1772700939.0289571,2026-03-05T08:55:39.028957,hover,02,47.3979712,8.5461638,0.24400001764297485,0.032999999821186066,0.00027584395138546824,0.0019171591848134995,-9.70419692993164,-0.0008849253645166755,0.00010556307097431272,0.00026001225342042744,99.0,16.171001434326172
1772700939.1301723,2026-03-05T08:55:39.130172,hover,02,47.3979712,8.5461638,0.24400001764297485,0.032999999821186066,0.00027584395138546824,0.0019171591848134995,-9.70419692993164,-0.0008849253645166755,0.00010556307097431272,0.00026001225342042744,99.0,16.171001434326172
1772700939.232808,2026-03-05T08:55:39.232808,hover,02,47.3979712,8.5461638,0.24400001764297485,0.03400000184774399,-0.004858409054577351,0.005973686929792166,-9.71274185180664,-8.234032429754734e-05,0.000765087315812707,0.0001104312323150225,99.0,16.171001434326172
1772700939.339558,2026-03-05T08:55:39.339558,hover,02,47.3979712,8.5461638,0.24400001764297485,0.03400000184774399,-0.004858409054577351,0.005973686929792166,-9.71274185180664,-8.234032429754734e-05,0.000765087315812707,0.0001104312323150225,99.0,16.171001434326172
1772700939.441384,2026-03-05T08:55:39.441384,hover,02,47.3979712,8.5461638,0.24400001764297485,0.03400000184774399,-0.004858409054577351,0.005973686929792166,-9.71274185180664,-8.234032429754734e-05,0.000765087315812707,0.0001104312323150225,99.0,16.171001434326172
1772700939.5473468,2026-03-05T08:55:39.547347,hover,02,47.3979712,8.5461638,0.24400001764297485,0.03400000184774399,0.001162082189694047,0.0037015117704868317,-9.71054458618164,-5.580426659435034e-06,0.0007646805606782436,3.938611916964874e-05,99.0,16.171001434326172
1772700939.6491158,2026-03-05T08:55:39.649116,hover,02,47.3979712,8.5461638,0.24400001764297485,0.03400000184774399,0.001162082189694047,0.0037015117704868317,-9.71054458618164,-5.580426659435034e-06,0.0007646805606782436,3.938611916964874e-05,99.0,16.171001434326172
1772700939.7521036,2026-03-05T08:55:39.752104,hover,02,47.3979712,8.5461638,0.24800001084804535,0.03700000047683716,0.001744632376357913,-0.00342251593247056,-9.707619667053223,-0.0011932754423469305,0.000836752587929368,-0.0006177436443977058,99.0,16.171001434326172
1772700939.85641,2026-03-05T08:55:39.856410,hover,02,47.3979712,8.5461638,0.24800001084804535,0.03700000047683716,-0.004988570231944323,0.0018504925537854433,-9.701294898986816,0.001405955059453845,0.00021390261827036738,0.0006371282506734133,99.0,16.171001434326172
1772700939.9606056,2026-03-05T08:55:39.960606,hover,02,47.3979712,8.5461638,0.24700000882148743,0.03700000047683716,-0.001573807094246149,-0.00045484566362574697,-9.701300621032715,-0.00013602740364149213,0.0004851855046581477,-0.0002447700535412878,99.0,16.171001434326172
1772700940.0617464,2026-03-05T08:55:40.061746,hover,02,47.3979712,8.5461638,0.24700000882148743,0.036000002175569534,-0.003101357724517584,0.01399643998593092,-9.709545135498047,-4.0830273064784706e-06,-0.000683424761518836,0.0008046686998568475,99.0,16.171001434326172
1772700940.164166,2026-03-05T08:55:40.164166,hover,02,47.3979712,8.5461638,0.24700000882148743,0.036000002175569534,-0.003101357724517584,0.01399643998593092,-9.709545135498047,-4.0830273064784706e-06,-0.000683424761518836,0.0008046686998568475,99.0,16.171001434326172
1772700940.2684793,2026-03-05T08:55:40.268479,hover,02,47.3979712,8.5461638,0.24700000882148743,0.036000002175569534,0.0002641541068442166,0.0027314007747918367,-9.702330589294434,-0.0003933686239179224,0.0008608634816482663,-0.00034329236950725317,99.0,16.171001434326172
1772700940.3721313,2026-03-05T08:55:40.372131,hover,02,47.3979712,8.5461638,0.24900001287460327,0.03800000250339508,0.0002641541068442166,0.0027314007747918367,-9.702330589294434,-0.0003933686239179224,0.0008608634816482663,-0.00034329236950725317,99.0,16.171001434326172
1772700940.48092,2026-03-05T08:55:40.480920,hover,02,47.3979712,8.5461638,0.24900001287460327,0.03800000250339508,0.0002641541068442166,0.0027314007747918367,-9.702330589294434,-0.0003933686239179224,0.0008608634816482663,-0.00034329236950725317,99.0,16.171001434326172
1772700940.583192,2026-03-05T08:55:40.583192,hover,02,47.3979712,8.5461638,0.24900001287460327,0.03800000250339508,0.0002641541068442166,0.0027314007747918367,-9.702330589294434,-0.0003933686239179224,0.0008608634816482663,-0.00034329236950725317,99.0,16.171001434326172
1772700940.6857502,2026-03-05T08:55:40.685750,hover,02,47.3979712,8.5461638,0.24800001084804535,0.03800000250339508,-0.004683499690145254,0.004261708352714777,-9.708783149719238,0.00031616719206795096,0.0011471291072666645,-0.00047790014650672674,99.0,16.171001434326172
1772700940.7881403,2026-03-05T08:55:40.788140,hover,02,47.3979712,8.5461638,0.24800001084804535,0.03800000250339508,-0.004683499690145254,0.004261708352714777,-9.708783149719238,0.00031616719206795096,0.0011471291072666645,-0.00047790014650672674,99.0,16.171001434326172
1772700940.890297,2026-03-05T08:55:40.890297,hover,02,47.3979712,8.5461637,0.24900001287460327,0.03800000250339508,-0.0016611823812127113,0.002144924830645323,-9.709694862365723,0.0007112008170224726,-0.0009234892786480486,0.0002963426522910595,99.0,16.171001434326172
1772700940.9948645,2026-03-05T08:55:40.994864,hover,02,47.3979712,8.5461637,0.24900001287460327,0.03800000250339508,-0.0016611823812127113,0.002144924830645323,-9.709694862365723,0.0007112008170224726,-0.0009234892786480486,0.0002963426522910595,99.0,16.171001434326172
1772700941.1018586,2026-03-05T08:55:41.101859,hover,02,47.3979712,8.5461637,0.24900001287460327,0.039000000804662704,0.001526481006294489,-0.0004970451700501144,-9.7161283493042,0.0007743300520814955,0.0002614730619825423,-0.0004858317843172699,99.0,16.171001434326172
1772700941.2033079,2026-03-05T08:55:41.203308,hover,02,47.3979712,8.5461637,0.24900001287460327,0.039000000804662704,0.001526481006294489,-0.0004970451700501144,-9.7161283493042,0.0007743300520814955,0.0002614730619825423,-0.0004858317843172699,99.0,16.171001434326172
1772700941.30498,2026-03-05T08:55:41.304980,hover,02,47.3979712,8.5461637,0.24900001287460327,0.039000000804662704,0.001526481006294489,-0.0004970451700501144,-9.7161283493042,0.0007743300520814955,0.0002614730619825423,-0.0004858317843172699,99.0,16.171001434326172
1772700941.406878,2026-03-05T08:55:41.406878,hover,02,47.3979712,8.5461637,0.24900001287460327,0.039000000804662704,0.001526481006294489,-0.0004970451700501144,-9.7161283493042,0.0007743300520814955,0.0002614730619825423,-0.0004858317843172699,99.0,16.171001434326172
1772700941.5167162,2026-03-05T08:55:41.516716,hover,02,47.3979712,8.5461637,0.24900001287460327,0.039000000804662704,0.001526481006294489,-0.0004970451700501144,-9.7161283493042,0.0007743300520814955,0.0002614730619825423,-0.0004858317843172699,99.0,16.171001434326172
1772700941.6192732,2026-03-05T08:55:41.619273,hover,02,47.3979712,8.5461637,0.25,0.039000000804662704,-0.0029724962078034878,0.0004185713769402355,-9.704177856445312,0.000613624113611877,0.0007588207954540849,0.00035277954884804785,99.0,16.171001434326172
1772700941.7620525,2026-03-05T08:55:41.762053,hover,02,47.3979712,8.5461637,0.25,0.039000000804662704,-0.0001143500703619793,0.0006235647015273571,-9.708100318908691,-0.0002490108599886298,-0.00022436263679992408,0.0007429987890645862,99.0,16.171001434326172
1772700941.8886764,2026-03-05T08:55:41.888676,hover,02,47.3979711,8.5461637,0.25,0.04000000283122063,-0.0062644146382808685,-0.003238133853301406,-9.71054458618164,-0.00045675085857510567,0.00038188265170902014,0.000314396369503811,99.0,16.171001434326172
1772700941.9935255,2026-03-05T08:55:41.993526,hover,02,47.3979711,8.5461637,0.25,0.04000000283122063,-0.0062644146382808685,-0.003238133853301406,-9.71054458618164,-0.00045675085857510567,0.00038188265170902014,0.000314396369503811,99.0,16.171001434326172
1772700942.0989997,2026-03-05T08:55:42.099000,hover,02,47.3979711,8.5461637,0.25,0.04000000283122063,-0.0062644146382808685,-0.003238133853301406,-9.71054458618164,-0.00045675085857510567,0.00038188265170902014,0.000314396369503811,99.0,16.171001434326172
1772700942.200809,2026-03-05T08:55:42.200809,hover,02,47.3979711,8.5461637,0.25,0.04000000283122063,-0.0062644146382808685,-0.003238133853301406,-9.71054458618164,-0.00045675085857510567,0.00038188265170902014,0.000314396369503811,99.0,16.171001434326172
1772700942.306117,2026-03-05T08:55:42.306117,hover,02,47.3979712,8.5461637,0.2540000081062317,0.0430000014603138,0.004161143209785223,-0.0009783732239156961,-9.705790519714355,-0.0008451287285424769,-0.00027467147447168827,-0.0007326360791921616,99.0,16.171001434326172
1772700942.4068017,2026-03-05T08:55:42.406802,hover,02,47.3979712,8.5461637,0.2540000081062317,0.0430000014603138,0.004161143209785223,-0.0009783732239156961,-9.705790519714355,-0.0008451287285424769,-0.00027467147447168827,-0.0007326360791921616,99.0,16.171001434326172
1772700942.5258782,2026-03-05T08:55:42.525878,hover,02,47.3979712,8.5461637,0.2540000081062317,0.0430000014603138,0.004161143209785223,-0.0009783732239156961,-9.705790519714355,-0.0008451287285424769,-0.00027467147447168827,-0.0007326360791921616,99.0,16.171001434326172
1772700942.6289935,2026-03-05T08:55:42.628994,hover,02,47.3979712,8.5461637,0.2540000081062317,0.0430000014603138,0.004161143209785223,-0.0009783732239156961,-9.705790519714355,-0.0008451287285424769,-0.00027467147447168827,-0.0007326360791921616,99.0,16.171001434326172
1772700942.7329588,2026-03-05T08:55:42.732959,hover,02,47.3979711,8.5461637,0.2550000250339508,0.04400000348687172,0.0048675392754375935,0.006213840562850237,-9.709383964538574,-0.0003134971484541893,0.001041444018483162,-0.0009709086734801531,99.0,16.171001434326172
1772700942.8355336,2026-03-05T08:55:42.835534,hover,02,47.3979711,8.5461637,0.2550000250339508,0.04400000348687172,0.0048675392754375935,0.006213840562850237,-9.709383964538574,-0.0003134971484541893,0.001041444018483162,-0.0009709086734801531,99.0,16.171001434326172
1772700942.939627,2026-03-05T08:55:42.939627,hover,02,47.3979711,8.5461637,0.2550000250339508,0.04400000348687172,0.0048675392754375935,0.006213840562850237,-9.709383964538574,-0.0003134971484541893,0.001041444018483162,-0.0009709086734801531,99.0,16.171001434326172
1772700943.0411882,2026-03-05T08:55:43.041188,hover,02,47.3979711,8.5461637,0.2580000162124634,0.04800000041723251,-0.0037075874861329794,0.00046355693484656513,-9.707493782043457,-0.0003553061396814883,0.00019512377912178636,6.284874689299613e-05,99.0,16.171001434326172
1772700943.1465836,2026-03-05T08:55:43.146584,hover,02,47.3979711,8.5461637,0.2580000162124634,0.04800000041723251,-0.0037075874861329794,0.00046355693484656513,-9.707493782043457,-0.0003553061396814883,0.00019512377912178636,6.284874689299613e-05,99.0,16.171001434326172
1772700943.2520645,2026-03-05T08:55:43.252064,hover,02,47.3979711,8.5461637,0.2580000162124634,0.04800000041723251,-0.0037075874861329794,0.00046355693484656513,-9.707493782043457,-0.0003553061396814883,0.00019512377912178636,6.284874689299613e-05,99.0,16.171001434326172
1772700943.3579874,2026-03-05T08:55:43.357987,hover,02,47.3979711,8.5461637,0.26100000739097595,0.05100000277161598,-0.010051630437374115,-0.001214184332638979,-9.703036308288574,-0.0011918253730982542,-0.00022002524929121137,0.0007379608578048646,99.0,16.171001434326172
1772700943.4588468,2026-03-05T08:55:43.458847,hover,02,47.3979711,8.5461637,0.26100000739097595,0.05100000277161598,-0.010051630437374115,-0.001214184332638979,-9.703036308288574,-0.0011918253730982542,-0.00022002524929121137,0.0007379608578048646,99.0,16.171001434326172
1772700943.5619364,2026-03-05T08:55:43.561936,hover,02,47.3979711,8.5461637,0.26500001549720764,0.05400000140070915,0.002913182135671377,0.0025451600085943937,-9.713765144348145,-0.0007099747308529913,-5.70742049603723e-05,-0.0005560436984524131,99.0,16.171001434326172
1772700943.6687586,2026-03-05T08:55:43.668759,hover,02,47.3979711,8.5461637,0.26500001549720764,0.05400000140070915,0.002913182135671377,0.0025451600085943937,-9.713765144348145,-0.0007099747308529913,-5.70742049603723e-05,-0.0005560436984524131,99.0,16.171001434326172
1772700943.771274,2026-03-05T08:55:43.771274,hover,02,47.3979711,8.5461637,0.26500001549720764,0.05400000140070915,-0.00780947832390666,0.005351619329303503,-9.716947555541992,-0.00018305136472918093,-0.0001751502713887021,0.00021258872584439814,99.0,16.171001434326172
1772700943.8725834,2026-03-05T08:55:43.872583,hover,02,47.3979712,8.5461637,0.26600000262260437,0.0560000017285347,0.0009098218870349228,-0.00019102703663520515,-9.70708179473877,-0.00013172096805647016,0.0001768565853126347,0.0005651677493005991,99.0,16.171001434326172
1772700943.9774213,2026-03-05T08:55:43.977421,hover,02,47.3979712,8.5461637,0.2760000228881836,0.0650000050663948,0.0009098218870349228,-0.00019102703663520515,-9.70708179473877,-0.00013172096805647016,0.0001768565853126347,0.0005651677493005991,99.0,16.171001434326172
1772700944.0786436,2026-03-05T08:55:44.078644,hover,02,47.3979712,8.5461637,0.2760000228881836,0.0650000050663948,0.0009098218870349228,-0.00019102703663520515,-9.70708179473877,-0.00013172096805647016,0.0001768565853126347,0.0005651677493005991,99.0,16.171001434326172
1772700944.1810875,2026-03-05T08:55:44.181087,hover,02,47.3979712,8.5461637,0.2800000011920929,0.07000000029802322,-0.0009941252646967769,0.008464759215712547,-9.717355728149414,-0.0009179653716273606,-0.0002375926123932004,0.000794353720266372,99.0,16.171001434326172
1772700944.2902033,2026-03-05T08:55:44.290203,hover,02,47.3979712,8.5461637,0.2800000011920929,0.07000000029802322,-0.0009941252646967769,0.008464759215712547,-9.717355728149414,-0.0009179653716273606,-0.0002375926123932004,0.000794353720266372,99.0,16.171001434326172
1772700944.4178665,2026-03-05T08:55:44.417866,hover,02,47.3979712,8.5461637,0.2800000011920929,0.07000000029802322,-0.0009941252646967769,0.008464759215712547,-9.717355728149414,-0.0009179653716273606,-0.0002375926123932004,0.000794353720266372,99.0,16.171001434326172
1772700944.5260506,2026-03-05T08:55:44.526051,hover,02,47.3979712,8.5461637,0.28700000047683716,0.07700000703334808,-0.0017708949744701385,-0.0028477634768933058,-9.711106300354004,0.0005522537394426763,0.0003005308681167662,0.0012200585333630443,99.0,16.171001434326172
1772700944.627615,2026-03-05T08:55:44.627615,hover,02,47.3979712,8.5461637,0.28700000047683716,0.07700000703334808,-0.0017708949744701385,-0.0028477634768933058,-9.711106300354004,0.0005522537394426763,0.0003005308681167662,0.0012200585333630443,99.0,16.171001434326172
1772700944.7350767,2026-03-05T08:55:44.735077,hover,02,47.3979712,8.5461637,0.28700000047683716,0.07700000703334808,-0.0017708949744701385,-0.0028477634768933058,-9.711106300354004,0.0005522537394426763,0.0003005308681167662,0.0012200585333630443,99.0,16.171001434326172
1772700944.844923,2026-03-05T08:55:44.844923,hover,02,47.3979712,8.5461637,0.29200002551078796,0.0820000022649765,-0.0001003443612717092,0.001231420785188675,-9.709220886230469,0.0005090678459964693,-0.0009211311698891222,-5.9317550039850175e-05,99.0,16.171001434326172
1772700944.9458127,2026-03-05T08:55:44.945813,hover,02,47.3979712,8.5461637,0.29200002551078796,0.0820000022649765,-0.0001003443612717092,0.001231420785188675,-9.709220886230469,0.0005090678459964693,-0.0009211311698891222,-5.9317550039850175e-05,99.0,16.171001434326172
1772700945.047754,2026-03-05T08:55:45.047754,hover,02,47.3979711,8.5461637,0.2980000078678131,0.08700000494718552,-0.0010285095777362585,-0.0013528027338907123,-9.704832077026367,-0.0006039647851139307,-0.001162119908258319,0.0007036370225250721,99.0,16.171001434326172
1772700945.1488326,2026-03-05T08:55:45.148833,hover,02,47.3979711,8.5461637,0.2980000078678131,0.08700000494718552,-0.0010285095777362585,-0.0013528027338907123,-9.704832077026367,-0.0006039647851139307,-0.001162119908258319,0.0007036370225250721,99.0,16.171001434326172
1772700945.250863,2026-03-05T08:55:45.250863,hover,02,47.3979711,8.5461637,0.2980000078678131,0.08700000494718552,-0.0010285095777362585,-0.0013528027338907123,-9.704832077026367,-0.0006039647851139307,-0.001162119908258319,0.0007036370225250721,99.0,16.171001434326172
1772700945.3519943,2026-03-05T08:55:45.351994,hover,02,47.3979711,8.5461637,0.2980000078678131,0.08700000494718552,-0.0010285095777362585,-0.0013528027338907123,-9.704832077026367,-0.0006039647851139307,-0.001162119908258319,0.0007036370225250721,99.0,16.171001434326172
1772700945.4557536,2026-03-05T08:55:45.455754,hover,02,47.3979711,8.5461637,0.30400002002716064,0.09400000423192978,-0.0006928948569111526,0.000769853824749589,-9.705190658569336,-2.6935043933917768e-05,0.00020655905245803297,0.00040389844798482955,99.0,16.171001434326172
1772700945.5686944,2026-03-05T08:55:45.568694,hover,02,47.3979711,8.5461637,0.30400002002716064,0.09400000423192978,-0.0006928948569111526,0.000769853824749589,-9.705190658569336,-2.6935043933917768e-05,0.00020655905245803297,0.00040389844798482955,99.0,16.171001434326172
1772700945.671207,2026-03-05T08:55:45.671207,hover,02,47.3979711,8.5461637,0.30400002002716064,0.09400000423192978,-0.0006928948569111526,0.000769853824749589,-9.705190658569336,-2.6935043933917768e-05,0.00020655905245803297,0.00040389844798482955,99.0,16.171001434326172
1772700945.7724442,2026-03-05T08:55:45.772444,hover,02,47.3979711,8.5461636,0.31300002336502075,0.10200000554323196,-0.004403950646519661,-0.0032095301430672407,-9.702547073364258,-0.00037302167038433254,-7.881546480348334e-05,-0.00014576483226846904,99.0,16.171001434326172
1772700945.8770301,2026-03-05T08:55:45.877030,hover,02,47.3979711,8.5461636,0.31300002336502075,0.10200000554323196,-0.004403950646519661,-0.0032095301430672407,-9.702547073364258,-0.00037302167038433254,-7.881546480348334e-05,-0.00014576483226846904,99.0,16.171001434326172
1772700945.9780085,2026-03-05T08:55:45.978009,hover,02,47.3979711,8.5461636,0.320000022649765,0.10900000482797623,-0.003650902071967721,-0.006871411576867104,-9.72819995880127,0.00011874110350618139,4.1556348151061684e-05,-0.0003559111210051924,99.0,16.171001434326172
1772700946.0792408,2026-03-05T08:55:46.079241,hover,02,47.3979711,8.5461636,0.320000022649765,0.10900000482797623,-0.003650902071967721,-0.006871411576867104,-9.72819995880127,0.00011874110350618139,4.1556348151061684e-05,-0.0003559111210051924,99.0,16.171001434326172
1772700946.1830864,2026-03-05T08:55:46.183086,hover,02,47.3979711,8.5461636,0.320000022649765,0.10900000482797623,-0.003650902071967721,-0.006871411576867104,-9.72819995880127,0.00011874110350618139,4.1556348151061684e-05,-0.0003559111210051924,99.0,16.171001434326172
1772700946.2851753,2026-03-05T08:55:46.285175,hover,02,47.3979711,8.5461636,0.328000009059906,0.11700000613927841,0.00559398764744401,0.005709454417228699,-9.701356887817383,0.0017225344199687243,-0.0006705787382088602,-0.00042541409493424,99.0,16.171001434326172
1772700946.3861454,2026-03-05T08:55:46.386145,hover,02,47.3979711,8.5461636,0.328000009059906,0.11700000613927841,0.00559398764744401,0.005709454417228699,-9.701356887817383,0.0017225344199687243,-0.0006705787382088602,-0.00042541409493424,99.0,16.171001434326172
1772700946.4871898,2026-03-05T08:55:46.487190,hover,02,47.3979711,8.5461636,0.328000009059906,0.11700000613927841,0.00559398764744401,0.005709454417228699,-9.701356887817383,0.0017225344199687243,-0.0006705787382088602,-0.00042541409493424,99.0,16.171001434326172
1772700946.5891988,2026-03-05T08:55:46.589199,hover,02,47.3979711,8.5461636,0.3360000252723694,0.125,0.002023102482780814,0.009519928134977818,-9.702914237976074,-0.0005485786823555827,0.0001187049419968389,-0.0008571728249080479,99.0,16.171001434326172
1772700946.6969583,2026-03-05T08:55:46.696958,hover,02,47.3979711,8.5461636,0.33900001645088196,0.12800000607967377,-0.002238706685602665,0.002278018742799759,-9.702781677246094,0.00031276472145691514,-0.0006559721077792346,-0.00014767907850909978,99.0,16.171001434326172
1772700946.8022802,2026-03-05T08:55:46.802280,hover,02,47.3979711,8.5461636,0.33900001645088196,0.12800000607967377,-0.002238706685602665,0.002278018742799759,-9.702781677246094,0.00031276472145691514,-0.0006559721077792346,-0.00014767907850909978,99.0,16.171001434326172
1772700946.903424,2026-03-05T08:55:46.903424,hover,02,47.3979711,8.5461636,0.33900001645088196,0.12800000607967377,-0.002238706685602665,0.002278018742799759,-9.702781677246094,0.00031276472145691514,-0.0006559721077792346,-0.00014767907850909978,99.0,16.171001434326172
1772700947.0128686,2026-03-05T08:55:47.012869,hover,02,47.3979711,8.5461636,0.34700000286102295,0.13600000739097595,0.007334021385759115,0.004261851776391268,-9.698847770690918,0.000466748489998281,-0.0001542421232443303,0.0002937922836281359,99.0,16.171001434326172
1772700947.1156878,2026-03-05T08:55:47.115688,hover,02,47.3979711,8.5461636,0.35500001907348633,0.14400000870227814,-0.007344809826463461,0.003189526963979006,-9.712789535522461,-0.0002600844600237906,-0.000283096480416134,0.0008432411123067141,97.0,16.111000061035156
1772700947.2192733,2026-03-05T08:55:47.219273,hover,02,47.3979711,8.5461636,0.35500001907348633,0.14400000870227814,-0.007344809826463461,0.003189526963979006,-9.712789535522461,-0.0002600844600237906,-0.000283096480416134,0.0008432411123067141,97.0,16.111000061035156
1772700947.326782,2026-03-05T08:55:47.326782,hover,02,47.3979711,8.5461636,0.36000001430511475,0.15000000596046448,0.0002749891427811235,0.00044064747635275126,-9.710617065429688,7.534457108704373e-05,0.00043241921230219305,-8.251206600107253e-05,97.0,16.111000061035156
1772700947.4300573,2026-03-05T08:55:47.430057,hover,02,47.3979711,8.5461636,0.36000001430511475,0.15000000596046448,0.0002749891427811235,0.00044064747635275126,-9.710617065429688,7.534457108704373e-05,0.00043241921230219305,-8.251206600107253e-05,97.0,16.111000061035156
1772700947.5310142,2026-03-05T08:55:47.531014,hover,02,47.3979711,8.5461636,0.36000001430511475,0.15000000596046448,0.0002749891427811235,0.00044064747635275126,-9.710617065429688,7.534457108704373e-05,0.00043241921230219305,-8.251206600107253e-05,97.0,16.111000061035156
1772700947.6333249,2026-03-05T08:55:47.633325,hover,02,47.3979711,8.5461636,0.36500000953674316,0.1550000011920929,-3.014056710526347e-05,-0.003181964159011841,-9.705212593078613,-0.000586207490414381,0.00029057791107334197,-0.0006607454270124435,97.0,16.111000061035156
1772700947.7349167,2026-03-05T08:55:47.734917,hover,02,47.3979711,8.5461636,0.3680000305175781,0.15700000524520874,-0.00486303586512804,-0.003233259543776512,-9.713342666625977,0.0012514558620750904,-0.0007424154900945723,0.0002564218593761325,97.0,16.111000061035156
1772700947.8399088,2026-03-05T08:55:47.839909,hover,02,47.3979711,8.5461636,0.3680000305175781,0.15700000524520874,-0.00486303586512804,-0.003233259543776512,-9.713342666625977,0.0012514558620750904,-0.0007424154900945723,0.0002564218593761325,97.0,16.111000061035156
1772700947.9480007,2026-03-05T08:55:47.948001,hover,02,47.3979711,8.5461636,0.3680000305175781,0.15700000524520874,0.0001664964947849512,0.0007391500985249877,-9.705594062805176,-0.0007950639119371772,-0.0007194560021162033,-0.00016017866437323391,97.0,16.111000061035156
1772700948.04921,2026-03-05T08:55:48.049210,hover,02,47.3979711,8.5461636,0.3800000250339508,0.16900001466274261,0.0001664964947849512,0.0007391500985249877,-9.705594062805176,-0.0007950639119371772,-0.0007194560021162033,-0.00016017866437323391,97.0,16.111000061035156
1772700948.157497,2026-03-05T08:55:48.157497,hover,02,47.3979711,8.5461636,0.3800000250339508,0.16900001466274261,0.0001664964947849512,0.0007391500985249877,-9.705594062805176,-0.0007950639119371772,-0.0007194560021162033,-0.00016017866437323391,97.0,16.111000061035156
1772700948.346017,2026-03-05T08:55:48.346017,hover,02,47.3979711,8.5461636,0.3800000250339508,0.16900001466274261,0.0001664964947849512,0.0007391500985249877,-9.705594062805176,-0.0007950639119371772,-0.0007194560021162033,-0.00016017866437323391,97.0,16.111000061035156
1772700948.4473114,2026-03-05T08:55:48.447311,hover,02,47.3979711,8.5461636,0.3800000250339508,0.16900001466274261,0.0001664964947849512,0.0007391500985249877,-9.705594062805176,-0.0007950639119371772,-0.0007194560021162033,-0.00016017866437323391,97.0,16.111000061035156
1772700948.5490012,2026-03-05T08:55:48.549001,hover,02,47.3979711,8.5461636,0.3800000250339508,0.16900001466274261,0.0001664964947849512,0.0007391500985249877,-9.705594062805176,-0.0007950639119371772,-0.0007194560021162033,-0.00016017866437323391,97.0,16.111000061035156
1772700948.6500707,2026-03-05T08:55:48.650071,hover,02,47.3979711,8.5461636,0.3800000250339508,0.16900001466274261,0.0001664964947849512,0.0007391500985249877,-9.705594062805176,-0.0007950639119371772,-0.0007194560021162033,-0.00016017866437323391,97.0,16.111000061035156
1772700948.7548952,2026-03-05T08:55:48.754895,hover,02,47.3979711,8.5461636,0.38700002431869507,0.17600001394748688,-0.002111895475536585,-0.00606898358091712,-9.714177131652832,0.0008870574529282749,-0.001395943108946085,-0.0010807870421558619,97.0,16.111000061035156
1772700948.8675964,2026-03-05T08:55:48.867596,hover,02,47.3979711,8.5461636,0.38700002431869507,0.17600001394748688,-0.002111895475536585,-0.00606898358091712,-9.714177131652832,0.0008870574529282749,-0.001395943108946085,-0.0010807870421558619,97.0,16.111000061035156
1772700948.9700193,2026-03-05T08:55:48.970019,hover,02,47.3979711,8.5461636,0.39100003242492676,0.1810000091791153,-0.004396296106278896,-0.007216704543679953,-9.703824043273926,-0.000682706362567842,0.0009398072143085301,-0.0005471635959111154,97.0,16.111000061035156
1772700949.0780487,2026-03-05T08:55:49.078049,hover,02,47.3979711,8.5461636,0.39100003242492676,0.1810000091791153,-0.004396296106278896,-0.007216704543679953,-9.703824043273926,-0.000682706362567842,0.0009398072143085301,-0.0005471635959111154,97.0,16.111000061035156
1772700949.1806982,2026-03-05T08:55:49.180698,hover,02,47.3979711,8.5461636,0.39100003242492676,0.1810000091791153,-0.004396296106278896,-0.007216704543679953,-9.703824043273926,-0.000682706362567842,0.0009398072143085301,-0.0005471635959111154,97.0,16.111000061035156
1772700949.283142,2026-03-05T08:55:49.283142,hover,02,47.3979711,8.5461636,0.398000031709671,0.18700000643730164,-0.0024339596275240183,0.0010796989081427455,-9.70849895477295,-0.0006636196631006896,0.0004351251118350774,0.0002968209737446159,97.0,16.111000061035156
1772700949.3843892,2026-03-05T08:55:49.384389,hover,02,47.3979711,8.5461636,0.398000031709671,0.18700000643730164,-0.0024339596275240183,0.0010796989081427455,-9.70849895477295,-0.0006636196631006896,0.0004351251118350774,0.0002968209737446159,97.0,16.111000061035156
1772700949.4856114,2026-03-05T08:55:49.485611,hover,02,47.3979711,8.5461636,0.398000031709671,0.18700000643730164,-0.0024339596275240183,0.0010796989081427455,-9.70849895477295,-0.0006636196631006896,0.0004351251118350774,0.0002968209737446159,97.0,16.111000061035156
1772700949.5904093,2026-03-05T08:55:49.590409,hover,02,47.3979711,8.5461636,0.4020000100135803,0.19100001454353333,-0.0017372502479702234,-0.002197123831138015,-9.705499649047852,-0.0004762464086525142,0.0008409826550632715,-0.0008058685925789177,97.0,16.111000061035156
1772700949.719142,2026-03-05T08:55:49.719142,hover,02,47.3979711,8.5461636,0.4020000100135803,0.19100001454353333,-0.0017372502479702234,-0.002197123831138015,-9.705499649047852,-0.0004762464086525142,0.0008409826550632715,-0.0008058685925789177,97.0,16.111000061035156
1772700949.8230367,2026-03-05T08:55:49.823037,hover,02,47.3979711,8.5461636,0.40800002217292786,0.1980000138282776,-0.006999521516263485,-0.0005305935046635568,-9.70784854888916,0.00046198072959668934,0.00032297559664584696,-0.0004528809804469347,97.0,16.111000061035156
1772700949.9293776,2026-03-05T08:55:49.929378,hover,02,47.3979711,8.5461636,0.40800002217292786,0.1980000138282776,-0.006999521516263485,-0.0005305935046635568,-9.70784854888916,0.00046198072959668934,0.00032297559664584696,-0.0004528809804469347,97.0,16.111000061035156
1772700950.0317738,2026-03-05T08:55:50.031774,hover,02,47.3979711,8.5461636,0.41200003027915955,0.20100000500679016,-0.0005718923057429492,0.012076308019459248,-9.707599639892578,-8.81184678291902e-05,6.520190800074488e-05,0.0011544354492798448,97.0,16.111000061035156
1772700950.1345782,2026-03-05T08:55:50.134578,hover,02,47.3979711,8.5461636,0.41200003027915955,0.20100000500679016,-0.0005718923057429492,0.012076308019459248,-9.707599639892578,-8.81184678291902e-05,6.520190800074488e-05,0.0011544354492798448,97.0,16.111000061035156
1772700950.2353113,2026-03-05T08:55:50.235311,hover,02,47.3979711,8.5461636,0.41200003027915955,0.20100000500679016,-0.0005718923057429492,0.012076308019459248,-9.707599639892578,-8.81184678291902e-05,6.520190800074488e-05,0.0011544354492798448,97.0,16.111000061035156
1772700950.339115,2026-03-05T08:55:50.339115,hover,02,47.3979711,8.5461636,0.41600000858306885,0.20500001311302185,-0.005680558271706104,0.0007936301408335567,-9.701620101928711,0.0007213283097371459,-9.735024650581181e-05,0.00010538153583183885,97.0,16.111000061035156
1772700950.4406083,2026-03-05T08:55:50.440608,hover,02,47.3979711,8.5461636,0.41600000858306885,0.20500001311302185,-0.005680558271706104,0.0007936301408335567,-9.701620101928711,0.0007213283097371459,-9.735024650581181e-05,0.00010538153583183885,97.0,16.111000061035156
1772700950.549167,2026-03-05T08:55:50.549167,hover,02,47.3979711,8.5461636,0.4190000295639038,0.20800000429153442,-0.004317514132708311,0.0004726923070847988,-9.705012321472168,2.9083825211273506e-05,0.00023826655524317175,-0.0004925191169604659,97.0,16.111000061035156
1772700950.6628857,2026-03-05T08:55:50.662886,hover,02,47.3979711,8.5461636,0.4190000295639038,0.20800000429153442,-0.004317514132708311,0.0004726923070847988,-9.705012321472168,2.9083825211273506e-05,0.00023826655524317175,-0.0004925191169604659,97.0,16.111000061035156
1772700950.7648287,2026-03-05T08:55:50.764829,hover,02,47.3979711,8.5461636,0.4220000207424164,0.2110000103712082,0.0018617571331560612,-0.0029313992708921432,-9.707133293151855,0.0002001443790504709,-9.878678247332573e-05,-0.00015472268569283187,97.0,16.111000061035156
1772700950.867945,2026-03-05T08:55:50.867945,hover,02,47.3979711,8.5461636,0.4220000207424164,0.2110000103712082,0.0018617571331560612,-0.0029313992708921432,-9.707133293151855,0.0002001443790504709,-9.878678247332573e-05,-0.00015472268569283187,97.0,16.111000061035156
1772700950.9705856,2026-03-05T08:55:50.970586,hover,02,47.3979711,8.5461636,0.4300000071525574,0.21900001168251038,-0.003639320144429803,-0.002473896136507392,-9.700374603271484,-0.0013923227088525891,-0.00028726609889417887,0.0001607799786143005,97.0,16.111000061035156
1772700951.0712101,2026-03-05T08:55:51.071210,hover,02,47.3979711,8.5461636,0.4300000071525574,0.21900001168251038,-0.003639320144429803,-0.002473896136507392,-9.700374603271484,-0.0013923227088525891,-0.00028726609889417887,0.0001607799786143005,97.0,16.111000061035156
1772700951.1816564,2026-03-05T08:55:51.181656,hover,02,47.3979711,8.5461636,0.4300000071525574,0.21900001168251038,-0.003639320144429803,-0.002473896136507392,-9.700374603271484,-0.0013923227088525891,-0.00028726609889417887,0.0001607799786143005,97.0,16.111000061035156
1772700951.287588,2026-03-05T08:55:51.287588,hover,02,47.3979711,8.5461636,0.43400001525878906,0.22300000488758087,-0.0014008746948093176,-0.0011261443141847849,-9.710070610046387,-0.0006025235052220523,-0.0009345774305984378,0.00012008464545942843,97.0,16.111000061035156
1772700951.391622,2026-03-05T08:55:51.391622,hover,02,47.3979711,8.5461636,0.43400001525878906,0.22300000488758087,-0.0014008746948093176,-0.0011261443141847849,-9.710070610046387,-0.0006025235052220523,-0.0009345774305984378,0.00012008464545942843,97.0,16.111000061035156
1772700951.5083303,2026-03-05T08:55:51.508330,hover,02,47.3979711,8.5461636,0.4360000193119049,0.22500000894069672,-0.0018011316424235702,-0.002829310717061162,-9.703537940979004,-0.0004918313352391124,-4.9970843974733725e-05,-0.00012482730380725116,97.0,16.111000061035156
1772700951.6102097,2026-03-05T08:55:51.610210,hover,02,47.3979711,8.5461636,0.4400000274181366,0.2290000170469284,-0.004003271460533142,0.002752692438662052,-9.706692695617676,0.0014143597800284624,0.0006659323116764426,-0.00024793160264380276,97.0,16.111000061035156
1772700951.712314,2026-03-05T08:55:51.712314,hover,02,47.3979711,8.5461635,0.44600000977516174,0.23500001430511475,0.004456535913050175,-0.005230872426182032,-9.710553169250488,0.0001948399585671723,-0.00047039607306942344,0.0010473360307514668,97.0,16.111000061035156
1772700951.8142905,2026-03-05T08:55:51.814291,hover,02,47.3979711,8.5461635,0.44600000977516174,0.23500001430511475,0.004456535913050175,-0.005230872426182032,-9.710553169250488,0.0001948399585671723,-0.00047039607306942344,0.0010473360307514668,97.0,16.111000061035156
1772700951.9154768,2026-03-05T08:55:51.915477,hover,02,47.3979711,8.5461635,0.44600000977516174,0.23500001430511475,-0.005771794356405735,0.0035840850323438644,-9.701664924621582,-0.0007415215368382633,0.0002827840799000114,9.488154319114983e-05,97.0,16.111000061035156
1772700952.0231378,2026-03-05T08:55:52.023138,hover,02,47.3979711,8.5461635,0.4480000138282776,0.23800000548362732,-0.005771794356405735,0.0035840850323438644,-9.701664924621582,-0.0007415215368382633,0.0002827840799000114,9.488154319114983e-05,97.0,16.111000061035156
1772700952.1309361,2026-03-05T08:55:52.130936,hover,02,47.3979711,8.5461635,0.4480000138282776,0.23800000548362732,-0.005771794356405735,0.0035840850323438644,-9.701664924621582,-0.0007415215368382633,0.0002827840799000114,9.488154319114983e-05,97.0,16.111000061035156
1772700952.2337716,2026-03-05T08:55:52.233772,hover,02,47.3979711,8.5461635,0.45100003480911255,0.24000000953674316,-0.0036789532750844955,0.0004388886736705899,-9.705836296081543,-0.0007277183467522264,-0.00037302286364138126,0.0007079828646965325,97.0,16.111000061035156
1772700952.3364425,2026-03-05T08:55:52.336442,hover,02,47.3979711,8.5461635,0.45100003480911255,0.24000000953674316,-0.0036789532750844955,0.0004388886736705899,-9.705836296081543,-0.0007277183467522264,-0.00037302286364138126,0.0007079828646965325,97.0,16.111000061035156
1772700952.4378335,2026-03-05T08:55:52.437834,hover,02,47.3979711,8.5461635,0.45600003004074097,0.24500000476837158,-0.005116388201713562,0.009753182530403137,-9.707169532775879,-0.0006567576783709228,0.00023048909497447312,0.00025975893368013203,97.0,16.111000061035156
1772700952.54143,2026-03-05T08:55:52.541430,hover,02,47.3979711,8.5461635,0.4580000340938568,0.24700000882148743,0.0017259112792089581,-0.0029870320577174425,-9.695918083190918,-0.0004167150182183832,0.0001320667943218723,0.0012701668310910463,97.0,16.111000061035156
1772700952.6539638,2026-03-05T08:55:52.653964,hover,02,47.3979711,8.5461635,0.4580000340938568,0.24700000882148743,0.0017259112792089581,-0.0029870320577174425,-9.695918083190918,-0.0004167150182183832,0.0001320667943218723,0.0012701668310910463,97.0,16.111000061035156
1772700952.7558186,2026-03-05T08:55:52.755819,hover,02,47.3979711,8.5461635,0.46400001645088196,0.25300002098083496,0.0074418652802705765,-0.0035303353797644377,-9.698602676391602,0.00041588765452615917,-3.909883162123151e-05,0.0002960840647574514,97.0,16.111000061035156
1772700952.8574085,2026-03-05T08:55:52.857409,hover,02,47.3979711,8.5461635,0.46400001645088196,0.25300002098083496,0.0074418652802705765,-0.0035303353797644377,-9.698602676391602,0.00041588765452615917,-3.909883162123151e-05,0.0002960840647574514,97.0,16.111000061035156
1772700952.959956,2026-03-05T08:55:52.959956,hover,02,47.3979711,8.5461635,0.4660000205039978,0.2550000250339508,0.007232477888464928,0.006139220669865608,-9.705737113952637,0.0014128152979537845,0.00047627039020881057,0.0002858327643480152,97.0,16.111000061035156
1772700953.0632403,2026-03-05T08:55:53.063240,hover,02,47.3979711,8.5461635,0.4660000205039978,0.2550000250339508,0.007232477888464928,0.006139220669865608,-9.705737113952637,0.0014128152979537845,0.00047627039020881057,0.0002858327643480152,97.0,16.111000061035156
1772700953.1716192,2026-03-05T08:55:53.171619,hover,02,47.3979711,8.5461635,0.46700000762939453,0.25699999928474426,0.004741874989122152,-0.00047447870019823313,-9.707448959350586,0.0010311532532796264,0.0007751253433525562,-9.630882414057851e-05,97.0,16.111000061035156
1772700953.2729414,2026-03-05T08:55:53.272941,hover,02,47.3979711,8.5461635,0.46700000762939453,0.25699999928474426,0.004741874989122152,-0.00047447870019823313,-9.707448959350586,0.0010311532532796264,0.0007751253433525562,-9.630882414057851e-05,97.0,16.111000061035156
1772700953.37991,2026-03-05T08:55:53.379910,hover,02,47.3979711,8.5461635,0.46800002455711365,0.2580000162124634,-0.0062247454188764095,0.005977320950478315,-9.710030555725098,1.2288009202165995e-05,0.0005412564496509731,-7.009621185716242e-05,97.0,16.111000061035156
1772700953.485044,2026-03-05T08:55:53.485044,hover,02,47.3979711,8.5461635,0.46800002455711365,0.2580000162124634,-0.0062247454188764095,0.005977320950478315,-9.710030555725098,1.2288009202165995e-05,0.0005412564496509731,-7.009621185716242e-05,97.0,16.111000061035156
1772700953.587069,2026-03-05T08:55:53.587069,hover,02,47.3979711,8.5461635,0.46800002455711365,0.2580000162124634,-0.0062247454188764095,0.005977320950478315,-9.710030555725098,1.2288009202165995e-05,0.0005412564496509731,-7.009621185716242e-05,97.0,16.111000061035156
1772700953.691199,2026-03-05T08:55:53.691199,hover,02,47.3979711,8.5461635,0.46800002455711365,0.2580000162124634,-0.0008244188502430916,-0.006476802751421928,-9.707998275756836,-0.001601858763024211,0.0005368901765905321,8.11999780125916e-05,97.0,16.111000061035156
1772700953.7947106,2026-03-05T08:55:53.794711,hover,02,47.3979711,8.5461635,0.4710000157356262,0.2600000202655792,0.003552381880581379,0.0031477115117013454,-9.701913833618164,-0.0002570507349446416,-0.0010350539814680815,0.0007209146860986948,97.0,16.111000061035156
1772700953.8987558,2026-03-05T08:55:53.898756,hover,02,47.3979711,8.5461635,0.47200003266334534,0.26100000739097595,-0.005754356738179922,-0.00130980066023767,-9.698003768920898,0.00020303874043747783,-0.0008295466541312635,0.0004003368958365172,97.0,16.111000061035156
1772700953.9998903,2026-03-05T08:55:53.999890,hover,02,47.3979711,8.5461635,0.47200003266334534,0.26100000739097595,-0.005754356738179922,-0.00130980066023767,-9.698003768920898,0.00020303874043747783,-0.0008295466541312635,0.0004003368958365172,97.0,16.111000061035156
1772700954.1021044,2026-03-05T08:55:54.102104,hover,02,47.3979711,8.5461635,0.47200003266334534,0.26200002431869507,-0.0010528240818530321,-0.0017891182797029614,-9.705188751220703,-0.000440338219050318,1.8310282030142844e-05,-0.0007207099115476012,97.0,16.111000061035156
1772700954.2069294,2026-03-05T08:55:54.206929,hover,02,47.3979711,8.5461635,0.4700000286102295,0.2590000033378601,-0.007697116583585739,-0.0022983928211033344,-9.705472946166992,6.139538891147822e-05,-0.0008080420084297657,0.0001679862616583705,97.0,16.111000061035156
1772700954.3093956,2026-03-05T08:55:54.309396,hover,02,47.3979711,8.5461635,0.4700000286102295,0.2590000033378601,-0.007697116583585739,-0.0022983928211033344,-9.705472946166992,6.139538891147822e-05,-0.0008080420084297657,0.0001679862616583705,97.0,16.111000061035156
1772700954.419751,2026-03-05T08:55:54.419751,hover,02,47.3979711,8.5461635,0.4690000116825104,0.2590000033378601,0.0025113194715231657,-0.000797375338152051,-9.706098556518555,-0.0002325764362467453,-0.0011100757401436567,0.000579063780605793,97.0,16.111000061035156
1772700954.5378118,2026-03-05T08:55:54.537812,hover,02,47.3979711,8.5461635,0.47200003266334534,0.26200002431869507,-0.0047833919525146484,-0.0066309175454080105,-9.703264236450195,-0.0011343620717525482,0.0004586228751577437,-0.00011115766392322257,97.0,16.111000061035156
1772700954.638866,2026-03-05T08:55:54.638866,hover,02,47.3979711,8.5461635,0.47300001978874207,0.26200002431869507,0.00665394077077508,-0.0016440768959000707,-9.699983596801758,0.0006130874971859157,0.00016277501708827913,0.0005764742963947356,97.0,16.111000061035156
1772700954.7405438,2026-03-05T08:55:54.740544,hover,02,47.3979711,8.5461635,0.4740000367164612,0.2630000114440918,-0.0023417447227984667,0.0009984758216887712,-9.699804306030273,0.0004619631508830935,-0.0007754825637675822,0.00029119252576492727,97.0,16.111000061035156
1772700954.8499103,2026-03-05T08:55:54.849910,hover,02,47.3979711,8.5461635,0.47600001096725464,0.26500001549720764,0.006098788697272539,0.0011689873645082116,-9.701068878173828,0.0008488600724376738,4.015382000943646e-05,7.125738193280995e-05,97.0,16.111000061035156
1772700954.961457,2026-03-05T08:55:54.961457,hover,02,47.3979711,8.5461635,0.47600001096725464,0.26500001549720764,0.006098788697272539,0.0011689873645082116,-9.701068878173828,0.0008488600724376738,4.015382000943646e-05,7.125738193280995e-05,97.0,16.111000061035156
1772700955.0680258,2026-03-05T08:55:55.068026,hover,02,47.3979711,8.5461635,0.47700002789497375,0.26600000262260437,-0.0006558637833222747,0.0011922989506274462,-9.7025785446167,-0.0008059080573730171,0.0003159515908919275,-0.0006931252428330481,97.0,16.111000061035156
1772700955.1692204,2026-03-05T08:55:55.169220,hover,02,47.3979711,8.5461635,0.47700002789497375,0.26600000262260437,-0.0006558637833222747,0.0011922989506274462,-9.7025785446167,-0.0008059080573730171,0.0003159515908919275,-0.0006931252428330481,97.0,16.111000061035156
1772700955.271008,2026-03-05T08:55:55.271008,hover,02,47.3979711,8.5461635,0.47700002789497375,0.26600000262260437,-0.0006558637833222747,0.0011922989506274462,-9.7025785446167,-0.0008059080573730171,0.0003159515908919275,-0.0006931252428330481,97.0,16.111000061035156
1772700955.3765244,2026-03-05T08:55:55.376524,hover,02,47.3979711,8.5461635,0.4780000150203705,0.2670000195503235,-0.007815142162144184,-0.006198573391884565,-9.704513549804688,0.00021774673950858414,1.5274345059879124e-05,0.00036928034387528896,97.0,16.111000061035156
1772700955.481633,2026-03-05T08:55:55.481633,hover,02,47.3979711,8.5461635,0.4780000150203705,0.2680000066757202,-0.0015186667442321777,-0.006818195804953575,-9.707462310791016,0.00021492135419975966,0.0001785558561095968,-0.0013755833497270942,97.0,16.111000061035156
1772700955.5872512,2026-03-05T08:55:55.587251,hover,02,47.3979711,8.5461635,0.4780000150203705,0.2670000195503235,0.0011325080413371325,-0.0030861077830195427,-9.709253311157227,0.0008957819081842899,-0.00023377877369057387,0.0008121257415041327,97.0,16.111000061035156
1772700955.6898315,2026-03-05T08:55:55.689831,hover,02,47.3979711,8.5461635,0.4780000150203705,0.2670000195503235,-0.007378901354968548,-0.0002982188598252833,-9.699485778808594,-0.0010427916422486305,-0.0009055742411874235,0.0009963533375412226,97.0,16.111000061035156
1772700955.7917295,2026-03-05T08:55:55.791729,hover,02,47.3979711,8.5461634,0.4780000150203705,0.2670000195503235,-0.003100604983046651,-0.001297184731811285,-9.699214935302734,0.0005797824123874307,6.338057573884726e-05,-0.0007661376148462296,97.0,16.111000061035156
1772700955.893329,2026-03-05T08:55:55.893329,hover,02,47.3979711,8.5461634,0.4780000150203705,0.2670000195503235,-0.003100604983046651,-0.001297184731811285,-9.699214935302734,0.0005797824123874307,6.338057573884726e-05,-0.0007661376148462296,97.0,16.111000061035156
1772700955.9948602,2026-03-05T08:55:55.994860,hover,02,47.3979711,8.5461634,0.48100003600120544,0.27000001072883606,-0.004763734061270952,0.006969895213842392,-9.708122253417969,-0.0007486352697014809,0.00033501110738143325,0.0005376648623496294,97.0,16.111000061035156
1772700956.0972803,2026-03-05T08:55:56.097280,hover,02,47.3979711,8.5461634,0.48100003600120544,0.27000001072883606,-0.004763734061270952,0.006969895213842392,-9.708122253417969,-0.0007486352697014809,0.00033501110738143325,0.0005376648623496294,97.0,16.111000061035156
1772700956.1994205,2026-03-05T08:55:56.199420,hover,02,47.3979711,8.5461634,0.48100003600120544,0.27000001072883606,-0.00014856900088489056,-0.005750813987106085,-9.702543258666992,-0.00013463880168274045,-0.0009391657658852637,-0.0003428052586968988,97.0,16.111000061035156
1772700956.300699,2026-03-05T08:55:56.300699,hover,02,47.3979711,8.5461634,0.48000001907348633,0.27000001072883606,-0.009996535256505013,0.005022202152758837,-9.707557678222656,-0.0010443344945088029,0.001021707896143198,-0.00011090517364209518,97.0,16.111000061035156
1772700956.4016848,2026-03-05T08:55:56.401685,hover,02,47.3979711,8.5461634,0.48000001907348633,0.27000001072883606,-0.009996535256505013,0.005022202152758837,-9.707557678222656,-0.0010443344945088029,0.001021707896143198,-0.00011090517364209518,97.0,16.111000061035156
1772700956.5033412,2026-03-05T08:55:56.503341,hover,02,47.3979711,8.5461634,0.48000001907348633,0.27000001072883606,-0.009996535256505013,0.005022202152758837,-9.707557678222656,-0.0010443344945088029,0.001021707896143198,-0.00011090517364209518,97.0,16.111000061035156
1772700956.6901088,2026-03-05T08:55:56.690109,hover,02,47.397971,8.5461634,0.48100003600120544,0.27000001072883606,0.001117419102229178,-0.0018418412655591965,-9.706457138061523,0.0006277800421230495,-0.000542982597835362,-0.00020455499179661274,97.0,16.111000061035156
1772700956.7947707,2026-03-05T08:55:56.794771,hover,02,47.397971,8.5461634,0.48100003600120544,0.27000001072883606,0.001117419102229178,-0.0018418412655591965,-9.706457138061523,0.0006277800421230495,-0.000542982597835362,-0.00020455499179661274,97.0,16.111000061035156
1772700956.8974988,2026-03-05T08:55:56.897499,hover,02,47.397971,8.5461634,0.48100003600120544,0.27000001072883606,0.001117419102229178,-0.0018418412655591965,-9.706457138061523,0.0006277800421230495,-0.000542982597835362,-0.00020455499179661274,97.0,16.111000061035156
1772700957.0032187,2026-03-05T08:55:57.003219,hover,02,47.397971,8.5461634,0.4880000352859497,0.2770000100135803,0.006411816459149122,-0.00046276766806840897,-9.695250511169434,0.0012963613262400031,0.00011118914699181914,0.0010005027288571,97.0,16.111000061035156
1772700957.107019,2026-03-05T08:55:57.107019,hover,02,47.397971,8.5461634,0.4880000352859497,0.2770000100135803,0.006411816459149122,-0.00046276766806840897,-9.695250511169434,0.0012963613262400031,0.00011118914699181914,0.0010005027288571,97.0,16.111000061035156
1772700957.2216792,2026-03-05T08:55:57.221679,hover,02,47.397971,8.5461634,0.48500001430511475,0.2750000059604645,0.00014965407899580896,0.001688896445557475,-9.700057029724121,0.0007373421103693545,-0.001014973153360188,-0.0007490534917451441,97.0,16.111000061035156
1772700957.3328633,2026-03-05T08:55:57.332863,hover,02,47.397971,8.5461634,0.48500001430511475,0.2750000059604645,0.00014965407899580896,0.001688896445557475,-9.700057029724121,0.0007373421103693545,-0.001014973153360188,-0.0007490534917451441,97.0,16.111000061035156
1772700957.4369645,2026-03-05T08:55:57.436965,hover,02,47.397971,8.5461634,0.48500001430511475,0.2750000059604645,0.00014965407899580896,0.001688896445557475,-9.700057029724121,0.0007373421103693545,-0.001014973153360188,-0.0007490534917451441,97.0,16.111000061035156
1772700957.5402422,2026-03-05T08:55:57.540242,hover,02,47.397971,8.5461634,0.48500001430511475,0.2750000059604645,0.00014965407899580896,0.001688896445557475,-9.700057029724121,0.0007373421103693545,-0.001014973153360188,-0.0007490534917451441,97.0,16.111000061035156
1772700957.6416476,2026-03-05T08:55:57.641648,hover,02,47.397971,8.5461634,0.48500001430511475,0.27400001883506775,0.0025753676891326904,0.008264867588877678,-9.69064998626709,-0.0004891867283731699,0.0001498042547609657,-0.00015478814020752907,97.0,16.111000061035156
1772700957.7442067,2026-03-05T08:55:57.744207,hover,02,47.397971,8.5461634,0.484000027179718,0.27300000190734863,0.0006017776904627681,0.0036279945634305477,-9.707291603088379,1.1415393601055257e-05,0.0007746249902993441,-0.00029883289244025946,97.0,16.111000061035156
1772700957.848086,2026-03-05T08:55:57.848086,hover,02,47.397971,8.5461634,0.484000027179718,0.27300000190734863,0.0006017776904627681,0.0036279945634305477,-9.707291603088379,1.1415393601055257e-05,0.0007746249902993441,-0.00029883289244025946,97.0,16.111000061035156
1772700957.952186,2026-03-05T08:55:57.952186,hover,02,47.397971,8.5461634,0.484000027179718,0.27300000190734863,0.0006017776904627681,0.0036279945634305477,-9.707291603088379,1.1415393601055257e-05,0.0007746249902993441,-0.00029883289244025946,97.0,16.111000061035156
1772700958.0630202,2026-03-05T08:55:58.063020,hover,02,47.397971,8.5461634,0.4830000102519989,0.27300000190734863,0.005445437040179968,-0.0070243896916508675,-9.703666687011719,0.0010686743771657348,-0.000529566197656095,-0.0008330960990861058,97.0,16.111000061035156
1772700958.1657274,2026-03-05T08:55:58.165727,hover,02,47.397971,8.5461634,0.4830000102519989,0.27300000190734863,2.317421603947878e-05,0.0031289414037019014,-9.698004722595215,5.179272557143122e-05,0.0008518466493114829,0.0017866984708234668,97.0,16.111000061035156
1772700958.2731686,2026-03-05T08:55:58.273169,hover,02,47.397971,8.5461634,0.4830000102519989,0.27300000190734863,2.317421603947878e-05,0.0031289414037019014,-9.698004722595215,5.179272557143122e-05,0.0008518466493114829,0.0017866984708234668,97.0,16.111000061035156
1772700958.406365,2026-03-05T08:55:58.406365,hover,02,47.397971,8.5461634,0.4830000102519989,0.2720000147819519,0.0024293996393680573,-0.0012261728988960385,-9.697247505187988,-0.0003524257626850158,0.00024646936799399555,1.785104177542962e-05,97.0,16.111000061035156
1772700958.522859,2026-03-05T08:55:58.522859,hover,02,47.397971,8.5461634,0.4830000102519989,0.2720000147819519,0.0024293996393680573,-0.0012261728988960385,-9.697247505187988,-0.0003524257626850158,0.00024646936799399555,1.785104177542962e-05,97.0,16.111000061035156
1772700958.6251318,2026-03-05T08:55:58.625132,hover,02,47.397971,8.5461634,0.48100003600120544,0.27000001072883606,0.001899895491078496,-0.0002665283973328769,-9.708925247192383,-0.0006356317899189889,-0.0006173740839585662,0.0004083476378582418,97.0,16.111000061035156
1772700958.727267,2026-03-05T08:55:58.727267,hover,02,47.397971,8.5461634,0.4820000231266022,0.2710000276565552,-0.007114798296242952,0.0009471274679526687,-9.706507682800293,-0.00044817232992500067,7.067206024657935e-05,0.000207939010579139,97.0,16.111000061035156
1772700958.829366,2026-03-05T08:55:58.829366,hover,02,47.397971,8.5461634,0.4830000102519989,0.27300000190734863,-0.0034223864786326885,0.0011539229890331626,-9.703845977783203,0.00017932854825630784,-0.00022738442930858582,-0.0002144022728316486,97.0,16.111000061035156
1772700958.9314415,2026-03-05T08:55:58.931442,hover,02,47.397971,8.5461634,0.4830000102519989,0.27300000190734863,-0.0034223864786326885,0.0011539229890331626,-9.703845977783203,0.00017932854825630784,-0.00022738442930858582,-0.0002144022728316486,97.0,16.111000061035156
1772700959.0330908,2026-03-05T08:55:59.033091,hover,02,47.397971,8.5461634,0.484000027179718,0.27400001883506775,0.0017929519526660442,0.003418599721044302,-9.69904613494873,0.00014795607421547174,0.0005090555641800165,0.00023667479399591684,97.0,16.111000061035156
1772700959.1393144,2026-03-05T08:55:59.139314,hover,02,47.397971,8.5461634,0.484000027179718,0.27400001883506775,0.0017929519526660442,0.003418599721044302,-9.69904613494873,0.00014795607421547174,0.0005090555641800165,0.00023667479399591684,97.0,16.111000061035156
1772700959.2437272,2026-03-05T08:55:59.243727,hover,02,47.397971,8.5461634,0.484000027179718,0.27400001883506775,0.0017929519526660442,0.003418599721044302,-9.69904613494873,0.00014795607421547174,0.0005090555641800165,0.00023667479399591684,97.0,16.111000061035156
1772700959.3489242,2026-03-05T08:55:59.348924,hover,02,47.397971,8.5461634,0.48500001430511475,0.2750000059604645,3.215341712348163e-05,0.004086222965270281,-9.70017147064209,-0.000817461172118783,-0.0007319824071601033,-0.0005940269911661744,97.0,16.111000061035156
1772700959.4540846,2026-03-05T08:55:59.454085,hover,02,47.397971,8.5461634,0.48600003123283386,0.2760000228881836,0.006298480089753866,-0.0030037728138267994,-9.702532768249512,-0.0008788985433056951,0.0005568293854594231,0.000576319987885654,97.0,16.111000061035156
1772700959.558205,2026-03-05T08:55:59.558205,hover,02,47.397971,8.5461634,0.4870000183582306,0.2760000228881836,-0.002300593303516507,-0.005732591729611158,-9.701947212219238,-0.0005028164596296847,-0.0001376743894070387,-0.0001764192129485309,97.0,16.111000061035156
1772700959.6647773,2026-03-05T08:55:59.664777,hover,02,47.397971,8.5461634,0.4870000183582306,0.2760000228881836,-0.002300593303516507,-0.005732591729611158,-9.701947212219238,-0.0005028164596296847,-0.0001376743894070387,-0.0001764192129485309,97.0,16.111000061035156
1772700959.7660375,2026-03-05T08:55:59.766037,hover,02,47.397971,8.5461634,0.4870000183582306,0.2760000228881836,-0.002300593303516507,-0.005732591729611158,-9.701947212219238,-0.0005028164596296847,-0.0001376743894070387,-0.0001764192129485309,97.0,16.111000061035156
1772700959.8749895,2026-03-05T08:55:59.874990,hover,02,47.397971,8.5461634,0.48900002241134644,0.27800002694129944,-0.0076741683296859264,0.004199917893856764,-9.708855628967285,0.00029907820862717927,-0.000889875809662044,0.0007259280537255108,97.0,16.111000061035156
1772700959.9771252,2026-03-05T08:55:59.977125,hover,02,47.397971,8.5461634,0.48900002241134644,0.27800002694129944,-0.0076741683296859264,0.004199917893856764,-9.708855628967285,0.00029907820862717927,-0.000889875809662044,0.0007259280537255108,97.0,16.111000061035156
1772700960.0804985,2026-03-05T08:56:00.080498,hover,02,47.397971,8.5461634,0.4930000305175781,0.28300002217292786,0.0007743794703856111,0.005997543688863516,-9.702890396118164,-0.00019281971617601812,0.0006718261865898967,-0.0005155205726623535,97.0,16.111000061035156
1772700960.1990943,2026-03-05T08:56:00.199094,hover,02,47.397971,8.5461634,0.492000013589859,0.28200000524520874,-0.00040902214823290706,-0.0014345188392326236,-9.699097633361816,-5.888066516490653e-05,-0.0001997141953324899,0.0006158787291496992,97.0,16.111000061035156
1772700960.303877,2026-03-05T08:56:00.303877,hover,02,47.397971,8.5461634,0.492000013589859,0.281000018119812,-0.0014298248570412397,-0.0038806649390608072,-9.695429801940918,-0.0004661905695684254,-0.0006671103183180094,-0.00025972348521463573,97.0,16.111000061035156
1772700960.417015,2026-03-05T08:56:00.417015,hover,02,47.397971,8.5461634,0.492000013589859,0.281000018119812,0.0044853659346699715,0.0010178424417972565,-9.71294116973877,-0.00045916964882053435,-0.00020328673417679965,-8.676593279233202e-05,97.0,16.111000061035156
1772700960.5249846,2026-03-05T08:56:00.524985,hover,02,47.397971,8.5461634,0.492000013589859,0.281000018119812,0.0044853659346699715,0.0010178424417972565,-9.71294116973877,-0.00045916964882053435,-0.00020328673417679965,-8.676593279233202e-05,97.0,16.111000061035156
1772700960.6261804,2026-03-05T08:56:00.626180,hover,02,47.3979709,8.5461634,0.49400001764297485,0.2840000092983246,0.0013916043099015951,0.004657973535358906,-9.70278549194336,0.00038188978214748204,-0.00016995769692584872,0.0003450318763498217,97.0,16.111000061035156
1772700960.7272303,2026-03-05T08:56:00.727230,hover,02,47.3979709,8.5461634,0.49400001764297485,0.2840000092983246,0.0013916043099015951,0.004657973535358906,-9.70278549194336,0.00038188978214748204,-0.00016995769692584872,0.0003450318763498217,97.0,16.111000061035156
1772700960.828833,2026-03-05T08:56:00.828833,hover,02,47.3979709,8.5461634,0.4960000216960907,0.28600001335144043,-0.0008294979925267398,-0.0006833566585555673,-9.70280647277832,-0.0010241034906357527,0.000684907368849963,-0.0008013401529751718,97.0,16.111000061035156
1772700960.9302223,2026-03-05T08:56:00.930222,hover,02,47.3979709,8.5461634,0.4960000216960907,0.28600001335144043,-0.0041715772822499275,-0.001222725841216743,-9.696553230285645,-0.00013072587898932397,-0.001201980747282505,-0.0006256052874960005,97.0,16.111000061035156
1772700961.0391164,2026-03-05T08:56:01.039116,hover,02,47.3979709,8.5461634,0.4970000088214874,0.28700000047683716,-0.0041715772822499275,-0.001222725841216743,-9.696553230285645,-0.00013072587898932397,-0.001201980747282505,-0.0006256052874960005,97.0,16.111000061035156
1772700961.1414492,2026-03-05T08:56:01.141449,hover,02,47.3979709,8.5461634,0.4970000088214874,0.28700000047683716,-0.0041715772822499275,-0.001222725841216743,-9.696553230285645,-0.00013072587898932397,-0.001201980747282505,-0.0006256052874960005,97.0,16.111000061035156
1772700961.2431302,2026-03-05T08:56:01.243130,hover,02,47.3979709,8.5461634,0.49900001287460327,0.2880000174045563,-0.004271304234862328,0.0014228529762476683,-9.702474594116211,-0.0013572507305070758,-0.0005952229257673025,-0.0003216219483874738,97.0,16.111000061035156
1772700961.346858,2026-03-05T08:56:01.346858,hover,02,47.3979709,8.5461634,0.49900001287460327,0.2880000174045563,-0.004271304234862328,0.0014228529762476683,-9.702474594116211,-0.0013572507305070758,-0.0005952229257673025,-0.0003216219483874738,97.0,16.111000061035156
1772700961.45906,2026-03-05T08:56:01.459060,hover,02,47.3979709,8.5461634,0.5,0.289000004529953,-0.00235544890165329,0.00828502420336008,-9.696924209594727,-0.00028342855512164533,-1.2608419638127089e-05,0.00025221213581971824,97.0,16.111000061035156
1772700961.5749698,2026-03-05T08:56:01.574970,hover,02,47.3979709,8.5461634,0.5,0.289000004529953,-0.00235544890165329,0.00828502420336008,-9.696924209594727,-0.00028342855512164533,-1.2608419638127089e-05,0.00025221213581971824,97.0,16.111000061035156
1772700961.676572,2026-03-05T08:56:01.676572,hover,02,47.3979709,8.5461634,0.5,0.289000004529953,0.0033208425156772137,0.003790410701185465,-9.700730323791504,-0.0008525711018592119,-0.00023766621598042548,-0.0001386586664011702,97.0,16.111000061035156
1772700961.7821524,2026-03-05T08:56:01.782152,hover,02,47.3979709,8.5461634,0.49900001287460327,0.2880000174045563,-0.005428175907582045,0.003442816436290741,-9.705825805664062,0.0002849211741704494,0.0003004900354426354,-0.0002732010616455227,97.0,16.111000061035156
1772700961.9000394,2026-03-05T08:56:01.900039,hover,02,47.3979709,8.5461634,0.49900001287460327,0.2880000174045563,-0.0013092835433781147,-0.0034479701425880194,-9.701647758483887,2.5317724066553637e-05,-0.0013730220962315798,0.00030850141774863005,97.0,16.111000061035156
1772700962.0030146,2026-03-05T08:56:02.003015,hover,02,47.3979709,8.5461634,0.49900001287460327,0.2880000174045563,-0.0013092835433781147,-0.0034479701425880194,-9.701647758483887,2.5317724066553637e-05,-0.0013730220962315798,0.00030850141774863005,97.0,16.111000061035156
1772700962.1040063,2026-03-05T08:56:02.104006,hover,02,47.3979709,8.5461634,0.49900001287460327,0.2880000174045563,-0.0013092835433781147,-0.0034479701425880194,-9.701647758483887,2.5317724066553637e-05,-0.0013730220962315798,0.00030850141774863005,97.0,16.111000061035156
1772700962.2083092,2026-03-05T08:56:02.208309,hover,02,47.3979709,8.5461634,0.49800002574920654,0.2880000174045563,-0.0014468266163021326,-0.010288204997777939,-9.70314884185791,0.00011970889318035915,-0.0002063435676973313,-0.0022070538252592087,97.0,16.111000061035156
1772700962.3102646,2026-03-05T08:56:02.310265,hover,02,47.3979709,8.5461634,0.49800002574920654,0.2880000174045563,-0.0014468266163021326,-0.010288204997777939,-9.70314884185791,0.00011970889318035915,-0.0002063435676973313,-0.0022070538252592087,97.0,16.111000061035156
1772700962.4132028,2026-03-05T08:56:02.413203,hover,02,47.3979709,8.5461634,0.49800002574920654,0.28700000047683716,-0.0007223071297630668,0.004637937061488628,-9.706923484802246,-0.0004816176078747958,0.00016092743317130953,-0.0005371018778532743,97.0,16.111000061035156
1772700962.514652,2026-03-05T08:56:02.514652,hover,02,47.3979709,8.5461634,0.49800002574920654,0.28700000047683716,-0.0007223071297630668,0.004637937061488628,-9.706923484802246,-0.0004816176078747958,0.00016092743317130953,-0.0005371018778532743,97.0,16.111000061035156
1772700962.6270323,2026-03-05T08:56:02.627032,hover,02,47.3979709,8.5461634,0.49800002574920654,0.28700000047683716,-0.0007223071297630668,0.004637937061488628,-9.706923484802246,-0.0004816176078747958,0.00016092743317130953,-0.0005371018778532743,97.0,16.111000061035156
1772700962.7302365,2026-03-05T08:56:02.730237,hover,02,47.3979709,8.5461634,0.49800002574920654,0.2880000174045563,0.003391324309632182,-0.00018044252647086978,-9.698600769042969,0.00018004138837568462,-0.0003132950223516673,0.0007827154477126896,97.0,16.111000061035156
1772700962.8318691,2026-03-05T08:56:02.831869,hover,02,47.3979709,8.5461635,0.5,0.289000004529953,0.0024971759412437677,-0.0075103528797626495,-9.693766593933105,0.000506422424223274,-0.0008149901987053454,-0.0008575781830586493,97.0,16.111000061035156
1772700962.934778,2026-03-05T08:56:02.934778,hover,02,47.3979709,8.5461635,0.5010000467300415,0.29100000858306885,0.008652890101075172,-0.0010301066795364022,-9.703734397888184,-0.0004207514866720885,9.939874871633947e-06,-0.00042200289317406714,97.0,16.111000061035156
1772700963.0378084,2026-03-05T08:56:03.037808,hover,02,47.3979709,8.5461635,0.5010000467300415,0.29100000858306885,0.008652890101075172,-0.0010301066795364022,-9.703734397888184,-0.0004207514866720885,9.939874871633947e-06,-0.00042200289317406714,97.0,16.111000061035156
1772700963.1407962,2026-03-05T08:56:03.140796,hover,02,47.3979709,8.5461635,0.5020000338554382,0.29200002551078796,-0.002818998647853732,-0.002220668364316225,-9.69483470916748,-0.0005536235403269529,0.0010870073456317186,-6.484338518930599e-05,97.0,16.111000061035156
1772700963.2482285,2026-03-05T08:56:03.248229,hover,02,47.3979709,8.5461635,0.5020000338554382,0.29200002551078796,-0.002818998647853732,-0.002220668364316225,-9.69483470916748,-0.0005536235403269529,0.0010870073456317186,-6.484338518930599e-05,97.0,16.111000061035156
1772700963.3515577,2026-03-05T08:56:03.351558,hover,02,47.3979709,8.5461635,0.5020000338554382,0.29200002551078796,-0.002818998647853732,-0.002220668364316225,-9.69483470916748,-0.0005536235403269529,0.0010870073456317186,-6.484338518930599e-05,97.0,16.111000061035156
1772700963.45326,2026-03-05T08:56:03.453260,hover,02,47.3979709,8.5461635,0.5020000338554382,0.29200002551078796,-0.002818998647853732,-0.002220668364316225,-9.69483470916748,-0.0005536235403269529,0.0010870073456317186,-6.484338518930599e-05,97.0,16.111000061035156
1772700963.5570192,2026-03-05T08:56:03.557019,hover,02,47.3979709,8.5461635,0.503000020980835,0.29200002551078796,-0.007416951470077038,-0.009381815791130066,-9.69927978515625,0.0006049410440027714,-0.000797351764049381,0.0005998272099532187,97.0,16.111000061035156
1772700963.6584291,2026-03-05T08:56:03.658429,hover,02,47.3979709,8.5461635,0.5040000081062317,0.2930000126361847,-0.005081598646938801,0.004869021475315094,-9.710790634155273,-0.0005244544008746743,0.001612869673408568,0.00020430635777302086,97.0,16.111000061035156
1772700963.7598937,2026-03-05T08:56:03.759894,hover,02,47.3979709,8.5461635,0.5040000081062317,0.2930000126361847,-0.005081598646938801,0.004869021475315094,-9.710790634155273,-0.0005244544008746743,0.001612869673408568,0.00020430635777302086,97.0,16.111000061035156
1772700963.8672452,2026-03-05T08:56:03.867245,hover,02,47.3979709,8.5461635,0.5040000081062317,0.2930000126361847,-0.005081598646938801,0.004869021475315094,-9.710790634155273,-0.0005244544008746743,0.001612869673408568,0.00020430635777302086,97.0,16.111000061035156
1772700963.9815109,2026-03-05T08:56:03.981511,hover,02,47.3979709,8.5461635,0.5040000081062317,0.2939999997615814,0.03955286368727684,-0.004309500101953745,-9.718274116516113,0.0008749560220167041,-0.002360109705477953,0.0005480633699335158,97.0,16.111000061035156
1772700964.0872817,2026-03-05T08:56:04.087282,hover,02,47.3979709,8.5461635,0.5040000081062317,0.2939999997615814,0.03955286368727684,-0.004309500101953745,-9.718274116516113,0.0008749560220167041,-0.002360109705477953,0.0005480633699335158,97.0,16.111000061035156
1772700964.1893604,2026-03-05T08:56:04.189360,hover,02,47.3979709,8.5461635,0.5080000162124634,0.2970000207424164,0.09428167343139648,-0.005467068869620562,-9.757013320922852,9.077850700123236e-05,-0.00924423523247242,0.00024109128571581095,97.0,16.111000061035156
1772700964.2934694,2026-03-05T08:56:04.293469,hover,02,47.3979709,8.5461635,0.5080000162124634,0.2970000207424164,0.09428167343139648,-0.005467068869620562,-9.757013320922852,9.077850700123236e-05,-0.00924423523247242,0.00024109128571581095,97.0,16.111000061035156
1772700964.4060059,2026-03-05T08:56:04.406006,hover,02,47.3979709,8.5461635,0.5080000162124634,0.2970000207424164,0.09428167343139648,-0.005467068869620562,-9.757013320922852,9.077850700123236e-05,-0.00924423523247242,0.00024109128571581095,97.0,16.111000061035156
1772700964.5600944,2026-03-05T08:56:04.560094,hover,02,47.3979709,8.5461635,0.5080000162124634,0.2970000207424164,0.09428167343139648,-0.005467068869620562,-9.757013320922852,9.077850700123236e-05,-0.00924423523247242,0.00024109128571581095,97.0,16.111000061035156
1772700964.6677542,2026-03-05T08:56:04.667754,hover,02,47.397971,8.5461635,0.5090000033378601,0.2980000078678131,0.108497753739357,-0.010125779546797276,-9.76073169708252,0.00017166405450552702,-0.01952669396996498,8.627906208857894e-05,97.0,16.111000061035156
1772700964.7945256,2026-03-05T08:56:04.794526,hover,02,47.397971,8.5461635,0.5090000033378601,0.2980000078678131,0.108497753739357,-0.010125779546797276,-9.76073169708252,0.00017166405450552702,-0.01952669396996498,8.627906208857894e-05,97.0,16.111000061035156
1772700964.9079125,2026-03-05T08:56:04.907912,hover,02,47.397971,8.5461635,0.5090000033378601,0.2980000078678131,0.108497753739357,-0.010125779546797276,-9.76073169708252,0.00017166405450552702,-0.01952669396996498,8.627906208857894e-05,97.0,16.111000061035156
1772700965.0198061,2026-03-05T08:56:05.019806,hover,02,47.397971,8.5461635,0.5090000033378601,0.2990000247955322,0.0765208899974823,-0.025082070380449295,-9.861612319946289,-0.0004579007509164512,-0.035971228033304214,0.0009532391559332609,97.0,16.111000061035156
1772700965.122688,2026-03-05T08:56:05.122688,hover,02,47.397971,8.5461635,0.5090000033378601,0.2990000247955322,0.0765208899974823,-0.025082070380449295,-9.861612319946289,-0.0004579007509164512,-0.035971228033304214,0.0009532391559332609,97.0,16.111000061035156
1772700965.2258039,2026-03-05T08:56:05.225804,hover,02,47.397971,8.5461635,0.5090000033378601,0.2990000247955322,0.0765208899974823,-0.025082070380449295,-9.861612319946289,-0.0004579007509164512,-0.035971228033304214,0.0009532391559332609,97.0,16.111000061035156
1772700965.3348637,2026-03-05T08:56:05.334864,hover,02,47.397971,8.5461635,0.5090000033378601,0.2990000247955322,0.0765208899974823,-0.025082070380449295,-9.861612319946289,-0.0004579007509164512,-0.035971228033304214,0.0009532391559332609,97.0,16.111000061035156
1772700965.4385588,2026-03-05T08:56:05.438559,hover,02,47.397971,8.5461635,0.5100000500679016,0.2990000247955322,0.022004369646310806,-0.014074220322072506,-9.947652816772461,-0.0032668542116880417,-0.05835554376244545,0.0023321460466831923,97.0,16.111000061035156
1772700965.5423367,2026-03-05T08:56:05.542337,hover,02,47.397971,8.5461635,0.5100000500679016,0.2990000247955322,0.022004369646310806,-0.014074220322072506,-9.947652816772461,-0.0032668542116880417,-0.05835554376244545,0.0023321460466831923,97.0,16.111000061035156
1772700965.6569722,2026-03-05T08:56:05.656972,hover,02,47.397971,8.5461635,0.5100000500679016,0.2990000247955322,-0.008821269497275352,9.598350152373314e-05,-10.02742862701416,-0.01330997422337532,-0.08801347017288208,0.0026005939580500126,97.0,16.111000061035156
1772700965.7651446,2026-03-05T08:56:05.765145,hover,02,47.397971,8.5461635,0.5100000500679016,0.2990000247955322,-0.008821269497275352,9.598350152373314e-05,-10.02742862701416,-0.01330997422337532,-0.08801347017288208,0.0026005939580500126,97.0,16.111000061035156
1772700965.8656657,2026-03-05T08:56:05.865666,hover,02,47.397971,8.5461635,0.5100000500679016,0.2990000247955322,-0.008821269497275352,9.598350152373314e-05,-10.02742862701416,-0.01330997422337532,-0.08801347017288208,0.0026005939580500126,97.0,16.111000061035156
1772700965.968086,2026-03-05T08:56:05.968086,hover,02,47.397971,8.5461635,0.5110000371932983,0.30000001192092896,-0.0031331528443843126,0.0025823297910392284,-10.097846984863281,-0.02411484904587269,-0.09056050330400467,0.0032119222451001406,97.0,16.111000061035156
1772700966.072301,2026-03-05T08:56:06.072301,hover,02,47.397971,8.5461635,0.5110000371932983,0.30000001192092896,-0.0031331528443843126,0.0025823297910392284,-10.097846984863281,-0.02411484904587269,-0.09056050330400467,0.0032119222451001406,97.0,16.111000061035156
1772700966.1761098,2026-03-05T08:56:06.176110,hover,02,47.397971,8.5461635,0.5110000371932983,0.30000001192092896,-0.006550752092152834,-0.0032761895563453436,-10.224311828613281,-0.02730582095682621,-0.08372610807418823,0.0024313272442668676,97.0,16.111000061035156
1772700966.280984,2026-03-05T08:56:06.280984,hover,02,47.397971,8.5461635,0.5110000371932983,0.30000001192092896,-0.006550752092152834,-0.0032761895563453436,-10.224311828613281,-0.02730582095682621,-0.08372610807418823,0.0024313272442668676,97.0,16.111000061035156
1772700966.3864646,2026-03-05T08:56:06.386465,hover,02,47.397971,8.5461635,0.5120000243186951,0.3020000159740448,-0.006550752092152834,-0.0032761895563453436,-10.224311828613281,-0.02730582095682621,-0.08372610807418823,0.0024313272442668676,97.0,16.111000061035156
1772700966.515981,2026-03-05T08:56:06.515981,hover,02,47.397971,8.5461635,0.5130000114440918,0.3020000159740448,-0.005758340936154127,0.0031633086036890745,-10.26701545715332,-0.02790108323097229,-0.07900948822498322,0.00357356620952487,97.0,16.111000061035156
1772700966.6913648,2026-03-05T08:56:06.691365,hover,02,47.397971,8.5461635,0.5130000114440918,0.3020000159740448,-0.005758340936154127,0.0031633086036890745,-10.26701545715332,-0.02790108323097229,-0.07900948822498322,0.00357356620952487,97.0,16.111000061035156
1772700966.8032744,2026-03-05T08:56:06.803274,hover,02,47.397971,8.5461635,0.5200000405311584,0.3100000023841858,-0.006412285380065441,0.003947232849895954,-10.373116493225098,-0.024580661207437515,-0.06709896773099899,0.0032774792052805424,97.0,16.111000061035156
1772700966.9053662,2026-03-05T08:56:06.905366,hover,02,47.397971,8.5461635,0.5200000405311584,0.3100000023841858,-0.006412285380065441,0.003947232849895954,-10.373116493225098,-0.024580661207437515,-0.06709896773099899,0.0032774792052805424,97.0,16.111000061035156
1772700967.0081127,2026-03-05T08:56:07.008113,hover,02,47.397971,8.5461635,0.5200000405311584,0.30900001525878906,-0.003994713071733713,0.0006594029255211353,-10.450549125671387,-0.024990513920783997,-0.06527336686849594,0.003478084458038211,97.0,16.111000061035156
1772700967.1213982,2026-03-05T08:56:07.121398,hover,02,47.397971,8.5461635,0.5200000405311584,0.30900001525878906,-0.003994713071733713,0.0006594029255211353,-10.450549125671387,-0.024990513920783997,-0.06527336686849594,0.003478084458038211,93.0,16.051000595092773
1772700967.2259614,2026-03-05T08:56:07.225961,hover,02,47.397971,8.5461635,0.5200000405311584,0.30900001525878906,-0.003994713071733713,0.0006594029255211353,-10.450549125671387,-0.024990513920783997,-0.06527336686849594,0.003478084458038211,93.0,16.051000595092773
1772700967.3296802,2026-03-05T08:56:07.329680,hover,02,47.397971,8.5461635,0.5200000405311584,0.30900001525878906,-0.00010365602793172002,-0.007283518090844154,-10.46493911743164,-0.022934941574931145,-0.05388854816555977,0.002491030842065811,93.0,16.051000595092773
1772700967.4323006,2026-03-05T08:56:07.432301,hover,02,47.397971,8.5461635,0.5200000405311584,0.30900001525878906,-0.00010365602793172002,-0.007283518090844154,-10.46493911743164,-0.022934941574931145,-0.05388854816555977,0.002491030842065811,93.0,16.051000595092773
1772700967.5344048,2026-03-05T08:56:07.534405,hover,02,47.397971,8.5461635,0.5200000405311584,0.30900001525878906,-0.00010365602793172002,-0.007283518090844154,-10.46493911743164,-0.022934941574931145,-0.05388854816555977,0.002491030842065811,93.0,16.051000595092773
1772700967.6370435,2026-03-05T08:56:07.637043,hover,02,47.397971,8.5461635,0.5220000147819519,0.3110000193119049,-0.00034839173895306885,0.0039180973544716835,-10.522253036499023,-0.018055330961942673,-0.03609182685613632,0.0029645273461937904,93.0,16.051000595092773
1772700967.741113,2026-03-05T08:56:07.741113,hover,02,47.397971,8.5461635,0.5220000147819519,0.3110000193119049,-0.00034839173895306885,0.0039180973544716835,-10.522253036499023,-0.018055330961942673,-0.03609182685613632,0.0029645273461937904,93.0,16.051000595092773
1772700967.8440647,2026-03-05T08:56:07.844065,hover,02,47.397971,8.5461635,0.5220000147819519,0.3110000193119049,-0.00034839173895306885,0.0039180973544716835,-10.522253036499023,-0.018055330961942673,-0.03609182685613632,0.0029645273461937904,93.0,16.051000595092773
1772700967.9461942,2026-03-05T08:56:07.946194,hover,02,47.397971,8.5461635,0.5220000147819519,0.31200000643730164,-0.0015072133392095566,0.002749035134911537,-10.56019401550293,-0.01559934951364994,-0.031339582055807114,0.0015401942655444145,93.0,16.051000595092773
1772700968.0558505,2026-03-05T08:56:08.055851,hover,02,47.397971,8.5461636,0.531000018119812,0.32100000977516174,-0.008198801428079605,0.0017770954873412848,-10.616418838500977,-0.010737310163676739,-0.01793428510427475,0.0017698203446343541,93.0,16.051000595092773
1772700968.163907,2026-03-05T08:56:08.163907,hover,02,47.397971,8.5461636,0.531000018119812,0.32100000977516174,-0.008198801428079605,0.0017770954873412848,-10.616418838500977,-0.010737310163676739,-0.01793428510427475,0.0017698203446343541,93.0,16.051000595092773
1772700968.2663054,2026-03-05T08:56:08.266305,hover,02,47.397971,8.5461636,0.531000018119812,0.32100000977516174,-0.008198801428079605,0.0017770954873412848,-10.616418838500977,-0.010737310163676739,-0.01793428510427475,0.0017698203446343541,93.0,16.051000595092773
1772700968.3799527,2026-03-05T08:56:08.379953,hover,02,47.397971,8.5461636,0.5350000262260437,0.3240000009536743,-0.00546918623149395,0.0006558700697496533,-10.60401725769043,-0.006128397304564714,-0.005252658389508724,0.001987811177968979,93.0,16.051000595092773
1772700968.4841812,2026-03-05T08:56:08.484181,hover,02,47.397971,8.5461636,0.5350000262260437,0.3240000009536743,-0.00546918623149395,0.0006558700697496533,-10.60401725769043,-0.006128397304564714,-0.005252658389508724,0.001987811177968979,93.0,16.051000595092773
1772700968.5860138,2026-03-05T08:56:08.586014,hover,02,47.397971,8.5461636,0.5390000343322754,0.3290000259876251,-0.004474243614822626,0.00017723448399920017,-10.604747772216797,-0.0032729022204875946,0.0036820052191615105,0.0014489209279417992,93.0,16.051000595092773
1772700968.687912,2026-03-05T08:56:08.687912,hover,02,47.397971,8.5461636,0.5410000085830688,0.33000001311302185,-0.004393281880766153,0.001995905302464962,-10.595634460449219,0.0007884521037340164,0.010851828381419182,0.0012933443067595363,93.0,16.051000595092773
1772700968.790261,2026-03-05T08:56:08.790261,hover,02,47.397971,8.5461636,0.5410000085830688,0.33000001311302185,-0.004393281880766153,0.001995905302464962,-10.595634460449219,0.0007884521037340164,0.010851828381419182,0.0012933443067595363,93.0,16.051000595092773
1772700968.8928604,2026-03-05T08:56:08.892860,hover,02,47.397971,8.5461636,0.5440000295639038,0.3330000042915344,0.002359609818086028,-0.003009708598256111,-10.481254577636719,0.006137505639344454,0.01711411215364933,0.0012427566107362509,93.0,16.051000595092773
1772700969.0045328,2026-03-05T08:56:09.004533,hover,02,47.397971,8.5461636,0.5450000166893005,0.33500000834465027,-0.0021711625158786774,0.005826259963214397,-10.42660903930664,0.006506635807454586,0.019849618896842003,0.0004974661278538406,93.0,16.051000595092773
1772700969.1098073,2026-03-05T08:56:09.109807,hover,02,47.397971,8.5461636,0.5450000166893005,0.33500000834465027,-0.0021711625158786774,0.005826259963214397,-10.42660903930664,0.006506635807454586,0.019849618896842003,0.0004974661278538406,93.0,16.051000595092773
1772700969.2113497,2026-03-05T08:56:09.211350,hover,02,47.397971,8.5461637,0.5560000538825989,0.3460000157356262,0.0026886507403105497,0.0023997046519070864,-10.269848823547363,0.011179624125361443,0.03316379338502884,-0.0004691275826189667,93.0,16.051000595092773
1772700969.315115,2026-03-05T08:56:09.315115,hover,02,47.397971,8.5461637,0.5580000281333923,0.34800001978874207,-0.0034510637633502483,0.005406420677900314,-10.225445747375488,0.011276447214186192,0.03332754597067833,0.00045861690887250006,93.0,16.051000595092773
1772700969.4185882,2026-03-05T08:56:09.418588,hover,02,47.397971,8.5461637,0.5580000281333923,0.34800001978874207,-0.0034510637633502483,0.005406420677900314,-10.225445747375488,0.011276447214186192,0.03332754597067833,0.00045861690887250006,93.0,16.051000595092773
1772700969.5213196,2026-03-05T08:56:09.521320,hover,02,47.397971,8.5461637,0.5580000281333923,0.34800001978874207,-0.0034510637633502483,0.005406420677900314,-10.225445747375488,0.011276447214186192,0.03332754597067833,0.00045861690887250006,93.0,16.051000595092773
1772700969.6221464,2026-03-05T08:56:09.622146,hover,02,47.397971,8.5461637,0.5690000057220459,0.359000027179718,0.0030520916916429996,0.0014111021300777793,-10.016824722290039,0.010318908840417862,0.035478625446558,0.00039334408938884735,93.0,16.051000595092773
1772700969.724431,2026-03-05T08:56:09.724431,hover,02,47.397971,8.5461637,0.5730000138282776,0.3620000183582306,-0.003657497465610504,-0.002153202425688505,-9.878744125366211,0.010161524638533592,0.0360543467104435,0.0004121126257814467,93.0,16.051000595092773
1772700969.8269129,2026-03-05T08:56:09.826913,hover,02,47.397971,8.5461637,0.5730000138282776,0.3620000183582306,-0.003657497465610504,-0.002153202425688505,-9.878744125366211,0.010161524638533592,0.0360543467104435,0.0004121126257814467,93.0,16.051000595092773
1772700969.9279213,2026-03-05T08:56:09.927921,hover,02,47.397971,8.5461637,0.5730000138282776,0.3620000183582306,-0.003657497465610504,-0.002153202425688505,-9.878744125366211,0.010161524638533592,0.0360543467104435,0.0004121126257814467,93.0,16.051000595092773
1772700970.0385418,2026-03-05T08:56:10.038542,hover,02,47.397971,8.5461637,0.5790000557899475,0.36900001764297485,-0.004437627736479044,-0.0002647246001288295,-9.68811321258545,0.012400372885167599,0.03923629969358444,-0.00019430843531154096,93.0,16.051000595092773
1772700970.143366,2026-03-05T08:56:10.143366,hover,02,47.397971,8.5461637,0.5790000557899475,0.36900001764297485,-0.004437627736479044,-0.0002647246001288295,-9.68811321258545,0.012400372885167599,0.03923629969358444,-0.00019430843531154096,93.0,16.051000595092773
1772700970.247184,2026-03-05T08:56:10.247184,hover,02,47.397971,8.5461637,0.5790000557899475,0.36900001764297485,-0.004437627736479044,-0.0002647246001288295,-9.68811321258545,0.012400372885167599,0.03923629969358444,-0.00019430843531154096,93.0,16.051000595092773
1772700970.3530507,2026-03-05T08:56:10.353051,hover,02,47.397971,8.5461637,0.5820000171661377,0.3710000216960907,-0.0036638930905610323,-0.0005712362471967936,-9.649490356445312,0.013614845462143421,0.0392228439450264,2.0396961190272123e-05,93.0,16.051000595092773
1772700970.4552305,2026-03-05T08:56:10.455230,hover,02,47.3979711,8.5461638,0.5960000157356262,0.38600000739097595,-0.0036638930905610323,-0.0005712362471967936,-9.649490356445312,0.013614845462143421,0.0392228439450264,2.0396961190272123e-05,93.0,16.051000595092773
1772700970.5559888,2026-03-05T08:56:10.555989,hover,02,47.3979711,8.5461638,0.5960000157356262,0.38600000739097595,-0.0036638930905610323,-0.0005712362471967936,-9.649490356445312,0.013614845462143421,0.0392228439450264,2.0396961190272123e-05,93.0,16.051000595092773
1772700970.6653235,2026-03-05T08:56:10.665323,hover,02,47.3979711,8.5461638,0.5990000367164612,0.3880000114440918,-0.011044853366911411,0.004370187874883413,-9.633487701416016,0.012761118821799755,0.04126928746700287,0.0010767023777589202,93.0,16.051000595092773
1772700970.7703707,2026-03-05T08:56:10.770371,hover,02,47.3979711,8.5461638,0.6070000529289246,0.3960000276565552,-0.011394210159778595,0.0028335743118077517,-9.618221282958984,0.014066290110349655,0.03981119021773338,0.0006965438951738179,93.0,16.051000595092773
1772700970.874044,2026-03-05T08:56:10.874044,hover,02,47.3979711,8.5461638,0.612000048160553,0.4020000100135803,-0.0036246466916054487,-0.005114277359098196,-9.625658988952637,0.013290121220052242,0.03744257241487503,-0.00030038191471248865,93.0,16.051000595092773
1772700970.983909,2026-03-05T08:56:10.983909,hover,02,47.3979711,8.5461638,0.612000048160553,0.4020000100135803,-0.0036246466916054487,-0.005114277359098196,-9.625658988952637,0.013290121220052242,0.03744257241487503,-0.00030038191471248865,93.0,16.051000595092773
1772700971.086888,2026-03-05T08:56:11.086888,hover,02,47.3979711,8.5461639,0.6190000176429749,0.40800002217292786,-0.008488992229104042,0.011984419077634811,-9.648837089538574,0.012595506384968758,0.03879091143608093,-0.0008037367952056229,93.0,16.051000595092773
1772700971.1980035,2026-03-05T08:56:11.198004,hover,02,47.3979711,8.5461639,0.6190000176429749,0.40800002217292786,-0.008488992229104042,0.011984419077634811,-9.648837089538574,0.012595506384968758,0.03879091143608093,-0.0008037367952056229,93.0,16.051000595092773
1772700971.2997594,2026-03-05T08:56:11.299759,hover,02,47.3979711,8.5461639,0.6190000176429749,0.40800002217292786,-0.008488992229104042,0.011984419077634811,-9.648837089538574,0.012595506384968758,0.03879091143608093,-0.0008037367952056229,93.0,16.051000595092773
1772700971.4174433,2026-03-05T08:56:11.417443,hover,02,47.3979711,8.5461639,0.6190000176429749,0.40800002217292786,-0.002814403735101223,0.007594092283397913,-9.659013748168945,0.012420792132616043,0.04156593233346939,0.0004773499967996031,93.0,16.051000595092773
1772700971.5245938,2026-03-05T08:56:11.524594,hover,02,47.3979711,8.5461639,0.6240000128746033,0.4130000174045563,-0.002814403735101223,0.007594092283397913,-9.659013748168945,0.012420792132616043,0.04156593233346939,0.0004773499967996031,93.0,16.051000595092773
1772700971.6330285,2026-03-05T08:56:11.633029,hover,02,47.3979711,8.5461639,0.6290000081062317,0.4190000295639038,-0.011080932803452015,-0.000635213335044682,-9.708803176879883,0.01108037680387497,0.04026312381029129,-0.0009077792637981474,93.0,16.051000595092773
1772700971.7391536,2026-03-05T08:56:11.739154,hover,02,47.3979711,8.5461639,0.6360000371932983,0.42500001192092896,-0.006378674414008856,-0.0022255792282521725,-9.727479934692383,0.011023057624697685,0.039697084575891495,-0.0005573420785367489,93.0,16.051000595092773
1772700971.8676462,2026-03-05T08:56:11.867646,hover,02,47.3979711,8.5461639,0.6360000371932983,0.42500001192092896,-0.006378674414008856,-0.0022255792282521725,-9.727479934692383,0.011023057624697685,0.039697084575891495,-0.0005573420785367489,93.0,16.051000595092773
1772700971.9710135,2026-03-05T08:56:11.971014,hover,02,47.3979711,8.546164,0.6500000357627869,0.4390000104904175,-0.0028668835293501616,0.003519878489896655,-9.714496612548828,0.011005662381649017,0.03945339098572731,0.00059608364244923,93.0,16.051000595092773
1772700972.0738254,2026-03-05T08:56:12.073825,hover,02,47.3979711,8.546164,0.6500000357627869,0.4390000104904175,-0.0028668835293501616,0.003519878489896655,-9.714496612548828,0.011005662381649017,0.03945339098572731,0.00059608364244923,93.0,16.051000595092773
1772700972.1772041,2026-03-05T08:56:12.177204,hover,02,47.3979711,8.546164,0.6500000357627869,0.4390000104904175,-0.0028668835293501616,0.003519878489896655,-9.714496612548828,0.011005662381649017,0.03945339098572731,0.00059608364244923,93.0,16.051000595092773
1772700972.281078,2026-03-05T08:56:12.281078,hover,02,47.3979711,8.546164,0.6500000357627869,0.4390000104904175,-0.0028668835293501616,0.003519878489896655,-9.714496612548828,0.011005662381649017,0.03945339098572731,0.00059608364244923,93.0,16.051000595092773
1772700972.3829975,2026-03-05T08:56:12.382998,hover,02,47.3979711,8.546164,0.656000018119812,0.44600000977516174,-0.00950059574097395,-0.0014701487962156534,-9.689037322998047,0.012455940246582031,0.03695358708500862,-0.000393845810322091,93.0,16.051000595092773
1772700972.48507,2026-03-05T08:56:12.485070,hover,02,47.3979711,8.546164,0.656000018119812,0.44600000977516174,-0.00950059574097395,-0.0014701487962156534,-9.689037322998047,0.012455940246582031,0.03695358708500862,-0.000393845810322091,93.0,16.051000595092773
1772700972.5873053,2026-03-05T08:56:12.587305,hover,02,47.3979711,8.546164,0.6620000600814819,0.45100003480911255,-0.00648913998156786,0.0056327516213059425,-9.647591590881348,0.012205307371914387,0.03755927085876465,0.0001975828199647367,93.0,16.051000595092773
1772700972.6887703,2026-03-05T08:56:12.688770,hover,02,47.3979711,8.546164,0.6690000295639038,0.4580000340938568,-0.008541992865502834,0.009259515441954136,-9.628941535949707,0.013034452684223652,0.0357280932366848,-0.0008385178516618907,93.0,16.051000595092773
1772700972.791248,2026-03-05T08:56:12.791248,hover,02,47.3979711,8.546164,0.6690000295639038,0.4580000340938568,-0.008541992865502834,0.009259515441954136,-9.628941535949707,0.013034452684223652,0.0357280932366848,-0.0008385178516618907,93.0,16.051000595092773
1772700972.8959131,2026-03-05T08:56:12.895913,hover,02,47.3979711,8.5461641,0.6760000586509705,0.4650000333786011,-0.0013713717926293612,0.008010740391910076,-9.621787071228027,0.011122209019958973,0.034823235124349594,-0.00030359707307070494,93.0,16.051000595092773
1772700973.0005493,2026-03-05T08:56:13.000549,hover,02,47.3979711,8.5461641,0.6760000586509705,0.4650000333786011,-0.0013713717926293612,0.008010740391910076,-9.621787071228027,0.011122209019958973,0.034823235124349594,-0.00030359707307070494,93.0,16.051000595092773
1772700973.104907,2026-03-05T08:56:13.104907,hover,02,47.3979711,8.5461641,0.6830000281333923,0.47200003266334534,-0.004998713731765747,-0.002181149320676923,-9.609550476074219,0.010260683484375477,0.036972690373659134,-0.0002953677612822503,93.0,16.051000595092773
1772700973.2148933,2026-03-05T08:56:13.214893,hover,02,47.3979711,8.5461641,0.6830000281333923,0.47200003266334534,-0.004998713731765747,-0.002181149320676923,-9.609550476074219,0.010260683484375477,0.036972690373659134,-0.0002953677612822503,93.0,16.051000595092773
1772700973.3174431,2026-03-05T08:56:13.317443,hover,02,47.3979711,8.5461641,0.6960000395774841,0.48500001430511475,-0.006243214476853609,0.009019603952765465,-9.589428901672363,0.01213052123785019,0.03587198257446289,-0.0003927777870558202,93.0,16.051000595092773
1772700973.4199862,2026-03-05T08:56:13.419986,hover,02,47.3979711,8.5461641,0.6960000395774841,0.48500001430511475,-0.006243214476853609,0.009019603952765465,-9.589428901672363,0.01213052123785019,0.03587198257446289,-0.0003927777870558202,93.0,16.051000595092773
1772700973.5258582,2026-03-05T08:56:13.525858,hover,02,47.3979711,8.5461641,0.6960000395774841,0.48500001430511475,-0.006243214476853609,0.009019603952765465,-9.589428901672363,0.01213052123785019,0.03587198257446289,-0.0003927777870558202,93.0,16.051000595092773
1772700973.630938,2026-03-05T08:56:13.630938,hover,02,47.3979711,8.5461641,0.7070000171661377,0.4970000088214874,-0.004628387279808521,0.0030462604481726885,-9.524292945861816,0.014201361685991287,0.03396448493003845,-0.0008156501571647823,93.0,16.051000595092773
1772700973.7825441,2026-03-05T08:56:13.782544,hover,02,47.3979711,8.5461642,0.7260000109672546,0.51500004529953,-0.0028394823893904686,-0.0015973974950611591,-9.607447624206543,0.011510300450026989,0.03143788129091263,-0.001079983077943325,93.0,16.051000595092773
1772700973.904792,2026-03-05T08:56:13.904792,hover,02,47.3979711,8.5461642,0.7260000109672546,0.51500004529953,-0.0028394823893904686,-0.0015973974950611591,-9.607447624206543,0.011510300450026989,0.03143788129091263,-0.001079983077943325,93.0,16.051000595092773
1772700974.0092003,2026-03-05T08:56:14.009200,hover,02,47.3979711,8.5461642,0.7260000109672546,0.51500004529953,-0.0028394823893904686,-0.0015973974950611591,-9.607447624206543,0.011510300450026989,0.03143788129091263,-0.001079983077943325,93.0,16.051000595092773
1772700974.1263769,2026-03-05T08:56:14.126377,hover,02,47.3979711,8.5461642,0.7260000109672546,0.51500004529953,-0.0028394823893904686,-0.0015973974950611591,-9.607447624206543,0.011510300450026989,0.03143788129091263,-0.001079983077943325,93.0,16.051000595092773
1772700974.2463903,2026-03-05T08:56:14.246390,hover,02,47.3979711,8.5461642,0.7260000109672546,0.51500004529953,-0.0028394823893904686,-0.0015973974950611591,-9.607447624206543,0.011510300450026989,0.03143788129091263,-0.001079983077943325,93.0,16.051000595092773
1772700974.3502986,2026-03-05T08:56:14.350299,hover,02,47.3979711,8.5461642,0.7300000190734863,0.5190000534057617,-0.008851801976561546,0.0015355289215222,-9.605915069580078,0.009977316483855247,0.031245514750480652,0.0008456825162284076,93.0,16.051000595092773
1772700974.454196,2026-03-05T08:56:14.454196,hover,02,47.3979711,8.5461642,0.7300000190734863,0.5190000534057617,-0.008851801976561546,0.0015355289215222,-9.605915069580078,0.009977316483855247,0.031245514750480652,0.0008456825162284076,93.0,16.051000595092773
1772700974.5594814,2026-03-05T08:56:14.559481,hover,02,47.3979711,8.5461642,0.7300000190734863,0.5190000534057617,-0.008851801976561546,0.0015355289215222,-9.605915069580078,0.009977316483855247,0.031245514750480652,0.0008456825162284076,93.0,16.051000595092773
1772700974.7129421,2026-03-05T08:56:14.712942,hover,02,47.3979711,8.5461642,0.7300000190734863,0.5190000534057617,-0.008851801976561546,0.0015355289215222,-9.605915069580078,0.009977316483855247,0.031245514750480652,0.0008456825162284076,93.0,16.051000595092773
1772700974.8151278,2026-03-05T08:56:14.815128,hover,02,47.3979711,8.5461642,0.7410000562667847,0.5300000309944153,-0.015979774296283722,0.007189171854406595,-9.574850082397461,0.01027730107307434,0.03226552531123161,-0.0010077045299112797,93.0,16.051000595092773
1772700974.9169407,2026-03-05T08:56:14.916941,hover,02,47.3979711,8.5461642,0.7410000562667847,0.5300000309944153,-0.015979774296283722,0.007189171854406595,-9.574850082397461,0.01027730107307434,0.03226552531123161,-0.0010077045299112797,93.0,16.051000595092773
1772700975.02237,2026-03-05T08:56:15.022370,hover,02,47.3979712,8.5461643,0.7520000338554382,0.5410000085830688,-0.007830500602722168,0.0017774385632947087,-9.58864688873291,0.011038682423532009,0.030419720336794853,-0.0005272174603305757,93.0,16.051000595092773
1772700975.1260166,2026-03-05T08:56:15.126017,hover,02,47.3979712,8.5461643,0.7590000629425049,0.5490000247955322,-0.00837826170027256,-0.00185998878441751,-9.612488746643066,0.01053067296743393,0.0282675139605999,-0.001832743757404387,93.0,16.051000595092773
1772700975.23392,2026-03-05T08:56:15.233920,hover,02,47.3979712,8.5461643,0.7590000629425049,0.5490000247955322,-0.00837826170027256,-0.00185998878441751,-9.612488746643066,0.01053067296743393,0.0282675139605999,-0.001832743757404387,93.0,16.051000595092773
1772700975.3359487,2026-03-05T08:56:15.335949,hover,02,47.3979712,8.5461643,0.7700000405311584,0.5590000152587891,-0.012718820944428444,0.005447080824524164,-9.645702362060547,0.01124268863350153,0.025639520958065987,-8.792588050710037e-05,93.0,16.051000595092773
1772700975.4396458,2026-03-05T08:56:15.439646,hover,02,47.3979712,8.5461643,0.7700000405311584,0.5590000152587891,-0.012718820944428444,0.005447080824524164,-9.645702362060547,0.01124268863350153,0.025639520958065987,-8.792588050710037e-05,93.0,16.051000595092773
1772700975.6341176,2026-03-05T08:56:15.634118,hover,02,47.3979712,8.5461643,0.7700000405311584,0.5590000152587891,-0.012718820944428444,0.005447080824524164,-9.645702362060547,0.01124268863350153,0.025639520958065987,-8.792588050710037e-05,93.0,16.051000595092773
1772700975.7447848,2026-03-05T08:56:15.744785,hover,02,47.3979712,8.5461643,0.7700000405311584,0.5590000152587891,-0.012718820944428444,0.005447080824524164,-9.645702362060547,0.01124268863350153,0.025639520958065987,-8.792588050710037e-05,93.0,16.051000595092773
1772700975.849598,2026-03-05T08:56:15.849598,hover,02,47.3979712,8.5461643,0.7750000357627869,0.5640000104904175,-0.009784994646906853,0.005868732929229736,-9.655767440795898,0.009489401243627071,0.024226853623986244,-6.08538648521062e-05,93.0,16.051000595092773
1772700975.9550643,2026-03-05T08:56:15.955064,hover,02,47.3979712,8.5461643,0.7750000357627869,0.5640000104904175,-0.009784994646906853,0.005868732929229736,-9.655767440795898,0.009489401243627071,0.024226853623986244,-6.08538648521062e-05,93.0,16.051000595092773
1772700976.0572739,2026-03-05T08:56:16.057274,hover,02,47.3979712,8.5461643,0.781000018119812,0.5700000524520874,-0.0006288248696364462,-0.00038601947017014027,-9.671064376831055,0.00978972390294075,0.022027969360351562,-0.0008267543744295835,93.0,16.051000595092773
1772700976.1613169,2026-03-05T08:56:16.161317,hover,02,47.3979712,8.5461643,0.781000018119812,0.5700000524520874,-0.0006288248696364462,-0.00038601947017014027,-9.671064376831055,0.00978972390294075,0.022027969360351562,-0.0008267543744295835,93.0,16.051000595092773
1772700976.2705512,2026-03-05T08:56:16.270551,hover,02,47.3979712,8.5461643,0.781000018119812,0.5700000524520874,-0.0006288248696364462,-0.00038601947017014027,-9.671064376831055,0.00978972390294075,0.022027969360351562,-0.0008267543744295835,93.0,16.051000595092773
1772700976.3774507,2026-03-05T08:56:16.377451,hover,02,47.3979712,8.5461644,0.7900000214576721,0.5800000429153442,-0.01231959369033575,-0.002615544945001602,-9.70712661743164,0.008599331602454185,0.020355617627501488,-0.0007991772727109492,93.0,16.051000595092773
1772700976.483978,2026-03-05T08:56:16.483978,hover,02,47.3979712,8.5461644,0.7900000214576721,0.5800000429153442,-0.01231959369033575,-0.002615544945001602,-9.70712661743164,0.008599331602454185,0.020355617627501488,-0.0007991772727109492,93.0,16.051000595092773
1772700976.5983377,2026-03-05T08:56:16.598338,hover,02,47.3979712,8.5461644,0.7900000214576721,0.5800000429153442,-0.004608376417309046,0.0076514119282364845,-9.730996131896973,0.008928327821195126,0.0198514387011528,-0.0014871418243274093,93.0,16.051000595092773
1772700976.7022045,2026-03-05T08:56:16.702204,hover,02,47.3979712,8.5461644,0.7940000295639038,0.5830000042915344,-0.004608376417309046,0.0076514119282364845,-9.730996131896973,0.008928327821195126,0.0198514387011528,-0.0014871418243274093,93.0,16.051000595092773
1772700976.805263,2026-03-05T08:56:16.805263,hover,02,47.3979712,8.5461644,0.7940000295639038,0.5830000042915344,-0.004608376417309046,0.0076514119282364845,-9.730996131896973,0.008928327821195126,0.0198514387011528,-0.0014871418243274093,93.0,16.051000595092773
1772700976.9117608,2026-03-05T08:56:16.911761,hover,02,47.3979712,8.5461644,0.8040000200271606,0.593000054359436,-0.005754769779741764,0.011193879880011082,-9.719362258911133,0.009502469561994076,0.018333127722144127,-0.0005627635982818902,93.0,16.051000595092773
1772700977.0194962,2026-03-05T08:56:17.019496,hover,02,47.3979712,8.5461644,0.8180000185966492,0.6080000400543213,-0.0006329771713353693,0.004275677725672722,-9.737133979797363,0.00919297430664301,0.016189316287636757,-0.0018999350722879171,93.0,16.051000595092773
1772700977.1211138,2026-03-05T08:56:17.121114,hover,02,47.3979712,8.5461644,0.8250000476837158,0.6140000224113464,-0.0006665988476015627,0.0020218631252646446,-9.742799758911133,0.009972715750336647,0.01638547144830227,-0.0013919605407863855,93.0,16.051000595092773
1772700977.2232819,2026-03-05T08:56:17.223282,hover,02,47.3979712,8.5461644,0.8250000476837158,0.6140000224113464,-0.0006665988476015627,0.0020218631252646446,-9.742799758911133,0.009972715750336647,0.01638547144830227,-0.0013919605407863855,93.0,16.051000595092773
