timestamp_unix_s,timestamp_iso,scenario,run_id,lat_deg,lon_deg,abs_alt_m,rel_alt_m,accel_x_mps2,accel_y_mps2,accel_z_mps2,gyro_x_rps,gyro_y_rps,gyro_z_rps,battery_remaining_pct,battery_voltage_v
1772701726.5513697,2026-03-05T09:08:46.551370,hover,03,,,,,,,,,,,,
1772701726.6530929,2026-03-05T09:08:46.653093,hover,03,,,,,,,,,,,,
1772701726.7610934,2026-03-05T09:08:46.761093,hover,03,47.3979711,8.5461647,-0.029000001028180122,-0.24000000953674316,-0.0011869848240166903,-0.0018202629871666431,-9.702474594116211,0.0002145347389159724,-9.938441507983953e-05,-0.00033493750379420817,,
1772701726.8759675,2026-03-05T09:08:46.875968,hover,03,47.3979711,8.5461647,-0.029000001028180122,-0.24000000953674316,-0.0011869848240166903,-0.0018202629871666431,-9.702474594116211,0.0002145347389159724,-9.938441507983953e-05,-0.00033493750379420817,,
1772701726.9833007,2026-03-05T09:08:46.983301,hover,03,47.3979711,8.5461647,-0.029000001028180122,-0.24000000953674316,-0.0011869848240166903,-0.0018202629871666431,-9.702474594116211,0.0002145347389159724,-9.938441507983953e-05,-0.00033493750379420817,,
1772701727.0901093,2026-03-05T09:08:47.090109,hover,03,47.3979711,8.5461647,-0.029000001028180122,-0.24000000953674316,-0.0011869848240166903,-0.0018202629871666431,-9.702474594116211,0.0002145347389159724,-9.938441507983953e-05,-0.00033493750379420817,,
1772701727.1939666,2026-03-05T09:08:47.193967,hover,03,47.3979711,8.5461647,-0.030000001192092896,-0.2410000115633011,0.003926336765289307,0.00036080359132029116,-9.69387435913086,-0.00024329760344699025,-0.00040612852899357677,0.00030968268401920795,,
1772701727.2960718,2026-03-05T09:08:47.296072,hover,03,47.3979711,8.5461647,-0.030000001192092896,-0.2410000115633011,0.003926336765289307,0.00036080359132029116,-9.69387435913086,-0.00024329760344699025,-0.00040612852899357677,0.00030968268401920795,,
1772701727.396814,2026-03-05T09:08:47.396814,hover,03,47.3979711,8.5461647,-0.030000001192092896,-0.2410000115633011,0.003926336765289307,0.00036080359132029116,-9.69387435913086,-0.00024329760344699025,-0.00040612852899357677,0.00030968268401920795,,
1772701727.5011294,2026-03-05T09:08:47.501129,hover,03,47.3979711,8.5461647,-0.03100000135600567,-0.242000013589859,-0.0004148212028667331,-0.0009555132128298283,-9.699033737182617,-0.0003857703413814306,-0.0006643646629527211,0.0007831993279978633,,
1772701727.603186,2026-03-05T09:08:47.603186,hover,03,47.3979711,8.5461647,-0.03100000135600567,-0.242000013589859,-0.0004148212028667331,-0.0009555132128298283,-9.699033737182617,-0.0003857703413814306,-0.0006643646629527211,0.0007831993279978633,,
1772701727.705422,2026-03-05T09:08:47.705422,hover,03,47.3979711,8.5461647,-0.03100000135600567,-0.242000013589859,-0.0004148212028667331,-0.0009555132128298283,-9.699033737182617,-0.0003857703413814306,-0.0006643646629527211,0.0007831993279978633,,
1772701727.8120365,2026-03-05T09:08:47.812037,hover,03,47.3979711,8.5461647,-0.03100000135600567,-0.242000013589859,-0.0004148212028667331,-0.0009555132128298283,-9.699033737182617,-0.0003857703413814306,-0.0006643646629527211,0.0007831993279978633,,
1772701727.9139476,2026-03-05T09:08:47.913948,hover,03,47.3979711,8.5461647,-0.03200000151991844,-0.24300001561641693,-0.0041091651655733585,-0.011378624476492405,-9.694534301757812,-0.0006455560214817524,-0.0013111317530274391,-0.0010180906392633915,,
1772701728.0175593,2026-03-05T09:08:48.017559,hover,03,47.3979711,8.5461647,-0.03200000151991844,-0.24300001561641693,-0.0041091651655733585,-0.011378624476492405,-9.694534301757812,-0.0006455560214817524,-0.0013111317530274391,-0.0010180906392633915,,
1772701728.1193173,2026-03-05T09:08:48.119317,hover,03,47.3979711,8.5461647,-0.03200000151991844,-0.24300001561641693,-0.0041091651655733585,-0.011378624476492405,-9.694534301757812,-0.0006455560214817524,-0.0013111317530274391,-0.0010180906392633915,,
1772701728.2221398,2026-03-05T09:08:48.222140,hover,03,47.3979711,8.5461647,-0.03200000151991844,-0.24300001561641693,0.003664566669613123,0.0018267713021486998,-9.692686080932617,-0.00027521539595909417,-0.0007340790471062064,-0.000339631485985592,,
1772701728.3252454,2026-03-05T09:08:48.325245,hover,03,47.3979711,8.5461647,-0.03200000151991844,-0.24300001561641693,0.003664566669613123,0.0018267713021486998,-9.692686080932617,-0.00027521539595909417,-0.0007340790471062064,-0.000339631485985592,,
1772701728.4271874,2026-03-05T09:08:48.427187,hover,03,47.3979711,8.5461647,-0.03200000151991844,-0.24300001561641693,0.003664566669613123,0.0018267713021486998,-9.692686080932617,-0.00027521539595909417,-0.0007340790471062064,-0.000339631485985592,,
1772701728.5303218,2026-03-05T09:08:48.530322,hover,03,47.3979711,8.5461647,-0.03200000151991844,-0.24300001561641693,0.003664566669613123,0.0018267713021486998,-9.692686080932617,-0.00027521539595909417,-0.0007340790471062064,-0.000339631485985592,,
1772701728.6352005,2026-03-05T09:08:48.635201,hover,03,47.3979711,8.5461647,-0.03200000151991844,-0.24300001561641693,0.003664566669613123,0.0018267713021486998,-9.692686080932617,-0.00027521539595909417,-0.0007340790471062064,-0.000339631485985592,,
1772701728.7402616,2026-03-05T09:08:48.740262,hover,03,47.3979711,8.5461647,-0.03200000151991844,-0.242000013589859,0.002556160558015108,-0.005527106113731861,-9.692813873291016,0.0014764758525416255,0.0007688063778914511,-0.0002960105484817177,,
1772701728.842017,2026-03-05T09:08:48.842017,hover,03,47.3979711,8.5461647,-0.03200000151991844,-0.242000013589859,0.002556160558015108,-0.005527106113731861,-9.692813873291016,0.0014764758525416255,0.0007688063778914511,-0.0002960105484817177,,
1772701728.9439719,2026-03-05T09:08:48.943972,hover,03,47.3979711,8.5461647,-0.03200000151991844,-0.242000013589859,0.002556160558015108,-0.005527106113731861,-9.692813873291016,0.0014764758525416255,0.0007688063778914511,-0.0002960105484817177,,
1772701729.0523279,2026-03-05T09:08:49.052328,hover,03,47.3979711,8.5461647,-0.03200000151991844,-0.242000013589859,0.002556160558015108,-0.005527106113731861,-9.692813873291016,0.0014764758525416255,0.0007688063778914511,-0.0002960105484817177,,
1772701729.1725938,2026-03-05T09:08:49.172594,hover,03,47.3979711,8.5461646,-0.03200000151991844,-0.242000013589859,0.0021735522896051407,0.002396800322458148,-9.69361686706543,-0.0004158778174314648,0.00021991140965837985,0.0008924204739741981,,
1772701729.2782893,2026-03-05T09:08:49.278289,hover,03,47.3979711,8.5461646,-0.03200000151991844,-0.242000013589859,0.0021735522896051407,0.002396800322458148,-9.69361686706543,-0.0004158778174314648,0.00021991140965837985,0.0008924204739741981,,
1772701729.410117,2026-03-05T09:08:49.410117,hover,03,47.3979711,8.5461646,-0.03200000151991844,-0.242000013589859,0.0021735522896051407,0.002396800322458148,-9.69361686706543,-0.0004158778174314648,0.00021991140965837985,0.0008924204739741981,,
1772701729.5552478,2026-03-05T09:08:49.555248,hover,03,47.3979711,8.5461646,-0.03200000151991844,-0.242000013589859,0.0021735522896051407,0.002396800322458148,-9.69361686706543,-0.0004158778174314648,0.00021991140965837985,0.0008924204739741981,,
1772701729.666958,2026-03-05T09:08:49.666958,hover,03,47.3979711,8.5461646,-0.03200000151991844,-0.242000013589859,0.0054054963402450085,-0.00541268615052104,-9.692398071289062,-0.00028126491815783083,-0.0006173619185574353,0.0005704527138732374,,
1772701729.769917,2026-03-05T09:08:49.769917,hover,03,47.3979711,8.5461646,-0.03200000151991844,-0.242000013589859,0.0054054963402450085,-0.00541268615052104,-9.692398071289062,-0.00028126491815783083,-0.0006173619185574353,0.0005704527138732374,,
1772701729.8740265,2026-03-05T09:08:49.874027,hover,03,47.3979711,8.5461646,-0.03200000151991844,-0.242000013589859,0.0054054963402450085,-0.00541268615052104,-9.692398071289062,-0.00028126491815783083,-0.0006173619185574353,0.0005704527138732374,,
1772701729.9771526,2026-03-05T09:08:49.977153,hover,03,47.3979711,8.5461646,-0.03200000151991844,-0.242000013589859,0.0054054963402450085,-0.00541268615052104,-9.692398071289062,-0.00028126491815783083,-0.0006173619185574353,0.0005704527138732374,,
1772701730.0818858,2026-03-05T09:08:50.081886,hover,03,47.3979711,8.5461646,-0.03100000135600567,-0.242000013589859,0.003994777332991362,0.011723849922418594,-9.689233779907227,-7.729895878583193e-05,-0.00028879064484499395,0.0003621842188294977,100.0,16.200000762939453
1772701730.1894343,2026-03-05T09:08:50.189434,hover,03,47.3979711,8.5461646,-0.03100000135600567,-0.242000013589859,0.003994777332991362,0.011723849922418594,-9.689233779907227,-7.729895878583193e-05,-0.00028879064484499395,0.0003621842188294977,100.0,16.200000762939453
1772701730.3216043,2026-03-05T09:08:50.321604,hover,03,47.3979711,8.5461646,-0.03100000135600567,-0.242000013589859,0.003994777332991362,0.011723849922418594,-9.689233779907227,-7.729895878583193e-05,-0.00028879064484499395,0.0003621842188294977,100.0,16.200000762939453
1772701730.4251788,2026-03-05T09:08:50.425179,hover,03,47.3979711,8.5461646,-0.03200000151991844,-0.242000013589859,-0.0034120851196348667,0.008382999338209629,-9.695747375488281,0.0008748149848543108,0.0005514720105566084,-0.00026858437922783196,100.0,16.200000762939453
1772701730.5260563,2026-03-05T09:08:50.526056,hover,03,47.3979711,8.5461646,-0.03200000151991844,-0.242000013589859,-0.0034120851196348667,0.008382999338209629,-9.695747375488281,0.0008748149848543108,0.0005514720105566084,-0.00026858437922783196,100.0,16.200000762939453
1772701730.6280138,2026-03-05T09:08:50.628014,hover,03,47.3979711,8.5461646,-0.03200000151991844,-0.242000013589859,-0.0034120851196348667,0.008382999338209629,-9.695747375488281,0.0008748149848543108,0.0005514720105566084,-0.00026858437922783196,100.0,16.200000762939453
1772701730.7308447,2026-03-05T09:08:50.730845,hover,03,47.3979711,8.5461646,-0.032999999821186066,-0.24300001561641693,0.0020927349105477333,0.0017661218298599124,-9.690191268920898,0.0007236149394884706,0.0004167894076090306,0.0005092847277410328,100.0,16.200000762939453
1772701730.831863,2026-03-05T09:08:50.831863,hover,03,47.3979711,8.5461646,-0.032999999821186066,-0.24300001561641693,0.0020927349105477333,0.0017661218298599124,-9.690191268920898,0.0007236149394884706,0.0004167894076090306,0.0005092847277410328,100.0,16.200000762939453
1772701730.9340281,2026-03-05T09:08:50.934028,hover,03,47.3979711,8.5461646,-0.032999999821186066,-0.24300001561641693,0.0020927349105477333,0.0017661218298599124,-9.690191268920898,0.0007236149394884706,0.0004167894076090306,0.0005092847277410328,100.0,16.200000762939453
1772701731.0371466,2026-03-05T09:08:51.037147,hover,03,47.3979711,8.5461646,-0.032999999821186066,-0.24300001561641693,0.0020927349105477333,0.0017661218298599124,-9.690191268920898,0.0007236149394884706,0.0004167894076090306,0.0005092847277410328,100.0,16.200000762939453
1772701731.141079,2026-03-05T09:08:51.141079,hover,03,47.3979711,8.5461646,-0.032999999821186066,-0.24400001764297485,0.003416365012526512,-9.665559628047049e-05,-9.696107864379883,0.0004651572380680591,0.00026511677424423397,-0.0003427114279475063,100.0,16.200000762939453
1772701731.2479537,2026-03-05T09:08:51.247954,hover,03,47.3979711,8.5461646,-0.032999999821186066,-0.24400001764297485,0.003416365012526512,-9.665559628047049e-05,-9.696107864379883,0.0004651572380680591,0.00026511677424423397,-0.0003427114279475063,100.0,16.200000762939453
1772701731.3501296,2026-03-05T09:08:51.350130,hover,03,47.3979711,8.5461646,-0.039000000804662704,-0.24900001287460327,-0.0013660164549946785,0.008179571479558945,-9.684197425842285,0.00010372493125032634,-0.00027264870004728436,-0.00041179120307788253,100.0,16.200000762939453
1772701731.4539464,2026-03-05T09:08:51.453946,hover,03,47.3979711,8.5461646,-0.039000000804662704,-0.24900001287460327,-0.0013660164549946785,0.008179571479558945,-9.684197425842285,0.00010372493125032634,-0.00027264870004728436,-0.00041179120307788253,100.0,16.200000762939453
1772701731.5561779,2026-03-05T09:08:51.556178,hover,03,47.3979711,8.5461646,-0.039000000804662704,-0.24900001287460327,-0.0013660164549946785,0.008179571479558945,-9.684197425842285,0.00010372493125032634,-0.00027264870004728436,-0.00041179120307788253,100.0,16.200000762939453
1772701731.6593826,2026-03-05T09:08:51.659383,hover,03,47.3979711,8.5461646,-0.039000000804662704,-0.24900001287460327,0.0016677863895893097,0.002943147672340274,-9.702322959899902,-0.00012266873090993613,0.0002504965232219547,-0.0001116873900173232,100.0,16.200000762939453
1772701731.766217,2026-03-05T09:08:51.766217,hover,03,47.3979711,8.5461646,-0.04000000283122063,-0.2510000169277191,0.0016677863895893097,0.002943147672340274,-9.702322959899902,-0.00012266873090993613,0.0002504965232219547,-0.0001116873900173232,100.0,16.200000762939453
1772701731.8802273,2026-03-05T09:08:51.880227,hover,03,47.3979711,8.5461646,-0.04000000283122063,-0.2510000169277191,0.0016677863895893097,0.002943147672340274,-9.702322959899902,-0.00012266873090993613,0.0002504965232219547,-0.0001116873900173232,100.0,16.200000762939453
1772701731.9827983,2026-03-05T09:08:51.982798,hover,03,47.3979711,8.5461646,-0.04000000283122063,-0.2510000169277191,0.0016677863895893097,0.002943147672340274,-9.702322959899902,-0.00012266873090993613,0.0002504965232219547,-0.0001116873900173232,100.0,16.200000762939453
1772701732.0854132,2026-03-05T09:08:52.085413,hover,03,47.3979711,8.5461646,-0.04000000283122063,-0.2510000169277191,0.0016677863895893097,0.002943147672340274,-9.702322959899902,-0.00012266873090993613,0.0002504965232219547,-0.0001116873900173232,100.0,16.200000762939453
1772701732.199931,2026-03-05T09:08:52.199931,hover,03,47.3979711,8.5461646,-0.04100000113248825,-0.25200000405311584,-0.006199990399181843,-0.002420419594272971,-9.692853927612305,-0.0009839519625529647,-0.0004147593572270125,-0.0005420896341092885,100.0,16.200000762939453
1772701732.3044715,2026-03-05T09:08:52.304471,hover,03,47.3979711,8.5461646,-0.04100000113248825,-0.25200000405311584,-0.006199990399181843,-0.002420419594272971,-9.692853927612305,-0.0009839519625529647,-0.0004147593572270125,-0.0005420896341092885,100.0,16.200000762939453
1772701732.408707,2026-03-05T09:08:52.408707,hover,03,47.3979711,8.5461646,-0.04100000113248825,-0.25200000405311584,-0.006199990399181843,-0.002420419594272971,-9.692853927612305,-0.0009839519625529647,-0.0004147593572270125,-0.0005420896341092885,100.0,16.200000762939453
1772701732.5140097,2026-03-05T09:08:52.514010,hover,03,47.3979711,8.5461646,-0.04200000315904617,-0.25200000405311584,-0.0055235582403838634,0.002086792141199112,-9.695380210876465,-0.0008367067785002291,-0.0002057882957160473,0.0006306317518465221,100.0,16.200000762939453
1772701732.624087,2026-03-05T09:08:52.624087,hover,03,47.3979711,8.5461646,-0.04200000315904617,-0.25200000405311584,-0.0055235582403838634,0.002086792141199112,-9.695380210876465,-0.0008367067785002291,-0.0002057882957160473,0.0006306317518465221,100.0,16.200000762939453
1772701732.7259152,2026-03-05T09:08:52.725915,hover,03,47.3979711,8.5461646,-0.04200000315904617,-0.25200000405311584,-0.0055235582403838634,0.002086792141199112,-9.695380210876465,-0.0008367067785002291,-0.0002057882957160473,0.0006306317518465221,100.0,16.200000762939453
1772701732.8274634,2026-03-05T09:08:52.827463,hover,03,47.3979711,8.5461646,-0.04200000315904617,-0.25200000405311584,0.002416563220322132,0.0001642921706661582,-9.699990272521973,-0.0007146562566049397,-0.0010426526423543692,0.0005240589380264282,100.0,16.200000762939453
1772701732.939653,2026-03-05T09:08:52.939653,hover,03,47.3979711,8.5461646,-0.046000003814697266,-0.25699999928474426,0.002416563220322132,0.0001642921706661582,-9.699990272521973,-0.0007146562566049397,-0.0010426526423543692,0.0005240589380264282,100.0,16.200000762939453
1772701733.0468738,2026-03-05T09:08:53.046874,hover,03,47.3979711,8.5461646,-0.046000003814697266,-0.25699999928474426,0.002416563220322132,0.0001642921706661582,-9.699990272521973,-0.0007146562566049397,-0.0010426526423543692,0.0005240589380264282,100.0,16.200000762939453
1772701733.155019,2026-03-05T09:08:53.155019,hover,03,47.3979711,8.5461646,-0.046000003814697266,-0.25699999928474426,0.002416563220322132,0.0001642921706661582,-9.699990272521973,-0.0007146562566049397,-0.0010426526423543692,0.0005240589380264282,100.0,16.200000762939453
1772701733.2595787,2026-03-05T09:08:53.259579,hover,03,47.3979711,8.5461647,-0.04800000041723251,-0.2580000162124634,0.0022310856729745865,-0.001568799838423729,-9.69691276550293,-0.00040808782796375453,0.0004328163922764361,7.898427429609001e-05,100.0,16.200000762939453
1772701733.3651974,2026-03-05T09:08:53.365197,hover,03,47.3979711,8.5461647,-0.04800000041723251,-0.2580000162124634,0.0022310856729745865,-0.001568799838423729,-9.69691276550293,-0.00040808782796375453,0.0004328163922764361,7.898427429609001e-05,100.0,16.200000762939453
1772701733.4680638,2026-03-05T09:08:53.468064,hover,03,47.3979711,8.5461647,-0.04800000041723251,-0.2580000162124634,0.0022310856729745865,-0.001568799838423729,-9.69691276550293,-0.00040808782796375453,0.0004328163922764361,7.898427429609001e-05,100.0,16.200000762939453
1772701733.5834153,2026-03-05T09:08:53.583415,hover,03,47.3979711,8.5461647,-0.04800000041723251,-0.2580000162124634,0.0022310856729745865,-0.001568799838423729,-9.69691276550293,-0.00040808782796375453,0.0004328163922764361,7.898427429609001e-05,100.0,16.200000762939453
1772701733.719749,2026-03-05T09:08:53.719749,hover,03,47.3979711,8.5461647,-0.05000000074505806,-0.2600000202655792,-0.0038161613047122955,0.0017555021913722157,-9.694255828857422,-0.0016062939539551735,-0.0003286445571575314,-0.0006233452004380524,100.0,16.200000762939453
1772701733.8697953,2026-03-05T09:08:53.869795,hover,03,47.3979711,8.5461647,-0.05000000074505806,-0.2600000202655792,-0.0038161613047122955,0.0017555021913722157,-9.694255828857422,-0.0016062939539551735,-0.0003286445571575314,-0.0006233452004380524,100.0,16.200000762939453
1772701733.9759037,2026-03-05T09:08:53.975904,hover,03,47.3979711,8.5461647,-0.05000000074505806,-0.2600000202655792,-0.0038161613047122955,0.0017555021913722157,-9.694255828857422,-0.0016062939539551735,-0.0003286445571575314,-0.0006233452004380524,100.0,16.200000762939453
1772701734.0799778,2026-03-05T09:08:54.079978,hover,03,47.3979711,8.5461647,-0.05000000074505806,-0.2600000202655792,-0.0038161613047122955,0.0017555021913722157,-9.694255828857422,-0.0016062939539551735,-0.0003286445571575314,-0.0006233452004380524,100.0,16.200000762939453
1772701734.1825488,2026-03-05T09:08:54.182549,hover,03,47.3979711,8.5461647,-0.05100000277161598,-0.26100000739097595,0.0006737899384461343,0.006349136587232351,-9.689486503601074,2.8156675398349762e-05,-0.0010524613317102194,-0.001116901752538979,100.0,16.200000762939453
1772701734.2878482,2026-03-05T09:08:54.287848,hover,03,47.3979711,8.5461647,-0.05100000277161598,-0.26100000739097595,0.0006737899384461343,0.006349136587232351,-9.689486503601074,2.8156675398349762e-05,-0.0010524613317102194,-0.001116901752538979,100.0,16.200000762939453
1772701734.3902261,2026-03-05T09:08:54.390226,hover,03,47.3979711,8.5461647,-0.05100000277161598,-0.26100000739097595,0.0006737899384461343,0.006349136587232351,-9.689486503601074,2.8156675398349762e-05,-0.0010524613317102194,-0.001116901752538979,100.0,16.200000762939453
1772701734.4921591,2026-03-05T09:08:54.492159,hover,03,47.3979711,8.5461647,-0.05400000140070915,-0.2639999985694885,0.000580057327169925,0.0040848031640052795,-9.699714660644531,-0.0007971586310304701,0.0011061143595725298,0.000718605297151953,100.0,16.200000762939453
1772701734.5952163,2026-03-05T09:08:54.595216,hover,03,47.3979711,8.5461647,-0.05400000140070915,-0.2639999985694885,0.000580057327169925,0.0040848031640052795,-9.699714660644531,-0.0007971586310304701,0.0011061143595725298,0.000718605297151953,100.0,16.200000762939453
1772701734.7004044,2026-03-05T09:08:54.700404,hover,03,47.3979711,8.5461647,-0.05400000140070915,-0.2639999985694885,0.000580057327169925,0.0040848031640052795,-9.699714660644531,-0.0007971586310304701,0.0011061143595725298,0.000718605297151953,100.0,16.200000762939453
1772701734.818149,2026-03-05T09:08:54.818149,hover,03,47.397971,8.5461647,-0.05300000309944153,-0.2639999985694885,8.547567995265126e-05,-0.004018757492303848,-9.691030502319336,0.0003259601362515241,-8.868399891071022e-05,-0.0004629642062354833,100.0,16.200000762939453
1772701734.9273305,2026-03-05T09:08:54.927330,hover,03,47.397971,8.5461647,-0.05300000309944153,-0.2639999985694885,8.547567995265126e-05,-0.004018757492303848,-9.691030502319336,0.0003259601362515241,-8.868399891071022e-05,-0.0004629642062354833,100.0,16.200000762939453
1772701735.0299602,2026-03-05T09:08:55.029960,hover,03,47.397971,8.5461647,-0.05300000309944153,-0.2639999985694885,8.547567995265126e-05,-0.004018757492303848,-9.691030502319336,0.0003259601362515241,-8.868399891071022e-05,-0.0004629642062354833,100.0,16.200000762939453
1772701735.1424747,2026-03-05T09:08:55.142475,hover,03,47.397971,8.5461647,-0.05300000309944153,-0.2639999985694885,8.547567995265126e-05,-0.004018757492303848,-9.691030502319336,0.0003259601362515241,-8.868399891071022e-05,-0.0004629642062354833,100.0,16.200000762939453
1772701735.2444382,2026-03-05T09:08:55.244438,hover,03,47.397971,8.5461647,-0.05300000309944153,-0.2639999985694885,8.547567995265126e-05,-0.004018757492303848,-9.691030502319336,0.0003259601362515241,-8.868399891071022e-05,-0.0004629642062354833,100.0,16.200000762939453
1772701735.3489285,2026-03-05T09:08:55.348928,hover,03,47.397971,8.5461647,-0.05300000309944153,-0.2639999985694885,-0.002196407178416848,-0.0033009902108460665,-9.689932823181152,-0.0013637604424729943,0.0007390702376142144,-0.000248077412834391,100.0,16.200000762939453
1772701735.452474,2026-03-05T09:08:55.452474,hover,03,47.397971,8.5461647,-0.05300000309944153,-0.2639999985694885,-0.002196407178416848,-0.0033009902108460665,-9.689932823181152,-0.0013637604424729943,0.0007390702376142144,-0.000248077412834391,100.0,16.200000762939453
1772701735.5608916,2026-03-05T09:08:55.560892,hover,03,47.397971,8.5461647,-0.05300000309944153,-0.2639999985694885,-0.002196407178416848,-0.0033009902108460665,-9.689932823181152,-0.0013637604424729943,0.0007390702376142144,-0.000248077412834391,100.0,16.200000762939453
1772701735.6634164,2026-03-05T09:08:55.663416,hover,03,47.397971,8.5461647,-0.05400000140070915,-0.26500001549720764,-3.704545088112354e-05,-0.004364697262644768,-9.696145057678223,0.00014369683049153537,0.00018847754108719528,0.0005872677429579198,100.0,16.200000762939453
1772701735.7682369,2026-03-05T09:08:55.768237,hover,03,47.397971,8.5461647,-0.05400000140070915,-0.26500001549720764,-3.704545088112354e-05,-0.004364697262644768,-9.696145057678223,0.00014369683049153537,0.00018847754108719528,0.0005872677429579198,100.0,16.200000762939453
1772701735.869862,2026-03-05T09:08:55.869862,hover,03,47.397971,8.5461647,-0.05400000140070915,-0.26500001549720764,-3.704545088112354e-05,-0.004364697262644768,-9.696145057678223,0.00014369683049153537,0.00018847754108719528,0.0005872677429579198,100.0,16.200000762939453
1772701735.9713535,2026-03-05T09:08:55.971354,hover,03,47.397971,8.5461647,-0.05400000140070915,-0.26500001549720764,-5.28257223777473e-05,0.0030620936304330826,-9.702245712280273,-0.0008099156548269093,0.0005106989992782474,0.0002037890226347372,100.0,16.200000762939453
1772701736.0731106,2026-03-05T09:08:56.073111,hover,03,47.397971,8.5461647,-0.05300000309944153,-0.2639999985694885,-5.28257223777473e-05,0.0030620936304330826,-9.702245712280273,-0.0008099156548269093,0.0005106989992782474,0.0002037890226347372,100.0,16.200000762939453
1772701736.1762066,2026-03-05T09:08:56.176207,hover,03,47.397971,8.5461647,-0.05300000309944153,-0.2639999985694885,-5.28257223777473e-05,0.0030620936304330826,-9.702245712280273,-0.0008099156548269093,0.0005106989992782474,0.0002037890226347372,100.0,16.200000762939453
1772701736.2779305,2026-03-05T09:08:56.277930,hover,03,47.397971,8.5461647,-0.05300000309944153,-0.2639999985694885,-5.28257223777473e-05,0.0030620936304330826,-9.702245712280273,-0.0008099156548269093,0.0005106989992782474,0.0002037890226347372,100.0,16.200000762939453
1772701736.3829584,2026-03-05T09:08:56.382958,hover,03,47.397971,8.5461647,-0.05400000140070915,-0.2639999985694885,-0.0014109066687524319,0.004152924288064241,-9.696633338928223,0.0006673199823126197,8.57952909427695e-05,-0.0009702444658614695,100.0,16.200000762939453
1772701736.4851174,2026-03-05T09:08:56.485117,hover,03,47.397971,8.5461647,-0.05400000140070915,-0.2639999985694885,-0.0014109066687524319,0.004152924288064241,-9.696633338928223,0.0006673199823126197,8.57952909427695e-05,-0.0009702444658614695,100.0,16.200000762939453
1772701736.6299458,2026-03-05T09:08:56.629946,hover,03,47.397971,8.5461647,-0.05400000140070915,-0.2639999985694885,-0.0014109066687524319,0.004152924288064241,-9.696633338928223,0.0006673199823126197,8.57952909427695e-05,-0.0009702444658614695,100.0,16.200000762939453
1772701736.7499692,2026-03-05T09:08:56.749969,hover,03,47.397971,8.5461647,-0.05400000140070915,-0.2639999985694885,-0.005572769325226545,-0.006873080041259527,-9.698529243469238,0.0005977327818982303,0.0007520320359617472,0.0004026188107673079,100.0,16.200000762939453
1772701736.8520188,2026-03-05T09:08:56.852019,hover,03,47.397971,8.5461647,-0.055000003427267075,-0.26500001549720764,-0.005572769325226545,-0.006873080041259527,-9.698529243469238,0.0005977327818982303,0.0007520320359617472,0.0004026188107673079,100.0,16.200000762939453
1772701736.9561343,2026-03-05T09:08:56.956134,hover,03,47.397971,8.5461647,-0.055000003427267075,-0.26500001549720764,-0.005572769325226545,-0.006873080041259527,-9.698529243469238,0.0005977327818982303,0.0007520320359617472,0.0004026188107673079,100.0,16.200000762939453
1772701737.0595303,2026-03-05T09:08:57.059530,hover,03,47.397971,8.5461647,-0.055000003427267075,-0.26600000262260437,-0.0015630910638719797,-0.008257887326180935,-9.68960952758789,-0.00012343315756879747,-0.00019495608285069466,-0.00024692172883078456,100.0,16.200000762939453
1772701737.1624153,2026-03-05T09:08:57.162415,hover,03,47.397971,8.5461647,-0.055000003427267075,-0.26600000262260437,-0.0015630910638719797,-0.008257887326180935,-9.68960952758789,-0.00012343315756879747,-0.00019495608285069466,-0.00024692172883078456,100.0,16.200000762939453
1772701737.2683666,2026-03-05T09:08:57.268367,hover,03,47.397971,8.5461647,-0.055000003427267075,-0.26600000262260437,-0.0015630910638719797,-0.008257887326180935,-9.68960952758789,-0.00012343315756879747,-0.00019495608285069466,-0.00024692172883078456,100.0,16.200000762939453
1772701737.3750691,2026-03-05T09:08:57.375069,hover,03,47.397971,8.5461647,-0.0560000017285347,-0.2670000195503235,-5.347019759938121e-05,0.005052677355706692,-9.696272850036621,0.0002746789832599461,0.0005430507590062916,0.00019765732577070594,100.0,16.200000762939453
1772701737.4770668,2026-03-05T09:08:57.477067,hover,03,47.397971,8.5461647,-0.0560000017285347,-0.2670000195503235,-5.347019759938121e-05,0.005052677355706692,-9.696272850036621,0.0002746789832599461,0.0005430507590062916,0.00019765732577070594,100.0,16.200000762939453
1772701737.585068,2026-03-05T09:08:57.585068,hover,03,47.397971,8.5461647,-0.0560000017285347,-0.2670000195503235,-5.347019759938121e-05,0.005052677355706692,-9.696272850036621,0.0002746789832599461,0.0005430507590062916,0.00019765732577070594,100.0,16.200000762939453
1772701737.6910791,2026-03-05T09:08:57.691079,hover,03,47.397971,8.5461647,-0.05700000375509262,-0.2670000195503235,0.0024686409160494804,-0.0031020028982311487,-9.703877449035645,0.0007185147842392325,0.000978182884864509,0.0001284666359424591,100.0,16.200000762939453
1772701737.8099823,2026-03-05T09:08:57.809982,hover,03,47.397971,8.5461647,-0.05700000375509262,-0.2670000195503235,0.0024686409160494804,-0.0031020028982311487,-9.703877449035645,0.0007185147842392325,0.000978182884864509,0.0001284666359424591,100.0,16.200000762939453
1772701737.9149878,2026-03-05T09:08:57.914988,hover,03,47.397971,8.5461647,-0.05700000375509262,-0.2670000195503235,0.0024686409160494804,-0.0031020028982311487,-9.703877449035645,0.0007185147842392325,0.000978182884864509,0.0001284666359424591,100.0,16.200000762939453
1772701738.021103,2026-03-05T09:08:58.021103,hover,03,47.397971,8.5461647,-0.05700000375509262,-0.2670000195503235,0.0024686409160494804,-0.0031020028982311487,-9.703877449035645,0.0007185147842392325,0.000978182884864509,0.0001284666359424591,100.0,16.200000762939453
1772701738.122055,2026-03-05T09:08:58.122055,hover,03,47.397971,8.5461647,-0.058000002056360245,-0.2680000066757202,-0.003640339709818363,0.0015924271428957582,-9.699752807617188,-0.000806919124443084,-0.0009363893186673522,0.00048095089732669294,100.0,16.200000762939453
1772701738.2239428,2026-03-05T09:08:58.223943,hover,03,47.397971,8.5461647,-0.058000002056360245,-0.2680000066757202,-0.003640339709818363,0.0015924271428957582,-9.699752807617188,-0.000806919124443084,-0.0009363893186673522,0.00048095089732669294,100.0,16.200000762939453
1772701738.3290703,2026-03-05T09:08:58.329070,hover,03,47.397971,8.5461647,-0.058000002056360245,-0.2680000066757202,-0.003640339709818363,0.0015924271428957582,-9.699752807617188,-0.000806919124443084,-0.0009363893186673522,0.00048095089732669294,100.0,16.200000762939453
1772701738.4301915,2026-03-05T09:08:58.430192,hover,03,47.397971,8.5461647,-0.05900000408291817,-0.26900002360343933,-0.0006563282222487032,0.0011073254281654954,-9.703539848327637,-0.0006089227390475571,-0.0005328659317456186,-0.001030530664138496,100.0,16.200000762939453
1772701738.5312726,2026-03-05T09:08:58.531273,hover,03,47.397971,8.5461647,-0.05900000408291817,-0.26900002360343933,-0.0006563282222487032,0.0011073254281654954,-9.703539848327637,-0.0006089227390475571,-0.0005328659317456186,-0.001030530664138496,100.0,16.200000762939453
1772701738.642476,2026-03-05T09:08:58.642476,hover,03,47.397971,8.5461647,-0.05900000408291817,-0.26900002360343933,-0.0006563282222487032,0.0011073254281654954,-9.703539848327637,-0.0006089227390475571,-0.0005328659317456186,-0.001030530664138496,100.0,16.200000762939453
1772701738.748164,2026-03-05T09:08:58.748164,hover,03,47.397971,8.5461647,-0.05900000408291817,-0.26900002360343933,-0.0006563282222487032,0.0011073254281654954,-9.703539848327637,-0.0006089227390475571,-0.0005328659317456186,-0.001030530664138496,100.0,16.200000762939453
1772701738.850089,2026-03-05T09:08:58.850089,hover,03,47.397971,8.5461647,-0.05900000408291817,-0.27000001072883606,-0.004590476397424936,-0.002064637839794159,-9.694184303283691,-0.0002023054112214595,0.0010217460803687572,-0.000853407138492912,100.0,16.200000762939453
1772701738.9517715,2026-03-05T09:08:58.951771,hover,03,47.397971,8.5461647,-0.05900000408291817,-0.27000001072883606,-0.004590476397424936,-0.002064637839794159,-9.694184303283691,-0.0002023054112214595,0.0010217460803687572,-0.000853407138492912,100.0,16.200000762939453
1772701739.0525243,2026-03-05T09:08:59.052524,hover,03,47.397971,8.5461647,-0.05900000408291817,-0.27000001072883606,-0.004590476397424936,-0.002064637839794159,-9.694184303283691,-0.0002023054112214595,0.0010217460803687572,-0.000853407138492912,100.0,16.200000762939453
1772701739.2282102,2026-03-05T09:08:59.228210,hover,03,47.397971,8.5461647,-0.05900000408291817,-0.27000001072883606,-0.004590476397424936,-0.002064637839794159,-9.694184303283691,-0.0002023054112214595,0.0010217460803687572,-0.000853407138492912,100.0,16.200000762939453
1772701739.331715,2026-03-05T09:08:59.331715,hover,03,47.397971,8.5461647,-0.05900000408291817,-0.27000001072883606,-0.004590476397424936,-0.002064637839794159,-9.694184303283691,-0.0002023054112214595,0.0010217460803687572,-0.000853407138492912,100.0,16.200000762939453
1772701739.4350667,2026-03-05T09:08:59.435067,hover,03,47.397971,8.5461647,-0.06000000238418579,-0.27000001072883606,-0.0006165162776596844,0.006148159969598055,-9.693254470825195,0.0009739486267790198,-0.0012053914833813906,0.0004504325333982706,100.0,16.200000762939453
1772701739.541965,2026-03-05T09:08:59.541965,hover,03,47.397971,8.5461647,-0.06100000441074371,-0.2710000276565552,0.0011187291238456964,0.0074462066404521465,-9.699386596679688,-0.0006111309630796313,-0.0012685224646702409,-0.0006563111674040556,100.0,16.200000762939453
1772701739.6480186,2026-03-05T09:08:59.648019,hover,03,47.397971,8.5461647,-0.06100000441074371,-0.2710000276565552,0.0011187291238456964,0.0074462066404521465,-9.699386596679688,-0.0006111309630796313,-0.0012685224646702409,-0.0006563111674040556,100.0,16.200000762939453
1772701739.7584684,2026-03-05T09:08:59.758468,hover,03,47.397971,8.5461647,-0.06100000441074371,-0.2710000276565552,0.0011187291238456964,0.0074462066404521465,-9.699386596679688,-0.0006111309630796313,-0.0012685224646702409,-0.0006563111674040556,100.0,16.200000762939453
1772701739.875746,2026-03-05T09:08:59.875746,hover,03,47.397971,8.5461647,-0.06100000441074371,-0.2710000276565552,0.0011187291238456964,0.0074462066404521465,-9.699386596679688,-0.0006111309630796313,-0.0012685224646702409,-0.0006563111674040556,100.0,16.200000762939453
1772701739.9885142,2026-03-05T09:08:59.988514,hover,03,47.397971,8.5461647,-0.06100000441074371,-0.2720000147819519,-0.0024759627413004637,-0.0002427370345685631,-9.697040557861328,0.0001279382559005171,-0.0001440104388166219,0.0011801020009443164,100.0,16.200000762939453
1772701740.0903323,2026-03-05T09:09:00.090332,hover,03,47.397971,8.5461647,-0.06100000441074371,-0.2720000147819519,-0.0024759627413004637,-0.0002427370345685631,-9.697040557861328,0.0001279382559005171,-0.0001440104388166219,0.0011801020009443164,100.0,16.200000762939453
1772701740.1987753,2026-03-05T09:09:00.198775,hover,03,47.397971,8.5461647,-0.06100000441074371,-0.2720000147819519,-0.0024759627413004637,-0.0002427370345685631,-9.697040557861328,0.0001279382559005171,-0.0001440104388166219,0.0011801020009443164,100.0,16.200000762939453
1772701740.3083007,2026-03-05T09:09:00.308301,hover,03,47.397971,8.5461647,-0.06700000166893005,-0.27800002694129944,-0.004705744795501232,-0.0071389339864254,-9.701149940490723,-0.00020156301616225392,0.0005452802288345993,-0.0006233794265426695,100.0,16.200000762939453
1772701740.4110992,2026-03-05T09:09:00.411099,hover,03,47.397971,8.5461647,-0.06700000166893005,-0.27800002694129944,-0.004705744795501232,-0.0071389339864254,-9.701149940490723,-0.00020156301616225392,0.0005452802288345993,-0.0006233794265426695,100.0,16.200000762939453
1772701740.5245438,2026-03-05T09:09:00.524544,hover,03,47.397971,8.5461647,-0.06700000166893005,-0.27800002694129944,-0.004705744795501232,-0.0071389339864254,-9.701149940490723,-0.00020156301616225392,0.0005452802288345993,-0.0006233794265426695,100.0,16.200000762939453
1772701740.6280384,2026-03-05T09:09:00.628038,hover,03,47.397971,8.5461647,-0.06700000166893005,-0.27800002694129944,-0.004705744795501232,-0.0071389339864254,-9.701149940490723,-0.00020156301616225392,0.0005452802288345993,-0.0006233794265426695,100.0,16.200000762939453
1772701740.731544,2026-03-05T09:09:00.731544,hover,03,47.397971,8.5461647,-0.06700000166893005,-0.27800002694129944,-0.004705744795501232,-0.0071389339864254,-9.701149940490723,-0.00020156301616225392,0.0005452802288345993,-0.0006233794265426695,100.0,16.200000762939453
1772701740.8366585,2026-03-05T09:09:00.836658,hover,03,47.397971,8.5461647,-0.06800000369548798,-0.27900001406669617,-0.005306352395564318,-0.0041037313640117645,-9.697991371154785,6.871981895528734e-06,-0.00047070602886378765,0.0007104482501745224,100.0,16.200000762939453
1772701740.94235,2026-03-05T09:09:00.942350,hover,03,47.397971,8.5461647,-0.06800000369548798,-0.27900001406669617,-0.005306352395564318,-0.0041037313640117645,-9.697991371154785,6.871981895528734e-06,-0.00047070602886378765,0.0007104482501745224,100.0,16.200000762939453
1772701741.0438018,2026-03-05T09:09:01.043802,hover,03,47.397971,8.5461647,-0.06800000369548798,-0.27900001406669617,-0.005306352395564318,-0.0041037313640117645,-9.697991371154785,6.871981895528734e-06,-0.00047070602886378765,0.0007104482501745224,100.0,16.200000762939453
1772701741.1453888,2026-03-05T09:09:01.145389,hover,03,47.397971,8.5461647,-0.06800000369548798,-0.27900001406669617,-0.005306352395564318,-0.0041037313640117645,-9.697991371154785,6.871981895528734e-06,-0.00047070602886378765,0.0007104482501745224,100.0,16.200000762939453
1772701741.2562115,2026-03-05T09:09:01.256212,hover,03,47.397971,8.5461647,-0.07000000029802322,-0.2800000011920929,0.009270941838622093,-0.0019307616166770458,-9.693405151367188,-0.0007719830609858036,-0.0010369851952418685,-0.00010787865903694183,100.0,16.200000762939453
1772701741.3581698,2026-03-05T09:09:01.358170,hover,03,47.397971,8.5461647,-0.07000000029802322,-0.2800000011920929,0.009270941838622093,-0.0019307616166770458,-9.693405151367188,-0.0007719830609858036,-0.0010369851952418685,-0.00010787865903694183,100.0,16.200000762939453
1772701741.4676163,2026-03-05T09:09:01.467616,hover,03,47.397971,8.5461647,-0.07100000232458115,-0.281000018119812,-0.009431528858840466,-0.002544325077906251,-9.700791358947754,-0.00046731956535950303,0.0002339314087294042,-0.00018397507665213197,100.0,16.200000762939453
1772701741.573801,2026-03-05T09:09:01.573801,hover,03,47.397971,8.5461647,-0.07100000232458115,-0.281000018119812,-0.009431528858840466,-0.002544325077906251,-9.700791358947754,-0.00046731956535950303,0.0002339314087294042,-0.00018397507665213197,100.0,16.200000762939453
1772701741.6781876,2026-03-05T09:09:01.678188,hover,03,47.397971,8.5461647,-0.07100000232458115,-0.281000018119812,-0.009431528858840466,-0.002544325077906251,-9.700791358947754,-0.00046731956535950303,0.0002339314087294042,-0.00018397507665213197,100.0,16.200000762939453
1772701741.7811298,2026-03-05T09:09:01.781130,hover,03,47.397971,8.5461647,-0.07200000435113907,-0.28200000524520874,-0.002130891429260373,-0.0019326740875840187,-9.693926811218262,0.0005098736146464944,-0.000918064615689218,-0.0005664060008712113,100.0,16.200000762939453
1772701741.899934,2026-03-05T09:09:01.899934,hover,03,47.397971,8.5461647,-0.07200000435113907,-0.28200000524520874,-0.002130891429260373,-0.0019326740875840187,-9.693926811218262,0.0005098736146464944,-0.000918064615689218,-0.0005664060008712113,100.0,16.200000762939453
1772701742.0012066,2026-03-05T09:09:02.001207,hover,03,47.397971,8.5461647,-0.07200000435113907,-0.28200000524520874,-0.002130891429260373,-0.0019326740875840187,-9.693926811218262,0.0005098736146464944,-0.000918064615689218,-0.0005664060008712113,100.0,16.200000762939453
1772701742.1083205,2026-03-05T09:09:02.108320,hover,03,47.397971,8.5461647,-0.07300000637769699,-0.28300002217292786,0.002936186268925667,0.006516771856695414,-9.699685096740723,-2.251774276373908e-06,-0.0010771842207759619,0.0006855798419564962,100.0,16.200000762939453
1772701742.2151902,2026-03-05T09:09:02.215190,hover,03,47.397971,8.5461647,-0.07300000637769699,-0.28300002217292786,0.002936186268925667,0.006516771856695414,-9.699685096740723,-2.251774276373908e-06,-0.0010771842207759619,0.0006855798419564962,100.0,16.200000762939453
1772701742.318135,2026-03-05T09:09:02.318135,hover,03,47.397971,8.5461647,-0.07300000637769699,-0.28300002217292786,0.002936186268925667,0.006516771856695414,-9.699685096740723,-2.251774276373908e-06,-0.0010771842207759619,0.0006855798419564962,100.0,16.200000762939453
1772701742.4193115,2026-03-05T09:09:02.419312,hover,03,47.397971,8.5461647,-0.07300000637769699,-0.28300002217292786,0.002936186268925667,0.006516771856695414,-9.699685096740723,-2.251774276373908e-06,-0.0010771842207759619,0.0006855798419564962,100.0,16.200000762939453
1772701742.5253656,2026-03-05T09:09:02.525366,hover,03,47.397971,8.5461647,-0.07400000095367432,-0.2850000262260437,-0.004957857076078653,-0.008770371787250042,-9.683369636535645,0.0004170533502474427,0.00045563699677586555,0.0005123093724250793,100.0,16.200000762939453
1772701742.6272335,2026-03-05T09:09:02.627234,hover,03,47.397971,8.5461647,-0.07400000095367432,-0.2850000262260437,-0.004957857076078653,-0.008770371787250042,-9.683369636535645,0.0004170533502474427,0.00045563699677586555,0.0005123093724250793,100.0,16.200000762939453
1772701742.7309875,2026-03-05T09:09:02.730988,hover,03,47.397971,8.5461647,-0.07400000095367432,-0.2850000262260437,-0.004957857076078653,-0.008770371787250042,-9.683369636535645,0.0004170533502474427,0.00045563699677586555,0.0005123093724250793,100.0,16.200000762939453
1772701742.8340003,2026-03-05T09:09:02.834000,hover,03,47.397971,8.5461647,-0.07400000095367432,-0.2850000262260437,-0.004957857076078653,-0.008770371787250042,-9.683369636535645,0.0004170533502474427,0.00045563699677586555,0.0005123093724250793,100.0,16.200000762939453
1772701742.9370196,2026-03-05T09:09:02.937020,hover,03,47.397971,8.5461647,-0.07400000095367432,-0.2850000262260437,-0.004957857076078653,-0.008770371787250042,-9.683369636535645,0.0004170533502474427,0.00045563699677586555,0.0005123093724250793,100.0,16.200000762939453
1772701743.0383563,2026-03-05T09:09:03.038356,hover,03,47.397971,8.5461647,-0.07400000095367432,-0.2850000262260437,-0.004957857076078653,-0.008770371787250042,-9.683369636535645,0.0004170533502474427,0.00045563699677586555,0.0005123093724250793,100.0,16.200000762939453
1772701743.1401253,2026-03-05T09:09:03.140125,hover,03,47.397971,8.5461647,-0.07500000298023224,-0.28600001335144043,0.004922728985548019,-0.002147124847397208,-9.694998741149902,0.00017564519657753408,-0.00021590545657090843,-0.00045145084732212126,100.0,16.200000762939453
1772701743.242841,2026-03-05T09:09:03.242841,hover,03,47.397971,8.5461647,-0.07500000298023224,-0.28600001335144043,0.004922728985548019,-0.002147124847397208,-9.694998741149902,0.00017564519657753408,-0.00021590545657090843,-0.00045145084732212126,100.0,16.200000762939453
1772701743.3452826,2026-03-05T09:09:03.345283,hover,03,47.397971,8.5461647,-0.07600000500679016,-0.28700000047683716,-0.005216854624450207,-0.00047693788656033576,-9.701822280883789,-0.0006118715391494334,-0.0010111391311511397,-8.121294376906008e-05,100.0,16.200000762939453
1772701743.450418,2026-03-05T09:09:03.450418,hover,03,47.397971,8.5461647,-0.07600000500679016,-0.28700000047683716,-0.005216854624450207,-0.00047693788656033576,-9.701822280883789,-0.0006118715391494334,-0.0010111391311511397,-8.121294376906008e-05,100.0,16.200000762939453
1772701743.5537643,2026-03-05T09:09:03.553764,hover,03,47.397971,8.5461647,-0.07600000500679016,-0.28700000047683716,-0.005216854624450207,-0.00047693788656033576,-9.701822280883789,-0.0006118715391494334,-0.0010111391311511397,-8.121294376906008e-05,100.0,16.200000762939453
1772701743.6682122,2026-03-05T09:09:03.668212,hover,03,47.3979711,8.5461647,-0.07500000298023224,-0.28600001335144043,0.007935570552945137,0.007237312849611044,-9.69652271270752,-0.0003773821808863431,-0.000256421510130167,3.0462917493423447e-05,100.0,16.200000762939453
1772701743.7738416,2026-03-05T09:09:03.773842,hover,03,47.3979711,8.5461647,-0.07500000298023224,-0.28600001335144043,0.007935570552945137,0.007237312849611044,-9.69652271270752,-0.0003773821808863431,-0.000256421510130167,3.0462917493423447e-05,100.0,16.200000762939453
1772701743.8771071,2026-03-05T09:09:03.877107,hover,03,47.3979711,8.5461647,-0.07500000298023224,-0.28600001335144043,0.007935570552945137,0.007237312849611044,-9.69652271270752,-0.0003773821808863431,-0.000256421510130167,3.0462917493423447e-05,100.0,16.200000762939453
1772701743.9930844,2026-03-05T09:09:03.993084,hover,03,47.3979711,8.5461647,-0.07500000298023224,-0.28600001335144043,0.007935570552945137,0.007237312849611044,-9.69652271270752,-0.0003773821808863431,-0.000256421510130167,3.0462917493423447e-05,100.0,16.200000762939453
1772701744.0951622,2026-03-05T09:09:04.095162,hover,03,47.3979711,8.5461647,-0.07500000298023224,-0.28600001335144043,0.005339908879250288,0.007444505579769611,-9.700210571289062,8.12562502687797e-05,-0.00031206279527395964,-0.000152665757923387,100.0,16.200000762939453
1772701744.2000728,2026-03-05T09:09:04.200073,hover,03,47.3979711,8.5461647,-0.07500000298023224,-0.28600001335144043,0.005339908879250288,0.007444505579769611,-9.700210571289062,8.12562502687797e-05,-0.00031206279527395964,-0.000152665757923387,100.0,16.200000762939453
1772701744.3101354,2026-03-05T09:09:04.310135,hover,03,47.3979711,8.5461647,-0.07500000298023224,-0.28600001335144043,0.005339908879250288,0.007444505579769611,-9.700210571289062,8.12562502687797e-05,-0.00031206279527395964,-0.000152665757923387,100.0,16.200000762939453
1772701744.4107883,2026-03-05T09:09:04.410788,hover,03,47.3979711,8.5461647,-0.07500000298023224,-0.28600001335144043,0.005339908879250288,0.007444505579769611,-9.700210571289062,8.12562502687797e-05,-0.00031206279527395964,-0.000152665757923387,100.0,16.200000762939453
1772701744.5173008,2026-03-05T09:09:04.517301,hover,03,47.3979711,8.5461647,-0.07500000298023224,-0.28600001335144043,0.005339908879250288,0.007444505579769611,-9.700210571289062,8.12562502687797e-05,-0.00031206279527395964,-0.000152665757923387,100.0,16.200000762939453
1772701744.6220973,2026-03-05T09:09:04.622097,hover,03,47.3979711,8.5461647,-0.07800000160932541,-0.2880000174045563,-0.0031456858851015568,-0.0038018326740711927,-9.690735816955566,0.0005024244310334325,0.00013026094529777765,-0.0008872037287801504,100.0,16.200000762939453
1772701744.7301695,2026-03-05T09:09:04.730170,hover,03,47.3979711,8.5461647,-0.07800000160932541,-0.2880000174045563,-0.0031456858851015568,-0.0038018326740711927,-9.690735816955566,0.0005024244310334325,0.00013026094529777765,-0.0008872037287801504,100.0,16.200000762939453
1772701744.8329365,2026-03-05T09:09:04.832937,hover,03,47.3979711,8.5461647,-0.07800000160932541,-0.2880000174045563,-0.0031456858851015568,-0.0038018326740711927,-9.690735816955566,0.0005024244310334325,0.00013026094529777765,-0.0008872037287801504,100.0,16.200000762939453
1772701744.9622066,2026-03-05T09:09:04.962207,hover,03,47.3979711,8.5461647,-0.08000000566244125,-0.2900000214576721,0.0027052578516304493,-0.006655926816165447,-9.698891639709473,-7.421270129270852e-05,0.000777923094574362,-3.3458050893386826e-05,100.0,16.200000762939453
1772701745.0893717,2026-03-05T09:09:05.089372,hover,03,47.3979711,8.5461647,-0.08000000566244125,-0.2900000214576721,0.0027052578516304493,-0.006655926816165447,-9.698891639709473,-7.421270129270852e-05,0.000777923094574362,-3.3458050893386826e-05,100.0,16.200000762939453
1772701745.1989303,2026-03-05T09:09:05.198930,hover,03,47.3979711,8.5461647,-0.08000000566244125,-0.2900000214576721,0.0027052578516304493,-0.006655926816165447,-9.698891639709473,-7.421270129270852e-05,0.000777923094574362,-3.3458050893386826e-05,100.0,16.200000762939453
1772701745.3001993,2026-03-05T09:09:05.300199,hover,03,47.3979711,8.5461647,-0.08000000566244125,-0.2900000214576721,0.0027052578516304493,-0.006655926816165447,-9.698891639709473,-7.421270129270852e-05,0.000777923094574362,-3.3458050893386826e-05,100.0,16.200000762939453
1772701745.4013395,2026-03-05T09:09:05.401340,hover,03,47.3979711,8.5461647,-0.08000000566244125,-0.2900000214576721,0.0027052578516304493,-0.006655926816165447,-9.698891639709473,-7.421270129270852e-05,0.000777923094574362,-3.3458050893386826e-05,100.0,16.200000762939453
1772701745.505064,2026-03-05T09:09:05.505064,hover,03,47.3979711,8.5461647,-0.08000000566244125,-0.29100000858306885,-0.004882120527327061,-0.0025263638235628605,-9.702469825744629,-0.0016151121817529202,-0.000748713908251375,-0.0012614002916961908,100.0,16.200000762939453
1772701745.6063623,2026-03-05T09:09:05.606362,hover,03,47.3979711,8.5461647,-0.08000000566244125,-0.29100000858306885,-0.004882120527327061,-0.0025263638235628605,-9.702469825744629,-0.0016151121817529202,-0.000748713908251375,-0.0012614002916961908,100.0,16.200000762939453
1772701745.707307,2026-03-05T09:09:05.707307,hover,03,47.3979711,8.5461647,-0.08000000566244125,-0.29100000858306885,-0.004882120527327061,-0.0025263638235628605,-9.702469825744629,-0.0016151121817529202,-0.000748713908251375,-0.0012614002916961908,100.0,16.200000762939453
1772701745.813905,2026-03-05T09:09:05.813905,hover,03,47.3979711,8.5461647,-0.08000000566244125,-0.29100000858306885,-0.004882120527327061,-0.0025263638235628605,-9.702469825744629,-0.0016151121817529202,-0.000748713908251375,-0.0012614002916961908,100.0,16.200000762939453
1772701745.917934,2026-03-05T09:09:05.917934,hover,03,47.3979711,8.5461647,-0.08000000566244125,-0.29100000858306885,-0.004882120527327061,-0.0025263638235628605,-9.702469825744629,-0.0016151121817529202,-0.000748713908251375,-0.0012614002916961908,100.0,16.200000762939453
1772701746.018285,2026-03-05T09:09:06.018285,hover,03,47.3979711,8.5461647,-0.08000000566244125,-0.29100000858306885,-0.0010142915416508913,0.0019461022457107902,-9.69849681854248,0.0008395425393246114,-8.984749729279429e-05,0.0002468237653374672,100.0,16.200000762939453
1772701746.1198106,2026-03-05T09:09:06.119811,hover,03,47.3979711,8.5461647,-0.08000000566244125,-0.29100000858306885,-0.0010142915416508913,0.0019461022457107902,-9.69849681854248,0.0008395425393246114,-8.984749729279429e-05,0.0002468237653374672,100.0,16.200000762939453
1772701746.2371476,2026-03-05T09:09:06.237148,hover,03,47.3979711,8.5461647,-0.08000000566244125,-0.29100000858306885,-0.0010142915416508913,0.0019461022457107902,-9.69849681854248,0.0008395425393246114,-8.984749729279429e-05,0.0002468237653374672,100.0,16.200000762939453
1772701746.3470738,2026-03-05T09:09:06.347074,hover,03,47.3979711,8.5461647,-0.08000000566244125,-0.29100000858306885,-0.0010142915416508913,0.0019461022457107902,-9.69849681854248,0.0008395425393246114,-8.984749729279429e-05,0.0002468237653374672,100.0,16.200000762939453
1772701746.4500554,2026-03-05T09:09:06.450055,hover,03,47.3979711,8.5461647,-0.08000000566244125,-0.29100000858306885,-0.0010142915416508913,0.0019461022457107902,-9.69849681854248,0.0008395425393246114,-8.984749729279429e-05,0.0002468237653374672,100.0,16.200000762939453
1772701746.5538564,2026-03-05T09:09:06.553856,hover,03,47.3979711,8.5461647,-0.08100000023841858,-0.29100000858306885,-0.004912270698696375,0.0029418233316391706,-9.703248023986816,0.0005021513788960874,-0.0004174989298917353,0.0003499559825286269,100.0,16.200000762939453
1772701746.6808326,2026-03-05T09:09:06.680833,hover,03,47.3979711,8.5461647,-0.08100000023841858,-0.29100000858306885,-0.004912270698696375,0.0029418233316391706,-9.703248023986816,0.0005021513788960874,-0.0004174989298917353,0.0003499559825286269,100.0,16.200000762939453
1772701746.7834115,2026-03-05T09:09:06.783412,hover,03,47.3979711,8.5461647,-0.08100000023841858,-0.29100000858306885,-0.004912270698696375,0.0029418233316391706,-9.703248023986816,0.0005021513788960874,-0.0004174989298917353,0.0003499559825286269,100.0,16.200000762939453
1772701746.8864672,2026-03-05T09:09:06.886467,hover,03,47.3979711,8.5461647,-0.08100000023841858,-0.29100000858306885,-0.004912270698696375,0.0029418233316391706,-9.703248023986816,0.0005021513788960874,-0.0004174989298917353,0.0003499559825286269,100.0,16.200000762939453
1772701746.9911952,2026-03-05T09:09:06.991195,hover,03,47.3979711,8.5461647,-0.08100000023841858,-0.29100000858306885,-0.0022151002194732428,-0.0018860604614019394,-9.697318077087402,-0.0006317318184301257,0.0002431132015772164,-2.264553404529579e-05,100.0,16.200000762939453
1772701747.108306,2026-03-05T09:09:07.108306,hover,03,47.3979711,8.5461647,-0.08100000023841858,-0.29100000858306885,-0.0022151002194732428,-0.0018860604614019394,-9.697318077087402,-0.0006317318184301257,0.0002431132015772164,-2.264553404529579e-05,100.0,16.200000762939453
1772701747.2140696,2026-03-05T09:09:07.214070,hover,03,47.3979711,8.5461647,-0.08100000023841858,-0.29100000858306885,-0.0022151002194732428,-0.0018860604614019394,-9.697318077087402,-0.0006317318184301257,0.0002431132015772164,-2.264553404529579e-05,100.0,16.200000762939453
1772701747.328298,2026-03-05T09:09:07.328298,hover,03,47.3979711,8.5461647,-0.08100000023841858,-0.29100000858306885,-0.0022151002194732428,-0.0018860604614019394,-9.697318077087402,-0.0006317318184301257,0.0002431132015772164,-2.264553404529579e-05,100.0,16.200000762939453
1772701747.431118,2026-03-05T09:09:07.431118,hover,03,47.3979711,8.5461647,-0.07900000363588333,-0.289000004529953,-0.005616603419184685,0.00047014313167892396,-9.701348304748535,-0.0011461557587608695,-0.0016331023070961237,-0.0007618659292347729,100.0,16.200000762939453
1772701747.5630252,2026-03-05T09:09:07.563025,hover,03,47.3979711,8.5461647,-0.07900000363588333,-0.289000004529953,-0.005616603419184685,0.00047014313167892396,-9.701348304748535,-0.0011461557587608695,-0.0016331023070961237,-0.0007618659292347729,100.0,16.200000762939453
1772701747.665277,2026-03-05T09:09:07.665277,hover,03,47.3979711,8.5461647,-0.07900000363588333,-0.289000004529953,-0.005616603419184685,0.00047014313167892396,-9.701348304748535,-0.0011461557587608695,-0.0016331023070961237,-0.0007618659292347729,100.0,16.200000762939453
1772701747.7661085,2026-03-05T09:09:07.766109,hover,03,47.3979711,8.5461647,-0.07900000363588333,-0.289000004529953,-0.005616603419184685,0.00047014313167892396,-9.701348304748535,-0.0011461557587608695,-0.0016331023070961237,-0.0007618659292347729,100.0,16.200000762939453
1772701747.8679862,2026-03-05T09:09:07.867986,hover,03,47.3979711,8.5461647,-0.07700000703334808,-0.2880000174045563,-0.0010054969461634755,-0.0047775194980204105,-9.688899040222168,-0.0015242676017805934,-0.0002455045760143548,-0.00011609731882344931,100.0,16.200000762939453
1772701747.9699252,2026-03-05T09:09:07.969925,hover,03,47.3979711,8.5461647,-0.07700000703334808,-0.2880000174045563,-0.0010054969461634755,-0.0047775194980204105,-9.688899040222168,-0.0015242676017805934,-0.0002455045760143548,-0.00011609731882344931,100.0,16.200000762939453
1772701748.0861373,2026-03-05T09:09:08.086137,hover,03,47.3979711,8.5461647,-0.07700000703334808,-0.2880000174045563,-0.0010054969461634755,-0.0047775194980204105,-9.688899040222168,-0.0015242676017805934,-0.0002455045760143548,-0.00011609731882344931,100.0,16.200000762939453
1772701748.1913488,2026-03-05T09:09:08.191349,hover,03,47.3979711,8.5461647,-0.07600000500679016,-0.28600001335144043,0.0035096025094389915,-0.0010015997104346752,-9.686980247497559,-0.00041814136784523726,-0.0009977967711165547,0.0005762323853559792,100.0,16.200000762939453
1772701748.2960901,2026-03-05T09:09:08.296090,hover,03,47.3979711,8.5461647,-0.07600000500679016,-0.28600001335144043,0.0035096025094389915,-0.0010015997104346752,-9.686980247497559,-0.00041814136784523726,-0.0009977967711165547,0.0005762323853559792,100.0,16.200000762939453
1772701748.4000866,2026-03-05T09:09:08.400087,hover,03,47.3979711,8.5461647,-0.07400000095367432,-0.2850000262260437,-0.005665662232786417,0.006034627091139555,-9.692240715026855,-4.963576793670654e-05,0.0006738681113347411,-0.0008792854496277869,100.0,16.200000762939453
1772701748.5031178,2026-03-05T09:09:08.503118,hover,03,47.3979711,8.5461647,-0.07400000095367432,-0.2850000262260437,-0.005665662232786417,0.006034627091139555,-9.692240715026855,-4.963576793670654e-05,0.0006738681113347411,-0.0008792854496277869,100.0,16.200000762939453
1772701748.6086853,2026-03-05T09:09:08.608685,hover,03,47.3979711,8.5461647,-0.07400000095367432,-0.2850000262260437,-0.005665662232786417,0.006034627091139555,-9.692240715026855,-4.963576793670654e-05,0.0006738681113347411,-0.0008792854496277869,100.0,16.200000762939453
1772701748.7149436,2026-03-05T09:09:08.714944,hover,03,47.3979711,8.5461647,-0.07400000095367432,-0.2850000262260437,-0.005665662232786417,0.006034627091139555,-9.692240715026855,-4.963576793670654e-05,0.0006738681113347411,-0.0008792854496277869,100.0,16.200000762939453
1772701748.8241131,2026-03-05T09:09:08.824113,hover,03,47.3979711,8.5461647,-0.07200000435113907,-0.28200000524520874,-0.007493248675018549,-0.0007583429105579853,-9.697142601013184,8.648728544358164e-05,0.0006134782452136278,-0.0016219583339989185,100.0,16.200000762939453
1772701748.9272606,2026-03-05T09:09:08.927261,hover,03,47.3979711,8.5461647,-0.07200000435113907,-0.28200000524520874,-0.007493248675018549,-0.0007583429105579853,-9.697142601013184,8.648728544358164e-05,0.0006134782452136278,-0.0016219583339989185,100.0,16.200000762939453
1772701749.0410645,2026-03-05T09:09:09.041065,hover,03,47.3979711,8.5461647,-0.07200000435113907,-0.28200000524520874,-0.007493248675018549,-0.0007583429105579853,-9.697142601013184,8.648728544358164e-05,0.0006134782452136278,-0.0016219583339989185,100.0,16.200000762939453
1772701749.1439083,2026-03-05T09:09:09.143908,hover,03,47.3979711,8.5461647,-0.07300000637769699,-0.28300002217292786,0.009929805062711239,0.0054371352307498455,-9.700928688049316,6.177845352794975e-05,0.0004384525236673653,-9.550360846333206e-05,100.0,16.200000762939453
1772701749.2853942,2026-03-05T09:09:09.285394,hover,03,47.3979711,8.5461647,-0.07300000637769699,-0.28300002217292786,0.009929805062711239,0.0054371352307498455,-9.700928688049316,6.177845352794975e-05,0.0004384525236673653,-9.550360846333206e-05,100.0,16.200000762939453
1772701749.3922286,2026-03-05T09:09:09.392229,hover,03,47.3979711,8.5461647,-0.07300000637769699,-0.28300002217292786,0.009929805062711239,0.0054371352307498455,-9.700928688049316,6.177845352794975e-05,0.0004384525236673653,-9.550360846333206e-05,100.0,16.200000762939453
1772701749.4947598,2026-03-05T09:09:09.494760,hover,03,47.3979711,8.5461647,-0.07300000637769699,-0.28300002217292786,0.009929805062711239,0.0054371352307498455,-9.700928688049316,6.177845352794975e-05,0.0004384525236673653,-9.550360846333206e-05,100.0,16.200000762939453
1772701749.5979216,2026-03-05T09:09:09.597922,hover,03,47.3979711,8.5461647,-0.07200000435113907,-0.28300002217292786,-0.0064835320226848125,-0.0014585440512746572,-9.699944496154785,0.0013841147301718593,0.001718960702419281,0.00035516495699994266,100.0,16.200000762939453
1772701749.708918,2026-03-05T09:09:09.708918,hover,03,47.3979711,8.5461647,-0.07200000435113907,-0.28300002217292786,-0.0064835320226848125,-0.0014585440512746572,-9.699944496154785,0.0013841147301718593,0.001718960702419281,0.00035516495699994266,100.0,16.200000762939453
1772701749.817943,2026-03-05T09:09:09.817943,hover,03,47.3979711,8.5461647,-0.07200000435113907,-0.28300002217292786,-0.0064835320226848125,-0.0014585440512746572,-9.699944496154785,0.0013841147301718593,0.001718960702419281,0.00035516495699994266,100.0,16.200000762939453
1772701749.9242716,2026-03-05T09:09:09.924272,hover,03,47.3979711,8.5461647,-0.07200000435113907,-0.28300002217292786,-0.0064835320226848125,-0.0014585440512746572,-9.699944496154785,0.0013841147301718593,0.001718960702419281,0.00035516495699994266,100.0,16.200000762939453
1772701750.0279796,2026-03-05T09:09:10.027980,hover,03,47.3979711,8.5461647,-0.07200000435113907,-0.28300002217292786,-0.0064835320226848125,-0.0014585440512746572,-9.699944496154785,0.0013841147301718593,0.001718960702419281,0.00035516495699994266,100.0,16.200000762939453
1772701750.1307309,2026-03-05T09:09:10.130731,hover,03,47.3979711,8.5461647,-0.07200000435113907,-0.28300002217292786,-0.0064835320226848125,-0.0014585440512746572,-9.699944496154785,0.0013841147301718593,0.001718960702419281,0.00035516495699994266,100.0,16.200000762939453
1772701750.2508001,2026-03-05T09:09:10.250800,hover,03,47.3979711,8.5461647,-0.07200000435113907,-0.28200000524520874,0.008246329613029957,-0.0019958403427153826,-9.691346168518066,-0.0003983008791692555,-0.000245578121393919,0.0015018872218206525,100.0,16.200000762939453
1772701750.3568726,2026-03-05T09:09:10.356873,hover,03,47.3979711,8.5461647,-0.07200000435113907,-0.28200000524520874,0.008246329613029957,-0.0019958403427153826,-9.691346168518066,-0.0003983008791692555,-0.000245578121393919,0.0015018872218206525,100.0,16.200000762939453
1772701750.4802337,2026-03-05T09:09:10.480234,hover,03,47.3979711,8.5461647,-0.07200000435113907,-0.28200000524520874,0.008246329613029957,-0.0019958403427153826,-9.691346168518066,-0.0003983008791692555,-0.000245578121393919,0.0015018872218206525,100.0,16.200000762939453
1772701750.5868692,2026-03-05T09:09:10.586869,hover,03,47.3979711,8.5461647,-0.07200000435113907,-0.28200000524520874,0.008246329613029957,-0.0019958403427153826,-9.691346168518066,-0.0003983008791692555,-0.000245578121393919,0.0015018872218206525,100.0,16.200000762939453
1772701750.6995127,2026-03-05T09:09:10.699513,hover,03,47.3979711,8.5461647,-0.07200000435113907,-0.28200000524520874,0.008246329613029957,-0.0019958403427153826,-9.691346168518066,-0.0003983008791692555,-0.000245578121393919,0.0015018872218206525,100.0,16.200000762939453
1772701750.8071053,2026-03-05T09:09:10.807105,hover,03,47.3979711,8.5461647,-0.07200000435113907,-0.28200000524520874,0.008246329613029957,-0.0019958403427153826,-9.691346168518066,-0.0003983008791692555,-0.000245578121393919,0.0015018872218206525,100.0,16.200000762939453
1772701750.9124124,2026-03-05T09:09:10.912412,hover,03,47.3979711,8.5461647,-0.07100000232458115,-0.28200000524520874,0.008382721804082394,0.0007956210756674409,-9.695096015930176,0.0003455998084973544,-0.00023665894696023315,0.0004939465434290469,100.0,16.200000762939453
1772701751.0298793,2026-03-05T09:09:11.029879,hover,03,47.3979711,8.5461647,-0.07100000232458115,-0.28200000524520874,0.008382721804082394,0.0007956210756674409,-9.695096015930176,0.0003455998084973544,-0.00023665894696023315,0.0004939465434290469,100.0,16.200000762939453
1772701751.1308446,2026-03-05T09:09:11.130845,hover,03,47.3979711,8.5461647,-0.07100000232458115,-0.28200000524520874,0.008382721804082394,0.0007956210756674409,-9.695096015930176,0.0003455998084973544,-0.00023665894696023315,0.0004939465434290469,100.0,16.200000762939453
1772701751.2402081,2026-03-05T09:09:11.240208,hover,03,47.3979711,8.5461647,-0.07100000232458115,-0.28200000524520874,-0.004934098571538925,0.0008037767256610096,-9.705492973327637,0.00048234648420475423,-0.0007728788768872619,0.0005176619742996991,100.0,16.200000762939453
1772701751.3423963,2026-03-05T09:09:11.342396,hover,03,47.3979711,8.5461647,-0.07100000232458115,-0.28200000524520874,-0.004934098571538925,0.0008037767256610096,-9.705492973327637,0.00048234648420475423,-0.0007728788768872619,0.0005176619742996991,100.0,16.200000762939453
1772701751.4460928,2026-03-05T09:09:11.446093,hover,03,47.3979711,8.5461647,-0.07100000232458115,-0.28200000524520874,-0.004934098571538925,0.0008037767256610096,-9.705492973327637,0.00048234648420475423,-0.0007728788768872619,0.0005176619742996991,100.0,16.200000762939453
1772701751.5478928,2026-03-05T09:09:11.547893,hover,03,47.3979711,8.5461647,-0.07100000232458115,-0.28200000524520874,-0.004934098571538925,0.0008037767256610096,-9.705492973327637,0.00048234648420475423,-0.0007728788768872619,0.0005176619742996991,100.0,16.200000762939453
1772701751.650281,2026-03-05T09:09:11.650281,hover,03,47.3979711,8.5461647,-0.07100000232458115,-0.28200000524520874,-0.0019949395209550858,0.005394212901592255,-9.697876930236816,-3.257587013649754e-05,0.00016857519221957773,0.0004192486812826246,100.0,16.200000762939453
1772701751.753201,2026-03-05T09:09:11.753201,hover,03,47.3979711,8.5461647,-0.07100000232458115,-0.28200000524520874,-0.0019949395209550858,0.005394212901592255,-9.697876930236816,-3.257587013649754e-05,0.00016857519221957773,0.0004192486812826246,100.0,16.200000762939453
1772701751.8549125,2026-03-05T09:09:11.854913,hover,03,47.3979711,8.5461647,-0.07100000232458115,-0.28200000524520874,-0.0019949395209550858,0.005394212901592255,-9.697876930236816,-3.257587013649754e-05,0.00016857519221957773,0.0004192486812826246,100.0,16.200000762939453
1772701751.9573298,2026-03-05T09:09:11.957330,hover,03,47.3979711,8.5461647,-0.07100000232458115,-0.28200000524520874,-0.0019949395209550858,0.005394212901592255,-9.697876930236816,-3.257587013649754e-05,0.00016857519221957773,0.0004192486812826246,100.0,16.200000762939453
1772701752.0710328,2026-03-05T09:09:12.071033,hover,03,47.3979711,8.5461648,-0.07100000232458115,-0.28200000524520874,-0.004157723858952522,0.0013464108342304826,-9.69172191619873,0.0010143546387553215,0.001199984923005104,-0.001200387952849269,100.0,16.200000762939453
1772701752.176416,2026-03-05T09:09:12.176416,hover,03,47.3979711,8.5461648,-0.07100000232458115,-0.28200000524520874,-0.004157723858952522,0.0013464108342304826,-9.69172191619873,0.0010143546387553215,0.001199984923005104,-0.001200387952849269,100.0,16.200000762939453
1772701752.2895553,2026-03-05T09:09:12.289555,hover,03,47.3979711,8.5461648,-0.07100000232458115,-0.28200000524520874,-0.004157723858952522,0.0013464108342304826,-9.69172191619873,0.0010143546387553215,0.001199984923005104,-0.001200387952849269,100.0,16.200000762939453
1772701752.39597,2026-03-05T09:09:12.395970,hover,03,47.3979711,8.5461648,-0.07100000232458115,-0.28200000524520874,-0.004157723858952522,0.0013464108342304826,-9.69172191619873,0.0010143546387553215,0.001199984923005104,-0.001200387952849269,100.0,16.200000762939453
1772701752.4980242,2026-03-05T09:09:12.498024,hover,03,47.3979712,8.5461648,-0.07100000232458115,-0.28200000524520874,0.0053038946352899075,-0.002101360587403178,-9.693171501159668,-4.684203304350376e-06,-0.000237827465753071,-0.0009146605152636766,100.0,16.200000762939453
1772701752.6082149,2026-03-05T09:09:12.608215,hover,03,47.3979712,8.5461648,-0.07100000232458115,-0.28200000524520874,0.0053038946352899075,-0.002101360587403178,-9.693171501159668,-4.684203304350376e-06,-0.000237827465753071,-0.0009146605152636766,100.0,16.200000762939453
1772701752.7147334,2026-03-05T09:09:12.714733,hover,03,47.3979712,8.5461648,-0.07100000232458115,-0.28200000524520874,0.0053038946352899075,-0.002101360587403178,-9.693171501159668,-4.684203304350376e-06,-0.000237827465753071,-0.0009146605152636766,100.0,16.200000762939453
1772701752.819104,2026-03-05T09:09:12.819104,hover,03,47.3979712,8.5461648,-0.07200000435113907,-0.28300002217292786,0.0036996626295149326,-0.005266939755529165,-9.697587013244629,7.079221541061997e-05,0.00029695179546251893,-4.52809217676986e-06,100.0,16.200000762939453
1772701752.930884,2026-03-05T09:09:12.930884,hover,03,47.3979712,8.5461648,-0.07200000435113907,-0.28300002217292786,0.0036996626295149326,-0.005266939755529165,-9.697587013244629,7.079221541061997e-05,0.00029695179546251893,-4.52809217676986e-06,100.0,16.200000762939453
1772701753.0332654,2026-03-05T09:09:13.033265,hover,03,47.3979712,8.5461648,-0.07200000435113907,-0.28300002217292786,0.0036996626295149326,-0.005266939755529165,-9.697587013244629,7.079221541061997e-05,0.00029695179546251893,-4.52809217676986e-06,100.0,16.200000762939453
1772701753.1350245,2026-03-05T09:09:13.135025,hover,03,47.3979712,8.5461648,-0.07100000232458115,-0.28200000524520874,-0.006294348742812872,0.001375037943944335,-9.687262535095215,0.0007307701744139194,-0.0009788756724447012,0.0007278427947312593,100.0,16.200000762939453
1772701753.2381594,2026-03-05T09:09:13.238159,hover,03,47.3979712,8.5461648,-0.07100000232458115,-0.281000018119812,-0.0025386083871126175,-0.0018755608471110463,-9.691017150878906,-0.0003992955607827753,0.00032204564195126295,0.0005409508594311774,100.0,16.200000762939453
1772701753.3421545,2026-03-05T09:09:13.342155,hover,03,47.3979712,8.5461648,-0.07100000232458115,-0.281000018119812,-0.0025386083871126175,-0.0018755608471110463,-9.691017150878906,-0.0003992955607827753,0.00032204564195126295,0.0005409508594311774,100.0,16.200000762939453
1772701753.4498928,2026-03-05T09:09:13.449893,hover,03,47.3979712,8.5461648,-0.07100000232458115,-0.281000018119812,-0.0025386083871126175,-0.0018755608471110463,-9.691017150878906,-0.0003992955607827753,0.00032204564195126295,0.0005409508594311774,100.0,16.200000762939453
1772701753.5582538,2026-03-05T09:09:13.558254,hover,03,47.3979712,8.5461648,-0.07100000232458115,-0.281000018119812,-0.0025386083871126175,-0.0018755608471110463,-9.691017150878906,-0.0003992955607827753,0.00032204564195126295,0.0005409508594311774,100.0,16.200000762939453
1772701753.6604462,2026-03-05T09:09:13.660446,hover,03,47.3979712,8.5461648,-0.07100000232458115,-0.281000018119812,-0.0004957369528710842,0.0036667364183813334,-9.704145431518555,-0.0003954991407226771,0.000580074090976268,0.0008703746716491878,100.0,16.200000762939453
1772701753.7651155,2026-03-05T09:09:13.765115,hover,03,47.3979712,8.5461648,-0.07100000232458115,-0.281000018119812,-0.0004957369528710842,0.0036667364183813334,-9.704145431518555,-0.0003954991407226771,0.000580074090976268,0.0008703746716491878,100.0,16.200000762939453
1772701753.8710656,2026-03-05T09:09:13.871066,hover,03,47.3979712,8.5461648,-0.07100000232458115,-0.281000018119812,-0.0004957369528710842,0.0036667364183813334,-9.704145431518555,-0.0003954991407226771,0.000580074090976268,0.0008703746716491878,100.0,16.200000762939453
1772701753.9764454,2026-03-05T09:09:13.976445,hover,03,47.3979712,8.5461648,-0.07100000232458115,-0.281000018119812,-0.0004957369528710842,0.0036667364183813334,-9.704145431518555,-0.0003954991407226771,0.000580074090976268,0.0008703746716491878,100.0,16.200000762939453
1772701754.0834289,2026-03-05T09:09:14.083429,hover,03,47.3979712,8.5461648,-0.07000000029802322,-0.281000018119812,0.003441078122705221,0.009883835911750793,-9.696097373962402,-0.0005045803263783455,-0.0009966726647689939,0.00042926313471980393,100.0,16.200000762939453
1772701754.1872673,2026-03-05T09:09:14.187267,hover,03,47.3979712,8.5461648,-0.07000000029802322,-0.281000018119812,0.003441078122705221,0.009883835911750793,-9.696097373962402,-0.0005045803263783455,-0.0009966726647689939,0.00042926313471980393,100.0,16.200000762939453
1772701754.2882237,2026-03-05T09:09:14.288224,hover,03,47.3979712,8.5461648,-0.07000000029802322,-0.281000018119812,0.003441078122705221,0.009883835911750793,-9.696097373962402,-0.0005045803263783455,-0.0009966726647689939,0.00042926313471980393,100.0,16.200000762939453
1772701754.3888896,2026-03-05T09:09:14.388890,hover,03,47.3979712,8.5461648,-0.07000000029802322,-0.281000018119812,0.003441078122705221,0.009883835911750793,-9.696097373962402,-0.0005045803263783455,-0.0009966726647689939,0.00042926313471980393,100.0,16.200000762939453
1772701754.4961228,2026-03-05T09:09:14.496123,hover,03,47.3979712,8.5461648,-0.07000000029802322,-0.2800000011920929,-0.0010350323282182217,0.00444208737462759,-9.696026802062988,-0.0006309807067736983,0.00037563464138656855,0.0011571987997740507,100.0,16.200000762939453
1772701754.5981984,2026-03-05T09:09:14.598198,hover,03,47.3979712,8.5461648,-0.07000000029802322,-0.2800000011920929,-0.0010350323282182217,0.00444208737462759,-9.696026802062988,-0.0006309807067736983,0.00037563464138656855,0.0011571987997740507,100.0,16.200000762939453
1772701754.702035,2026-03-05T09:09:14.702035,hover,03,47.3979712,8.5461648,-0.07000000029802322,-0.2800000011920929,-0.0010350323282182217,0.00444208737462759,-9.696026802062988,-0.0006309807067736983,0.00037563464138656855,0.0011571987997740507,100.0,16.200000762939453
1772701754.804356,2026-03-05T09:09:14.804356,hover,03,47.3979712,8.5461648,-0.07000000029802322,-0.2800000011920929,-0.0010350323282182217,0.00444208737462759,-9.696026802062988,-0.0006309807067736983,0.00037563464138656855,0.0011571987997740507,100.0,16.200000762939453
1772701754.9073842,2026-03-05T09:09:14.907384,hover,03,47.3979712,8.5461648,-0.07000000029802322,-0.2800000011920929,-0.0010350323282182217,0.00444208737462759,-9.696026802062988,-0.0006309807067736983,0.00037563464138656855,0.0011571987997740507,100.0,16.200000762939453
1772701755.0100782,2026-03-05T09:09:15.010078,hover,03,47.3979712,8.5461648,-0.0690000057220459,-0.2800000011920929,-0.0022395304404199123,0.0017788313562050462,-9.696171760559082,-5.347800470190123e-05,-0.0006133916322141886,-0.00017551149358041584,100.0,16.200000762939453
1772701755.1132476,2026-03-05T09:09:15.113248,hover,03,47.3979712,8.5461648,-0.0690000057220459,-0.2800000011920929,0.0009745254646986723,-0.006730739027261734,-9.688769340515137,-0.00045237032463774085,-0.00021067660418339074,-0.0008137068944051862,100.0,16.200000762939453
1772701755.2219105,2026-03-05T09:09:15.221910,hover,03,47.3979712,8.5461648,-0.0690000057220459,-0.2800000011920929,0.0009745254646986723,-0.006730739027261734,-9.688769340515137,-0.00045237032463774085,-0.00021067660418339074,-0.0008137068944051862,100.0,16.200000762939453
1772701755.327232,2026-03-05T09:09:15.327232,hover,03,47.3979712,8.5461648,-0.0690000057220459,-0.2800000011920929,-0.00904375221580267,0.0055334740318357944,-9.700315475463867,0.00018718272622209042,0.00043538614409044385,4.188634193269536e-06,100.0,16.200000762939453
1772701755.4328933,2026-03-05T09:09:15.432893,hover,03,47.3979712,8.5461648,-0.0690000057220459,-0.2800000011920929,-0.00904375221580267,0.0055334740318357944,-9.700315475463867,0.00018718272622209042,0.00043538614409044385,4.188634193269536e-06,100.0,16.200000762939453
1772701755.5340512,2026-03-05T09:09:15.534051,hover,03,47.3979712,8.5461648,-0.0690000057220459,-0.2800000011920929,-0.00904375221580267,0.0055334740318357944,-9.700315475463867,0.00018718272622209042,0.00043538614409044385,4.188634193269536e-06,100.0,16.200000762939453
1772701755.6353667,2026-03-05T09:09:15.635367,hover,03,47.3979712,8.5461648,-0.0690000057220459,-0.2800000011920929,-0.00904375221580267,0.0055334740318357944,-9.700315475463867,0.00018718272622209042,0.00043538614409044385,4.188634193269536e-06,100.0,16.200000762939453
1772701755.744851,2026-03-05T09:09:15.744851,hover,03,47.3979712,8.5461648,-0.0690000057220459,-0.2800000011920929,0.003328185062855482,0.0013450889382511377,-9.694987297058105,-0.0002695716393645853,-0.0004960881196893752,-0.0006053763790987432,100.0,16.200000762939453
1772701755.8477993,2026-03-05T09:09:15.847799,hover,03,47.3979712,8.5461648,-0.0690000057220459,-0.27900001406669617,0.003328185062855482,0.0013450889382511377,-9.694987297058105,-0.0002695716393645853,-0.0004960881196893752,-0.0006053763790987432,100.0,16.200000762939453
1772701755.9514203,2026-03-05T09:09:15.951420,hover,03,47.3979712,8.5461648,-0.0690000057220459,-0.27900001406669617,0.003328185062855482,0.0013450889382511377,-9.694987297058105,-0.0002695716393645853,-0.0004960881196893752,-0.0006053763790987432,100.0,16.200000762939453
1772701756.1094587,2026-03-05T09:09:16.109459,hover,03,47.3979712,8.5461648,-0.0690000057220459,-0.27900001406669617,0.003328185062855482,0.0013450889382511377,-9.694987297058105,-0.0002695716393645853,-0.0004960881196893752,-0.0006053763790987432,100.0,16.200000762939453
1772701756.218439,2026-03-05T09:09:16.218439,hover,03,47.3979712,8.5461648,-0.0690000057220459,-0.27900001406669617,0.003328185062855482,0.0013450889382511377,-9.694987297058105,-0.0002695716393645853,-0.0004960881196893752,-0.0006053763790987432,100.0,16.200000762939453
1772701756.3198621,2026-03-05T09:09:16.319862,hover,03,47.3979712,8.5461648,-0.0650000050663948,-0.2760000228881836,0.0007614238420501351,-0.0036518913693726063,-9.69902515411377,0.0004562476242426783,-0.0009600446792319417,-0.0007100485963746905,100.0,16.200000762939453
1772701756.4212089,2026-03-05T09:09:16.421209,hover,03,47.3979712,8.5461648,-0.0650000050663948,-0.2760000228881836,0.0007614238420501351,-0.0036518913693726063,-9.69902515411377,0.0004562476242426783,-0.0009600446792319417,-0.0007100485963746905,100.0,16.200000762939453
1772701756.5289047,2026-03-05T09:09:16.528905,hover,03,47.3979712,8.5461648,-0.0650000050663948,-0.2760000228881836,0.0007614238420501351,-0.0036518913693726063,-9.69902515411377,0.0004562476242426783,-0.0009600446792319417,-0.0007100485963746905,100.0,16.200000762939453
1772701756.6301765,2026-03-05T09:09:16.630177,hover,03,47.3979712,8.5461648,-0.0650000050663948,-0.2760000228881836,0.0007614238420501351,-0.0036518913693726063,-9.69902515411377,0.0004562476242426783,-0.0009600446792319417,-0.0007100485963746905,100.0,16.200000762939453
1772701756.7352924,2026-03-05T09:09:16.735292,hover,03,47.3979712,8.5461648,-0.06200000271201134,-0.27300000190734863,0.004224192351102829,0.007522559259086847,-9.695631980895996,0.0009128513047471642,-0.0006866251933388412,-6.987909728195518e-05,100.0,16.200000762939453
1772701756.8383045,2026-03-05T09:09:16.838305,hover,03,47.3979712,8.5461648,-0.06200000271201134,-0.2720000147819519,-0.0032243879977613688,-0.0010466496460139751,-9.689659118652344,0.00044381944462656975,-0.0001778061268851161,-0.0009041409357450902,100.0,16.200000762939453
1772701756.940549,2026-03-05T09:09:16.940549,hover,03,47.3979712,8.5461648,-0.06200000271201134,-0.2720000147819519,-0.0032243879977613688,-0.0010466496460139751,-9.689659118652344,0.00044381944462656975,-0.0001778061268851161,-0.0009041409357450902,100.0,16.200000762939453
1772701757.043086,2026-03-05T09:09:17.043086,hover,03,47.3979712,8.5461648,-0.06200000271201134,-0.2720000147819519,-0.0032243879977613688,-0.0010466496460139751,-9.689659118652344,0.00044381944462656975,-0.0001778061268851161,-0.0009041409357450902,100.0,16.200000762939453
1772701757.1468513,2026-03-05T09:09:17.146851,hover,03,47.3979712,8.5461648,-0.06200000271201134,-0.2720000147819519,-0.0032243879977613688,-0.0010466496460139751,-9.689659118652344,0.00044381944462656975,-0.0001778061268851161,-0.0009041409357450902,100.0,16.200000762939453
1772701757.24912,2026-03-05T09:09:17.249120,hover,03,47.3979712,8.5461648,-0.06200000271201134,-0.2720000147819519,-0.0032243879977613688,-0.0010466496460139751,-9.689659118652344,0.00044381944462656975,-0.0001778061268851161,-0.0009041409357450902,100.0,16.200000762939453
1772701757.351348,2026-03-05T09:09:17.351348,hover,03,47.3979712,8.5461648,-0.06000000238418579,-0.2710000276565552,-0.0002503476571291685,-0.002380238613113761,-9.6936674118042,0.000346075656125322,0.0001883115037344396,-0.0003402500005904585,100.0,16.200000762939453
1772701757.479712,2026-03-05T09:09:17.479712,hover,03,47.3979712,8.5461648,-0.06000000238418579,-0.2710000276565552,-0.0002503476571291685,-0.002380238613113761,-9.6936674118042,0.000346075656125322,0.0001883115037344396,-0.0003402500005904585,100.0,16.200000762939453
1772701757.5858366,2026-03-05T09:09:17.585837,hover,03,47.3979712,8.5461648,-0.06000000238418579,-0.2710000276565552,-0.0002503476571291685,-0.002380238613113761,-9.6936674118042,0.000346075656125322,0.0001883115037344396,-0.0003402500005904585,100.0,16.200000762939453
1772701757.688076,2026-03-05T09:09:17.688076,hover,03,47.3979712,8.5461648,-0.06000000238418579,-0.2710000276565552,-0.0002503476571291685,-0.002380238613113761,-9.6936674118042,0.000346075656125322,0.0001883115037344396,-0.0003402500005904585,100.0,16.200000762939453
1772701757.7892644,2026-03-05T09:09:17.789264,hover,03,47.3979712,8.5461648,-0.06000000238418579,-0.2710000276565552,-0.0002503476571291685,-0.002380238613113761,-9.6936674118042,0.000346075656125322,0.0001883115037344396,-0.0003402500005904585,100.0,16.200000762939453
1772701757.9006386,2026-03-05T09:09:17.900639,hover,03,47.3979712,8.5461648,-0.06000000238418579,-0.2710000276565552,-0.0002503476571291685,-0.002380238613113761,-9.6936674118042,0.000346075656125322,0.0001883115037344396,-0.0003402500005904585,100.0,16.200000762939453
1772701758.004836,2026-03-05T09:09:18.004836,hover,03,47.3979712,8.5461648,-0.06000000238418579,-0.2710000276565552,-0.003203263971954584,0.0026958100497722626,-9.705832481384277,0.00044747936772182584,-0.00014938213280402124,0.00027122258325107396,100.0,16.200000762939453
1772701758.106228,2026-03-05T09:09:18.106228,hover,03,47.3979712,8.5461648,-0.05900000408291817,-0.27000001072883606,-0.003203263971954584,0.0026958100497722626,-9.705832481384277,0.00044747936772182584,-0.00014938213280402124,0.00027122258325107396,100.0,16.200000762939453
1772701758.210186,2026-03-05T09:09:18.210186,hover,03,47.3979712,8.5461648,-0.05900000408291817,-0.27000001072883606,-0.003203263971954584,0.0026958100497722626,-9.705832481384277,0.00044747936772182584,-0.00014938213280402124,0.00027122258325107396,100.0,16.200000762939453
1772701758.318853,2026-03-05T09:09:18.318853,hover,03,47.3979712,8.5461648,-0.05900000408291817,-0.26900002360343933,0.0018073576502501965,-0.0006362727144733071,-9.689932823181152,-3.465119516476989e-05,-0.00016527509433217347,0.0015953433467075229,100.0,16.200000762939453
1772701758.4201767,2026-03-05T09:09:18.420177,hover,03,47.3979712,8.5461648,-0.05900000408291817,-0.26900002360343933,0.0018073576502501965,-0.0006362727144733071,-9.689932823181152,-3.465119516476989e-05,-0.00016527509433217347,0.0015953433467075229,100.0,16.200000762939453
1772701758.5219939,2026-03-05T09:09:18.521994,hover,03,47.3979712,8.5461648,-0.06100000441074371,-0.2720000147819519,0.0058132377453148365,-0.004146476276218891,-9.693732261657715,0.00033551326487213373,-0.00012646240065805614,0.00024880579439923167,100.0,16.200000762939453
1772701758.624382,2026-03-05T09:09:18.624382,hover,03,47.3979712,8.5461648,-0.06100000441074371,-0.2720000147819519,0.0058132377453148365,-0.004146476276218891,-9.693732261657715,0.00033551326487213373,-0.00012646240065805614,0.00024880579439923167,100.0,16.200000762939453
1772701758.726876,2026-03-05T09:09:18.726876,hover,03,47.3979712,8.5461648,-0.06100000441074371,-0.2720000147819519,0.0058132377453148365,-0.004146476276218891,-9.693732261657715,0.00033551326487213373,-0.00012646240065805614,0.00024880579439923167,100.0,16.200000762939453
1772701758.829023,2026-03-05T09:09:18.829023,hover,03,47.3979712,8.5461648,-0.06100000441074371,-0.2720000147819519,0.0058132377453148365,-0.004146476276218891,-9.693732261657715,0.00033551326487213373,-0.00012646240065805614,0.00024880579439923167,100.0,16.200000762939453
1772701758.9344175,2026-03-05T09:09:18.934417,hover,03,47.3979712,8.5461648,-0.06000000238418579,-0.2710000276565552,-0.007502402178943157,-0.009987297467887402,-9.698275566101074,-0.0009435871616005898,-0.00030051899375393987,2.717538154684007e-05,100.0,16.200000762939453
1772701759.038304,2026-03-05T09:09:19.038304,hover,03,47.3979712,8.5461648,-0.06000000238418579,-0.2710000276565552,-0.007502402178943157,-0.009987297467887402,-9.698275566101074,-0.0009435871616005898,-0.00030051899375393987,2.717538154684007e-05,100.0,16.200000762939453
1772701759.1510086,2026-03-05T09:09:19.151009,hover,03,47.3979712,8.5461648,-0.06000000238418579,-0.2710000276565552,-0.007502402178943157,-0.009987297467887402,-9.698275566101074,-0.0009435871616005898,-0.00030051899375393987,2.717538154684007e-05,100.0,16.200000762939453
1772701759.2554097,2026-03-05T09:09:19.255410,hover,03,47.3979712,8.5461648,-0.06000000238418579,-0.2710000276565552,-0.007502402178943157,-0.009987297467887402,-9.698275566101074,-0.0009435871616005898,-0.00030051899375393987,2.717538154684007e-05,100.0,16.200000762939453
1772701759.3575153,2026-03-05T09:09:19.357515,hover,03,47.3979712,8.5461648,-0.06000000238418579,-0.2710000276565552,-0.007502402178943157,-0.009987297467887402,-9.698275566101074,-0.0009435871616005898,-0.00030051899375393987,2.717538154684007e-05,100.0,16.200000762939453
1772701759.4599361,2026-03-05T09:09:19.459936,hover,03,47.3979712,8.5461648,-0.06000000238418579,-0.2710000276565552,-0.007502402178943157,-0.009987297467887402,-9.698275566101074,-0.0009435871616005898,-0.00030051899375393987,2.717538154684007e-05,100.0,16.200000762939453
1772701759.5644586,2026-03-05T09:09:19.564459,hover,03,47.3979712,8.5461648,-0.05900000408291817,-0.27000001072883606,2.6894151233136654e-05,0.0017736530862748623,-9.690342903137207,0.0006007084739394486,0.0005491121555678546,0.0005821070517413318,100.0,16.200000762939453
1772701759.6699693,2026-03-05T09:09:19.669969,hover,03,47.3979712,8.5461648,-0.05900000408291817,-0.27000001072883606,2.6894151233136654e-05,0.0017736530862748623,-9.690342903137207,0.0006007084739394486,0.0005491121555678546,0.0005821070517413318,100.0,16.200000762939453
1772701759.772513,2026-03-05T09:09:19.772513,hover,03,47.3979712,8.5461648,-0.05900000408291817,-0.27000001072883606,2.6894151233136654e-05,0.0017736530862748623,-9.690342903137207,0.0006007084739394486,0.0005491121555678546,0.0005821070517413318,100.0,16.200000762939453
1772701759.8751628,2026-03-05T09:09:19.875163,hover,03,47.3979712,8.5461648,-0.05900000408291817,-0.27000001072883606,2.6894151233136654e-05,0.0017736530862748623,-9.690342903137207,0.0006007084739394486,0.0005491121555678546,0.0005821070517413318,100.0,16.200000762939453
1772701759.9775703,2026-03-05T09:09:19.977570,hover,03,47.3979712,8.5461648,-0.06000000238418579,-0.27000001072883606,0.0019053425639867783,0.005623656790703535,-9.699849128723145,-0.00019168489961884916,-0.0006578500615432858,0.0006147032836452127,100.0,16.200000762939453
1772701760.079437,2026-03-05T09:09:20.079437,hover,03,47.3979712,8.5461648,-0.06000000238418579,-0.27000001072883606,0.0019053425639867783,0.005623656790703535,-9.699849128723145,-0.00019168489961884916,-0.0006578500615432858,0.0006147032836452127,100.0,16.200000762939453
1772701760.1811872,2026-03-05T09:09:20.181187,hover,03,47.3979712,8.5461648,-0.06000000238418579,-0.27000001072883606,0.0019053425639867783,0.005623656790703535,-9.699849128723145,-0.00019168489961884916,-0.0006578500615432858,0.0006147032836452127,100.0,16.200000762939453
1772701760.2840466,2026-03-05T09:09:20.284047,hover,03,47.3979712,8.5461648,-0.05900000408291817,-0.27000001072883606,-0.003849215339869261,0.0011859232326969504,-9.69796085357666,-0.0003945849312003702,0.0004748476203531027,-0.00045542052248492837,100.0,16.200000762939453
1772701760.3861508,2026-03-05T09:09:20.386151,hover,03,47.3979712,8.5461648,-0.05900000408291817,-0.27000001072883606,-0.003849215339869261,0.0011859232326969504,-9.69796085357666,-0.0003945849312003702,0.0004748476203531027,-0.00045542052248492837,100.0,16.200000762939453
1772701760.489201,2026-03-05T09:09:20.489201,hover,03,47.3979712,8.5461648,-0.05900000408291817,-0.27000001072883606,-0.0045529985800385475,-0.004312141798436642,-9.707911491394043,-0.000524332863278687,-0.0007915306487120688,0.0007078346679918468,100.0,16.200000762939453
1772701760.5942457,2026-03-05T09:09:20.594246,hover,03,47.3979712,8.5461648,-0.05900000408291817,-0.27000001072883606,-0.0045529985800385475,-0.004312141798436642,-9.707911491394043,-0.000524332863278687,-0.0007915306487120688,0.0007078346679918468,100.0,16.200000762939453
1772701760.700732,2026-03-05T09:09:20.700732,hover,03,47.3979712,8.5461648,-0.05900000408291817,-0.27000001072883606,-0.0045529985800385475,-0.004312141798436642,-9.707911491394043,-0.000524332863278687,-0.0007915306487120688,0.0007078346679918468,100.0,16.200000762939453
1772701760.804411,2026-03-05T09:09:20.804411,hover,03,47.3979712,8.5461648,-0.05900000408291817,-0.27000001072883606,-0.0045529985800385475,-0.004312141798436642,-9.707911491394043,-0.000524332863278687,-0.0007915306487120688,0.0007078346679918468,100.0,16.200000762939453
1772701760.9074998,2026-03-05T09:09:20.907500,hover,03,47.3979712,8.5461648,-0.05900000408291817,-0.27000001072883606,-0.0045529985800385475,-0.004312141798436642,-9.707911491394043,-0.000524332863278687,-0.0007915306487120688,0.0007078346679918468,100.0,16.200000762939453
1772701761.0110562,2026-03-05T09:09:21.011056,hover,03,47.397971299999995,8.5461648,-0.05700000375509262,-0.2680000066757202,0.008666793815791607,-0.0017760699847713113,-9.690787315368652,-0.00014127237955108285,-0.00036314065800979733,0.0008772329310886562,100.0,16.200000762939453
1772701761.112857,2026-03-05T09:09:21.112857,hover,03,47.397971299999995,8.5461648,-0.05700000375509262,-0.2680000066757202,0.008666793815791607,-0.0017760699847713113,-9.690787315368652,-0.00014127237955108285,-0.00036314065800979733,0.0008772329310886562,100.0,16.200000762939453
1772701761.2172697,2026-03-05T09:09:21.217270,hover,03,47.397971299999995,8.5461648,-0.05700000375509262,-0.2680000066757202,0.008666793815791607,-0.0017760699847713113,-9.690787315368652,-0.00014127237955108285,-0.00036314065800979733,0.0008772329310886562,100.0,16.200000762939453
1772701761.3380492,2026-03-05T09:09:21.338049,hover,03,47.397971299999995,8.5461648,-0.0560000017285347,-0.2670000195503235,-0.0054975347593426704,-0.004391796421259642,-9.693377494812012,-0.0011351105058565736,0.0007513881428167224,-0.00021521077724173665,100.0,16.200000762939453
1772701761.4425216,2026-03-05T09:09:21.442522,hover,03,47.397971299999995,8.5461648,-0.0560000017285347,-0.2670000195503235,-0.0054975347593426704,-0.004391796421259642,-9.693377494812012,-0.0011351105058565736,0.0007513881428167224,-0.00021521077724173665,100.0,16.200000762939453
1772701761.5452192,2026-03-05T09:09:21.545219,hover,03,47.397971299999995,8.5461648,-0.0560000017285347,-0.2670000195503235,-0.0054975347593426704,-0.004391796421259642,-9.693377494812012,-0.0011351105058565736,0.0007513881428167224,-0.00021521077724173665,100.0,16.200000762939453
1772701761.6498842,2026-03-05T09:09:21.649884,hover,03,47.397971299999995,8.5461648,-0.0560000017285347,-0.2670000195503235,-0.0054975347593426704,-0.004391796421259642,-9.693377494812012,-0.0011351105058565736,0.0007513881428167224,-0.00021521077724173665,100.0,16.200000762939453
1772701761.7542791,2026-03-05T09:09:21.754279,hover,03,47.397971299999995,8.546164899999999,-0.0560000017285347,-0.26600000262260437,-0.004141650162637234,0.009913087822496891,-9.69173526763916,0.0005172868259251118,-0.001163383712992072,-0.0008267727680504322,100.0,16.200000762939453
1772701761.8584304,2026-03-05T09:09:21.858430,hover,03,47.397971299999995,8.546164899999999,-0.0560000017285347,-0.26600000262260437,-0.004141650162637234,0.009913087822496891,-9.69173526763916,0.0005172868259251118,-0.001163383712992072,-0.0008267727680504322,100.0,16.200000762939453
1772701761.9696867,2026-03-05T09:09:21.969687,hover,03,47.397971299999995,8.546164899999999,-0.0560000017285347,-0.26600000262260437,-0.004141650162637234,0.009913087822496891,-9.69173526763916,0.0005172868259251118,-0.001163383712992072,-0.0008267727680504322,100.0,16.200000762939453
1772701762.0732577,2026-03-05T09:09:22.073258,hover,03,47.397971299999995,8.546164899999999,-0.052000001072883606,-0.2630000114440918,0.008970081806182861,0.004148723091930151,-9.699728012084961,0.0005751628777943552,0.00041707404307089746,-0.00026490254094824195,100.0,16.200000762939453
1772701762.1792576,2026-03-05T09:09:22.179258,hover,03,47.397971299999995,8.546164899999999,-0.052000001072883606,-0.2630000114440918,0.008970081806182861,0.004148723091930151,-9.699728012084961,0.0005751628777943552,0.00041707404307089746,-0.00026490254094824195,100.0,16.200000762939453
1772701762.280255,2026-03-05T09:09:22.280255,hover,03,47.397971299999995,8.546164899999999,-0.052000001072883606,-0.2630000114440918,0.008970081806182861,0.004148723091930151,-9.699728012084961,0.0005751628777943552,0.00041707404307089746,-0.00026490254094824195,100.0,16.200000762939453
1772701762.381348,2026-03-05T09:09:22.381348,hover,03,47.397971299999995,8.546164899999999,-0.05000000074505806,-0.2600000202655792,0.0045212008990347385,-0.005279162432998419,-9.697229385375977,0.0015304336557164788,-0.0015455768443644047,-0.0005338605842553079,100.0,16.200000762939453
1772701762.4830728,2026-03-05T09:09:22.483073,hover,03,47.397971299999995,8.546164899999999,-0.05000000074505806,-0.2600000202655792,0.0045212008990347385,-0.005279162432998419,-9.697229385375977,0.0015304336557164788,-0.0015455768443644047,-0.0005338605842553079,100.0,16.200000762939453
1772701762.6265185,2026-03-05T09:09:22.626518,hover,03,47.397971299999995,8.546164899999999,-0.05000000074505806,-0.2600000202655792,0.0045212008990347385,-0.005279162432998419,-9.697229385375977,0.0015304336557164788,-0.0015455768443644047,-0.0005338605842553079,100.0,16.200000762939453
1772701762.735786,2026-03-05T09:09:22.735786,hover,03,47.397971299999995,8.546164899999999,-0.05000000074505806,-0.2600000202655792,0.0045212008990347385,-0.005279162432998419,-9.697229385375977,0.0015304336557164788,-0.0015455768443644047,-0.0005338605842553079,100.0,16.200000762939453
1772701762.8370306,2026-03-05T09:09:22.837031,hover,03,47.397971299999995,8.546164899999999,-0.05000000074505806,-0.2600000202655792,0.0045212008990347385,-0.005279162432998419,-9.697229385375977,0.0015304336557164788,-0.0015455768443644047,-0.0005338605842553079,100.0,16.200000762939453
1772701762.9400039,2026-03-05T09:09:22.940004,hover,03,47.397971299999995,8.546164899999999,-0.04700000211596489,-0.25699999928474426,0.0018017354886978865,0.007507328875362873,-9.701247215270996,-0.0008868309669196606,0.0005582710728049278,-0.0011914561036974192,100.0,16.200000762939453
1772701763.0422714,2026-03-05T09:09:23.042271,hover,03,47.397971299999995,8.546164899999999,-0.04700000211596489,-0.25699999928474426,0.0018017354886978865,0.007507328875362873,-9.701247215270996,-0.0008868309669196606,0.0005582710728049278,-0.0011914561036974192,100.0,16.200000762939453
1772701763.151953,2026-03-05T09:09:23.151953,hover,03,47.397971299999995,8.546164899999999,-0.04700000211596489,-0.25699999928474426,0.0018017354886978865,0.007507328875362873,-9.701247215270996,-0.0008868309669196606,0.0005582710728049278,-0.0011914561036974192,100.0,16.200000762939453
1772701763.253875,2026-03-05T09:09:23.253875,hover,03,47.397971299999995,8.546164899999999,-0.04500000178813934,-0.2550000250339508,1.5583354979753494e-06,-0.00187029002700001,-9.698426246643066,0.00019253991195000708,-0.0008751582936383784,0.0005669355159625411,100.0,16.200000762939453
1772701763.3688982,2026-03-05T09:09:23.368898,hover,03,47.397971299999995,8.546164899999999,-0.04500000178813934,-0.2550000250339508,1.5583354979753494e-06,-0.00187029002700001,-9.698426246643066,0.00019253991195000708,-0.0008751582936383784,0.0005669355159625411,100.0,16.200000762939453
1772701763.4778633,2026-03-05T09:09:23.477863,hover,03,47.397971299999995,8.546164899999999,-0.04500000178813934,-0.2550000250339508,1.5583354979753494e-06,-0.00187029002700001,-9.698426246643066,0.00019253991195000708,-0.0008751582936383784,0.0005669355159625411,100.0,16.200000762939453
1772701763.5868204,2026-03-05T09:09:23.586820,hover,03,47.397971299999995,8.546164899999999,-0.04500000178813934,-0.2550000250339508,1.5583354979753494e-06,-0.00187029002700001,-9.698426246643066,0.00019253991195000708,-0.0008751582936383784,0.0005669355159625411,100.0,16.200000762939453
1772701763.6880703,2026-03-05T09:09:23.688070,hover,03,47.397971299999995,8.546164899999999,-0.04500000178813934,-0.2550000250339508,1.5583354979753494e-06,-0.00187029002700001,-9.698426246643066,0.00019253991195000708,-0.0008751582936383784,0.0005669355159625411,100.0,16.200000762939453
1772701763.7923381,2026-03-05T09:09:23.792338,hover,03,47.397971299999995,8.546164899999999,-0.04200000315904617,-0.25300002098083496,0.007101947441697121,-0.0033963185269385576,-9.700089454650879,0.0002015199715970084,0.0002689607790671289,0.0004389582318253815,100.0,16.200000762939453
1772701763.8954725,2026-03-05T09:09:23.895473,hover,03,47.397971299999995,8.546164899999999,-0.04200000315904617,-0.25300002098083496,0.007101947441697121,-0.0033963185269385576,-9.700089454650879,0.0002015199715970084,0.0002689607790671289,0.0004389582318253815,100.0,16.200000762939453
1772701763.9984632,2026-03-05T09:09:23.998463,hover,03,47.397971299999995,8.546164899999999,-0.04200000315904617,-0.25300002098083496,0.007101947441697121,-0.0033963185269385576,-9.700089454650879,0.0002015199715970084,0.0002689607790671289,0.0004389582318253815,100.0,16.200000762939453
1772701764.1039815,2026-03-05T09:09:24.103981,hover,03,47.397971299999995,8.546164899999999,-0.04200000315904617,-0.25300002098083496,0.007101947441697121,-0.0033963185269385576,-9.700089454650879,0.0002015199715970084,0.0002689607790671289,0.0004389582318253815,100.0,16.200000762939453
1772701764.2129147,2026-03-05T09:09:24.212915,hover,03,47.397971299999995,8.546164899999999,-0.04100000113248825,-0.25200000405311584,-0.0015310292365029454,0.0012645054375752807,-9.694546699523926,-0.0006765411235392094,0.0005044862045906484,-0.0003029308863915503,100.0,16.200000762939453
1772701764.3143737,2026-03-05T09:09:24.314374,hover,03,47.397971299999995,8.546164899999999,-0.04100000113248825,-0.25200000405311584,-0.0015310292365029454,0.0012645054375752807,-9.694546699523926,-0.0006765411235392094,0.0005044862045906484,-0.0003029308863915503,100.0,16.200000762939453
1772701764.4249752,2026-03-05T09:09:24.424975,hover,03,47.397971299999995,8.546164899999999,-0.04100000113248825,-0.25200000405311584,-0.0015310292365029454,0.0012645054375752807,-9.694546699523926,-0.0006765411235392094,0.0005044862045906484,-0.0003029308863915503,100.0,16.200000762939453
1772701764.534436,2026-03-05T09:09:24.534436,hover,03,47.397971299999995,8.546164899999999,-0.04000000283122063,-0.25,-0.0058808415196835995,-0.0018426560563966632,-9.705487251281738,-0.000743288139346987,-0.0009797168895602226,-0.0003676846972666681,100.0,16.200000762939453
1772701764.638591,2026-03-05T09:09:24.638591,hover,03,47.397971299999995,8.546164899999999,-0.04000000283122063,-0.25,-0.0058808415196835995,-0.0018426560563966632,-9.705487251281738,-0.000743288139346987,-0.0009797168895602226,-0.0003676846972666681,100.0,16.200000762939453
1772701764.739611,2026-03-05T09:09:24.739611,hover,03,47.397971299999995,8.546164899999999,-0.04000000283122063,-0.25,-0.0058808415196835995,-0.0018426560563966632,-9.705487251281738,-0.000743288139346987,-0.0009797168895602226,-0.0003676846972666681,100.0,16.200000762939453
1772701764.8482955,2026-03-05T09:09:24.848295,hover,03,47.397971299999995,8.546164899999999,-0.04000000283122063,-0.25,-0.0058808415196835995,-0.0018426560563966632,-9.705487251281738,-0.000743288139346987,-0.0009797168895602226,-0.0003676846972666681,100.0,16.200000762939453
1772701764.9540021,2026-03-05T09:09:24.954002,hover,03,47.397971299999995,8.546164899999999,-0.039000000804662704,-0.24900001287460327,0.0030473435763269663,0.003528630593791604,-9.694170951843262,-0.0005726824165321887,0.0003833026858046651,-0.0007043628138490021,100.0,16.200000762939453
1772701765.0549273,2026-03-05T09:09:25.054927,hover,03,47.397971299999995,8.546164899999999,-0.039000000804662704,-0.24900001287460327,0.0030473435763269663,0.003528630593791604,-9.694170951843262,-0.0005726824165321887,0.0003833026858046651,-0.0007043628138490021,100.0,16.200000762939453
1772701765.1589177,2026-03-05T09:09:25.158918,hover,03,47.397971299999995,8.546164899999999,-0.039000000804662704,-0.24900001287460327,0.0030473435763269663,0.003528630593791604,-9.694170951843262,-0.0005726824165321887,0.0003833026858046651,-0.0007043628138490021,100.0,16.200000762939453
1772701765.2633398,2026-03-05T09:09:25.263340,hover,03,47.397971299999995,8.546164899999999,-0.039000000804662704,-0.24900001287460327,0.0030473435763269663,0.003528630593791604,-9.694170951843262,-0.0005726824165321887,0.0003833026858046651,-0.0007043628138490021,100.0,16.200000762939453
1772701765.3652477,2026-03-05T09:09:25.365248,hover,03,47.397971299999995,8.546164899999999,-0.03800000250339508,-0.24800001084804535,-0.00474283192306757,-0.009172051213681698,-9.693031311035156,-0.0008123854640871286,-6.222754745977e-05,-0.00016850180691108108,100.0,16.200000762939453
1772701765.4699426,2026-03-05T09:09:25.469943,hover,03,47.397971299999995,8.546164899999999,-0.03800000250339508,-0.24800001084804535,-0.00474283192306757,-0.009172051213681698,-9.693031311035156,-0.0008123854640871286,-6.222754745977e-05,-0.00016850180691108108,100.0,16.200000762939453
1772701765.5789945,2026-03-05T09:09:25.578995,hover,03,47.397971299999995,8.546164899999999,-0.03800000250339508,-0.24800001084804535,-0.00474283192306757,-0.009172051213681698,-9.693031311035156,-0.0008123854640871286,-6.222754745977e-05,-0.00016850180691108108,100.0,16.200000762939453
1772701765.6837602,2026-03-05T09:09:25.683760,hover,03,47.397971299999995,8.546164899999999,-0.03800000250339508,-0.24800001084804535,-0.00474283192306757,-0.009172051213681698,-9.693031311035156,-0.0008123854640871286,-6.222754745977e-05,-0.00016850180691108108,100.0,16.200000762939453
1772701765.7853584,2026-03-05T09:09:25.785358,hover,03,47.397971299999995,8.546164899999999,-0.03800000250339508,-0.24800001084804535,-0.00474283192306757,-0.009172051213681698,-9.693031311035156,-0.0008123854640871286,-6.222754745977e-05,-0.00016850180691108108,100.0,16.200000762939453
1772701765.8872778,2026-03-05T09:09:25.887278,hover,03,47.397971299999995,8.546164899999999,-0.03800000250339508,-0.24800001084804535,-0.00474283192306757,-0.009172051213681698,-9.693031311035156,-0.0008123854640871286,-6.222754745977e-05,-0.00016850180691108108,100.0,16.200000762939453
1772701765.9892378,2026-03-05T09:09:25.989238,hover,03,47.397971299999995,8.546164899999999,-0.03700000047683716,-0.24800001084804535,-0.007761029060930014,-0.0012105503119528294,-9.70519733428955,8.218214497901499e-05,0.000919861311558634,0.0007243230938911438,100.0,16.200000762939453
1772701766.0968468,2026-03-05T09:09:26.096847,hover,03,47.397971299999995,8.546164899999999,-0.03700000047683716,-0.24800001084804535,-0.007761029060930014,-0.0012105503119528294,-9.70519733428955,8.218214497901499e-05,0.000919861311558634,0.0007243230938911438,100.0,16.200000762939453
1772701766.1995678,2026-03-05T09:09:26.199568,hover,03,47.397971299999995,8.546164899999999,-0.03700000047683716,-0.24800001084804535,-0.007761029060930014,-0.0012105503119528294,-9.70519733428955,8.218214497901499e-05,0.000919861311558634,0.0007243230938911438,100.0,16.200000762939453
1772701766.3018408,2026-03-05T09:09:26.301841,hover,03,47.397971299999995,8.546164899999999,-0.036000002175569534,-0.24700000882148743,0.0006552152335643768,-0.0035208091139793396,-9.699193954467773,-0.00018292144523002207,-0.00023126976157072932,0.00023019101354293525,100.0,16.200000762939453
1772701766.4041557,2026-03-05T09:09:26.404156,hover,03,47.397971299999995,8.546164899999999,-0.036000002175569534,-0.24700000882148743,0.0006552152335643768,-0.0035208091139793396,-9.699193954467773,-0.00018292144523002207,-0.00023126976157072932,0.00023019101354293525,100.0,16.200000762939453
1772701766.5131402,2026-03-05T09:09:26.513140,hover,03,47.397971299999995,8.546164899999999,-0.03500000014901161,-0.2460000067949295,-0.006292656064033508,0.001834944006986916,-9.700543403625488,-0.0001395527651766315,-0.00024230584676843137,0.0003348026075400412,100.0,16.200000762939453
1772701766.6222963,2026-03-05T09:09:26.622296,hover,03,47.397971299999995,8.546164899999999,-0.03500000014901161,-0.2460000067949295,-0.006292656064033508,0.001834944006986916,-9.700543403625488,-0.0001395527651766315,-0.00024230584676843137,0.0003348026075400412,100.0,16.200000762939453
1772701766.7241006,2026-03-05T09:09:26.724101,hover,03,47.397971299999995,8.546164899999999,-0.03500000014901161,-0.2460000067949295,-0.006292656064033508,0.001834944006986916,-9.700543403625488,-0.0001395527651766315,-0.00024230584676843137,0.0003348026075400412,100.0,16.200000762939453
1772701766.826202,2026-03-05T09:09:26.826202,hover,03,47.397971299999995,8.546164899999999,-0.03500000014901161,-0.2460000067949295,-0.006292656064033508,0.001834944006986916,-9.700543403625488,-0.0001395527651766315,-0.00024230584676843137,0.0003348026075400412,100.0,16.200000762939453
1772701766.9322917,2026-03-05T09:09:26.932292,hover,03,47.397971299999995,8.546164899999999,-0.03500000014901161,-0.2460000067949295,-0.006292656064033508,0.001834944006986916,-9.700543403625488,-0.0001395527651766315,-0.00024230584676843137,0.0003348026075400412,100.0,16.200000762939453
1772701767.0341163,2026-03-05T09:09:27.034116,hover,03,47.397971299999995,8.546164899999999,-0.03500000014901161,-0.24500000476837158,0.0008947716560214758,-0.005302804056555033,-9.697921752929688,1.099229120882228e-05,0.0004373023984953761,-0.000270063552306965,100.0,16.200000762939453
1772701767.1378307,2026-03-05T09:09:27.137831,hover,03,47.397971299999995,8.546164899999999,-0.03500000014901161,-0.24500000476837158,0.0008947716560214758,-0.005302804056555033,-9.697921752929688,1.099229120882228e-05,0.0004373023984953761,-0.000270063552306965,100.0,16.200000762939453
1772701767.2404492,2026-03-05T09:09:27.240449,hover,03,47.397971299999995,8.546164899999999,-0.03500000014901161,-0.24500000476837158,0.0008947716560214758,-0.005302804056555033,-9.697921752929688,1.099229120882228e-05,0.0004373023984953761,-0.000270063552306965,100.0,16.200000762939453
1772701767.344147,2026-03-05T09:09:27.344147,hover,03,47.397971299999995,8.546164899999999,-0.03500000014901161,-0.24500000476837158,0.0008947716560214758,-0.005302804056555033,-9.697921752929688,1.099229120882228e-05,0.0004373023984953761,-0.000270063552306965,100.0,16.200000762939453
1772701767.4624004,2026-03-05T09:09:27.462400,hover,03,47.397971299999995,8.546164899999999,-0.032999999821186066,-0.24300001561641693,0.002000748412683606,0.0042087845504283905,-9.70044994354248,-0.0015441954601556063,-5.103012517793104e-05,-9.015266550704837e-05,100.0,16.200000762939453
1772701767.5649092,2026-03-05T09:09:27.564909,hover,03,47.397971299999995,8.546164899999999,-0.032999999821186066,-0.24300001561641693,0.002000748412683606,0.0042087845504283905,-9.70044994354248,-0.0015441954601556063,-5.103012517793104e-05,-9.015266550704837e-05,100.0,16.200000762939453
1772701767.6687248,2026-03-05T09:09:27.668725,hover,03,47.397971299999995,8.546164899999999,-0.032999999821186066,-0.24300001561641693,0.002000748412683606,0.0042087845504283905,-9.70044994354248,-0.0015441954601556063,-5.103012517793104e-05,-9.015266550704837e-05,100.0,16.200000762939453
1772701767.7712092,2026-03-05T09:09:27.771209,hover,03,47.397971299999995,8.546164899999999,-0.032999999821186066,-0.24300001561641693,0.002000748412683606,0.0042087845504283905,-9.70044994354248,-0.0015441954601556063,-5.103012517793104e-05,-9.015266550704837e-05,100.0,16.200000762939453
1772701767.8732316,2026-03-05T09:09:27.873232,hover,03,47.397971299999995,8.546164899999999,-0.032999999821186066,-0.24300001561641693,0.002000748412683606,0.0042087845504283905,-9.70044994354248,-0.0015441954601556063,-5.103012517793104e-05,-9.015266550704837e-05,100.0,16.200000762939453
1772701767.9840899,2026-03-05T09:09:27.984090,hover,03,47.397971299999995,8.546164899999999,-0.032999999821186066,-0.24300001561641693,7.456925231963396e-05,-0.0049249473959207535,-9.691295623779297,0.0005190810770727694,-0.00025284953881055117,-0.0004330732626840472,100.0,16.200000762939453
1772701768.1265795,2026-03-05T09:09:28.126580,hover,03,47.397971299999995,8.546164899999999,-0.032999999821186066,-0.24300001561641693,7.456925231963396e-05,-0.0049249473959207535,-9.691295623779297,0.0005190810770727694,-0.00025284953881055117,-0.0004330732626840472,100.0,16.200000762939453
1772701768.239198,2026-03-05T09:09:28.239198,hover,03,47.397971399999996,8.546164899999999,-0.03100000135600567,-0.242000013589859,7.456925231963396e-05,-0.0049249473959207535,-9.691295623779297,0.0005190810770727694,-0.00025284953881055117,-0.0004330732626840472,100.0,16.200000762939453
1772701768.3463,2026-03-05T09:09:28.346300,hover,03,47.397971399999996,8.546164899999999,-0.030000001192092896,-0.2410000115633011,-0.008982853963971138,-0.0033556295093148947,-9.696005821228027,-0.0003611387510318309,-0.0003356124216224998,0.000945917097851634,100.0,16.200000762939453
1772701768.4472313,2026-03-05T09:09:28.447231,hover,03,47.397971399999996,8.546164899999999,-0.030000001192092896,-0.2410000115633011,-0.008982853963971138,-0.0033556295093148947,-9.696005821228027,-0.0003611387510318309,-0.0003356124216224998,0.000945917097851634,100.0,16.200000762939453
1772701768.5543911,2026-03-05T09:09:28.554391,hover,03,47.397971399999996,8.546164899999999,-0.030000001192092896,-0.2410000115633011,-0.008982853963971138,-0.0033556295093148947,-9.696005821228027,-0.0003611387510318309,-0.0003356124216224998,0.000945917097851634,100.0,16.200000762939453
1772701768.6561232,2026-03-05T09:09:28.656123,hover,03,47.397971399999996,8.546164899999999,-0.030000001192092896,-0.2410000115633011,-0.008982853963971138,-0.0033556295093148947,-9.696005821228027,-0.0003611387510318309,-0.0003356124216224998,0.000945917097851634,100.0,16.200000762939453
1772701768.7634013,2026-03-05T09:09:28.763401,hover,03,47.397971399999996,8.546164899999999,-0.030000001192092896,-0.2410000115633011,-0.008982853963971138,-0.0033556295093148947,-9.696005821228027,-0.0003611387510318309,-0.0003356124216224998,0.000945917097851634,100.0,16.200000762939453
1772701768.8658657,2026-03-05T09:09:28.865866,hover,03,47.397971399999996,8.546164899999999,-0.02800000086426735,-0.23900000751018524,0.00048475502990186214,-0.006188045255839825,-9.696114540100098,0.0007474880549125373,0.00044801627518609166,-5.47962736163754e-06,100.0,16.200000762939453
1772701768.9681835,2026-03-05T09:09:28.968184,hover,03,47.397971399999996,8.546164899999999,-0.02800000086426735,-0.23900000751018524,0.00048475502990186214,-0.006188045255839825,-9.696114540100098,0.0007474880549125373,0.00044801627518609166,-5.47962736163754e-06,100.0,16.200000762939453
1772701769.069951,2026-03-05T09:09:29.069951,hover,03,47.397971399999996,8.546164899999999,-0.02800000086426735,-0.23800000548362732,0.006025888025760651,0.0017214732943102717,-9.700286865234375,0.0006223724340088665,0.0013457837048918009,-0.0005684839561581612,100.0,16.200000762939453
1772701769.1709847,2026-03-05T09:09:29.170985,hover,03,47.397971399999996,8.546164899999999,-0.02800000086426735,-0.23800000548362732,0.006025888025760651,0.0017214732943102717,-9.700286865234375,0.0006223724340088665,0.0013457837048918009,-0.0005684839561581612,100.0,16.200000762939453
1772701769.275908,2026-03-05T09:09:29.275908,hover,03,47.397971399999996,8.546164899999999,-0.027000000700354576,-0.2370000183582306,-0.0031474337447434664,-0.0037404377944767475,-9.696825981140137,-0.001030876417644322,3.291296889074147e-05,-0.0006801168783567846,100.0,16.200000762939453
1772701769.4003363,2026-03-05T09:09:29.400336,hover,03,47.397971399999996,8.546164899999999,-0.027000000700354576,-0.2370000183582306,0.002869273768737912,0.002714436501264572,-9.692560195922852,-0.0010016794549301267,-0.0004884463851340115,-5.392192178987898e-06,100.0,16.200000762939453
1772701769.5174406,2026-03-05T09:09:29.517441,hover,03,47.397971399999996,8.546164899999999,-0.026000000536441803,-0.2370000183582306,0.002869273768737912,0.002714436501264572,-9.692560195922852,-0.0010016794549301267,-0.0004884463851340115,-5.392192178987898e-06,100.0,16.200000762939453
1772701769.6213694,2026-03-05T09:09:29.621369,hover,03,47.397971399999996,8.546164899999999,-0.026000000536441803,-0.2370000183582306,0.002869273768737912,0.002714436501264572,-9.692560195922852,-0.0010016794549301267,-0.0004884463851340115,-5.392192178987898e-06,100.0,16.200000762939453
1772701769.7290473,2026-03-05T09:09:29.729047,hover,03,47.397971399999996,8.546164899999999,-0.026000000536441803,-0.2370000183582306,0.002869273768737912,0.002714436501264572,-9.692560195922852,-0.0010016794549301267,-0.0004884463851340115,-5.392192178987898e-06,100.0,16.200000762939453
1772701769.8339882,2026-03-05T09:09:29.833988,hover,03,47.397971399999996,8.546164899999999,-0.026000000536441803,-0.2370000183582306,0.0010178324300795794,0.0042812637984752655,-9.697932243347168,-0.00021511489467229694,0.0008005916606634855,0.0006928962538950145,100.0,16.200000762939453
1772701769.9725258,2026-03-05T09:09:29.972526,hover,03,47.397971399999996,8.546164899999999,-0.026000000536441803,-0.2370000183582306,0.0010178324300795794,0.0042812637984752655,-9.697932243347168,-0.00021511489467229694,0.0008005916606634855,0.0006928962538950145,100.0,16.200000762939453
1772701770.0743375,2026-03-05T09:09:30.074337,hover,03,47.397971399999996,8.546164899999999,-0.026000000536441803,-0.2370000183582306,0.0010178324300795794,0.0042812637984752655,-9.697932243347168,-0.00021511489467229694,0.0008005916606634855,0.0006928962538950145,100.0,16.200000762939453
1772701770.177013,2026-03-05T09:09:30.177013,hover,03,47.397971399999996,8.546164899999999,-0.026000000536441803,-0.2370000183582306,0.0010178324300795794,0.0042812637984752655,-9.697932243347168,-0.00021511489467229694,0.0008005916606634855,0.0006928962538950145,100.0,16.200000762939453
1772701770.2803965,2026-03-05T09:09:30.280396,hover,03,47.397971399999996,8.546164899999999,-0.02500000037252903,-0.23600001633167267,-0.00765047175809741,-0.0019306773319840431,-9.697184562683105,0.0009896241826936603,-0.00023041738313622773,0.00025638911756686866,100.0,16.200000762939453
1772701770.3842905,2026-03-05T09:09:30.384290,hover,03,47.397971399999996,8.546164899999999,-0.02500000037252903,-0.23500001430511475,0.0032482605893164873,-0.0048991609364748,-9.691146850585938,0.0003537262964528054,-0.0009233490563929081,0.0012673757737502456,100.0,16.200000762939453
1772701770.486001,2026-03-05T09:09:30.486001,hover,03,47.397971399999996,8.546164899999999,-0.02500000037252903,-0.23500001430511475,0.0032482605893164873,-0.0048991609364748,-9.691146850585938,0.0003537262964528054,-0.0009233490563929081,0.0012673757737502456,100.0,16.200000762939453
1772701770.588832,2026-03-05T09:09:30.588832,hover,03,47.397971399999996,8.546164899999999,-0.02500000037252903,-0.23600001633167267,-0.007086275611072779,0.001822449266910553,-9.697423934936523,-5.7457385992165655e-05,0.00013675924856215715,-0.0003014410613104701,100.0,16.200000762939453
1772701770.6899502,2026-03-05T09:09:30.689950,hover,03,47.397971399999996,8.546164899999999,-0.02500000037252903,-0.23600001633167267,-0.007086275611072779,0.001822449266910553,-9.697423934936523,-5.7457385992165655e-05,0.00013675924856215715,-0.0003014410613104701,100.0,16.200000762939453
1772701770.7960362,2026-03-05T09:09:30.796036,hover,03,47.397971399999996,8.546164899999999,-0.024000000208616257,-0.23500001430511475,0.007276603952050209,-0.00351504678837955,-9.699769020080566,-0.00039639894384890795,4.147572326473892e-06,1.974711994989775e-05,100.0,16.200000762939453
1772701770.901851,2026-03-05T09:09:30.901851,hover,03,47.397971399999996,8.546164899999999,-0.024000000208616257,-0.23500001430511475,0.007276603952050209,-0.00351504678837955,-9.699769020080566,-0.00039639894384890795,4.147572326473892e-06,1.974711994989775e-05,100.0,16.200000762939453
1772701771.0029027,2026-03-05T09:09:31.002903,hover,03,47.397971399999996,8.546164899999999,-0.024000000208616257,-0.23500001430511475,0.007276603952050209,-0.00351504678837955,-9.699769020080566,-0.00039639894384890795,4.147572326473892e-06,1.974711994989775e-05,100.0,16.200000762939453
1772701771.1038542,2026-03-05T09:09:31.103854,hover,03,47.397971399999996,8.546164899999999,-0.024000000208616257,-0.23400001227855682,0.001049133250489831,-0.00581791577860713,-9.702740669250488,0.0009585950756445527,0.0006285496638156474,0.0008629722287878394,100.0,16.200000762939453
1772701771.2102325,2026-03-05T09:09:31.210232,hover,03,47.397971399999996,8.546164899999999,-0.024000000208616257,-0.23400001227855682,0.001049133250489831,-0.00581791577860713,-9.702740669250488,0.0009585950756445527,0.0006285496638156474,0.0008629722287878394,100.0,16.200000762939453
1772701771.3129888,2026-03-05T09:09:31.312989,hover,03,47.397971399999996,8.546164899999999,-0.024000000208616257,-0.23400001227855682,0.001049133250489831,-0.00581791577860713,-9.702740669250488,0.0009585950756445527,0.0006285496638156474,0.0008629722287878394,100.0,16.200000762939453
1772701771.4141867,2026-03-05T09:09:31.414187,hover,03,47.397971399999996,8.546164899999999,-0.024000000208616257,-0.23400001227855682,0.001049133250489831,-0.00581791577860713,-9.702740669250488,0.0009585950756445527,0.0006285496638156474,0.0008629722287878394,100.0,16.200000762939453
1772701771.5198324,2026-03-05T09:09:31.519832,hover,03,47.397971399999996,8.546164899999999,-0.023000001907348633,-0.23400001227855682,0.0005824908730573952,0.00398047361522913,-9.691832542419434,-0.0008010357851162553,0.0012429514899849892,-0.0011974471854045987,100.0,16.200000762939453
1772701771.6212,2026-03-05T09:09:31.621200,hover,03,47.397971399999996,8.546164899999999,-0.023000001907348633,-0.23400001227855682,0.0005824908730573952,0.00398047361522913,-9.691832542419434,-0.0008010357851162553,0.0012429514899849892,-0.0011974471854045987,100.0,16.200000762939453
1772701771.7244322,2026-03-05T09:09:31.724432,hover,03,47.397971399999996,8.546164899999999,-0.023000001907348633,-0.23400001227855682,0.0005824908730573952,0.00398047361522913,-9.691832542419434,-0.0008010357851162553,0.0012429514899849892,-0.0011974471854045987,100.0,16.200000762939453
1772701771.8262482,2026-03-05T09:09:31.826248,hover,03,47.397971399999996,8.546164899999999,-0.023000001907348633,-0.23400001227855682,0.0005824908730573952,0.00398047361522913,-9.691832542419434,-0.0008010357851162553,0.0012429514899849892,-0.0011974471854045987,100.0,16.200000762939453
1772701771.931775,2026-03-05T09:09:31.931775,hover,03,47.397971399999996,8.546164899999999,-0.023000001907348633,-0.23400001227855682,0.0005824908730573952,0.00398047361522913,-9.691832542419434,-0.0008010357851162553,0.0012429514899849892,-0.0011974471854045987,100.0,16.200000762939453
1772701772.033727,2026-03-05T09:09:32.033727,hover,03,47.397971399999996,8.546164899999999,-0.023000001907348633,-0.23400001227855682,0.0005824908730573952,0.00398047361522913,-9.691832542419434,-0.0008010357851162553,0.0012429514899849892,-0.0011974471854045987,100.0,16.200000762939453
1772701772.1359885,2026-03-05T09:09:32.135988,hover,03,47.397971399999996,8.546164899999999,-0.02200000174343586,-0.2330000102519989,0.0011202518362551928,-0.003094785613939166,-9.699305534362793,-0.0007663472788408399,-0.00034050532849505544,-0.0013514145975932479,100.0,16.200000762939453
1772701772.2392328,2026-03-05T09:09:32.239233,hover,03,47.397971399999996,8.546164899999999,-0.02200000174343586,-0.2330000102519989,0.0011202518362551928,-0.003094785613939166,-9.699305534362793,-0.0007663472788408399,-0.00034050532849505544,-0.0013514145975932479,100.0,16.200000762939453
1772701772.3410623,2026-03-05T09:09:32.341062,hover,03,47.397971399999996,8.546164899999999,-0.02200000174343586,-0.2330000102519989,0.0011202518362551928,-0.003094785613939166,-9.699305534362793,-0.0007663472788408399,-0.00034050532849505544,-0.0013514145975932479,100.0,16.200000762939453
1772701772.4467971,2026-03-05T09:09:32.446797,hover,03,47.397971399999996,8.546164899999999,-0.02200000174343586,-0.2330000102519989,0.0011202518362551928,-0.003094785613939166,-9.699305534362793,-0.0007663472788408399,-0.00034050532849505544,-0.0013514145975932479,100.0,16.200000762939453
1772701772.552113,2026-03-05T09:09:32.552113,hover,03,47.397971399999996,8.546164899999999,-0.021000001579523087,-0.23100000619888306,-0.009765977039933205,-0.003179900348186493,-9.702147483825684,1.6443482309114188e-05,0.0004956416669301689,0.0008769522537477314,100.0,16.200000762939453
1772701772.6543632,2026-03-05T09:09:32.654363,hover,03,47.397971399999996,8.546164899999999,-0.021000001579523087,-0.23100000619888306,-0.009765977039933205,-0.003179900348186493,-9.702147483825684,1.6443482309114188e-05,0.0004956416669301689,0.0008769522537477314,100.0,16.200000762939453
1772701772.7609968,2026-03-05T09:09:32.760997,hover,03,47.397971399999996,8.546164899999999,-0.021000001579523087,-0.23100000619888306,-0.009765977039933205,-0.003179900348186493,-9.702147483825684,1.6443482309114188e-05,0.0004956416669301689,0.0008769522537477314,100.0,16.200000762939453
1772701772.871426,2026-03-05T09:09:32.871426,hover,03,47.397971399999996,8.546164899999999,-0.021000001579523087,-0.23100000619888306,-0.009765977039933205,-0.003179900348186493,-9.702147483825684,1.6443482309114188e-05,0.0004956416669301689,0.0008769522537477314,100.0,16.200000762939453
1772701772.9893258,2026-03-05T09:09:32.989326,hover,03,47.397971399999996,8.546164899999999,-0.01900000125169754,-0.23000000417232513,-0.0021296502090990543,-0.0064043765887618065,-9.702546119689941,-0.000671986083034426,-0.001208699424751103,-0.000142064003739506,100.0,16.200000762939453
1772701773.092152,2026-03-05T09:09:33.092152,hover,03,47.397971399999996,8.546164899999999,-0.01900000125169754,-0.23000000417232513,-0.0021296502090990543,-0.0064043765887618065,-9.702546119689941,-0.000671986083034426,-0.001208699424751103,-0.000142064003739506,100.0,16.200000762939453
1772701773.205995,2026-03-05T09:09:33.205995,hover,03,47.397971399999996,8.546164899999999,-0.01900000125169754,-0.23000000417232513,-0.0021296502090990543,-0.0064043765887618065,-9.702546119689941,-0.000671986083034426,-0.001208699424751103,-0.000142064003739506,100.0,16.200000762939453
1772701773.3069406,2026-03-05T09:09:33.306941,hover,03,47.397971399999996,8.546164899999999,-0.01900000125169754,-0.23000000417232513,-0.0021296502090990543,-0.0064043765887618065,-9.702546119689941,-0.000671986083034426,-0.001208699424751103,-0.000142064003739506,100.0,16.200000762939453
1772701773.4151073,2026-03-05T09:09:33.415107,hover,03,47.397971399999996,8.546164899999999,-0.01900000125169754,-0.23000000417232513,-0.0021296502090990543,-0.0064043765887618065,-9.702546119689941,-0.000671986083034426,-0.001208699424751103,-0.000142064003739506,100.0,16.200000762939453
1772701773.5738935,2026-03-05T09:09:33.573894,hover,03,47.397971399999996,8.546164899999999,-0.01900000125169754,-0.2290000170469284,0.008933351375162601,-0.00935459230095148,-9.694310188293457,3.389076664461754e-05,-0.0007087965495884418,0.0013190715108066797,100.0,16.200000762939453
1772701773.6922374,2026-03-05T09:09:33.692237,hover,03,47.397971399999996,8.546164899999999,-0.01900000125169754,-0.2290000170469284,0.008933351375162601,-0.00935459230095148,-9.694310188293457,3.389076664461754e-05,-0.0007087965495884418,0.0013190715108066797,100.0,16.200000762939453
1772701773.799986,2026-03-05T09:09:33.799986,hover,03,47.397971399999996,8.546164899999999,-0.01900000125169754,-0.2290000170469284,0.008933351375162601,-0.00935459230095148,-9.694310188293457,3.389076664461754e-05,-0.0007087965495884418,0.0013190715108066797,100.0,16.200000762939453
1772701773.9012578,2026-03-05T09:09:33.901258,hover,03,47.397971399999996,8.546164899999999,-0.01900000125169754,-0.2290000170469284,0.008933351375162601,-0.00935459230095148,-9.694310188293457,3.389076664461754e-05,-0.0007087965495884418,0.0013190715108066797,100.0,16.200000762939453
1772701774.0050778,2026-03-05T09:09:34.005078,hover,03,47.397971399999996,8.546164899999999,-0.01900000125169754,-0.2290000170469284,0.008933351375162601,-0.00935459230095148,-9.694310188293457,3.389076664461754e-05,-0.0007087965495884418,0.0013190715108066797,100.0,16.200000762939453
1772701774.1073697,2026-03-05T09:09:34.107370,hover,03,47.397971399999996,8.546164899999999,-0.015000000596046448,-0.22500000894069672,-0.007408324629068375,0.007590680383145809,-9.69484806060791,0.00011828723654616624,-0.0006561775808222592,0.00012106848589610308,100.0,16.200000762939453
1772701774.2111893,2026-03-05T09:09:34.211189,hover,03,47.397971399999996,8.546164899999999,-0.015000000596046448,-0.22500000894069672,-0.007408324629068375,0.007590680383145809,-9.69484806060791,0.00011828723654616624,-0.0006561775808222592,0.00012106848589610308,100.0,16.200000762939453
1772701774.3159096,2026-03-05T09:09:34.315910,hover,03,47.397971399999996,8.546164899999999,-0.015000000596046448,-0.22500000894069672,-0.007408324629068375,0.007590680383145809,-9.69484806060791,0.00011828723654616624,-0.0006561775808222592,0.00012106848589610308,100.0,16.200000762939453
1772701774.4673247,2026-03-05T09:09:34.467325,hover,03,47.397971399999996,8.546164899999999,-0.015000000596046448,-0.22500000894069672,-0.007408324629068375,0.007590680383145809,-9.69484806060791,0.00011828723654616624,-0.0006561775808222592,0.00012106848589610308,100.0,16.200000762939453
1772701774.5741794,2026-03-05T09:09:34.574179,hover,03,47.397971399999996,8.546164899999999,-0.013000000268220901,-0.2240000069141388,-0.0036571507807821035,-0.005083964206278324,-9.693500518798828,0.00027876318199560046,-0.00020372879225760698,-9.41636972129345e-06,100.0,16.200000762939453
1772701774.6775618,2026-03-05T09:09:34.677562,hover,03,47.397971399999996,8.546164899999999,-0.013000000268220901,-0.2240000069141388,-0.0036571507807821035,-0.005083964206278324,-9.693500518798828,0.00027876318199560046,-0.00020372879225760698,-9.41636972129345e-06,100.0,16.200000762939453
1772701774.7840855,2026-03-05T09:09:34.784086,hover,03,47.397971399999996,8.546164899999999,-0.01100000087171793,-0.22200001776218414,0.001186074921861291,0.0014282719930633903,-9.690710067749023,-0.00019859112217091024,0.00021751064923591912,-0.0003472284006420523,100.0,16.200000762939453
1772701774.885306,2026-03-05T09:09:34.885306,hover,03,47.397971399999996,8.546164899999999,-0.01100000087171793,-0.22200001776218414,0.001186074921861291,0.0014282719930633903,-9.690710067749023,-0.00019859112217091024,0.00021751064923591912,-0.0003472284006420523,100.0,16.200000762939453
1772701774.9918616,2026-03-05T09:09:34.991862,hover,03,47.397971399999996,8.546164899999999,-0.01100000087171793,-0.22200001776218414,0.001186074921861291,0.0014282719930633903,-9.690710067749023,-0.00019859112217091024,0.00021751064923591912,-0.0003472284006420523,100.0,16.200000762939453
1772701775.116411,2026-03-05T09:09:35.116411,hover,03,47.397971399999996,8.546164899999999,-0.01100000087171793,-0.22200001776218414,0.001186074921861291,0.0014282719930633903,-9.690710067749023,-0.00019859112217091024,0.00021751064923591912,-0.0003472284006420523,100.0,16.200000762939453
1772701775.218833,2026-03-05T09:09:35.218833,hover,03,47.397971399999996,8.546164899999999,-0.01100000087171793,-0.22200001776218414,0.001186074921861291,0.0014282719930633903,-9.690710067749023,-0.00019859112217091024,0.00021751064923591912,-0.0003472284006420523,100.0,16.200000762939453
1772701775.3941617,2026-03-05T09:09:35.394162,hover,03,47.397971399999996,8.546164899999999,-0.010000000707805157,-0.2200000137090683,-0.005251317285001278,0.0021947103086858988,-9.695225715637207,-0.0005837997305206954,0.000993245281279087,1.1665557394735515e-05,100.0,16.200000762939453
1772701775.4983966,2026-03-05T09:09:35.498397,hover,03,47.397971399999996,8.546164899999999,-0.010000000707805157,-0.2200000137090683,-0.005251317285001278,0.0021947103086858988,-9.695225715637207,-0.0005837997305206954,0.000993245281279087,1.1665557394735515e-05,100.0,16.200000762939453
1772701775.5993497,2026-03-05T09:09:35.599350,hover,03,47.397971399999996,8.546164899999999,-0.010000000707805157,-0.2200000137090683,-0.005251317285001278,0.0021947103086858988,-9.695225715637207,-0.0005837997305206954,0.000993245281279087,1.1665557394735515e-05,100.0,16.200000762939453
1772701775.703162,2026-03-05T09:09:35.703162,hover,03,47.397971399999996,8.546164899999999,-0.00800000037997961,-0.21900001168251038,0.0019508653786033392,0.004576022271066904,-9.699012756347656,0.00036368274595588446,-0.0002172605600208044,-0.000393931579310447,100.0,16.200000762939453
1772701775.805844,2026-03-05T09:09:35.805844,hover,03,47.397971399999996,8.546164899999999,-0.00800000037997961,-0.21900001168251038,0.0019508653786033392,0.004576022271066904,-9.699012756347656,0.00036368274595588446,-0.0002172605600208044,-0.000393931579310447,100.0,16.200000762939453
1772701775.9079525,2026-03-05T09:09:35.907953,hover,03,47.397971399999996,8.546164899999999,-0.00800000037997961,-0.21900001168251038,0.0019508653786033392,0.004576022271066904,-9.699012756347656,0.00036368274595588446,-0.0002172605600208044,-0.000393931579310447,100.0,16.200000762939453
1772701776.0092142,2026-03-05T09:09:36.009214,hover,03,47.397971399999996,8.546164899999999,-0.00800000037997961,-0.21900001168251038,0.0019508653786033392,0.004576022271066904,-9.699012756347656,0.00036368274595588446,-0.0002172605600208044,-0.000393931579310447,100.0,16.200000762939453
1772701776.1172898,2026-03-05T09:09:36.117290,hover,03,47.397971399999996,8.546164899999999,-0.00800000037997961,-0.21900001168251038,0.0019508653786033392,0.004576022271066904,-9.699012756347656,0.00036368274595588446,-0.0002172605600208044,-0.000393931579310447,100.0,16.200000762939453
1772701776.2191255,2026-03-05T09:09:36.219126,hover,03,47.397971399999996,8.546164899999999,-0.00800000037997961,-0.21900001168251038,0.0019508653786033392,0.004576022271066904,-9.699012756347656,0.00036368274595588446,-0.0002172605600208044,-0.000393931579310447,100.0,16.200000762939453
1772701776.325932,2026-03-05T09:09:36.325932,hover,03,47.397971399999996,8.546164899999999,-0.007000000216066837,-0.21800000965595245,-0.0075061749666929245,0.0032128416933119297,-9.702064514160156,-0.00011830801668111235,-0.0006404519663192332,0.0004517776542343199,100.0,16.200000762939453
1772701776.4299428,2026-03-05T09:09:36.429943,hover,03,47.397971399999996,8.546164899999999,-0.007000000216066837,-0.21800000965595245,-0.0075061749666929245,0.0032128416933119297,-9.702064514160156,-0.00011830801668111235,-0.0006404519663192332,0.0004517776542343199,100.0,16.200000762939453
1772701776.5316062,2026-03-05T09:09:36.531606,hover,03,47.397971399999996,8.546164899999999,-0.007000000216066837,-0.21800000965595245,-0.0075061749666929245,0.0032128416933119297,-9.702064514160156,-0.00011830801668111235,-0.0006404519663192332,0.0004517776542343199,100.0,16.200000762939453
1772701776.667293,2026-03-05T09:09:36.667293,hover,03,47.397971399999996,8.546164899999999,-0.007000000216066837,-0.21800000965595245,-0.0075061749666929245,0.0032128416933119297,-9.702064514160156,-0.00011830801668111235,-0.0006404519663192332,0.0004517776542343199,100.0,16.200000762939453
1772701776.7949204,2026-03-05T09:09:36.794920,hover,03,47.397971399999996,8.546164899999999,-0.007000000216066837,-0.21700000762939453,-0.0012828048784285784,-0.003781172214075923,-9.690730094909668,-0.00035687361378222704,0.001596208312548697,0.00020609215425793082,100.0,16.200000762939453
1772701776.8997374,2026-03-05T09:09:36.899737,hover,03,47.397971399999996,8.546164899999999,-0.007000000216066837,-0.21700000762939453,-0.0012828048784285784,-0.003781172214075923,-9.690730094909668,-0.00035687361378222704,0.001596208312548697,0.00020609215425793082,100.0,16.200000762939453
1772701777.0009067,2026-03-05T09:09:37.000907,hover,03,47.397971399999996,8.546164899999999,-0.007000000216066837,-0.21700000762939453,-0.0012828048784285784,-0.003781172214075923,-9.690730094909668,-0.00035687361378222704,0.001596208312548697,0.00020609215425793082,100.0,16.200000762939453
1772701777.1050336,2026-03-05T09:09:37.105034,hover,03,47.397971399999996,8.546164899999999,-0.007000000216066837,-0.21700000762939453,-0.0012828048784285784,-0.003781172214075923,-9.690730094909668,-0.00035687361378222704,0.001596208312548697,0.00020609215425793082,100.0,16.200000762939453
1772701777.2082016,2026-03-05T09:09:37.208202,hover,03,47.397971399999996,8.546164899999999,-0.005000000353902578,-0.2160000056028366,-0.0033872954081743956,0.00017239549197256565,-9.699920654296875,0.000284570298390463,-0.0005701156915165484,0.0005208666552789509,100.0,16.200000762939453
1772701777.311383,2026-03-05T09:09:37.311383,hover,03,47.397971399999996,8.546164899999999,-0.005000000353902578,-0.2160000056028366,-0.0033872954081743956,0.00017239549197256565,-9.699920654296875,0.000284570298390463,-0.0005701156915165484,0.0005208666552789509,100.0,16.200000762939453
1772701777.447644,2026-03-05T09:09:37.447644,hover,03,47.397971399999996,8.546164899999999,-0.005000000353902578,-0.2160000056028366,-0.0033872954081743956,0.00017239549197256565,-9.699920654296875,0.000284570298390463,-0.0005701156915165484,0.0005208666552789509,100.0,16.200000762939453
1772701777.5613995,2026-03-05T09:09:37.561399,hover,03,47.397971399999996,8.546164899999999,-0.004000000189989805,-0.21400001645088196,-0.0035107112489640713,0.0002946670865640044,-9.695493698120117,-0.0006819688715040684,-0.0020055852364748716,0.0012826176825910807,100.0,16.200000762939453
1772701777.6638823,2026-03-05T09:09:37.663882,hover,03,47.397971399999996,8.546164899999999,-0.004000000189989805,-0.21400001645088196,-0.0035107112489640713,0.0002946670865640044,-9.695493698120117,-0.0006819688715040684,-0.0020055852364748716,0.0012826176825910807,100.0,16.200000762939453
1772701777.7682827,2026-03-05T09:09:37.768283,hover,03,47.397971399999996,8.546164899999999,-0.004000000189989805,-0.21400001645088196,-0.0035107112489640713,0.0002946670865640044,-9.695493698120117,-0.0006819688715040684,-0.0020055852364748716,0.0012826176825910807,100.0,16.200000762939453
1772701777.8912103,2026-03-05T09:09:37.891210,hover,03,47.397971399999996,8.546164899999999,-0.003000000026077032,-0.21400001645088196,7.638538954779506e-05,-0.007104712538421154,-9.695833206176758,0.0008609934593550861,0.00030123506439849734,0.00026981899281963706,100.0,16.200000762939453
1772701777.995604,2026-03-05T09:09:37.995604,hover,03,47.397971399999996,8.546164899999999,-0.003000000026077032,-0.21400001645088196,7.638538954779506e-05,-0.007104712538421154,-9.695833206176758,0.0008609934593550861,0.00030123506439849734,0.00026981899281963706,100.0,16.200000762939453
1772701778.1234627,2026-03-05T09:09:38.123463,hover,03,47.397971399999996,8.546164899999999,-0.003000000026077032,-0.21400001645088196,7.638538954779506e-05,-0.007104712538421154,-9.695833206176758,0.0008609934593550861,0.00030123506439849734,0.00026981899281963706,100.0,16.200000762939453
1772701778.2262769,2026-03-05T09:09:38.226277,hover,03,47.397971399999996,8.546164899999999,-0.003000000026077032,-0.21400001645088196,7.638538954779506e-05,-0.007104712538421154,-9.695833206176758,0.0008609934593550861,0.00030123506439849734,0.00026981899281963706,100.0,16.200000762939453
1772701778.3303695,2026-03-05T09:09:38.330369,hover,03,47.397971399999996,8.5461648,-0.0020000000949949026,-0.21300001442432404,0.0020895511843264103,-7.846677908673882e-05,-9.691346168518066,0.0007011124980635941,0.0005698592285625637,0.0008418683428317308,100.0,16.200000762939453
1772701778.435706,2026-03-05T09:09:38.435706,hover,03,47.397971399999996,8.5461648,-0.0020000000949949026,-0.21300001442432404,0.0020895511843264103,-7.846677908673882e-05,-9.691346168518066,0.0007011124980635941,0.0005698592285625637,0.0008418683428317308,100.0,16.200000762939453
1772701778.5387323,2026-03-05T09:09:38.538732,hover,03,47.397971399999996,8.5461648,-0.0020000000949949026,-0.21300001442432404,0.0020895511843264103,-7.846677908673882e-05,-9.691346168518066,0.0007011124980635941,0.0005698592285625637,0.0008418683428317308,100.0,16.200000762939453
1772701778.6514056,2026-03-05T09:09:38.651406,hover,03,47.397971399999996,8.5461648,-0.0020000000949949026,-0.21300001442432404,0.0020895511843264103,-7.846677908673882e-05,-9.691346168518066,0.0007011124980635941,0.0005698592285625637,0.0008418683428317308,100.0,16.200000762939453
1772701778.758836,2026-03-05T09:09:38.758836,hover,03,47.397971399999996,8.5461648,-0.0020000000949949026,-0.21300001442432404,0.005202848464250565,0.0005088381585665047,-9.699117660522461,-0.00025001936592161655,0.00044473816524259746,-0.0009895652765408158,100.0,16.200000762939453
1772701778.8905458,2026-03-05T09:09:38.890546,hover,03,47.397971399999996,8.5461648,-0.0020000000949949026,-0.21300001442432404,0.005202848464250565,0.0005088381585665047,-9.699117660522461,-0.00025001936592161655,0.00044473816524259746,-0.0009895652765408158,100.0,16.200000762939453
1772701779.0231197,2026-03-05T09:09:39.023120,hover,03,47.397971399999996,8.5461648,-0.0020000000949949026,-0.21300001442432404,0.005202848464250565,0.0005088381585665047,-9.699117660522461,-0.00025001936592161655,0.00044473816524259746,-0.0009895652765408158,100.0,16.200000762939453
1772701779.126204,2026-03-05T09:09:39.126204,hover,03,47.397971399999996,8.5461648,-0.0020000000949949026,-0.21300001442432404,0.005202848464250565,0.0005088381585665047,-9.699117660522461,-0.00025001936592161655,0.00044473816524259746,-0.0009895652765408158,100.0,16.200000762939453
1772701779.227884,2026-03-05T09:09:39.227884,hover,03,47.397971399999996,8.5461648,-0.0020000000949949026,-0.21300001442432404,0.005202848464250565,0.0005088381585665047,-9.699117660522461,-0.00025001936592161655,0.00044473816524259746,-0.0009895652765408158,100.0,16.200000762939453
1772701779.3453238,2026-03-05T09:09:39.345324,hover,03,47.397971399999996,8.5461648,-0.0010000000474974513,-0.2110000103712082,-0.00325327948667109,0.0005254576099105179,-9.695231437683105,-8.000273373909295e-05,-0.00029031839221715927,0.0011236252030357718,100.0,16.200000762939453
1772701779.4579186,2026-03-05T09:09:39.457919,hover,03,47.397971399999996,8.5461648,-0.0010000000474974513,-0.2110000103712082,-0.00325327948667109,0.0005254576099105179,-9.695231437683105,-8.000273373909295e-05,-0.00029031839221715927,0.0011236252030357718,100.0,16.200000762939453
1772701779.5597944,2026-03-05T09:09:39.559794,hover,03,47.397971399999996,8.5461648,-0.0010000000474974513,-0.2110000103712082,-0.00325327948667109,0.0005254576099105179,-9.695231437683105,-8.000273373909295e-05,-0.00029031839221715927,0.0011236252030357718,100.0,16.200000762939453
1772701779.673679,2026-03-05T09:09:39.673679,hover,03,47.397971399999996,8.5461648,0.0,-0.21000000834465027,-0.0032958504743874073,0.00901014357805252,-9.691643714904785,-0.001047042547725141,0.00016412680270150304,0.00017380170174874365,100.0,16.200000762939453
1772701779.8044014,2026-03-05T09:09:39.804401,hover,03,47.397971399999996,8.5461648,0.0,-0.21000000834465027,-0.0032958504743874073,0.00901014357805252,-9.691643714904785,-0.001047042547725141,0.00016412680270150304,0.00017380170174874365,100.0,16.200000762939453
1772701779.9080482,2026-03-05T09:09:39.908048,hover,03,47.397971399999996,8.5461648,0.0,-0.21000000834465027,-0.0032958504743874073,0.00901014357805252,-9.691643714904785,-0.001047042547725141,0.00016412680270150304,0.00017380170174874365,100.0,16.200000762939453
1772701780.0157042,2026-03-05T09:09:40.015704,hover,03,47.397971399999996,8.5461648,0.0,-0.21000000834465027,-0.0032958504743874073,0.00901014357805252,-9.691643714904785,-0.001047042547725141,0.00016412680270150304,0.00017380170174874365,100.0,16.200000762939453
1772701780.1183672,2026-03-05T09:09:40.118367,hover,03,47.397971399999996,8.5461648,0.0,-0.21000000834465027,-0.0032958504743874073,0.00901014357805252,-9.691643714904785,-0.001047042547725141,0.00016412680270150304,0.00017380170174874365,100.0,16.200000762939453
1772701780.2197216,2026-03-05T09:09:40.219722,hover,03,47.397971399999996,8.5461648,0.0010000000474974513,-0.20800000429153442,0.0012246447149664164,0.00901474617421627,-9.7031888961792,-0.00022238159726839513,5.0761664169840515e-06,-0.000890013063326478,100.0,16.200000762939453
1772701780.3250961,2026-03-05T09:09:40.325096,hover,03,47.397971399999996,8.5461648,0.0010000000474974513,-0.20800000429153442,0.0012246447149664164,0.00901474617421627,-9.7031888961792,-0.00022238159726839513,5.0761664169840515e-06,-0.000890013063326478,100.0,16.200000762939453
1772701780.4300158,2026-03-05T09:09:40.430016,hover,03,47.397971399999996,8.5461648,0.0010000000474974513,-0.20800000429153442,0.0012246447149664164,0.00901474617421627,-9.7031888961792,-0.00022238159726839513,5.0761664169840515e-06,-0.000890013063326478,100.0,16.200000762939453
1772701780.5321712,2026-03-05T09:09:40.532171,hover,03,47.397971399999996,8.5461648,0.0010000000474974513,-0.20800000429153442,0.0012246447149664164,0.00901474617421627,-9.7031888961792,-0.00022238159726839513,5.0761664169840515e-06,-0.000890013063326478,100.0,16.200000762939453
1772701780.6472342,2026-03-05T09:09:40.647234,hover,03,47.397971399999996,8.5461648,0.0010000000474974513,-0.20800000429153442,0.0012246447149664164,0.00901474617421627,-9.7031888961792,-0.00022238159726839513,5.0761664169840515e-06,-0.000890013063326478,100.0,16.200000762939453
1772701780.7780716,2026-03-05T09:09:40.778072,hover,03,47.397971399999996,8.5461648,0.0020000000949949026,-0.2070000171661377,-0.010805090889334679,-0.00033020757837221026,-9.697903633117676,0.0004743413010146469,-0.0007354281842708588,0.0007251333445310593,100.0,16.200000762939453
1772701780.924538,2026-03-05T09:09:40.924538,hover,03,47.397971399999996,8.5461648,0.0020000000949949026,-0.2070000171661377,-0.010805090889334679,-0.00033020757837221026,-9.697903633117676,0.0004743413010146469,-0.0007354281842708588,0.0007251333445310593,100.0,16.200000762939453
1772701781.0396256,2026-03-05T09:09:41.039626,hover,03,47.397971399999996,8.5461648,0.0020000000949949026,-0.2070000171661377,-0.010805090889334679,-0.00033020757837221026,-9.697903633117676,0.0004743413010146469,-0.0007354281842708588,0.0007251333445310593,100.0,16.200000762939453
1772701781.1427393,2026-03-05T09:09:41.142739,hover,03,47.397971399999996,8.5461648,0.0020000000949949026,-0.2070000171661377,-0.010805090889334679,-0.00033020757837221026,-9.697903633117676,0.0004743413010146469,-0.0007354281842708588,0.0007251333445310593,100.0,16.200000762939453
1772701781.2502754,2026-03-05T09:09:41.250275,hover,03,47.397971399999996,8.5461648,0.003000000026077032,-0.20600001513957977,0.0006716233328916132,0.008228935301303864,-9.691971778869629,-0.0010695967357605696,4.978101787855849e-05,0.0006351502961479127,100.0,16.200000762939453
1772701781.419032,2026-03-05T09:09:41.419032,hover,03,47.397971399999996,8.5461648,0.003000000026077032,-0.20600001513957977,0.0006716233328916132,0.008228935301303864,-9.691971778869629,-0.0010695967357605696,4.978101787855849e-05,0.0006351502961479127,100.0,16.200000762939453
1772701781.5212033,2026-03-05T09:09:41.521203,hover,03,47.397971399999996,8.5461648,0.003000000026077032,-0.20600001513957977,0.0006716233328916132,0.008228935301303864,-9.691971778869629,-0.0010695967357605696,4.978101787855849e-05,0.0006351502961479127,100.0,16.200000762939453
1772701781.6218898,2026-03-05T09:09:41.621890,hover,03,47.397971399999996,8.5461648,0.003000000026077032,-0.20600001513957977,0.0006716233328916132,0.008228935301303864,-9.691971778869629,-0.0010695967357605696,4.978101787855849e-05,0.0006351502961479127,100.0,16.200000762939453
1772701781.7315593,2026-03-05T09:09:41.731559,hover,03,47.397971399999996,8.5461648,0.003000000026077032,-0.20600001513957977,0.0006716233328916132,0.008228935301303864,-9.691971778869629,-0.0010695967357605696,4.978101787855849e-05,0.0006351502961479127,100.0,16.200000762939453
1772701781.8332927,2026-03-05T09:09:41.833293,hover,03,47.397971399999996,8.5461648,0.004000000189989805,-0.20500001311302185,0.002175952773541212,0.0033066628966480494,-9.700947761535645,-3.649885911727324e-06,-0.0009061740711331367,-0.0003249373403377831,100.0,16.200000762939453
1772701781.938222,2026-03-05T09:09:41.938222,hover,03,47.397971399999996,8.5461648,0.004000000189989805,-0.20500001311302185,0.002175952773541212,0.0033066628966480494,-9.700947761535645,-3.649885911727324e-06,-0.0009061740711331367,-0.0003249373403377831,100.0,16.200000762939453
1772701782.0421102,2026-03-05T09:09:42.042110,hover,03,47.397971399999996,8.5461648,0.004000000189989805,-0.20500001311302185,0.002175952773541212,0.0033066628966480494,-9.700947761535645,-3.649885911727324e-06,-0.0009061740711331367,-0.0003249373403377831,100.0,16.200000762939453
1772701782.144562,2026-03-05T09:09:42.144562,hover,03,47.397971399999996,8.5461648,0.005000000353902578,-0.20400001108646393,-0.0068047866225242615,-0.001271295128390193,-9.694586753845215,0.0010444559156894684,-0.0003072944818995893,0.0002930141636170447,100.0,16.200000762939453
1772701782.2459831,2026-03-05T09:09:42.245983,hover,03,47.397971399999996,8.5461648,0.005000000353902578,-0.20400001108646393,-0.0068047866225242615,-0.001271295128390193,-9.694586753845215,0.0010444559156894684,-0.0003072944818995893,0.0002930141636170447,100.0,16.200000762939453
1772701782.3478553,2026-03-05T09:09:42.347855,hover,03,47.397971399999996,8.5461648,0.005000000353902578,-0.20400001108646393,-0.0068047866225242615,-0.001271295128390193,-9.694586753845215,0.0010444559156894684,-0.0003072944818995893,0.0002930141636170447,100.0,16.200000762939453
1772701782.4493856,2026-03-05T09:09:42.449386,hover,03,47.397971399999996,8.5461648,0.005000000353902578,-0.20400001108646393,-0.0068047866225242615,-0.001271295128390193,-9.694586753845215,0.0010444559156894684,-0.0003072944818995893,0.0002930141636170447,100.0,16.200000762939453
1772701782.5510683,2026-03-05T09:09:42.551068,hover,03,47.397971399999996,8.5461648,0.005000000353902578,-0.20400001108646393,-0.0068047866225242615,-0.001271295128390193,-9.694586753845215,0.0010444559156894684,-0.0003072944818995893,0.0002930141636170447,100.0,16.200000762939453
1772701782.6870198,2026-03-05T09:09:42.687020,hover,03,47.397971399999996,8.5461648,0.005000000353902578,-0.20400001108646393,-0.0068047866225242615,-0.001271295128390193,-9.694586753845215,0.0010444559156894684,-0.0003072944818995893,0.0002930141636170447,100.0,16.200000762939453
1772701782.7887232,2026-03-05T09:09:42.788723,hover,03,47.397971399999996,8.5461648,0.005000000353902578,-0.20400001108646393,-0.0068047866225242615,-0.001271295128390193,-9.694586753845215,0.0010444559156894684,-0.0003072944818995893,0.0002930141636170447,100.0,16.200000762939453
1772701782.89248,2026-03-05T09:09:42.892480,hover,03,47.397971399999996,8.5461648,0.00800000037997961,-0.20100000500679016,0.003446282586082816,0.0004517110646702349,-9.689345359802246,0.0002905971778091043,0.00032424498931504786,-0.001317290705628693,100.0,16.200000762939453
1772701782.9938881,2026-03-05T09:09:42.993888,hover,03,47.397971399999996,8.5461648,0.00800000037997961,-0.20100000500679016,0.003446282586082816,0.0004517110646702349,-9.689345359802246,0.0002905971778091043,0.00032424498931504786,-0.001317290705628693,100.0,16.200000762939453
1772701783.0989711,2026-03-05T09:09:43.098971,hover,03,47.397971399999996,8.5461648,0.00800000037997961,-0.20100000500679016,0.003446282586082816,0.0004517110646702349,-9.689345359802246,0.0002905971778091043,0.00032424498931504786,-0.001317290705628693,100.0,16.200000762939453
1772701783.2013104,2026-03-05T09:09:43.201310,hover,03,47.397971399999996,8.5461648,0.010000000707805157,-0.1990000158548355,0.0020843513775616884,-0.007057073060423136,-9.701014518737793,-0.0008465474238619208,0.0008938093087635934,0.0003561900812201202,100.0,16.200000762939453
1772701783.3034325,2026-03-05T09:09:43.303432,hover,03,47.397971399999996,8.5461648,0.010000000707805157,-0.1990000158548355,0.0020843513775616884,-0.007057073060423136,-9.701014518737793,-0.0008465474238619208,0.0008938093087635934,0.0003561900812201202,100.0,16.200000762939453
1772701783.4048707,2026-03-05T09:09:43.404871,hover,03,47.397971399999996,8.5461648,0.010000000707805157,-0.1990000158548355,0.0020843513775616884,-0.007057073060423136,-9.701014518737793,-0.0008465474238619208,0.0008938093087635934,0.0003561900812201202,100.0,16.200000762939453
1772701783.505878,2026-03-05T09:09:43.505878,hover,03,47.397971399999996,8.5461648,0.010000000707805157,-0.1990000158548355,0.0020843513775616884,-0.007057073060423136,-9.701014518737793,-0.0008465474238619208,0.0008938093087635934,0.0003561900812201202,100.0,16.200000762939453
1772701783.6116176,2026-03-05T09:09:43.611618,hover,03,47.397971399999996,8.5461648,0.012000000104308128,-0.19700001180171967,-0.008362064138054848,0.0012691388837993145,-9.69675064086914,-0.00014089418982621282,-0.0008605366456322372,0.00013490309356711805,100.0,16.200000762939453
1772701783.713325,2026-03-05T09:09:43.713325,hover,03,47.397971399999996,8.5461648,0.012000000104308128,-0.19700001180171967,-0.008362064138054848,0.0012691388837993145,-9.69675064086914,-0.00014089418982621282,-0.0008605366456322372,0.00013490309356711805,100.0,16.200000762939453
1772701783.814962,2026-03-05T09:09:43.814962,hover,03,47.397971399999996,8.5461648,0.012000000104308128,-0.19700001180171967,-0.008362064138054848,0.0012691388837993145,-9.69675064086914,-0.00014089418982621282,-0.0008605366456322372,0.00013490309356711805,100.0,16.200000762939453
1772701783.9178696,2026-03-05T09:09:43.917870,hover,03,47.397971399999996,8.5461648,0.012000000104308128,-0.19700001180171967,-0.008362064138054848,0.0012691388837993145,-9.69675064086914,-0.00014089418982621282,-0.0008605366456322372,0.00013490309356711805,100.0,16.200000762939453
1772701784.0193808,2026-03-05T09:09:44.019381,hover,03,47.397971399999996,8.5461648,0.012000000104308128,-0.19700001180171967,-0.008362064138054848,0.0012691388837993145,-9.69675064086914,-0.00014089418982621282,-0.0008605366456322372,0.00013490309356711805,100.0,16.200000762939453
1772701784.1219106,2026-03-05T09:09:44.121911,hover,03,47.397971399999996,8.5461648,0.012000000104308128,-0.19700001180171967,0.0017317328602075577,-0.0015062878374010324,-9.696429252624512,0.0002334235468879342,-0.0009844261221587658,-0.00037056338624097407,100.0,16.200000762939453
1772701784.22461,2026-03-05T09:09:44.224610,hover,03,47.397971399999996,8.5461648,0.014000000432133675,-0.19500000774860382,0.0017317328602075577,-0.0015062878374010324,-9.696429252624512,0.0002334235468879342,-0.0009844261221587658,-0.00037056338624097407,100.0,16.200000762939453
1772701784.3440924,2026-03-05T09:09:44.344092,hover,03,47.397971399999996,8.5461648,0.014000000432133675,-0.19500000774860382,0.0017317328602075577,-0.0015062878374010324,-9.696429252624512,0.0002334235468879342,-0.0009844261221587658,-0.00037056338624097407,100.0,16.200000762939453
1772701784.4472325,2026-03-05T09:09:44.447232,hover,03,47.397971399999996,8.5461648,0.014000000432133675,-0.19500000774860382,0.0017317328602075577,-0.0015062878374010324,-9.696429252624512,0.0002334235468879342,-0.0009844261221587658,-0.00037056338624097407,100.0,16.200000762939453
1772701784.553032,2026-03-05T09:09:44.553032,hover,03,47.397971399999996,8.5461648,0.014000000432133675,-0.19500000774860382,0.0017317328602075577,-0.0015062878374010324,-9.696429252624512,0.0002334235468879342,-0.0009844261221587658,-0.00037056338624097407,100.0,16.200000762939453
1772701784.6558259,2026-03-05T09:09:44.655826,hover,03,47.397971399999996,8.5461648,0.014000000432133675,-0.19500000774860382,0.0017317328602075577,-0.0015062878374010324,-9.696429252624512,0.0002334235468879342,-0.0009844261221587658,-0.00037056338624097407,100.0,16.200000762939453
1772701784.7569845,2026-03-05T09:09:44.756984,hover,03,47.397971399999996,8.5461648,0.014000000432133675,-0.19500000774860382,0.0017317328602075577,-0.0015062878374010324,-9.696429252624512,0.0002334235468879342,-0.0009844261221587658,-0.00037056338624097407,100.0,16.200000762939453
1772701784.8605194,2026-03-05T09:09:44.860519,hover,03,47.397971399999996,8.5461648,0.015000000596046448,-0.1940000057220459,-0.007040134631097317,0.006862852722406387,-9.691987037658691,0.000504537601955235,-0.0007838502060621977,-7.847203232813627e-05,100.0,16.200000762939453
1772701784.9624028,2026-03-05T09:09:44.962403,hover,03,47.397971399999996,8.5461648,0.015000000596046448,-0.1940000057220459,-0.007040134631097317,0.006862852722406387,-9.691987037658691,0.000504537601955235,-0.0007838502060621977,-7.847203232813627e-05,100.0,16.200000762939453
1772701785.066817,2026-03-05T09:09:45.066817,hover,03,47.397971399999996,8.5461648,0.015000000596046448,-0.1940000057220459,-0.007040134631097317,0.006862852722406387,-9.691987037658691,0.000504537601955235,-0.0007838502060621977,-7.847203232813627e-05,100.0,16.200000762939453
1772701785.169335,2026-03-05T09:09:45.169335,hover,03,47.397971399999996,8.5461648,0.015000000596046448,-0.1940000057220459,-0.007040134631097317,0.006862852722406387,-9.691987037658691,0.000504537601955235,-0.0007838502060621977,-7.847203232813627e-05,100.0,16.200000762939453
1772701785.3299708,2026-03-05T09:09:45.329971,hover,03,47.397971399999996,8.5461648,0.015000000596046448,-0.1940000057220459,-0.00041834061266854405,0.0023800204508006573,-9.701091766357422,-0.00014377881598193198,0.00017653984832577407,0.00027554063126444817,100.0,16.200000762939453
1772701785.4373722,2026-03-05T09:09:45.437372,hover,03,47.397971399999996,8.5461648,0.01600000075995922,-0.19300000369548798,-0.00041834061266854405,0.0023800204508006573,-9.701091766357422,-0.00014377881598193198,0.00017653984832577407,0.00027554063126444817,100.0,16.200000762939453
1772701785.5470874,2026-03-05T09:09:45.547087,hover,03,47.397971399999996,8.5461648,0.01600000075995922,-0.19300000369548798,-0.00041834061266854405,0.0023800204508006573,-9.701091766357422,-0.00014377881598193198,0.00017653984832577407,0.00027554063126444817,100.0,16.200000762939453
1772701785.668165,2026-03-05T09:09:45.668165,hover,03,47.397971399999996,8.5461648,0.01600000075995922,-0.19300000369548798,-0.00041834061266854405,0.0023800204508006573,-9.701091766357422,-0.00014377881598193198,0.00017653984832577407,0.00027554063126444817,100.0,16.200000762939453
1772701785.7700498,2026-03-05T09:09:45.770050,hover,03,47.397971399999996,8.5461648,0.01600000075995922,-0.19300000369548798,-0.00041834061266854405,0.0023800204508006573,-9.701091766357422,-0.00014377881598193198,0.00017653984832577407,0.00027554063126444817,100.0,16.200000762939453
1772701785.8711386,2026-03-05T09:09:45.871139,hover,03,47.397971399999996,8.5461648,0.01600000075995922,-0.19300000369548798,0.0025167546700686216,0.005321862176060677,-9.695015907287598,-0.0005649260128848255,0.0003339807444717735,0.0007173393969424069,100.0,16.200000762939453
1772701785.980526,2026-03-05T09:09:45.980526,hover,03,47.397971399999996,8.5461648,0.018000001087784767,-0.19200000166893005,0.0025167546700686216,0.005321862176060677,-9.695015907287598,-0.0005649260128848255,0.0003339807444717735,0.0007173393969424069,100.0,16.200000762939453
1772701786.0840638,2026-03-05T09:09:46.084064,hover,03,47.397971399999996,8.5461648,0.018000001087784767,-0.19200000166893005,0.0025167546700686216,0.005321862176060677,-9.695015907287598,-0.0005649260128848255,0.0003339807444717735,0.0007173393969424069,100.0,16.200000762939453
1772701786.1859176,2026-03-05T09:09:46.185918,hover,03,47.397971399999996,8.5461648,0.018000001087784767,-0.19200000166893005,0.0025167546700686216,0.005321862176060677,-9.695015907287598,-0.0005649260128848255,0.0003339807444717735,0.0007173393969424069,100.0,16.200000762939453
1772701786.2939048,2026-03-05T09:09:46.293905,hover,03,47.397971399999996,8.5461648,0.01900000125169754,-0.1900000125169754,-0.00023826007964089513,-0.0009373403736390173,-9.705122947692871,0.0002134544774889946,0.0004237891116645187,-8.156007970683277e-05,100.0,16.200000762939453
1772701786.397761,2026-03-05T09:09:46.397761,hover,03,47.397971399999996,8.5461648,0.01900000125169754,-0.1900000125169754,-0.00023826007964089513,-0.0009373403736390173,-9.705122947692871,0.0002134544774889946,0.0004237891116645187,-8.156007970683277e-05,100.0,16.200000762939453
1772701786.5093434,2026-03-05T09:09:46.509343,hover,03,47.397971399999996,8.5461648,0.01900000125169754,-0.1900000125169754,-0.00023826007964089513,-0.0009373403736390173,-9.705122947692871,0.0002134544774889946,0.0004237891116645187,-8.156007970683277e-05,100.0,16.200000762939453
