timestamp_unix_s,timestamp_iso,scenario,run_id,lat_deg,lon_deg,abs_alt_m,rel_alt_m,accel_x_mps2,accel_y_mps2,accel_z_mps2,gyro_x_rps,gyro_y_rps,gyro_z_rps,battery_remaining_pct,battery_voltage_v
1776227056.54004,2026-04-15T04:24:16.540040,normal_hover,03,,,,,,,,,,,,
1776227056.644047,2026-04-15T04:24:16.644047,normal_hover,03,,,,,,,,,,,,
1776227056.746016,2026-04-15T04:24:16.746016,normal_hover,03,,,,,,,,,,,,
1776227056.848833,2026-04-15T04:24:16.848833,normal_hover,03,,,,,,,,,,,,
1776227056.951524,2026-04-15T04:24:16.951524,normal_hover,03,,,,,,,,,,,,
1776227057.2609751,2026-04-15T04:24:17.260975,normal_hover,03,,,,,,,,,,,,
1776227057.3621287,2026-04-15T04:24:17.362129,normal_hover,03,,,,,,,,,,,,
1776227057.4641156,2026-04-15T04:24:17.464116,normal_hover,03,,,,,,,,,,,,
1776227057.5660381,2026-04-15T04:24:17.566038,normal_hover,03,,,,,,,,,,,,
1776227057.6687286,2026-04-15T04:24:17.668729,normal_hover,03,47.3979704,8.546162899999999,0.032999999821186066,-0.015000000596046448,-0.06709585338830948,-0.004112184979021549,-9.760244369506836,0.0007287683547474444,-0.0005438560037873685,0.0006108753150328994,,
1776227057.7708251,2026-04-15T04:24:17.770825,normal_hover,03,47.3979704,8.546162899999999,0.032999999821186066,-0.015000000596046448,-0.06709585338830948,-0.004112184979021549,-9.760244369506836,0.0007287683547474444,-0.0005438560037873685,0.0006108753150328994,,
1776227057.8720343,2026-04-15T04:24:17.872034,normal_hover,03,47.3979704,8.546162899999999,0.032999999821186066,-0.015000000596046448,-0.06709585338830948,-0.004112184979021549,-9.760244369506836,0.0007287683547474444,-0.0005438560037873685,0.0006108753150328994,,
1776227057.975774,2026-04-15T04:24:17.975774,normal_hover,03,47.3979704,8.546162899999999,0.032999999821186066,-0.015000000596046448,-0.06709585338830948,-0.004112184979021549,-9.760244369506836,0.0007287683547474444,-0.0005438560037873685,0.0006108753150328994,,
1776227058.0773966,2026-04-15T04:24:18.077397,normal_hover,03,47.3979704,8.546162899999999,0.032999999821186066,-0.015000000596046448,-0.06709585338830948,-0.004112184979021549,-9.760244369506836,0.0007287683547474444,-0.0005438560037873685,0.0006108753150328994,,
1776227058.1799107,2026-04-15T04:24:18.179911,normal_hover,03,47.3979704,8.546162899999999,0.032999999821186066,-0.015000000596046448,-0.06709585338830948,-0.004112184979021549,-9.760244369506836,0.0007287683547474444,-0.0005438560037873685,0.0006108753150328994,,
1776227058.281857,2026-04-15T04:24:18.281857,normal_hover,03,47.3979704,8.546162899999999,0.032999999821186066,-0.015000000596046448,-0.06709585338830948,-0.004112184979021549,-9.760244369506836,0.0007287683547474444,-0.0005438560037873685,0.0006108753150328994,,
1776227058.3858051,2026-04-15T04:24:18.385805,normal_hover,03,47.3979704,8.546162899999999,0.03400000184774399,-0.013000000268220901,-0.0714118629693985,-0.0025122351944446564,-9.771199226379395,-0.0002062347630271688,-0.00016771400987636298,-0.0008742929203435779,,
1776227058.4892385,2026-04-15T04:24:18.489239,normal_hover,03,47.3979704,8.546162899999999,0.03400000184774399,-0.013000000268220901,-0.0714118629693985,-0.0025122351944446564,-9.771199226379395,-0.0002062347630271688,-0.00016771400987636298,-0.0008742929203435779,,
1776227058.590833,2026-04-15T04:24:18.590833,normal_hover,03,47.3979704,8.546162899999999,0.03400000184774399,-0.013000000268220901,-0.0714118629693985,-0.0025122351944446564,-9.771199226379395,-0.0002062347630271688,-0.00016771400987636298,-0.0008742929203435779,,
1776227058.692705,2026-04-15T04:24:18.692705,normal_hover,03,47.3979704,8.546162899999999,0.03400000184774399,-0.013000000268220901,-0.0714118629693985,-0.0025122351944446564,-9.771199226379395,-0.0002062347630271688,-0.00016771400987636298,-0.0008742929203435779,,
1776227058.7940211,2026-04-15T04:24:18.794021,normal_hover,03,47.3979704,8.546162899999999,0.03400000184774399,-0.013000000268220901,-0.0714118629693985,-0.0025122351944446564,-9.771199226379395,-0.0002062347630271688,-0.00016771400987636298,-0.0008742929203435779,,
1776227058.8976724,2026-04-15T04:24:18.897672,normal_hover,03,47.3979704,8.546162899999999,0.03400000184774399,-0.013000000268220901,-0.0714118629693985,-0.0025122351944446564,-9.771199226379395,-0.0002062347630271688,-0.00016771400987636298,-0.0008742929203435779,,
1776227058.9996753,2026-04-15T04:24:18.999675,normal_hover,03,47.3979704,8.546163,0.03500000014901161,-0.012000000104308128,-0.0655791386961937,9.495974518358707e-05,-9.765084266662598,-0.00016880044131539762,0.0005212543183006346,-5.566330219153315e-05,,
1776227059.1100104,2026-04-15T04:24:19.110010,normal_hover,03,47.3979704,8.546163,0.03500000014901161,-0.012000000104308128,-0.0655791386961937,9.495974518358707e-05,-9.765084266662598,-0.00016880044131539762,0.0005212543183006346,-5.566330219153315e-05,,
1776227059.2131195,2026-04-15T04:24:19.213120,normal_hover,03,47.3979704,8.546163,0.03500000014901161,-0.012000000104308128,-0.0655791386961937,9.495974518358707e-05,-9.765084266662598,-0.00016880044131539762,0.0005212543183006346,-5.566330219153315e-05,,
1776227059.3147123,2026-04-15T04:24:19.314712,normal_hover,03,47.3979704,8.546163,0.03500000014901161,-0.012000000104308128,-0.0655791386961937,9.495974518358707e-05,-9.765084266662598,-0.00016880044131539762,0.0005212543183006346,-5.566330219153315e-05,,
1776227059.4169242,2026-04-15T04:24:19.416924,normal_hover,03,47.3979704,8.546163,0.03500000014901161,-0.012000000104308128,-0.0655791386961937,9.495974518358707e-05,-9.765084266662598,-0.00016880044131539762,0.0005212543183006346,-5.566330219153315e-05,,
1776227059.518733,2026-04-15T04:24:19.518733,normal_hover,03,47.3979704,8.546163,0.03500000014901161,-0.012000000104308128,-0.0655791386961937,9.495974518358707e-05,-9.765084266662598,-0.00016880044131539762,0.0005212543183006346,-5.566330219153315e-05,,
1776227059.6256993,2026-04-15T04:24:19.625699,normal_hover,03,47.3979704,8.546163,0.03500000014901161,-0.012000000104308128,-0.0655791386961937,9.495974518358707e-05,-9.765084266662598,-0.00016880044131539762,0.0005212543183006346,-5.566330219153315e-05,,
1776227059.7288084,2026-04-15T04:24:19.728808,normal_hover,03,47.3979704,8.546163,0.03500000014901161,-0.012000000104308128,-0.0655791386961937,9.495974518358707e-05,-9.765084266662598,-0.00016880044131539762,0.0005212543183006346,-5.566330219153315e-05,,
1776227059.829751,2026-04-15T04:24:19.829751,normal_hover,03,47.3979704,8.546163,0.03500000014901161,-0.012000000104308128,-0.0655791386961937,9.495974518358707e-05,-9.765084266662598,-0.00016880044131539762,0.0005212543183006346,-5.566330219153315e-05,,
1776227059.9307134,2026-04-15T04:24:19.930713,normal_hover,03,47.3979704,8.546163,0.03700000047683716,-0.01100000087171793,-0.07164604216814041,-0.010075200349092484,-9.763550758361816,0.00047275025281123817,-0.00014113391807768494,2.8458060114644468e-05,,
1776227060.0316603,2026-04-15T04:24:20.031660,normal_hover,03,47.3979704,8.546163,0.03700000047683716,-0.01100000087171793,-0.07164604216814041,-0.010075200349092484,-9.763550758361816,0.00047275025281123817,-0.00014113391807768494,2.8458060114644468e-05,,
1776227060.1344867,2026-04-15T04:24:20.134487,normal_hover,03,47.3979704,8.546163,0.03700000047683716,-0.01100000087171793,-0.07164604216814041,-0.010075200349092484,-9.763550758361816,0.00047275025281123817,-0.00014113391807768494,2.8458060114644468e-05,,
1776227060.238365,2026-04-15T04:24:20.238365,normal_hover,03,47.3979704,8.546163,0.03700000047683716,-0.01100000087171793,-0.07164604216814041,-0.010075200349092484,-9.763550758361816,0.00047275025281123817,-0.00014113391807768494,2.8458060114644468e-05,,
1776227060.3407547,2026-04-15T04:24:20.340755,normal_hover,03,47.3979704,8.546163,0.03700000047683716,-0.01100000087171793,-0.07164604216814041,-0.010075200349092484,-9.763550758361816,0.00047275025281123817,-0.00014113391807768494,2.8458060114644468e-05,,
1776227060.4415934,2026-04-15T04:24:20.441593,normal_hover,03,47.3979704,8.546163,0.03700000047683716,-0.01100000087171793,-0.07164604216814041,-0.010075200349092484,-9.763550758361816,0.00047275025281123817,-0.00014113391807768494,2.8458060114644468e-05,,
1776227060.542639,2026-04-15T04:24:20.542639,normal_hover,03,47.3979704,8.546163,0.03700000047683716,-0.01100000087171793,-0.07164604216814041,-0.010075200349092484,-9.763550758361816,0.00047275025281123817,-0.00014113391807768494,2.8458060114644468e-05,,
1776227060.644887,2026-04-15T04:24:20.644887,normal_hover,03,47.3979704,8.546163,0.03700000047683716,-0.01100000087171793,-0.07164604216814041,-0.010075200349092484,-9.763550758361816,0.00047275025281123817,-0.00014113391807768494,2.8458060114644468e-05,,
1776227060.7497787,2026-04-15T04:24:20.749779,normal_hover,03,47.3979704,8.546163,0.03700000047683716,-0.01100000087171793,-0.07164604216814041,-0.010075200349092484,-9.763550758361816,0.00047275025281123817,-0.00014113391807768494,2.8458060114644468e-05,,
1776227060.8510306,2026-04-15T04:24:20.851031,normal_hover,03,47.3979705,8.546163,0.036000002175569534,-0.01100000087171793,-0.06883344054222107,-0.017880909144878387,-9.770861625671387,-0.0012096307473257184,-0.0001526742271380499,-5.1672330300789326e-05,,
1776227060.9538689,2026-04-15T04:24:20.953869,normal_hover,03,47.3979705,8.546163,0.036000002175569534,-0.01100000087171793,-0.06883344054222107,-0.017880909144878387,-9.770861625671387,-0.0012096307473257184,-0.0001526742271380499,-5.1672330300789326e-05,,
1776227061.0576763,2026-04-15T04:24:21.057676,normal_hover,03,47.3979705,8.546163,0.036000002175569534,-0.01100000087171793,-0.06883344054222107,-0.017880909144878387,-9.770861625671387,-0.0012096307473257184,-0.0001526742271380499,-5.1672330300789326e-05,,
1776227061.1602097,2026-04-15T04:24:21.160210,normal_hover,03,47.3979705,8.546163,0.036000002175569534,-0.01100000087171793,-0.06883344054222107,-0.017880909144878387,-9.770861625671387,-0.0012096307473257184,-0.0001526742271380499,-5.1672330300789326e-05,,
1776227061.263558,2026-04-15T04:24:21.263558,normal_hover,03,47.3979705,8.546163,0.036000002175569534,-0.01100000087171793,-0.06883344054222107,-0.017880909144878387,-9.770861625671387,-0.0012096307473257184,-0.0001526742271380499,-5.1672330300789326e-05,,
1776227061.3671584,2026-04-15T04:24:21.367158,normal_hover,03,47.3979705,8.546163,0.036000002175569534,-0.01100000087171793,-0.06883344054222107,-0.017880909144878387,-9.770861625671387,-0.0012096307473257184,-0.0001526742271380499,-5.1672330300789326e-05,,
1776227061.4718676,2026-04-15T04:24:21.471868,normal_hover,03,47.3979705,8.546163,0.03500000014901161,-0.013000000268220901,-0.06894668191671371,-0.015154039487242699,-9.760250091552734,-0.0005280487821437418,-0.00020084332209080458,-0.00027152130496688187,,
1776227061.59346,2026-04-15T04:24:21.593460,normal_hover,03,47.3979705,8.546163,0.03500000014901161,-0.013000000268220901,-0.06894668191671371,-0.015154039487242699,-9.760250091552734,-0.0005280487821437418,-0.00020084332209080458,-0.00027152130496688187,,
1776227061.7194188,2026-04-15T04:24:21.719419,normal_hover,03,47.3979705,8.546163,0.03500000014901161,-0.013000000268220901,-0.06894668191671371,-0.015154039487242699,-9.760250091552734,-0.0005280487821437418,-0.00020084332209080458,-0.00027152130496688187,,
1776227061.8237908,2026-04-15T04:24:21.823791,normal_hover,03,47.3979705,8.546163,0.03500000014901161,-0.013000000268220901,-0.06894668191671371,-0.015154039487242699,-9.760250091552734,-0.0005280487821437418,-0.00020084332209080458,-0.00027152130496688187,,
1776227061.9269333,2026-04-15T04:24:21.926933,normal_hover,03,47.3979705,8.546163,0.03500000014901161,-0.013000000268220901,-0.06894668191671371,-0.015154039487242699,-9.760250091552734,-0.0005280487821437418,-0.00020084332209080458,-0.00027152130496688187,,
1776227062.0307734,2026-04-15T04:24:22.030773,normal_hover,03,47.3979705,8.546163,0.03500000014901161,-0.013000000268220901,-0.06894668191671371,-0.015154039487242699,-9.760250091552734,-0.0005280487821437418,-0.00020084332209080458,-0.00027152130496688187,,
1776227062.275189,2026-04-15T04:24:22.275189,normal_hover,03,47.3979705,8.546163,0.03500000014901161,-0.013000000268220901,-0.06894668191671371,-0.015154039487242699,-9.760250091552734,-0.0005280487821437418,-0.00020084332209080458,-0.00027152130496688187,,
1776227062.377438,2026-04-15T04:24:22.377438,normal_hover,03,47.3979705,8.546163,0.03500000014901161,-0.013000000268220901,-0.06894668191671371,-0.015154039487242699,-9.760250091552734,-0.0005280487821437418,-0.00020084332209080458,-0.00027152130496688187,,
1776227062.4838367,2026-04-15T04:24:22.483837,normal_hover,03,47.3979705,8.546163,0.036000002175569534,0.0,-0.06966497004032135,-0.0041823494248092175,-9.76988410949707,0.0005657210713252425,-0.0005065112491138279,0.00047124677803367376,,
1776227062.588837,2026-04-15T04:24:22.588837,normal_hover,03,47.3979705,8.546163,0.036000002175569534,0.0,-0.06966497004032135,-0.0041823494248092175,-9.76988410949707,0.0005657210713252425,-0.0005065112491138279,0.00047124677803367376,,
1776227062.6921103,2026-04-15T04:24:22.692110,normal_hover,03,47.3979705,8.546163,0.036000002175569534,0.0,-0.06966497004032135,-0.0041823494248092175,-9.76988410949707,0.0005657210713252425,-0.0005065112491138279,0.00047124677803367376,,
1776227062.794474,2026-04-15T04:24:22.794474,normal_hover,03,47.3979705,8.546163,0.036000002175569534,0.0,-0.06966497004032135,-0.0041823494248092175,-9.76988410949707,0.0005657210713252425,-0.0005065112491138279,0.00047124677803367376,,
1776227062.9009461,2026-04-15T04:24:22.900946,normal_hover,03,47.3979705,8.546163,0.036000002175569534,0.0,-0.06966497004032135,-0.0041823494248092175,-9.76988410949707,0.0005657210713252425,-0.0005065112491138279,0.00047124677803367376,,
1776227063.0049443,2026-04-15T04:24:23.004944,normal_hover,03,47.3979705,8.546163,0.036000002175569534,0.0,-0.06966497004032135,-0.0041823494248092175,-9.76988410949707,0.0005657210713252425,-0.0005065112491138279,0.00047124677803367376,,
1776227063.3051734,2026-04-15T04:24:23.305173,normal_hover,03,47.3979705,8.5461631,0.03400000184774399,-0.0010000000474974513,-0.06906380504369736,-0.009034503251314163,-9.761754989624023,-0.00031084936927072704,-7.388682570308447e-05,-0.00036052276846021414,,
1776227063.4175792,2026-04-15T04:24:23.417579,normal_hover,03,47.3979705,8.5461631,0.03400000184774399,-0.0010000000474974513,-0.06906380504369736,-0.009034503251314163,-9.761754989624023,-0.00031084936927072704,-7.388682570308447e-05,-0.00036052276846021414,,
1776227063.5242183,2026-04-15T04:24:23.524218,normal_hover,03,47.3979705,8.5461631,0.03400000184774399,-0.0010000000474974513,-0.06906380504369736,-0.009034503251314163,-9.761754989624023,-0.00031084936927072704,-7.388682570308447e-05,-0.00036052276846021414,,
1776227063.6271894,2026-04-15T04:24:23.627189,normal_hover,03,47.3979705,8.5461631,0.03400000184774399,-0.0010000000474974513,-0.06906380504369736,-0.009034503251314163,-9.761754989624023,-0.00031084936927072704,-7.388682570308447e-05,-0.00036052276846021414,,
1776227063.7300668,2026-04-15T04:24:23.730067,normal_hover,03,47.3979705,8.5461631,0.03400000184774399,-0.0010000000474974513,-0.06906380504369736,-0.009034503251314163,-9.761754989624023,-0.00031084936927072704,-7.388682570308447e-05,-0.00036052276846021414,,
1776227063.8353927,2026-04-15T04:24:23.835393,normal_hover,03,47.3979705,8.5461631,0.03400000184774399,-0.0010000000474974513,-0.06906380504369736,-0.009034503251314163,-9.761754989624023,-0.00031084936927072704,-7.388682570308447e-05,-0.00036052276846021414,,
1776227063.938943,2026-04-15T04:24:23.938943,normal_hover,03,47.3979705,8.5461631,0.03400000184774399,-0.0010000000474974513,-0.06906380504369736,-0.009034503251314163,-9.761754989624023,-0.00031084936927072704,-7.388682570308447e-05,-0.00036052276846021414,,
1776227064.040598,2026-04-15T04:24:24.040598,normal_hover,03,47.3979705,8.5461631,0.030000001192092896,-0.004000000189989805,-0.06784966588020325,-0.006034592632204294,-9.77679443359375,0.000434653164120391,0.0006052855169400573,0.0007671567727811635,,
1776227064.1440692,2026-04-15T04:24:24.144069,normal_hover,03,47.3979705,8.5461631,0.030000001192092896,-0.004000000189989805,-0.06784966588020325,-0.006034592632204294,-9.77679443359375,0.000434653164120391,0.0006052855169400573,0.0007671567727811635,,
1776227064.2453055,2026-04-15T04:24:24.245306,normal_hover,03,47.3979705,8.5461631,0.030000001192092896,-0.004000000189989805,-0.06784966588020325,-0.006034592632204294,-9.77679443359375,0.000434653164120391,0.0006052855169400573,0.0007671567727811635,,
1776227064.353615,2026-04-15T04:24:24.353615,normal_hover,03,47.3979705,8.5461631,0.030000001192092896,-0.004000000189989805,-0.06784966588020325,-0.006034592632204294,-9.77679443359375,0.000434653164120391,0.0006052855169400573,0.0007671567727811635,,
1776227064.4626782,2026-04-15T04:24:24.462678,normal_hover,03,47.3979705,8.5461631,0.030000001192092896,-0.004000000189989805,-0.06784966588020325,-0.006034592632204294,-9.77679443359375,0.000434653164120391,0.0006052855169400573,0.0007671567727811635,,
1776227064.5643852,2026-04-15T04:24:24.564385,normal_hover,03,47.3979705,8.5461631,0.030000001192092896,-0.004000000189989805,-0.06784966588020325,-0.006034592632204294,-9.77679443359375,0.000434653164120391,0.0006052855169400573,0.0007671567727811635,,
1776227064.6668465,2026-04-15T04:24:24.666847,normal_hover,03,47.3979705,8.5461631,0.030000001192092896,-0.004000000189989805,-0.06784966588020325,-0.006034592632204294,-9.77679443359375,0.000434653164120391,0.0006052855169400573,0.0007671567727811635,,
1776227064.7732635,2026-04-15T04:24:24.773263,normal_hover,03,47.3979705,8.546163,0.032999999821186066,-0.0010000000474974513,-0.0670798122882843,-0.007649850565940142,-9.767120361328125,-6.639089406235144e-05,-0.0006994595169089735,0.0004962579114362597,,
1776227064.8759565,2026-04-15T04:24:24.875957,normal_hover,03,47.3979705,8.546163,0.032999999821186066,-0.0010000000474974513,-0.0670798122882843,-0.007649850565940142,-9.767120361328125,-6.639089406235144e-05,-0.0006994595169089735,0.0004962579114362597,,
1776227064.9806278,2026-04-15T04:24:24.980628,normal_hover,03,47.3979705,8.546163,0.032999999821186066,-0.0010000000474974513,-0.0670798122882843,-0.007649850565940142,-9.767120361328125,-6.639089406235144e-05,-0.0006994595169089735,0.0004962579114362597,,
1776227065.0827773,2026-04-15T04:24:25.082777,normal_hover,03,47.3979705,8.546163,0.032999999821186066,-0.0010000000474974513,-0.0670798122882843,-0.007649850565940142,-9.767120361328125,-6.639089406235144e-05,-0.0006994595169089735,0.0004962579114362597,,
1776227065.1847262,2026-04-15T04:24:25.184726,normal_hover,03,47.3979705,8.546163,0.032999999821186066,-0.0010000000474974513,-0.0670798122882843,-0.007649850565940142,-9.767120361328125,-6.639089406235144e-05,-0.0006994595169089735,0.0004962579114362597,,
1776227065.2876604,2026-04-15T04:24:25.287660,normal_hover,03,47.3979705,8.546163,0.032999999821186066,-0.0010000000474974513,-0.0670798122882843,-0.007649850565940142,-9.767120361328125,-6.639089406235144e-05,-0.0006994595169089735,0.0004962579114362597,,
1776227065.3909879,2026-04-15T04:24:25.390988,normal_hover,03,47.3979705,8.546163,0.04000000283122063,0.005000000353902578,-0.06509066373109818,-0.0023644831962883472,-9.774219512939453,0.0006862273439764977,-5.07527292938903e-05,-3.720414315466769e-05,,
1776227065.493658,2026-04-15T04:24:25.493658,normal_hover,03,47.3979705,8.546163,0.04000000283122063,0.005000000353902578,-0.06509066373109818,-0.0023644831962883472,-9.774219512939453,0.0006862273439764977,-5.07527292938903e-05,-3.720414315466769e-05,,
1776227065.5978801,2026-04-15T04:24:25.597880,normal_hover,03,47.3979705,8.546163,0.04000000283122063,0.005000000353902578,-0.06509066373109818,-0.0023644831962883472,-9.774219512939453,0.0006862273439764977,-5.07527292938903e-05,-3.720414315466769e-05,,
1776227065.699705,2026-04-15T04:24:25.699705,normal_hover,03,47.3979705,8.546163,0.04000000283122063,0.005000000353902578,-0.06509066373109818,-0.0023644831962883472,-9.774219512939453,0.0006862273439764977,-5.07527292938903e-05,-3.720414315466769e-05,,
1776227065.808074,2026-04-15T04:24:25.808074,normal_hover,03,47.3979705,8.546163,0.04000000283122063,0.005000000353902578,-0.06509066373109818,-0.0023644831962883472,-9.774219512939453,0.0006862273439764977,-5.07527292938903e-05,-3.720414315466769e-05,,
1776227065.9168727,2026-04-15T04:24:25.916873,normal_hover,03,47.3979705,8.546163,0.052000001072883606,0.017000000923871994,-0.06476558744907379,-0.0037274942733347416,-9.765143394470215,0.00022693630307912827,0.00011545899178599939,0.0006186662940308452,,
1776227066.022044,2026-04-15T04:24:26.022044,normal_hover,03,47.3979705,8.546163,0.052000001072883606,0.017000000923871994,-0.06476558744907379,-0.0037274942733347416,-9.765143394470215,0.00022693630307912827,0.00011545899178599939,0.0006186662940308452,,
1776227066.1241596,2026-04-15T04:24:26.124160,normal_hover,03,47.3979705,8.546163,0.052000001072883606,0.017000000923871994,-0.06476558744907379,-0.0037274942733347416,-9.765143394470215,0.00022693630307912827,0.00011545899178599939,0.0006186662940308452,,
1776227066.2342696,2026-04-15T04:24:26.234270,normal_hover,03,47.3979705,8.546163,0.052000001072883606,0.017000000923871994,-0.06476558744907379,-0.0037274942733347416,-9.765143394470215,0.00022693630307912827,0.00011545899178599939,0.0006186662940308452,,
1776227066.3379774,2026-04-15T04:24:26.337977,normal_hover,03,47.3979705,8.546163,0.052000001072883606,0.017000000923871994,-0.06476558744907379,-0.0037274942733347416,-9.765143394470215,0.00022693630307912827,0.00011545899178599939,0.0006186662940308452,,
1776227066.4411123,2026-04-15T04:24:26.441112,normal_hover,03,47.3979705,8.546163,0.052000001072883606,0.017000000923871994,-0.06476558744907379,-0.0037274942733347416,-9.765143394470215,0.00022693630307912827,0.00011545899178599939,0.0006186662940308452,,
1776227066.5461721,2026-04-15T04:24:26.546172,normal_hover,03,47.3979705,8.5461631,0.06400000303983688,0.02800000086426735,-0.06528922915458679,-0.008089260198175907,-9.765649795532227,-0.0005002080579288304,-5.20723478985019e-05,-0.001607311423867941,,
1776227066.6472337,2026-04-15T04:24:26.647234,normal_hover,03,47.3979705,8.5461631,0.06400000303983688,0.02800000086426735,-0.06528922915458679,-0.008089260198175907,-9.765649795532227,-0.0005002080579288304,-5.20723478985019e-05,-0.001607311423867941,,
1776227066.7488997,2026-04-15T04:24:26.748900,normal_hover,03,47.3979705,8.5461631,0.06400000303983688,0.02800000086426735,-0.06528922915458679,-0.008089260198175907,-9.765649795532227,-0.0005002080579288304,-5.20723478985019e-05,-0.001607311423867941,,
1776227066.8562698,2026-04-15T04:24:26.856270,normal_hover,03,47.3979705,8.5461631,0.06400000303983688,0.02800000086426735,-0.06528922915458679,-0.008089260198175907,-9.765649795532227,-0.0005002080579288304,-5.20723478985019e-05,-0.001607311423867941,,
1776227066.961765,2026-04-15T04:24:26.961765,normal_hover,03,47.3979705,8.5461631,0.06400000303983688,0.02800000086426735,-0.06528922915458679,-0.008089260198175907,-9.765649795532227,-0.0005002080579288304,-5.20723478985019e-05,-0.001607311423867941,,
1776227067.0673008,2026-04-15T04:24:27.067301,normal_hover,03,47.3979705,8.5461631,0.06400000303983688,0.02800000086426735,-0.06528922915458679,-0.008089260198175907,-9.765649795532227,-0.0005002080579288304,-5.20723478985019e-05,-0.001607311423867941,,
1776227067.1759088,2026-04-15T04:24:27.175909,normal_hover,03,47.3979705,8.5461631,0.06400000303983688,0.02800000086426735,-0.06528922915458679,-0.008089260198175907,-9.765649795532227,-0.0005002080579288304,-5.20723478985019e-05,-0.001607311423867941,,
1776227067.2778118,2026-04-15T04:24:27.277812,normal_hover,03,47.3979705,8.5461631,0.07500000298023224,0.04000000283122063,-0.06310851871967316,-0.01633690670132637,-9.766738891601562,-0.0001981474633794278,-0.00046075417776592076,0.0011182351736351848,,
1776227067.379884,2026-04-15T04:24:27.379884,normal_hover,03,47.3979705,8.5461631,0.07500000298023224,0.04000000283122063,-0.06310851871967316,-0.01633690670132637,-9.766738891601562,-0.0001981474633794278,-0.00046075417776592076,0.0011182351736351848,,
1776227067.4830954,2026-04-15T04:24:27.483095,normal_hover,03,47.3979705,8.5461631,0.07500000298023224,0.04000000283122063,-0.06310851871967316,-0.01633690670132637,-9.766738891601562,-0.0001981474633794278,-0.00046075417776592076,0.0011182351736351848,,
1776227067.5849538,2026-04-15T04:24:27.584954,normal_hover,03,47.3979705,8.5461631,0.07500000298023224,0.04000000283122063,-0.06310851871967316,-0.01633690670132637,-9.766738891601562,-0.0001981474633794278,-0.00046075417776592076,0.0011182351736351848,,
1776227067.686229,2026-04-15T04:24:27.686229,normal_hover,03,47.3979705,8.5461631,0.07500000298023224,0.04000000283122063,-0.06310851871967316,-0.01633690670132637,-9.766738891601562,-0.0001981474633794278,-0.00046075417776592076,0.0011182351736351848,,
1776227067.7878363,2026-04-15T04:24:27.787836,normal_hover,03,47.3979705,8.5461631,0.07500000298023224,0.04000000283122063,-0.06310851871967316,-0.01633690670132637,-9.766738891601562,-0.0001981474633794278,-0.00046075417776592076,0.0011182351736351848,,
1776227067.8932033,2026-04-15T04:24:27.893203,normal_hover,03,47.3979705,8.5461631,0.07500000298023224,0.04000000283122063,-0.06310851871967316,-0.01633690670132637,-9.766738891601562,-0.0001981474633794278,-0.00046075417776592076,0.0011182351736351848,,
1776227067.9955761,2026-04-15T04:24:27.995576,normal_hover,03,47.3979705,8.5461631,0.08400000631809235,0.04800000041723251,-0.06620309501886368,-0.001753880293108523,-9.76689624786377,-0.0008117568213492632,6.231197039596736e-05,-0.00036166474455967546,,
1776227068.0980403,2026-04-15T04:24:28.098040,normal_hover,03,47.3979705,8.5461631,0.08400000631809235,0.04800000041723251,-0.06620309501886368,-0.001753880293108523,-9.76689624786377,-0.0008117568213492632,6.231197039596736e-05,-0.00036166474455967546,,
1776227068.2080083,2026-04-15T04:24:28.208008,normal_hover,03,47.3979705,8.5461631,0.08400000631809235,0.04800000041723251,-0.06620309501886368,-0.001753880293108523,-9.76689624786377,-0.0008117568213492632,6.231197039596736e-05,-0.00036166474455967546,,
1776227068.3110492,2026-04-15T04:24:28.311049,normal_hover,03,47.3979705,8.5461631,0.08400000631809235,0.04800000041723251,-0.06620309501886368,-0.001753880293108523,-9.76689624786377,-0.0008117568213492632,6.231197039596736e-05,-0.00036166474455967546,,
1776227068.41307,2026-04-15T04:24:28.413070,normal_hover,03,47.3979705,8.5461631,0.08400000631809235,0.04800000041723251,-0.06620309501886368,-0.001753880293108523,-9.76689624786377,-0.0008117568213492632,6.231197039596736e-05,-0.00036166474455967546,,
1776227068.517145,2026-04-15T04:24:28.517145,normal_hover,03,47.3979705,8.5461631,0.08400000631809235,0.04800000041723251,-0.06620309501886368,-0.001753880293108523,-9.76689624786377,-0.0008117568213492632,6.231197039596736e-05,-0.00036166474455967546,,
1776227068.620006,2026-04-15T04:24:28.620006,normal_hover,03,47.3979705,8.5461631,0.08400000631809235,0.04800000041723251,-0.06620309501886368,-0.001753880293108523,-9.76689624786377,-0.0008117568213492632,6.231197039596736e-05,-0.00036166474455967546,,
1776227068.7247663,2026-04-15T04:24:28.724766,normal_hover,03,47.3979705,8.5461631,0.09000000357627869,0.05400000140070915,-0.064825139939785,-0.007064328994601965,-9.770127296447754,-0.00027357935323379934,-0.00011351444118190557,1.740723746479489e-05,,
1776227068.8299792,2026-04-15T04:24:28.829979,normal_hover,03,47.3979705,8.5461631,0.09000000357627869,0.05400000140070915,-0.064825139939785,-0.007064328994601965,-9.770127296447754,-0.00027357935323379934,-0.00011351444118190557,1.740723746479489e-05,,
1776227068.9385102,2026-04-15T04:24:28.938510,normal_hover,03,47.3979705,8.5461631,0.09000000357627869,0.05400000140070915,-0.064825139939785,-0.007064328994601965,-9.770127296447754,-0.00027357935323379934,-0.00011351444118190557,1.740723746479489e-05,,
1776227069.043155,2026-04-15T04:24:29.043155,normal_hover,03,47.3979705,8.5461631,0.09000000357627869,0.05400000140070915,-0.064825139939785,-0.007064328994601965,-9.770127296447754,-0.00027357935323379934,-0.00011351444118190557,1.740723746479489e-05,,
1776227069.1529546,2026-04-15T04:24:29.152955,normal_hover,03,47.3979705,8.5461631,0.09000000357627869,0.05400000140070915,-0.064825139939785,-0.007064328994601965,-9.770127296447754,-0.00027357935323379934,-0.00011351444118190557,1.740723746479489e-05,,
1776227069.2547834,2026-04-15T04:24:29.254783,normal_hover,03,47.3979705,8.5461631,0.09000000357627869,0.05400000140070915,-0.064825139939785,-0.007064328994601965,-9.770127296447754,-0.00027357935323379934,-0.00011351444118190557,1.740723746479489e-05,,
1776227069.358928,2026-04-15T04:24:29.358928,normal_hover,03,47.3979705,8.5461631,0.09000000357627869,0.05400000140070915,-0.064825139939785,-0.007064328994601965,-9.770127296447754,-0.00027357935323379934,-0.00011351444118190557,1.740723746479489e-05,,
1776227069.4618816,2026-04-15T04:24:29.461882,normal_hover,03,47.3979706,8.546163,0.09600000083446503,0.06100000441074371,-0.07437437027692795,-0.009090340696275234,-9.772724151611328,0.00014656028361059725,-0.0007766965427435935,-0.0004644919536076486,,
1776227069.5628378,2026-04-15T04:24:29.562838,normal_hover,03,47.3979706,8.546163,0.09600000083446503,0.06100000441074371,-0.07437437027692795,-0.009090340696275234,-9.772724151611328,0.00014656028361059725,-0.0007766965427435935,-0.0004644919536076486,,
1776227069.6660662,2026-04-15T04:24:29.666066,normal_hover,03,47.3979706,8.546163,0.09600000083446503,0.06100000441074371,-0.07437437027692795,-0.009090340696275234,-9.772724151611328,0.00014656028361059725,-0.0007766965427435935,-0.0004644919536076486,,
1776227069.7687507,2026-04-15T04:24:29.768751,normal_hover,03,47.3979706,8.546163,0.09600000083446503,0.06100000441074371,-0.07437437027692795,-0.009090340696275234,-9.772724151611328,0.00014656028361059725,-0.0007766965427435935,-0.0004644919536076486,,
1776227069.8701034,2026-04-15T04:24:29.870103,normal_hover,03,47.3979706,8.546163,0.09600000083446503,0.06100000441074371,-0.07437437027692795,-0.009090340696275234,-9.772724151611328,0.00014656028361059725,-0.0007766965427435935,-0.0004644919536076486,,
1776227069.9749882,2026-04-15T04:24:29.974988,normal_hover,03,47.3979706,8.546163,0.09600000083446503,0.06100000441074371,-0.07437437027692795,-0.009090340696275234,-9.772724151611328,0.00014656028361059725,-0.0007766965427435935,-0.0004644919536076486,,
1776227070.080706,2026-04-15T04:24:30.080706,normal_hover,03,47.3979706,8.546163,0.09600000083446503,0.06100000441074371,-0.07437437027692795,-0.009090340696275234,-9.772724151611328,0.00014656028361059725,-0.0007766965427435935,-0.0004644919536076486,,
1776227070.1825957,2026-04-15T04:24:30.182596,normal_hover,03,47.3979706,8.546163,0.09600000083446503,0.06100000441074371,-0.07437437027692795,-0.009090340696275234,-9.772724151611328,0.00014656028361059725,-0.0007766965427435935,-0.0004644919536076486,,
1776227070.285911,2026-04-15T04:24:30.285911,normal_hover,03,47.3979706,8.546163,0.10000000149011612,0.0650000050663948,-0.06261419504880905,-0.0037264269776642323,-9.768702507019043,0.00018455481040291488,0.0007431957637891173,0.0005781172076240182,,
1776227070.3890343,2026-04-15T04:24:30.389034,normal_hover,03,47.3979706,8.546163,0.10000000149011612,0.0650000050663948,-0.06261419504880905,-0.0037264269776642323,-9.768702507019043,0.00018455481040291488,0.0007431957637891173,0.0005781172076240182,,
1776227070.4928234,2026-04-15T04:24:30.492823,normal_hover,03,47.3979706,8.546163,0.10000000149011612,0.0650000050663948,-0.06261419504880905,-0.0037264269776642323,-9.768702507019043,0.00018455481040291488,0.0007431957637891173,0.0005781172076240182,,
1776227070.5953922,2026-04-15T04:24:30.595392,normal_hover,03,47.3979706,8.546163,0.10000000149011612,0.0650000050663948,-0.06261419504880905,-0.0037264269776642323,-9.768702507019043,0.00018455481040291488,0.0007431957637891173,0.0005781172076240182,,
1776227070.7015522,2026-04-15T04:24:30.701552,normal_hover,03,47.3979706,8.546163,0.10000000149011612,0.0650000050663948,-0.06261419504880905,-0.0037264269776642323,-9.768702507019043,0.00018455481040291488,0.0007431957637891173,0.0005781172076240182,,
1776227070.8038063,2026-04-15T04:24:30.803806,normal_hover,03,47.3979706,8.546163,0.10000000149011612,0.0650000050663948,-0.06261419504880905,-0.0037264269776642323,-9.768702507019043,0.00018455481040291488,0.0007431957637891173,0.0005781172076240182,,
1776227070.910511,2026-04-15T04:24:30.910511,normal_hover,03,47.3979706,8.546163,0.10000000149011612,0.0650000050663948,-0.06261419504880905,-0.0037264269776642323,-9.768702507019043,0.00018455481040291488,0.0007431957637891173,0.0005781172076240182,,
1776227071.0118887,2026-04-15T04:24:31.011889,normal_hover,03,47.3979706,8.546163,0.10000000149011612,0.0650000050663948,-0.06261419504880905,-0.0037264269776642323,-9.768702507019043,0.00018455481040291488,0.0007431957637891173,0.0005781172076240182,,
1776227071.120193,2026-04-15T04:24:31.120193,normal_hover,03,47.3979706,8.546163,0.10500000417232513,0.0690000057220459,-0.06753144413232803,-0.010233480483293533,-9.761144638061523,0.0012494996190071106,-2.420786040602252e-05,0.00028620142256841063,,
1776227071.2230775,2026-04-15T04:24:31.223078,normal_hover,03,47.3979706,8.546163,0.10500000417232513,0.0690000057220459,-0.06753144413232803,-0.010233480483293533,-9.761144638061523,0.0012494996190071106,-2.420786040602252e-05,0.00028620142256841063,,
1776227071.3241005,2026-04-15T04:24:31.324100,normal_hover,03,47.3979706,8.546163,0.10500000417232513,0.0690000057220459,-0.06753144413232803,-0.010233480483293533,-9.761144638061523,0.0012494996190071106,-2.420786040602252e-05,0.00028620142256841063,,
1776227071.424659,2026-04-15T04:24:31.424659,normal_hover,03,47.3979706,8.546163,0.10500000417232513,0.0690000057220459,-0.06753144413232803,-0.010233480483293533,-9.761144638061523,0.0012494996190071106,-2.420786040602252e-05,0.00028620142256841063,,
1776227071.5277307,2026-04-15T04:24:31.527731,normal_hover,03,47.3979706,8.546163,0.10500000417232513,0.0690000057220459,-0.06753144413232803,-0.010233480483293533,-9.761144638061523,0.0012494996190071106,-2.420786040602252e-05,0.00028620142256841063,,
1776227071.629137,2026-04-15T04:24:31.629137,normal_hover,03,47.3979706,8.546163,0.10500000417232513,0.0690000057220459,-0.06753144413232803,-0.010233480483293533,-9.761144638061523,0.0012494996190071106,-2.420786040602252e-05,0.00028620142256841063,,
1776227071.7303452,2026-04-15T04:24:31.730345,normal_hover,03,47.3979706,8.546163,0.1080000028014183,0.07300000637769699,-0.0655239075422287,-0.00567580945789814,-9.765792846679688,-0.0011945448350161314,0.0004229657060932368,0.000548067968338728,,
1776227071.8361185,2026-04-15T04:24:31.836118,normal_hover,03,47.3979706,8.546163,0.1080000028014183,0.07300000637769699,-0.0655239075422287,-0.00567580945789814,-9.765792846679688,-0.0011945448350161314,0.0004229657060932368,0.000548067968338728,,
1776227071.9377077,2026-04-15T04:24:31.937708,normal_hover,03,47.3979706,8.546163,0.1080000028014183,0.07300000637769699,-0.0655239075422287,-0.00567580945789814,-9.765792846679688,-0.0011945448350161314,0.0004229657060932368,0.000548067968338728,,
1776227072.0391598,2026-04-15T04:24:32.039160,normal_hover,03,47.3979706,8.546163,0.1080000028014183,0.07300000637769699,-0.0655239075422287,-0.00567580945789814,-9.765792846679688,-0.0011945448350161314,0.0004229657060932368,0.000548067968338728,,
1776227072.1432097,2026-04-15T04:24:32.143210,normal_hover,03,47.3979706,8.546163,0.1080000028014183,0.07300000637769699,-0.0655239075422287,-0.00567580945789814,-9.765792846679688,-0.0011945448350161314,0.0004229657060932368,0.000548067968338728,,
1776227072.2441797,2026-04-15T04:24:32.244180,normal_hover,03,47.3979706,8.546163,0.1080000028014183,0.07300000637769699,-0.0655239075422287,-0.00567580945789814,-9.765792846679688,-0.0011945448350161314,0.0004229657060932368,0.000548067968338728,,
1776227072.3489947,2026-04-15T04:24:32.348995,normal_hover,03,47.3979706,8.546163,0.1080000028014183,0.07300000637769699,-0.0655239075422287,-0.00567580945789814,-9.765792846679688,-0.0011945448350161314,0.0004229657060932368,0.000548067968338728,,
1776227072.4517922,2026-04-15T04:24:32.451792,normal_hover,03,47.3979706,8.546163,0.11300000548362732,0.07800000160932541,-0.06973554193973541,-0.002812958788126707,-9.7726411819458,-0.0004118900978937745,0.0010617353254929185,0.000475221750093624,,
1776227072.55515,2026-04-15T04:24:32.555150,normal_hover,03,47.3979706,8.546163,0.11300000548362732,0.07800000160932541,-0.06973554193973541,-0.002812958788126707,-9.7726411819458,-0.0004118900978937745,0.0010617353254929185,0.000475221750093624,,
1776227072.6578062,2026-04-15T04:24:32.657806,normal_hover,03,47.3979706,8.546163,0.11300000548362732,0.07800000160932541,-0.06973554193973541,-0.002812958788126707,-9.7726411819458,-0.0004118900978937745,0.0010617353254929185,0.000475221750093624,,
1776227072.7599492,2026-04-15T04:24:32.759949,normal_hover,03,47.3979706,8.546163,0.11300000548362732,0.07800000160932541,-0.06973554193973541,-0.002812958788126707,-9.7726411819458,-0.0004118900978937745,0.0010617353254929185,0.000475221750093624,,
1776227072.8661082,2026-04-15T04:24:32.866108,normal_hover,03,47.3979706,8.546163,0.11300000548362732,0.07800000160932541,-0.06973554193973541,-0.002812958788126707,-9.7726411819458,-0.0004118900978937745,0.0010617353254929185,0.000475221750093624,,
1776227072.9799821,2026-04-15T04:24:32.979982,normal_hover,03,47.3979706,8.546163,0.11300000548362732,0.07800000160932541,-0.06973554193973541,-0.002812958788126707,-9.7726411819458,-0.0004118900978937745,0.0010617353254929185,0.000475221750093624,,
1776227073.0830262,2026-04-15T04:24:33.083026,normal_hover,03,47.3979706,8.546163,0.11300000548362732,0.07800000160932541,-0.06973554193973541,-0.002812958788126707,-9.7726411819458,-0.0004118900978937745,0.0010617353254929185,0.000475221750093624,,
1776227073.1868505,2026-04-15T04:24:33.186851,normal_hover,03,47.3979706,8.546163,0.11700000613927841,0.0820000022649765,-0.061134811490774155,-0.012520262971520424,-9.767744064331055,-0.0005571337533183396,0.00013153479085303843,-2.5531404389766976e-05,,
1776227073.290145,2026-04-15T04:24:33.290145,normal_hover,03,47.3979706,8.546163,0.11700000613927841,0.0820000022649765,-0.061134811490774155,-0.012520262971520424,-9.767744064331055,-0.0005571337533183396,0.00013153479085303843,-2.5531404389766976e-05,,
1776227073.3912296,2026-04-15T04:24:33.391230,normal_hover,03,47.3979706,8.546163,0.11700000613927841,0.0820000022649765,-0.061134811490774155,-0.012520262971520424,-9.767744064331055,-0.0005571337533183396,0.00013153479085303843,-2.5531404389766976e-05,,
1776227073.4958804,2026-04-15T04:24:33.495880,normal_hover,03,47.3979706,8.546163,0.11700000613927841,0.0820000022649765,-0.061134811490774155,-0.012520262971520424,-9.767744064331055,-0.0005571337533183396,0.00013153479085303843,-2.5531404389766976e-05,,
1776227073.5979552,2026-04-15T04:24:33.597955,normal_hover,03,47.3979706,8.546163,0.11700000613927841,0.0820000022649765,-0.061134811490774155,-0.012520262971520424,-9.767744064331055,-0.0005571337533183396,0.00013153479085303843,-2.5531404389766976e-05,,
1776227073.701994,2026-04-15T04:24:33.701994,normal_hover,03,47.3979706,8.546163,0.11700000613927841,0.0820000022649765,-0.061134811490774155,-0.012520262971520424,-9.767744064331055,-0.0005571337533183396,0.00013153479085303843,-2.5531404389766976e-05,,
1776227073.803034,2026-04-15T04:24:33.803034,normal_hover,03,47.3979706,8.546163,0.11700000613927841,0.0820000022649765,-0.061134811490774155,-0.012520262971520424,-9.767744064331055,-0.0005571337533183396,0.00013153479085303843,-2.5531404389766976e-05,,
1776227073.9046192,2026-04-15T04:24:33.904619,normal_hover,03,47.3979706,8.546163,0.11700000613927841,0.0820000022649765,-0.061134811490774155,-0.012520262971520424,-9.767744064331055,-0.0005571337533183396,0.00013153479085303843,-2.5531404389766976e-05,,
1776227074.0059395,2026-04-15T04:24:34.005939,normal_hover,03,47.3979706,8.546163,0.12000000476837158,0.08500000089406967,-0.06447829306125641,-0.010588099248707294,-9.766852378845215,0.0006423370214179158,0.0005819487851113081,0.0004638203827198595,,
1776227074.108229,2026-04-15T04:24:34.108229,normal_hover,03,47.3979706,8.546163,0.12000000476837158,0.08500000089406967,-0.06447829306125641,-0.010588099248707294,-9.766852378845215,0.0006423370214179158,0.0005819487851113081,0.0004638203827198595,,
1776227074.210582,2026-04-15T04:24:34.210582,normal_hover,03,47.3979706,8.546163,0.12000000476837158,0.08500000089406967,-0.06447829306125641,-0.010588099248707294,-9.766852378845215,0.0006423370214179158,0.0005819487851113081,0.0004638203827198595,,
1776227074.3121629,2026-04-15T04:24:34.312163,normal_hover,03,47.3979706,8.546163,0.12000000476837158,0.08500000089406967,-0.06447829306125641,-0.010588099248707294,-9.766852378845215,0.0006423370214179158,0.0005819487851113081,0.0004638203827198595,,
1776227074.4138792,2026-04-15T04:24:34.413879,normal_hover,03,47.3979706,8.546163,0.12000000476837158,0.08500000089406967,-0.06447829306125641,-0.010588099248707294,-9.766852378845215,0.0006423370214179158,0.0005819487851113081,0.0004638203827198595,,
1776227074.5171728,2026-04-15T04:24:34.517173,normal_hover,03,47.3979706,8.546163,0.12000000476837158,0.08500000089406967,-0.06447829306125641,-0.010588099248707294,-9.766852378845215,0.0006423370214179158,0.0005819487851113081,0.0004638203827198595,,
1776227074.622049,2026-04-15T04:24:34.622049,normal_hover,03,47.3979706,8.546163,0.12000000476837158,0.08500000089406967,-0.06447829306125641,-0.010588099248707294,-9.766852378845215,0.0006423370214179158,0.0005819487851113081,0.0004638203827198595,,
1776227074.7237108,2026-04-15T04:24:34.723711,normal_hover,03,47.3979706,8.546163,0.12000000476837158,0.08500000089406967,-0.06447829306125641,-0.010588099248707294,-9.766852378845215,0.0006423370214179158,0.0005819487851113081,0.0004638203827198595,,
1776227074.8258073,2026-04-15T04:24:34.825807,normal_hover,03,47.3979706,8.546163,0.12300000339746475,0.08800000697374344,-0.06376137584447861,-0.005453935358673334,-9.772684097290039,0.00011377969349268824,0.00020374021551106125,1.2853197404183447e-06,,
1776227074.926892,2026-04-15T04:24:34.926892,normal_hover,03,47.3979706,8.546163,0.12300000339746475,0.08800000697374344,-0.06376137584447861,-0.005453935358673334,-9.772684097290039,0.00011377969349268824,0.00020374021551106125,1.2853197404183447e-06,,
1776227075.027927,2026-04-15T04:24:35.027927,normal_hover,03,47.3979706,8.546163,0.12300000339746475,0.08800000697374344,-0.06376137584447861,-0.005453935358673334,-9.772684097290039,0.00011377969349268824,0.00020374021551106125,1.2853197404183447e-06,,
1776227075.1298084,2026-04-15T04:24:35.129808,normal_hover,03,47.3979706,8.546163,0.12300000339746475,0.08800000697374344,-0.06376137584447861,-0.005453935358673334,-9.772684097290039,0.00011377969349268824,0.00020374021551106125,1.2853197404183447e-06,,
1776227075.2326953,2026-04-15T04:24:35.232695,normal_hover,03,47.3979706,8.546163,0.12300000339746475,0.08800000697374344,-0.06376137584447861,-0.005453935358673334,-9.772684097290039,0.00011377969349268824,0.00020374021551106125,1.2853197404183447e-06,,
1776227075.3345888,2026-04-15T04:24:35.334589,normal_hover,03,47.3979706,8.546163,0.12300000339746475,0.08800000697374344,-0.06376137584447861,-0.005453935358673334,-9.772684097290039,0.00011377969349268824,0.00020374021551106125,1.2853197404183447e-06,,
1776227075.4402242,2026-04-15T04:24:35.440224,normal_hover,03,47.3979706,8.546163,0.12300000339746475,0.08800000697374344,-0.06376137584447861,-0.005453935358673334,-9.772684097290039,0.00011377969349268824,0.00020374021551106125,1.2853197404183447e-06,,
1776227075.550256,2026-04-15T04:24:35.550256,normal_hover,03,47.3979706,8.546163,0.12400000542402267,0.08900000154972076,-0.17959338426589966,0.0623619370162487,-9.876412391662598,0.0025122868828475475,0.02916148491203785,0.0066324565559625626,,
1776227075.657887,2026-04-15T04:24:35.657887,normal_hover,03,47.3979706,8.546163,0.12400000542402267,0.08900000154972076,-0.17959338426589966,0.0623619370162487,-9.876412391662598,0.0025122868828475475,0.02916148491203785,0.0066324565559625626,,
1776227075.7597475,2026-04-15T04:24:35.759748,normal_hover,03,47.3979706,8.546163,0.12400000542402267,0.08900000154972076,-0.17959338426589966,0.0623619370162487,-9.876412391662598,0.0025122868828475475,0.02916148491203785,0.0066324565559625626,,
1776227075.862794,2026-04-15T04:24:35.862794,normal_hover,03,47.3979706,8.546163,0.12400000542402267,0.08900000154972076,-0.17959338426589966,0.0623619370162487,-9.876412391662598,0.0025122868828475475,0.02916148491203785,0.0066324565559625626,,
1776227075.9675179,2026-04-15T04:24:35.967518,normal_hover,03,47.3979706,8.546163,0.12400000542402267,0.08900000154972076,-0.17959338426589966,0.0623619370162487,-9.876412391662598,0.0025122868828475475,0.02916148491203785,0.0066324565559625626,,
1776227076.06996,2026-04-15T04:24:36.069960,normal_hover,03,47.3979706,8.546163,0.12400000542402267,0.08900000154972076,-0.17959338426589966,0.0623619370162487,-9.876412391662598,0.0025122868828475475,0.02916148491203785,0.0066324565559625626,,
1776227076.1718075,2026-04-15T04:24:36.171808,normal_hover,03,47.3979706,8.546163,0.12700000405311584,0.09200000762939453,-0.0607171431183815,-0.009257989935576916,-10.282315254211426,0.07577382773160934,0.08364047855138779,0.01330655999481678,,
1776227076.2731678,2026-04-15T04:24:36.273168,normal_hover,03,47.3979706,8.546163,0.12700000405311584,0.09200000762939453,-0.0607171431183815,-0.009257989935576916,-10.282315254211426,0.07577382773160934,0.08364047855138779,0.01330655999481678,,
1776227076.3750207,2026-04-15T04:24:36.375021,normal_hover,03,47.3979706,8.546163,0.12700000405311584,0.09200000762939453,-0.0607171431183815,-0.009257989935576916,-10.282315254211426,0.07577382773160934,0.08364047855138779,0.01330655999481678,,
1776227076.4771438,2026-04-15T04:24:36.477144,normal_hover,03,47.3979706,8.546163,0.12700000405311584,0.09200000762939453,-0.0607171431183815,-0.009257989935576916,-10.282315254211426,0.07577382773160934,0.08364047855138779,0.01330655999481678,,
1776227076.5793147,2026-04-15T04:24:36.579315,normal_hover,03,47.3979706,8.546163,0.12700000405311584,0.09200000762939453,-0.0607171431183815,-0.009257989935576916,-10.282315254211426,0.07577382773160934,0.08364047855138779,0.01330655999481678,,
1776227076.684816,2026-04-15T04:24:36.684816,normal_hover,03,47.3979706,8.546163,0.12700000405311584,0.09200000762939453,-0.0607171431183815,-0.009257989935576916,-10.282315254211426,0.07577382773160934,0.08364047855138779,0.01330655999481678,,
1776227076.7866244,2026-04-15T04:24:36.786624,normal_hover,03,47.3979706,8.546163,0.12700000405311584,0.09200000762939453,-0.0607171431183815,-0.009257989935576916,-10.282315254211426,0.07577382773160934,0.08364047855138779,0.01330655999481678,,
1776227076.889476,2026-04-15T04:24:36.889476,normal_hover,03,47.3979706,8.546162899999999,0.13900001347064972,0.10400000214576721,-0.061042070388793945,-0.008032750338315964,-10.545740127563477,0.037804704159498215,0.015500579960644245,0.007931860163807869,,
1776227076.9918997,2026-04-15T04:24:36.991900,normal_hover,03,47.3979706,8.546162899999999,0.13900001347064972,0.10400000214576721,-0.061042070388793945,-0.008032750338315964,-10.545740127563477,0.037804704159498215,0.015500579960644245,0.007931860163807869,,
1776227077.0949206,2026-04-15T04:24:37.094921,normal_hover,03,47.3979706,8.546162899999999,0.13900001347064972,0.10400000214576721,-0.061042070388793945,-0.008032750338315964,-10.545740127563477,0.037804704159498215,0.015500579960644245,0.007931860163807869,,
1776227077.1981637,2026-04-15T04:24:37.198164,normal_hover,03,47.3979706,8.546162899999999,0.13900001347064972,0.10400000214576721,-0.061042070388793945,-0.008032750338315964,-10.545740127563477,0.037804704159498215,0.015500579960644245,0.007931860163807869,,
1776227077.3002768,2026-04-15T04:24:37.300277,normal_hover,03,47.3979706,8.546162899999999,0.13900001347064972,0.10400000214576721,-0.061042070388793945,-0.008032750338315964,-10.545740127563477,0.037804704159498215,0.015500579960644245,0.007931860163807869,,
1776227077.406026,2026-04-15T04:24:37.406026,normal_hover,03,47.3979706,8.546162899999999,0.13900001347064972,0.10400000214576721,-0.061042070388793945,-0.008032750338315964,-10.545740127563477,0.037804704159498215,0.015500579960644245,0.007931860163807869,,
1776227077.5094345,2026-04-15T04:24:37.509434,normal_hover,03,47.3979706,8.546162899999999,0.13900001347064972,0.10400000214576721,-0.061042070388793945,-0.008032750338315964,-10.545740127563477,0.037804704159498215,0.015500579960644245,0.007931860163807869,,
1776227077.612059,2026-04-15T04:24:37.612059,normal_hover,03,47.3979705,8.5461627,0.1680000126361847,0.13199999928474426,-0.05938821658492088,0.0013091167202219367,-10.63262939453125,-0.02067207358777523,-0.04484794661402702,0.001658580033108592,,
1776227077.715005,2026-04-15T04:24:37.715005,normal_hover,03,47.3979705,8.5461627,0.1680000126361847,0.13199999928474426,-0.05938821658492088,0.0013091167202219367,-10.63262939453125,-0.02067207358777523,-0.04484794661402702,0.001658580033108592,,
1776227077.8158238,2026-04-15T04:24:37.815824,normal_hover,03,47.3979705,8.5461627,0.1680000126361847,0.13199999928474426,-0.05938821658492088,0.0013091167202219367,-10.63262939453125,-0.02067207358777523,-0.04484794661402702,0.001658580033108592,,
1776227077.9197254,2026-04-15T04:24:37.919725,normal_hover,03,47.3979705,8.5461627,0.1680000126361847,0.13199999928474426,-0.05938821658492088,0.0013091167202219367,-10.63262939453125,-0.02067207358777523,-0.04484794661402702,0.001658580033108592,,
1776227078.020579,2026-04-15T04:24:38.020579,normal_hover,03,47.3979705,8.5461627,0.1680000126361847,0.13199999928474426,-0.05938821658492088,0.0013091167202219367,-10.63262939453125,-0.02067207358777523,-0.04484794661402702,0.001658580033108592,,
1776227078.1240017,2026-04-15T04:24:38.124002,normal_hover,03,47.3979705,8.5461627,0.1680000126361847,0.13199999928474426,-0.05938821658492088,0.0013091167202219367,-10.63262939453125,-0.02067207358777523,-0.04484794661402702,0.001658580033108592,,
1776227078.2351925,2026-04-15T04:24:38.235193,normal_hover,03,47.3979705,8.5461627,0.1680000126361847,0.13199999928474426,-0.05938821658492088,0.0013091167202219367,-10.63262939453125,-0.02067207358777523,-0.04484794661402702,0.001658580033108592,,
1776227078.3388803,2026-04-15T04:24:38.338880,normal_hover,03,47.3979705,8.5461625,0.21400001645088196,0.17900000512599945,-0.05544576048851013,-0.011523595079779625,-10.674757957458496,-0.03961694613099098,-0.05836600810289383,0.0010257469257339835,,
1776227078.4442208,2026-04-15T04:24:38.444221,normal_hover,03,47.3979705,8.5461625,0.21400001645088196,0.17900000512599945,-0.05544576048851013,-0.011523595079779625,-10.674757957458496,-0.03961694613099098,-0.05836600810289383,0.0010257469257339835,,
1776227078.5458007,2026-04-15T04:24:38.545801,normal_hover,03,47.3979705,8.5461625,0.21400001645088196,0.17900000512599945,-0.05544576048851013,-0.011523595079779625,-10.674757957458496,-0.03961694613099098,-0.05836600810289383,0.0010257469257339835,,
1776227078.6531765,2026-04-15T04:24:38.653177,normal_hover,03,47.3979705,8.5461625,0.21400001645088196,0.17900000512599945,-0.05544576048851013,-0.011523595079779625,-10.674757957458496,-0.03961694613099098,-0.05836600810289383,0.0010257469257339835,,
1776227078.7559721,2026-04-15T04:24:38.755972,normal_hover,03,47.3979705,8.5461625,0.21400001645088196,0.17900000512599945,-0.05544576048851013,-0.011523595079779625,-10.674757957458496,-0.03961694613099098,-0.05836600810289383,0.0010257469257339835,,
1776227078.857172,2026-04-15T04:24:38.857172,normal_hover,03,47.3979705,8.5461625,0.21400001645088196,0.17900000512599945,-0.05544576048851013,-0.011523595079779625,-10.674757957458496,-0.03961694613099098,-0.05836600810289383,0.0010257469257339835,,
1776227078.960862,2026-04-15T04:24:38.960862,normal_hover,03,47.3979704,8.546162299999999,0.289000004529953,0.2540000081062317,-0.0554346963763237,-0.01663726381957531,-10.420785903930664,-0.03919843211770058,-0.05115664005279541,-0.0014390895375981927,,
1776227079.0659394,2026-04-15T04:24:39.065939,normal_hover,03,47.3979704,8.546162299999999,0.289000004529953,0.2540000081062317,-0.0554346963763237,-0.01663726381957531,-10.420785903930664,-0.03919843211770058,-0.05115664005279541,-0.0014390895375981927,,
1776227079.1693437,2026-04-15T04:24:39.169344,normal_hover,03,47.3979704,8.546162299999999,0.289000004529953,0.2540000081062317,-0.0554346963763237,-0.01663726381957531,-10.420785903930664,-0.03919843211770058,-0.05115664005279541,-0.0014390895375981927,,
1776227079.272017,2026-04-15T04:24:39.272017,normal_hover,03,47.3979704,8.546162299999999,0.289000004529953,0.2540000081062317,-0.0554346963763237,-0.01663726381957531,-10.420785903930664,-0.03919843211770058,-0.05115664005279541,-0.0014390895375981927,,
1776227079.375319,2026-04-15T04:24:39.375319,normal_hover,03,47.3979704,8.546162299999999,0.289000004529953,0.2540000081062317,-0.0554346963763237,-0.01663726381957531,-10.420785903930664,-0.03919843211770058,-0.05115664005279541,-0.0014390895375981927,,
1776227079.4770782,2026-04-15T04:24:39.477078,normal_hover,03,47.3979704,8.546162299999999,0.289000004529953,0.2540000081062317,-0.0554346963763237,-0.01663726381957531,-10.420785903930664,-0.03919843211770058,-0.05115664005279541,-0.0014390895375981927,,
1776227079.5803154,2026-04-15T04:24:39.580315,normal_hover,03,47.3979704,8.546162299999999,0.289000004529953,0.2540000081062317,-0.0554346963763237,-0.01663726381957531,-10.420785903930664,-0.03919843211770058,-0.05115664005279541,-0.0014390895375981927,,
1776227079.6826036,2026-04-15T04:24:39.682604,normal_hover,03,47.3979703,8.5461621,0.3760000169277191,0.3400000035762787,-0.058731019496917725,-0.012359663844108582,-10.415756225585938,-0.03089575469493866,-0.04072890058159828,-0.0027987982612103224,,
1776227079.783862,2026-04-15T04:24:39.783862,normal_hover,03,47.3979703,8.5461621,0.3760000169277191,0.3400000035762787,-0.058731019496917725,-0.012359663844108582,-10.415756225585938,-0.03089575469493866,-0.04072890058159828,-0.0027987982612103224,,
1776227079.886123,2026-04-15T04:24:39.886123,normal_hover,03,47.3979703,8.5461621,0.3760000169277191,0.3400000035762787,-0.058731019496917725,-0.012359663844108582,-10.415756225585938,-0.03089575469493866,-0.04072890058159828,-0.0027987982612103224,,
1776227079.990782,2026-04-15T04:24:39.990782,normal_hover,03,47.3979703,8.5461621,0.3760000169277191,0.3400000035762787,-0.058731019496917725,-0.012359663844108582,-10.415756225585938,-0.03089575469493866,-0.04072890058159828,-0.0027987982612103224,,
1776227080.0966275,2026-04-15T04:24:40.096627,normal_hover,03,47.3979703,8.5461621,0.3760000169277191,0.3400000035762787,-0.058731019496917725,-0.012359663844108582,-10.415756225585938,-0.03089575469493866,-0.04072890058159828,-0.0027987982612103224,,
1776227080.1983755,2026-04-15T04:24:40.198375,normal_hover,03,47.3979703,8.5461621,0.3760000169277191,0.3400000035762787,-0.058731019496917725,-0.012359663844108582,-10.415756225585938,-0.03089575469493866,-0.04072890058159828,-0.0027987982612103224,,
1776227080.3069255,2026-04-15T04:24:40.306926,normal_hover,03,47.3979703,8.546161999999999,0.4750000238418579,0.4400000274181366,-0.060036107897758484,-0.007474369369447231,-10.466516494750977,-0.02434285171329975,-0.025690412148833275,-0.0017054403433576226,,
1776227080.4267013,2026-04-15T04:24:40.426701,normal_hover,03,47.3979703,8.546161999999999,0.4750000238418579,0.4400000274181366,-0.060036107897758484,-0.007474369369447231,-10.466516494750977,-0.02434285171329975,-0.025690412148833275,-0.0017054403433576226,,
1776227080.5456755,2026-04-15T04:24:40.545676,normal_hover,03,47.3979703,8.546161999999999,0.4750000238418579,0.4400000274181366,-0.060036107897758484,-0.007474369369447231,-10.466516494750977,-0.02434285171329975,-0.025690412148833275,-0.0017054403433576226,,
1776227080.6518269,2026-04-15T04:24:40.651827,normal_hover,03,47.3979703,8.546161999999999,0.4750000238418579,0.4400000274181366,-0.060036107897758484,-0.007474369369447231,-10.466516494750977,-0.02434285171329975,-0.025690412148833275,-0.0017054403433576226,,
1776227080.7577744,2026-04-15T04:24:40.757774,normal_hover,03,47.3979703,8.546161999999999,0.4750000238418579,0.4400000274181366,-0.060036107897758484,-0.007474369369447231,-10.466516494750977,-0.02434285171329975,-0.025690412148833275,-0.0017054403433576226,,
1776227080.8591216,2026-04-15T04:24:40.859122,normal_hover,03,47.3979703,8.546161999999999,0.4750000238418579,0.4400000274181366,-0.060036107897758484,-0.007474369369447231,-10.466516494750977,-0.02434285171329975,-0.025690412148833275,-0.0017054403433576226,,
1776227080.960772,2026-04-15T04:24:40.960772,normal_hover,03,47.397970199999996,8.5461618,0.5920000076293945,0.5570000410079956,-0.06442059576511383,-0.011161837726831436,-10.1276216506958,-0.01937718689441681,-0.010127049870789051,-0.0016331018414348364,,
1776227081.0697305,2026-04-15T04:24:41.069731,normal_hover,03,47.397970199999996,8.5461618,0.5920000076293945,0.5570000410079956,-0.06442059576511383,-0.011161837726831436,-10.1276216506958,-0.01937718689441681,-0.010127049870789051,-0.0016331018414348364,,
1776227081.172904,2026-04-15T04:24:41.172904,normal_hover,03,47.397970199999996,8.5461618,0.5920000076293945,0.5570000410079956,-0.06442059576511383,-0.011161837726831436,-10.1276216506958,-0.01937718689441681,-0.010127049870789051,-0.0016331018414348364,,
1776227081.274011,2026-04-15T04:24:41.274011,normal_hover,03,47.397970199999996,8.5461618,0.5920000076293945,0.5570000410079956,-0.06442059576511383,-0.011161837726831436,-10.1276216506958,-0.01937718689441681,-0.010127049870789051,-0.0016331018414348364,,
1776227081.381162,2026-04-15T04:24:41.381162,normal_hover,03,47.397970199999996,8.5461618,0.5920000076293945,0.5570000410079956,-0.06442059576511383,-0.011161837726831436,-10.1276216506958,-0.01937718689441681,-0.010127049870789051,-0.0016331018414348364,,
1776227081.483673,2026-04-15T04:24:41.483673,normal_hover,03,47.397970199999996,8.5461618,0.5920000076293945,0.5570000410079956,-0.06442059576511383,-0.011161837726831436,-10.1276216506958,-0.01937718689441681,-0.010127049870789051,-0.0016331018414348364,,
1776227081.5847168,2026-04-15T04:24:41.584717,normal_hover,03,47.397970099999995,8.5461618,0.7140000462532043,0.6790000200271606,-0.06396404653787613,-0.01849151775240898,-9.370054244995117,-0.0052916607819497585,0.0004211411578580737,-0.0004811626859009266,,
1776227081.68612,2026-04-15T04:24:41.686120,normal_hover,03,47.397970099999995,8.5461618,0.7140000462532043,0.6790000200271606,-0.06396404653787613,-0.01849151775240898,-9.370054244995117,-0.0052916607819497585,0.0004211411578580737,-0.0004811626859009266,,
1776227081.7889202,2026-04-15T04:24:41.788920,normal_hover,03,47.397970099999995,8.5461618,0.7140000462532043,0.6790000200271606,-0.06396404653787613,-0.01849151775240898,-9.370054244995117,-0.0052916607819497585,0.0004211411578580737,-0.0004811626859009266,,
1776227081.8899405,2026-04-15T04:24:41.889941,normal_hover,03,47.397970099999995,8.5461618,0.7140000462532043,0.6790000200271606,-0.06396404653787613,-0.01849151775240898,-9.370054244995117,-0.0052916607819497585,0.0004211411578580737,-0.0004811626859009266,,
1776227081.9940298,2026-04-15T04:24:41.994030,normal_hover,03,47.397970099999995,8.5461618,0.7140000462532043,0.6790000200271606,-0.06396404653787613,-0.01849151775240898,-9.370054244995117,-0.0052916607819497585,0.0004211411578580737,-0.0004811626859009266,,
1776227082.1176841,2026-04-15T04:24:42.117684,normal_hover,03,47.397970099999995,8.5461618,0.7140000462532043,0.6790000200271606,-0.06396404653787613,-0.01849151775240898,-9.370054244995117,-0.0052916607819497585,0.0004211411578580737,-0.0004811626859009266,,
1776227082.2190812,2026-04-15T04:24:42.219081,normal_hover,03,47.397970099999995,8.5461618,0.7140000462532043,0.6790000200271606,-0.06396404653787613,-0.01849151775240898,-9.370054244995117,-0.0052916607819497585,0.0004211411578580737,-0.0004811626859009266,,
1776227082.3220668,2026-04-15T04:24:42.322067,normal_hover,03,47.397970099999995,8.5461618,0.8190000653266907,0.7830000519752502,-0.06231071799993515,-0.008528636768460274,-9.327376365661621,0.0012068465584889054,0.004557730630040169,-0.0018055171240121126,,
1776227082.4238913,2026-04-15T04:24:42.423891,normal_hover,03,47.397970099999995,8.5461618,0.8190000653266907,0.7830000519752502,-0.06231071799993515,-0.008528636768460274,-9.327376365661621,0.0012068465584889054,0.004557730630040169,-0.0018055171240121126,,
1776227082.5269709,2026-04-15T04:24:42.526971,normal_hover,03,47.397970099999995,8.5461618,0.8190000653266907,0.7830000519752502,-0.06231071799993515,-0.008528636768460274,-9.327376365661621,0.0012068465584889054,0.004557730630040169,-0.0018055171240121126,,
1776227082.6297774,2026-04-15T04:24:42.629777,normal_hover,03,47.397970099999995,8.5461618,0.8190000653266907,0.7830000519752502,-0.06231071799993515,-0.008528636768460274,-9.327376365661621,0.0012068465584889054,0.004557730630040169,-0.0018055171240121126,,
1776227082.7309613,2026-04-15T04:24:42.730961,normal_hover,03,47.397970099999995,8.5461618,0.8190000653266907,0.7830000519752502,-0.06231071799993515,-0.008528636768460274,-9.327376365661621,0.0012068465584889054,0.004557730630040169,-0.0018055171240121126,,
1776227082.8327286,2026-04-15T04:24:42.832729,normal_hover,03,47.397970099999995,8.5461618,0.8190000653266907,0.7830000519752502,-0.06231071799993515,-0.008528636768460274,-9.327376365661621,0.0012068465584889054,0.004557730630040169,-0.0018055171240121126,,
1776227082.9350047,2026-04-15T04:24:42.935005,normal_hover,03,47.397970099999995,8.5461618,0.8190000653266907,0.7830000519752502,-0.06231071799993515,-0.008528636768460274,-9.327376365661621,0.0012068465584889054,0.004557730630040169,-0.0018055171240121126,,
1776227083.037843,2026-04-15T04:24:43.037843,normal_hover,03,47.397970099999995,8.5461618,0.8190000653266907,0.7830000519752502,-0.06231071799993515,-0.008528636768460274,-9.327376365661621,0.0012068465584889054,0.004557730630040169,-0.0018055171240121126,,
1776227083.1408527,2026-04-15T04:24:43.140853,normal_hover,03,47.397970099999995,8.5461618,0.9130000472068787,0.878000020980835,-0.06815970689058304,-0.004670474678277969,-9.702958106994629,0.00794287770986557,0.012056749314069748,-0.0013783853501081467,,
1776227083.2420514,2026-04-15T04:24:43.242051,normal_hover,03,47.397970099999995,8.5461618,0.9130000472068787,0.878000020980835,-0.06815970689058304,-0.004670474678277969,-9.702958106994629,0.00794287770986557,0.012056749314069748,-0.0013783853501081467,,
1776227083.3501956,2026-04-15T04:24:43.350196,normal_hover,03,47.397970099999995,8.5461618,0.9130000472068787,0.878000020980835,-0.06815970689058304,-0.004670474678277969,-9.702958106994629,0.00794287770986557,0.012056749314069748,-0.0013783853501081467,,
1776227083.4528656,2026-04-15T04:24:43.452866,normal_hover,03,47.397970099999995,8.5461618,0.9130000472068787,0.878000020980835,-0.06815970689058304,-0.004670474678277969,-9.702958106994629,0.00794287770986557,0.012056749314069748,-0.0013783853501081467,,
1776227083.555834,2026-04-15T04:24:43.555834,normal_hover,03,47.397970099999995,8.5461618,1.0140000581741333,0.9790000319480896,-0.06629431992769241,-0.011689558625221252,-9.782954216003418,0.012714420445263386,0.013730091042816639,-0.0013130427105352283,,
1776227083.6868687,2026-04-15T04:24:43.686869,normal_hover,03,47.397970099999995,8.5461618,1.0140000581741333,0.9790000319480896,-0.06629431992769241,-0.011689558625221252,-9.782954216003418,0.012714420445263386,0.013730091042816639,-0.0013130427105352283,,
1776227083.7929153,2026-04-15T04:24:43.792915,normal_hover,03,47.397970099999995,8.5461618,1.0140000581741333,0.9790000319480896,-0.06629431992769241,-0.011689558625221252,-9.782954216003418,0.012714420445263386,0.013730091042816639,-0.0013130427105352283,,
1776227083.899055,2026-04-15T04:24:43.899055,normal_hover,03,47.397970099999995,8.5461618,1.0140000581741333,0.9790000319480896,-0.06629431992769241,-0.011689558625221252,-9.782954216003418,0.012714420445263386,0.013730091042816639,-0.0013130427105352283,,
1776227084.001135,2026-04-15T04:24:44.001135,normal_hover,03,47.397970099999995,8.5461618,1.0140000581741333,0.9790000319480896,-0.06629431992769241,-0.011689558625221252,-9.782954216003418,0.012714420445263386,0.013730091042816639,-0.0013130427105352283,,
1776227084.110191,2026-04-15T04:24:44.110191,normal_hover,03,47.397970099999995,8.5461618,1.0140000581741333,0.9790000319480896,-0.06629431992769241,-0.011689558625221252,-9.782954216003418,0.012714420445263386,0.013730091042816639,-0.0013130427105352283,,
1776227084.2188792,2026-04-15T04:24:44.218879,normal_hover,03,47.397970099999995,8.5461618,1.0140000581741333,0.9790000319480896,-0.06629431992769241,-0.011689558625221252,-9.782954216003418,0.012714420445263386,0.013730091042816639,-0.0013130427105352283,,
1776227084.3564117,2026-04-15T04:24:44.356412,normal_hover,03,47.397970099999995,8.5461619,1.1069999933242798,1.0720000267028809,-0.06717154383659363,-0.006700323894619942,-9.742430686950684,0.012843233533203602,0.016389882192015648,-0.0011308037210255861,,
1776227084.473773,2026-04-15T04:24:44.473773,normal_hover,03,47.397970099999995,8.5461619,1.1069999933242798,1.0720000267028809,-0.06717154383659363,-0.006700323894619942,-9.742430686950684,0.012843233533203602,0.016389882192015648,-0.0011308037210255861,,
1776227084.5823984,2026-04-15T04:24:44.582398,normal_hover,03,47.397970099999995,8.5461619,1.1069999933242798,1.0720000267028809,-0.06717154383659363,-0.006700323894619942,-9.742430686950684,0.012843233533203602,0.016389882192015648,-0.0011308037210255861,,
1776227084.6838648,2026-04-15T04:24:44.683865,normal_hover,03,47.397970099999995,8.5461619,1.1069999933242798,1.0720000267028809,-0.06717154383659363,-0.006700323894619942,-9.742430686950684,0.012843233533203602,0.016389882192015648,-0.0011308037210255861,,
1776227084.78592,2026-04-15T04:24:44.785920,normal_hover,03,47.397970099999995,8.5461619,1.1069999933242798,1.0720000267028809,-0.06717154383659363,-0.006700323894619942,-9.742430686950684,0.012843233533203602,0.016389882192015648,-0.0011308037210255861,,
1776227084.8866768,2026-04-15T04:24:44.886677,normal_hover,03,47.397970099999995,8.5461619,1.1069999933242798,1.0720000267028809,-0.06717154383659363,-0.006700323894619942,-9.742430686950684,0.012843233533203602,0.016389882192015648,-0.0011308037210255861,,
1776227084.9903536,2026-04-15T04:24:44.990354,normal_hover,03,47.397970099999995,8.5461619,1.1069999933242798,1.0720000267028809,-0.06717154383659363,-0.006700323894619942,-9.742430686950684,0.012843233533203602,0.016389882192015648,-0.0011308037210255861,,
1776227085.0942476,2026-04-15T04:24:45.094248,normal_hover,03,47.397970099999995,8.5461619,1.1069999933242798,1.0720000267028809,-0.06717154383659363,-0.006700323894619942,-9.742430686950684,0.012843233533203602,0.016389882192015648,-0.0011308037210255861,,
1776227085.196227,2026-04-15T04:24:45.196227,normal_hover,03,47.397970099999995,8.5461619,1.1069999933242798,1.0720000267028809,-0.06717154383659363,-0.006700323894619942,-9.742430686950684,0.012843233533203602,0.016389882192015648,-0.0011308037210255861,,
1776227085.297977,2026-04-15T04:24:45.297977,normal_hover,03,47.397970099999995,8.5461619,1.1069999933242798,1.0720000267028809,-0.06717154383659363,-0.006700323894619942,-9.742430686950684,0.012843233533203602,0.016389882192015648,-0.0011308037210255861,,
1776227085.4001045,2026-04-15T04:24:45.400105,normal_hover,03,47.397970099999995,8.5461619,1.1069999933242798,1.0720000267028809,-0.06717154383659363,-0.006700323894619942,-9.742430686950684,0.012843233533203602,0.016389882192015648,-0.0011308037210255861,,
1776227085.5021386,2026-04-15T04:24:45.502139,normal_hover,03,47.397970099999995,8.5461619,1.1069999933242798,1.0720000267028809,-0.06717154383659363,-0.006700323894619942,-9.742430686950684,0.012843233533203602,0.016389882192015648,-0.0011308037210255861,,
1776227085.603115,2026-04-15T04:24:45.603115,normal_hover,03,47.397970099999995,8.5461619,1.1069999933242798,1.0720000267028809,-0.06717154383659363,-0.006700323894619942,-9.742430686950684,0.012843233533203602,0.016389882192015648,-0.0011308037210255861,,
1776227085.7043564,2026-04-15T04:24:45.704356,normal_hover,03,47.397970199999996,8.546161999999999,1.193000078201294,1.1570000648498535,-0.07023230195045471,-0.003716721897944808,-9.77653694152832,0.006960421334952116,0.015358841978013515,-0.001655866508372128,,
1776227085.8078787,2026-04-15T04:24:45.807879,normal_hover,03,47.397970199999996,8.546161999999999,1.193000078201294,1.1570000648498535,-0.07023230195045471,-0.003716721897944808,-9.77653694152832,0.006960421334952116,0.015358841978013515,-0.001655866508372128,,
1776227085.9097311,2026-04-15T04:24:45.909731,normal_hover,03,47.397970199999996,8.546161999999999,1.193000078201294,1.1570000648498535,-0.07023230195045471,-0.003716721897944808,-9.77653694152832,0.006960421334952116,0.015358841978013515,-0.001655866508372128,,
1776227086.010919,2026-04-15T04:24:46.010919,normal_hover,03,47.397970199999996,8.546161999999999,1.193000078201294,1.1570000648498535,-0.07023230195045471,-0.003716721897944808,-9.77653694152832,0.006960421334952116,0.015358841978013515,-0.001655866508372128,,
1776227086.1140194,2026-04-15T04:24:46.114019,normal_hover,03,47.397970199999996,8.546161999999999,1.193000078201294,1.1570000648498535,-0.07023230195045471,-0.003716721897944808,-9.77653694152832,0.006960421334952116,0.015358841978013515,-0.001655866508372128,,
1776227086.2161841,2026-04-15T04:24:46.216184,normal_hover,03,47.397970199999996,8.546161999999999,1.193000078201294,1.1570000648498535,-0.07023230195045471,-0.003716721897944808,-9.77653694152832,0.006960421334952116,0.015358841978013515,-0.001655866508372128,,
1776227086.3172793,2026-04-15T04:24:46.317279,normal_hover,03,47.397970199999996,8.546161999999999,1.193000078201294,1.1570000648498535,-0.07023230195045471,-0.003716721897944808,-9.77653694152832,0.006960421334952116,0.015358841978013515,-0.001655866508372128,,
1776227086.422067,2026-04-15T04:24:46.422067,normal_hover,03,47.397970199999996,8.5461621,1.281000018119812,1.246000051498413,-0.0707615315914154,-0.006192252971231937,-9.740962028503418,0.007222996558994055,0.01554874237626791,-0.0009834207594394684,,
1776227086.5289195,2026-04-15T04:24:46.528919,normal_hover,03,47.397970199999996,8.5461621,1.281000018119812,1.246000051498413,-0.0707615315914154,-0.006192252971231937,-9.740962028503418,0.007222996558994055,0.01554874237626791,-0.0009834207594394684,,
1776227086.6308923,2026-04-15T04:24:46.630892,normal_hover,03,47.397970199999996,8.5461621,1.281000018119812,1.246000051498413,-0.0707615315914154,-0.006192252971231937,-9.740962028503418,0.007222996558994055,0.01554874237626791,-0.0009834207594394684,,
1776227086.7329426,2026-04-15T04:24:46.732943,normal_hover,03,47.397970199999996,8.5461621,1.281000018119812,1.246000051498413,-0.0707615315914154,-0.006192252971231937,-9.740962028503418,0.007222996558994055,0.01554874237626791,-0.0009834207594394684,,
1776227086.8353074,2026-04-15T04:24:46.835307,normal_hover,03,47.397970199999996,8.5461621,1.281000018119812,1.246000051498413,-0.0707615315914154,-0.006192252971231937,-9.740962028503418,0.007222996558994055,0.01554874237626791,-0.0009834207594394684,,
1776227086.9379878,2026-04-15T04:24:46.937988,normal_hover,03,47.397970199999996,8.5461621,1.281000018119812,1.246000051498413,-0.0707615315914154,-0.006192252971231937,-9.740962028503418,0.007222996558994055,0.01554874237626791,-0.0009834207594394684,,
1776227087.058474,2026-04-15T04:24:47.058474,normal_hover,03,47.397970199999996,8.5461622,1.3640000820159912,1.3290001153945923,-0.06987202912569046,-0.0003538536839187145,-9.750256538391113,0.0014244562480598688,0.01504699420183897,-0.0011191577650606632,,
1776227087.1598415,2026-04-15T04:24:47.159842,normal_hover,03,47.397970199999996,8.5461622,1.3640000820159912,1.3290001153945923,-0.06987202912569046,-0.0003538536839187145,-9.750256538391113,0.0014244562480598688,0.01504699420183897,-0.0011191577650606632,,
1776227087.2640383,2026-04-15T04:24:47.264038,normal_hover,03,47.397970199999996,8.5461622,1.3640000820159912,1.3290001153945923,-0.06987202912569046,-0.0003538536839187145,-9.750256538391113,0.0014244562480598688,0.01504699420183897,-0.0011191577650606632,,
1776227087.3678257,2026-04-15T04:24:47.367826,normal_hover,03,47.397970199999996,8.5461622,1.3640000820159912,1.3290001153945923,-0.06987202912569046,-0.0003538536839187145,-9.750256538391113,0.0014244562480598688,0.01504699420183897,-0.0011191577650606632,,
1776227087.4697986,2026-04-15T04:24:47.469799,normal_hover,03,47.397970199999996,8.5461622,1.3640000820159912,1.3290001153945923,-0.06987202912569046,-0.0003538536839187145,-9.750256538391113,0.0014244562480598688,0.01504699420183897,-0.0011191577650606632,,
1776227087.571109,2026-04-15T04:24:47.571109,normal_hover,03,47.397970199999996,8.5461622,1.3640000820159912,1.3290001153945923,-0.06987202912569046,-0.0003538536839187145,-9.750256538391113,0.0014244562480598688,0.01504699420183897,-0.0011191577650606632,,
1776227087.673575,2026-04-15T04:24:47.673575,normal_hover,03,47.397970199999996,8.5461622,1.3640000820159912,1.3290001153945923,-0.06987202912569046,-0.0003538536839187145,-9.750256538391113,0.0014244562480598688,0.01504699420183897,-0.0011191577650606632,,
1776227087.7769244,2026-04-15T04:24:47.776924,normal_hover,03,47.397970099999995,8.5461624,1.4500000476837158,1.415000081062317,-0.07011087983846664,-0.0077062733471393585,-9.680098533630371,-0.0019499036716297269,0.014035052619874477,-0.0006732326583005488,,
1776227087.879957,2026-04-15T04:24:47.879957,normal_hover,03,47.397970099999995,8.5461624,1.4500000476837158,1.415000081062317,-0.07011087983846664,-0.0077062733471393585,-9.680098533630371,-0.0019499036716297269,0.014035052619874477,-0.0006732326583005488,,
1776227087.9839048,2026-04-15T04:24:47.983905,normal_hover,03,47.397970099999995,8.5461624,1.4500000476837158,1.415000081062317,-0.07011087983846664,-0.0077062733471393585,-9.680098533630371,-0.0019499036716297269,0.014035052619874477,-0.0006732326583005488,,
1776227088.2909415,2026-04-15T04:24:48.290941,normal_hover,03,47.397970099999995,8.5461624,1.4500000476837158,1.415000081062317,-0.07011087983846664,-0.0077062733471393585,-9.680098533630371,-0.0019499036716297269,0.014035052619874477,-0.0006732326583005488,,
1776227088.4102519,2026-04-15T04:24:48.410252,normal_hover,03,47.397970099999995,8.5461624,1.4500000476837158,1.415000081062317,-0.07011087983846664,-0.0077062733471393585,-9.680098533630371,-0.0019499036716297269,0.014035052619874477,-0.0006732326583005488,,
1776227088.5130923,2026-04-15T04:24:48.513092,normal_hover,03,47.397970099999995,8.5461624,1.4500000476837158,1.415000081062317,-0.07011087983846664,-0.0077062733471393585,-9.680098533630371,-0.0019499036716297269,0.014035052619874477,-0.0006732326583005488,,
1776227088.6148784,2026-04-15T04:24:48.614878,normal_hover,03,47.397970099999995,8.5461624,1.4500000476837158,1.415000081062317,-0.07011087983846664,-0.0077062733471393585,-9.680098533630371,-0.0019499036716297269,0.014035052619874477,-0.0006732326583005488,,
1776227088.7192738,2026-04-15T04:24:48.719274,normal_hover,03,47.397970099999995,8.5461624,1.4500000476837158,1.415000081062317,-0.07011087983846664,-0.0077062733471393585,-9.680098533630371,-0.0019499036716297269,0.014035052619874477,-0.0006732326583005488,,
1776227088.824672,2026-04-15T04:24:48.824672,normal_hover,03,47.397970099999995,8.5461625,1.53000009059906,1.4950001239776611,-0.06783796846866608,-0.00796608068048954,-9.641291618347168,-0.006287465803325176,0.008192552253603935,-0.0008862650138325989,,
1776227088.9272642,2026-04-15T04:24:48.927264,normal_hover,03,47.397970099999995,8.5461625,1.53000009059906,1.4950001239776611,-0.06783796846866608,-0.00796608068048954,-9.641291618347168,-0.006287465803325176,0.008192552253603935,-0.0008862650138325989,,
1776227089.0289395,2026-04-15T04:24:49.028939,normal_hover,03,47.397970099999995,8.5461625,1.53000009059906,1.4950001239776611,-0.06783796846866608,-0.00796608068048954,-9.641291618347168,-0.006287465803325176,0.008192552253603935,-0.0008862650138325989,,
1776227089.1337717,2026-04-15T04:24:49.133772,normal_hover,03,47.397970099999995,8.5461625,1.53000009059906,1.4950001239776611,-0.06783796846866608,-0.00796608068048954,-9.641291618347168,-0.006287465803325176,0.008192552253603935,-0.0008862650138325989,,
1776227089.237155,2026-04-15T04:24:49.237155,normal_hover,03,47.397970099999995,8.5461625,1.53000009059906,1.4950001239776611,-0.06783796846866608,-0.00796608068048954,-9.641291618347168,-0.006287465803325176,0.008192552253603935,-0.0008862650138325989,,
1776227089.4596548,2026-04-15T04:24:49.459655,normal_hover,03,47.397970099999995,8.5461625,1.6080000400543213,1.5730000734329224,-0.07224760949611664,-0.008079676888883114,-9.588993072509766,-0.0047652702778577805,0.004956183955073357,-0.0015178951434791088,,
1776227089.5727446,2026-04-15T04:24:49.572745,normal_hover,03,47.397970099999995,8.5461625,1.6080000400543213,1.5730000734329224,-0.07224760949611664,-0.008079676888883114,-9.588993072509766,-0.0047652702778577805,0.004956183955073357,-0.0015178951434791088,,
1776227089.6741667,2026-04-15T04:24:49.674167,normal_hover,03,47.397970099999995,8.5461625,1.6080000400543213,1.5730000734329224,-0.07224760949611664,-0.008079676888883114,-9.588993072509766,-0.0047652702778577805,0.004956183955073357,-0.0015178951434791088,,
1776227089.7752628,2026-04-15T04:24:49.775263,normal_hover,03,47.397970099999995,8.5461625,1.6080000400543213,1.5730000734329224,-0.07224760949611664,-0.008079676888883114,-9.588993072509766,-0.0047652702778577805,0.004956183955073357,-0.0015178951434791088,,
1776227089.8773744,2026-04-15T04:24:49.877374,normal_hover,03,47.397970099999995,8.5461625,1.6080000400543213,1.5730000734329224,-0.07224760949611664,-0.008079676888883114,-9.588993072509766,-0.0047652702778577805,0.004956183955073357,-0.0015178951434791088,,
1776227089.9791977,2026-04-15T04:24:49.979198,normal_hover,03,47.397970099999995,8.5461625,1.6080000400543213,1.5730000734329224,-0.07224760949611664,-0.008079676888883114,-9.588993072509766,-0.0047652702778577805,0.004956183955073357,-0.0015178951434791088,,
1776227090.0877745,2026-04-15T04:24:50.087775,normal_hover,03,47.397970099999995,8.546162599999999,1.693000078201294,1.658000111579895,-0.07319729030132294,-0.012938028201460838,-9.534098625183105,-0.0023485817946493626,0.0017279903404414654,-0.0006035919650457799,,
1776227090.1889625,2026-04-15T04:24:50.188962,normal_hover,03,47.397970099999995,8.546162599999999,1.693000078201294,1.658000111579895,-0.07319729030132294,-0.012938028201460838,-9.534098625183105,-0.0023485817946493626,0.0017279903404414654,-0.0006035919650457799,,
1776227090.2915757,2026-04-15T04:24:50.291576,normal_hover,03,47.397970099999995,8.546162599999999,1.693000078201294,1.658000111579895,-0.07319729030132294,-0.012938028201460838,-9.534098625183105,-0.0023485817946493626,0.0017279903404414654,-0.0006035919650457799,,
1776227090.3944669,2026-04-15T04:24:50.394467,normal_hover,03,47.397970099999995,8.546162599999999,1.693000078201294,1.658000111579895,-0.07319729030132294,-0.012938028201460838,-9.534098625183105,-0.0023485817946493626,0.0017279903404414654,-0.0006035919650457799,,
1776227090.4958813,2026-04-15T04:24:50.495881,normal_hover,03,47.397970099999995,8.546162599999999,1.693000078201294,1.658000111579895,-0.07319729030132294,-0.012938028201460838,-9.534098625183105,-0.0023485817946493626,0.0017279903404414654,-0.0006035919650457799,,
1776227090.5970166,2026-04-15T04:24:50.597017,normal_hover,03,47.397970099999995,8.546162599999999,1.693000078201294,1.658000111579895,-0.07319729030132294,-0.012938028201460838,-9.534098625183105,-0.0023485817946493626,0.0017279903404414654,-0.0006035919650457799,,
1776227090.70077,2026-04-15T04:24:50.700770,normal_hover,03,47.397970099999995,8.5461627,1.7600001096725464,1.724000096321106,-0.0651632770895958,-0.009018509648740292,-9.59900188446045,0.0021248869597911835,0.0010456148302182555,-0.00021106356871314347,,
1776227090.8070064,2026-04-15T04:24:50.807006,normal_hover,03,47.397970099999995,8.5461627,1.7600001096725464,1.724000096321106,-0.0651632770895958,-0.009018509648740292,-9.59900188446045,0.0021248869597911835,0.0010456148302182555,-0.00021106356871314347,,
1776227090.9089103,2026-04-15T04:24:50.908910,normal_hover,03,47.397970099999995,8.5461627,1.7600001096725464,1.724000096321106,-0.0651632770895958,-0.009018509648740292,-9.59900188446045,0.0021248869597911835,0.0010456148302182555,-0.00021106356871314347,,
1776227091.011743,2026-04-15T04:24:51.011743,normal_hover,03,47.397970099999995,8.5461627,1.7600001096725464,1.724000096321106,-0.0651632770895958,-0.009018509648740292,-9.59900188446045,0.0021248869597911835,0.0010456148302182555,-0.00021106356871314347,,
1776227091.1130557,2026-04-15T04:24:51.113056,normal_hover,03,47.397970099999995,8.5461627,1.7600001096725464,1.724000096321106,-0.0651632770895958,-0.009018509648740292,-9.59900188446045,0.0021248869597911835,0.0010456148302182555,-0.00021106356871314347,,
1776227091.214032,2026-04-15T04:24:51.214032,normal_hover,03,47.397970099999995,8.5461627,1.7600001096725464,1.724000096321106,-0.0651632770895958,-0.009018509648740292,-9.59900188446045,0.0021248869597911835,0.0010456148302182555,-0.00021106356871314347,,
1776227091.315179,2026-04-15T04:24:51.315179,normal_hover,03,47.397970099999995,8.5461628,1.8330000638961792,1.7980000972747803,-0.0671921893954277,-0.0004796660505235195,-9.266520500183105,0.004952908959239721,-0.0006862508598715067,0.00018353163613937795,,
1776227091.4183273,2026-04-15T04:24:51.418327,normal_hover,03,47.397970099999995,8.5461628,1.8330000638961792,1.7980000972747803,-0.0671921893954277,-0.0004796660505235195,-9.266520500183105,0.004952908959239721,-0.0006862508598715067,0.00018353163613937795,,
1776227091.5207846,2026-04-15T04:24:51.520785,normal_hover,03,47.397970099999995,8.5461628,1.8330000638961792,1.7980000972747803,-0.0671921893954277,-0.0004796660505235195,-9.266520500183105,0.004952908959239721,-0.0006862508598715067,0.00018353163613937795,,
1776227091.622329,2026-04-15T04:24:51.622329,normal_hover,03,47.397970099999995,8.5461628,1.8330000638961792,1.7980000972747803,-0.0671921893954277,-0.0004796660505235195,-9.266520500183105,0.004952908959239721,-0.0006862508598715067,0.00018353163613937795,,
1776227091.7241607,2026-04-15T04:24:51.724161,normal_hover,03,47.397970099999995,8.5461628,1.8330000638961792,1.7980000972747803,-0.0671921893954277,-0.0004796660505235195,-9.266520500183105,0.004952908959239721,-0.0006862508598715067,0.00018353163613937795,,
1776227091.840321,2026-04-15T04:24:51.840321,normal_hover,03,47.397970099999995,8.5461628,1.8330000638961792,1.7980000972747803,-0.0671921893954277,-0.0004796660505235195,-9.266520500183105,0.004952908959239721,-0.0006862508598715067,0.00018353163613937795,,
1776227091.9449341,2026-04-15T04:24:51.944934,normal_hover,03,47.397970199999996,8.5461628,1.8930001258850098,1.8570001125335693,-0.06269705295562744,-0.00043424125760793686,-8.628308296203613,0.007653826382011175,-0.0016831448301672935,-0.0005911194602958858,,
1776227092.0519996,2026-04-15T04:24:52.052000,normal_hover,03,47.397970199999996,8.5461628,1.8930001258850098,1.8570001125335693,-0.06269705295562744,-0.00043424125760793686,-8.628308296203613,0.007653826382011175,-0.0016831448301672935,-0.0005911194602958858,,
1776227092.1566627,2026-04-15T04:24:52.156663,normal_hover,03,47.397970199999996,8.5461628,1.8930001258850098,1.8570001125335693,-0.06269705295562744,-0.00043424125760793686,-8.628308296203613,0.007653826382011175,-0.0016831448301672935,-0.0005911194602958858,,
1776227092.2586613,2026-04-15T04:24:52.258661,normal_hover,03,47.397970199999996,8.5461628,1.8930001258850098,1.8570001125335693,-0.06269705295562744,-0.00043424125760793686,-8.628308296203613,0.007653826382011175,-0.0016831448301672935,-0.0005911194602958858,,
1776227092.3599916,2026-04-15T04:24:52.359992,normal_hover,03,47.397970199999996,8.5461628,1.8930001258850098,1.8570001125335693,-0.06269705295562744,-0.00043424125760793686,-8.628308296203613,0.007653826382011175,-0.0016831448301672935,-0.0005911194602958858,,
1776227092.4612405,2026-04-15T04:24:52.461241,normal_hover,03,47.397970199999996,8.5461628,1.8930001258850098,1.8570001125335693,-0.06269705295562744,-0.00043424125760793686,-8.628308296203613,0.007653826382011175,-0.0016831448301672935,-0.0005911194602958858,,
1776227092.564936,2026-04-15T04:24:52.564936,normal_hover,03,47.397970199999996,8.5461628,1.9310001134872437,1.8950001001358032,-0.0700870007276535,0.007382872048765421,-8.727234840393066,0.008416853845119476,-0.001014268142171204,-0.001312664826400578,,
1776227092.6676643,2026-04-15T04:24:52.667664,normal_hover,03,47.397970199999996,8.5461628,1.9310001134872437,1.8950001001358032,-0.0700870007276535,0.007382872048765421,-8.727234840393066,0.008416853845119476,-0.001014268142171204,-0.001312664826400578,,
1776227092.7688477,2026-04-15T04:24:52.768848,normal_hover,03,47.397970199999996,8.5461628,1.9310001134872437,1.8950001001358032,-0.0700870007276535,0.007382872048765421,-8.727234840393066,0.008416853845119476,-0.001014268142171204,-0.001312664826400578,,
1776227092.876682,2026-04-15T04:24:52.876682,normal_hover,03,47.397970199999996,8.5461628,1.9310001134872437,1.8950001001358032,-0.0700870007276535,0.007382872048765421,-8.727234840393066,0.008416853845119476,-0.001014268142171204,-0.001312664826400578,,
1776227092.9819124,2026-04-15T04:24:52.981912,normal_hover,03,47.397970199999996,8.5461628,1.9310001134872437,1.8950001001358032,-0.0700870007276535,0.007382872048765421,-8.727234840393066,0.008416853845119476,-0.001014268142171204,-0.001312664826400578,,
1776227093.0845368,2026-04-15T04:24:53.084537,normal_hover,03,47.397970199999996,8.5461628,1.9310001134872437,1.8950001001358032,-0.0700870007276535,0.007382872048765421,-8.727234840393066,0.008416853845119476,-0.001014268142171204,-0.001312664826400578,,
1776227093.189434,2026-04-15T04:24:53.189434,normal_hover,03,47.397970199999996,8.5461628,1.9310001134872437,1.8950001001358032,-0.0700870007276535,0.007382872048765421,-8.727234840393066,0.008416853845119476,-0.001014268142171204,-0.001312664826400578,,
1776227093.2923408,2026-04-15T04:24:53.292341,normal_hover,03,47.397970199999996,8.546162899999999,1.9490001201629639,1.9140000343322754,-0.06948082894086838,-0.010662845335900784,-9.43343448638916,0.007066786754876375,-0.00584888132289052,-0.0016622715629637241,,
1776227093.4001133,2026-04-15T04:24:53.400113,normal_hover,03,47.397970199999996,8.546162899999999,1.9490001201629639,1.9140000343322754,-0.06948082894086838,-0.010662845335900784,-9.43343448638916,0.007066786754876375,-0.00584888132289052,-0.0016622715629637241,,
1776227093.506779,2026-04-15T04:24:53.506779,normal_hover,03,47.397970199999996,8.546162899999999,1.9490001201629639,1.9140000343322754,-0.06948082894086838,-0.010662845335900784,-9.43343448638916,0.007066786754876375,-0.00584888132289052,-0.0016622715629637241,,
1776227093.6164782,2026-04-15T04:24:53.616478,normal_hover,03,47.397970199999996,8.546162899999999,1.9490001201629639,1.9140000343322754,-0.06948082894086838,-0.010662845335900784,-9.43343448638916,0.007066786754876375,-0.00584888132289052,-0.0016622715629637241,,
1776227093.7217765,2026-04-15T04:24:53.721776,normal_hover,03,47.397970199999996,8.546162899999999,1.9490001201629639,1.9140000343322754,-0.06948082894086838,-0.010662845335900784,-9.43343448638916,0.007066786754876375,-0.00584888132289052,-0.0016622715629637241,,
1776227093.824211,2026-04-15T04:24:53.824211,normal_hover,03,47.397970199999996,8.546162899999999,1.9490001201629639,1.9140000343322754,-0.06948082894086838,-0.010662845335900784,-9.43343448638916,0.007066786754876375,-0.00584888132289052,-0.0016622715629637241,,
1776227093.9257908,2026-04-15T04:24:53.925791,normal_hover,03,47.397970199999996,8.546162899999999,1.9490001201629639,1.9140000343322754,-0.06948082894086838,-0.010662845335900784,-9.43343448638916,0.007066786754876375,-0.00584888132289052,-0.0016622715629637241,,
1776227094.03594,2026-04-15T04:24:54.035940,normal_hover,03,47.3979703,8.546162899999999,1.9630000591278076,1.9270000457763672,-0.07806868106126785,-0.008129907771945,-9.944958686828613,0.0050647142343223095,-0.002198669593781233,-9.984886855818331e-05,,
1776227094.138958,2026-04-15T04:24:54.138958,normal_hover,03,47.3979703,8.546162899999999,1.9630000591278076,1.9270000457763672,-0.07806868106126785,-0.008129907771945,-9.944958686828613,0.0050647142343223095,-0.002198669593781233,-9.984886855818331e-05,,
1776227094.240126,2026-04-15T04:24:54.240126,normal_hover,03,47.3979703,8.546162899999999,1.9630000591278076,1.9270000457763672,-0.07806868106126785,-0.008129907771945,-9.944958686828613,0.0050647142343223095,-0.002198669593781233,-9.984886855818331e-05,,
1776227094.3422158,2026-04-15T04:24:54.342216,normal_hover,03,47.3979703,8.546162899999999,1.9630000591278076,1.9270000457763672,-0.07806868106126785,-0.008129907771945,-9.944958686828613,0.0050647142343223095,-0.002198669593781233,-9.984886855818331e-05,,
1776227094.4437602,2026-04-15T04:24:54.443760,normal_hover,03,47.3979703,8.546162899999999,1.9630000591278076,1.9270000457763672,-0.07806868106126785,-0.008129907771945,-9.944958686828613,0.0050647142343223095,-0.002198669593781233,-9.984886855818331e-05,,
1776227094.546176,2026-04-15T04:24:54.546176,normal_hover,03,47.3979703,8.546162899999999,1.9760000705718994,1.9410001039505005,-0.0743531584739685,-0.008512835018336773,-10.143122673034668,-0.0008601946174167097,-0.0046519567258656025,0.0009420667192898691,,
1776227094.6481879,2026-04-15T04:24:54.648188,normal_hover,03,47.3979703,8.546162899999999,1.9760000705718994,1.9410001039505005,-0.0743531584739685,-0.008512835018336773,-10.143122673034668,-0.0008601946174167097,-0.0046519567258656025,0.0009420667192898691,,
1776227094.74993,2026-04-15T04:24:54.749930,normal_hover,03,47.3979703,8.546162899999999,1.9760000705718994,1.9410001039505005,-0.0743531584739685,-0.008512835018336773,-10.143122673034668,-0.0008601946174167097,-0.0046519567258656025,0.0009420667192898691,,
1776227094.8539917,2026-04-15T04:24:54.853992,normal_hover,03,47.3979703,8.546162899999999,1.9760000705718994,1.9410001039505005,-0.0743531584739685,-0.008512835018336773,-10.143122673034668,-0.0008601946174167097,-0.0046519567258656025,0.0009420667192898691,,
1776227094.9549835,2026-04-15T04:24:54.954983,normal_hover,03,47.3979703,8.546162899999999,1.9760000705718994,1.9410001039505005,-0.0743531584739685,-0.008512835018336773,-10.143122673034668,-0.0008601946174167097,-0.0046519567258656025,0.0009420667192898691,,
1776227095.0587137,2026-04-15T04:24:55.058714,normal_hover,03,47.3979703,8.546162899999999,1.9760000705718994,1.9410001039505005,-0.07057096809148788,-0.010007020086050034,-9.980685234069824,-0.0043399399146437645,-0.0032601619604974985,-0.0007394160493277013,,
1776227095.1649244,2026-04-15T04:24:55.164924,normal_hover,03,47.3979703,8.546162899999999,2.002000093460083,1.967000126838684,-0.07057096809148788,-0.010007020086050034,-9.980685234069824,-0.0043399399146437645,-0.0032601619604974985,-0.0007394160493277013,,
1776227095.2672102,2026-04-15T04:24:55.267210,normal_hover,03,47.3979703,8.546162899999999,2.002000093460083,1.967000126838684,-0.07057096809148788,-0.010007020086050034,-9.980685234069824,-0.0043399399146437645,-0.0032601619604974985,-0.0007394160493277013,,
1776227095.370857,2026-04-15T04:24:55.370857,normal_hover,03,47.3979703,8.546162899999999,2.002000093460083,1.967000126838684,-0.07057096809148788,-0.010007020086050034,-9.980685234069824,-0.0043399399146437645,-0.0032601619604974985,-0.0007394160493277013,,
1776227095.4741116,2026-04-15T04:24:55.474112,normal_hover,03,47.3979703,8.546162899999999,2.002000093460083,1.967000126838684,-0.07057096809148788,-0.010007020086050034,-9.980685234069824,-0.0043399399146437645,-0.0032601619604974985,-0.0007394160493277013,,
1776227095.580868,2026-04-15T04:24:55.580868,normal_hover,03,47.3979703,8.546162899999999,2.002000093460083,1.967000126838684,-0.07057096809148788,-0.010007020086050034,-9.980685234069824,-0.0043399399146437645,-0.0032601619604974985,-0.0007394160493277013,,
1776227095.684206,2026-04-15T04:24:55.684206,normal_hover,03,47.3979703,8.546162899999999,2.002000093460083,1.967000126838684,-0.07057096809148788,-0.010007020086050034,-9.980685234069824,-0.0043399399146437645,-0.0032601619604974985,-0.0007394160493277013,,
1776227095.7975776,2026-04-15T04:24:55.797578,normal_hover,03,47.397970199999996,8.546162899999999,2.0329999923706055,1.9970000982284546,-0.07155827432870865,-0.004874010570347309,-9.740452766418457,-0.005605785641819239,-0.0019255811348557472,-0.000889056536834687,,
1776227095.9011416,2026-04-15T04:24:55.901142,normal_hover,03,47.397970199999996,8.546162899999999,2.0329999923706055,1.9970000982284546,-0.07155827432870865,-0.004874010570347309,-9.740452766418457,-0.005605785641819239,-0.0019255811348557472,-0.000889056536834687,,
1776227096.003051,2026-04-15T04:24:56.003051,normal_hover,03,47.397970199999996,8.546162899999999,2.0329999923706055,1.9970000982284546,-0.07155827432870865,-0.004874010570347309,-9.740452766418457,-0.005605785641819239,-0.0019255811348557472,-0.000889056536834687,,
1776227096.106114,2026-04-15T04:24:56.106114,normal_hover,03,47.397970199999996,8.546162899999999,2.0329999923706055,1.9970000982284546,-0.07155827432870865,-0.004874010570347309,-9.740452766418457,-0.005605785641819239,-0.0019255811348557472,-0.000889056536834687,,
1776227096.2109437,2026-04-15T04:24:56.210944,normal_hover,03,47.397970199999996,8.546162899999999,2.0329999923706055,1.9970000982284546,-0.07155827432870865,-0.004874010570347309,-9.740452766418457,-0.005605785641819239,-0.0019255811348557472,-0.000889056536834687,,
1776227096.3121576,2026-04-15T04:24:56.312158,normal_hover,03,47.397970199999996,8.546162899999999,2.0329999923706055,1.9970000982284546,-0.07155827432870865,-0.004874010570347309,-9.740452766418457,-0.005605785641819239,-0.0019255811348557472,-0.000889056536834687,,
1776227096.414096,2026-04-15T04:24:56.414096,normal_hover,03,47.397970199999996,8.546162899999999,2.071000099182129,2.0350000858306885,-0.06321186572313309,-0.0017854042816907167,-9.547051429748535,-0.006792629603296518,-0.00023500640236306936,-0.0003054809058085084,,
1776227096.5172875,2026-04-15T04:24:56.517287,normal_hover,03,47.397970199999996,8.546162899999999,2.071000099182129,2.0350000858306885,-0.06321186572313309,-0.0017854042816907167,-9.547051429748535,-0.006792629603296518,-0.00023500640236306936,-0.0003054809058085084,,
1776227096.6200206,2026-04-15T04:24:56.620021,normal_hover,03,47.397970199999996,8.546162899999999,2.071000099182129,2.0350000858306885,-0.06321186572313309,-0.0017854042816907167,-9.547051429748535,-0.006792629603296518,-0.00023500640236306936,-0.0003054809058085084,,
1776227096.7230394,2026-04-15T04:24:56.723039,normal_hover,03,47.397970199999996,8.546162899999999,2.071000099182129,2.0350000858306885,-0.06321186572313309,-0.0017854042816907167,-9.547051429748535,-0.006792629603296518,-0.00023500640236306936,-0.0003054809058085084,,
1776227096.8259196,2026-04-15T04:24:56.825920,normal_hover,03,47.397970199999996,8.546162899999999,2.071000099182129,2.0350000858306885,-0.06321186572313309,-0.0017854042816907167,-9.547051429748535,-0.006792629603296518,-0.00023500640236306936,-0.0003054809058085084,,
1776227096.9359388,2026-04-15T04:24:56.935939,normal_hover,03,47.397970199999996,8.546162899999999,2.071000099182129,2.0350000858306885,-0.06321186572313309,-0.0017854042816907167,-9.547051429748535,-0.006792629603296518,-0.00023500640236306936,-0.0003054809058085084,,
1776227097.0377252,2026-04-15T04:24:57.037725,normal_hover,03,47.397970199999996,8.546162899999999,2.111999988555908,2.077000141143799,-0.0724058672785759,-0.008743626065552235,-9.491721153259277,-0.002882914850488305,3.984354043495841e-05,-0.0002688879321794957,,
1776227097.144087,2026-04-15T04:24:57.144087,normal_hover,03,47.397970199999996,8.546162899999999,2.111999988555908,2.077000141143799,-0.0724058672785759,-0.008743626065552235,-9.491721153259277,-0.002882914850488305,3.984354043495841e-05,-0.0002688879321794957,,
1776227097.2527733,2026-04-15T04:24:57.252773,normal_hover,03,47.397970199999996,8.546162899999999,2.111999988555908,2.077000141143799,-0.0724058672785759,-0.008743626065552235,-9.491721153259277,-0.002882914850488305,3.984354043495841e-05,-0.0002688879321794957,,
1776227097.3577635,2026-04-15T04:24:57.357764,normal_hover,03,47.397970199999996,8.546162899999999,2.111999988555908,2.077000141143799,-0.0724058672785759,-0.008743626065552235,-9.491721153259277,-0.002882914850488305,3.984354043495841e-05,-0.0002688879321794957,,
1776227097.460443,2026-04-15T04:24:57.460443,normal_hover,03,47.397970199999996,8.546162899999999,2.111999988555908,2.077000141143799,-0.0724058672785759,-0.008743626065552235,-9.491721153259277,-0.002882914850488305,3.984354043495841e-05,-0.0002688879321794957,,
1776227097.5611696,2026-04-15T04:24:57.561170,normal_hover,03,47.397970199999996,8.546162899999999,2.111999988555908,2.077000141143799,-0.0724058672785759,-0.008743626065552235,-9.491721153259277,-0.002882914850488305,3.984354043495841e-05,-0.0002688879321794957,,
1776227097.663932,2026-04-15T04:24:57.663932,normal_hover,03,47.397970199999996,8.546162899999999,2.1460001468658447,2.1110000610351562,-0.06831822544336319,-0.0024546526838093996,-9.539283752441406,0.00016160978702828288,-0.0014522743877023458,0.00012856957619078457,,
1776227097.7662075,2026-04-15T04:24:57.766207,normal_hover,03,47.397970199999996,8.546162899999999,2.1460001468658447,2.1110000610351562,-0.06831822544336319,-0.0024546526838093996,-9.539283752441406,0.00016160978702828288,-0.0014522743877023458,0.00012856957619078457,,
1776227097.8687122,2026-04-15T04:24:57.868712,normal_hover,03,47.397970199999996,8.546162899999999,2.1460001468658447,2.1110000610351562,-0.06831822544336319,-0.0024546526838093996,-9.539283752441406,0.00016160978702828288,-0.0014522743877023458,0.00012856957619078457,,
1776227097.9701786,2026-04-15T04:24:57.970179,normal_hover,03,47.397970199999996,8.546162899999999,2.1460001468658447,2.1110000610351562,-0.06831822544336319,-0.0024546526838093996,-9.539283752441406,0.00016160978702828288,-0.0014522743877023458,0.00012856957619078457,,
1776227098.0732813,2026-04-15T04:24:58.073281,normal_hover,03,47.397970199999996,8.546162899999999,2.1460001468658447,2.1110000610351562,-0.06831822544336319,-0.0024546526838093996,-9.539283752441406,0.00016160978702828288,-0.0014522743877023458,0.00012856957619078457,,
1776227098.1795068,2026-04-15T04:24:58.179507,normal_hover,03,47.397970199999996,8.546162899999999,2.1680002212524414,2.132000207901001,-0.07114111632108688,-0.0022877512965351343,-9.624342918395996,-0.0008272621780633926,-0.0032332995906472206,-0.000506294600199908,,
1776227098.2877104,2026-04-15T04:24:58.287710,normal_hover,03,47.397970199999996,8.546162899999999,2.1680002212524414,2.132000207901001,-0.07114111632108688,-0.0022877512965351343,-9.624342918395996,-0.0008272621780633926,-0.0032332995906472206,-0.000506294600199908,,
1776227098.395025,2026-04-15T04:24:58.395025,normal_hover,03,47.397970199999996,8.546162899999999,2.1680002212524414,2.132000207901001,-0.07114111632108688,-0.0022877512965351343,-9.624342918395996,-0.0008272621780633926,-0.0032332995906472206,-0.000506294600199908,,
1776227098.496711,2026-04-15T04:24:58.496711,normal_hover,03,47.397970199999996,8.546162899999999,2.1680002212524414,2.132000207901001,-0.07114111632108688,-0.0022877512965351343,-9.624342918395996,-0.0008272621780633926,-0.0032332995906472206,-0.000506294600199908,,
1776227098.600705,2026-04-15T04:24:58.600705,normal_hover,03,47.397970199999996,8.546162899999999,2.1680002212524414,2.132000207901001,-0.07114111632108688,-0.0022877512965351343,-9.624342918395996,-0.0008272621780633926,-0.0032332995906472206,-0.000506294600199908,,
1776227098.7020173,2026-04-15T04:24:58.702017,normal_hover,03,47.397970199999996,8.546162899999999,2.1680002212524414,2.132000207901001,-0.07114111632108688,-0.0022877512965351343,-9.624342918395996,-0.0008272621780633926,-0.0032332995906472206,-0.000506294600199908,,
1776227098.8029864,2026-04-15T04:24:58.802986,normal_hover,03,47.397970199999996,8.546162899999999,2.1680002212524414,2.132000207901001,-0.07114111632108688,-0.0022877512965351343,-9.624342918395996,-0.0008272621780633926,-0.0032332995906472206,-0.000506294600199908,,
1776227098.9051228,2026-04-15T04:24:58.905123,normal_hover,03,47.397970199999996,8.546162899999999,2.19100022315979,2.1550002098083496,-0.06556408107280731,-0.0010378800798207521,-9.712584495544434,0.0027764374390244484,-0.005000930745154619,0.00020967995806131512,,
1776227099.0061548,2026-04-15T04:24:59.006155,normal_hover,03,47.397970199999996,8.546162899999999,2.19100022315979,2.1550002098083496,-0.06556408107280731,-0.0010378800798207521,-9.712584495544434,0.0027764374390244484,-0.005000930745154619,0.00020967995806131512,,
1776227099.1100643,2026-04-15T04:24:59.110064,normal_hover,03,47.397970199999996,8.546162899999999,2.19100022315979,2.1550002098083496,-0.06556408107280731,-0.0010378800798207521,-9.712584495544434,0.0027764374390244484,-0.005000930745154619,0.00020967995806131512,,
1776227099.212041,2026-04-15T04:24:59.212041,normal_hover,03,47.397970199999996,8.546162899999999,2.19100022315979,2.1550002098083496,-0.06556408107280731,-0.0010378800798207521,-9.712584495544434,0.0027764374390244484,-0.005000930745154619,0.00020967995806131512,,
1776227099.3131025,2026-04-15T04:24:59.313102,normal_hover,03,47.397970199999996,8.546162899999999,2.19100022315979,2.1550002098083496,-0.06556408107280731,-0.0010378800798207521,-9.712584495544434,0.0027764374390244484,-0.005000930745154619,0.00020967995806131512,,
1776227099.4150884,2026-04-15T04:24:59.415088,normal_hover,03,47.397970199999996,8.546162899999999,2.19100022315979,2.1550002098083496,-0.06556408107280731,-0.0010378800798207521,-9.712584495544434,0.0027764374390244484,-0.005000930745154619,0.00020967995806131512,,
1776227099.5178654,2026-04-15T04:24:59.517865,normal_hover,03,47.397970199999996,8.546162899999999,2.19100022315979,2.1550002098083496,-0.06556408107280731,-0.0010378800798207521,-9.712584495544434,0.0027764374390244484,-0.005000930745154619,0.00020967995806131512,,
1776227099.629599,2026-04-15T04:24:59.629599,normal_hover,03,47.397970199999996,8.546162899999999,2.2070000171661377,2.1720001697540283,-0.06947411596775055,-0.0042768195271492004,-9.755720138549805,0.004516258370131254,-0.0032377091702073812,0.0007579835946671665,,
1776227099.730207,2026-04-15T04:24:59.730207,normal_hover,03,47.397970199999996,8.546162899999999,2.2070000171661377,2.1720001697540283,-0.06947411596775055,-0.0042768195271492004,-9.755720138549805,0.004516258370131254,-0.0032377091702073812,0.0007579835946671665,,
1776227099.8313031,2026-04-15T04:24:59.831303,normal_hover,03,47.397970199999996,8.546162899999999,2.2070000171661377,2.1720001697540283,-0.06947411596775055,-0.0042768195271492004,-9.755720138549805,0.004516258370131254,-0.0032377091702073812,0.0007579835946671665,,
1776227099.932207,2026-04-15T04:24:59.932207,normal_hover,03,47.397970199999996,8.546162899999999,2.2070000171661377,2.1720001697540283,-0.06947411596775055,-0.0042768195271492004,-9.755720138549805,0.004516258370131254,-0.0032377091702073812,0.0007579835946671665,,
1776227100.033984,2026-04-15T04:25:00.033984,normal_hover,03,47.397970199999996,8.546162899999999,2.2070000171661377,2.1720001697540283,-0.06947411596775055,-0.0042768195271492004,-9.755720138549805,0.004516258370131254,-0.0032377091702073812,0.0007579835946671665,,
1776227100.1393893,2026-04-15T04:25:00.139389,normal_hover,03,47.397970199999996,8.546162899999999,2.2070000171661377,2.1720001697540283,-0.06947411596775055,-0.0042768195271492004,-9.755720138549805,0.004516258370131254,-0.0032377091702073812,0.0007579835946671665,,
1776227100.252391,2026-04-15T04:25:00.252391,normal_hover,03,47.3979703,8.546162899999999,2.2220001220703125,2.187000036239624,-0.06447755545377731,-0.0051275985315442085,-9.771737098693848,0.006479091476649046,-0.0006062337197363377,-0.00024723008391447365,,
1776227100.3541303,2026-04-15T04:25:00.354130,normal_hover,03,47.3979703,8.546162899999999,2.2220001220703125,2.187000036239624,-0.06447755545377731,-0.0051275985315442085,-9.771737098693848,0.006479091476649046,-0.0006062337197363377,-0.00024723008391447365,,
1776227100.4613109,2026-04-15T04:25:00.461311,normal_hover,03,47.3979703,8.546162899999999,2.2220001220703125,2.187000036239624,-0.06447755545377731,-0.0051275985315442085,-9.771737098693848,0.006479091476649046,-0.0006062337197363377,-0.00024723008391447365,,
1776227100.563394,2026-04-15T04:25:00.563394,normal_hover,03,47.3979703,8.546162899999999,2.2220001220703125,2.187000036239624,-0.06447755545377731,-0.0051275985315442085,-9.771737098693848,0.006479091476649046,-0.0006062337197363377,-0.00024723008391447365,,
1776227100.666021,2026-04-15T04:25:00.666021,normal_hover,03,47.3979703,8.546162899999999,2.2220001220703125,2.187000036239624,-0.06447755545377731,-0.0051275985315442085,-9.771737098693848,0.006479091476649046,-0.0006062337197363377,-0.00024723008391447365,,
1776227100.7799315,2026-04-15T04:25:00.779932,normal_hover,03,47.3979703,8.546162899999999,2.2360000610351562,2.201000213623047,-0.06991583108901978,-0.004817774519324303,-9.795392990112305,0.004747169557958841,0.002129337750375271,-0.0010369903175160289,,
1776227100.8829465,2026-04-15T04:25:00.882946,normal_hover,03,47.3979703,8.546162899999999,2.2360000610351562,2.201000213623047,-0.06991583108901978,-0.004817774519324303,-9.795392990112305,0.004747169557958841,0.002129337750375271,-0.0010369903175160289,,
1776227100.984976,2026-04-15T04:25:00.984976,normal_hover,03,47.3979703,8.546162899999999,2.2360000610351562,2.201000213623047,-0.06991583108901978,-0.004817774519324303,-9.795392990112305,0.004747169557958841,0.002129337750375271,-0.0010369903175160289,,
1776227101.0857317,2026-04-15T04:25:01.085732,normal_hover,03,47.3979703,8.546162899999999,2.2360000610351562,2.201000213623047,-0.06991583108901978,-0.004817774519324303,-9.795392990112305,0.004747169557958841,0.002129337750375271,-0.0010369903175160289,,
1776227101.1891534,2026-04-15T04:25:01.189153,normal_hover,03,47.3979703,8.546162899999999,2.2360000610351562,2.201000213623047,-0.06991583108901978,-0.004817774519324303,-9.795392990112305,0.004747169557958841,0.002129337750375271,-0.0010369903175160289,,
1776227101.2907922,2026-04-15T04:25:01.290792,normal_hover,03,47.3979703,8.546162899999999,2.2360000610351562,2.201000213623047,-0.06991583108901978,-0.004817774519324303,-9.795392990112305,0.004747169557958841,0.002129337750375271,-0.0010369903175160289,,
1776227101.5140119,2026-04-15T04:25:01.514012,normal_hover,03,47.3979703,8.546162899999999,2.25,2.2150001525878906,-0.07174527645111084,-0.002915396587923169,-9.822117805480957,0.004846920724958181,-0.0010119532234966755,-6.880048022139817e-05,,
1776227101.6299732,2026-04-15T04:25:01.629973,normal_hover,03,47.3979703,8.546162899999999,2.25,2.2150001525878906,-0.07174527645111084,-0.002915396587923169,-9.822117805480957,0.004846920724958181,-0.0010119532234966755,-6.880048022139817e-05,,
1776227101.73187,2026-04-15T04:25:01.731870,normal_hover,03,47.3979703,8.546162899999999,2.25,2.2150001525878906,-0.07174527645111084,-0.002915396587923169,-9.822117805480957,0.004846920724958181,-0.0010119532234966755,-6.880048022139817e-05,,
1776227101.8329816,2026-04-15T04:25:01.832982,normal_hover,03,47.3979704,8.546162899999999,2.2660000324249268,2.2310001850128174,-0.069315105676651,-0.002905842149630189,-9.778473854064941,0.005963019095361233,-0.0008524488075636327,-9.96674207272008e-05,,
1776227101.9363153,2026-04-15T04:25:01.936315,normal_hover,03,47.3979704,8.546162899999999,2.2660000324249268,2.2310001850128174,-0.069315105676651,-0.002905842149630189,-9.778473854064941,0.005963019095361233,-0.0008524488075636327,-9.96674207272008e-05,,
1776227102.0429156,2026-04-15T04:25:02.042916,normal_hover,03,47.3979704,8.546162899999999,2.2660000324249268,2.2310001850128174,-0.069315105676651,-0.002905842149630189,-9.778473854064941,0.005963019095361233,-0.0008524488075636327,-9.96674207272008e-05,,
1776227102.1508489,2026-04-15T04:25:02.150849,normal_hover,03,47.3979704,8.546162899999999,2.2660000324249268,2.2310001850128174,-0.069315105676651,-0.002905842149630189,-9.778473854064941,0.005963019095361233,-0.0008524488075636327,-9.96674207272008e-05,,
1776227102.253935,2026-04-15T04:25:02.253935,normal_hover,03,47.3979704,8.546162899999999,2.2660000324249268,2.2310001850128174,-0.069315105676651,-0.002905842149630189,-9.778473854064941,0.005963019095361233,-0.0008524488075636327,-9.96674207272008e-05,,
1776227102.356353,2026-04-15T04:25:02.356353,normal_hover,03,47.3979704,8.546162899999999,2.2660000324249268,2.2310001850128174,-0.069315105676651,-0.002905842149630189,-9.778473854064941,0.005963019095361233,-0.0008524488075636327,-9.96674207272008e-05,,
1776227102.4582021,2026-04-15T04:25:02.458202,normal_hover,03,47.3979704,8.546162899999999,2.2660000324249268,2.2310001850128174,-0.069315105676651,-0.002905842149630189,-9.778473854064941,0.005963019095361233,-0.0008524488075636327,-9.96674207272008e-05,,
1776227102.56052,2026-04-15T04:25:02.560520,normal_hover,03,47.3979704,8.546162899999999,2.2810001373291016,2.246000051498413,-0.07279259711503983,-0.0030528500210493803,-9.781208992004395,0.004382603336125612,-0.001544515136629343,0.0005943179712630808,,
1776227102.6618855,2026-04-15T04:25:02.661885,normal_hover,03,47.3979704,8.546162899999999,2.2810001373291016,2.246000051498413,-0.07279259711503983,-0.0030528500210493803,-9.781208992004395,0.004382603336125612,-0.001544515136629343,0.0005943179712630808,,
1776227102.764749,2026-04-15T04:25:02.764749,normal_hover,03,47.3979704,8.546162899999999,2.2810001373291016,2.246000051498413,-0.07279259711503983,-0.0030528500210493803,-9.781208992004395,0.004382603336125612,-0.001544515136629343,0.0005943179712630808,,
1776227102.8689895,2026-04-15T04:25:02.868989,normal_hover,03,47.3979704,8.546162899999999,2.2810001373291016,2.246000051498413,-0.07279259711503983,-0.0030528500210493803,-9.781208992004395,0.004382603336125612,-0.001544515136629343,0.0005943179712630808,,
1776227102.9709303,2026-04-15T04:25:02.970930,normal_hover,03,47.3979704,8.546162899999999,2.2810001373291016,2.246000051498413,-0.07279259711503983,-0.0030528500210493803,-9.781208992004395,0.004382603336125612,-0.001544515136629343,0.0005943179712630808,,
1776227103.0746596,2026-04-15T04:25:03.074660,normal_hover,03,47.3979704,8.546162899999999,2.2810001373291016,2.246000051498413,-0.07279259711503983,-0.0030528500210493803,-9.781208992004395,0.004382603336125612,-0.001544515136629343,0.0005943179712630808,,
1776227103.3467941,2026-04-15T04:25:03.346794,normal_hover,03,47.3979704,8.546162899999999,2.2980000972747803,2.263000011444092,-0.06119225546717644,-0.00731419213116169,-9.674802780151367,0.003666739445179701,-0.004035055637359619,9.607963875168934e-05,,
1776227103.453688,2026-04-15T04:25:03.453688,normal_hover,03,47.3979704,8.546162899999999,2.2980000972747803,2.263000011444092,-0.06119225546717644,-0.00731419213116169,-9.674802780151367,0.003666739445179701,-0.004035055637359619,9.607963875168934e-05,,
1776227103.5621326,2026-04-15T04:25:03.562133,normal_hover,03,47.3979704,8.546162899999999,2.2980000972747803,2.263000011444092,-0.06119225546717644,-0.00731419213116169,-9.674802780151367,0.003666739445179701,-0.004035055637359619,9.607963875168934e-05,,
1776227103.6663766,2026-04-15T04:25:03.666377,normal_hover,03,47.3979704,8.546162899999999,2.2980000972747803,2.263000011444092,-0.06119225546717644,-0.00731419213116169,-9.674802780151367,0.003666739445179701,-0.004035055637359619,9.607963875168934e-05,,
1776227103.7701027,2026-04-15T04:25:03.770103,normal_hover,03,47.3979705,8.546162899999999,2.315000057220459,2.2800002098083496,-0.06620971858501434,-0.0004677451215684414,-9.673640251159668,0.0004285341128706932,-0.0012089218944311142,-0.000898951489944011,,
1776227103.8725202,2026-04-15T04:25:03.872520,normal_hover,03,47.3979705,8.546162899999999,2.315000057220459,2.2800002098083496,-0.06620971858501434,-0.0004677451215684414,-9.673640251159668,0.0004285341128706932,-0.0012089218944311142,-0.000898951489944011,,
1776227103.9757497,2026-04-15T04:25:03.975750,normal_hover,03,47.3979705,8.546162899999999,2.315000057220459,2.2800002098083496,-0.06620971858501434,-0.0004677451215684414,-9.673640251159668,0.0004285341128706932,-0.0012089218944311142,-0.000898951489944011,,
1776227104.0819817,2026-04-15T04:25:04.081982,normal_hover,03,47.3979705,8.546162899999999,2.315000057220459,2.2800002098083496,-0.06620971858501434,-0.0004677451215684414,-9.673640251159668,0.0004285341128706932,-0.0012089218944311142,-0.000898951489944011,,
1776227104.1838474,2026-04-15T04:25:04.183847,normal_hover,03,47.3979705,8.546162899999999,2.315000057220459,2.2800002098083496,-0.06620971858501434,-0.0004677451215684414,-9.673640251159668,0.0004285341128706932,-0.0012089218944311142,-0.000898951489944011,,
1776227104.286648,2026-04-15T04:25:04.286648,normal_hover,03,47.3979705,8.546162899999999,2.315000057220459,2.2800002098083496,-0.06620971858501434,-0.0004677451215684414,-9.673640251159668,0.0004285341128706932,-0.0012089218944311142,-0.000898951489944011,,
1776227104.3922873,2026-04-15T04:25:04.392287,normal_hover,03,47.3979705,8.546162899999999,2.3289999961853027,2.2940001487731934,-0.06982432305812836,-0.004347165115177631,-9.697737693786621,0.0030641129706054926,0.0030840581748634577,-0.0008302209316752851,,
1776227104.4997566,2026-04-15T04:25:04.499757,normal_hover,03,47.3979705,8.546162899999999,2.3289999961853027,2.2940001487731934,-0.06982432305812836,-0.004347165115177631,-9.697737693786621,0.0030641129706054926,0.0030840581748634577,-0.0008302209316752851,,
1776227104.614045,2026-04-15T04:25:04.614045,normal_hover,03,47.3979705,8.546162899999999,2.3289999961853027,2.2940001487731934,-0.06982432305812836,-0.004347165115177631,-9.697737693786621,0.0030641129706054926,0.0030840581748634577,-0.0008302209316752851,,
1776227104.7190933,2026-04-15T04:25:04.719093,normal_hover,03,47.3979705,8.546162899999999,2.3289999961853027,2.2940001487731934,-0.06982432305812836,-0.004347165115177631,-9.697737693786621,0.0030641129706054926,0.0030840581748634577,-0.0008302209316752851,,
1776227104.829101,2026-04-15T04:25:04.829101,normal_hover,03,47.3979705,8.546162899999999,2.3400001525878906,2.305000066757202,-0.06386125087738037,-0.005851139314472675,-9.711700439453125,0.0003086970536969602,0.005804385058581829,-0.0015036381082609296,,
1776227104.9311774,2026-04-15T04:25:04.931177,normal_hover,03,47.3979705,8.546162899999999,2.3400001525878906,2.305000066757202,-0.06386125087738037,-0.005851139314472675,-9.711700439453125,0.0003086970536969602,0.005804385058581829,-0.0015036381082609296,,
1776227105.033947,2026-04-15T04:25:05.033947,normal_hover,03,47.3979705,8.546162899999999,2.3400001525878906,2.305000066757202,-0.06386125087738037,-0.005851139314472675,-9.711700439453125,0.0003086970536969602,0.005804385058581829,-0.0015036381082609296,,
1776227105.1354232,2026-04-15T04:25:05.135423,normal_hover,03,47.3979705,8.546162899999999,2.3400001525878906,2.305000066757202,-0.06386125087738037,-0.005851139314472675,-9.711700439453125,0.0003086970536969602,0.005804385058581829,-0.0015036381082609296,,
1776227105.2384517,2026-04-15T04:25:05.238452,normal_hover,03,47.3979705,8.546162899999999,2.3400001525878906,2.305000066757202,-0.06386125087738037,-0.005851139314472675,-9.711700439453125,0.0003086970536969602,0.005804385058581829,-0.0015036381082609296,,
1776227105.3408551,2026-04-15T04:25:05.340855,normal_hover,03,47.3979705,8.546162899999999,2.3400001525878906,2.305000066757202,-0.06386125087738037,-0.005851139314472675,-9.711700439453125,0.0003086970536969602,0.005804385058581829,-0.0015036381082609296,,
1776227105.444441,2026-04-15T04:25:05.444441,normal_hover,03,47.3979705,8.546162899999999,2.3400001525878906,2.305000066757202,-0.06386125087738037,-0.005851139314472675,-9.711700439453125,0.0003086970536969602,0.005804385058581829,-0.0015036381082609296,,
1776227105.546967,2026-04-15T04:25:05.546967,normal_hover,03,47.3979705,8.546163,2.3519999980926514,2.31600022315979,-0.07300276309251785,-0.01659274287521839,-9.699501037597656,-0.00173219945281744,0.00693143717944622,-0.0009372737258672714,,
1776227105.6493614,2026-04-15T04:25:05.649361,normal_hover,03,47.3979705,8.546163,2.3519999980926514,2.31600022315979,-0.07300276309251785,-0.01659274287521839,-9.699501037597656,-0.00173219945281744,0.00693143717944622,-0.0009372737258672714,,
1776227105.7511206,2026-04-15T04:25:05.751121,normal_hover,03,47.3979705,8.546163,2.3519999980926514,2.31600022315979,-0.07300276309251785,-0.01659274287521839,-9.699501037597656,-0.00173219945281744,0.00693143717944622,-0.0009372737258672714,,
1776227105.852009,2026-04-15T04:25:05.852009,normal_hover,03,47.3979705,8.546163,2.3519999980926514,2.31600022315979,-0.07300276309251785,-0.01659274287521839,-9.699501037597656,-0.00173219945281744,0.00693143717944622,-0.0009372737258672714,,
1776227105.9571016,2026-04-15T04:25:05.957102,normal_hover,03,47.3979705,8.546163,2.3519999980926514,2.31600022315979,-0.07300276309251785,-0.01659274287521839,-9.699501037597656,-0.00173219945281744,0.00693143717944622,-0.0009372737258672714,,
1776227106.0583475,2026-04-15T04:25:06.058347,normal_hover,03,47.3979705,8.546163,2.3519999980926514,2.31600022315979,-0.07300276309251785,-0.01659274287521839,-9.699501037597656,-0.00173219945281744,0.00693143717944622,-0.0009372737258672714,,
1776227106.1639507,2026-04-15T04:25:06.163951,normal_hover,03,47.3979705,8.546163,2.3519999980926514,2.31600022315979,-0.07300276309251785,-0.01659274287521839,-9.699501037597656,-0.00173219945281744,0.00693143717944622,-0.0009372737258672714,,
1776227106.2660203,2026-04-15T04:25:06.266020,normal_hover,03,47.3979705,8.546163,2.364000082015991,2.328000068664551,-0.06761974096298218,-0.01191667839884758,-9.693713188171387,-0.0007914882735349238,0.004860865417867899,-0.00027923061861656606,,
1776227106.3691137,2026-04-15T04:25:06.369114,normal_hover,03,47.3979705,8.546163,2.364000082015991,2.328000068664551,-0.06761974096298218,-0.01191667839884758,-9.693713188171387,-0.0007914882735349238,0.004860865417867899,-0.00027923061861656606,,
1776227106.4709082,2026-04-15T04:25:06.470908,normal_hover,03,47.3979705,8.546163,2.364000082015991,2.328000068664551,-0.06761974096298218,-0.01191667839884758,-9.693713188171387,-0.0007914882735349238,0.004860865417867899,-0.00027923061861656606,,
1776227106.5735667,2026-04-15T04:25:06.573567,normal_hover,03,47.3979705,8.546163,2.364000082015991,2.328000068664551,-0.06761974096298218,-0.01191667839884758,-9.693713188171387,-0.0007914882735349238,0.004860865417867899,-0.00027923061861656606,,
1776227106.6758265,2026-04-15T04:25:06.675827,normal_hover,03,47.3979705,8.546163,2.364000082015991,2.328000068664551,-0.06761974096298218,-0.01191667839884758,-9.693713188171387,-0.0007914882735349238,0.004860865417867899,-0.00027923061861656606,,
1776227106.7778494,2026-04-15T04:25:06.777849,normal_hover,03,47.3979705,8.546163,2.364000082015991,2.328000068664551,-0.06761974096298218,-0.01191667839884758,-9.693713188171387,-0.0007914882735349238,0.004860865417867899,-0.00027923061861656606,,
1776227106.8795912,2026-04-15T04:25:06.879591,normal_hover,03,47.3979705,8.546163,2.364000082015991,2.328000068664551,-0.06761974096298218,-0.01191667839884758,-9.693713188171387,-0.0007914882735349238,0.004860865417867899,-0.00027923061861656606,,
1776227106.9811032,2026-04-15T04:25:06.981103,normal_hover,03,47.3979705,8.5461631,2.373000144958496,2.3380000591278076,-0.06565167754888535,-0.014988233335316181,-9.72683334350586,-0.0024045901373028755,0.006108618341386318,0.00010487905092304572,,
1776227107.0833454,2026-04-15T04:25:07.083345,normal_hover,03,47.3979705,8.5461631,2.373000144958496,2.3380000591278076,-0.06565167754888535,-0.014988233335316181,-9.72683334350586,-0.0024045901373028755,0.006108618341386318,0.00010487905092304572,,
1776227107.1894543,2026-04-15T04:25:07.189454,normal_hover,03,47.3979705,8.5461631,2.373000144958496,2.3380000591278076,-0.06565167754888535,-0.014988233335316181,-9.72683334350586,-0.0024045901373028755,0.006108618341386318,0.00010487905092304572,,
1776227107.2917292,2026-04-15T04:25:07.291729,normal_hover,03,47.3979705,8.5461631,2.373000144958496,2.3380000591278076,-0.06565167754888535,-0.014988233335316181,-9.72683334350586,-0.0024045901373028755,0.006108618341386318,0.00010487905092304572,,
1776227107.3940475,2026-04-15T04:25:07.394047,normal_hover,03,47.3979705,8.5461631,2.373000144958496,2.3380000591278076,-0.06565167754888535,-0.014988233335316181,-9.72683334350586,-0.0024045901373028755,0.006108618341386318,0.00010487905092304572,,
1776227107.4958966,2026-04-15T04:25:07.495897,normal_hover,03,47.3979705,8.5461631,2.373000144958496,2.3380000591278076,-0.06565167754888535,-0.014988233335316181,-9.72683334350586,-0.0024045901373028755,0.006108618341386318,0.00010487905092304572,,
1776227107.5967314,2026-04-15T04:25:07.596731,normal_hover,03,47.3979705,8.5461631,2.373000144958496,2.3380000591278076,-0.06565167754888535,-0.014988233335316181,-9.72683334350586,-0.0024045901373028755,0.006108618341386318,0.00010487905092304572,,
1776227107.6981215,2026-04-15T04:25:07.698122,normal_hover,03,47.3979705,8.5461631,2.380000114440918,2.3450000286102295,-0.06308481842279434,-0.007860531099140644,-9.749163627624512,-0.00387119734659791,0.0027360296808183193,0.00022774256649427116,,
1776227107.8017454,2026-04-15T04:25:07.801745,normal_hover,03,47.3979705,8.5461631,2.380000114440918,2.3450000286102295,-0.06308481842279434,-0.007860531099140644,-9.749163627624512,-0.00387119734659791,0.0027360296808183193,0.00022774256649427116,,
1776227107.906266,2026-04-15T04:25:07.906266,normal_hover,03,47.3979705,8.5461631,2.380000114440918,2.3450000286102295,-0.06308481842279434,-0.007860531099140644,-9.749163627624512,-0.00387119734659791,0.0027360296808183193,0.00022774256649427116,,
1776227108.008053,2026-04-15T04:25:08.008053,normal_hover,03,47.3979705,8.5461631,2.380000114440918,2.3450000286102295,-0.06308481842279434,-0.007860531099140644,-9.749163627624512,-0.00387119734659791,0.0027360296808183193,0.00022774256649427116,,
1776227108.1101427,2026-04-15T04:25:08.110143,normal_hover,03,47.3979705,8.5461631,2.380000114440918,2.3450000286102295,-0.06308481842279434,-0.007860531099140644,-9.749163627624512,-0.00387119734659791,0.0027360296808183193,0.00022774256649427116,,
1776227108.214689,2026-04-15T04:25:08.214689,normal_hover,03,47.3979705,8.546163199999999,2.38700008392334,2.3519999980926514,-0.06589667499065399,-0.005832614377140999,-9.79499340057373,-0.009538711048662663,-0.00028570194263011217,0.00012072538811480626,,
1776227108.3168917,2026-04-15T04:25:08.316892,normal_hover,03,47.3979705,8.546163199999999,2.38700008392334,2.3519999980926514,-0.06589667499065399,-0.005832614377140999,-9.79499340057373,-0.009538711048662663,-0.00028570194263011217,0.00012072538811480626,,
1776227108.4209707,2026-04-15T04:25:08.420971,normal_hover,03,47.3979705,8.546163199999999,2.38700008392334,2.3519999980926514,-0.06589667499065399,-0.005832614377140999,-9.79499340057373,-0.009538711048662663,-0.00028570194263011217,0.00012072538811480626,,
1776227108.5277722,2026-04-15T04:25:08.527772,normal_hover,03,47.3979705,8.546163199999999,2.38700008392334,2.3519999980926514,-0.06589667499065399,-0.005832614377140999,-9.79499340057373,-0.009538711048662663,-0.00028570194263011217,0.00012072538811480626,,
1776227108.6356032,2026-04-15T04:25:08.635603,normal_hover,03,47.3979705,8.546163199999999,2.38700008392334,2.3519999980926514,-0.06589667499065399,-0.005832614377140999,-9.79499340057373,-0.009538711048662663,-0.00028570194263011217,0.00012072538811480626,,
1776227108.7388384,2026-04-15T04:25:08.738838,normal_hover,03,47.3979705,8.546163199999999,2.38700008392334,2.3519999980926514,-0.06589667499065399,-0.005832614377140999,-9.79499340057373,-0.009538711048662663,-0.00028570194263011217,0.00012072538811480626,,
1776227108.843023,2026-04-15T04:25:08.843023,normal_hover,03,47.3979705,8.546163199999999,2.38700008392334,2.3519999980926514,-0.06589667499065399,-0.005832614377140999,-9.79499340057373,-0.009538711048662663,-0.00028570194263011217,0.00012072538811480626,,
1776227108.9460042,2026-04-15T04:25:08.946004,normal_hover,03,47.3979704,8.546163199999999,2.3910000324249268,2.3560001850128174,-0.06676997989416122,-0.009180749766528606,-9.809381484985352,-0.00747310183942318,-0.002705224324017763,0.00022135415929369628,,
1776227109.0489323,2026-04-15T04:25:09.048932,normal_hover,03,47.3979704,8.546163199999999,2.3910000324249268,2.3560001850128174,-0.06676997989416122,-0.009180749766528606,-9.809381484985352,-0.00747310183942318,-0.002705224324017763,0.00022135415929369628,,
1776227109.1499717,2026-04-15T04:25:09.149972,normal_hover,03,47.3979704,8.546163199999999,2.3910000324249268,2.3560001850128174,-0.06676997989416122,-0.009180749766528606,-9.809381484985352,-0.00747310183942318,-0.002705224324017763,0.00022135415929369628,,
1776227109.2513473,2026-04-15T04:25:09.251347,normal_hover,03,47.3979704,8.546163199999999,2.3910000324249268,2.3560001850128174,-0.06676997989416122,-0.009180749766528606,-9.809381484985352,-0.00747310183942318,-0.002705224324017763,0.00022135415929369628,,
1776227109.3692389,2026-04-15T04:25:09.369239,normal_hover,03,47.3979704,8.546163199999999,2.3910000324249268,2.3560001850128174,-0.06676997989416122,-0.009180749766528606,-9.809381484985352,-0.00747310183942318,-0.002705224324017763,0.00022135415929369628,,
1776227109.4733183,2026-04-15T04:25:09.473318,normal_hover,03,47.3979704,8.546163199999999,2.3910000324249268,2.3560001850128174,-0.06676997989416122,-0.009180749766528606,-9.809381484985352,-0.00747310183942318,-0.002705224324017763,0.00022135415929369628,,
1776227109.5809495,2026-04-15T04:25:09.580950,normal_hover,03,47.3979704,8.546163199999999,2.3910000324249268,2.3560001850128174,-0.06676997989416122,-0.009180749766528606,-9.809381484985352,-0.00747310183942318,-0.002705224324017763,0.00022135415929369628,,
1776227109.6859493,2026-04-15T04:25:09.685949,normal_hover,03,47.3979704,8.546163199999999,2.3910000324249268,2.3560001850128174,-0.06676997989416122,-0.009180749766528606,-9.809381484985352,-0.00747310183942318,-0.002705224324017763,0.00022135415929369628,,
1776227109.794128,2026-04-15T04:25:09.794128,normal_hover,03,47.3979704,8.546163199999999,2.3910000324249268,2.3560001850128174,-0.06676997989416122,-0.009180749766528606,-9.809381484985352,-0.00747310183942318,-0.002705224324017763,0.00022135415929369628,,
1776227109.8970144,2026-04-15T04:25:09.897014,normal_hover,03,47.3979704,8.546163199999999,2.3960001468658447,2.3610000610351562,-0.0700419619679451,-0.005989037454128265,-9.840580940246582,-0.008111009374260902,-0.0021659014746546745,0.0004266499890945852,,
1776227109.9987981,2026-04-15T04:25:09.998798,normal_hover,03,47.3979704,8.546163199999999,2.3960001468658447,2.3610000610351562,-0.0700419619679451,-0.005989037454128265,-9.840580940246582,-0.008111009374260902,-0.0021659014746546745,0.0004266499890945852,,
1776227110.0997648,2026-04-15T04:25:10.099765,normal_hover,03,47.3979704,8.546163199999999,2.3960001468658447,2.3610000610351562,-0.0700419619679451,-0.005989037454128265,-9.840580940246582,-0.008111009374260902,-0.0021659014746546745,0.0004266499890945852,,
1776227110.2012296,2026-04-15T04:25:10.201230,normal_hover,03,47.3979704,8.546163199999999,2.3960001468658447,2.3610000610351562,-0.0700419619679451,-0.005989037454128265,-9.840580940246582,-0.008111009374260902,-0.0021659014746546745,0.0004266499890945852,,
1776227110.3020122,2026-04-15T04:25:10.302012,normal_hover,03,47.3979704,8.546163199999999,2.3960001468658447,2.3610000610351562,-0.0700419619679451,-0.005989037454128265,-9.840580940246582,-0.008111009374260902,-0.0021659014746546745,0.0004266499890945852,,
1776227110.4196343,2026-04-15T04:25:10.419634,normal_hover,03,47.3979704,8.546163199999999,2.3960001468658447,2.3610000610351562,-0.0700419619679451,-0.005989037454128265,-9.840580940246582,-0.008111009374260902,-0.0021659014746546745,0.0004266499890945852,,
1776227110.5219395,2026-04-15T04:25:10.521940,normal_hover,03,47.3979704,8.546163199999999,2.3960001468658447,2.3610000610351562,-0.0700419619679451,-0.005989037454128265,-9.840580940246582,-0.008111009374260902,-0.0021659014746546745,0.0004266499890945852,,
1776227110.6235204,2026-04-15T04:25:10.623520,normal_hover,03,47.3979704,8.546163199999999,2.3960001468658447,2.3610000610351562,-0.0700419619679451,-0.005989037454128265,-9.840580940246582,-0.008111009374260902,-0.0021659014746546745,0.0004266499890945852,,
1776227110.7289085,2026-04-15T04:25:10.728909,normal_hover,03,47.3979704,8.546163199999999,2.3960001468658447,2.3610000610351562,-0.0700419619679451,-0.005989037454128265,-9.840580940246582,-0.008111009374260902,-0.0021659014746546745,0.0004266499890945852,,
1776227110.830935,2026-04-15T04:25:10.830935,normal_hover,03,47.3979704,8.546163199999999,2.3960001468658447,2.3610000610351562,-0.0700419619679451,-0.005989037454128265,-9.840580940246582,-0.008111009374260902,-0.0021659014746546745,0.0004266499890945852,,
1776227110.934185,2026-04-15T04:25:10.934185,normal_hover,03,47.3979704,8.546163199999999,2.3960001468658447,2.3610000610351562,-0.0700419619679451,-0.005989037454128265,-9.840580940246582,-0.008111009374260902,-0.0021659014746546745,0.0004266499890945852,,
1776227111.038126,2026-04-15T04:25:11.038126,normal_hover,03,47.3979704,8.546163199999999,2.4010000228881836,2.366000175476074,-0.06224551051855087,-0.011258268728852272,-9.828584671020508,-0.0015704933321103454,-0.0030187484808266163,0.0002896315709222108,,
1776227111.1410642,2026-04-15T04:25:11.141064,normal_hover,03,47.3979704,8.546163199999999,2.4010000228881836,2.366000175476074,-0.06224551051855087,-0.011258268728852272,-9.828584671020508,-0.0015704933321103454,-0.0030187484808266163,0.0002896315709222108,,
1776227111.2458086,2026-04-15T04:25:11.245809,normal_hover,03,47.3979704,8.546163199999999,2.4010000228881836,2.366000175476074,-0.06224551051855087,-0.011258268728852272,-9.828584671020508,-0.0015704933321103454,-0.0030187484808266163,0.0002896315709222108,,
1776227111.352034,2026-04-15T04:25:11.352034,normal_hover,03,47.3979704,8.546163199999999,2.4010000228881836,2.366000175476074,-0.06224551051855087,-0.011258268728852272,-9.828584671020508,-0.0015704933321103454,-0.0030187484808266163,0.0002896315709222108,,
1776227111.4543827,2026-04-15T04:25:11.454383,normal_hover,03,47.3979704,8.546163199999999,2.4010000228881836,2.366000175476074,-0.06224551051855087,-0.011258268728852272,-9.828584671020508,-0.0015704933321103454,-0.0030187484808266163,0.0002896315709222108,,
1776227111.5587156,2026-04-15T04:25:11.558716,normal_hover,03,47.3979704,8.546163199999999,2.4010000228881836,2.366000175476074,-0.06224551051855087,-0.011258268728852272,-9.828584671020508,-0.0015704933321103454,-0.0030187484808266163,0.0002896315709222108,,
1776227111.6611474,2026-04-15T04:25:11.661147,normal_hover,03,47.3979704,8.546163199999999,2.4010000228881836,2.366000175476074,-0.06224551051855087,-0.011258268728852272,-9.828584671020508,-0.0015704933321103454,-0.0030187484808266163,0.0002896315709222108,,
1776227111.7629776,2026-04-15T04:25:11.762978,normal_hover,03,47.3979704,8.546163199999999,2.4060001373291016,2.371000051498413,-0.05754421278834343,-0.010711351409554482,-9.802624702453613,-0.00020862056408077478,-0.0038338983431458473,-0.0008680672035552561,,
1776227111.866987,2026-04-15T04:25:11.866987,normal_hover,03,47.3979704,8.546163199999999,2.4060001373291016,2.371000051498413,-0.05754421278834343,-0.010711351409554482,-9.802624702453613,-0.00020862056408077478,-0.0038338983431458473,-0.0008680672035552561,,
1776227111.969357,2026-04-15T04:25:11.969357,normal_hover,03,47.3979704,8.546163199999999,2.4060001373291016,2.371000051498413,-0.05754421278834343,-0.010711351409554482,-9.802624702453613,-0.00020862056408077478,-0.0038338983431458473,-0.0008680672035552561,,
1776227112.0709553,2026-04-15T04:25:12.070955,normal_hover,03,47.3979704,8.546163199999999,2.4060001373291016,2.371000051498413,-0.05754421278834343,-0.010711351409554482,-9.802624702453613,-0.00020862056408077478,-0.0038338983431458473,-0.0008680672035552561,,
1776227112.1756442,2026-04-15T04:25:12.175644,normal_hover,03,47.3979704,8.546163199999999,2.4060001373291016,2.371000051498413,-0.05754421278834343,-0.010711351409554482,-9.802624702453613,-0.00020862056408077478,-0.0038338983431458473,-0.0008680672035552561,,
1776227112.3359494,2026-04-15T04:25:12.335949,normal_hover,03,47.3979704,8.546163199999999,2.4130001068115234,2.378000020980835,-0.06948285549879074,-0.01193290576338768,-9.81358814239502,0.001529386849142611,-0.004403939936310053,-0.00010483981168363243,,
1776227112.4368107,2026-04-15T04:25:12.436811,normal_hover,03,47.3979704,8.546163199999999,2.4130001068115234,2.378000020980835,-0.06948285549879074,-0.01193290576338768,-9.81358814239502,0.001529386849142611,-0.004403939936310053,-0.00010483981168363243,,
1776227112.5628667,2026-04-15T04:25:12.562867,normal_hover,03,47.3979704,8.546163199999999,2.4130001068115234,2.378000020980835,-0.06948285549879074,-0.01193290576338768,-9.81358814239502,0.001529386849142611,-0.004403939936310053,-0.00010483981168363243,,
1776227112.6800508,2026-04-15T04:25:12.680051,normal_hover,03,47.3979704,8.546163199999999,2.4130001068115234,2.378000020980835,-0.06948285549879074,-0.01193290576338768,-9.81358814239502,0.001529386849142611,-0.004403939936310053,-0.00010483981168363243,,
1776227112.7808015,2026-04-15T04:25:12.780802,normal_hover,03,47.3979704,8.546163199999999,2.4130001068115234,2.378000020980835,-0.06948285549879074,-0.01193290576338768,-9.81358814239502,0.001529386849142611,-0.004403939936310053,-0.00010483981168363243,,
1776227112.8819237,2026-04-15T04:25:12.881924,normal_hover,03,47.3979704,8.546163199999999,2.4130001068115234,2.378000020980835,-0.06948285549879074,-0.01193290576338768,-9.81358814239502,0.001529386849142611,-0.004403939936310053,-0.00010483981168363243,,
1776227112.9838943,2026-04-15T04:25:12.983894,normal_hover,03,47.3979704,8.5461631,2.4190001487731934,2.384000062942505,-0.0643354058265686,-0.01787489466369152,-9.820866584777832,0.001953149912878871,-0.0034412331879138947,-0.0004234997904859483,,
1776227113.0866473,2026-04-15T04:25:13.086647,normal_hover,03,47.3979704,8.5461631,2.4190001487731934,2.384000062942505,-0.0643354058265686,-0.01787489466369152,-9.820866584777832,0.001953149912878871,-0.0034412331879138947,-0.0004234997904859483,,
1776227113.1878066,2026-04-15T04:25:13.187807,normal_hover,03,47.3979704,8.5461631,2.4190001487731934,2.384000062942505,-0.0643354058265686,-0.01787489466369152,-9.820866584777832,0.001953149912878871,-0.0034412331879138947,-0.0004234997904859483,,
1776227113.2925868,2026-04-15T04:25:13.292587,normal_hover,03,47.3979704,8.5461631,2.4190001487731934,2.384000062942505,-0.0643354058265686,-0.01787489466369152,-9.820866584777832,0.001953149912878871,-0.0034412331879138947,-0.0004234997904859483,,
1776227113.474408,2026-04-15T04:25:13.474408,normal_hover,03,47.3979704,8.5461631,2.4240000247955322,2.389000177383423,-0.06431344896554947,-0.00456845760345459,-9.795406341552734,0.0013131588930264115,-0.002506529912352562,-0.001261221943423152,,
1776227113.5859928,2026-04-15T04:25:13.585993,normal_hover,03,47.3979704,8.5461631,2.4240000247955322,2.389000177383423,-0.06431344896554947,-0.00456845760345459,-9.795406341552734,0.0013131588930264115,-0.002506529912352562,-0.001261221943423152,,
1776227113.6910048,2026-04-15T04:25:13.691005,normal_hover,03,47.3979704,8.5461631,2.4240000247955322,2.389000177383423,-0.06431344896554947,-0.00456845760345459,-9.795406341552734,0.0013131588930264115,-0.002506529912352562,-0.001261221943423152,,
1776227113.791792,2026-04-15T04:25:13.791792,normal_hover,03,47.3979704,8.5461631,2.4240000247955322,2.389000177383423,-0.06431344896554947,-0.00456845760345459,-9.795406341552734,0.0013131588930264115,-0.002506529912352562,-0.001261221943423152,,
1776227113.8931077,2026-04-15T04:25:13.893108,normal_hover,03,47.3979704,8.5461631,2.4240000247955322,2.389000177383423,-0.06431344896554947,-0.00456845760345459,-9.795406341552734,0.0013131588930264115,-0.002506529912352562,-0.001261221943423152,,
1776227113.997632,2026-04-15T04:25:13.997632,normal_hover,03,47.3979704,8.5461631,2.433000087738037,2.3970000743865967,-0.06919461488723755,-0.0038365942891687155,-9.686835289001465,0.00027828727615997195,-0.004661330487579107,-0.0003830934292636812,,
1776227114.099091,2026-04-15T04:25:14.099091,normal_hover,03,47.3979704,8.5461631,2.433000087738037,2.3970000743865967,-0.06919461488723755,-0.0038365942891687155,-9.686835289001465,0.00027828727615997195,-0.004661330487579107,-0.0003830934292636812,,
1776227114.2012322,2026-04-15T04:25:14.201232,normal_hover,03,47.3979704,8.5461631,2.433000087738037,2.3970000743865967,-0.06919461488723755,-0.0038365942891687155,-9.686835289001465,0.00027828727615997195,-0.004661330487579107,-0.0003830934292636812,,
1776227114.3028176,2026-04-15T04:25:14.302818,normal_hover,03,47.3979704,8.5461631,2.433000087738037,2.3970000743865967,-0.06919461488723755,-0.0038365942891687155,-9.686835289001465,0.00027828727615997195,-0.004661330487579107,-0.0003830934292636812,,
1776227114.4068623,2026-04-15T04:25:14.406862,normal_hover,03,47.3979704,8.5461631,2.433000087738037,2.3970000743865967,-0.06919461488723755,-0.0038365942891687155,-9.686835289001465,0.00027828727615997195,-0.004661330487579107,-0.0003830934292636812,,
1776227114.5090928,2026-04-15T04:25:14.509093,normal_hover,03,47.3979704,8.5461631,2.433000087738037,2.3970000743865967,-0.06919461488723755,-0.0038365942891687155,-9.686835289001465,0.00027828727615997195,-0.004661330487579107,-0.0003830934292636812,,
1776227114.6103892,2026-04-15T04:25:14.610389,normal_hover,03,47.3979704,8.5461631,2.433000087738037,2.3970000743865967,-0.06919461488723755,-0.0038365942891687155,-9.686835289001465,0.00027828727615997195,-0.004661330487579107,-0.0003830934292636812,,
1776227114.7130425,2026-04-15T04:25:14.713042,normal_hover,03,47.3979703,8.5461631,2.442000150680542,2.4060001373291016,-0.06587298959493637,-0.013194596394896507,-9.700507164001465,-0.0011580848367884755,-0.0007168083684518933,-0.0008876919746398926,,
1776227114.8221128,2026-04-15T04:25:14.822113,normal_hover,03,47.3979703,8.5461631,2.442000150680542,2.4060001373291016,-0.06587298959493637,-0.013194596394896507,-9.700507164001465,-0.0011580848367884755,-0.0007168083684518933,-0.0008876919746398926,,
1776227114.9305372,2026-04-15T04:25:14.930537,normal_hover,03,47.3979703,8.5461631,2.442000150680542,2.4060001373291016,-0.06587298959493637,-0.013194596394896507,-9.700507164001465,-0.0011580848367884755,-0.0007168083684518933,-0.0008876919746398926,,
1776227115.031942,2026-04-15T04:25:15.031942,normal_hover,03,47.3979703,8.5461631,2.442000150680542,2.4060001373291016,-0.06587298959493637,-0.013194596394896507,-9.700507164001465,-0.0011580848367884755,-0.0007168083684518933,-0.0008876919746398926,,
1776227115.133846,2026-04-15T04:25:15.133846,normal_hover,03,47.3979703,8.5461631,2.442000150680542,2.4060001373291016,-0.06587298959493637,-0.013194596394896507,-9.700507164001465,-0.0011580848367884755,-0.0007168083684518933,-0.0008876919746398926,,
1776227115.2357802,2026-04-15T04:25:15.235780,normal_hover,03,47.3979703,8.5461631,2.442000150680542,2.4060001373291016,-0.06587298959493637,-0.013194596394896507,-9.700507164001465,-0.0011580848367884755,-0.0007168083684518933,-0.0008876919746398926,,
1776227115.3401856,2026-04-15T04:25:15.340186,normal_hover,03,47.3979703,8.5461631,2.442000150680542,2.4060001373291016,-0.06587298959493637,-0.013194596394896507,-9.700507164001465,-0.0011580848367884755,-0.0007168083684518933,-0.0008876919746398926,,
1776227115.4434755,2026-04-15T04:25:15.443475,normal_hover,03,47.3979703,8.5461631,2.450000047683716,2.4150002002716064,-0.07318615168333054,-0.010015472769737244,-9.715550422668457,-0.0006340768886730075,-0.001529586617834866,0.0008445929852314293,,
1776227115.5452018,2026-04-15T04:25:15.545202,normal_hover,03,47.3979703,8.5461631,2.450000047683716,2.4150002002716064,-0.07318615168333054,-0.010015472769737244,-9.715550422668457,-0.0006340768886730075,-0.001529586617834866,0.0008445929852314293,,
1776227115.6510806,2026-04-15T04:25:15.651081,normal_hover,03,47.3979703,8.5461631,2.450000047683716,2.4150002002716064,-0.07318615168333054,-0.010015472769737244,-9.715550422668457,-0.0006340768886730075,-0.001529586617834866,0.0008445929852314293,,
1776227115.7523277,2026-04-15T04:25:15.752328,normal_hover,03,47.3979703,8.5461631,2.450000047683716,2.4150002002716064,-0.07318615168333054,-0.010015472769737244,-9.715550422668457,-0.0006340768886730075,-0.001529586617834866,0.0008445929852314293,,
1776227115.8542233,2026-04-15T04:25:15.854223,normal_hover,03,47.3979703,8.5461631,2.450000047683716,2.4150002002716064,-0.07318615168333054,-0.010015472769737244,-9.715550422668457,-0.0006340768886730075,-0.001529586617834866,0.0008445929852314293,,
1776227115.9563637,2026-04-15T04:25:15.956364,normal_hover,03,47.3979703,8.5461631,2.450000047683716,2.4150002002716064,-0.07318615168333054,-0.010015472769737244,-9.715550422668457,-0.0006340768886730075,-0.001529586617834866,0.0008445929852314293,,
1776227116.0621564,2026-04-15T04:25:16.062156,normal_hover,03,47.3979703,8.5461631,2.4580001831054688,2.4230000972747803,-0.0712481290102005,-0.01761382818222046,-9.736538887023926,0.001141514629125595,0.002341368468478322,-0.0012181854108348489,,
1776227116.1638613,2026-04-15T04:25:16.163861,normal_hover,03,47.3979703,8.5461631,2.4580001831054688,2.4230000972747803,-0.0712481290102005,-0.01761382818222046,-9.736538887023926,0.001141514629125595,0.002341368468478322,-0.0012181854108348489,,
1776227116.264916,2026-04-15T04:25:16.264916,normal_hover,03,47.3979703,8.5461631,2.4580001831054688,2.4230000972747803,-0.0712481290102005,-0.01761382818222046,-9.736538887023926,0.001141514629125595,0.002341368468478322,-0.0012181854108348489,,
1776227116.3677156,2026-04-15T04:25:16.367716,normal_hover,03,47.3979703,8.5461631,2.4580001831054688,2.4230000972747803,-0.0712481290102005,-0.01761382818222046,-9.736538887023926,0.001141514629125595,0.002341368468478322,-0.0012181854108348489,,
1776227116.4700913,2026-04-15T04:25:16.470091,normal_hover,03,47.3979703,8.5461631,2.4580001831054688,2.4230000972747803,-0.0712481290102005,-0.01761382818222046,-9.736538887023926,0.001141514629125595,0.002341368468478322,-0.0012181854108348489,,
