timestamp_unix_s,timestamp_iso,scenario,run_id,lat_deg,lon_deg,abs_alt_m,rel_alt_m,vel_n_m_s,vel_e_m_s,vel_d_m_s,accel_x_mps2,accel_y_mps2,accel_z_mps2,gyro_x_rps,gyro_y_rps,gyro_z_rps,battery_remaining_pct,battery_voltage_v
1776227697.7720838,2026-04-15T04:34:57.772084,normal_square,03,47.397970099999995,8.5461628,0.23600001633167267,0.03800000250339508,0.0,0.009999999776482582,-0.04999999701976776,-0.058056749403476715,-0.007552895694971085,-9.762738227844238,-9.368696191813797e-05,-0.0010608211159706116,0.0006120260804891586,,
1776227697.8749633,2026-04-15T04:34:57.874963,normal_square,03,47.397970099999995,8.5461628,0.2370000183582306,0.039000000804662704,0.0,0.009999999776482582,-0.05999999865889549,-0.06375183165073395,-0.0011195605620741844,-9.757856369018555,-0.001680349581874907,-0.00043070001993328333,-8.81576124811545e-06,,
1776227697.9757745,2026-04-15T04:34:57.975775,normal_square,03,47.397970099999995,8.5461628,0.23800000548362732,0.04000000283122063,0.0,0.009999999776482582,-0.05999999865889549,-0.058867864310741425,-0.012710673734545708,-9.753633499145508,-0.00011432023893576115,-0.00016957434127107263,4.3831521907122806e-05,,
1776227698.0798693,2026-04-15T04:34:58.079869,normal_square,03,47.397970099999995,8.5461628,0.24000000953674316,0.04100000113248825,0.0,0.009999999776482582,-0.05999999865889549,-0.058867864310741425,-0.012710673734545708,-9.753633499145508,-0.00011432023893576115,-0.00016957434127107263,4.3831521907122806e-05,,
1776227698.18338,2026-04-15T04:34:58.183380,normal_square,03,47.397970099999995,8.5461628,0.24000000953674316,0.04100000113248825,0.0,0.009999999776482582,-0.05999999865889549,-0.06170475855469704,-0.0017996851820498705,-9.759860038757324,-0.0006873998790979385,-0.00030760435038246214,-0.0008123136358335614,,
1776227698.2868912,2026-04-15T04:34:58.286891,normal_square,03,47.397970099999995,8.5461628,0.24000000953674316,0.04200000315904617,0.0,0.009999999776482582,-0.05999999865889549,-0.06429517269134521,-0.004692127928137779,-9.766926765441895,0.0008448571315966547,0.00044546753633767366,0.0007398026064038277,,
1776227698.3889713,2026-04-15T04:34:58.388971,normal_square,03,47.397970099999995,8.5461628,0.24300001561641693,0.04400000348687172,0.0,0.009999999776482582,-0.05999999865889549,-0.0672917366027832,-0.008001621812582016,-9.75964069366455,0.00042404790292494,-7.534982432844117e-05,-0.0013192039914429188,,
1776227698.4951358,2026-04-15T04:34:58.495136,normal_square,03,47.397970199999996,8.5461628,0.24400001764297485,0.046000003814697266,0.0,0.009999999776482582,-0.05999999865889549,-0.05812184140086174,-0.007770610973238945,-9.764253616333008,0.0005296929157339036,-0.0013552552554756403,-0.0004540135560091585,,
1776227698.5980172,2026-04-15T04:34:58.598017,normal_square,03,47.397970199999996,8.5461628,0.24500000476837158,0.04700000211596489,0.0,0.009999999776482582,-0.05999999865889549,-0.07244805246591568,-0.0023615017998963594,-9.760409355163574,0.0013177350629121065,-6.204730016179383e-05,0.001449095318093896,,
1776227698.7009914,2026-04-15T04:34:58.700991,normal_square,03,47.397970199999996,8.5461628,0.24700000882148743,0.049000002443790436,0.0,0.009999999776482582,-0.07000000029802322,-0.05645069479942322,-0.002783974399790168,-9.756693840026855,0.00015409609477501363,0.0014998690458014607,9.49312379816547e-05,,
1776227698.8016577,2026-04-15T04:34:58.801658,normal_square,03,47.397970199999996,8.5461628,0.24800001084804535,0.05000000074505806,0.0,0.009999999776482582,-0.07000000029802322,-0.057880949229002,-0.0019911399576812983,-9.761290550231934,0.0007809014641679823,-5.495388541021384e-05,0.0005403097602538764,,
1776227698.9037676,2026-04-15T04:34:58.903768,normal_square,03,47.397970199999996,8.5461628,0.25,0.052000001072883606,0.0,0.009999999776482582,-0.07000000029802322,-0.06290260702371597,-0.010650429874658585,-9.764603614807129,-0.0003469072689767927,0.0007291285437531769,6.825372111052275e-05,,
1776227699.0059726,2026-04-15T04:34:59.005973,normal_square,03,47.397970199999996,8.5461628,0.2510000169277191,0.05300000309944153,0.0,0.009999999776482582,-0.07000000029802322,-0.06570545583963394,-0.010588650591671467,-9.759366989135742,-0.0005639615119434893,0.00032531272154301405,0.0010863668285310268,,
1776227699.1096902,2026-04-15T04:34:59.109690,normal_square,03,47.397970199999996,8.5461628,0.25300002098083496,0.055000003427267075,0.0,0.009999999776482582,-0.07000000029802322,-0.06159568205475807,-0.004826475866138935,-9.764945983886719,-0.0004674127558246255,-0.0002582864253781736,-0.00010632371413521469,,
1776227699.2147832,2026-04-15T04:34:59.214783,normal_square,03,47.397970199999996,8.5461628,0.2540000081062317,0.0560000017285347,0.0,0.009999999776482582,-0.07000000029802322,-0.05900944024324417,-0.007993419654667377,-9.751358032226562,-0.000508999393787235,-0.0011862131068482995,0.00014437442587222904,,
1776227699.3174582,2026-04-15T04:34:59.317458,normal_square,03,47.3979703,8.5461628,0.25699999928474426,0.058000002056360245,0.0,0.009999999776482582,-0.05999999865889549,-0.06202924624085426,0.0016196181531995535,-9.7618408203125,0.0007974366890266538,0.00018695069593377411,-0.0011271341936662793,,
1776227699.4313934,2026-04-15T04:34:59.431393,normal_square,03,47.3979703,8.5461628,0.2580000162124634,0.06000000238418579,0.009999999776482582,0.009999999776482582,-0.05999999865889549,-0.06399703025817871,-0.008470254950225353,-9.76425838470459,-0.0007159658125601709,-0.0013328504282981157,3.522934639477171e-05,,
1776227699.5393813,2026-04-15T04:34:59.539381,normal_square,03,47.3979703,8.5461628,0.2590000033378601,0.06100000441074371,0.009999999776482582,0.009999999776482582,-0.05999999865889549,-0.07380320131778717,-0.009393168613314629,-9.765606880187988,0.00018748402362689376,0.000686921295709908,-0.00010045622184406966,,
1776227699.6477704,2026-04-15T04:34:59.647770,normal_square,03,47.3979703,8.5461628,0.2600000202655792,0.06200000271201134,0.009999999776482582,0.009999999776482582,-0.05999999865889549,-0.061723846942186356,-0.0017454077024012804,-9.761231422424316,-0.0005919686518609524,-0.00018679641652852297,-0.0007499778876081109,,
1776227699.7498667,2026-04-15T04:34:59.749867,normal_square,03,47.3979703,8.5461628,0.26100000739097595,0.06300000101327896,0.009999999776482582,0.009999999776482582,-0.05999999865889549,-0.07256360352039337,-0.010319343768060207,-9.759535789489746,-2.5187193386955187e-05,-2.989886525028851e-05,-4.544719558907673e-05,,
1776227699.8578308,2026-04-15T04:34:59.857831,normal_square,03,47.3979703,8.5461628,0.26100000739097595,0.06300000101327896,0.009999999776482582,0.009999999776482582,-0.05999999865889549,-0.07256360352039337,-0.010319343768060207,-9.759535789489746,-2.5187193386955187e-05,-2.989886525028851e-05,-4.544719558907673e-05,,
1776227699.9619215,2026-04-15T04:34:59.961921,normal_square,03,47.3979703,8.5461628,0.26200002431869507,0.06400000303983688,0.009999999776482582,0.009999999776482582,-0.05999999865889549,-0.05765669420361519,-0.004596014507114887,-9.764740943908691,0.0010079113999381661,0.0009858786361292005,0.0003416117397136986,,
1776227700.0709715,2026-04-15T04:35:00.070971,normal_square,03,47.3979703,8.5461628,0.26200002431869507,0.06400000303983688,0.009999999776482582,0.009999999776482582,-0.05999999865889549,-0.05765669420361519,-0.004596014507114887,-9.764740943908691,0.0010079113999381661,0.0009858786361292005,0.0003416117397136986,,
1776227700.1718402,2026-04-15T04:35:00.171840,normal_square,03,47.3979703,8.5461628,0.26200002431869507,0.06400000303983688,0.009999999776482582,0.009999999776482582,-0.05999999865889549,-0.05765669420361519,-0.004596014507114887,-9.764740943908691,0.0010079113999381661,0.0009858786361292005,0.0003416117397136986,,
1776227700.2729282,2026-04-15T04:35:00.272928,normal_square,03,47.3979703,8.5461628,0.26500001549720764,0.06700000166893005,0.009999999776482582,0.009999999776482582,-0.05999999865889549,-0.06197887286543846,-0.002677573123946786,-9.764754295349121,-7.313313835766166e-05,7.160897075664252e-05,-0.0013042850187048316,,
1776227700.3748295,2026-04-15T04:35:00.374830,normal_square,03,47.3979703,8.5461628,0.26600000262260437,0.06800000369548798,0.009999999776482582,0.009999999776482582,-0.05999999865889549,-0.06923013180494308,-0.01173341553658247,-9.7535982131958,-9.327186489827e-06,0.00022000342141836882,0.000569627620279789,,
1776227700.4779599,2026-04-15T04:35:00.477960,normal_square,03,47.3979703,8.5461628,0.26600000262260437,0.06800000369548798,0.009999999776482582,0.009999999776482582,-0.05999999865889549,-0.0608469657599926,-0.0051539596170187,-9.757084846496582,-0.000278168183285743,-0.00012311952013988048,0.0007446056115441024,,
1776227700.5832496,2026-04-15T04:35:00.583250,normal_square,03,47.3979703,8.5461628,0.2670000195503235,0.0690000057220459,0.009999999776482582,0.009999999776482582,-0.05999999865889549,-0.06499294936656952,-0.002638492500409484,-9.75515079498291,0.00046430923976004124,0.0005522208521142602,-6.922282773302868e-05,,
1776227700.6865637,2026-04-15T04:35:00.686564,normal_square,03,47.3979703,8.5461628,0.2680000066757202,0.0690000057220459,0.009999999776482582,0.009999999776482582,-0.05999999865889549,-0.07233043015003204,-0.008960103616118431,-9.76452922821045,0.00017658263095654547,-0.0007838165620341897,0.0004916394827887416,,
1776227700.804203,2026-04-15T04:35:00.804203,normal_square,03,47.3979704,8.5461628,0.2710000276565552,0.07300000637769699,0.009999999776482582,0.009999999776482582,-0.04999999701976776,-0.06699281185865402,-0.007360825315117836,-9.759378433227539,9.209901327267289e-05,-0.0005292728892527521,0.0007340553565882146,,
1776227700.9098341,2026-04-15T04:35:00.909834,normal_square,03,47.3979704,8.5461628,0.2710000276565552,0.07300000637769699,0.009999999776482582,0.009999999776482582,-0.04999999701976776,-0.06139801815152168,-0.0065754614770412445,-9.765726089477539,-0.00043553265277296305,-9.937232243828475e-05,-0.00015883680316619575,,
1776227701.0121102,2026-04-15T04:35:01.012110,normal_square,03,47.3979704,8.5461627,0.2720000147819519,0.07400000095367432,0.009999999776482582,0.009999999776482582,-0.04999999701976776,-0.06079929322004318,0.0023520614486187696,-9.75794506072998,-0.00042464971193112433,0.0003745272697415203,-0.0016904505901038647,,
1776227701.1156833,2026-04-15T04:35:01.115683,normal_square,03,47.3979704,8.5461627,0.2720000147819519,0.07400000095367432,0.009999999776482582,0.009999999776482582,-0.04999999701976776,-0.07212692499160767,-0.008980700746178627,-9.757436752319336,0.00010632769408402964,-0.00020930980099365115,0.0002711658598855138,,
1776227701.216913,2026-04-15T04:35:01.216913,normal_square,03,47.3979704,8.5461627,0.27300000190734863,0.07400000095367432,0.009999999776482582,0.009999999776482582,-0.04999999701976776,-0.07078084349632263,-0.006638937629759312,-9.761460304260254,-0.0002979449345730245,0.0005948256584815681,0.0003196996985934675,,
1776227701.3179493,2026-04-15T04:35:01.317949,normal_square,03,47.3979704,8.5461627,0.27300000190734863,0.07500000298023224,0.009999999776482582,0.0,-0.03999999910593033,-0.06243756413459778,0.006266077049076557,-9.746159553527832,0.00020871736342087388,0.00017179030692204833,-0.0006552040576934814,,
1776227701.4197428,2026-04-15T04:35:01.419743,normal_square,03,47.3979704,8.5461627,0.27400001883506775,0.07500000298023224,0.009999999776482582,0.0,-0.03999999910593033,-0.06478535383939743,0.0005412534810602665,-9.762524604797363,0.0004141169192735106,5.49919277545996e-05,-0.0003837734111584723,,
1776227701.5208514,2026-04-15T04:35:01.520851,normal_square,03,47.3979704,8.5461627,0.27400001883506775,0.07600000500679016,0.009999999776482582,0.0,-0.03999999910593033,-0.05812912806868553,-0.008680550381541252,-9.755372047424316,0.0010693772928789258,-0.0005058698588982224,0.0004319771542213857,,
1776227701.6236274,2026-04-15T04:35:01.623627,normal_square,03,47.3979704,8.5461627,0.27400001883506775,0.07600000500679016,0.009999999776482582,0.0,-0.03999999910593033,-0.0573611781001091,-0.013922574929893017,-9.767644882202148,-8.951264317147434e-05,-0.0005216380232013762,-0.0015675682807341218,,
1776227701.7251813,2026-04-15T04:35:01.725181,normal_square,03,47.3979704,8.5461627,0.27400001883506775,0.07600000500679016,0.009999999776482582,0.0,-0.03999999910593033,-0.07017219066619873,-0.007819531485438347,-9.757266998291016,0.00011125984747195616,0.00097027508309111,0.0006892294622957706,,
1776227701.8472724,2026-04-15T04:35:01.847272,normal_square,03,47.3979704,8.546162599999999,0.27400001883506775,0.07600000500679016,0.009999999776482582,0.0,-0.029999999329447746,-0.06163967400789261,-0.005296869203448296,-9.761580467224121,-0.0009703155374154449,-0.0015564109198749065,0.0008710677502676845,,
1776227701.949293,2026-04-15T04:35:01.949293,normal_square,03,47.3979704,8.546162599999999,0.27400001883506775,0.07600000500679016,0.009999999776482582,0.0,-0.029999999329447746,-0.059050798416137695,-0.004129284992814064,-9.758502960205078,-0.00022137915948405862,-0.0003761900297831744,-0.0006459046853706241,,
1776227702.0524054,2026-04-15T04:35:02.052405,normal_square,03,47.3979704,8.546162599999999,0.27400001883506775,0.07600000500679016,0.009999999776482582,0.0,-0.029999999329447746,-0.05747999995946884,-0.007074354216456413,-9.759330749511719,0.00019212771439924836,-0.0003838692500721663,-0.0009714174666441977,,
1776227702.1570845,2026-04-15T04:35:02.157084,normal_square,03,47.3979704,8.546162599999999,0.27400001883506775,0.07500000298023224,0.009999999776482582,0.0,-0.029999999329447746,-0.06678365170955658,-0.0036946272011846304,-9.75894832611084,0.0004861499182879925,-0.00014468986773863435,2.698042953852564e-05,,
1776227702.259067,2026-04-15T04:35:02.259067,normal_square,03,47.3979704,8.546162599999999,0.27300000190734863,0.07500000298023224,0.009999999776482582,0.0,-0.029999999329447746,-0.06390253454446793,-0.009147195145487785,-9.761270523071289,0.00012464146129786968,-0.0008010474848560989,0.0009638244519010186,,
1776227702.3622198,2026-04-15T04:35:02.362220,normal_square,03,47.3979704,8.546162599999999,0.27300000190734863,0.07500000298023224,0.009999999776482582,0.0,-0.029999999329447746,-0.06317779421806335,-0.007464536465704441,-9.761470794677734,0.0011243048356845975,0.00011238054867135361,0.000747309357393533,,
1776227702.464686,2026-04-15T04:35:02.464686,normal_square,03,47.3979704,8.546162599999999,0.27300000190734863,0.07500000298023224,0.009999999776482582,0.0,-0.019999999552965164,-0.057672251015901566,-0.005912759341299534,-9.768888473510742,0.0004603354027494788,-0.0011815279722213745,0.00013297471741680056,,
1776227702.5659163,2026-04-15T04:35:02.565916,normal_square,03,47.3979704,8.546162599999999,0.27300000190734863,0.07500000298023224,0.009999999776482582,0.0,-0.019999999552965164,-0.07367999851703644,-0.01442160177975893,-9.758138656616211,0.0002594952820800245,-0.0012142321793362498,0.000604821543674916,,
1776227702.6734843,2026-04-15T04:35:02.673484,normal_square,03,47.3979704,8.546162599999999,0.2720000147819519,0.07400000095367432,0.009999999776482582,0.0,-0.019999999552965164,-0.06240968406200409,-0.006401712074875832,-9.756904602050781,-0.000755740562453866,0.0004152895708102733,-0.0003640006761997938,,
1776227702.7824821,2026-04-15T04:35:02.782482,normal_square,03,47.3979704,8.546162599999999,0.2710000276565552,0.07300000637769699,0.009999999776482582,0.0,-0.019999999552965164,-0.06682202219963074,0.002218552865087986,-9.763107299804688,-0.00046130246482789516,0.0003840114804916084,0.0005808902787975967,,
1776227702.8877573,2026-04-15T04:35:02.887757,normal_square,03,47.3979704,8.546162599999999,0.2710000276565552,0.07300000637769699,0.009999999776482582,0.0,-0.009999999776482582,-0.06980164349079132,-0.006645919755101204,-9.760364532470703,-0.001655167550779879,0.0003991737903561443,0.00028241361724212766,,
1776227702.9895277,2026-04-15T04:35:02.989528,normal_square,03,47.3979704,8.546162599999999,0.27000001072883606,0.07200000435113907,0.009999999776482582,0.0,-0.009999999776482582,-0.05966741591691971,-0.005332195200026035,-9.758974075317383,-7.001235644565895e-05,-0.00011158335109939799,0.0004263651790097356,,
1776227703.0939226,2026-04-15T04:35:03.093923,normal_square,03,47.3979704,8.5461625,0.26900002360343933,0.07100000232458115,0.009999999776482582,0.0,-0.009999999776482582,-0.06092709302902222,-0.0076546622440218925,-9.764420509338379,-0.00021295776241458952,-0.0004445197118911892,0.0002776075853034854,,
1776227703.1980197,2026-04-15T04:35:03.198020,normal_square,03,47.3979704,8.5461625,0.2680000066757202,0.07000000029802322,0.009999999776482582,0.0,-0.009999999776482582,-0.06054870784282684,-0.01011132262647152,-9.771404266357422,-0.0009552249102853239,-0.0004222281859256327,0.00023902936663944274,,
1776227703.3028524,2026-04-15T04:35:03.302852,normal_square,03,47.3979704,8.5461625,0.2670000195503235,0.0690000057220459,0.009999999776482582,0.0,-0.009999999776482582,-0.060614101588726044,-0.012729393318295479,-9.762615203857422,5.825293919770047e-05,9.364447760162875e-05,-0.0007865313673391938,,
1776227703.4061837,2026-04-15T04:35:03.406184,normal_square,03,47.3979705,8.5461625,0.2670000195503235,0.06800000369548798,0.009999999776482582,0.0,-0.019999999552965164,-0.06639549881219864,-0.0105381915345788,-9.764842987060547,0.0006033183308318257,-0.0003723691334016621,0.0005315829184837639,,
1776227703.510284,2026-04-15T04:35:03.510284,normal_square,03,47.3979705,8.5461625,0.26600000262260437,0.06800000369548798,0.009999999776482582,0.0,-0.019999999552965164,-0.057038694620132446,-0.008721762336790562,-9.763550758361816,-0.00027898390544578433,0.0006186433602124453,-0.0006090259412303567,,
1776227703.6116376,2026-04-15T04:35:03.611638,normal_square,03,47.3979705,8.5461625,0.26600000262260437,0.06800000369548798,0.009999999776482582,0.0,-0.019999999552965164,-0.06614378094673157,-0.006766391918063164,-9.767021179199219,-0.0002229166275355965,0.0003487470094114542,0.0006573978462256491,,
1776227703.7178993,2026-04-15T04:35:03.717899,normal_square,03,47.3979705,8.5461625,0.26600000262260437,0.06800000369548798,0.009999999776482582,0.0,-0.019999999552965164,-0.06614378094673157,-0.006766391918063164,-9.767021179199219,-0.0002229166275355965,0.0003487470094114542,0.0006573978462256491,,
1776227703.8250587,2026-04-15T04:35:03.825059,normal_square,03,47.3979705,8.5461625,0.26600000262260437,0.06800000369548798,0.009999999776482582,0.0,-0.019999999552965164,-0.06071024388074875,-0.010496021248400211,-9.760721206665039,0.00042833067709580064,0.0009182893554680049,0.0002590264193713665,,
1776227703.9300056,2026-04-15T04:35:03.930006,normal_square,03,47.3979705,8.5461625,0.2670000195503235,0.06800000369548798,0.009999999776482582,0.0,-0.019999999552965164,-0.06394574791193008,0.0002571956720203161,-9.76414680480957,0.000491045939270407,0.00047566936700604856,0.0007242194260470569,,
1776227704.0367913,2026-04-15T04:35:04.036791,normal_square,03,47.3979705,8.5461625,0.2670000195503235,0.0690000057220459,0.009999999776482582,0.0,-0.019999999552965164,-0.056754156947135925,-0.004336311481893063,-9.753057479858398,-0.0001854084839578718,-0.0011394552420824766,-0.0002981234574690461,,
1776227704.142711,2026-04-15T04:35:04.142711,normal_square,03,47.3979705,8.5461625,0.2670000195503235,0.0690000057220459,0.009999999776482582,0.0,-0.019999999552965164,-0.06662902235984802,-0.0023461601231247187,-9.757301330566406,-0.0003535874711815268,0.0005626718048006296,0.0002518071560189128,,
1776227704.2704506,2026-04-15T04:35:04.270451,normal_square,03,47.3979705,8.5461625,0.2670000195503235,0.0690000057220459,0.009999999776482582,0.0,-0.019999999552965164,-0.06662902235984802,-0.0023461601231247187,-9.757301330566406,-0.0003535874711815268,0.0005626718048006296,0.0002518071560189128,,
1776227704.3728378,2026-04-15T04:35:04.372838,normal_square,03,47.3979705,8.5461625,0.2670000195503235,0.0690000057220459,0.009999999776482582,0.0,-0.019999999552965164,-0.06219731271266937,-0.009659146890044212,-9.753177642822266,-0.00015529626398347318,-0.0019314069068059325,0.0007186485454440117,,
1776227704.4758532,2026-04-15T04:35:04.475853,normal_square,03,47.3979705,8.5461625,0.2670000195503235,0.0690000057220459,0.009999999776482582,0.0,-0.019999999552965164,-0.06219731271266937,-0.009659146890044212,-9.753177642822266,-0.00015529626398347318,-0.0019314069068059325,0.0007186485454440117,,
1776227704.612869,2026-04-15T04:35:04.612869,normal_square,03,47.3979705,8.5461625,0.2670000195503235,0.0690000057220459,0.009999999776482582,0.0,-0.019999999552965164,-0.06219731271266937,-0.009659146890044212,-9.753177642822266,-0.00015529626398347318,-0.0019314069068059325,0.0007186485454440117,,
1776227704.7136788,2026-04-15T04:35:04.713679,normal_square,03,47.3979705,8.5461625,0.2670000195503235,0.0690000057220459,0.009999999776482582,0.0,-0.019999999552965164,-0.06796281784772873,-0.01091679371893406,-9.76504135131836,-0.00013193581253290176,-0.0009667922859080136,-0.0004840695473831147,,
1776227704.820899,2026-04-15T04:35:04.820899,normal_square,03,47.3979705,8.5461625,0.2670000195503235,0.0690000057220459,0.009999999776482582,0.0,-0.019999999552965164,-0.06520314514636993,-0.006461195647716522,-9.757383346557617,-0.0010038523469120264,8.375781180802733e-05,0.0007182146073319018,,
1776227704.9230428,2026-04-15T04:35:04.923043,normal_square,03,47.3979705,8.5461625,0.2670000195503235,0.0690000057220459,0.009999999776482582,0.0,-0.019999999552965164,-0.06552828103303909,-0.008749780245125294,-9.75717830657959,-0.0002426501305308193,0.0001758056750986725,-0.0003275224007666111,,
1776227705.0265415,2026-04-15T04:35:05.026541,normal_square,03,47.3979705,8.5461625,0.2670000195503235,0.0690000057220459,0.009999999776482582,0.0,-0.019999999552965164,-0.057843174785375595,-0.00781291164457798,-9.757735252380371,-3.3884844015119597e-06,-0.0001567163853906095,-0.0004184506833553314,,
1776227705.1302595,2026-04-15T04:35:05.130260,normal_square,03,47.3979705,8.5461625,0.2670000195503235,0.0690000057220459,0.009999999776482582,0.0,-0.019999999552965164,-0.0701216384768486,-0.010209990665316582,-9.745035171508789,-7.882002682890743e-05,-0.0008162840967997909,-0.0005703348433598876,,
1776227705.2350905,2026-04-15T04:35:05.235090,normal_square,03,47.3979705,8.5461625,0.2670000195503235,0.0690000057220459,0.009999999776482582,0.0,-0.019999999552965164,-0.0701216384768486,-0.010209990665316582,-9.745035171508789,-7.882002682890743e-05,-0.0008162840967997909,-0.0005703348433598876,,
1776227705.339544,2026-04-15T04:35:05.339544,normal_square,03,47.3979705,8.5461625,0.2670000195503235,0.0690000057220459,0.009999999776482582,0.0,-0.019999999552965164,-0.06857795268297195,-0.006067350506782532,-9.753656387329102,0.0011615122202783823,-0.00076118647120893,0.0009649384301155806,,
1776227705.4531672,2026-04-15T04:35:05.453167,normal_square,03,47.3979705,8.5461625,0.2670000195503235,0.0690000057220459,0.009999999776482582,0.0,-0.019999999552965164,-0.06874633580446243,-4.6955421566963196e-05,-9.760504722595215,0.00022106501273810863,6.198427581693977e-05,3.014647154486738e-05,,
1776227705.5555842,2026-04-15T04:35:05.555584,normal_square,03,47.3979705,8.5461625,0.2670000195503235,0.0690000057220459,0.009999999776482582,0.0,-0.019999999552965164,-0.06299012154340744,-0.010401779785752296,-9.756831169128418,-0.0006163602229207754,0.00036799864028580487,-0.0008051019394770265,98.0,16.143001556396484
1776227705.6582372,2026-04-15T04:35:05.658237,normal_square,03,47.3979705,8.5461625,0.2670000195503235,0.0690000057220459,0.009999999776482582,0.0,-0.019999999552965164,-0.06299012154340744,-0.010401779785752296,-9.756831169128418,-0.0006163602229207754,0.00036799864028580487,-0.0008051019394770265,98.0,16.143001556396484
1776227705.760922,2026-04-15T04:35:05.760922,normal_square,03,47.3979705,8.5461625,0.2670000195503235,0.0690000057220459,0.009999999776482582,0.0,-0.019999999552965164,-0.06374411284923553,-0.011475775390863419,-9.756964683532715,-0.0003818958648480475,0.000350896647432819,0.0005904546706005931,98.0,16.143001556396484
1776227705.8650079,2026-04-15T04:35:05.865008,normal_square,03,47.3979705,8.5461625,0.2670000195503235,0.0690000057220459,0.009999999776482582,0.0,-0.019999999552965164,-0.07389548420906067,-0.010964923538267612,-9.756924629211426,-0.00016405264614149928,-0.00030473872902803123,-0.0008175917901098728,98.0,16.143001556396484
1776227705.9692528,2026-04-15T04:35:05.969253,normal_square,03,47.3979705,8.5461625,0.2670000195503235,0.06800000369548798,0.009999999776482582,0.0,-0.019999999552965164,-0.05652535334229469,-0.0061467234045267105,-9.759407043457031,0.0005877368967048824,0.0009366416488774121,-0.0006906028720550239,98.0,16.143001556396484
1776227706.078566,2026-04-15T04:35:06.078566,normal_square,03,47.3979705,8.5461625,0.26600000262260437,0.06800000369548798,0.009999999776482582,0.0,-0.009999999776482582,-0.06015773117542267,-0.00656480249017477,-9.759093284606934,0.00010215058136964217,-0.0003279908560216427,-0.0002979943237733096,98.0,16.143001556396484
1776227706.183998,2026-04-15T04:35:06.183998,normal_square,03,47.3979705,8.5461625,0.26600000262260437,0.06800000369548798,0.009999999776482582,0.0,-0.009999999776482582,-0.06161181628704071,-0.01404237374663353,-9.764923095703125,7.491998258046806e-05,-0.000573913857806474,-0.0010697165271267295,98.0,16.143001556396484
1776227706.2987447,2026-04-15T04:35:06.298745,normal_square,03,47.3979705,8.5461624,0.26600000262260437,0.06800000369548798,0.009999999776482582,0.0,-0.009999999776482582,-0.06295708566904068,-0.009859466925263405,-9.76511001586914,-0.0001896508620120585,0.0005847329739481211,-0.00077979447087273,98.0,16.143001556396484
1776227706.3997726,2026-04-15T04:35:06.399773,normal_square,03,47.3979705,8.5461624,0.26600000262260437,0.06800000369548798,0.009999999776482582,0.0,-0.009999999776482582,-0.06295708566904068,-0.009859466925263405,-9.76511001586914,-0.0001896508620120585,0.0005847329739481211,-0.00077979447087273,98.0,16.143001556396484
1776227706.5029404,2026-04-15T04:35:06.502940,normal_square,03,47.3979705,8.5461624,0.26600000262260437,0.06800000369548798,0.009999999776482582,0.0,-0.009999999776482582,-0.06211064010858536,-0.0060232896357774734,-9.75632095336914,-0.00027902761939913034,-0.00038801765185780823,-0.0011825219262391329,98.0,16.143001556396484
1776227706.6066809,2026-04-15T04:35:06.606681,normal_square,03,47.3979705,8.5461624,0.26500001549720764,0.06700000166893005,0.009999999776482582,0.0,-0.009999999776482582,-0.06707610189914703,-0.0011064985301345587,-9.756361961364746,0.0007549002766609192,-0.00026315118884667754,-0.0019079833291471004,98.0,16.143001556396484
1776227706.7103388,2026-04-15T04:35:06.710339,normal_square,03,47.3979705,8.5461624,0.26500001549720764,0.06700000166893005,0.009999999776482582,0.0,-0.009999999776482582,-0.06707610189914703,-0.0011064985301345587,-9.756361961364746,0.0007549002766609192,-0.00026315118884667754,-0.0019079833291471004,98.0,16.143001556396484
1776227706.8120978,2026-04-15T04:35:06.812098,normal_square,03,47.3979705,8.5461624,0.26500001549720764,0.06700000166893005,0.009999999776482582,0.0,-0.009999999776482582,-0.061842598021030426,-0.007467932999134064,-9.757997512817383,0.0008395962067879736,-0.00021889948402531445,0.0005015304777771235,98.0,16.143001556396484
1776227706.9138765,2026-04-15T04:35:06.913877,normal_square,03,47.3979705,8.5461624,0.2639999985694885,0.06599999964237213,0.009999999776482582,0.0,-0.009999999776482582,-0.05836860090494156,-0.011114634573459625,-9.768933296203613,-0.0004578592488542199,0.0017214607214555144,0.0006645345711149275,98.0,16.143001556396484
1776227707.0209825,2026-04-15T04:35:07.020983,normal_square,03,47.3979705,8.5461624,0.2639999985694885,0.06599999964237213,0.009999999776482582,0.0,-0.009999999776482582,-0.0587339848279953,-0.01544051244854927,-9.762901306152344,8.859278750605881e-06,-0.00018882914446294308,0.0002673313720151782,98.0,16.143001556396484
1776227707.123008,2026-04-15T04:35:07.123008,normal_square,03,47.3979705,8.5461624,0.2630000114440918,0.0650000050663948,0.009999999776482582,0.0,-0.009999999776482582,-0.06474988162517548,-0.009607753716409206,-9.75551986694336,0.0003754731151275337,-0.0004887673421762884,-0.0007660043193027377,98.0,16.143001556396484
1776227707.2249713,2026-04-15T04:35:07.224971,normal_square,03,47.3979705,8.5461624,0.2630000114440918,0.0650000050663948,0.009999999776482582,0.0,-0.009999999776482582,-0.06474988162517548,-0.009607753716409206,-9.75551986694336,0.0003754731151275337,-0.0004887673421762884,-0.0007660043193027377,98.0,16.143001556396484
1776227707.327918,2026-04-15T04:35:07.327918,normal_square,03,47.3979705,8.5461624,0.26200002431869507,0.06400000303983688,0.009999999776482582,0.0,0.0,-0.06718584150075912,-0.00025329296477138996,-9.761394500732422,0.0003244075633119792,-0.0004219029506202787,-0.00010347476927563548,98.0,16.143001556396484
1776227707.428814,2026-04-15T04:35:07.428814,normal_square,03,47.3979705,8.5461624,0.26200002431869507,0.06400000303983688,0.009999999776482582,0.0,0.0,-0.06718584150075912,-0.00025329296477138996,-9.761394500732422,0.0003244075633119792,-0.0004219029506202787,-0.00010347476927563548,98.0,16.143001556396484
1776227707.5318964,2026-04-15T04:35:07.531896,normal_square,03,47.3979705,8.5461624,0.26200002431869507,0.06400000303983688,0.009999999776482582,0.0,0.0,-0.06284262984991074,-0.010390219278633595,-9.761346817016602,-0.00010082058724947274,0.0014098800020292401,-0.0006573271239176393,98.0,16.143001556396484
1776227707.6519299,2026-04-15T04:35:07.651930,normal_square,03,47.3979705,8.5461624,0.26100000739097595,0.06300000101327896,0.009999999776482582,0.0,0.0,-0.06180575489997864,0.0017258556326851249,-9.75864028930664,0.0012519762385636568,0.0002770996652543545,0.0012065630871802568,98.0,16.143001556396484
1776227707.7674112,2026-04-15T04:35:07.767411,normal_square,03,47.3979705,8.5461624,0.26100000739097595,0.06300000101327896,0.009999999776482582,0.0,0.0,-0.06906145066022873,-0.010734088718891144,-9.762706756591797,-0.0005103616276755929,-0.0008786178659647703,-0.001092469203285873,98.0,16.143001556396484
1776227707.870111,2026-04-15T04:35:07.870111,normal_square,03,47.3979705,8.5461624,0.26100000739097595,0.06300000101327896,0.009999999776482582,0.0,0.0,-0.059210337698459625,-0.014825241640210152,-9.763259887695312,-0.0008902784320525825,-0.0006842251750640571,-0.0010368239600211382,98.0,16.143001556396484
1776227707.9744496,2026-04-15T04:35:07.974450,normal_square,03,47.3979705,8.5461624,0.2600000202655792,0.06200000271201134,0.009999999776482582,0.0,0.0,-0.06759707629680634,-0.007589421235024929,-9.764909744262695,-0.00021974655101075768,-0.0008188599022105336,-0.0005345122772268951,98.0,16.143001556396484
1776227708.089591,2026-04-15T04:35:08.089591,normal_square,03,47.3979705,8.5461624,0.2600000202655792,0.06100000441074371,0.009999999776482582,0.0,0.0,-0.06204366683959961,-0.009039215743541718,-9.76284408569336,0.0004429613472893834,4.039385021314956e-05,-0.00011997297406196594,98.0,16.143001556396484
1776227708.1921368,2026-04-15T04:35:08.192137,normal_square,03,47.3979705,8.5461624,0.2590000033378601,0.06100000441074371,0.009999999776482582,0.0,0.0,-0.06650146096944809,-0.01094726100564003,-9.762800216674805,0.0003514290729071945,0.0011403493117541075,-0.0006502722972072661,98.0,16.143001556396484
1776227708.2987108,2026-04-15T04:35:08.298711,normal_square,03,47.3979705,8.5461624,0.2590000033378601,0.06100000441074371,0.009999999776482582,0.0,0.0,-0.06538606435060501,-0.007265724241733551,-9.76347541809082,-0.000562625820748508,-0.00034914707066491246,-0.00034791353391483426,98.0,16.143001556396484
1776227708.4009356,2026-04-15T04:35:08.400936,normal_square,03,47.3979705,8.5461624,0.2590000033378601,0.06100000441074371,0.009999999776482582,0.0,0.0,-0.06538606435060501,-0.007265724241733551,-9.76347541809082,-0.000562625820748508,-0.00034914707066491246,-0.00034791353391483426,98.0,16.143001556396484
1776227708.5114067,2026-04-15T04:35:08.511407,normal_square,03,47.3979705,8.5461624,0.2580000162124634,0.06000000238418579,0.009999999776482582,0.0,0.0,-0.06232510507106781,-0.00980367511510849,-9.758688926696777,-0.0001763849868439138,-0.00015480758156627417,0.0002650975075084716,98.0,16.143001556396484
1776227708.6128466,2026-04-15T04:35:08.612847,normal_square,03,47.3979705,8.5461624,0.2580000162124634,0.06000000238418579,0.009999999776482582,0.0,0.0,-0.06232510507106781,-0.00980367511510849,-9.758688926696777,-0.0001763849868439138,-0.00015480758156627417,0.0002650975075084716,98.0,16.143001556396484
1776227708.7146568,2026-04-15T04:35:08.714657,normal_square,03,47.3979705,8.5461624,0.2580000162124634,0.06000000238418579,0.009999999776482582,0.0,0.0,-0.06232510507106781,-0.00980367511510849,-9.758688926696777,-0.0001763849868439138,-0.00015480758156627417,0.0002650975075084716,98.0,16.143001556396484
1776227708.8160303,2026-04-15T04:35:08.816030,normal_square,03,47.3979706,8.5461624,0.25699999928474426,0.05900000408291817,0.009999999776482582,0.0,0.0,-0.06338038295507431,-0.0044500939548015594,-9.75326919555664,-0.0015767216682434082,-0.00036847920273430645,0.0001936612097779289,98.0,16.143001556396484
1776227708.9186895,2026-04-15T04:35:08.918689,normal_square,03,47.3979706,8.5461624,0.25699999928474426,0.058000002056360245,0.009999999776482582,0.0,0.0,-0.060954004526138306,-0.005696904845535755,-9.759393692016602,0.00022312250803224742,0.0002988002961501479,-0.00036387963336892426,98.0,16.143001556396484
1776227709.0226824,2026-04-15T04:35:09.022682,normal_square,03,47.3979706,8.5461624,0.25600001215934753,0.058000002056360245,0.009999999776482582,0.0,0.0,-0.06101434677839279,-0.004793453961610794,-9.764625549316406,-0.0003612179134506732,-0.00011697271838784218,6.51018854114227e-06,98.0,16.143001556396484
1776227709.1367002,2026-04-15T04:35:09.136700,normal_square,03,47.3979706,8.5461624,0.2550000250339508,0.05700000375509262,0.009999999776482582,0.0,0.009999999776482582,-0.06869611144065857,-0.010509581305086613,-9.757491111755371,0.00019222052651457489,-0.0002310223353561014,-0.00124689273070544,98.0,16.143001556396484
1776227709.2406251,2026-04-15T04:35:09.240625,normal_square,03,47.3979706,8.5461624,0.2550000250339508,0.05700000375509262,0.009999999776482582,0.0,0.009999999776482582,-0.06869611144065857,-0.010509581305086613,-9.757491111755371,0.00019222052651457489,-0.0002310223353561014,-0.00124689273070544,98.0,16.143001556396484
1776227709.3478794,2026-04-15T04:35:09.347879,normal_square,03,47.3979706,8.5461624,0.2540000081062317,0.0560000017285347,0.009999999776482582,0.0,0.009999999776482582,-0.06442983448505402,-0.005875866860151291,-9.758780479431152,-0.0006401814753189683,-7.935598841868341e-05,-0.0004342075262684375,98.0,16.143001556396484
1776227709.4487803,2026-04-15T04:35:09.448780,normal_square,03,47.3979706,8.5461624,0.2540000081062317,0.055000003427267075,0.009999999776482582,0.0,0.009999999776482582,-0.06310795992612839,-0.013497745618224144,-9.755514144897461,-0.0005903444834984839,0.00039628916420042515,0.0007664953591302037,98.0,16.143001556396484
1776227709.5509908,2026-04-15T04:35:09.550991,normal_square,03,47.3979706,8.5461624,0.25300002098083496,0.055000003427267075,0.009999999776482582,0.0,0.009999999776482582,-0.06820163130760193,-0.005551451817154884,-9.762436866760254,-0.00015044512110762298,0.000996674643829465,-0.0003102005575783551,98.0,16.143001556396484
1776227709.652183,2026-04-15T04:35:09.652183,normal_square,03,47.3979706,8.5461624,0.25200000405311584,0.05400000140070915,0.009999999776482582,0.0,0.009999999776482582,-0.06301476806402206,-0.0017438160721212626,-9.76538372039795,-7.995066698640585e-05,-0.00019930253620259464,-0.0001455360761610791,98.0,16.143001556396484
1776227709.7536616,2026-04-15T04:35:09.753662,normal_square,03,47.3979706,8.5461624,0.2510000169277191,0.05300000309944153,0.009999999776482582,0.0,0.009999999776482582,-0.06123819947242737,-0.009951258078217506,-9.759132385253906,0.0006855024839751422,0.0009287144639529288,-0.000663147249724716,98.0,16.143001556396484
1776227709.855306,2026-04-15T04:35:09.855306,normal_square,03,47.3979706,8.5461624,0.25,0.052000001072883606,0.009999999776482582,0.0,0.009999999776482582,-0.06332360953092575,-0.002272689947858453,-9.754796981811523,-8.91928284545429e-05,-0.00012416570098139346,-1.0928717529168352e-05,98.0,16.143001556396484
1776227709.9587522,2026-04-15T04:35:09.958752,normal_square,03,47.3979706,8.5461624,0.24900001287460327,0.05100000277161598,0.009999999776482582,0.0,0.009999999776482582,-0.07038639485836029,-0.015318423509597778,-9.762537002563477,0.00026866880943998694,-0.0006160108605399728,0.0009001904400065541,98.0,16.143001556396484
1776227710.0865266,2026-04-15T04:35:10.086527,normal_square,03,47.3979706,8.5461624,0.24700000882148743,0.049000002443790436,0.009999999776482582,0.0,0.019999999552965164,-0.07101839035749435,0.00034021330066025257,-9.760601997375488,-0.00010736600961536169,-0.00027309951838105917,0.0004191295593045652,98.0,16.143001556396484
1776227710.1901052,2026-04-15T04:35:10.190105,normal_square,03,47.3979706,8.5461624,0.24700000882148743,0.049000002443790436,0.009999999776482582,0.0,0.019999999552965164,-0.06519405543804169,-0.00783492624759674,-9.758620262145996,-0.00013020436745136976,-0.0006655695615336299,9.007775952341035e-05,98.0,16.143001556396484
1776227710.3005018,2026-04-15T04:35:10.300502,normal_square,03,47.3979706,8.5461624,0.24500000476837158,0.04700000211596489,0.009999999776482582,0.0,0.019999999552965164,-0.06156230345368385,-0.012041330337524414,-9.760065078735352,0.0001754959230311215,-2.2905805963091552e-07,-0.0006372383213602006,98.0,16.143001556396484
1776227710.4037118,2026-04-15T04:35:10.403712,normal_square,03,47.3979706,8.5461624,0.24500000476837158,0.04700000211596489,0.009999999776482582,0.0,0.019999999552965164,-0.06156230345368385,-0.012041330337524414,-9.760065078735352,0.0001754959230311215,-2.2905805963091552e-07,-0.0006372383213602006,98.0,16.143001556396484
1776227710.5128007,2026-04-15T04:35:10.512801,normal_square,03,47.3979706,8.546162299999999,0.24500000476837158,0.04700000211596489,0.009999999776482582,0.0,0.019999999552965164,-0.06453296542167664,-0.009409330785274506,-9.760491371154785,-0.00014180151629261672,-0.0011864718981087208,0.0004553353937808424,98.0,16.143001556396484
1776227710.6146917,2026-04-15T04:35:10.614692,normal_square,03,47.3979706,8.546162299999999,0.24500000476837158,0.04700000211596489,0.009999999776482582,0.0,0.019999999552965164,-0.06453296542167664,-0.009409330785274506,-9.760491371154785,-0.00014180151629261672,-0.0011864718981087208,0.0004553353937808424,98.0,16.143001556396484
1776227710.7210653,2026-04-15T04:35:10.721065,normal_square,03,47.3979706,8.546162299999999,0.24400001764297485,0.04500000178813934,0.009999999776482582,0.0,0.019999999552965164,-0.05910898372530937,-0.0063551743514835835,-9.755062103271484,0.00026211963267996907,0.0008299800101667643,-0.0005998294800519943,98.0,16.143001556396484
1776227710.823273,2026-04-15T04:35:10.823273,normal_square,03,47.3979706,8.546162299999999,0.24300001561641693,0.04500000178813934,0.009999999776482582,0.0,0.019999999552965164,-0.0594341978430748,-0.012051306664943695,-9.764307975769043,0.0005050309700891376,0.000318490230711177,-0.001554883667267859,98.0,16.143001556396484
1776227710.9251986,2026-04-15T04:35:10.925199,normal_square,03,47.3979706,8.546162299999999,0.2410000115633011,0.0430000014603138,0.009999999776482582,0.0,0.019999999552965164,-0.062228891998529434,-0.009306274354457855,-9.768446922302246,4.523620737018064e-05,-3.5919536458095536e-05,0.0006318148225545883,98.0,16.143001556396484
1776227711.0291748,2026-04-15T04:35:11.029175,normal_square,03,47.3979706,8.546162299999999,0.2410000115633011,0.0430000014603138,0.009999999776482582,0.0,0.019999999552965164,-0.06719516217708588,-0.0022412212565541267,-9.748068809509277,0.0002160736476071179,0.00015367627202067524,-0.00021169550018385053,98.0,16.143001556396484
1776227711.13322,2026-04-15T04:35:11.133220,normal_square,03,47.3979706,8.546162299999999,0.23800000548362732,0.04000000283122063,0.009999999776482582,0.0,0.029999999329447746,-0.06400428712368011,-0.012491181492805481,-9.762992858886719,-0.0006831383798271418,0.00014345187810249627,-0.0007390989921987057,98.0,16.143001556396484
1776227711.23622,2026-04-15T04:35:11.236220,normal_square,03,47.3979706,8.546162299999999,0.2370000183582306,0.039000000804662704,0.009999999776482582,0.0,0.029999999329447746,-0.06749746203422546,-0.007175398524850607,-9.765643119812012,0.0002205273340223357,0.0005530324997380376,-8.49855859996751e-06,98.0,16.143001556396484
1776227711.3394532,2026-04-15T04:35:11.339453,normal_square,03,47.3979706,8.546162299999999,0.23600001633167267,0.03800000250339508,0.009999999776482582,0.0,0.029999999329447746,-0.06738799065351486,-0.0015454543754458427,-9.759408950805664,0.0005395612679421902,-0.00043971050763502717,0.00024513350217603147,98.0,16.143001556396484
1776227711.4414093,2026-04-15T04:35:11.441409,normal_square,03,47.3979706,8.546162299999999,0.23500001430511475,0.03700000047683716,0.009999999776482582,0.0,0.029999999329447746,-0.05795395374298096,-0.006549396086484194,-9.76926326751709,-6.538204615935683e-05,-0.0007817990845069289,0.00027671075076796114,98.0,16.143001556396484
1776227711.5479622,2026-04-15T04:35:11.547962,normal_square,03,47.3979706,8.546162299999999,0.23500001430511475,0.03700000047683716,0.009999999776482582,0.0,0.029999999329447746,-0.05795395374298096,-0.006549396086484194,-9.76926326751709,-6.538204615935683e-05,-0.0007817990845069289,0.00027671075076796114,98.0,16.143001556396484
1776227711.6490448,2026-04-15T04:35:11.649045,normal_square,03,47.3979706,8.546162299999999,0.23500001430511475,0.03700000047683716,0.009999999776482582,0.0,0.029999999329447746,-0.06518594920635223,-0.007246383000165224,-9.753302574157715,-4.439971689862432e-06,0.0003152716963086277,0.00032816655584611,98.0,16.143001556396484
1776227711.7519202,2026-04-15T04:35:11.751920,normal_square,03,47.3979706,8.546162299999999,0.23400001227855682,0.036000002175569534,0.009999999776482582,0.0,0.029999999329447746,-0.06237204745411873,-0.011941123753786087,-9.7589693069458,-0.000544287555385381,-0.0007405922515317798,0.00010777852003229782,98.0,16.143001556396484
1776227711.8532565,2026-04-15T04:35:11.853256,normal_square,03,47.3979706,8.546162299999999,0.23200000822544098,0.03400000184774399,0.009999999776482582,0.0,0.029999999329447746,-0.05378761887550354,-0.009167399257421494,-9.76333236694336,0.00030097071430645883,-9.364090510644019e-05,0.0004537504573818296,98.0,16.143001556396484
1776227711.9552875,2026-04-15T04:35:11.955287,normal_square,03,47.3979706,8.546162299999999,0.23100000619888306,0.032999999821186066,0.009999999776482582,0.0,0.029999999329447746,-0.06112315133213997,-0.004619686398655176,-9.761134147644043,-0.00013644123100675642,-0.0006430145585909486,-0.0006062656175345182,98.0,16.143001556396484
1776227712.0590327,2026-04-15T04:35:12.059033,normal_square,03,47.3979706,8.546162299999999,0.23000000417232513,0.03200000151991844,0.009999999776482582,0.0,0.029999999329447746,-0.05984765663743019,-0.013255909085273743,-9.762267112731934,0.000489677069708705,-0.0006597747560590506,0.0005745008238591254,98.0,16.143001556396484
1776227712.162905,2026-04-15T04:35:12.162905,normal_square,03,47.3979706,8.546162299999999,0.2290000170469284,0.03100000135600567,0.009999999776482582,0.0,0.029999999329447746,-0.06685275584459305,-0.007693741004914045,-9.763693809509277,0.0002003716363105923,-0.0010123542742803693,-0.00011567813635338098,98.0,16.143001556396484
1776227712.2676804,2026-04-15T04:35:12.267680,normal_square,03,47.3979706,8.5461624,0.2290000170469284,0.03100000135600567,0.009999999776482582,0.0,0.03999999910593033,-0.05912615731358528,8.598063141107559e-05,-9.758814811706543,9.730949386721477e-05,-0.0005148133495822549,0.0003646993136499077,98.0,16.143001556396484
1776227712.3711545,2026-04-15T04:35:12.371155,normal_square,03,47.3979706,8.5461624,0.2290000170469284,0.03100000135600567,0.009999999776482582,0.0,0.03999999910593033,-0.05912615731358528,8.598063141107559e-05,-9.758814811706543,9.730949386721477e-05,-0.0005148133495822549,0.0003646993136499077,98.0,16.143001556396484
1776227712.4801111,2026-04-15T04:35:12.480111,normal_square,03,47.3979706,8.5461624,0.22800001502037048,0.030000001192092896,0.009999999776482582,0.0,0.03999999910593033,-0.07039717584848404,-0.021963968873023987,-9.764142990112305,0.00018494139658287168,-0.00028572726296260953,0.0001597958616912365,98.0,16.143001556396484
1776227712.584653,2026-04-15T04:35:12.584653,normal_square,03,47.3979706,8.5461624,0.22700001299381256,0.029000001028180122,0.009999999776482582,0.0,0.03999999910593033,-0.0648251548409462,-0.01519991084933281,-9.764701843261719,0.0005290027474984527,-0.00034123577643185854,0.00024040136486291885,98.0,16.143001556396484
1776227712.6866024,2026-04-15T04:35:12.686602,normal_square,03,47.3979706,8.5461624,0.22700001299381256,0.029000001028180122,0.009999999776482582,0.0,0.03999999910593033,-0.0648251548409462,-0.01519991084933281,-9.764701843261719,0.0005290027474984527,-0.00034123577643185854,0.00024040136486291885,98.0,16.143001556396484
1776227712.7927623,2026-04-15T04:35:12.792762,normal_square,03,47.3979706,8.5461624,0.22700001299381256,0.029000001028180122,0.009999999776482582,0.0,0.03999999910593033,-0.0648251548409462,-0.01519991084933281,-9.764701843261719,0.0005290027474984527,-0.00034123577643185854,0.00024040136486291885,98.0,16.143001556396484
1776227712.8949585,2026-04-15T04:35:12.894958,normal_square,03,47.3979706,8.5461624,0.22700001299381256,0.029000001028180122,0.009999999776482582,0.0,0.03999999910593033,-0.0648251548409462,-0.01519991084933281,-9.764701843261719,0.0005290027474984527,-0.00034123577643185854,0.00024040136486291885,98.0,16.143001556396484
1776227713.0131044,2026-04-15T04:35:13.013104,normal_square,03,47.3979706,8.5461624,0.22600001096725464,0.02800000086426735,0.009999999776482582,0.0,0.03999999910593033,-0.06609729677438736,-0.010105567052960396,-9.752853393554688,0.00029938301304355264,-0.00018337708024773747,0.00015912755043245852,98.0,16.143001556396484
1776227713.114003,2026-04-15T04:35:13.114003,normal_square,03,47.3979706,8.5461624,0.22600001096725464,0.02800000086426735,0.009999999776482582,0.0,0.03999999910593033,-0.06609729677438736,-0.010105567052960396,-9.752853393554688,0.00029938301304355264,-0.00018337708024773747,0.00015912755043245852,98.0,16.143001556396484
1776227713.215093,2026-04-15T04:35:13.215093,normal_square,03,47.3979706,8.5461624,0.22600001096725464,0.02800000086426735,0.009999999776482582,0.0,0.03999999910593033,-0.06046300008893013,-0.005700064357370138,-9.756691932678223,6.777116504963487e-05,0.0006881970912218094,-0.00060694181593135,98.0,16.143001556396484
1776227713.317255,2026-04-15T04:35:13.317255,normal_square,03,47.3979706,8.5461624,0.22600001096725464,0.027000000700354576,0.009999999776482582,0.0,0.029999999329447746,-0.06928177922964096,-0.01218276098370552,-9.759838104248047,-0.001127041643485427,-0.0001514401228632778,-0.0006670335424132645,98.0,16.143001556396484
1776227713.419733,2026-04-15T04:35:13.419733,normal_square,03,47.3979706,8.546162299999999,0.22500000894069672,0.026000000536441803,0.009999999776482582,0.0,0.019999999552965164,-0.06745070964097977,-0.003803397063165903,-9.77136516571045,0.0005306462408043444,0.0007016606396064162,0.0007029475527815521,98.0,16.143001556396484
1776227713.5223446,2026-04-15T04:35:13.522345,normal_square,03,47.3979706,8.546162299999999,0.22500000894069672,0.026000000536441803,0.009999999776482582,0.0,0.019999999552965164,-0.06745070964097977,-0.003803397063165903,-9.77136516571045,0.0005306462408043444,0.0007016606396064162,0.0007029475527815521,98.0,16.143001556396484
1776227713.6327555,2026-04-15T04:35:13.632756,normal_square,03,47.3979706,8.546162299999999,0.22500000894069672,0.026000000536441803,0.009999999776482582,0.0,0.019999999552965164,-0.06745070964097977,-0.003803397063165903,-9.77136516571045,0.0005306462408043444,0.0007016606396064162,0.0007029475527815521,98.0,16.143001556396484
1776227713.7382371,2026-04-15T04:35:13.738237,normal_square,03,47.3979706,8.546162299999999,0.22500000894069672,0.026000000536441803,0.009999999776482582,0.0,0.019999999552965164,-0.06745070964097977,-0.003803397063165903,-9.77136516571045,0.0005306462408043444,0.0007016606396064162,0.0007029475527815521,98.0,16.143001556396484
1776227713.8516574,2026-04-15T04:35:13.851657,normal_square,03,47.3979706,8.546162299999999,0.22500000894069672,0.027000000700354576,0.009999999776482582,0.0,0.009999999776482582,-0.07310816645622253,-0.008066060021519661,-9.754778861999512,0.000599046004936099,-0.00012712401803582907,-0.0009705233387649059,98.0,16.143001556396484
1776227713.952328,2026-04-15T04:35:13.952328,normal_square,03,47.3979706,8.546162299999999,0.22500000894069672,0.027000000700354576,0.009999999776482582,0.0,0.009999999776482582,-0.07310816645622253,-0.008066060021519661,-9.754778861999512,0.000599046004936099,-0.00012712401803582907,-0.0009705233387649059,98.0,16.143001556396484
1776227714.0635195,2026-04-15T04:35:14.063519,normal_square,03,47.3979706,8.546162299999999,0.22500000894069672,0.027000000700354576,0.009999999776482582,0.0,0.0,-0.05911446362733841,-0.0038568181917071342,-9.760716438293457,-0.0002957011165563017,0.0002825461851898581,0.001331114792264998,98.0,16.143001556396484
1776227714.168776,2026-04-15T04:35:14.168776,normal_square,03,47.3979706,8.546162299999999,0.22500000894069672,0.027000000700354576,0.009999999776482582,0.0,0.0,-0.05911446362733841,-0.0038568181917071342,-9.760716438293457,-0.0002957011165563017,0.0002825461851898581,0.001331114792264998,98.0,16.143001556396484
1776227714.2699409,2026-04-15T04:35:14.269941,normal_square,03,47.3979706,8.546162299999999,0.22500000894069672,0.027000000700354576,0.009999999776482582,0.0,0.0,-0.05911446362733841,-0.0038568181917071342,-9.760716438293457,-0.0002957011165563017,0.0002825461851898581,0.001331114792264998,98.0,16.143001556396484
1776227714.3742106,2026-04-15T04:35:14.374211,normal_square,03,47.3979706,8.546162299999999,0.22600001096725464,0.02800000086426735,0.009999999776482582,0.0,0.0,-0.0673891007900238,-0.000529108103364706,-9.757092475891113,-0.00032309367088600993,-0.0005024222773499787,-0.0008391945739276707,98.0,16.143001556396484
1776227714.4809356,2026-04-15T04:35:14.480936,normal_square,03,47.3979706,8.546162299999999,0.22600001096725464,0.02800000086426735,0.009999999776482582,0.0,0.0,-0.0673891007900238,-0.000529108103364706,-9.757092475891113,-0.00032309367088600993,-0.0005024222773499787,-0.0008391945739276707,98.0,16.143001556396484
1776227714.5829651,2026-04-15T04:35:14.582965,normal_square,03,47.3979706,8.546162299999999,0.22700001299381256,0.02800000086426735,0.009999999776482582,0.0,-0.009999999776482582,-0.06806162744760513,-0.00847761332988739,-9.762568473815918,0.000268021656665951,-0.0011658918811008334,0.00029505486600100994,98.0,16.143001556396484
1776227714.6891956,2026-04-15T04:35:14.689196,normal_square,03,47.3979706,8.5461624,0.22800001502037048,0.030000001192092896,0.009999999776482582,0.0,-0.019999999552965164,-0.06615368276834488,-0.008794644847512245,-9.756688117980957,0.00031669411691837013,-0.0003517165605444461,6.686310371151194e-05,98.0,16.143001556396484
1776227714.798806,2026-04-15T04:35:14.798806,normal_square,03,47.3979706,8.5461624,0.2290000170469284,0.03100000135600567,0.009999999776482582,0.0,-0.019999999552965164,-0.060657333582639694,-0.004128164146095514,-9.76268196105957,4.459948104340583e-05,-0.0004843633796554059,-0.0012239275965839624,98.0,16.143001556396484
1776227714.9001994,2026-04-15T04:35:14.900199,normal_square,03,47.3979706,8.5461624,0.2290000170469284,0.03100000135600567,0.009999999776482582,0.0,-0.019999999552965164,-0.06428755819797516,-0.013227736577391624,-9.763010025024414,-0.0001750849187374115,-0.00015829250332899392,-0.0005571295623667538,98.0,16.143001556396484
1776227715.002614,2026-04-15T04:35:15.002614,normal_square,03,47.3979706,8.5461624,0.23200000822544098,0.03400000184774399,0.0,0.0,-0.029999999329447746,-0.06428755819797516,-0.013227736577391624,-9.763010025024414,-0.0001750849187374115,-0.00015829250332899392,-0.0005571295623667538,98.0,16.143001556396484
1776227715.1100507,2026-04-15T04:35:15.110051,normal_square,03,47.3979706,8.5461624,0.23400001227855682,0.03500000014901161,0.0,0.0,-0.03999999910593033,-0.05861446633934975,-0.002989264205098152,-9.757011413574219,0.00023703064653091133,-0.0006471107481047511,-0.0002503748401068151,98.0,16.143001556396484
1776227715.2149706,2026-04-15T04:35:15.214971,normal_square,03,47.3979706,8.5461624,0.23600001633167267,0.03700000047683716,0.0,0.0,-0.04999999701976776,-0.06555437296628952,-0.0036950083449482918,-9.76550006866455,0.001050718710757792,0.0007225871086120605,-4.8690584662836045e-05,98.0,16.143001556396484
1776227715.3170514,2026-04-15T04:35:15.317051,normal_square,03,47.3979706,8.5461624,0.23600001633167267,0.03700000047683716,0.0,0.0,-0.04999999701976776,-0.06202561780810356,-0.006382156629115343,-9.757063865661621,0.0008825677796266973,0.0005647902144119143,-7.980319060152397e-05,98.0,16.143001556396484
1776227715.419748,2026-04-15T04:35:15.419748,normal_square,03,47.3979706,8.5461624,0.23900000751018524,0.04100000113248825,0.0,0.0,-0.04999999701976776,-0.06202561780810356,-0.006382156629115343,-9.757063865661621,0.0008825677796266973,0.0005647902144119143,-7.980319060152397e-05,98.0,16.143001556396484
1776227715.5219886,2026-04-15T04:35:15.521989,normal_square,03,47.3979706,8.5461624,0.2410000115633011,0.0430000014603138,0.0,0.0,-0.05999999865889549,-0.059453800320625305,-0.003156892489641905,-9.758537292480469,0.0002697895106393844,0.0004915980389341712,0.0013196025975048542,98.0,16.143001556396484
1776227715.6259685,2026-04-15T04:35:15.625968,normal_square,03,47.3979706,8.5461624,0.24400001764297485,0.046000003814697266,0.0,0.0,-0.05999999865889549,-0.06138614937663078,-0.000775305787101388,-9.758233070373535,-0.0004515616747085005,-0.0005495334044098854,0.00037983653601258993,98.0,16.143001556396484
1776227715.7298229,2026-04-15T04:35:15.729823,normal_square,03,47.3979706,8.5461624,0.24400001764297485,0.046000003814697266,0.0,0.0,-0.05999999865889549,-0.07357043772935867,-0.017097217962145805,-9.762535095214844,-0.0007706671603955328,0.0006493085529655218,-0.0010416662553325295,98.0,16.143001556396484
1776227715.8359296,2026-04-15T04:35:15.835930,normal_square,03,47.3979706,8.5461624,0.2460000067949295,0.04800000041723251,0.0,0.0,-0.07000000029802322,-0.07357043772935867,-0.017097217962145805,-9.762535095214844,-0.0007706671603955328,0.0006493085529655218,-0.0010416662553325295,98.0,16.143001556396484
1776227715.9379935,2026-04-15T04:35:15.937994,normal_square,03,47.3979706,8.5461624,0.25,0.05100000277161598,0.0,0.0,-0.07000000029802322,-0.06514231115579605,-0.0039434656500816345,-9.754758834838867,-0.0001227769098477438,0.0001301704323850572,-0.0008931998163461685,98.0,16.143001556396484
1776227716.0403574,2026-04-15T04:35:16.040357,normal_square,03,47.3979706,8.5461624,0.25200000405311584,0.05400000140070915,0.0,0.0,-0.07999999821186066,-0.06758593022823334,-0.011296747252345085,-9.759380340576172,-0.0006151935667730868,-0.001007417100481689,-0.0007224901346489787,98.0,16.143001556396484
1776227716.141799,2026-04-15T04:35:16.141799,normal_square,03,47.3979706,8.5461624,0.2550000250339508,0.05700000375509262,0.0,0.0,-0.07999999821186066,-0.062311384826898575,-0.008577030152082443,-9.765419006347656,-0.00019301916472613811,-0.0009167013922706246,-0.0007008729735389352,98.0,16.143001556396484
1776227716.2449446,2026-04-15T04:35:16.244945,normal_square,03,47.3979706,8.5461624,0.2550000250339508,0.05700000375509262,0.0,0.0,-0.07999999821186066,-0.062311384826898575,-0.008577030152082443,-9.765419006347656,-0.00019301916472613811,-0.0009167013922706246,-0.0007008729735389352,98.0,16.143001556396484
1776227716.347135,2026-04-15T04:35:16.347135,normal_square,03,47.3979706,8.5461624,0.2580000162124634,0.05900000408291817,0.0,0.0,-0.07999999821186066,-0.059525590389966965,0.00019084173254668713,-9.761224746704102,0.0004623900167644024,-1.8099857697961852e-05,0.0001343592011835426,98.0,16.143001556396484
1776227716.449287,2026-04-15T04:35:16.449287,normal_square,03,47.3979706,8.5461624,0.26100000739097595,0.06300000101327896,0.0,0.0,-0.07999999821186066,-0.06428176909685135,-0.003983719274401665,-9.760311126708984,-0.00020336163288448006,-0.00030593806877732277,0.0008784006931819022,98.0,16.143001556396484
1776227716.5530038,2026-04-15T04:35:16.553004,normal_square,03,47.3979706,8.5461624,0.2630000114440918,0.0650000050663948,0.0,0.0,-0.08999999612569809,-0.05834183096885681,-9.437697008252144e-05,-9.756440162658691,0.0005262471386231482,0.0003183553053531796,7.984690455486998e-05,98.0,16.143001556396484
1776227716.6577647,2026-04-15T04:35:16.657765,normal_square,03,47.3979706,8.5461624,0.26600000262260437,0.06800000369548798,0.0,0.0,-0.08999999612569809,-0.06340979039669037,-0.01338615920394659,-9.76738452911377,-0.0010281819850206375,-0.0002016231301240623,0.00033956742845475674,98.0,16.143001556396484
1776227716.7592564,2026-04-15T04:35:16.759256,normal_square,03,47.3979706,8.5461624,0.2680000066757202,0.07000000029802322,0.0,0.0,-0.08999999612569809,-0.061440642923116684,-0.00923046562820673,-9.759221076965332,-0.0009852413786575198,0.000923872459679842,-0.0005151365767233074,98.0,16.143001556396484
1776227716.863561,2026-04-15T04:35:16.863561,normal_square,03,47.3979706,8.5461624,0.27000001072883606,0.07200000435113907,0.0,0.0,-0.08999999612569809,-0.06250660121440887,-0.0024177266750484705,-9.762003898620605,-0.00015255830658134073,-0.00027783322730101645,-0.0007555526099167764,98.0,16.143001556396484
1776227716.9659393,2026-04-15T04:35:16.965939,normal_square,03,47.3979706,8.5461624,0.27300000190734863,0.07400000095367432,0.0,0.0,-0.08999999612569809,-0.0659899041056633,-0.0036054167430847883,-9.764851570129395,-0.00029566409648396075,4.908180926577188e-05,3.602559809223749e-05,98.0,16.143001556396484
1776227717.069053,2026-04-15T04:35:17.069053,normal_square,03,47.3979706,8.5461624,0.27300000190734863,0.07400000095367432,0.0,0.0,-0.08999999612569809,-0.0659899041056633,-0.0036054167430847883,-9.764851570129395,-0.00029566409648396075,4.908180926577188e-05,3.602559809223749e-05,98.0,16.143001556396484
1776227717.1790593,2026-04-15T04:35:17.179059,normal_square,03,47.3979706,8.5461624,0.27400001883506775,0.07600000500679016,0.0,0.0,-0.08999999612569809,-0.06454484164714813,-0.010427374392747879,-9.759407043457031,0.0004975877236574888,-0.0007617028895765543,0.0011814689496532083,98.0,16.143001556396484
1776227717.2828035,2026-04-15T04:35:17.282804,normal_square,03,47.3979706,8.5461624,0.2760000228881836,0.07800000160932541,0.0,0.0,-0.08999999612569809,-0.06990424543619156,-0.00663305539637804,-9.763667106628418,0.0006774885696358979,-0.00011106854071840644,0.00011307369277346879,98.0,16.143001556396484
1776227717.386128,2026-04-15T04:35:17.386128,normal_square,03,47.3979706,8.5461624,0.27900001406669617,0.08100000023841858,0.0,0.0,-0.08999999612569809,-0.06214046850800514,0.0013224717695266008,-9.762175559997559,0.0007220163242891431,9.907051571644843e-05,-6.235779437702149e-05,98.0,16.143001556396484
1776227717.4904253,2026-04-15T04:35:17.490425,normal_square,03,47.3979706,8.5461624,0.27900001406669617,0.08100000023841858,0.0,0.0,-0.08999999612569809,-0.06214046850800514,0.0013224717695266008,-9.762175559997559,0.0007220163242891431,9.907051571644843e-05,-6.235779437702149e-05,95.0,16.08300018310547
1776227717.5931642,2026-04-15T04:35:17.593164,normal_square,03,47.3979706,8.5461624,0.28300002217292786,0.08400000631809235,0.0,0.0,-0.08999999612569809,-0.06346974521875381,0.0014084608992561698,-9.75881576538086,0.0009988215751945972,-9.02047468116507e-05,-0.0008722430211491883,95.0,16.08300018310547
1776227717.6945329,2026-04-15T04:35:17.694533,normal_square,03,47.3979706,8.5461624,0.28300002217292786,0.08400000631809235,0.0,0.0,-0.08999999612569809,-0.06346974521875381,0.0014084608992561698,-9.75881576538086,0.0009988215751945972,-9.02047468116507e-05,-0.0008722430211491883,95.0,16.08300018310547
1776227717.8117118,2026-04-15T04:35:17.811712,normal_square,03,47.3979706,8.5461624,0.2840000092983246,0.0860000029206276,0.0,0.0,-0.08999999612569809,-0.07145162671804428,-0.008654777891933918,-9.766634941101074,-0.000366135616786778,-0.0013261876301839948,-0.0004852068959735334,95.0,16.08300018310547
1776227717.9142592,2026-04-15T04:35:17.914259,normal_square,03,47.3979706,8.5461624,0.28600001335144043,0.08800000697374344,0.0,0.0,-0.08999999612569809,-0.07067784667015076,-0.0033851650077849627,-9.757741928100586,-0.00033052999060600996,2.6553145289653912e-05,-0.00041536326170898974,95.0,16.08300018310547
1776227718.0182395,2026-04-15T04:35:18.018239,normal_square,03,47.3979706,8.5461624,0.28600001335144043,0.08800000697374344,0.0,0.0,-0.08999999612569809,-0.07067784667015076,-0.0033851650077849627,-9.757741928100586,-0.00033052999060600996,2.6553145289653912e-05,-0.00041536326170898974,95.0,16.08300018310547
1776227718.121139,2026-04-15T04:35:18.121139,normal_square,03,47.3979706,8.5461624,0.28700000047683716,0.08900000154972076,0.0,0.0,-0.08999999612569809,-0.06134993955492973,-0.012832826934754848,-9.75617790222168,0.0008398821810260415,0.00027154057170264423,-0.00022130378056317568,95.0,16.08300018310547
1776227718.2235944,2026-04-15T04:35:18.223594,normal_square,03,47.3979706,8.5461624,0.2900000214576721,0.09200000762939453,0.0,0.0,-0.08999999612569809,-0.066391721367836,-0.008066002279520035,-9.752362251281738,-0.0010830010287463665,0.0003852546797133982,0.0006527667865157127,95.0,16.08300018310547
1776227718.3357906,2026-04-15T04:35:18.335791,normal_square,03,47.3979706,8.5461624,0.2939999997615814,0.0950000062584877,0.0,0.0,-0.08999999612569809,-0.05552855134010315,0.0014578440459445119,-9.753669738769531,0.0002630790404509753,-0.0004202145501039922,-0.0003106952062807977,95.0,16.08300018310547
1776227718.4363039,2026-04-15T04:35:18.436304,normal_square,03,47.3979706,8.5461624,0.29500001668930054,0.09600000083446503,0.0,0.0,-0.08999999612569809,-0.059230953454971313,-0.005532984621822834,-9.753491401672363,-8.478233212372288e-05,-0.00044779112795367837,-0.0003639117639977485,95.0,16.08300018310547
1776227718.5389953,2026-04-15T04:35:18.538995,normal_square,03,47.3979706,8.5461624,0.29500001668930054,0.09700000286102295,0.0,0.0,-0.08999999612569809,-0.06889555603265762,-0.004659568890929222,-9.75568675994873,0.0004075480392202735,0.0014308495447039604,0.0004747598432004452,95.0,16.08300018310547
1776227718.6427395,2026-04-15T04:35:18.642740,normal_square,03,47.3979706,8.5461624,0.2970000207424164,0.0990000069141388,0.0,0.0,-0.08999999612569809,-0.06420160084962845,-0.008426404558122158,-9.761322975158691,0.00040114865987561643,-0.00023191163199953735,-0.00021374973584897816,95.0,16.08300018310547
1776227718.74402,2026-04-15T04:35:18.744020,normal_square,03,47.3979706,8.5461624,0.2980000078678131,0.10000000149011612,0.0,0.0,-0.08999999612569809,-0.056613288819789886,0.0005675191059708595,-9.762127876281738,-0.0005501717678271234,0.00011666578939184546,0.0011363831581547856,95.0,16.08300018310547
1776227718.8462582,2026-04-15T04:35:18.846258,normal_square,03,47.3979706,8.5461624,0.2980000078678131,0.10000000149011612,0.0,0.0,-0.08999999612569809,-0.056613288819789886,0.0005675191059708595,-9.762127876281738,-0.0005501717678271234,0.00011666578939184546,0.0011363831581547856,95.0,16.08300018310547
1776227718.9509559,2026-04-15T04:35:18.950956,normal_square,03,47.3979706,8.5461624,0.2990000247955322,0.10100000351667404,0.0,0.0,-0.07999999821186066,-0.0564827099442482,-0.011238876730203629,-9.755523681640625,-0.0003580333723220974,-0.0002672530245035887,0.00010397769801784307,95.0,16.08300018310547
1776227719.0543728,2026-04-15T04:35:19.054373,normal_square,03,47.3979706,8.5461624,0.30000001192092896,0.10200000554323196,0.0,0.0,-0.07999999821186066,-0.06648433953523636,-0.004108990542590618,-9.7614107131958,0.000668318651150912,-0.0003737263032235205,-0.00023739042808301747,95.0,16.08300018310547
1776227719.160678,2026-04-15T04:35:19.160678,normal_square,03,47.3979706,8.546162299999999,0.30100002884864807,0.10200000554323196,0.0,0.0,-0.07999999821186066,-0.06242324784398079,0.003968591336160898,-9.7658109664917,-0.00020632726955227554,-0.0006849517812952399,-0.00014084886061027646,95.0,16.08300018310547
1776227719.2641273,2026-04-15T04:35:19.264127,normal_square,03,47.3979706,8.546162299999999,0.30100002884864807,0.10300000756978989,0.0,0.0,-0.07999999821186066,-0.06138047203421593,-0.011919797398149967,-9.761002540588379,0.000658517936244607,-0.0007124050753191113,-0.0008826659177429974,95.0,16.08300018310547
1776227719.36633,2026-04-15T04:35:19.366330,normal_square,03,47.3979706,8.546162299999999,0.30100002884864807,0.10300000756978989,0.0,0.0,-0.07999999821186066,-0.06138047203421593,-0.011919797398149967,-9.761002540588379,0.000658517936244607,-0.0007124050753191113,-0.0008826659177429974,95.0,16.08300018310547
1776227719.4717228,2026-04-15T04:35:19.471723,normal_square,03,47.3979706,8.546162299999999,0.3020000159740448,0.10400000214576721,0.0,0.0,-0.07999999821186066,-0.05457185581326485,-0.011595798656344414,-9.7593994140625,-0.0005634983535856009,0.00020012295863125473,-0.0006081682513467968,95.0,16.08300018310547
1776227719.5787961,2026-04-15T04:35:19.578796,normal_square,03,47.3979706,8.546162299999999,0.3020000159740448,0.10400000214576721,0.0,0.0,-0.07999999821186066,-0.06024601683020592,0.0009648918639868498,-9.758658409118652,0.0006716224597766995,0.00020300909818615764,-0.000834561709780246,95.0,16.08300018310547
1776227719.6817138,2026-04-15T04:35:19.681714,normal_square,03,47.3979705,8.546162299999999,0.3020000159740448,0.10400000214576721,0.0,0.0,-0.07999999821186066,-0.06697047501802444,-0.004485205747187138,-9.76189136505127,-0.00031381010194309056,-0.00029764807550236583,0.00040141603676602244,95.0,16.08300018310547
1776227719.789244,2026-04-15T04:35:19.789244,normal_square,03,47.3979705,8.546162299999999,0.3020000159740448,0.10400000214576721,0.0,0.0,-0.07999999821186066,-0.06697047501802444,-0.004485205747187138,-9.76189136505127,-0.00031381010194309056,-0.00029764807550236583,0.00040141603676602244,95.0,16.08300018310547
1776227719.890881,2026-04-15T04:35:19.890881,normal_square,03,47.3979705,8.546162299999999,0.30300000309944153,0.10400000214576721,0.0,0.0,-0.07999999821186066,-0.06305380910634995,0.030201714485883713,-9.77455997467041,0.0008763380465097725,0.0011755051091313362,0.0010463690850883722,95.0,16.08300018310547
1776227719.994716,2026-04-15T04:35:19.994716,normal_square,03,47.3979705,8.546162299999999,0.30300000309944153,0.10400000214576721,0.0,0.0,-0.07999999821186066,-0.06305380910634995,0.030201714485883713,-9.77455997467041,0.0008763380465097725,0.0011755051091313362,0.0010463690850883722,95.0,16.08300018310547
1776227720.096954,2026-04-15T04:35:20.096954,normal_square,03,47.3979705,8.546162299999999,0.30300000309944153,0.10500000417232513,0.0,0.0,-0.07999999821186066,-0.06773748993873596,0.06090541556477547,-9.807014465332031,0.005455478560179472,0.0016257900279015303,0.0004872526042163372,95.0,16.08300018310547
1776227720.1998527,2026-04-15T04:35:20.199853,normal_square,03,47.3979705,8.546162299999999,0.30400002002716064,0.10600000619888306,0.0,0.0,-0.07999999821186066,-0.05733363330364227,-0.011693130247294903,-9.976302146911621,0.04258020222187042,0.0022378196008503437,-0.0017822443041950464,95.0,16.08300018310547
1776227720.3015952,2026-04-15T04:35:20.301595,normal_square,03,47.3979705,8.546162299999999,0.3050000071525574,0.10600000619888306,0.0,0.0,-0.07999999821186066,-0.06236567720770836,-0.0106031633913517,-10.06998348236084,0.06333333253860474,0.007210624869912863,-0.0020780833438038826,95.0,16.08300018310547
1776227720.404436,2026-04-15T04:35:20.404436,normal_square,03,47.3979705,8.5461622,0.3050000071525574,0.10700000822544098,0.0,0.0,-0.08999999612569809,-0.06630266457796097,-0.012683086097240448,-10.142685890197754,0.07009100168943405,0.00855068489909172,-0.0019278374966233969,95.0,16.08300018310547
1776227720.5076277,2026-04-15T04:35:20.507628,normal_square,03,47.3979705,8.5461622,0.3050000071525574,0.10700000822544098,0.0,0.0,-0.08999999612569809,-0.06630266457796097,-0.012683086097240448,-10.142685890197754,0.07009100168943405,0.00855068489909172,-0.0019278374966233969,95.0,16.08300018310547
1776227720.6113598,2026-04-15T04:35:20.611360,normal_square,03,47.3979705,8.5461622,0.3060000240802765,0.1080000028014183,0.0,0.0,-0.08999999612569809,-0.07114749401807785,-0.012108639813959599,-10.188422203063965,0.06976429373025894,0.005554417613893747,-0.002457170281559229,95.0,16.08300018310547
1776227720.715098,2026-04-15T04:35:20.715098,normal_square,03,47.3979705,8.5461622,0.3060000240802765,0.1080000028014183,0.0,0.0,-0.08999999612569809,-0.07114749401807785,-0.012108639813959599,-10.188422203063965,0.06976429373025894,0.005554417613893747,-0.002457170281559229,95.0,16.08300018310547
1776227720.8202991,2026-04-15T04:35:20.820299,normal_square,03,47.3979705,8.5461622,0.30800002813339233,0.11000000685453415,0.0,-0.009999999776482582,-0.10999999940395355,-0.05907433107495308,-0.009401935152709484,-10.351174354553223,0.0627276822924614,0.00034908941597677767,-0.001209914917126298,95.0,16.08300018310547
1776227720.9243953,2026-04-15T04:35:20.924395,normal_square,03,47.3979705,8.5461622,0.30900001525878906,0.11100000888109207,0.0,-0.009999999776482582,-0.11999999731779099,-0.06872259080410004,-0.007178674452006817,-10.384419441223145,0.05648737773299217,-0.00028020062018185854,-0.0013025299413129687,95.0,16.08300018310547
1776227721.0261457,2026-04-15T04:35:21.026146,normal_square,03,47.3979705,8.5461622,0.30900001525878906,0.11100000888109207,-0.009999999776482582,-0.009999999776482582,-0.12999999523162842,-0.06653769314289093,-0.011435789056122303,-10.384571075439453,0.054466020315885544,-0.0009846066823229194,-0.0014894751366227865,95.0,16.08300018310547
1776227721.1297395,2026-04-15T04:35:21.129740,normal_square,03,47.3979705,8.5461622,0.3110000193119049,0.1120000034570694,-0.009999999776482582,-0.009999999776482582,-0.14000000059604645,-0.05900188535451889,-0.011863674968481064,-10.509832382202148,0.04829764738678932,-0.001978440908715129,-7.628966704942286e-05,95.0,16.08300018310547
1776227721.231086,2026-04-15T04:35:21.231086,normal_square,03,47.3979705,8.5461622,0.31200000643730164,0.11400000751018524,-0.009999999776482582,-0.009999999776482582,-0.14999999105930328,-0.061545904725790024,-0.009868918918073177,-10.58212661743164,0.04377782717347145,-0.0023788961116224527,-0.0013999001821503043,95.0,16.08300018310547
1776227721.332609,2026-04-15T04:35:21.332609,normal_square,03,47.3979705,8.5461622,0.31700000166893005,0.11900000274181366,-0.009999999776482582,-0.009999999776482582,-0.17000000178813934,-0.06924205273389816,-0.012882343493402004,-10.552449226379395,0.03167425096035004,-0.0058591789565980434,-0.002493265550583601,95.0,16.08300018310547
1776227721.4352145,2026-04-15T04:35:21.435215,normal_square,03,47.3979705,8.5461622,0.31700000166893005,0.11900000274181366,-0.009999999776482582,-0.009999999776482582,-0.17000000178813934,-0.06924205273389816,-0.012882343493402004,-10.552449226379395,0.03167425096035004,-0.0058591789565980434,-0.002493265550583601,95.0,16.08300018310547
1776227721.5369315,2026-04-15T04:35:21.536932,normal_square,03,47.3979705,8.5461622,0.320000022649765,0.1210000067949295,-0.019999999552965164,-0.009999999776482582,-0.1899999976158142,-0.05690471827983856,-0.0037583152297884226,-10.559942245483398,0.017687326297163963,-0.005242682993412018,-0.00037276072544045746,95.0,16.08300018310547
1776227721.6557834,2026-04-15T04:35:21.655783,normal_square,03,47.3979705,8.5461621,0.32200002670288086,0.12400000542402267,-0.019999999552965164,-0.009999999776482582,-0.19999998807907104,-0.053653232753276825,-0.011223970912396908,-10.610828399658203,0.008578181266784668,-0.007740325294435024,4.780517701874487e-05,95.0,16.08300018310547
1776227721.759452,2026-04-15T04:35:21.759452,normal_square,03,47.3979705,8.5461621,0.32600000500679016,0.12700000405311584,-0.019999999552965164,-0.009999999776482582,-0.2199999988079071,-0.053761549293994904,-0.006401645019650459,-10.65645694732666,0.001805581385269761,-0.009153550490736961,-0.000764288823120296,95.0,16.08300018310547
1776227721.8608866,2026-04-15T04:35:21.860887,normal_square,03,47.3979705,8.5461621,0.32600000500679016,0.12700000405311584,-0.019999999552965164,-0.009999999776482582,-0.2199999988079071,-0.053761549293994904,-0.006401645019650459,-10.65645694732666,0.001805581385269761,-0.009153550490736961,-0.000764288823120296,95.0,16.08300018310547
1776227721.9633512,2026-04-15T04:35:21.963351,normal_square,03,47.3979705,8.5461621,0.33000001311302185,0.13199999928474426,-0.029999999329447746,-0.009999999776482582,-0.23999999463558197,-0.06837750226259232,-0.0037496371660381556,-10.702067375183105,-0.006467508152127266,-0.008379221893846989,-0.0008882384863682091,95.0,16.08300018310547
1776227722.06619,2026-04-15T04:35:22.066190,normal_square,03,47.3979704,8.5461621,0.3370000123977661,0.13900001347064972,-0.029999999329447746,-0.009999999776482582,-0.26999998092651367,-0.05906526744365692,-0.006538492627441883,-10.718009948730469,-0.0174834243953228,-0.008044506423175335,-0.0003916374989785254,95.0,16.08300018310547
1776227722.1690803,2026-04-15T04:35:22.169080,normal_square,03,47.3979704,8.5461621,0.34200000762939453,0.14400000870227814,-0.029999999329447746,-0.009999999776482582,-0.28999999165534973,-0.06315205246210098,0.0019340177532285452,-10.682171821594238,-0.021568061783909798,-0.009719342924654484,-3.2556403311900795e-05,95.0,16.08300018310547
1776227722.2746847,2026-04-15T04:35:22.274685,normal_square,03,47.3979704,8.5461621,0.3460000157356262,0.14800000190734863,-0.03999999910593033,-0.009999999776482582,-0.3100000023841858,-0.0600556842982769,-0.00979350134730339,-10.70804500579834,-0.02686583623290062,-0.012189588509500027,0.00014316957094706595,95.0,16.08300018310547
1776227722.3768566,2026-04-15T04:35:22.376857,normal_square,03,47.3979704,8.5461621,0.3460000157356262,0.14800000190734863,-0.03999999910593033,-0.009999999776482582,-0.3100000023841858,-0.0600556842982769,-0.00979350134730339,-10.70804500579834,-0.02686583623290062,-0.012189588509500027,0.00014316957094706595,95.0,16.08300018310547
1776227722.4801157,2026-04-15T04:35:22.480116,normal_square,03,47.3979704,8.5461621,0.35200002789497375,0.15400001406669617,-0.03999999910593033,-0.009999999776482582,-0.32999998331069946,-0.06833583861589432,-0.009099590592086315,-10.711082458496094,-0.03035733848810196,-0.010852795094251633,0.00025535127497278154,95.0,16.08300018310547
1776227722.587573,2026-04-15T04:35:22.587573,normal_square,03,47.3979704,8.5461621,0.3570000231266022,0.15900000929832458,-0.03999999910593033,-0.009999999776482582,-0.3499999940395355,-0.0654774010181427,-0.009401869028806686,-10.679131507873535,-0.034825313836336136,-0.011637226678431034,-0.0008523255819454789,95.0,16.08300018310547
1776227722.6896858,2026-04-15T04:35:22.689686,normal_square,03,47.3979704,8.5461621,0.3570000231266022,0.15900000929832458,-0.03999999910593033,-0.009999999776482582,-0.3499999940395355,-0.0654774010181427,-0.009401869028806686,-10.679131507873535,-0.034825313836336136,-0.011637226678431034,-0.0008523255819454789,95.0,16.08300018310547
1776227722.79383,2026-04-15T04:35:22.793830,normal_square,03,47.3979704,8.5461621,0.3620000183582306,0.164000004529953,-0.03999999910593033,-0.009999999776482582,-0.3700000047683716,-0.06177554279565811,-0.00931551679968834,-10.676629066467285,-0.037776555866003036,-0.012680679559707642,9.466932533541694e-05,95.0,16.08300018310547
1776227722.8983436,2026-04-15T04:35:22.898344,normal_square,03,47.3979704,8.546161999999999,0.367000013589859,0.16900001466274261,-0.04999999701976776,-0.009999999776482582,-0.3799999952316284,-0.06678029149770737,-0.016086509451270103,-10.667920112609863,-0.03819689154624939,-0.013702022843062878,-0.0011879841331392527,95.0,16.08300018310547
1776227723.016981,2026-04-15T04:35:23.016981,normal_square,03,47.3979703,8.546161999999999,0.39400002360343933,0.19600000977516174,-0.04999999701976776,-0.009999999776482582,-0.44999998807907104,-0.07177101075649261,-0.008987471461296082,-10.636028289794922,-0.04152989014983177,-0.009006413631141186,0.0012039857683703303,95.0,16.08300018310547
1776227723.120199,2026-04-15T04:35:23.120199,normal_square,03,47.3979703,8.546161999999999,0.39400002360343933,0.19600000977516174,-0.04999999701976776,-0.009999999776482582,-0.44999998807907104,-0.07177101075649261,-0.008987471461296082,-10.636028289794922,-0.04152989014983177,-0.009006413631141186,0.0012039857683703303,95.0,16.08300018310547
1776227723.2229836,2026-04-15T04:35:23.222984,normal_square,03,47.3979703,8.546161999999999,0.40800002217292786,0.21000000834465027,-0.04999999701976776,-0.009999999776482582,-0.47999998927116394,-0.0643143579363823,-0.013129780068993568,-10.587762832641602,-0.04229701682925224,-0.006319107487797737,-0.0007696378743276,95.0,16.08300018310547
1776227723.3271194,2026-04-15T04:35:23.327119,normal_square,03,47.3979703,8.546161999999999,0.41600000858306885,0.21800000965595245,-0.04999999701976776,-0.009999999776482582,-0.5,-0.0639076754450798,-0.01862918585538864,-10.598777770996094,-0.04007962346076965,-0.007419532630592585,0.0005692882696166635,95.0,16.08300018310547
1776227723.4300952,2026-04-15T04:35:23.430095,normal_square,03,47.3979703,8.546161999999999,0.4240000247955322,0.22600001096725464,-0.05999999865889549,-0.009999999776482582,-0.5,-0.06685781478881836,-0.0137492585927248,-10.589888572692871,-0.041043490171432495,-0.00935801025480032,0.0006121547194197774,95.0,16.08300018310547
1776227723.5318992,2026-04-15T04:35:23.531899,normal_square,03,47.3979703,8.546161999999999,0.4240000247955322,0.22600001096725464,-0.05999999865889549,-0.009999999776482582,-0.5,-0.06009945273399353,-0.016186119988560677,-10.628436088562012,-0.03998979926109314,-0.008829045109450817,1.8844679289031774e-05,95.0,16.08300018310547
1776227723.6336253,2026-04-15T04:35:23.633625,normal_square,03,47.3979703,8.546161999999999,0.4360000193119049,0.23800000548362732,-0.05999999865889549,-0.009999999776482582,-0.5199999809265137,-0.06009945273399353,-0.016186119988560677,-10.628436088562012,-0.03998979926109314,-0.008829045109450817,1.8844679289031774e-05,95.0,16.08300018310547
1776227723.7382526,2026-04-15T04:35:23.738253,normal_square,03,47.3979703,8.546161999999999,0.4400000274181366,0.242000013589859,-0.05999999865889549,-0.009999999776482582,-0.5399999618530273,-0.06531410664319992,-0.0167204812169075,-10.671223640441895,-0.039259519428014755,-0.006307349540293217,0.0004954956821165979,95.0,16.08300018310547
1776227723.844831,2026-04-15T04:35:23.844831,normal_square,03,47.3979703,8.546161999999999,0.4490000307559967,0.2510000169277191,-0.05999999865889549,-0.009999999776482582,-0.5600000023841858,-0.062456995248794556,-0.008595019578933716,-10.730106353759766,-0.0361245833337307,-0.006051050964742899,-0.0003708999720402062,95.0,16.08300018310547
1776227723.950817,2026-04-15T04:35:23.950817,normal_square,03,47.397970199999996,8.546161999999999,0.46700000762939453,0.26900002360343933,-0.05999999865889549,-0.009999999776482582,-0.5699999928474426,-0.062456995248794556,-0.008595019578933716,-10.730106353759766,-0.0361245833337307,-0.006051050964742899,-0.0003708999720402062,95.0,16.08300018310547
1776227724.0519233,2026-04-15T04:35:24.051923,normal_square,03,47.397970199999996,8.546161999999999,0.4910000264644623,0.2930000126361847,-0.05999999865889549,-0.009999999776482582,-0.6100000143051147,-0.06823375821113586,-0.020574886351823807,-10.654833793640137,-0.031269945204257965,-0.0071225580759346485,0.0017554305959492922,95.0,16.08300018310547
1776227724.1562378,2026-04-15T04:35:24.156238,normal_square,03,47.397970199999996,8.546161999999999,0.5010000467300415,0.30300000309944153,-0.05999999865889549,-0.009999999776482582,-0.6299999952316284,-0.0650772899389267,-0.015181293711066246,-10.674149513244629,-0.030956318601965904,-0.005599303171038628,0.0003255613555666059,95.0,16.08300018310547
1776227724.2576501,2026-04-15T04:35:24.257650,normal_square,03,47.397970199999996,8.546161999999999,0.5010000467300415,0.30300000309944153,-0.05999999865889549,-0.009999999776482582,-0.6299999952316284,-0.0650772899389267,-0.015181293711066246,-10.674149513244629,-0.030956318601965904,-0.005599303171038628,0.0003255613555666059,95.0,16.08300018310547
1776227724.3748186,2026-04-15T04:35:24.374819,normal_square,03,47.397970199999996,8.546161999999999,0.5380000472068787,0.33900001645088196,-0.05999999865889549,0.0,-0.6800000071525574,-0.06771422177553177,-0.010116985067725182,-10.657150268554688,-0.030212102457880974,-0.003019507974386215,-0.000882554508280009,95.0,16.08300018310547
1776227724.477905,2026-04-15T04:35:24.477905,normal_square,03,47.397970199999996,8.546161999999999,0.5380000472068787,0.33900001645088196,-0.05999999865889549,0.0,-0.6800000071525574,-0.06771422177553177,-0.010116985067725182,-10.657150268554688,-0.030212102457880974,-0.003019507974386215,-0.000882554508280009,95.0,16.08300018310547
1776227724.5791266,2026-04-15T04:35:24.579127,normal_square,03,47.397970199999996,8.546161999999999,0.5490000247955322,0.3500000238418579,-0.05999999865889549,0.0,-0.6899999976158142,-0.06002502888441086,-0.008269382640719414,-10.650468826293945,-0.028895290568470955,-0.0016793063841760159,0.00042545399628579617,95.0,16.08300018310547
1776227724.692771,2026-04-15T04:35:24.692771,normal_square,03,47.397970099999995,8.546161999999999,0.5600000023841858,0.3620000183582306,-0.05999999865889549,0.0,-0.699999988079071,-0.07488110661506653,-0.01413569226861,-10.663214683532715,-0.02799171954393387,-0.001871096552349627,0.0004278220294509083,95.0,16.08300018310547
1776227724.7988794,2026-04-15T04:35:24.798879,normal_square,03,47.397970099999995,8.546161999999999,0.5600000023841858,0.3620000183582306,-0.05999999865889549,0.0,-0.699999988079071,-0.07488110661506653,-0.01413569226861,-10.663214683532715,-0.02799171954393387,-0.001871096552349627,0.0004278220294509083,95.0,16.08300018310547
1776227724.9012485,2026-04-15T04:35:24.901248,normal_square,03,47.397970099999995,8.546161999999999,0.578000009059906,0.3790000081062317,-0.04999999701976776,0.0,-0.7299999594688416,-0.06195508688688278,-0.01380617544054985,-10.661532402038574,-0.02545057237148285,-0.002028602408245206,0.0006329793250188231,95.0,16.08300018310547
1776227725.005953,2026-04-15T04:35:25.005953,normal_square,03,47.397970099999995,8.546161999999999,0.5900000333786011,0.39100003242492676,-0.04999999701976776,0.0,-0.7400000095367432,-0.0691552385687828,-0.011743365786969662,-10.690255165100098,-0.02328353375196457,-0.0009303066181018949,-0.0008148314082063735,95.0,16.08300018310547
1776227725.1087673,2026-04-15T04:35:25.108767,normal_square,03,47.397970099999995,8.546161999999999,0.6110000014305115,0.4130000174045563,-0.04999999701976776,0.0,-0.7699999809265137,-0.06879652291536331,-0.010690129362046719,-10.660463333129883,-0.021138539537787437,0.00019756288384087384,0.0008359485655091703,95.0,16.08300018310547
1776227725.2140274,2026-04-15T04:35:25.214027,normal_square,03,47.397970099999995,8.546161999999999,0.6300000548362732,0.4320000112056732,-0.04999999701976776,0.0,-0.7899999618530273,-0.06966604292392731,-0.011847440153360367,-10.654837608337402,-0.020692791789770126,0.00012299865193199366,0.0007966047269292176,95.0,16.08300018310547
1776227725.316742,2026-04-15T04:35:25.316742,normal_square,03,47.397970099999995,8.546161999999999,0.6430000066757202,0.445000022649765,-0.04999999701976776,0.0,-0.7999999523162842,-0.06594041734933853,-0.0048592789098620415,-10.606675148010254,-0.019692275673151016,0.0011664566118270159,-0.0001207045788760297,95.0,16.08300018310547
1776227725.4180698,2026-04-15T04:35:25.418070,normal_square,03,47.397970099999995,8.546161999999999,0.6630000472068787,0.4650000333786011,-0.04999999701976776,0.0,-0.7999999523162842,-0.06565290689468384,-0.0008599299471825361,-10.633214950561523,-0.017811331897974014,0.0017967448802664876,0.00032910911249928176,95.0,16.08300018310547
1776227725.5267367,2026-04-15T04:35:25.526737,normal_square,03,47.397970099999995,8.546161999999999,0.6630000472068787,0.4650000333786011,-0.04999999701976776,0.0,-0.8199999928474426,-0.06565290689468384,-0.0008599299471825361,-10.633214950561523,-0.017811331897974014,0.0017967448802664876,0.00032910911249928176,95.0,16.08300018310547
1776227725.6296127,2026-04-15T04:35:25.629613,normal_square,03,47.397970099999995,8.546161999999999,0.6760000586509705,0.4780000150203705,-0.04999999701976776,0.0,-0.8299999833106995,-0.061526380479335785,-0.014048324897885323,-10.585856437683105,-0.015735380351543427,0.0033283429220318794,0.0007205576985143125,95.0,16.08300018310547
1776227725.732415,2026-04-15T04:35:25.732415,normal_square,03,47.397970099999995,8.546161999999999,0.6760000586509705,0.4780000150203705,-0.04999999701976776,0.0,-0.8299999833106995,-0.061526380479335785,-0.014048324897885323,-10.585856437683105,-0.015735380351543427,0.0033283429220318794,0.0007205576985143125,95.0,16.08300018310547
1776227725.8349268,2026-04-15T04:35:25.834927,normal_square,03,47.39797,8.546161999999999,0.690000057220459,0.492000013589859,-0.04999999701976776,0.0,-0.8499999642372131,-0.06535041332244873,-0.015337435528635979,-10.565943717956543,-0.013660681433975697,0.0049455719999969006,0.0007984930998645723,95.0,16.08300018310547
1776227725.9384427,2026-04-15T04:35:25.938443,normal_square,03,47.39797,8.546161999999999,0.7040000557899475,0.5060000419616699,-0.04999999701976776,0.0,-0.85999995470047,-0.0643061175942421,-0.013761656358838081,-10.60327434539795,-0.01314107421785593,0.004542115144431591,-0.00013868632959201932,95.0,16.08300018310547
1776227726.0416298,2026-04-15T04:35:26.041630,normal_square,03,47.39797,8.546161999999999,0.7260000109672546,0.5270000100135803,-0.03999999910593033,0.0,-0.8799999952316284,-0.06897702068090439,-0.010752069763839245,-10.57353401184082,-0.01046277116984129,0.0031533048022538424,-0.0002298880717717111,95.0,16.08300018310547
1776227726.1429179,2026-04-15T04:35:26.142918,normal_square,03,47.39797,8.546161999999999,0.7260000109672546,0.5270000100135803,-0.03999999910593033,0.0,-0.8799999952316284,-0.06897702068090439,-0.010752069763839245,-10.57353401184082,-0.01046277116984129,0.0031533048022538424,-0.0002298880717717111,95.0,16.08300018310547
1776227726.2455885,2026-04-15T04:35:26.245589,normal_square,03,47.39797,8.546161999999999,0.7260000109672546,0.5270000100135803,-0.03999999910593033,0.0,-0.8799999952316284,-0.06897702068090439,-0.010752069763839245,-10.57353401184082,-0.01046277116984129,0.0031533048022538424,-0.0002298880717717111,95.0,16.08300018310547
1776227726.3478396,2026-04-15T04:35:26.347840,normal_square,03,47.39797,8.546161999999999,0.781000018119812,0.5830000042915344,-0.03999999910593033,0.0,-0.9300000071525574,-0.07357079535722733,-0.012054410763084888,-10.649177551269531,-0.0074455626308918,0.006192198023200035,-0.00021471441141329706,95.0,16.08300018310547
1776227726.450172,2026-04-15T04:35:26.450172,normal_square,03,47.39797,8.546161999999999,0.781000018119812,0.5830000042915344,-0.03999999910593033,0.0,-0.9300000071525574,-0.07357079535722733,-0.012054410763084888,-10.649177551269531,-0.0074455626308918,0.006192198023200035,-0.00021471441141329706,95.0,16.08300018310547
1776227726.5516775,2026-04-15T04:35:26.551677,normal_square,03,47.39797,8.546161999999999,0.8040000200271606,0.6060000061988831,-0.03999999910593033,0.0,-0.949999988079071,-0.06206825375556946,-0.019205253571271896,-10.588591575622559,-0.005718296859413385,0.006776405032724142,0.0006543506751768291,95.0,16.08300018310547
1776227726.655331,2026-04-15T04:35:26.655331,normal_square,03,47.39797,8.546161999999999,0.8200000524520874,0.6220000386238098,-0.029999999329447746,0.0,-0.9599999785423279,-0.06837937980890274,-0.007891316898167133,-10.575934410095215,-0.005186282563954592,0.006801234558224678,1.0507428669370711e-05,95.0,16.08300018310547
1776227726.757705,2026-04-15T04:35:26.757705,normal_square,03,47.39797,8.546161999999999,0.8200000524520874,0.6220000386238098,-0.029999999329447746,0.0,-0.9599999785423279,-0.06837937980890274,-0.007891316898167133,-10.575934410095215,-0.005186282563954592,0.006801234558224678,1.0507428669370711e-05,95.0,16.08300018310547
1776227726.8614879,2026-04-15T04:35:26.861488,normal_square,03,47.39797,8.546161999999999,0.8600000143051147,0.6620000600814819,-0.029999999329447746,0.009999999776482582,-0.9899999499320984,-0.06057269871234894,-0.007389779202640057,-10.411124229431152,-0.002322132932022214,0.007812515832483768,-3.531172114890069e-05,95.0,16.08300018310547
1776227726.9670281,2026-04-15T04:35:26.967028,normal_square,03,47.39797,8.546161999999999,0.8760000467300415,0.6780000329017639,-0.029999999329447746,0.009999999776482582,-1.0,-0.06741517782211304,-0.008376111276447773,-10.324959754943848,-0.0021923398599028587,0.007751170080155134,0.00025772888329811394,95.0,16.08300018310547
1776227727.0691636,2026-04-15T04:35:27.069164,normal_square,03,47.39797,8.5461621,0.9010000228881836,0.703000009059906,-0.029999999329447746,0.009999999776482582,-1.0099999904632568,-0.07086333632469177,-0.01083979569375515,-10.196656227111816,-0.0022789498325437307,0.00796626415103674,0.0001158693412435241,95.0,16.08300018310547
1776227727.1707091,2026-04-15T04:35:27.170709,normal_square,03,47.3979699,8.5461621,0.9260000586509705,0.7280000448226929,-0.019999999552965164,0.009999999776482582,-1.0199999809265137,-0.06302548199892044,-0.010827007703483105,-10.077049255371094,-3.765732981264591e-05,0.006910756696015596,-0.00020409340504556894,95.0,16.08300018310547
1776227727.2735362,2026-04-15T04:35:27.273536,normal_square,03,47.3979699,8.5461621,0.9430000185966492,0.7450000643730164,-0.019999999552965164,0.009999999776482582,-1.0199999809265137,-0.07276984304189682,-0.012949598953127861,-9.99100399017334,0.00022516545141115785,0.005883836653083563,0.00024656628374941647,95.0,16.08300018310547
1776227727.3790693,2026-04-15T04:35:27.379069,normal_square,03,47.3979699,8.5461621,0.9600000381469727,0.7620000243186951,-0.019999999552965164,0.009999999776482582,-1.0199999809265137,-0.07488255947828293,-0.006837320514023304,-9.8741455078125,6.647295958828181e-05,0.008051265962421894,0.00044569658348336816,95.0,16.08300018310547
1776227727.4851127,2026-04-15T04:35:27.485113,normal_square,03,47.3979699,8.5461621,0.9770000576972961,0.7790000438690186,-0.019999999552965164,0.009999999776482582,-1.0199999809265137,-0.07083269208669662,-0.013214059174060822,-9.866255760192871,0.0029007894918322563,0.008990772999823093,0.0006501354509964585,95.0,16.08300018310547
1776227727.5879226,2026-04-15T04:35:27.587923,normal_square,03,47.3979699,8.5461621,1.002000093460083,0.8040000200271606,-0.019999999552965164,0.009999999776482582,-1.0199999809265137,-0.06676702201366425,-0.005471456795930862,-9.886832237243652,0.0028512401040643454,0.0079713836312294,0.0001223897561430931,95.0,16.08300018310547
1776227727.6903467,2026-04-15T04:35:27.690347,normal_square,03,47.3979699,8.5461621,1.002000093460083,0.8040000200271606,-0.019999999552965164,0.009999999776482582,-1.0299999713897705,-0.06676702201366425,-0.005471456795930862,-9.886832237243652,0.0028512401040643454,0.0079713836312294,0.0001223897561430931,95.0,16.08300018310547
1776227727.7937875,2026-04-15T04:35:27.793787,normal_square,03,47.3979699,8.5461621,1.027000069618225,0.8290000557899475,-0.019999999552965164,0.009999999776482582,-1.0299999713897705,-0.06656873226165771,-0.011757518164813519,-9.905421257019043,0.0035824086517095566,0.0067043788731098175,0.00024148382362909615,95.0,16.08300018310547
1776227727.8966932,2026-04-15T04:35:27.896693,normal_square,03,47.3979699,8.5461621,1.0530000925064087,0.8550000190734863,-0.009999999776482582,0.009999999776482582,-1.0299999713897705,-0.0724424421787262,-0.007971764542162418,-9.872944831848145,0.0037093181163072586,0.008240431547164917,-0.0001975050545297563,95.0,16.08300018310547
1776227727.997689,2026-04-15T04:35:27.997689,normal_square,03,47.3979699,8.5461621,1.0700000524520874,0.8710000514984131,-0.009999999776482582,0.009999999776482582,-1.0299999713897705,-0.07011004537343979,-0.010384665802121162,-9.907804489135742,0.004519818350672722,0.007878461852669716,-0.0004867551033385098,95.0,16.08300018310547
1776227728.0996292,2026-04-15T04:35:28.099629,normal_square,03,47.3979699,8.5461621,1.0870000123977661,0.8880000710487366,-0.009999999776482582,0.009999999776482582,-1.0299999713897705,-0.06072298437356949,-0.011756839230656624,-9.915799140930176,0.002965925494208932,0.006980988197028637,-0.0008807122358120978,95.0,16.08300018310547
1776227728.2018466,2026-04-15T04:35:28.201847,normal_square,03,47.3979699,8.5461622,1.1120001077651978,0.9140000343322754,-0.009999999776482582,0.009999999776482582,-1.0399999618530273,-0.06426715850830078,-0.007395677734166384,-9.96584701538086,0.004964842926710844,0.008509141393005848,-0.0012537309667095542,95.0,16.08300018310547
1776227728.3071668,2026-04-15T04:35:28.307167,normal_square,03,47.3979699,8.5461622,1.1290000677108765,0.9310000538825989,-0.009999999776482582,0.009999999776482582,-1.0399999618530273,-0.06809034198522568,-0.012579286471009254,-9.981003761291504,0.002747699385508895,0.007970680482685566,0.000515097810421139,95.0,16.08300018310547
1776227728.40994,2026-04-15T04:35:28.409940,normal_square,03,47.3979699,8.5461622,1.1290000677108765,0.9310000538825989,-0.009999999776482582,0.009999999776482582,-1.0399999618530273,-0.06809034198522568,-0.012579286471009254,-9.981003761291504,0.002747699385508895,0.007970680482685566,0.000515097810421139,95.0,16.08300018310547
1776227728.517795,2026-04-15T04:35:28.517795,normal_square,03,47.3979699,8.5461622,1.1460000276565552,0.9480000734329224,-0.009999999776482582,0.009999999776482582,-1.0399999618530273,-0.0679793581366539,-0.0033900048583745956,-10.010581016540527,0.0052669164724648,0.007653831969946623,0.0007305052131414413,95.0,16.08300018310547
1776227728.6240203,2026-04-15T04:35:28.624020,normal_square,03,47.3979699,8.5461622,1.1630001068115234,0.9650000333786011,-0.009999999776482582,0.009999999776482582,-1.0499999523162842,-0.06655512005090714,-0.011680753901600838,-9.967902183532715,0.008174143731594086,0.007888587191700935,0.0003098519518971443,95.0,16.08300018310547
1776227728.726615,2026-04-15T04:35:28.726615,normal_square,03,47.3979699,8.5461622,1.1890000104904175,0.9900000691413879,0.0,0.019999999552965164,-1.0499999523162842,-0.06450258195400238,-0.0013996805064380169,-9.984522819519043,0.006331054028123617,0.006997501943260431,0.0011971142375841737,95.0,16.08300018310547
1776227728.8303962,2026-04-15T04:35:28.830396,normal_square,03,47.3979699,8.5461622,1.218000054359436,1.0200001001358032,0.0,0.019999999552965164,-1.059999942779541,-0.07406845688819885,-0.016106020659208298,-9.980863571166992,0.005841911304742098,0.007048890460282564,-0.000489340687636286,92.0,16.023000717163086
1776227728.9330373,2026-04-15T04:35:28.933037,normal_square,03,47.3979699,8.5461622,1.2610000371932983,1.0630000829696655,0.0,0.019999999552965164,-1.059999942779541,-0.06730322539806366,-0.009999938309192657,-10.006646156311035,0.006190797779709101,0.005691238213330507,-0.0012380046537145972,92.0,16.023000717163086
1776227729.0350566,2026-04-15T04:35:29.035057,normal_square,03,47.3979699,8.5461622,1.3050000667572021,1.1060000658035278,0.0,0.019999999552965164,-1.0699999332427979,-0.07140573114156723,0.001964823342859745,-9.988807678222656,0.004686789587140083,0.007264838088303804,-0.00019378683646209538,92.0,16.023000717163086
1776227729.1464903,2026-04-15T04:35:29.146490,normal_square,03,47.3979699,8.5461622,1.3050000667572021,1.1060000658035278,0.0,0.019999999552965164,-1.0699999332427979,-0.07140573114156723,0.001964823342859745,-9.988807678222656,0.004686789587140083,0.007264838088303804,-0.00019378683646209538,92.0,16.023000717163086
1776227729.2565737,2026-04-15T04:35:29.256574,normal_square,03,47.3979699,8.546162299999999,1.3220000267028809,1.124000072479248,0.0,0.019999999552965164,-1.0699999332427979,-0.06712282449007034,-0.008112071081995964,-10.00493335723877,0.006059407722204924,0.004830351565033197,0.0002151180087821558,92.0,16.023000717163086
1776227729.3593194,2026-04-15T04:35:29.359319,normal_square,03,47.3979699,8.546162299999999,1.3480000495910645,1.1500000953674316,0.0,0.019999999552965164,-1.0799999237060547,-0.06712282449007034,-0.008112071081995964,-10.00493335723877,0.006059407722204924,0.004830351565033197,0.0002151180087821558,92.0,16.023000717163086
1776227729.4618328,2026-04-15T04:35:29.461833,normal_square,03,47.3979699,8.546162299999999,1.3570001125335693,1.158000111579895,0.0,0.019999999552965164,-1.0799999237060547,-0.06399155408143997,-0.006062456872314215,-10.001364707946777,0.00647718645632267,0.005416060332208872,2.7720154321286827e-05,92.0,16.023000717163086
1776227729.5636868,2026-04-15T04:35:29.563687,normal_square,03,47.3979699,8.546162299999999,1.3830000162124634,1.1850000619888306,0.0,0.019999999552965164,-1.090000033378601,-0.0690390020608902,-0.006531663704663515,-9.990049362182617,0.007815675809979439,0.00650842534378171,0.0007364470511674881,92.0,16.023000717163086
1776227729.6659753,2026-04-15T04:35:29.665975,normal_square,03,47.3979699,8.546162299999999,1.4000000953674316,1.2020000219345093,0.0,0.019999999552965164,-1.090000033378601,-0.07440193742513657,-0.003600986674427986,-9.968771934509277,0.008484888821840286,0.005924475844949484,0.0007041338831186295,92.0,16.023000717163086
1776227729.7686865,2026-04-15T04:35:29.768687,normal_square,03,47.3979699,8.546162299999999,1.4260001182556152,1.2280000448226929,0.0,0.019999999552965164,-1.090000033378601,-0.05909118428826332,-0.011944537982344627,-10.029583930969238,0.007544649299234152,0.00375018990598619,0.0009570083930157125,92.0,16.023000717163086
1776227729.8701382,2026-04-15T04:35:29.870138,normal_square,03,47.3979699,8.546162299999999,1.4700000286102295,1.2720000743865967,0.009999999776482582,0.019999999552965164,-1.100000023841858,-0.06251108646392822,-0.005855357740074396,-10.028200149536133,0.007592157460749149,0.002519539324566722,0.00039781013038009405,92.0,16.023000717163086
1776227729.9728065,2026-04-15T04:35:29.972806,normal_square,03,47.3979699,8.546162299999999,1.5240000486373901,1.3250000476837158,0.009999999776482582,0.019999999552965164,-1.1100000143051147,-0.06855747103691101,-0.005493743810802698,-10.033671379089355,0.009041786193847656,0.00365710468031466,0.0002793247695080936,92.0,16.023000717163086
1776227730.073099,2026-04-15T04:35:30.073099,normal_square,03,47.3979699,8.546162299999999,1.5410001277923584,1.343000054359436,0.009999999776482582,0.019999999552965164,-1.1200000047683716,-0.0703945979475975,-0.0038820267654955387,-10.003741264343262,0.009258466772735119,0.002573273377493024,0.0024605763610452414,92.0,16.023000717163086
1776227730.174867,2026-04-15T04:35:30.174867,normal_square,03,47.3979699,8.546162299999999,1.5410001277923584,1.343000054359436,0.009999999776482582,0.019999999552965164,-1.1200000047683716,-0.0703945979475975,-0.0038820267654955387,-10.003741264343262,0.009258466772735119,0.002573273377493024,0.0024605763610452414,92.0,16.023000717163086
1776227730.2780297,2026-04-15T04:35:30.278030,normal_square,03,47.3979699,8.546162299999999,1.559000015258789,1.3610000610351562,0.009999999776482582,0.019999999552965164,-1.1200000047683716,-0.06265214085578918,0.0015979980817064643,-10.0662260055542,0.012037301436066628,0.0004928548587486148,-0.0001686599280219525,92.0,16.023000717163086
1776227730.3831875,2026-04-15T04:35:30.383188,normal_square,03,47.3979699,8.546162299999999,1.5770000219345093,1.3790000677108765,0.009999999776482582,0.009999999776482582,-1.1200000047683716,-0.06739964336156845,-0.00213990593329072,-10.043368339538574,0.01321337278932333,-0.0010012794518843293,8.03568254923448e-05,92.0,16.023000717163086
1776227730.4858694,2026-04-15T04:35:30.485869,normal_square,03,47.39797,8.5461624,1.6040000915527344,1.406000018119812,0.009999999776482582,0.009999999776482582,-1.1299999952316284,-0.06455662846565247,-0.00047776009887456894,-10.034584999084473,0.01368540059775114,-0.0003343607531860471,0.0005453451303765178,92.0,16.023000717163086
1776227730.5868287,2026-04-15T04:35:30.586829,normal_square,03,47.39797,8.5461624,1.6040000915527344,1.406000018119812,0.009999999776482582,0.009999999776482582,-1.1299999952316284,-0.06455662846565247,-0.00047776009887456894,-10.034584999084473,0.01368540059775114,-0.0003343607531860471,0.0005453451303765178,92.0,16.023000717163086
1776227730.6889718,2026-04-15T04:35:30.688972,normal_square,03,47.39797,8.5461624,1.6360000371932983,1.437000036239624,0.019999999552965164,0.009999999776482582,-1.1399999856948853,-0.07088934630155563,0.0010000698966905475,-9.991604804992676,0.013914182782173157,0.000862213084474206,0.0008663868065923452,92.0,16.023000717163086
1776227730.7911677,2026-04-15T04:35:30.791168,normal_square,03,47.39797,8.5461624,1.6540000438690186,1.4560000896453857,0.019999999552965164,0.009999999776482582,-1.1399999856948853,-0.06667593866586685,-0.010025721043348312,-10.013827323913574,0.013637515716254711,0.0019982829689979553,0.0006910127121955156,92.0,16.023000717163086
1776227730.9121091,2026-04-15T04:35:30.912109,normal_square,03,47.39797,8.5461624,1.6810001134872437,1.4830000400543213,0.019999999552965164,0.009999999776482582,-1.1399999856948853,-0.06260064244270325,-0.008409369736909866,-10.000397682189941,0.014769144356250763,0.00043451774399727583,0.0005301482160575688,92.0,16.023000717163086
1776227731.017301,2026-04-15T04:35:31.017301,normal_square,03,47.39797,8.5461624,1.718000054359436,1.5190000534057617,0.019999999552965164,0.009999999776482582,-1.149999976158142,-0.06887570768594742,-8.133961819112301e-05,-10.034074783325195,0.014843091368675232,-0.001841074787080288,0.00038636510726064444,92.0,16.023000717163086
1776227731.1206615,2026-04-15T04:35:31.120661,normal_square,03,47.39797,8.5461624,1.7360000610351562,1.5380001068115234,0.019999999552965164,0.009999999776482582,-1.149999976158142,-0.07094952464103699,-0.0022133151069283485,-10.027647972106934,0.0158471018075943,-0.0021833302453160286,-0.00028672057669609785,92.0,16.023000717163086
1776227731.2215889,2026-04-15T04:35:31.221589,normal_square,03,47.39797,8.5461624,1.7780001163482666,1.5800000429153442,0.019999999552965164,0.009999999776482582,-1.159999966621399,-0.06716086715459824,-0.013793347403407097,-9.992011070251465,0.016888046637177467,-0.0016178458463400602,-0.0002673560520634055,92.0,16.023000717163086
1776227731.3237,2026-04-15T04:35:31.323700,normal_square,03,47.39797,8.5461624,1.787000060081482,1.5890001058578491,0.019999999552965164,0.009999999776482582,-1.159999966621399,-0.07040688395500183,-0.0059296670369803905,-9.996750831604004,0.017479514703154564,-0.00043133136932738125,0.0005364571698009968,92.0,16.023000717163086
1776227731.4292202,2026-04-15T04:35:31.429220,normal_square,03,47.39797,8.5461624,1.8060001134872437,1.6080000400543213,0.029999999329447746,0.009999999776482582,-1.1699999570846558,-0.06701009720563889,-0.010628582909703255,-9.999573707580566,0.018606947734951973,-0.0006889780052006245,0.0016226312145590782,92.0,16.023000717163086
1776227731.5307295,2026-04-15T04:35:31.530730,normal_square,03,47.39797,8.5461624,1.8060001134872437,1.6080000400543213,0.029999999329447746,0.009999999776482582,-1.1699999570846558,-0.06701009720563889,-0.010628582909703255,-9.999573707580566,0.018606947734951973,-0.0006889780052006245,0.0016226312145590782,92.0,16.023000717163086
1776227731.6329677,2026-04-15T04:35:31.632968,normal_square,03,47.397970099999995,8.5461624,1.8340001106262207,1.6360000371932983,0.029999999329447746,0.009999999776482582,-1.1699999570846558,-0.06944987177848816,-0.006868127267807722,-9.975617408752441,0.01769421063363552,-0.0001541333185741678,-0.0004784375778399408,92.0,16.023000717163086
1776227731.7374582,2026-04-15T04:35:31.737458,normal_square,03,47.397970099999995,8.5461624,1.8530000448226929,1.6540000438690186,0.029999999329447746,0.009999999776482582,-1.1699999570846558,-0.06537347286939621,0.007856693118810654,-9.994979858398438,0.017581546679139137,-0.0009913149988278747,-0.0002907285816036165,92.0,16.023000717163086
1776227731.8402514,2026-04-15T04:35:31.840251,normal_square,03,47.397970099999995,8.5461624,1.88100004196167,1.683000087738037,0.029999999329447746,0.009999999776482582,-1.1799999475479126,-0.06777025759220123,-0.0014271149411797523,-9.995304107666016,0.01830988936126232,-0.0014484276762232184,0.00026178249390795827,92.0,16.023000717163086
1776227731.9419763,2026-04-15T04:35:31.941976,normal_square,03,47.397970099999995,8.5461624,1.88100004196167,1.683000087738037,0.029999999329447746,0.009999999776482582,-1.1799999475479126,-0.06777025759220123,-0.0014271149411797523,-9.995304107666016,0.01830988936126232,-0.0014484276762232184,0.00026178249390795827,92.0,16.023000717163086
1776227732.0441973,2026-04-15T04:35:32.044197,normal_square,03,47.397970099999995,8.5461625,1.9530000686645508,1.7540000677108765,0.029999999329447746,0.009999999776482582,-1.1899999380111694,-0.058869943022727966,0.008233271539211273,-9.93282413482666,0.015925060957670212,0.0007711913203820586,0.0008809149148873985,92.0,16.023000717163086
1776227732.1489136,2026-04-15T04:35:32.148914,normal_square,03,47.397970099999995,8.5461625,1.9720001220703125,1.7740000486373901,0.029999999329447746,0.009999999776482582,-1.1899999380111694,-0.07969225943088531,-0.001285481732338667,-9.982926368713379,0.015986692160367966,-0.0010097605409100652,-0.0006261340458877385,92.0,16.023000717163086
1776227732.2560246,2026-04-15T04:35:32.256025,normal_square,03,47.397970099999995,8.5461625,2.001000165939331,1.8020000457763672,0.029999999329447746,0.009999999776482582,-1.1999999284744263,-0.060057491064071655,0.0032145509030669928,-9.983306884765625,0.015032866038382053,-0.0022777484264224768,0.00036217347951605916,92.0,16.023000717163086
1776227732.3589861,2026-04-15T04:35:32.358986,normal_square,03,47.397970099999995,8.5461625,2.0199999809265137,1.8220001459121704,0.029999999329447746,0.009999999776482582,-1.1999999284744263,-0.0631757453083992,-0.002758204936981201,-9.960824966430664,0.014428365975618362,-0.0012212061556056142,0.0007611929322592914,92.0,16.023000717163086
1776227732.4598973,2026-04-15T04:35:32.459897,normal_square,03,47.397970099999995,8.5461625,2.0490000247955322,1.8510000705718994,0.029999999329447746,0.009999999776482582,-1.1999999284744263,-0.06922714412212372,0.0027619486209005117,-10.029839515686035,0.013180726207792759,0.0015346129657700658,0.0007254425436258316,92.0,16.023000717163086
1776227732.5612428,2026-04-15T04:35:32.561243,normal_square,03,47.397970199999996,8.5461625,2.069000005722046,1.8700001239776611,0.029999999329447746,0.009999999776482582,-1.209999918937683,-0.06790865957736969,-0.004847157746553421,-9.96212100982666,0.012833407148718834,0.0020272184628993273,-0.0004819520399905741,92.0,16.023000717163086
1776227732.6627932,2026-04-15T04:35:32.662793,normal_square,03,47.397970199999996,8.5461625,2.0880000591278076,1.8900001049041748,0.029999999329447746,0.009999999776482582,-1.209999918937683,-0.06444185227155685,-0.002356924582272768,-9.966824531555176,0.012072538956999779,-1.320574119745288e-05,0.0001368814700981602,92.0,16.023000717163086
1776227732.7696369,2026-04-15T04:35:32.769637,normal_square,03,47.397970199999996,8.5461625,2.0880000591278076,1.8900001049041748,0.029999999329447746,0.009999999776482582,-1.209999918937683,-0.06444185227155685,-0.002356924582272768,-9.966824531555176,0.012072538956999779,-1.320574119745288e-05,0.0001368814700981602,92.0,16.023000717163086
1776227732.8717196,2026-04-15T04:35:32.871720,normal_square,03,47.397970199999996,8.5461625,2.13700008392334,1.939000129699707,0.029999999329447746,0.009999999776482582,-1.2200000286102295,-0.07218784093856812,-0.01009015366435051,-9.951835632324219,0.012210123240947723,6.189346458995715e-05,-0.00017929438035935163,92.0,16.023000717163086
1776227732.9860783,2026-04-15T04:35:32.986078,normal_square,03,47.397970199999996,8.5461625,2.1670000553131104,1.968000054359436,0.029999999329447746,0.009999999776482582,-1.2200000286102295,-0.0734766498208046,-0.003617611713707447,-10.000297546386719,0.009318610653281212,0.0011321288766339421,0.0014499819371849298,92.0,16.023000717163086
1776227733.0878823,2026-04-15T04:35:33.087882,normal_square,03,47.397970199999996,8.5461625,2.186000108718872,1.9880000352859497,0.029999999329447746,0.009999999776482582,-1.2200000286102295,-0.064024418592453,-0.005659765098243952,-9.990754127502441,0.008380195125937462,-0.0004266555770300329,0.0011243418557569385,92.0,16.023000717163086
1776227733.1894271,2026-04-15T04:35:33.189427,normal_square,03,47.397970199999996,8.5461625,2.2160000801086426,2.0180001258850098,0.029999999329447746,0.009999999776482582,-1.2300000190734863,-0.0694625973701477,0.0026430925354361534,-9.996784210205078,0.008556179702281952,0.0009811540367081761,0.000748921709600836,92.0,16.023000717163086
1776227733.2960432,2026-04-15T04:35:33.296043,normal_square,03,47.397970199999996,8.546162599999999,2.2360000610351562,2.0380001068115234,0.029999999329447746,0.009999999776482582,-1.2300000190734863,-0.07047609239816666,-0.00927210133522749,-9.94594955444336,0.009767239913344383,0.0013193644117563963,-7.741731678834185e-05,92.0,16.023000717163086
1776227733.396777,2026-04-15T04:35:33.396777,normal_square,03,47.397970199999996,8.546162599999999,2.2360000610351562,2.0380001068115234,0.029999999329447746,0.009999999776482582,-1.2300000190734863,-0.07047609239816666,-0.00927210133522749,-9.94594955444336,0.009767239913344383,0.0013193644117563963,-7.741731678834185e-05,92.0,16.023000717163086
1776227733.498982,2026-04-15T04:35:33.498982,normal_square,03,47.397970199999996,8.546162599999999,2.25600004196167,2.058000087738037,0.029999999329447746,0.009999999776482582,-1.2300000190734863,-0.07317271828651428,0.0066984714940190315,-9.961177825927734,0.009696770459413528,0.0012463342864066362,0.0006630535935983062,92.0,16.023000717163086
1776227733.6007993,2026-04-15T04:35:33.600799,normal_square,03,47.397970199999996,8.546162599999999,2.2760000228881836,2.078000068664551,0.029999999329447746,0.009999999776482582,-1.2400000095367432,-0.07485254853963852,-0.0006561363115906715,-9.989235877990723,0.009578167460858822,0.0038929665461182594,-0.0003691641322802752,92.0,16.023000717163086
1776227733.7051983,2026-04-15T04:35:33.705198,normal_square,03,47.397970199999996,8.546162599999999,2.305999994277954,2.1080000400543213,0.029999999329447746,0.009999999776482582,-1.2400000095367432,-0.0671379342675209,0.00048013264313340187,-9.935359954833984,0.007428979501128197,0.002517189597710967,0.00017086093430407345,92.0,16.023000717163086
1776227733.8096364,2026-04-15T04:35:33.809636,normal_square,03,47.397970199999996,8.546162599999999,2.3370001316070557,2.138000011444092,0.029999999329447746,0.009999999776482582,-1.2400000095367432,-0.07192321866750717,-0.003409076714888215,-9.939127922058105,0.002813265658915043,0.0023967588786035776,0.00034815006074495614,92.0,16.023000717163086
1776227733.915675,2026-04-15T04:35:33.915675,normal_square,03,47.3979703,8.546162599999999,2.377000093460083,2.17900013923645,0.029999999329447746,0.009999999776482582,-1.25,-0.06199223920702934,0.003928177058696747,-9.936168670654297,0.002548572141677141,0.0017400473589077592,0.00047155286301858723,92.0,16.023000717163086
1776227734.0249004,2026-04-15T04:35:34.024900,normal_square,03,47.3979703,8.546162599999999,2.4280002117156982,2.2300000190734863,0.019999999552965164,0.009999999776482582,-1.25,-0.06467996537685394,-0.0035684702452272177,-9.951799392700195,0.005354683380573988,0.003926067613065243,0.0002329842245671898,92.0,16.023000717163086
1776227734.127549,2026-04-15T04:35:34.127549,normal_square,03,47.3979703,8.546162599999999,2.4280002117156982,2.2300000190734863,0.019999999552965164,0.009999999776482582,-1.25,-0.06467996537685394,-0.0035684702452272177,-9.951799392700195,0.005354683380573988,0.003926067613065243,0.0002329842245671898,92.0,16.023000717163086
1776227734.2291996,2026-04-15T04:35:34.229200,normal_square,03,47.3979703,8.546162599999999,2.4590001106262207,2.261000156402588,0.019999999552965164,0.009999999776482582,-1.2599999904632568,-0.06960766017436981,-0.003490348579362035,-9.975780487060547,0.004760160576552153,0.0050069126300513744,0.0008925920119509101,92.0,16.023000717163086
1776227734.3311372,2026-04-15T04:35:34.331137,normal_square,03,47.3979703,8.546162599999999,2.4590001106262207,2.261000156402588,0.019999999552965164,0.009999999776482582,-1.2599999904632568,-0.06960766017436981,-0.003490348579362035,-9.975780487060547,0.004760160576552153,0.0050069126300513744,0.0008925920119509101,92.0,16.023000717163086
1776227734.4359388,2026-04-15T04:35:34.435939,normal_square,03,47.3979703,8.546162599999999,2.4690001010894775,2.2710001468658447,0.019999999552965164,0.009999999776482582,-1.2599999904632568,-0.06781885772943497,-0.002678518882021308,-9.962140083312988,0.004246963188052177,0.002709690248593688,-0.00016823328041937202,92.0,16.023000717163086
1776227734.53892,2026-04-15T04:35:34.538920,normal_square,03,47.3979703,8.546162599999999,2.4690001010894775,2.2710001468658447,0.019999999552965164,0.009999999776482582,-1.2599999904632568,-0.06781885772943497,-0.002678518882021308,-9.962140083312988,0.004246963188052177,0.002709690248593688,-0.00016823328041937202,92.0,16.023000717163086
1776227734.6409202,2026-04-15T04:35:34.640920,normal_square,03,47.3979703,8.5461627,2.5,2.302000045776367,0.019999999552965164,0.009999999776482582,-1.2599999904632568,-0.06549805402755737,-0.005613292567431927,-9.928546905517578,0.003999382723122835,0.003380227368324995,0.000704591628164053,92.0,16.023000717163086
1776227734.8175879,2026-04-15T04:35:34.817588,normal_square,03,47.3979703,8.5461627,2.5,2.302000045776367,0.019999999552965164,0.009999999776482582,-1.2599999904632568,-0.06549805402755737,-0.005613292567431927,-9.928546905517578,0.003999382723122835,0.003380227368324995,0.000704591628164053,92.0,16.023000717163086
1776227734.9207246,2026-04-15T04:35:34.920725,normal_square,03,47.3979703,8.5461627,2.5360000133514404,2.3380000591278076,0.019999999552965164,0.009999999776482582,-1.2699999809265137,-0.06764836609363556,-0.009585486724972725,-9.928306579589844,0.006052710581570864,0.0031992909498512745,0.00032743127667345107,92.0,16.023000717163086
1776227735.0239224,2026-04-15T04:35:35.023922,normal_square,03,47.3979703,8.5461627,2.5880000591278076,2.390000104904175,0.019999999552965164,0.009999999776482582,-1.2699999809265137,-0.06636885553598404,-0.005774152465164661,-9.964250564575195,0.004572797566652298,0.005797655787318945,-0.00015858891129028052,92.0,16.023000717163086
1776227735.1289525,2026-04-15T04:35:35.128953,normal_square,03,47.3979703,8.5461627,2.634000062942505,2.436000108718872,0.019999999552965164,0.009999999776482582,-1.2799999713897705,-0.06618674844503403,-0.003901474876329303,-9.961539268493652,0.006194409914314747,0.005858920980244875,0.000669925007969141,92.0,16.023000717163086
1776227735.2309954,2026-04-15T04:35:35.230995,normal_square,03,47.3979703,8.5461627,2.6660001277923584,2.4680001735687256,0.019999999552965164,0.009999999776482582,-1.2799999713897705,-0.06647580862045288,-0.0028840869199484587,-9.909998893737793,0.007102922070771456,0.0050948141142725945,0.0004649290640372783,92.0,16.023000717163086
1776227735.3327374,2026-04-15T04:35:35.332737,normal_square,03,47.3979703,8.5461627,2.687000036239624,2.489000082015991,0.019999999552965164,0.0,-1.2799999713897705,-0.06386265158653259,-0.012585652992129326,-9.911423683166504,0.006356378085911274,0.005212221760302782,0.0001899508060887456,92.0,16.023000717163086
1776227735.434657,2026-04-15T04:35:35.434657,normal_square,03,47.3979703,8.5461627,2.7130000591278076,2.515000104904175,0.019999999552965164,0.0,-1.2799999713897705,-0.06707557290792465,0.003778990125283599,-9.860862731933594,0.002990063978359103,0.006217178888618946,0.00026964969583787024,92.0,16.023000717163086
1776227735.5429032,2026-04-15T04:35:35.542903,normal_square,03,47.3979703,8.5461627,2.7340002059936523,2.5360000133514404,0.009999999776482582,0.0,-1.2899999618530273,-0.061085205525159836,-0.0062320781871676445,-9.894798278808594,-0.0005994391976855695,0.003977854736149311,0.0004885746166110039,92.0,16.023000717163086
1776227735.6467178,2026-04-15T04:35:35.646718,normal_square,03,47.3979703,8.5461627,2.755000114440918,2.557000160217285,0.009999999776482582,0.0,-1.2899999618530273,-0.06730439513921738,-0.003920149058103561,-9.941890716552734,-0.0013986884150654078,0.0022608886938542128,0.0009702639654278755,92.0,16.023000717163086
1776227735.74884,2026-04-15T04:35:35.748840,normal_square,03,47.3979703,8.5461627,2.755000114440918,2.557000160217285,0.009999999776482582,0.0,-1.2899999618530273,-0.06730439513921738,-0.003920149058103561,-9.941890716552734,-0.0013986884150654078,0.0022608886938542128,0.0009702639654278755,92.0,16.023000717163086
1776227735.85392,2026-04-15T04:35:35.853920,normal_square,03,47.3979703,8.5461628,2.808000087738037,2.6090002059936523,0.009999999776482582,0.0,-1.309999942779541,-0.06203949823975563,0.002693080110475421,-9.908279418945312,-0.0020677600987255573,0.0034792637452483177,0.0003009798820130527,92.0,16.023000717163086
1776227735.9566178,2026-04-15T04:35:35.956618,normal_square,03,47.3979703,8.5461628,2.829000234603882,2.63100004196167,0.009999999776482582,0.0,-1.3199999332427979,-0.06609605252742767,0.00041414634324610233,-9.870640754699707,-0.005373097024857998,0.004546686075627804,0.0005811752052977681,92.0,16.023000717163086
1776227736.0590036,2026-04-15T04:35:36.059004,normal_square,03,47.3979703,8.5461628,2.883000135421753,2.68500018119812,0.009999999776482582,0.0,-1.3299999237060547,-0.068825863301754,-0.00037706969305872917,-9.779809951782227,-0.006430328357964754,0.0039445217698812485,0.00042064249282702804,92.0,16.023000717163086
1776227736.1647398,2026-04-15T04:35:36.164740,normal_square,03,47.3979703,8.5461628,2.9170000553131104,2.7180001735687256,0.009999999776482582,0.0,-1.3399999141693115,-0.05997197702527046,0.006889401003718376,-9.742441177368164,-0.007331121247261763,0.005315103568136692,0.0003031757951248437,92.0,16.023000717163086
1776227736.2659023,2026-04-15T04:35:36.265902,normal_square,03,47.3979703,8.5461628,2.9170000553131104,2.7180001735687256,0.009999999776482582,0.0,-1.3399999141693115,-0.05997197702527046,0.006889401003718376,-9.742441177368164,-0.007331121247261763,0.005315103568136692,0.0003031757951248437,92.0,16.023000717163086
1776227736.3678892,2026-04-15T04:35:36.367889,normal_square,03,47.3979704,8.5461628,2.939000129699707,2.741000175476074,0.009999999776482582,0.0,-1.3399999141693115,-0.0650109276175499,-0.0052656130865216255,-9.75109577178955,-0.005857011768966913,0.007711857091635466,0.00021017322433181107,92.0,16.023000717163086
1776227736.473045,2026-04-15T04:35:36.473045,normal_square,03,47.3979704,8.5461628,2.9720001220703125,2.7740001678466797,0.009999999776482582,0.0,-1.3399999141693115,-0.07742460817098618,-0.007306194864213467,-9.749503135681152,-0.005932589061558247,0.007118070498108864,-1.6446065274067223e-06,92.0,16.023000717163086
1776227736.5766065,2026-04-15T04:35:36.576607,normal_square,03,47.3979704,8.546162899999999,3.00600004196167,2.808000087738037,0.009999999776482582,0.0,-1.3399999141693115,-0.06537911295890808,0.0012352470075711608,-9.68917465209961,-0.00443996163085103,0.008008944801986217,0.0007201465778052807,92.0,16.023000717163086
1776227736.6804535,2026-04-15T04:35:36.680454,normal_square,03,47.3979704,8.546162899999999,3.017000198364258,2.819000244140625,0.009999999776482582,0.0,-1.3399999141693115,-0.06652365624904633,0.001141570508480072,-9.740531921386719,-0.003190589603036642,0.006683564744889736,-0.00029941185493953526,92.0,16.023000717163086
1776227736.782676,2026-04-15T04:35:36.782676,normal_square,03,47.3979704,8.546162899999999,3.017000198364258,2.819000244140625,0.009999999776482582,0.0,-1.3399999141693115,-0.06652365624904633,0.001141570508480072,-9.740531921386719,-0.003190589603036642,0.006683564744889736,-0.00029941185493953526,92.0,16.023000717163086
1776227736.8898082,2026-04-15T04:35:36.889808,normal_square,03,47.3979704,8.546162899999999,3.017000198364258,2.819000244140625,0.009999999776482582,0.0,-1.3399999141693115,-0.06652365624904633,0.001141570508480072,-9.740531921386719,-0.003190589603036642,0.006683564744889736,-0.00029941185493953526,92.0,16.023000717163086
1776227736.9930356,2026-04-15T04:35:36.993036,normal_square,03,47.3979704,8.546162899999999,3.017000198364258,2.819000244140625,0.009999999776482582,0.0,-1.3399999141693115,-0.06652365624904633,0.001141570508480072,-9.740531921386719,-0.003190589603036642,0.006683564744889736,-0.00029941185493953526,92.0,16.023000717163086
1776227737.0957673,2026-04-15T04:35:37.095767,normal_square,03,47.3979704,8.546162899999999,3.1120002269744873,2.9140000343322754,0.009999999776482582,0.0,-1.350000023841858,-0.06106049194931984,0.0017218691064044833,-9.711263656616211,-3.5687720810528845e-05,0.0036020432598888874,0.0002687270753085613,92.0,16.023000717163086
1776227737.1971552,2026-04-15T04:35:37.197155,normal_square,03,47.3979704,8.546162899999999,3.1120002269744873,2.9140000343322754,0.009999999776482582,0.0,-1.350000023841858,-0.06106049194931984,0.0017218691064044833,-9.711263656616211,-3.5687720810528845e-05,0.0036020432598888874,0.0002687270753085613,92.0,16.023000717163086
1776227737.3036265,2026-04-15T04:35:37.303627,normal_square,03,47.3979704,8.546162899999999,3.1680002212524414,2.9690001010894775,0.009999999776482582,0.0,-1.350000023841858,-0.06432969123125076,-0.004557870328426361,-9.724947929382324,-3.61554921255447e-05,0.0008852883474901319,-0.00034073894494213164,92.0,16.023000717163086
1776227737.404848,2026-04-15T04:35:37.404848,normal_square,03,47.3979704,8.546162899999999,3.1680002212524414,2.9690001010894775,0.009999999776482582,0.0,-1.350000023841858,-0.06432969123125076,-0.004557870328426361,-9.724947929382324,-3.61554921255447e-05,0.0008852883474901319,-0.00034073894494213164,92.0,16.023000717163086
1776227737.5061557,2026-04-15T04:35:37.506156,normal_square,03,47.3979704,8.546162899999999,3.201000213623047,3.003000259399414,0.0,0.0,-1.350000023841858,-0.06606002151966095,-0.0041660889983177185,-9.764440536499023,5.1913379138568416e-05,0.0006015400867909193,-0.00020141087588854134,92.0,16.023000717163086
1776227737.6081107,2026-04-15T04:35:37.608111,normal_square,03,47.3979704,8.546162899999999,3.2230000495910645,3.0250000953674316,0.0,0.0,-1.350000023841858,-0.06806112080812454,-0.004212705418467522,-9.78428840637207,0.0007589247543364763,0.00020536832744255662,0.0009457340929657221,92.0,16.023000717163086
1776227737.7096784,2026-04-15T04:35:37.709678,normal_square,03,47.3979704,8.546162899999999,3.2230000495910645,3.0250000953674316,0.0,0.0,-1.350000023841858,-0.06806112080812454,-0.004212705418467522,-9.78428840637207,0.0007589247543364763,0.00020536832744255662,0.0009457340929657221,92.0,16.023000717163086
1776227737.8119235,2026-04-15T04:35:37.811924,normal_square,03,47.3979704,8.546162899999999,3.257000207901001,3.058000087738037,0.0,0.0,-1.350000023841858,-0.0686272382736206,-0.00897166132926941,-9.801576614379883,0.0038025840185582638,-0.002274799393489957,-0.00015455461107194424,92.0,16.023000717163086
1776227737.9154873,2026-04-15T04:35:37.915487,normal_square,03,47.3979704,8.546162899999999,3.257000207901001,3.058000087738037,0.0,0.0,-1.350000023841858,-0.0686272382736206,-0.00897166132926941,-9.801576614379883,0.0038025840185582638,-0.002274799393489957,-0.00015455461107194424,92.0,16.023000717163086
1776227738.0197353,2026-04-15T04:35:38.019735,normal_square,03,47.3979704,8.546162899999999,3.3010001182556152,3.1030001640319824,0.0,0.0,-1.350000023841858,-0.07079976052045822,-0.0064584119245409966,-9.771698951721191,0.004937593825161457,-0.003908567596226931,0.00016379199223592877,92.0,16.023000717163086
1776227738.122172,2026-04-15T04:35:38.122172,normal_square,03,47.3979704,8.546162899999999,3.3010001182556152,3.1030001640319824,0.0,0.0,-1.350000023841858,-0.07079976052045822,-0.0064584119245409966,-9.771698951721191,0.004937593825161457,-0.003908567596226931,0.00016379199223592877,92.0,16.023000717163086
1776227738.22543,2026-04-15T04:35:38.225430,normal_square,03,47.3979704,8.546162899999999,3.3340001106262207,3.136000156402588,0.0,0.0,-1.350000023841858,-0.06976769119501114,-0.00789501890540123,-9.808226585388184,0.00523349130526185,-0.0033247803803533316,-0.0005921481642872095,92.0,16.023000717163086
1776227738.350368,2026-04-15T04:35:38.350368,normal_square,03,47.3979705,8.546162899999999,3.3570001125335693,3.1580002307891846,0.0,0.0,-1.350000023841858,-0.07052236795425415,-0.015185904689133167,-9.77668571472168,0.004730268381536007,-0.005497089121490717,0.00043353132787160575,92.0,16.023000717163086
1776227738.4611554,2026-04-15T04:35:38.461155,normal_square,03,47.3979705,8.546162899999999,3.3570001125335693,3.1580002307891846,0.0,0.0,-1.350000023841858,-0.07052236795425415,-0.015185904689133167,-9.77668571472168,0.004730268381536007,-0.005497089121490717,0.00043353132787160575,92.0,16.023000717163086
1776227738.5626645,2026-04-15T04:35:38.562665,normal_square,03,47.3979705,8.546162899999999,3.379000186920166,3.181000232696533,0.0,0.0,-1.350000023841858,-0.07056258618831635,-0.0016643751878291368,-9.803080558776855,0.0050154514610767365,-0.007035269867628813,-0.0001652166829444468,92.0,16.023000717163086
1776227738.6640966,2026-04-15T04:35:38.664097,normal_square,03,47.3979705,8.546162899999999,3.379000186920166,3.181000232696533,0.0,0.0,-1.350000023841858,-0.07056258618831635,-0.0016643751878291368,-9.803080558776855,0.0050154514610767365,-0.007035269867628813,-0.0001652166829444468,92.0,16.023000717163086
1776227738.7662857,2026-04-15T04:35:38.766286,normal_square,03,47.3979705,8.546162899999999,3.379000186920166,3.181000232696533,0.0,0.0,-1.350000023841858,-0.07056258618831635,-0.0016643751878291368,-9.803080558776855,0.0050154514610767365,-0.007035269867628813,-0.0001652166829444468,92.0,16.023000717163086
1776227738.8846838,2026-04-15T04:35:38.884684,normal_square,03,47.3979705,8.546162899999999,3.4120001792907715,3.2140002250671387,0.0,0.0,-1.350000023841858,-0.06814666837453842,-0.0039035987574607134,-9.808262825012207,0.004938504192978144,-0.007288914639502764,-0.0005968081532046199,92.0,16.023000717163086
1776227738.9937346,2026-04-15T04:35:38.993735,normal_square,03,47.3979705,8.546162899999999,3.4120001792907715,3.2140002250671387,0.0,0.0,-1.350000023841858,-0.06814666837453842,-0.0039035987574607134,-9.808262825012207,0.004938504192978144,-0.007288914639502764,-0.0005968081532046199,92.0,16.023000717163086
1776227739.095826,2026-04-15T04:35:39.095826,normal_square,03,47.3979705,8.546162899999999,3.434000253677368,3.2360000610351562,0.0,0.0,-1.350000023841858,-0.06651849299669266,-0.004703695885837078,-9.797006607055664,0.0046671610325574875,-0.0059774406254291534,-0.0002666463260538876,92.0,16.023000717163086
1776227739.1976423,2026-04-15T04:35:39.197642,normal_square,03,47.3979705,8.546162899999999,3.434000253677368,3.2360000610351562,0.0,0.0,-1.350000023841858,-0.06651849299669266,-0.004703695885837078,-9.797006607055664,0.0046671610325574875,-0.0059774406254291534,-0.0002666463260538876,92.0,16.023000717163086
1776227739.3031812,2026-04-15T04:35:39.303181,normal_square,03,47.3979705,8.546162899999999,3.4560000896453857,3.258000135421753,0.0,0.0,-1.350000023841858,-0.06543702632188797,-0.0013470544945448637,-9.871725082397461,0.004318597260862589,-0.006317279767245054,0.0007852256530895829,92.0,16.023000717163086
1776227739.4078765,2026-04-15T04:35:39.407876,normal_square,03,47.3979705,8.546162899999999,3.4560000896453857,3.258000135421753,0.0,0.0,-1.350000023841858,-0.060233984142541885,-0.004960991442203522,-9.863452911376953,0.004188105463981628,-0.0055929324589669704,0.00029443882522173226,92.0,16.023000717163086
1776227739.5108545,2026-04-15T04:35:39.510854,normal_square,03,47.3979705,8.546162899999999,3.4670002460479736,3.2690000534057617,0.0,0.0,-1.350000023841858,-0.060233984142541885,-0.004960991442203522,-9.863452911376953,0.004188105463981628,-0.0055929324589669704,0.00029443882522173226,92.0,16.023000717163086
1776227739.6117244,2026-04-15T04:35:39.611724,normal_square,03,47.3979705,8.546162899999999,3.501000165939331,3.3030002117156982,0.0,0.0,-1.3600000143051147,-0.060758430510759354,-0.006011927500367165,-9.944210052490234,0.0017163472948595881,-0.00642577325925231,0.00010290689533576369,92.0,16.023000717163086
1776227739.7142644,2026-04-15T04:35:39.714264,normal_square,03,47.3979705,8.546162899999999,3.501000165939331,3.3030002117156982,0.0,0.0,-1.3600000143051147,-0.060758430510759354,-0.006011927500367165,-9.944210052490234,0.0017163472948595881,-0.00642577325925231,0.00010290689533576369,92.0,16.023000717163086
1776227739.8161373,2026-04-15T04:35:39.816137,normal_square,03,47.3979705,8.546162899999999,3.5230002403259277,3.325000047683716,0.0,0.0,-1.3600000143051147,-0.06569250673055649,-0.0009254328906536102,-9.858524322509766,0.00161504908464849,-0.005467761307954788,0.0006690332666039467,92.0,16.023000717163086
1776227739.9191568,2026-04-15T04:35:39.919157,normal_square,03,47.3979705,8.546162899999999,3.5230002403259277,3.325000047683716,0.0,0.0,-1.3600000143051147,-0.06569250673055649,-0.0009254328906536102,-9.858524322509766,0.00161504908464849,-0.005467761307954788,0.0006690332666039467,92.0,16.023000717163086
1776227740.0232406,2026-04-15T04:35:40.023241,normal_square,03,47.3979705,8.546162899999999,3.556000232696533,3.3580002784729004,0.0,0.0,-1.3600000143051147,-0.06435354799032211,-0.012814844027161598,-9.803336143493652,0.0014029752928763628,-0.006303395610302687,0.0006680168444290757,92.0,16.023000717163086
1776227740.1253216,2026-04-15T04:35:40.125322,normal_square,03,47.3979705,8.546162899999999,3.578000068664551,3.380000114440918,0.0,0.0,-1.3600000143051147,-0.06695191562175751,-0.012307201512157917,-9.830591201782227,0.00036047911271452904,-0.0037080838810652494,0.0005024313577450812,92.0,16.023000717163086
1776227740.2267532,2026-04-15T04:35:40.226753,normal_square,03,47.3979705,8.546162899999999,3.6120002269744873,3.4130001068115234,0.0,0.0,-1.3600000143051147,-0.07012009620666504,-0.006031543016433716,-9.807992935180664,0.00032858343911357224,-0.0045089395716786385,-0.0003597520408220589,92.0,16.023000717163086
1776227740.3288746,2026-04-15T04:35:40.328875,normal_square,03,47.3979705,8.546162899999999,3.634000062942505,3.436000108718872,0.0,-0.009999999776482582,-1.3600000143051147,-0.061822522431612015,-0.0031684960704296827,-9.822809219360352,-0.0003909243969246745,-0.004329762887209654,0.0014800627250224352,89.0,15.963000297546387
1776227740.4322917,2026-04-15T04:35:40.432292,normal_square,03,47.3979705,8.546162899999999,3.6670000553131104,3.4690001010894775,0.0,-0.009999999776482582,-1.3600000143051147,-0.060960035771131516,-0.006541751325130463,-9.854557037353516,0.000818250235170126,-0.004157019313424826,-0.0006011177320033312,89.0,15.963000297546387
1776227740.5350192,2026-04-15T04:35:40.535019,normal_square,03,47.3979705,8.546162899999999,3.6670000553131104,3.4690001010894775,0.0,-0.009999999776482582,-1.3600000143051147,-0.060960035771131516,-0.006541751325130463,-9.854557037353516,0.000818250235170126,-0.004157019313424826,-0.0006011177320033312,89.0,15.963000297546387
1776227740.6409557,2026-04-15T04:35:40.640956,normal_square,03,47.3979705,8.546162899999999,3.690000057220459,3.492000102996826,0.0,-0.009999999776482582,-1.3600000143051147,-0.06600528210401535,-0.0037464408669620752,-9.815736770629883,0.0006465234328061342,-0.0060280184261500835,0.0007903091027401388,89.0,15.963000297546387
1776227740.7441685,2026-04-15T04:35:40.744169,normal_square,03,47.3979705,8.546162899999999,3.7120001316070557,3.514000177383423,0.0,-0.009999999776482582,-1.3700000047683716,-0.0646650418639183,-0.0038935320917516947,-9.84282112121582,0.0006965827778913081,-0.005726178176701069,-0.0003041359595954418,89.0,15.963000297546387
1776227740.852002,2026-04-15T04:35:40.852002,normal_square,03,47.3979705,8.546162899999999,3.7120001316070557,3.514000177383423,0.0,-0.009999999776482582,-1.3700000047683716,-0.0646650418639183,-0.0038935320917516947,-9.84282112121582,0.0006965827778913081,-0.005726178176701069,-0.0003041359595954418,89.0,15.963000297546387
1776227740.953051,2026-04-15T04:35:40.953051,normal_square,03,47.3979705,8.546162899999999,3.7680001258850098,3.570000171661377,0.0,-0.009999999776482582,-1.3700000047683716,-0.06222502514719963,-0.006377190351486206,-9.8178129196167,0.0003342030686326325,-0.003035204252228141,0.0006757326773367822,89.0,15.963000297546387
1776227741.0558004,2026-04-15T04:35:41.055800,normal_square,03,47.3979705,8.546162899999999,3.7900002002716064,3.5920002460479736,0.0,-0.009999999776482582,-1.3700000047683716,-0.07092978060245514,-0.00890543032437563,-9.809587478637695,0.00024160099565051496,-0.00411643972620368,0.0005305467057041824,89.0,15.963000297546387
1776227741.156896,2026-04-15T04:35:41.156896,normal_square,03,47.3979705,8.546162899999999,3.8570001125335693,3.6590001583099365,0.0,-0.009999999776482582,-1.3700000047683716,-0.04495349898934364,-0.006689184345304966,-9.815231323242188,0.0020839807111769915,-0.004109060391783714,0.0019056402379646897,89.0,15.963000297546387
1776227741.2599363,2026-04-15T04:35:41.259936,normal_square,03,47.3979705,8.546162899999999,3.890000104904175,3.692000150680542,0.0,-0.009999999776482582,-1.3700000047683716,-0.05861889198422432,-0.011019192636013031,-9.84481430053711,-0.0002534036466386169,-0.005533933639526367,0.0007262779981829226,89.0,15.963000297546387
1776227741.3657088,2026-04-15T04:35:41.365709,normal_square,03,47.3979705,8.546162899999999,3.890000104904175,3.692000150680542,0.0,-0.009999999776482582,-1.3700000047683716,-0.05861889198422432,-0.011019192636013031,-9.84481430053711,-0.0002534036466386169,-0.005533933639526367,0.0007262779981829226,89.0,15.963000297546387
1776227741.4707417,2026-04-15T04:35:41.470742,normal_square,03,47.3979705,8.546162899999999,3.9130001068115234,3.7150001525878906,0.0,-0.009999999776482582,-1.3700000047683716,-0.06984226405620575,-0.005608608014881611,-9.846790313720703,-0.00139833171851933,-0.007303929887712002,0.00037385738687589765,89.0,15.963000297546387
1776227741.5741944,2026-04-15T04:35:41.574194,normal_square,03,47.3979705,8.546162899999999,3.946000099182129,3.748000144958496,0.0,-0.009999999776482582,-1.3700000047683716,-0.06688600033521652,-0.004916033707559109,-9.882244110107422,-0.00010293745435774326,-0.007492594420909882,-0.00028363295132294297,89.0,15.963000297546387
1776227741.6789563,2026-04-15T04:35:41.678956,normal_square,03,47.3979705,8.546162899999999,3.946000099182129,3.748000144958496,0.0,-0.009999999776482582,-1.3700000047683716,-0.06688600033521652,-0.004916033707559109,-9.882244110107422,-0.00010293745435774326,-0.007492594420909882,-0.00028363295132294297,89.0,15.963000297546387
1776227741.7812943,2026-04-15T04:35:41.781294,normal_square,03,47.3979705,8.546162899999999,3.9690001010894775,3.7700002193450928,0.0,-0.009999999776482582,-1.3700000047683716,-0.06152636930346489,-0.011576932854950428,-9.857264518737793,-0.0011484137503430247,-0.005064858589321375,-4.076853656442836e-05,89.0,15.963000297546387
1776227741.8851893,2026-04-15T04:35:41.885189,normal_square,03,47.3979705,8.546162899999999,4.002000331878662,3.80400013923645,0.0,-0.009999999776482582,-1.3700000047683716,-0.07037350535392761,-0.014889109879732132,-9.892049789428711,0.0005332800792530179,-0.004139775410294533,-0.0003439770662225783,89.0,15.963000297546387
1776227741.991259,2026-04-15T04:35:41.991259,normal_square,03,47.3979705,8.546162899999999,4.025000095367432,3.827000141143799,0.0,-0.009999999776482582,-1.3799999952316284,-0.07024621963500977,-0.0012249837163835764,-9.889808654785156,0.001965754432603717,-0.0025067192036658525,0.000134193294798024,89.0,15.963000297546387
1776227742.0954685,2026-04-15T04:35:42.095469,normal_square,03,47.3979706,8.546162899999999,4.081000328063965,3.883000135421753,0.0,-0.009999999776482582,-1.3799999952316284,-0.06848348677158356,-0.009037762880325317,-9.832234382629395,0.0006696957279928029,-0.004734976217150688,-0.0009918701834976673,89.0,15.963000297546387
1776227742.2040167,2026-04-15T04:35:42.204017,normal_square,03,47.3979706,8.546162899999999,4.104000091552734,3.9060001373291016,0.0,-0.009999999776482582,-1.3799999952316284,-0.05836205929517746,-0.009248699992895126,-9.899162292480469,0.0018242235528305173,-0.0046594939194619656,0.0006616288446821272,89.0,15.963000297546387
1776227742.3069582,2026-04-15T04:35:42.306958,normal_square,03,47.3979706,8.546162899999999,4.104000091552734,3.9060001373291016,0.0,-0.009999999776482582,-1.3799999952316284,-0.05836205929517746,-0.009248699992895126,-9.899162292480469,0.0018242235528305173,-0.0046594939194619656,0.0006616288446821272,89.0,15.963000297546387
1776227742.408997,2026-04-15T04:35:42.408997,normal_square,03,47.3979706,8.546162899999999,4.127000331878662,3.92900013923645,0.0,-0.009999999776482582,-1.3799999952316284,-0.0661575049161911,-0.009497479535639286,-9.856021881103516,0.0007986971759237349,-0.005494237877428532,-0.00036090222420170903,89.0,15.963000297546387
1776227742.5124083,2026-04-15T04:35:42.512408,normal_square,03,47.3979706,8.546162899999999,4.1610002517700195,3.9630002975463867,0.0,-0.009999999776482582,-1.3799999952316284,-0.07152166962623596,8.658110164105892e-05,-9.885113716125488,0.000576298451051116,-0.005324188619852066,-0.00014506594743579626,89.0,15.963000297546387
1776227742.6190605,2026-04-15T04:35:42.619061,normal_square,03,47.3979706,8.546162899999999,4.195000171661377,3.997000217437744,0.0,-0.009999999776482582,-1.3899999856948853,-0.06296181678771973,-0.007893997244536877,-9.840799331665039,-0.0011268279049545527,-0.004165103659033775,0.0004914588062092662,89.0,15.963000297546387
1776227742.720548,2026-04-15T04:35:42.720548,normal_square,03,47.3979706,8.546162899999999,4.195000171661377,3.997000217437744,0.0,-0.009999999776482582,-1.3899999856948853,-0.06165694817900658,-0.009148761630058289,-9.836014747619629,-0.0002831626043189317,-0.0033870828337967396,0.00018679832282941788,89.0,15.963000297546387
1776227742.8331285,2026-04-15T04:35:42.833128,normal_square,03,47.3979706,8.5461628,4.218000411987305,4.019999980926514,0.0,-0.009999999776482582,-1.3899999856948853,-0.06165694817900658,-0.009148761630058289,-9.836014747619629,-0.0002831626043189317,-0.0033870828337967396,0.00018679832282941788,89.0,15.963000297546387
1776227742.9446588,2026-04-15T04:35:42.944659,normal_square,03,47.3979706,8.5461628,4.343000411987305,4.144999980926514,-0.009999999776482582,-0.009999999776482582,-1.3899999856948853,-0.0651136189699173,-0.007124488241970539,-9.876989364624023,-0.005377539899200201,-0.006031837314367294,-0.0015327553264796734,89.0,15.963000297546387
1776227743.0457597,2026-04-15T04:35:43.045760,normal_square,03,47.3979706,8.5461628,4.366000175476074,4.168000221252441,-0.009999999776482582,-0.009999999776482582,-1.3899999856948853,-0.058602407574653625,-0.003448158735409379,-9.84518051147461,-0.0042216582223773,-0.0038226942997425795,-0.0002836731728166342,89.0,15.963000297546387
1776227743.152083,2026-04-15T04:35:43.152083,normal_square,03,47.3979706,8.5461628,4.377000331878662,4.179000377655029,-0.009999999776482582,-0.009999999776482582,-1.3899999856948853,-0.06307200342416763,-0.009137062355875969,-9.84988021850586,-0.003483365522697568,-0.004107078071683645,-0.001805933890864253,89.0,15.963000297546387
1776227743.2549272,2026-04-15T04:35:43.254927,normal_square,03,47.3979706,8.5461628,4.429000377655029,4.2310004234313965,-0.009999999776482582,-0.009999999776482582,-1.399999976158142,-0.06642322987318039,-0.004440351389348507,-9.893217086791992,-0.0033222830388695,-0.003618266899138689,-0.0004964491236023605,89.0,15.963000297546387
1776227743.3572145,2026-04-15T04:35:43.357214,normal_square,03,47.3979706,8.5461628,4.429000377655029,4.2310004234313965,-0.009999999776482582,-0.009999999776482582,-1.399999976158142,-0.06642322987318039,-0.004440351389348507,-9.893217086791992,-0.0033222830388695,-0.003618266899138689,-0.0004964491236023605,89.0,15.963000297546387
1776227743.4588377,2026-04-15T04:35:43.458838,normal_square,03,47.3979706,8.5461628,4.429000377655029,4.2310004234313965,-0.009999999776482582,-0.009999999776482582,-1.399999976158142,-0.06642322987318039,-0.004440351389348507,-9.893217086791992,-0.0033222830388695,-0.003618266899138689,-0.0004964491236023605,89.0,15.963000297546387
1776227743.5608084,2026-04-15T04:35:43.560808,normal_square,03,47.3979706,8.5461628,4.486000061035156,4.288000106811523,-0.009999999776482582,-0.009999999776482582,-1.399999976158142,-0.06771673262119293,-0.009107484482228756,-9.864919662475586,-0.0029922639951109886,-0.0019838425796478987,0.000189688362297602,89.0,15.963000297546387
1776227743.6669004,2026-04-15T04:35:43.666900,normal_square,03,47.3979706,8.5461628,4.486000061035156,4.288000106811523,-0.009999999776482582,-0.009999999776482582,-1.399999976158142,-0.06771673262119293,-0.009107484482228756,-9.864919662475586,-0.0029922639951109886,-0.0019838425796478987,0.000189688362297602,89.0,15.963000297546387
1776227743.770956,2026-04-15T04:35:43.770956,normal_square,03,47.3979706,8.5461628,4.510000228881836,4.311000347137451,-0.009999999776482582,-0.009999999776482582,-1.399999976158142,-0.06118228659033775,-0.010392991825938225,-9.879480361938477,-0.002953002229332924,-0.0034440222661942244,-0.0006562109920196235,89.0,15.963000297546387
1776227743.8749173,2026-04-15T04:35:43.874917,normal_square,03,47.3979705,8.5461628,4.556000232696533,4.3580002784729,-0.009999999776482582,-0.009999999776482582,-1.399999976158142,-0.06380216032266617,-0.011440811678767204,-9.863777160644531,-0.001173317665234208,-0.0036314234603196383,-0.001534614828415215,89.0,15.963000297546387
1776227743.977719,2026-04-15T04:35:43.977719,normal_square,03,47.3979705,8.5461628,4.578999996185303,4.38100004196167,-0.009999999776482582,-0.009999999776482582,-1.409999966621399,-0.06970185041427612,-0.014270804822444916,-9.891162872314453,-0.0013280133716762066,-0.003343365155160427,-0.0003709899610839784,89.0,15.963000297546387
1776227744.0788786,2026-04-15T04:35:44.078879,normal_square,03,47.3979705,8.5461628,4.6020002365112305,4.404000282287598,-0.009999999776482582,-0.009999999776482582,-1.409999966621399,-0.06259551644325256,-0.007520381361246109,-9.864617347717285,-0.0008255430730059743,-0.003715415485203266,-0.0008806618279777467,89.0,15.963000297546387
1776227744.1809695,2026-04-15T04:35:44.180969,normal_square,03,47.3979705,8.5461628,4.6610002517700195,4.463000297546387,-0.009999999776482582,-0.009999999776482582,-1.4199999570846558,-0.059133704751729965,-0.011961509473621845,-9.83654499053955,-0.0021160391625016928,-0.000879896164406091,-0.0006061197491362691,89.0,15.963000297546387
1776227744.2830725,2026-04-15T04:35:44.283072,normal_square,03,47.3979705,8.5461628,4.690000057220459,4.492000102996826,-0.009999999776482582,-0.009999999776482582,-1.4199999570846558,-0.059435904026031494,-0.008717603050172329,-9.843622207641602,-0.0026935033965855837,-0.001385154901072383,-0.0017170453211292624,89.0,15.963000297546387
1776227744.3852866,2026-04-15T04:35:44.385287,normal_square,03,47.3979705,8.5461628,4.690000057220459,4.492000102996826,-0.009999999776482582,-0.009999999776482582,-1.4199999570846558,-0.059435904026031494,-0.008717603050172329,-9.843622207641602,-0.0026935033965855837,-0.001385154901072383,-0.0017170453211292624,89.0,15.963000297546387
1776227744.4947078,2026-04-15T04:35:44.494708,normal_square,03,47.3979705,8.5461628,4.7260003089904785,4.527000427246094,-0.019999999552965164,-0.009999999776482582,-1.4299999475479126,-0.06403342634439468,-0.005416779778897762,-9.814996719360352,-0.0016243120189756155,-0.0013133179163560271,-0.0002935679513029754,89.0,15.963000297546387
1776227744.601054,2026-04-15T04:35:44.601054,normal_square,03,47.3979705,8.5461628,4.7260003089904785,4.527000427246094,-0.019999999552965164,-0.009999999776482582,-1.4299999475479126,-0.06403342634439468,-0.005416779778897762,-9.814996719360352,-0.0016243120189756155,-0.0013133179163560271,-0.0002935679513029754,89.0,15.963000297546387
1776227744.7025754,2026-04-15T04:35:44.702575,normal_square,03,47.3979705,8.5461628,4.749000072479248,4.551000118255615,-0.019999999552965164,-0.009999999776482582,-1.4299999475479126,-0.06938821822404861,-0.009556254372000694,-9.795122146606445,-0.0031443035695701838,-0.0013825129717588425,-0.001916389213874936,89.0,15.963000297546387
1776227744.8208585,2026-04-15T04:35:44.820858,normal_square,03,47.3979705,8.5461628,4.832000255584717,4.634000301361084,-0.019999999552965164,-0.009999999776482582,-1.4299999475479126,-0.0631742775440216,-0.008518341928720474,-9.753488540649414,-0.005687879864126444,0.000951496185734868,-0.0012125644134357572,89.0,15.963000297546387
1776227744.9225159,2026-04-15T04:35:44.922516,normal_square,03,47.3979705,8.5461628,4.9150004386901855,4.7170000076293945,-0.019999999552965164,-0.009999999776482582,-1.4299999475479126,-0.059546809643507004,-0.013707146048545837,-9.71517276763916,-0.0060639409348368645,0.0024801006074994802,-0.0006340029067359865,89.0,15.963000297546387
1776227745.0243638,2026-04-15T04:35:45.024364,normal_square,03,47.3979705,8.5461628,4.9150004386901855,4.7170000076293945,-0.019999999552965164,-0.009999999776482582,-1.4299999475479126,-0.059546809643507004,-0.013707146048545837,-9.71517276763916,-0.0060639409348368645,0.0024801006074994802,-0.0006340029067359865,89.0,15.963000297546387
1776227745.1355116,2026-04-15T04:35:45.135512,normal_square,03,47.3979705,8.5461628,4.951000213623047,4.753000259399414,-0.019999999552965164,-0.009999999776482582,-1.4299999475479126,-0.06586532294750214,-0.00592423090711236,-9.747856140136719,-0.0066347611136734486,0.0023786460515111685,-0.0007659690454602242,89.0,15.963000297546387
1776227745.2398024,2026-04-15T04:35:45.239802,normal_square,03,47.3979705,8.5461628,4.951000213623047,4.753000259399414,-0.019999999552965164,-0.009999999776482582,-1.4299999475479126,-0.06586532294750214,-0.00592423090711236,-9.747856140136719,-0.0066347611136734486,0.0023786460515111685,-0.0007659690454602242,89.0,15.963000297546387
1776227745.3415494,2026-04-15T04:35:45.341549,normal_square,03,47.3979705,8.5461628,4.975000381469727,4.777000427246094,-0.019999999552965164,-0.009999999776482582,-1.4299999475479126,-0.058821115642786026,-0.006527375895529985,-9.736865997314453,-0.006096275523304939,9.095585846807808e-05,-0.0014486458385363221,89.0,15.963000297546387
1776227745.4448228,2026-04-15T04:35:45.444823,normal_square,03,47.3979705,8.5461628,4.998000144958496,4.800000190734863,-0.019999999552965164,-0.009999999776482582,-1.4299999475479126,-0.06933315843343735,-0.010569147765636444,-9.789413452148438,-0.007374841254204512,0.0030011371709406376,-0.0009902568999677896,89.0,15.963000297546387
1776227745.5522397,2026-04-15T04:35:45.552240,normal_square,03,47.3979705,8.5461628,4.998000144958496,4.800000190734863,-0.019999999552965164,-0.009999999776482582,-1.4299999475479126,-0.06933315843343735,-0.010569147765636444,-9.789413452148438,-0.007374841254204512,0.0030011371709406376,-0.0009902568999677896,89.0,15.963000297546387
1776227745.6549127,2026-04-15T04:35:45.654913,normal_square,03,47.3979705,8.5461628,5.034000396728516,4.836000442504883,-0.019999999552965164,-0.009999999776482582,-1.4299999475479126,-0.056509241461753845,-0.00512134050950408,-9.755362510681152,-0.007846101187169552,0.0035485499538481236,-0.0006007615011185408,89.0,15.963000297546387
1776227745.757005,2026-04-15T04:35:45.757005,normal_square,03,47.3979705,8.5461628,5.034000396728516,4.836000442504883,-0.019999999552965164,-0.009999999776482582,-1.4299999475479126,-0.056509241461753845,-0.00512134050950408,-9.755362510681152,-0.007846101187169552,0.0035485499538481236,-0.0006007615011185408,89.0,15.963000297546387
1776227745.858597,2026-04-15T04:35:45.858597,normal_square,03,47.3979705,8.546162899999999,5.069000244140625,4.871000289916992,-0.019999999552965164,-0.009999999776482582,-1.4299999475479126,-0.06277971714735031,-0.011351095512509346,-9.788125038146973,-0.007279235403984785,0.0051242695190012455,-0.0015855160309001803,89.0,15.963000297546387
1776227745.960889,2026-04-15T04:35:45.960889,normal_square,03,47.3979705,8.546162899999999,5.093000411987305,4.895000457763672,-0.019999999552965164,-0.009999999776482582,-1.4299999475479126,-0.06052223965525627,-0.011748861521482468,-9.761955261230469,-0.007248407229781151,0.007470746524631977,-4.497616464504972e-05,89.0,15.963000297546387
1776227746.065305,2026-04-15T04:35:46.065305,normal_square,03,47.3979705,8.546162899999999,5.152000427246094,4.954000473022461,-0.019999999552965164,-0.009999999776482582,-1.4299999475479126,-0.061754260212183,-0.006230170372873545,-9.815134048461914,-0.008305626921355724,0.007743852213025093,-0.0019783421885222197,89.0,15.963000297546387
1776227746.1677277,2026-04-15T04:35:46.167728,normal_square,03,47.3979704,8.546162899999999,5.193000316619873,4.99500036239624,-0.019999999552965164,-0.009999999776482582,-1.4299999475479126,-0.06229531392455101,-0.003289506770670414,-9.799886703491211,-0.008054995909333229,0.0051359254866838455,-0.0006802803254686296,89.0,15.963000297546387
1776227746.2700722,2026-04-15T04:35:46.270072,normal_square,03,47.3979704,8.546162899999999,5.228000164031982,5.03000020980835,-0.019999999552965164,-0.009999999776482582,-1.4299999475479126,-0.06901287287473679,-0.009033670648932457,-9.776511192321777,-0.007887209765613079,0.005122440867125988,-0.0017132987268269062,89.0,15.963000297546387
1776227746.3721871,2026-04-15T04:35:46.372187,normal_square,03,47.3979704,8.546162899999999,5.252000331878662,5.054000377655029,-0.029999999329447746,-0.009999999776482582,-1.4299999475479126,-0.0625675693154335,-0.008612049743533134,-9.800802230834961,-0.008372154086828232,0.005289243999868631,0.00031865740311332047,89.0,15.963000297546387
1776227746.4856937,2026-04-15T04:35:46.485694,normal_square,03,47.3979704,8.546162899999999,5.275000095367432,5.077000141143799,-0.029999999329447746,-0.009999999776482582,-1.4299999475479126,-0.06300818175077438,-0.006528398487716913,-9.805577278137207,-0.009009145200252533,0.006708633620291948,-0.0013229751493781805,89.0,15.963000297546387
1776227746.5870154,2026-04-15T04:35:46.587015,normal_square,03,47.3979704,8.546162899999999,5.275000095367432,5.077000141143799,-0.029999999329447746,-0.009999999776482582,-1.4299999475479126,-0.06300818175077438,-0.006528398487716913,-9.805577278137207,-0.009009145200252533,0.006708633620291948,-0.0013229751493781805,89.0,15.963000297546387
1776227746.6885126,2026-04-15T04:35:46.688513,normal_square,03,47.3979704,8.546162899999999,5.275000095367432,5.077000141143799,-0.029999999329447746,-0.009999999776482582,-1.4299999475479126,-0.06155901774764061,-0.0062875463627278805,-9.794053077697754,-0.008897504769265652,0.006348880007863045,-0.0008423335384577513,89.0,15.963000297546387
1776227746.7903628,2026-04-15T04:35:46.790363,normal_square,03,47.3979704,8.546162899999999,5.334000110626221,5.136000156402588,-0.029999999329447746,-0.009999999776482582,-1.4299999475479126,-0.062247384339571,-0.024662693962454796,-9.835613250732422,-0.008720695972442627,0.00693321181461215,-0.00014756363816559315,89.0,15.963000297546387
1776227746.892393,2026-04-15T04:35:46.892393,normal_square,03,47.3979704,8.546162899999999,5.357000350952148,5.159000396728516,-0.029999999329447746,-0.009999999776482582,-1.4299999475479126,-0.06886088848114014,-0.0134755689650774,-9.816100120544434,-0.008826631121337414,0.00844167172908783,-0.0007834057905711234,89.0,15.963000297546387
1776227746.9955041,2026-04-15T04:35:46.995504,normal_square,03,47.3979704,8.546162899999999,5.404000282287598,5.206000328063965,-0.029999999329447746,0.0,-1.4399999380111694,-0.07109032571315765,-0.006434484850615263,-9.807893753051758,-0.007997734472155571,0.009706126525998116,-8.287537639262155e-05,89.0,15.963000297546387
1776227747.1047986,2026-04-15T04:35:47.104799,normal_square,03,47.3979704,8.546162899999999,5.404000282287598,5.206000328063965,-0.029999999329447746,0.0,-1.4399999380111694,-0.07109032571315765,-0.006434484850615263,-9.807893753051758,-0.007997734472155571,0.009706126525998116,-8.287537639262155e-05,89.0,15.963000297546387
1776227747.2071378,2026-04-15T04:35:47.207138,normal_square,03,47.3979704,8.546163,5.451000213623047,5.253000259399414,-0.029999999329447746,0.0,-1.4399999380111694,-0.06749594956636429,-0.014800187200307846,-9.84475326538086,-0.00818945374339819,0.009622214362025261,-0.00011119851842522621,89.0,15.963000297546387
1776227747.3101883,2026-04-15T04:35:47.310188,normal_square,03,47.3979703,8.546163,5.510000228881836,5.312000274658203,-0.029999999329447746,0.0,-1.4399999380111694,-0.06759379804134369,-0.01675487495958805,-9.837240219116211,-0.008865335956215858,0.010467222891747952,-0.0005783342057839036,89.0,15.963000297546387
1776227747.4189966,2026-04-15T04:35:47.418997,normal_square,03,47.3979703,8.546163,5.510000228881836,5.312000274658203,-0.029999999329447746,0.0,-1.4399999380111694,-0.06759379804134369,-0.01675487495958805,-9.837240219116211,-0.008865335956215858,0.010467222891747952,-0.0005783342057839036,89.0,15.963000297546387
1776227747.524087,2026-04-15T04:35:47.524087,normal_square,03,47.3979703,8.546163,5.545000076293945,5.3470001220703125,-0.029999999329447746,0.0,-1.4399999380111694,-0.06396471709012985,-0.006821827497333288,-9.810580253601074,-0.008229155093431473,0.009530402719974518,-0.00047509244177490473,89.0,15.963000297546387
1776227747.625712,2026-04-15T04:35:47.625712,normal_square,03,47.3979703,8.546163,5.569000244140625,5.37000036239624,-0.029999999329447746,0.0,-1.4399999380111694,-0.06245474889874458,-0.013295385986566544,-9.835634231567383,-0.005675229709595442,0.008714169263839722,0.0007789490628056228,89.0,15.963000297546387
1776227747.728342,2026-04-15T04:35:47.728342,normal_square,03,47.3979703,8.546163,5.604000091552734,5.406000137329102,-0.029999999329447746,0.0,-1.4399999380111694,-0.06511686742305756,-0.011245667934417725,-9.82998275756836,-0.008182784542441368,0.008880282752215862,1.8876209651352838e-05,89.0,15.963000297546387
1776227747.8368442,2026-04-15T04:35:47.836844,normal_square,03,47.3979703,8.546163,5.628000259399414,5.429000377655029,-0.029999999329447746,0.0,-1.4399999380111694,-0.06718284636735916,-0.012551046907901764,-9.847957611083984,-0.008382679894566536,0.00727769685909152,0.001068379613570869,89.0,15.963000297546387
1776227747.939056,2026-04-15T04:35:47.939056,normal_square,03,47.3979703,8.546163,5.651000499725342,5.453000068664551,-0.029999999329447746,0.0,-1.4399999380111694,-0.06544224172830582,-0.012428367510437965,-9.824073791503906,-0.008837522007524967,0.0078020719811320305,0.00032895203912630677,89.0,15.963000297546387
1776227748.054435,2026-04-15T04:35:48.054435,normal_square,03,47.3979703,8.546163,5.710000038146973,5.51200008392334,-0.029999999329447746,0.0,-1.4399999380111694,-0.07330401241779327,-0.01173844188451767,-9.836103439331055,-0.006435826420783997,0.007299318909645081,0.0013544532703235745,89.0,15.963000297546387
1776227748.158352,2026-04-15T04:35:48.158352,normal_square,03,47.3979703,8.546163,5.734000205993652,5.5360002517700195,-0.029999999329447746,0.0,-1.4499999284744263,-0.06546339392662048,-0.018214823678135872,-9.82036018371582,-0.0058040679432451725,0.007845197804272175,0.0006980507168918848,89.0,15.963000297546387
1776227748.2620606,2026-04-15T04:35:48.262061,normal_square,03,47.3979703,8.5461631,5.75700044631958,5.559000492095947,-0.029999999329447746,0.0,-1.4499999284744263,-0.06509754806756973,-0.012888237833976746,-9.820716857910156,-0.006938142701983452,0.007635890040546656,0.002875171136111021,89.0,15.963000297546387
1776227748.3648202,2026-04-15T04:35:48.364820,normal_square,03,47.3979703,8.5461631,5.781000137329102,5.583000183105469,-0.029999999329447746,0.0,-1.4499999284744263,-0.06854908913373947,-0.009049372747540474,-9.798786163330078,-0.006264694035053253,0.008305840194225311,0.0022568500135093927,89.0,15.963000297546387
1776227748.467531,2026-04-15T04:35:48.467531,normal_square,03,47.3979703,8.5461631,5.817000389099121,5.618000030517578,-0.029999999329447746,0.0,-1.459999918937683,-0.0665414109826088,-0.010075224563479424,-9.766201972961426,-0.007717389613389969,0.009124647825956345,0.002071977127343416,89.0,15.963000297546387
1776227748.574295,2026-04-15T04:35:48.574295,normal_square,03,47.3979703,8.5461631,5.817000389099121,5.618000030517578,-0.029999999329447746,0.0,-1.459999918937683,-0.0665414109826088,-0.010075224563479424,-9.766201972961426,-0.007717389613389969,0.009124647825956345,0.002071977127343416,89.0,15.963000297546387
1776227748.677322,2026-04-15T04:35:48.677322,normal_square,03,47.3979703,8.5461631,5.817000389099121,5.618000030517578,-0.029999999329447746,0.0,-1.459999918937683,-0.0665414109826088,-0.010075224563479424,-9.766201972961426,-0.007717389613389969,0.009124647825956345,0.002071977127343416,89.0,15.963000297546387
1776227748.7794323,2026-04-15T04:35:48.779432,normal_square,03,47.397970199999996,8.5461631,5.87600040435791,5.678000450134277,-0.029999999329447746,0.0,-1.459999918937683,-0.06067465618252754,-0.005274210590869188,-9.77409553527832,-0.006376812234520912,0.009993722662329674,0.0022290851920843124,89.0,15.963000297546387
1776227748.8827517,2026-04-15T04:35:48.882752,normal_square,03,47.397970199999996,8.5461631,5.88800048828125,5.690000057220459,-0.029999999329447746,0.0,-1.459999918937683,-0.06096033379435539,-0.012005049735307693,-9.736970901489258,-0.00652217585593462,0.009363594464957714,0.0033119472209364176,89.0,15.963000297546387
1776227748.9898028,2026-04-15T04:35:48.989803,normal_square,03,47.397970199999996,8.5461631,5.961000442504883,5.76200008392334,-0.019999999552965164,0.0,-1.459999918937683,-0.06596966087818146,-0.009614501148462296,-9.817338943481445,-0.006672997027635574,0.0076784915290772915,0.0025870264507830143,89.0,15.963000297546387
1776227749.099884,2026-04-15T04:35:49.099884,normal_square,03,47.397970199999996,8.5461631,6.039000511169434,5.840000152587891,-0.019999999552965164,0.0,-1.459999918937683,-0.06404267251491547,-0.008488478139042854,-9.716180801391602,-0.005312233231961727,0.005263765808194876,0.004273101221770048,89.0,15.963000297546387
1776227749.2027912,2026-04-15T04:35:49.202791,normal_square,03,47.397970199999996,8.5461631,6.039000511169434,5.840000152587891,-0.019999999552965164,0.0,-1.459999918937683,-0.06404267251491547,-0.008488478139042854,-9.716180801391602,-0.005312233231961727,0.005263765808194876,0.004273101221770048,89.0,15.963000297546387
1776227749.3058405,2026-04-15T04:35:49.305840,normal_square,03,47.397970199999996,8.5461631,6.063000202178955,5.865000247955322,-0.019999999552965164,0.0,-1.459999918937683,-0.06527996063232422,-0.005129282828420401,-9.757068634033203,-0.005301276687532663,0.003931964747607708,0.002651955932378769,89.0,15.963000297546387
1776227749.4093885,2026-04-15T04:35:49.409389,normal_square,03,47.397970199999996,8.5461631,6.087000370025635,5.889000415802002,-0.019999999552965164,-0.009999999776482582,-1.459999918937683,-0.06152139976620674,-0.00463069649413228,-9.74863052368164,-0.006031999364495277,0.002777191111817956,0.004525933880358934,89.0,15.963000297546387
1776227749.5111032,2026-04-15T04:35:49.511103,normal_square,03,47.397970199999996,8.5461631,6.111000061035156,5.913000106811523,-0.019999999552965164,-0.009999999776482582,-1.459999918937683,-0.06291346997022629,-0.00416539516299963,-9.744030952453613,-0.004411381669342518,0.00252867816016078,0.004429972730576992,89.0,15.963000297546387
1776227749.6147134,2026-04-15T04:35:49.614713,normal_square,03,47.397970199999996,8.5461631,6.154000282287598,5.955000400543213,-0.019999999552965164,-0.009999999776482582,-1.459999918937683,-0.06418024748563766,-0.01895805075764656,-9.786527633666992,-0.007030826527625322,0.005862433463335037,0.004819396883249283,89.0,15.963000297546387
1776227749.7160754,2026-04-15T04:35:49.716075,normal_square,03,47.397970199999996,8.5461631,6.154000282287598,5.955000400543213,-0.019999999552965164,-0.009999999776482582,-1.459999918937683,-0.06418024748563766,-0.01895805075764656,-9.786527633666992,-0.007030826527625322,0.005862433463335037,0.004819396883249283,89.0,15.963000297546387
1776227749.9268575,2026-04-15T04:35:49.926857,normal_square,03,47.397970199999996,8.5461631,6.190000057220459,5.992000102996826,-0.019999999552965164,-0.009999999776482582,-1.459999918937683,-0.0600009448826313,-0.009115809574723244,-9.746198654174805,-0.007654005195945501,0.002277447609230876,0.005771072115749121,89.0,15.963000297546387
1776227750.0360584,2026-04-15T04:35:50.036058,normal_square,03,47.397970199999996,8.5461631,6.214000225067139,6.016000270843506,-0.019999999552965164,-0.009999999776482582,-1.459999918937683,-0.05537153407931328,-0.00862392969429493,-9.694161415100098,-0.005780900362879038,3.3415595680708066e-05,0.004030383192002773,89.0,15.963000297546387
1776227750.1376333,2026-04-15T04:35:50.137633,normal_square,03,47.397970099999995,8.5461631,6.23900032043457,6.0410003662109375,-0.019999999552965164,-0.009999999776482582,-1.459999918937683,-0.06456658989191055,-0.0037304838187992573,-9.793237686157227,-0.00561869889497757,0.0005577722913585603,0.003546498715877533,89.0,15.963000297546387
1776227750.2401588,2026-04-15T04:35:50.240159,normal_square,03,47.397970099999995,8.5461631,6.23900032043457,6.0410003662109375,-0.019999999552965164,-0.009999999776482582,-1.459999918937683,-0.06456658989191055,-0.0037304838187992573,-9.793237686157227,-0.00561869889497757,0.0005577722913585603,0.003546498715877533,89.0,15.963000297546387
1776227750.3436375,2026-04-15T04:35:50.343637,normal_square,03,47.397970099999995,8.5461631,6.276000499725342,6.077000141143799,-0.019999999552965164,-0.009999999776482582,-1.459999918937683,-0.0666353777050972,-0.013966811820864677,-9.793289184570312,-0.0039568678475916386,0.00018155586440116167,0.003519941819831729,89.0,15.963000297546387
1776227750.4467454,2026-04-15T04:35:50.446745,normal_square,03,47.397970099999995,8.5461631,6.300000190734863,6.1020002365112305,-0.019999999552965164,-0.009999999776482582,-1.459999918937683,-0.05559045076370239,-0.011769767850637436,-9.777596473693848,-0.0038574293721467257,0.0013719077687710524,0.003900625044479966,89.0,15.963000297546387
1776227750.562035,2026-04-15T04:35:50.562035,normal_square,03,47.397970099999995,8.5461631,6.300000190734863,6.1020002365112305,-0.019999999552965164,-0.009999999776482582,-1.459999918937683,-0.06579534709453583,-0.012503597885370255,-9.788257598876953,-0.002971996320411563,-0.00016694092482794076,0.004849379416555166,89.0,15.963000297546387
1776227750.6652565,2026-04-15T04:35:50.665257,normal_square,03,47.397970099999995,8.5461631,6.366000175476074,6.168000221252441,-0.019999999552965164,-0.009999999776482582,-1.459999918937683,-0.06046062335371971,-0.012706564739346504,-9.769044876098633,-0.0019423915073275566,-0.0010956227779388428,0.003797931596636772,89.0,15.963000297546387
1776227750.7679992,2026-04-15T04:35:50.767999,normal_square,03,47.397970099999995,8.5461631,6.366000175476074,6.168000221252441,-0.019999999552965164,-0.009999999776482582,-1.459999918937683,-0.06046062335371971,-0.012706564739346504,-9.769044876098633,-0.0019423915073275566,-0.0010956227779388428,0.003797931596636772,89.0,15.963000297546387
1776227750.9877381,2026-04-15T04:35:50.987738,normal_square,03,47.397970099999995,8.5461631,6.366000175476074,6.168000221252441,-0.019999999552965164,-0.009999999776482582,-1.459999918937683,-0.06046062335371971,-0.012706564739346504,-9.769044876098633,-0.0019423915073275566,-0.0010956227779388428,0.003797931596636772,89.0,15.963000297546387
1776227751.1024847,2026-04-15T04:35:51.102485,normal_square,03,47.397970099999995,8.5461631,6.403000354766846,6.204000473022461,-0.009999999776482582,-0.009999999776482582,-1.459999918937683,-0.05702454224228859,-0.00902456697076559,-9.76793098449707,0.0010273023508489132,-0.005174371879547834,0.004314970225095749,89.0,15.963000297546387
1776227751.2048616,2026-04-15T04:35:51.204862,normal_square,03,47.397970099999995,8.5461631,6.403000354766846,6.204000473022461,-0.009999999776482582,-0.009999999776482582,-1.459999918937683,-0.05702454224228859,-0.00902456697076559,-9.76793098449707,0.0010273023508489132,-0.005174371879547834,0.004314970225095749,89.0,15.963000297546387
1776227751.3114405,2026-04-15T04:35:51.311440,normal_square,03,47.397970099999995,8.5461631,6.427000522613525,6.229000091552734,-0.009999999776482582,-0.009999999776482582,-1.459999918937683,-0.06141209602355957,-0.00950299110263586,-9.771150588989258,0.00018727770657278597,-0.0037720301188528538,0.004197915084660053,89.0,15.963000297546387
1776227751.4148953,2026-04-15T04:35:51.414895,normal_square,03,47.397970099999995,8.5461631,6.427000522613525,6.229000091552734,-0.009999999776482582,-0.009999999776482582,-1.459999918937683,-0.06141209602355957,-0.00950299110263586,-9.771150588989258,0.00018727770657278597,-0.0037720301188528538,0.004197915084660053,89.0,15.963000297546387
1776227751.5197399,2026-04-15T04:35:51.519740,normal_square,03,47.397970099999995,8.5461631,6.464000225067139,6.265000343322754,-0.009999999776482582,-0.009999999776482582,-1.459999918937683,-0.06448368728160858,-0.005215822719037533,-9.770092964172363,0.00040993178845383227,-0.0046670627780258656,0.0045018671080470085,89.0,15.963000297546387
1776227751.626425,2026-04-15T04:35:51.626425,normal_square,03,47.397970099999995,8.5461631,6.4760003089904785,6.278000354766846,-0.009999999776482582,-0.009999999776482582,-1.459999918937683,-0.06757404655218124,-0.008343386463820934,-9.760612487792969,-0.00011646232451312244,-0.0029398335609585047,0.00541806360706687,85.0,15.903000831604004
1776227751.729654,2026-04-15T04:35:51.729654,normal_square,03,47.397970099999995,8.5461631,6.500000476837158,6.302000522613525,-0.009999999776482582,-0.009999999776482582,-1.459999918937683,-0.05560285225510597,-0.012693488970398903,-9.731712341308594,0.0004712916270364076,-0.004411105532199144,0.004504801705479622,85.0,15.903000831604004
1776227751.8308234,2026-04-15T04:35:51.830823,normal_square,03,47.397970099999995,8.5461631,6.548000335693359,6.350000381469727,-0.009999999776482582,-0.009999999776482582,-1.459999918937683,-0.06402555853128433,-0.005391580983996391,-9.829181671142578,0.0016151807503774762,-0.004252932965755463,0.003948438446968794,85.0,15.903000831604004
1776227751.9321835,2026-04-15T04:35:51.932184,normal_square,03,47.397970099999995,8.5461631,6.584000110626221,6.386000156402588,-0.009999999776482582,-0.019999999552965164,-1.459999918937683,-0.057267483323812485,-0.009856482967734337,-9.773821830749512,0.00010988134454237297,-0.004130702931433916,0.004037077073007822,85.0,15.903000831604004
1776227752.035282,2026-04-15T04:35:52.035282,normal_square,03,47.397970099999995,8.5461631,6.6080002784729,6.410000324249268,-0.009999999776482582,-0.019999999552965164,-1.459999918937683,-0.06908431649208069,-0.004588192328810692,-9.792644500732422,0.002071246039122343,-0.005231327377259731,0.0027663300279527903,85.0,15.903000831604004
1776227752.1400325,2026-04-15T04:35:52.140033,normal_square,03,47.397970099999995,8.5461631,6.645000457763672,6.447000503540039,-0.009999999776482582,-0.019999999552965164,-1.459999918937683,-0.06262839585542679,-0.019777541980147362,-9.788491249084473,0.0007702314178459346,-0.003825768828392029,0.0038925320841372013,85.0,15.903000831604004
1776227752.2457502,2026-04-15T04:35:52.245750,normal_square,03,47.397970099999995,8.5461631,6.6700005531311035,6.4710001945495605,-0.009999999776482582,-0.019999999552965164,-1.459999918937683,-0.05829787254333496,-0.00689361710101366,-9.781915664672852,0.001989914570003748,-0.0040436494164168835,0.0024292266461998224,85.0,15.903000831604004
1776227752.350918,2026-04-15T04:35:52.350918,normal_square,03,47.397970099999995,8.5461631,6.706000328063965,6.508000373840332,-0.009999999776482582,-0.019999999552965164,-1.459999918937683,-0.057855572551488876,-0.005119340494275093,-9.816946983337402,0.0016062551876530051,-0.0037984552327543497,0.002902495674788952,85.0,15.903000831604004
1776227752.4518898,2026-04-15T04:35:52.451890,normal_square,03,47.397970099999995,8.5461631,6.706000328063965,6.508000373840332,-0.009999999776482582,-0.019999999552965164,-1.459999918937683,-0.057855572551488876,-0.005119340494275093,-9.816946983337402,0.0016062551876530051,-0.0037984552327543497,0.002902495674788952,85.0,15.903000831604004
1776227752.5531938,2026-04-15T04:35:52.553194,normal_square,03,47.397970099999995,8.5461631,6.742000102996826,6.544000148773193,-0.009999999776482582,-0.019999999552965164,-1.46999990940094,-0.0624903067946434,-0.003443006193265319,-9.834949493408203,0.0011197463609278202,-0.005366959143429995,0.002147557446733117,85.0,15.903000831604004
1776227752.6558642,2026-04-15T04:35:52.655864,normal_square,03,47.397970099999995,8.5461631,6.767000198364258,6.568000316619873,-0.009999999776482582,-0.019999999552965164,-1.46999990940094,-0.06509577482938766,-0.005307178944349289,-9.839652061462402,0.0009237368940375745,-0.003103743540123105,0.0028813534881919622,85.0,15.903000831604004
1776227752.7588842,2026-04-15T04:35:52.758884,normal_square,03,47.39797,8.5461631,6.7910003662109375,6.593000411987305,-0.009999999776482582,-0.019999999552965164,-1.46999990940094,-0.057359736412763596,-0.014525827951729298,-9.803327560424805,0.0002470281906425953,-0.005500765051692724,0.0023279942106455564,85.0,15.903000831604004
1776227752.8611064,2026-04-15T04:35:52.861106,normal_square,03,47.39797,8.5461631,6.803000450134277,6.6050004959106445,-0.009999999776482582,-0.019999999552965164,-1.46999990940094,-0.06093219667673111,-0.010282470844686031,-9.792464256286621,0.00013280197163112462,-0.006026143208146095,0.002884022891521454,85.0,15.903000831604004
1776227752.9639947,2026-04-15T04:35:52.963995,normal_square,03,47.39797,8.5461631,6.839000225067139,6.641000270843506,0.0,-0.019999999552965164,-1.4800000190734863,-0.058628398925065994,-0.007466142065823078,-9.746281623840332,-0.0014876987552270293,-0.0049049826338887215,0.002047741785645485,85.0,15.903000831604004
1776227753.0682511,2026-04-15T04:35:53.068251,normal_square,03,47.39797,8.5461631,6.887000560760498,6.689000129699707,0.0,-0.019999999552965164,-1.4800000190734863,-0.065404012799263,-0.007008085958659649,-9.790521621704102,0.001134123420342803,-0.001944684307090938,0.0018765503773465753,85.0,15.903000831604004
1776227753.17341,2026-04-15T04:35:53.173410,normal_square,03,47.39797,8.5461631,6.887000560760498,6.689000129699707,0.0,-0.019999999552965164,-1.4800000190734863,-0.05390400066971779,-0.0032972826156765223,-9.76109504699707,-0.000591227610129863,-0.0043622287921607494,0.00208257301710546,85.0,15.903000831604004
1776227753.2750823,2026-04-15T04:35:53.275082,normal_square,03,47.39797,8.5461631,6.924000263214111,6.7260003089904785,0.0,-0.019999999552965164,-1.4800000190734863,-0.05390400066971779,-0.0032972826156765223,-9.76109504699707,-0.000591227610129863,-0.0043622287921607494,0.00208257301710546,85.0,15.903000831604004
1776227753.3780885,2026-04-15T04:35:53.378088,normal_square,03,47.39797,8.5461631,6.948000431060791,6.750000476837158,0.0,-0.019999999552965164,-1.4800000190734863,-0.0651274099946022,-0.00968825351446867,-9.72667407989502,-0.0007928102859295905,-0.002606211928650737,0.0020890790037810802,85.0,15.903000831604004
1776227753.487174,2026-04-15T04:35:53.487174,normal_square,03,47.39797,8.5461631,6.948000431060791,6.750000476837158,0.0,-0.019999999552965164,-1.4800000190734863,-0.0651274099946022,-0.00968825351446867,-9.72667407989502,-0.0007928102859295905,-0.002606211928650737,0.0020890790037810802,85.0,15.903000831604004
1776227753.5916474,2026-04-15T04:35:53.591647,normal_square,03,47.39797,8.5461631,7.003000259399414,6.805000305175781,0.0,-0.019999999552965164,-1.4800000190734863,-0.06932275742292404,-0.009755203500390053,-9.72889232635498,-0.0010709671769291162,-0.004957475699484348,0.0011331919813528657,85.0,15.903000831604004
1776227753.6926725,2026-04-15T04:35:53.692672,normal_square,03,47.39797,8.5461631,7.027000427246094,6.829000473022461,0.0,-0.019999999552965164,-1.4800000190734863,-0.0627770647406578,-0.006945529952645302,-9.74089241027832,0.00012929130753036588,-0.0062882849015295506,0.0017408350249752402,85.0,15.903000831604004
1776227753.7947342,2026-04-15T04:35:53.794734,normal_square,03,47.39797,8.5461631,7.027000427246094,6.829000473022461,0.0,-0.019999999552965164,-1.4800000190734863,-0.0627770647406578,-0.006945529952645302,-9.74089241027832,0.00012929130753036588,-0.0062882849015295506,0.0017408350249752402,85.0,15.903000831604004
1776227753.8989532,2026-04-15T04:35:53.898953,normal_square,03,47.39797,8.5461631,7.076000213623047,6.878000259399414,0.0,-0.019999999552965164,-1.4800000190734863,-0.060498930513858795,-0.0034433386754244566,-9.720368385314941,-0.000868972681928426,-0.006318866275250912,0.0008016740903258324,85.0,15.903000831604004
1776227753.9998977,2026-04-15T04:35:53.999898,normal_square,03,47.39797,8.5461631,7.113000392913818,6.9150004386901855,0.0,-0.019999999552965164,-1.4800000190734863,-0.06341011077165604,-0.014638972468674183,-9.736948013305664,0.00033247380633838475,-0.00628178333863616,0.001677412772551179,85.0,15.903000831604004
1776227754.1029794,2026-04-15T04:35:54.102979,normal_square,03,47.39797,8.546163,7.13800048828125,6.939000129699707,0.0,-0.019999999552965164,-1.4800000190734863,-0.058205075562000275,-0.013776599429547787,-9.748167991638184,0.0007968282443471253,-0.005800897721201181,0.0007523704553022981,85.0,15.903000831604004
1776227754.2048028,2026-04-15T04:35:54.204803,normal_square,03,47.39797,8.546163,7.174000263214111,6.9760003089904785,0.0,-0.019999999552965164,-1.4800000190734863,-0.0667935237288475,-0.00924141425639391,-9.741425514221191,-0.000782590068411082,-0.003942938521504402,0.0018613317515701056,85.0,15.903000831604004
1776227754.3182144,2026-04-15T04:35:54.318214,normal_square,03,47.39797,8.546163,7.210000514984131,7.012000560760498,0.0,-0.019999999552965164,-1.4800000190734863,-0.057798054069280624,-0.008595961146056652,-9.731218338012695,-3.579031545086764e-05,-0.004933285526931286,0.0010211728513240814,85.0,15.903000831604004
1776227754.436311,2026-04-15T04:35:54.436311,normal_square,03,47.39797,8.546163,7.235000133514404,7.0370001792907715,0.0,-0.019999999552965164,-1.4800000190734863,-0.0629940778017044,-0.005565051920711994,-9.760656356811523,0.0001758243452059105,-0.00494768749922514,0.00018785829888656735,85.0,15.903000831604004
1776227754.5449753,2026-04-15T04:35:54.544975,normal_square,03,47.39797,8.546163,7.2960004806518555,7.098000526428223,0.0,-0.019999999552965164,-1.4800000190734863,-0.061291106045246124,-0.016651129350066185,-9.730448722839355,-0.003052663989365101,-0.008530398830771446,0.0007773925317451358,85.0,15.903000831604004
1776227754.6489055,2026-04-15T04:35:54.648906,normal_square,03,47.39797,8.546163,7.2960004806518555,7.098000526428223,0.0,-0.019999999552965164,-1.4800000190734863,-0.061291106045246124,-0.016651129350066185,-9.730448722839355,-0.003052663989365101,-0.008530398830771446,0.0007773925317451358,85.0,15.903000831604004
1776227754.7507107,2026-04-15T04:35:54.750711,normal_square,03,47.39797,8.546163,7.2960004806518555,7.098000526428223,0.0,-0.019999999552965164,-1.4800000190734863,-0.061291106045246124,-0.016651129350066185,-9.730448722839355,-0.003052663989365101,-0.008530398830771446,0.0007773925317451358,85.0,15.903000831604004
1776227754.852299,2026-04-15T04:35:54.852299,normal_square,03,47.39797,8.546163,7.39400053024292,7.196000576019287,0.0,-0.019999999552965164,-1.4800000190734863,-0.06247244030237198,-0.008424990810453892,-9.745340347290039,0.0007279746932908893,-0.006395662669092417,0.0007283716695383191,85.0,15.903000831604004
1776227754.9540582,2026-04-15T04:35:54.954058,normal_square,03,47.3979699,8.546163,7.419000148773193,7.2210001945495605,0.0,-0.019999999552965164,-1.4800000190734863,-0.06584874540567398,-0.012187216430902481,-9.702093124389648,-0.0004906193935312331,-0.004840773064643145,-7.337453280342743e-05,85.0,15.903000831604004
1776227755.0572617,2026-04-15T04:35:55.057262,normal_square,03,47.3979699,8.546163,7.456000328063965,7.25700044631958,0.0,-0.019999999552965164,-1.4800000190734863,-0.06080225855112076,-0.013106507249176502,-9.74732780456543,-0.00019852032710332423,-0.006601002067327499,-0.0004789902304764837,85.0,15.903000831604004
1776227755.1638713,2026-04-15T04:35:55.163871,normal_square,03,47.3979699,8.546163,7.4800004959106445,7.282000541687012,0.0,-0.019999999552965164,-1.4800000190734863,-0.05955934524536133,-0.0014474906492978334,-9.767410278320312,-0.00024053097877185792,-0.00784436333924532,-2.7294448955217376e-05,85.0,15.903000831604004
1776227755.266715,2026-04-15T04:35:55.266715,normal_square,03,47.3979699,8.546162899999999,7.517000198364258,7.318000316619873,0.0,-0.019999999552965164,-1.4800000190734863,-0.05544452369213104,-0.004216215573251247,-9.783299446105957,0.0001979187218239531,-0.007492934353649616,-0.0008632467361167073,85.0,15.903000831604004
1776227755.3683274,2026-04-15T04:35:55.368327,normal_square,03,47.3979699,8.546162899999999,7.517000198364258,7.318000316619873,0.0,-0.019999999552965164,-1.4800000190734863,-0.05544452369213104,-0.004216215573251247,-9.783299446105957,0.0001979187218239531,-0.007492934353649616,-0.0008632467361167073,85.0,15.903000831604004
1776227755.4722002,2026-04-15T04:35:55.472200,normal_square,03,47.3979699,8.546162899999999,7.5410003662109375,7.343000411987305,0.0,-0.019999999552965164,-1.4800000190734863,-0.05771278589963913,-0.0011914430651813745,-9.817068099975586,-0.0005289084510877728,-0.005445581860840321,-3.0266119210864417e-05,85.0,15.903000831604004
1776227755.5744534,2026-04-15T04:35:55.574453,normal_square,03,47.3979699,8.546162899999999,7.577000141143799,7.379000186920166,0.0,-0.019999999552965164,-1.4800000190734863,-0.05308561027050018,-0.008334348909556866,-9.792342185974121,-0.0007700484129600227,-0.005321444012224674,-0.00010716123506426811,85.0,15.903000831604004
1776227755.6833816,2026-04-15T04:35:55.683382,normal_square,03,47.3979699,8.546162899999999,7.577000141143799,7.379000186920166,0.0,-0.019999999552965164,-1.4800000190734863,-0.05308561027050018,-0.008334348909556866,-9.792342185974121,-0.0007700484129600227,-0.005321444012224674,-0.00010716123506426811,85.0,15.903000831604004
1776227755.78488,2026-04-15T04:35:55.784880,normal_square,03,47.3979699,8.546162899999999,7.6010003089904785,7.403000354766846,0.0,-0.019999999552965164,-1.4800000190734863,-0.059289731085300446,0.0030353176407516003,-9.787691116333008,-0.0017761184135451913,-0.006464959587901831,0.0014339303597807884,85.0,15.903000831604004
1776227755.902966,2026-04-15T04:35:55.902966,normal_square,03,47.3979699,8.546162899999999,7.62600040435791,7.427000522613525,0.0,-0.019999999552965164,-1.4800000190734863,-0.06106779724359512,-0.006937251426279545,-9.730525970458984,-1.1150349564559292e-05,-0.007271436043083668,0.0009615554008632898,85.0,15.903000831604004
1776227756.026556,2026-04-15T04:35:56.026556,normal_square,03,47.3979699,8.546162899999999,7.6620001792907715,7.464000225067139,0.0,-0.019999999552965164,-1.4800000190734863,-0.05760374665260315,-0.0030760841909796,-9.664816856384277,0.0004362933977972716,-0.005381403025239706,0.0008968251058831811,85.0,15.903000831604004
1776227756.1319308,2026-04-15T04:35:56.131931,normal_square,03,47.3979699,8.546162899999999,7.698000431060791,7.500000476837158,0.0,-0.019999999552965164,-1.46999990940094,-0.0547456331551075,-0.0017267570365220308,-9.567703247070312,0.000866521499119699,-0.005296872463077307,-0.0001636931992834434,85.0,15.903000831604004
1776227756.2406297,2026-04-15T04:35:56.240630,normal_square,03,47.3979699,8.546162899999999,7.722000598907471,7.52400016784668,0.0,-0.019999999552965164,-1.46999990940094,-0.0532943457365036,-0.0007983956020325422,-9.49691390991211,0.002090671332553029,-0.005871386732906103,-0.00044402704224921763,85.0,15.903000831604004
1776227756.3430257,2026-04-15T04:35:56.343026,normal_square,03,47.3979699,8.546162899999999,7.746000289916992,7.547000408172607,0.0,-0.019999999552965164,-1.459999918937683,-0.05781577154994011,-0.009665733203291893,-9.418119430541992,0.0013156402856111526,-0.0076440805569291115,0.000585635076276958,85.0,15.903000831604004
1776227756.4529665,2026-04-15T04:35:56.452966,normal_square,03,47.3979699,8.546162899999999,7.76900053024292,7.571000576019287,0.0,-0.019999999552965164,-1.459999918937683,-0.06334785372018814,-0.006183953024446964,-9.339746475219727,0.0008529653423465788,-0.009908296167850494,5.250400135992095e-05,85.0,15.903000831604004
1776227756.5549443,2026-04-15T04:35:56.554944,normal_square,03,47.3979699,8.546162899999999,7.793000221252441,7.595000267028809,0.0,-0.019999999552965164,-1.4499999284744263,-0.06420288980007172,-0.0013911949936300516,-9.306869506835938,0.0016089437995105982,-0.008691388182342052,0.0005541046848520637,85.0,15.903000831604004
1776227756.6594942,2026-04-15T04:35:56.659494,normal_square,03,47.3979699,8.546162899999999,7.793000221252441,7.595000267028809,0.0,-0.019999999552965164,-1.4499999284744263,-0.06420288980007172,-0.0013911949936300516,-9.306869506835938,0.0016089437995105982,-0.008691388182342052,0.0005541046848520637,85.0,15.903000831604004
1776227756.7675478,2026-04-15T04:35:56.767548,normal_square,03,47.3979699,8.5461628,7.816000461578369,7.618000507354736,0.0,-0.019999999552965164,-1.4399999380111694,-0.05576108396053314,-0.011506656184792519,-9.315192222595215,0.0012845052406191826,-0.008718828670680523,0.0005846451967954636,85.0,15.903000831604004
1776227756.8691585,2026-04-15T04:35:56.869159,normal_square,03,47.3979699,8.5461628,7.816000461578369,7.618000507354736,0.0,-0.019999999552965164,-1.4399999380111694,-0.05576108396053314,-0.011506656184792519,-9.315192222595215,0.0012845052406191826,-0.008718828670680523,0.0005846451967954636,85.0,15.903000831604004
1776227756.9708893,2026-04-15T04:35:56.970889,normal_square,03,47.3979699,8.5461628,7.8510003089904785,7.653000354766846,0.0,-0.019999999552965164,-1.4299999475479126,-0.05811459943652153,-0.00909732747823,-9.25754165649414,0.0021465662866830826,-0.007952391169965267,0.0014962325803935528,85.0,15.903000831604004
1776227757.0747786,2026-04-15T04:35:57.074779,normal_square,03,47.3979699,8.5461628,7.931000232696533,7.732000350952148,0.0,-0.019999999552965164,-1.399999976158142,-0.062479205429553986,-0.0028189360164105892,-9.25532054901123,-8.227338548749685e-05,-0.007683861535042524,0.00021192413987591863,85.0,15.903000831604004
1776227757.1767166,2026-04-15T04:35:57.176717,normal_square,03,47.3979699,8.5461628,7.942000389099121,7.744000434875488,0.0,-0.019999999552965164,-1.3899999856948853,-0.06055279076099396,-0.006348108872771263,-9.181635856628418,0.0002748663246165961,-0.009173768572509289,0.00047028218978084624,85.0,15.903000831604004
1776227757.2872767,2026-04-15T04:35:57.287277,normal_square,03,47.3979699,8.5461628,7.975000381469727,7.777000427246094,0.0,-0.019999999552965164,-1.3799999952316284,-0.06317278742790222,-0.0034241192042827606,-9.325387954711914,-0.0016512152506038547,-0.008304224349558353,-0.00012855284148827195,85.0,15.903000831604004
1776227757.3917637,2026-04-15T04:35:57.391764,normal_square,03,47.3979699,8.5461628,7.975000381469727,7.777000427246094,0.0,-0.019999999552965164,-1.3799999952316284,-0.06317278742790222,-0.0034241192042827606,-9.325387954711914,-0.0016512152506038547,-0.008304224349558353,-0.00012855284148827195,85.0,15.903000831604004
1776227757.498994,2026-04-15T04:35:57.498994,normal_square,03,47.3979699,8.5461628,7.997000217437744,7.799000263214111,0.0,-0.019999999552965164,-1.3700000047683716,-0.06016820669174194,-0.00402089161798358,-9.226592063903809,-0.000205936303245835,-0.007500475272536278,0.0008967056637629867,85.0,15.903000831604004
1776227757.6003835,2026-04-15T04:35:57.600384,normal_square,03,47.3979699,8.5461628,7.997000217437744,7.799000263214111,0.0,-0.019999999552965164,-1.3700000047683716,-0.06016820669174194,-0.00402089161798358,-9.226592063903809,-0.000205936303245835,-0.007500475272536278,0.0008967056637629867,85.0,15.903000831604004
1776227757.7035513,2026-04-15T04:35:57.703551,normal_square,03,47.3979699,8.5461628,8.030000686645508,7.832000255584717,0.009999999776482582,-0.019999999552965164,-1.3600000143051147,-0.05969121307134628,0.0033515484537929296,-9.256110191345215,-0.00031020957976579666,-0.006027339491993189,0.0014716796576976776,85.0,15.903000831604004
