timestamp_unix_s,timestamp_iso,scenario,run_id,lat_deg,lon_deg,abs_alt_m,rel_alt_m,vel_n_m_s,vel_e_m_s,vel_d_m_s,accel_x_mps2,accel_y_mps2,accel_z_mps2,gyro_x_rps,gyro_y_rps,gyro_z_rps,battery_remaining_pct,battery_voltage_v
1776224906.110493,2026-04-15T03:48:26.110493,normal_circle,02,47.3979967,8.546161,0.1770000010728836,0.06400000303983688,0.0,0.0,0.029999999329447746,-0.11610564589500427,-0.020904039964079857,-9.785117149353027,2.33854243560927e-05,-0.0006092764087952673,-0.0007095254259184003,,
1776224906.2170475,2026-04-15T03:48:26.217047,normal_circle,02,47.3979967,8.546161,0.17600001394748688,0.06300000101327896,0.0,0.0,0.029999999329447746,-0.1028146892786026,-0.011999025009572506,-9.77902603149414,9.119111200561747e-05,-9.275457705371082e-05,0.0007397566805593669,,
1776224906.326916,2026-04-15T03:48:26.326916,normal_circle,02,47.3979967,8.546161,0.17600001394748688,0.06300000101327896,0.0,0.0,0.029999999329447746,-0.1028146892786026,-0.011999025009572506,-9.77902603149414,9.119111200561747e-05,-9.275457705371082e-05,0.0007397566805593669,,
1776224906.4296577,2026-04-15T03:48:26.429658,normal_circle,02,47.3979967,8.546161,0.17600001394748688,0.06300000101327896,0.0,-0.009999999776482582,0.03999999910593033,-0.10838930308818817,-0.008673862554132938,-9.785992622375488,0.0001280173601116985,0.00016575437621213496,0.00020055333152413368,,
1776224906.5318875,2026-04-15T03:48:26.531888,normal_circle,02,47.3979967,8.546161,0.17600001394748688,0.06300000101327896,0.0,-0.009999999776482582,0.03999999910593033,-0.10838930308818817,-0.008673862554132938,-9.785992622375488,0.0001280173601116985,0.00016575437621213496,0.00020055333152413368,,
1776224906.6339998,2026-04-15T03:48:26.634000,normal_circle,02,47.3979967,8.546161,0.17600001394748688,0.06300000101327896,0.0,-0.009999999776482582,0.03999999910593033,-0.10936892032623291,-0.011472903192043304,-9.793075561523438,-9.455715917283669e-05,0.0003078609879594296,-8.923772111302242e-05,,
1776224906.7360737,2026-04-15T03:48:26.736074,normal_circle,02,47.3979967,8.546161,0.17500001192092896,0.06200000271201134,0.0,-0.009999999776482582,0.03999999910593033,-0.12167917191982269,-0.010829921811819077,-9.78137493133545,0.0008363378583453596,0.0005627063801512122,0.00020176095131319016,,
1776224906.8393838,2026-04-15T03:48:26.839384,normal_circle,02,47.3979967,8.546161,0.17500001192092896,0.06200000271201134,0.0,-0.009999999776482582,0.03999999910593033,-0.11275181174278259,-0.012813648208975792,-9.783273696899414,0.0007636403315700591,0.00031433484400622547,0.0006388892070390284,,
1776224906.9477994,2026-04-15T03:48:26.947799,normal_circle,02,47.3979967,8.546161,0.17500001192092896,0.06200000271201134,0.0,-0.009999999776482582,0.03999999910593033,-0.10669602453708649,-0.018250536173582077,-9.778693199157715,0.001315356814302504,0.00014640335575677454,0.0007909410633146763,,
1776224907.0511413,2026-04-15T03:48:27.051141,normal_circle,02,47.3979967,8.546161,0.17400000989437103,0.06100000441074371,0.0,-0.009999999776482582,0.03999999910593033,-0.11195972561836243,-0.012485237792134285,-9.790433883666992,-4.088808782398701e-05,0.001200703321956098,0.00029450003057718277,,
1776224907.1636207,2026-04-15T03:48:27.163621,normal_circle,02,47.3979967,8.546161,0.1730000078678131,0.06000000238418579,0.0,-0.009999999776482582,0.03999999910593033,-0.10825647413730621,-0.013412002474069595,-9.785225868225098,0.0008075219811871648,0.0014282508054748178,-0.00023397276527248323,,
1776224907.2647734,2026-04-15T03:48:27.264773,normal_circle,02,47.3979967,8.546161,0.1730000078678131,0.06000000238418579,0.0,-0.009999999776482582,0.03999999910593033,-0.11081407219171524,-0.01730681024491787,-9.792471885681152,-0.0005607277853414416,-5.992489604977891e-05,0.00041900257929228246,,
1776224907.3675768,2026-04-15T03:48:27.367577,normal_circle,02,47.3979967,8.546161,0.1730000078678131,0.06000000238418579,0.0,-0.009999999776482582,0.03999999910593033,-0.10274461656808853,-0.018948301672935486,-9.781341552734375,-0.00018776251818053424,-9.405261516803876e-05,-0.0002086626918753609,,
1776224907.46988,2026-04-15T03:48:27.469880,normal_circle,02,47.3979967,8.546161,0.1720000058412552,0.05900000408291817,0.0,-0.009999999776482582,0.03999999910593033,-0.11504273116588593,-0.007314708083868027,-9.789278030395508,0.00047008838737383485,-0.0011605264153331518,-0.0003728835436049849,,
1776224907.5750265,2026-04-15T03:48:27.575027,normal_circle,02,47.3979967,8.546161,0.1720000058412552,0.05900000408291817,0.0,-0.009999999776482582,0.03999999910593033,-0.11119148880243301,-0.017562858760356903,-9.786114692687988,-0.0003134321013931185,-0.00022056291345506907,0.00020602425502147526,,
1776224907.677917,2026-04-15T03:48:27.677917,normal_circle,02,47.3979967,8.546161,0.1720000058412552,0.05900000408291817,0.0,-0.009999999776482582,0.03999999910593033,-0.11382550001144409,-0.006155023816972971,-9.782282829284668,-0.0009491784148849547,0.0006963082123547792,-0.0008297112653963268,,
1776224907.7803905,2026-04-15T03:48:27.780391,normal_circle,02,47.3979967,8.546161,0.1720000058412552,0.05900000408291817,0.0,-0.009999999776482582,0.03999999910593033,-0.11692457646131516,-0.01739644818007946,-9.791353225708008,-0.0006456897826865315,-0.0007017541211098433,0.00022989824356045574,,
1776224907.8825576,2026-04-15T03:48:27.882558,normal_circle,02,47.3979967,8.546161,0.1720000058412552,0.05900000408291817,0.0,-0.009999999776482582,0.03999999910593033,-0.11692457646131516,-0.01739644818007946,-9.791353225708008,-0.0006456897826865315,-0.0007017541211098433,0.00022989824356045574,,
1776224907.9912524,2026-04-15T03:48:27.991252,normal_circle,02,47.3979967,8.546161,0.17100000381469727,0.058000002056360245,0.0,-0.009999999776482582,0.03999999910593033,-0.10005412995815277,-0.01121391449123621,-9.789413452148438,0.00016502031940035522,0.0003192803997080773,0.0004275984538253397,,
1776224908.1009495,2026-04-15T03:48:28.100950,normal_circle,02,47.3979967,8.546161,0.17000000178813934,0.05700000375509262,0.0,-0.009999999776482582,0.03999999910593033,-0.09995394200086594,-0.014949828386306763,-9.785042762756348,9.277941717300564e-05,1.2545751815196127e-06,0.0008522455464117229,,
1776224908.202087,2026-04-15T03:48:28.202087,normal_circle,02,47.3979967,8.546161,0.17000000178813934,0.05700000375509262,0.0,-0.009999999776482582,0.03999999910593033,-0.11806283891201019,-0.018586108461022377,-9.778794288635254,0.0005569373606704175,0.0001414638536516577,-0.0009169642580673099,,
1776224908.3061163,2026-04-15T03:48:28.306116,normal_circle,02,47.3979967,8.546161,0.17000000178813934,0.05700000375509262,0.0,-0.009999999776482582,0.03999999910593033,-0.11142152547836304,-0.009416112676262856,-9.784978866577148,-0.001138407620601356,-0.0009209269774146378,-0.0012371892808005214,,
1776224908.4083498,2026-04-15T03:48:28.408350,normal_circle,02,47.3979967,8.546161,0.17000000178813934,0.05700000375509262,0.0,-0.009999999776482582,0.03999999910593033,-0.11246418207883835,-0.019995955750346184,-9.782079696655273,0.0005489863688126206,-0.0007705491734668612,0.0006764768040739,,
1776224908.5138793,2026-04-15T03:48:28.513879,normal_circle,02,47.3979967,8.546161,0.17000000178813934,0.05700000375509262,0.0,-0.009999999776482582,0.03999999910593033,-0.11246418207883835,-0.019995955750346184,-9.782079696655273,0.0005489863688126206,-0.0007705491734668612,0.0006764768040739,,
1776224908.6171918,2026-04-15T03:48:28.617192,normal_circle,02,47.3979967,8.546161,0.16900001466274261,0.0560000017285347,0.0,-0.009999999776482582,0.03999999910593033,-0.11571162194013596,-0.01721995696425438,-9.788997650146484,-0.0007959426147863269,0.0006877626874484122,-0.0006456127157434821,,
1776224908.731676,2026-04-15T03:48:28.731676,normal_circle,02,47.3979967,8.546161,0.16900001466274261,0.0560000017285347,0.0,-0.009999999776482582,0.03999999910593033,-0.11064011603593826,-0.012078620493412018,-9.785736083984375,-3.462062159087509e-05,0.0003285119601059705,0.0005873361369594932,,
1776224908.8340158,2026-04-15T03:48:28.834016,normal_circle,02,47.3979967,8.546161,0.16900001466274261,0.0560000017285347,0.0,-0.009999999776482582,0.03999999910593033,-0.11166355013847351,-0.012488387525081635,-9.780409812927246,0.00013374167610891163,-0.0011388233397156,0.00037993330624885857,,
1776224908.9360864,2026-04-15T03:48:28.936086,normal_circle,02,47.3979967,8.546161,0.1680000126361847,0.055000003427267075,0.0,-0.009999999776482582,0.03999999910593033,-0.11082981526851654,-0.005055953282862902,-9.78573989868164,0.001546159852296114,-1.7974294678424485e-05,0.0005544698215089738,,
1776224909.0380216,2026-04-15T03:48:29.038022,normal_circle,02,47.3979967,8.546161,0.1680000126361847,0.055000003427267075,0.0,-0.009999999776482582,0.03999999910593033,-0.11082981526851654,-0.005055953282862902,-9.78573989868164,0.001546159852296114,-1.7974294678424485e-05,0.0005544698215089738,,
1776224909.140234,2026-04-15T03:48:29.140234,normal_circle,02,47.3979967,8.546161,0.16700001060962677,0.05400000140070915,0.0,-0.009999999776482582,0.03999999910593033,-0.10646999627351761,-0.015235407277941704,-9.776985168457031,-0.00043972619459964335,0.0005531124188564718,-0.0008438804070465267,,
1776224909.2439551,2026-04-15T03:48:29.243955,normal_circle,02,47.3979967,8.546161,0.16700001060962677,0.05400000140070915,0.0,-0.009999999776482582,0.03999999910593033,-0.11267951130867004,-0.009966207668185234,-9.784430503845215,-0.0007316426490433514,-0.0002049464383162558,0.0001098950015148148,,
1776224909.347807,2026-04-15T03:48:29.347807,normal_circle,02,47.3979967,8.546161,0.16700001060962677,0.05400000140070915,0.0,-0.009999999776482582,0.03999999910593033,-0.11260848492383957,-0.014118459075689316,-9.783159255981445,-0.00032289724913425744,0.0007430473924614489,2.224428317276761e-05,,
1776224909.4499612,2026-04-15T03:48:29.449961,normal_circle,02,47.3979967,8.546161,0.16600000858306885,0.05300000309944153,0.0,-0.009999999776482582,0.03999999910593033,-0.10544660687446594,-0.021869290620088577,-9.774449348449707,-0.00010242907592328265,0.00013022750499658287,-0.0003892720560543239,,
1776224909.552225,2026-04-15T03:48:29.552225,normal_circle,02,47.3979967,8.546161,0.16600000858306885,0.05300000309944153,0.0,-0.009999999776482582,0.03999999910593033,-0.10544660687446594,-0.021869290620088577,-9.774449348449707,-0.00010242907592328265,0.00013022750499658287,-0.0003892720560543239,,
1776224909.6629822,2026-04-15T03:48:29.662982,normal_circle,02,47.3979967,8.546161,0.16600000858306885,0.05300000309944153,0.0,-0.009999999776482582,0.03999999910593033,-0.10558362305164337,-0.020350629463791847,-9.791759490966797,0.000796070322394371,-0.0004368842928670347,-7.228777394630015e-05,,
1776224909.7660513,2026-04-15T03:48:29.766051,normal_circle,02,47.3979967,8.546161,0.16600000858306885,0.05300000309944153,0.0,0.0,0.03999999910593033,-0.10932089388370514,-0.01445874571800232,-9.770790100097656,0.0006572087295353413,0.00018957644351758063,-3.478934377199039e-05,,
1776224909.868032,2026-04-15T03:48:29.868032,normal_circle,02,47.3979967,8.546161,0.16600000858306885,0.05300000309944153,0.0,0.0,0.03999999910593033,-0.11212051659822464,-0.01449999213218689,-9.791118621826172,-0.00021898298291489482,0.00069483055267483,0.0005260470206849277,,
1776224909.9728527,2026-04-15T03:48:29.972853,normal_circle,02,47.3979967,8.546161,0.16500000655651093,0.052000001072883606,0.0,0.0,0.03999999910593033,-0.10940965265035629,-0.017590027302503586,-9.783302307128906,0.00092217669589445,2.4227141693700105e-05,-6.544662755914032e-05,,
1776224910.080274,2026-04-15T03:48:30.080274,normal_circle,02,47.3979967,8.546161,0.16500000655651093,0.052000001072883606,0.0,0.0,0.03999999910593033,-0.10751248896121979,-0.011562146246433258,-9.791977882385254,8.319100015796721e-05,2.2059772163629532e-05,0.00017304041830357164,,
1776224910.1865203,2026-04-15T03:48:30.186520,normal_circle,02,47.3979967,8.546161,0.16500000655651093,0.052000001072883606,0.0,0.0,0.03999999910593033,-0.10778141021728516,-0.019805748015642166,-9.789586067199707,0.0006961129256524146,0.0009128890815190971,0.0007652211934328079,,
1776224910.2929938,2026-04-15T03:48:30.292994,normal_circle,02,47.3979967,8.546161,0.16500000655651093,0.052000001072883606,0.0,0.0,0.03999999910593033,-0.11171973496675491,-0.009521150961518288,-9.780006408691406,-0.0008652048418298364,-0.0005914995563216507,-0.00035836998722516,,
1776224910.3992398,2026-04-15T03:48:30.399240,normal_circle,02,47.3979967,8.546161,0.16500000655651093,0.052000001072883606,0.0,0.0,0.03999999910593033,-0.1154680997133255,-0.02225930616259575,-9.78214168548584,-0.0004401723272167146,-0.0005181329324841499,-6.752267654519528e-05,,
1776224910.5030665,2026-04-15T03:48:30.503067,normal_circle,02,47.3979967,8.546161,0.164000004529953,0.05100000277161598,0.0,0.0,0.03999999910593033,-0.10555699467658997,-0.011906053870916367,-9.786410331726074,-0.0005656096036545932,0.00027261924697086215,-0.0005042640841566026,,
1776224910.6069062,2026-04-15T03:48:30.606906,normal_circle,02,47.3979967,8.546161,0.164000004529953,0.05100000277161598,0.0,0.0,0.03999999910593033,-0.10911719501018524,-0.015493851155042648,-9.779656410217285,6.070995732443407e-05,0.0007206953596323729,0.00015655500465072691,100.0,16.17500114440918
1776224910.7096436,2026-04-15T03:48:30.709644,normal_circle,02,47.3979967,8.546161,0.164000004529953,0.05100000277161598,0.0,0.0,0.03999999910593033,-0.11267223954200745,-0.016546892002224922,-9.781753540039062,-0.0005609124200418591,-0.0007631061598658562,5.598140342044644e-05,100.0,16.17500114440918
1776224910.811991,2026-04-15T03:48:30.811991,normal_circle,02,47.3979967,8.546161,0.164000004529953,0.05100000277161598,0.0,0.0,0.03999999910593033,-0.11329140514135361,-0.013248203322291374,-9.791650772094727,-0.0005174230900593102,-9.659979696152732e-06,4.927359987050295e-05,100.0,16.17500114440918
1776224910.9142375,2026-04-15T03:48:30.914237,normal_circle,02,47.3979967,8.546161,0.164000004529953,0.05100000277161598,0.0,0.0,0.03999999910593033,-0.11329140514135361,-0.013248203322291374,-9.791650772094727,-0.0005174230900593102,-9.659979696152732e-06,4.927359987050295e-05,100.0,16.17500114440918
1776224911.0179315,2026-04-15T03:48:31.017931,normal_circle,02,47.3979967,8.546161,0.164000004529953,0.05100000277161598,0.0,0.0,0.03999999910593033,-0.10987124592065811,-0.01825476810336113,-9.780423164367676,-5.533549847314134e-05,-0.00024708634009584785,-1.4619291505368892e-05,100.0,16.17500114440918
1776224911.1207416,2026-04-15T03:48:31.120742,normal_circle,02,47.3979967,8.546161,0.16300000250339508,0.05000000074505806,0.0,0.0,0.03999999910593033,-0.10794936120510101,-0.006806845776736736,-9.789474487304688,-8.6308536992874e-06,-0.001421581138856709,0.0004067596746608615,100.0,16.17500114440918
1776224911.2237952,2026-04-15T03:48:31.223795,normal_circle,02,47.3979967,8.546161,0.16300000250339508,0.05000000074505806,0.0,0.0,0.03999999910593033,-0.11899738758802414,-0.009057728573679924,-9.786688804626465,8.243637421401218e-05,0.00015075257397256792,-0.0009332731715403497,100.0,16.17500114440918
1776224911.3269584,2026-04-15T03:48:31.326958,normal_circle,02,47.3979967,8.546161,0.16300000250339508,0.05000000074505806,0.0,0.0,0.03999999910593033,-0.11287930607795715,-0.02053617499768734,-9.784004211425781,-0.00025784128229133785,-0.000987215549685061,0.00042443242273293436,100.0,16.17500114440918
1776224911.4337795,2026-04-15T03:48:31.433779,normal_circle,02,47.3979967,8.546161,0.16300000250339508,0.05000000074505806,0.0,0.0,0.03999999910593033,-0.1154819056391716,-0.02262641116976738,-9.78062629699707,0.00033384800190106034,-0.00024341716198250651,-6.13762967986986e-05,100.0,16.17500114440918
1776224911.5351734,2026-04-15T03:48:31.535173,normal_circle,02,47.3979967,8.546161,0.16300000250339508,0.05000000074505806,0.0,0.0,0.03999999910593033,-0.1183808371424675,-0.01447095163166523,-9.78899097442627,-0.0004064061213284731,6.348840543068945e-05,-6.394535739673302e-05,100.0,16.17500114440918
1776224911.64259,2026-04-15T03:48:31.642590,normal_circle,02,47.3979967,8.546161,0.16300000250339508,0.05000000074505806,0.0,0.0,0.03999999910593033,-0.10860644280910492,-0.016919180750846863,-9.791009902954102,0.0002103092265315354,0.00045661089825443923,0.000563330773729831,100.0,16.17500114440918
1776224911.7448237,2026-04-15T03:48:31.744824,normal_circle,02,47.3979967,8.546161,0.16300000250339508,0.05000000074505806,0.0,0.0,0.03999999910593033,-0.10271040350198746,-0.022149493917822838,-9.784933090209961,8.284061914309859e-05,0.0004487479745876044,0.001351361395791173,100.0,16.17500114440918
1776224911.8477204,2026-04-15T03:48:31.847720,normal_circle,02,47.3979967,8.546161,0.16300000250339508,0.05000000074505806,0.0,0.0,0.03999999910593033,-0.10692276805639267,-0.017474330961704254,-9.781778335571289,-0.0005918678361922503,0.0005929393810220063,-0.00024210901756305248,100.0,16.17500114440918
1776224911.9521375,2026-04-15T03:48:31.952137,normal_circle,02,47.3979967,8.546161,0.16300000250339508,0.05000000074505806,0.0,0.0,0.03999999910593033,-0.10692276805639267,-0.017474330961704254,-9.781778335571289,-0.0005918678361922503,0.0005929393810220063,-0.00024210901756305248,100.0,16.17500114440918
1776224912.0584235,2026-04-15T03:48:32.058424,normal_circle,02,47.3979967,8.546161,0.16300000250339508,0.05000000074505806,0.0,0.0,0.03999999910593033,-0.10739006102085114,-0.015886792913079262,-9.779790878295898,0.0002879498933907598,-0.0002850136661436409,0.0007997513166628778,100.0,16.17500114440918
1776224912.1600223,2026-04-15T03:48:32.160022,normal_circle,02,47.3979967,8.546161,0.16300000250339508,0.05000000074505806,0.0,0.0,0.03999999910593033,-0.10739006102085114,-0.015886792913079262,-9.779790878295898,0.0002879498933907598,-0.0002850136661436409,0.0007997513166628778,100.0,16.17500114440918
1776224912.2624764,2026-04-15T03:48:32.262476,normal_circle,02,47.3979967,8.546161,0.16300000250339508,0.05000000074505806,0.0,0.0,0.03999999910593033,-0.10694505274295807,-0.01605534926056862,-9.790666580200195,0.0001591175823705271,-0.0012082671746611595,6.956736615393311e-05,100.0,16.17500114440918
1776224912.366494,2026-04-15T03:48:32.366494,normal_circle,02,47.3979967,8.546161,0.16300000250339508,0.05000000074505806,0.0,0.0,0.03999999910593033,-0.10694505274295807,-0.01605534926056862,-9.790666580200195,0.0001591175823705271,-0.0012082671746611595,6.956736615393311e-05,100.0,16.17500114440918
1776224912.471022,2026-04-15T03:48:32.471022,normal_circle,02,47.3979967,8.546161,0.16300000250339508,0.05000000074505806,0.0,0.0,0.03999999910593033,-0.10916019976139069,-0.0076953573152422905,-9.785123825073242,-0.00012305390555411577,-0.00022129304124973714,0.0004246410680934787,100.0,16.17500114440918
1776224912.5727344,2026-04-15T03:48:32.572734,normal_circle,02,47.3979968,8.546161,0.16300000250339508,0.05000000074505806,0.0,0.0,0.03999999910593033,-0.10425395518541336,-0.015557256527245045,-9.77819538116455,-0.0003470278752502054,0.0004739671421702951,6.299528467934579e-05,100.0,16.17500114440918
1776224912.6749837,2026-04-15T03:48:32.674984,normal_circle,02,47.3979968,8.546161,0.16300000250339508,0.05000000074505806,0.0,0.0,0.03999999910593033,-0.10704004764556885,-0.012213662266731262,-9.7916259765625,-5.4365722462534904e-05,-6.380828563123941e-05,-0.000223046779865399,100.0,16.17500114440918
1776224912.7808478,2026-04-15T03:48:32.780848,normal_circle,02,47.3979968,8.546161,0.16200000047683716,0.049000002443790436,0.0,0.0,0.03999999910593033,-0.11755776405334473,-0.02067660354077816,-9.78817367553711,0.0012356364168226719,-0.00017912068869918585,-0.0003902901371475309,100.0,16.17500114440918
1776224912.8829165,2026-04-15T03:48:32.882916,normal_circle,02,47.3979968,8.546161,0.16200000047683716,0.049000002443790436,0.0,0.0,0.03999999910593033,-0.10773898661136627,-0.011635486036539078,-9.787149429321289,0.001824163249693811,0.0009474614635109901,0.0004298394196666777,100.0,16.17500114440918
1776224912.987885,2026-04-15T03:48:32.987885,normal_circle,02,47.3979968,8.546161,0.16200000047683716,0.049000002443790436,0.0,0.0,0.03999999910593033,-0.10773898661136627,-0.011635486036539078,-9.787149429321289,0.001824163249693811,0.0009474614635109901,0.0004298394196666777,100.0,16.17500114440918
1776224913.0928116,2026-04-15T03:48:33.092812,normal_circle,02,47.3979968,8.546161,0.16200000047683716,0.049000002443790436,0.0,0.0,0.03999999910593033,-0.11717170476913452,-0.015882235020399094,-9.792353630065918,-0.00010601583198877051,0.0005568279302679002,0.0003370501799508929,100.0,16.17500114440918
1776224913.1955807,2026-04-15T03:48:33.195581,normal_circle,02,47.3979968,8.546161,0.16200000047683716,0.049000002443790436,0.0,0.0,0.03999999910593033,-0.11491802334785461,-0.014322858303785324,-9.790696144104004,-0.00011147300392622128,0.0006830967613495886,-0.0014680307358503342,100.0,16.17500114440918
1776224913.2978396,2026-04-15T03:48:33.297840,normal_circle,02,47.3979968,8.546161,0.16200000047683716,0.049000002443790436,0.0,0.0,0.03999999910593033,-0.10956043004989624,-0.021543851122260094,-9.785430908203125,-6.074130942579359e-05,-0.00040990489651449025,-7.571563401143067e-06,100.0,16.17500114440918
1776224913.4071965,2026-04-15T03:48:33.407197,normal_circle,02,47.3979968,8.546161,0.16200000047683716,0.049000002443790436,0.0,0.0,0.03999999910593033,-0.11537119746208191,-0.016669314354658127,-9.783509254455566,-0.0006932916585355997,-9.665136167313904e-05,0.0009418479749001563,100.0,16.17500114440918
1776224913.510862,2026-04-15T03:48:33.510862,normal_circle,02,47.3979968,8.546161,0.16200000047683716,0.049000002443790436,0.0,0.0,0.03999999910593033,-0.1073477566242218,-0.019493309780955315,-9.786713600158691,0.000302704080240801,-0.0006633021985180676,0.0008826848934404552,100.0,16.17500114440918
1776224913.6132414,2026-04-15T03:48:33.613241,normal_circle,02,47.3979968,8.546161,0.16200000047683716,0.049000002443790436,0.0,0.0,0.03999999910593033,-0.11263443529605865,-0.008229686878621578,-9.777162551879883,0.00022218941012397408,0.0002056749362964183,-0.0008956696838140488,100.0,16.17500114440918
1776224913.721155,2026-04-15T03:48:33.721155,normal_circle,02,47.3979968,8.546161,0.16200000047683716,0.049000002443790436,0.0,0.0,0.03999999910593033,-0.11263443529605865,-0.008229686878621578,-9.777162551879883,0.00022218941012397408,0.0002056749362964183,-0.0008956696838140488,100.0,16.17500114440918
1776224913.82453,2026-04-15T03:48:33.824530,normal_circle,02,47.3979968,8.546161,0.16200000047683716,0.049000002443790436,0.0,0.0,0.04999999701976776,-0.1049249917268753,-0.017356697469949722,-9.786941528320312,0.00024275577743537724,0.00042871516779996455,-0.0006859500426799059,100.0,16.17500114440918
1776224913.9262044,2026-04-15T03:48:33.926204,normal_circle,02,47.3979968,8.546161,0.16200000047683716,0.049000002443790436,0.0,0.0,0.04999999701976776,-0.11608386039733887,-0.018795162439346313,-9.789589881896973,-0.00032754376297816634,-0.0005781375803053379,0.0011347647523507476,100.0,16.17500114440918
1776224914.0317593,2026-04-15T03:48:34.031759,normal_circle,02,47.3979968,8.546161,0.16200000047683716,0.049000002443790436,0.0,0.0,0.04999999701976776,-0.11608386039733887,-0.018795162439346313,-9.789589881896973,-0.00032754376297816634,-0.0005781375803053379,0.0011347647523507476,100.0,16.17500114440918
1776224914.135036,2026-04-15T03:48:34.135036,normal_circle,02,47.3979968,8.546161,0.16200000047683716,0.049000002443790436,0.0,0.0,0.04999999701976776,-0.1147986501455307,-0.00838435534387827,-9.78687858581543,0.0007335429545491934,0.001231035916134715,-0.0002788073616102338,100.0,16.17500114440918
1776224914.237028,2026-04-15T03:48:34.237028,normal_circle,02,47.3979968,8.546161,0.16200000047683716,0.049000002443790436,0.0,0.0,0.04999999701976776,-0.10151368379592896,-0.0117669478058815,-9.789729118347168,-0.0005590906948782504,0.00025055865989997983,7.990533777046949e-05,100.0,16.17500114440918
1776224914.339447,2026-04-15T03:48:34.339447,normal_circle,02,47.3979968,8.546161,0.16200000047683716,0.049000002443790436,0.0,0.0,0.04999999701976776,-0.12174057960510254,-0.011555919423699379,-9.783197402954102,-9.049988148035482e-05,-0.0002781616640277207,0.0003710479650180787,100.0,16.17500114440918
1776224914.4441621,2026-04-15T03:48:34.444162,normal_circle,02,47.3979968,8.546161099999999,0.16100001335144043,0.04800000041723251,0.0,0.0,0.04999999701976776,-0.10618450492620468,-0.02049575373530388,-9.781867027282715,-0.0004506946133915335,-0.0004397260199766606,-0.00029716637800447643,100.0,16.17500114440918
1776224914.5476334,2026-04-15T03:48:34.547633,normal_circle,02,47.3979968,8.546161099999999,0.16100001335144043,0.04800000041723251,0.0,0.0,0.04999999701976776,-0.11399403214454651,-0.013620357029139996,-9.793519973754883,-0.0013775929110124707,-0.0006424765451811254,0.000240998255321756,100.0,16.17500114440918
1776224914.6598434,2026-04-15T03:48:34.659843,normal_circle,02,47.3979968,8.546161099999999,0.16100001335144043,0.04800000041723251,0.0,0.0,0.04999999701976776,-0.11395768821239471,-0.01590374857187271,-9.794782638549805,5.725080700358376e-05,-0.0007390776881948113,-0.000902826024685055,100.0,16.17500114440918
1776224914.7638474,2026-04-15T03:48:34.763847,normal_circle,02,47.3979968,8.546161099999999,0.16100001335144043,0.04800000041723251,0.0,0.0,0.04999999701976776,-0.11202964186668396,-0.014420853927731514,-9.783761978149414,-0.00016165539273060858,0.0008384321699850261,0.00036024482687935233,100.0,16.17500114440918
1776224914.870126,2026-04-15T03:48:34.870126,normal_circle,02,47.3979968,8.546161099999999,0.16100001335144043,0.04800000041723251,0.0,0.0,0.04999999701976776,-0.11312307417392731,-0.013356405310332775,-9.786355972290039,0.00012941312161274254,6.296898936852813e-05,-6.591398414457217e-05,100.0,16.17500114440918
1776224914.9751122,2026-04-15T03:48:34.975112,normal_circle,02,47.3979968,8.546161099999999,0.16100001335144043,0.04800000041723251,0.0,0.0,0.04999999701976776,-0.10839556157588959,-0.012659305706620216,-9.784576416015625,-0.000592059746850282,-0.00010740224388428032,-0.0006294407648965716,100.0,16.17500114440918
1776224915.079588,2026-04-15T03:48:35.079588,normal_circle,02,47.3979968,8.546161099999999,0.16100001335144043,0.04800000041723251,0.0,0.0,0.04999999701976776,-0.11175127327442169,-0.015423251315951347,-9.788189888000488,-0.001248297980055213,0.0005392925813794136,-0.0006540495087392628,100.0,16.17500114440918
1776224915.1899848,2026-04-15T03:48:35.189985,normal_circle,02,47.3979968,8.546161099999999,0.16100001335144043,0.04800000041723251,0.0,0.0,0.04999999701976776,-0.11311288177967072,-0.01073076855391264,-9.786290168762207,-0.0001043418378685601,8.38960986584425e-05,0.0002465982979629189,100.0,16.17500114440918
1776224915.2931173,2026-04-15T03:48:35.293117,normal_circle,02,47.3979968,8.546161099999999,0.16100001335144043,0.04800000041723251,0.0,0.0,0.04999999701976776,-0.10827575623989105,-0.007813697680830956,-9.787281036376953,0.0007037585019133985,0.0006116149015724659,-0.000996660441160202,100.0,16.17500114440918
1776224915.395654,2026-04-15T03:48:35.395654,normal_circle,02,47.3979968,8.546161099999999,0.16100001335144043,0.04800000041723251,0.0,0.0,0.04999999701976776,-0.10827575623989105,-0.007813697680830956,-9.787281036376953,0.0007037585019133985,0.0006116149015724659,-0.000996660441160202,100.0,16.17500114440918
1776224915.4992,2026-04-15T03:48:35.499200,normal_circle,02,47.3979968,8.546161099999999,0.16100001335144043,0.04800000041723251,0.0,0.0,0.04999999701976776,-0.11645841598510742,-0.01978916861116886,-9.780902862548828,0.00030349596636369824,-0.0009305343846790493,0.0005719882319681346,100.0,16.17500114440918
1776224915.6008914,2026-04-15T03:48:35.600891,normal_circle,02,47.3979968,8.546161099999999,0.1600000113248825,0.04700000211596489,0.0,0.0,0.04999999701976776,-0.10662826895713806,-0.02167745865881443,-9.782425880432129,0.0010222883429378271,0.00016545392281841487,-0.0001539541408419609,100.0,16.17500114440918
1776224915.7028697,2026-04-15T03:48:35.702870,normal_circle,02,47.3979968,8.546161099999999,0.1600000113248825,0.04700000211596489,0.0,0.0,0.04999999701976776,-0.10556437075138092,-0.012632361613214016,-9.78284740447998,0.0004377414588816464,-0.0007938022026792169,-4.9303063860861585e-05,100.0,16.17500114440918
1776224915.8050559,2026-04-15T03:48:35.805056,normal_circle,02,47.3979968,8.546161099999999,0.1600000113248825,0.04700000211596489,0.0,0.0,0.04999999701976776,-0.11873573064804077,-0.011516250669956207,-9.783449172973633,-0.0011328188702464104,-0.0006173084839247167,0.00041452868026681244,100.0,16.17500114440918
1776224915.9088392,2026-04-15T03:48:35.908839,normal_circle,02,47.3979968,8.546161099999999,0.1600000113248825,0.04700000211596489,0.0,0.0,0.04999999701976776,-0.11102980375289917,-0.011559495702385902,-9.785421371459961,-0.00012348208110779524,-0.00030026937020011246,0.000686062965542078,100.0,16.17500114440918
1776224916.010352,2026-04-15T03:48:36.010352,normal_circle,02,47.3979968,8.546161099999999,0.1600000113248825,0.04700000211596489,0.0,0.0,0.04999999701976776,-0.11102980375289917,-0.011559495702385902,-9.785421371459961,-0.00012348208110779524,-0.00030026937020011246,0.000686062965542078,100.0,16.17500114440918
1776224916.1175337,2026-04-15T03:48:36.117534,normal_circle,02,47.3979968,8.546161099999999,0.1600000113248825,0.04700000211596489,0.0,0.0,0.04999999701976776,-0.11623373627662659,-0.009342420846223831,-9.789844512939453,0.00042550088255666196,0.0008972481009550393,-0.0008040231768973172,100.0,16.17500114440918
1776224916.2222443,2026-04-15T03:48:36.222244,normal_circle,02,47.3979968,8.546161099999999,0.1600000113248825,0.04700000211596489,0.0,0.0,0.04999999701976776,-0.11623373627662659,-0.009342420846223831,-9.789844512939453,0.00042550088255666196,0.0008972481009550393,-0.0008040231768973172,100.0,16.17500114440918
1776224916.3266172,2026-04-15T03:48:36.326617,normal_circle,02,47.3979968,8.546161099999999,0.15900000929832458,0.046000003814697266,0.0,0.0,0.04999999701976776,-0.11836069822311401,-0.011457712389528751,-9.783326148986816,-0.0005575834074988961,-0.0006122562335804105,-0.0007088330457918346,100.0,16.17500114440918
1776224916.4293249,2026-04-15T03:48:36.429325,normal_circle,02,47.3979968,8.546161099999999,0.15900000929832458,0.046000003814697266,0.0,0.0,0.04999999701976776,-0.11560355126857758,-0.024169620126485825,-9.785699844360352,0.0009667447302490473,0.000855045102071017,8.62831439008005e-05,100.0,16.17500114440918
1776224916.5320683,2026-04-15T03:48:36.532068,normal_circle,02,47.3979968,8.546161099999999,0.15900000929832458,0.046000003814697266,0.0,0.0,0.04999999701976776,-0.10755382478237152,-0.013453289866447449,-9.788335800170898,0.0002643161569721997,0.0003788641479332,-0.00013798128929920495,100.0,16.17500114440918
1776224916.635167,2026-04-15T03:48:36.635167,normal_circle,02,47.3979968,8.546161099999999,0.15800000727176666,0.04500000178813934,0.0,0.0,0.04999999701976776,-0.10356742143630981,-0.015754766762256622,-9.791359901428223,-0.0003086001379415393,0.0007136245840229094,0.00018163183995056897,100.0,16.17500114440918
1776224916.7369912,2026-04-15T03:48:36.736991,normal_circle,02,47.3979968,8.546161099999999,0.15800000727176666,0.04500000178813934,0.0,0.0,0.04999999701976776,-0.10837753117084503,-0.01745612733066082,-9.787368774414062,0.0014075449435040355,0.000523796770721674,-0.00026678285212256014,100.0,16.17500114440918
1776224916.8407552,2026-04-15T03:48:36.840755,normal_circle,02,47.3979968,8.546161099999999,0.15800000727176666,0.04500000178813934,0.0,0.0,0.04999999701976776,-0.12299054861068726,-0.013058563694357872,-9.785449981689453,0.00047026920947246253,-0.00047815684229135513,0.0006105779903009534,100.0,16.17500114440918
1776224916.9451478,2026-04-15T03:48:36.945148,normal_circle,02,47.3979968,8.546161099999999,0.15700000524520874,0.04400000348687172,0.0,0.0,0.04999999701976776,-0.11358895897865295,-0.00726043526083231,-9.782670974731445,-0.00036499029374681413,-0.0007101917290128767,0.001607583719305694,100.0,16.17500114440918
1776224917.0491726,2026-04-15T03:48:37.049173,normal_circle,02,47.3979967,8.546161099999999,0.15700000524520874,0.04400000348687172,0.0,0.0,0.04999999701976776,-0.10939843952655792,-0.004669551737606525,-9.781810760498047,0.0007713002269156277,0.0005159114953130484,0.0007862328784540296,100.0,16.17500114440918
1776224917.1564596,2026-04-15T03:48:37.156460,normal_circle,02,47.3979967,8.546161099999999,0.15700000524520874,0.04400000348687172,0.0,0.0,0.04999999701976776,-0.11331817507743835,-0.012960275635123253,-9.7786226272583,-0.0002885161666199565,0.0002975550014525652,-0.0006508087972179055,100.0,16.17500114440918
1776224917.2586465,2026-04-15T03:48:37.258646,normal_circle,02,47.3979967,8.546161099999999,0.15600000321865082,0.0430000014603138,0.0,0.0,0.04999999701976776,-0.11216519773006439,-0.01805780455470085,-9.791115760803223,0.0005764017696492374,-0.0004573403566610068,-0.0010117506608366966,100.0,16.17500114440918
1776224917.3610008,2026-04-15T03:48:37.361001,normal_circle,02,47.3979967,8.546161099999999,0.15600000321865082,0.0430000014603138,0.0,0.0,0.04999999701976776,-0.11189296841621399,-0.01969722844660282,-9.790360450744629,-0.0012930526863783598,0.00014876043132971972,0.0007776589482091367,100.0,16.17500114440918
1776224917.4639232,2026-04-15T03:48:37.463923,normal_circle,02,47.3979967,8.546161099999999,0.1550000011920929,0.04200000315904617,0.0,0.0,0.04999999701976776,-0.11355644464492798,-0.012077820487320423,-9.795260429382324,0.0003778387326747179,-0.0008654614211991429,0.0007399333408102393,100.0,16.17500114440918
1776224917.5661266,2026-04-15T03:48:37.566127,normal_circle,02,47.3979967,8.546161099999999,0.1550000011920929,0.04200000315904617,0.0,0.0,0.04999999701976776,-0.11090446263551712,-0.01721932739019394,-9.782343864440918,0.00033785650157369673,-0.001313250744715333,6.977810699027032e-05,100.0,16.17500114440918
1776224917.6724355,2026-04-15T03:48:37.672436,normal_circle,02,47.3979967,8.5461612,0.15400001406669617,0.04100000113248825,0.0,0.0,0.04999999701976776,-0.10598304122686386,-0.02018408477306366,-9.794095039367676,0.000563294452149421,-0.00039218718302436173,3.0341005185618997e-05,100.0,16.17500114440918
1776224917.776451,2026-04-15T03:48:37.776451,normal_circle,02,47.3979967,8.5461612,0.15400001406669617,0.04100000113248825,0.0,0.0,0.04999999701976776,-0.1107235848903656,-0.014546684920787811,-9.785934448242188,-0.0008543021394871175,0.0004500211507547647,0.00018891083891503513,100.0,16.17500114440918
1776224917.881074,2026-04-15T03:48:37.881074,normal_circle,02,47.3979967,8.5461612,0.15400001406669617,0.04100000113248825,-0.009999999776482582,0.0,0.04999999701976776,-0.10686708986759186,-0.010852858424186707,-9.778509140014648,4.924553650198504e-05,0.0003235238546039909,0.00049109774408862,100.0,16.17500114440918
1776224917.9869442,2026-04-15T03:48:37.986944,normal_circle,02,47.3979967,8.5461612,0.15400001406669617,0.04100000113248825,-0.009999999776482582,0.0,0.04999999701976776,-0.10948905348777771,-0.010113071650266647,-9.783583641052246,-0.0004730236541945487,-0.0009346828446723521,-0.0007066263351589441,100.0,16.17500114440918
1776224918.0952427,2026-04-15T03:48:38.095243,normal_circle,02,47.3979967,8.5461612,0.15300001204013824,0.04000000283122063,-0.009999999776482582,0.0,0.04999999701976776,-0.11347081512212753,-0.020088961347937584,-9.789525985717773,-0.0007152182515710592,0.00019121365039609373,-5.3004292567493394e-05,100.0,16.17500114440918
1776224918.1970246,2026-04-15T03:48:38.197025,normal_circle,02,47.3979967,8.5461612,0.15300001204013824,0.04000000283122063,-0.009999999776482582,0.0,0.04999999701976776,-0.11096426844596863,-0.02402261085808277,-9.786036491394043,-0.00023811378923710436,0.0003008173662237823,-0.0004769170773215592,100.0,16.17500114440918
1776224918.2993474,2026-04-15T03:48:38.299347,normal_circle,02,47.3979967,8.5461612,0.15300001204013824,0.04000000283122063,-0.009999999776482582,0.0,0.04999999701976776,-0.11203475296497345,-0.006408529821783304,-9.793238639831543,-0.00030900651472620666,-0.0008754687150940299,-0.000251865218160674,100.0,16.17500114440918
1776224918.4072073,2026-04-15T03:48:38.407207,normal_circle,02,47.3979967,8.5461612,0.15300001204013824,0.04000000283122063,-0.009999999776482582,0.0,0.04999999701976776,-0.11364896595478058,-0.015170016326010227,-9.78113079071045,0.000877905753441155,2.886730362661183e-05,-0.0003374376683495939,100.0,16.17500114440918
1776224918.511941,2026-04-15T03:48:38.511941,normal_circle,02,47.3979967,8.5461612,0.15300001204013824,0.04000000283122063,-0.009999999776482582,0.0,0.04999999701976776,-0.11238778382539749,-0.014664304442703724,-9.781482696533203,0.0003271941968705505,6.782533455407247e-05,-0.0007311563240364194,100.0,16.17500114440918
1776224918.6172168,2026-04-15T03:48:38.617217,normal_circle,02,47.3979967,8.5461612,0.15300001204013824,0.04000000283122063,-0.009999999776482582,0.0,0.04999999701976776,-0.11304087191820145,-0.013464922085404396,-9.775620460510254,-0.0003788435715250671,0.0010860790498554707,0.00045529723865911365,100.0,16.17500114440918
1776224918.7186506,2026-04-15T03:48:38.718651,normal_circle,02,47.3979967,8.5461612,0.15200001001358032,0.039000000804662704,-0.009999999776482582,0.0,0.04999999701976776,-0.11336421966552734,-0.0147714177146554,-9.786585807800293,-0.000584038149099797,8.547981997253373e-05,-0.00020895869238302112,100.0,16.17500114440918
1776224918.8256836,2026-04-15T03:48:38.825684,normal_circle,02,47.3979967,8.5461612,0.15200001001358032,0.039000000804662704,-0.009999999776482582,0.0,0.04999999701976776,-0.10919857025146484,-0.005025459453463554,-9.786633491516113,-0.0006228435668163002,-8.83264874573797e-05,0.0004254742234479636,100.0,16.17500114440918
1776224918.9276764,2026-04-15T03:48:38.927676,normal_circle,02,47.3979967,8.5461612,0.15200001001358032,0.039000000804662704,-0.009999999776482582,0.0,0.04999999701976776,-0.10917145013809204,-0.008351380936801434,-9.780625343322754,0.00017686323553789407,-0.0016617549117654562,0.00042578059947118163,100.0,16.17500114440918
1776224919.0287166,2026-04-15T03:48:39.028717,normal_circle,02,47.3979967,8.5461612,0.15200001001358032,0.039000000804662704,-0.009999999776482582,0.0,0.04999999701976776,-0.10917145013809204,-0.008351380936801434,-9.780625343322754,0.00017686323553789407,-0.0016617549117654562,0.00042578059947118163,100.0,16.17500114440918
1776224919.1301844,2026-04-15T03:48:39.130184,normal_circle,02,47.3979967,8.5461612,0.15200001001358032,0.039000000804662704,-0.009999999776482582,0.0,0.04999999701976776,-0.10917145013809204,-0.008351380936801434,-9.780625343322754,0.00017686323553789407,-0.0016617549117654562,0.00042578059947118163,100.0,16.17500114440918
1776224919.2332582,2026-04-15T03:48:39.233258,normal_circle,02,47.3979967,8.5461612,0.15200001001358032,0.03800000250339508,-0.009999999776482582,0.0,0.04999999701976776,-0.1138072982430458,-0.018638331443071365,-9.775585174560547,-0.0006292948382906616,0.0007537145866081119,3.2338120945496485e-05,100.0,16.17500114440918
1776224919.3371584,2026-04-15T03:48:39.337158,normal_circle,02,47.3979967,8.5461612,0.1510000079870224,0.03800000250339508,-0.009999999776482582,0.0,0.04999999701976776,-0.11821943521499634,-0.0009903197642415762,-9.780583381652832,0.00047364833881147206,-0.0004984594997949898,-0.0011343513615429401,100.0,16.17500114440918
1776224919.439904,2026-04-15T03:48:39.439904,normal_circle,02,47.3979967,8.5461612,0.1510000079870224,0.03800000250339508,-0.009999999776482582,0.0,0.04999999701976776,-0.10473943501710892,-0.004975434392690659,-9.78783130645752,0.000347617722582072,-9.079385927179828e-05,0.0004120405064895749,100.0,16.17500114440918
1776224919.5425136,2026-04-15T03:48:39.542514,normal_circle,02,47.3979967,8.5461612,0.1510000079870224,0.03800000250339508,-0.009999999776482582,0.0,0.04999999701976776,-0.11282051354646683,-0.013003715313971043,-9.785481452941895,1.4485558494925499e-05,-1.4502973499475047e-05,-0.0009588508983142674,100.0,16.17500114440918
1776224919.6439848,2026-04-15T03:48:39.643985,normal_circle,02,47.3979967,8.5461612,0.1510000079870224,0.03800000250339508,-0.009999999776482582,0.0,0.04999999701976776,-0.11282051354646683,-0.013003715313971043,-9.785481452941895,1.4485558494925499e-05,-1.4502973499475047e-05,-0.0009588508983142674,100.0,16.17500114440918
1776224919.7468297,2026-04-15T03:48:39.746830,normal_circle,02,47.3979967,8.5461613,0.1510000079870224,0.03800000250339508,-0.009999999776482582,0.0,0.04999999701976776,-0.0991644561290741,-0.016974996775388718,-9.784153938293457,0.0013436112785711884,-0.0004940556245855987,0.0010130252921953797,100.0,16.17500114440918
1776224919.8486722,2026-04-15T03:48:39.848672,normal_circle,02,47.3979967,8.5461613,0.1510000079870224,0.03800000250339508,-0.009999999776482582,0.009999999776482582,0.04999999701976776,-0.11440934240818024,-0.016075320541858673,-9.787018775939941,0.0003280806995462626,0.0001524424005765468,0.0001231908390764147,100.0,16.17500114440918
1776224919.951786,2026-04-15T03:48:39.951786,normal_circle,02,47.3979967,8.5461613,0.1510000079870224,0.03800000250339508,-0.009999999776482582,0.009999999776482582,0.04999999701976776,-0.11405446380376816,-0.019806601107120514,-9.78434944152832,-7.224678120110184e-05,1.7227648640982807e-06,0.000643910258077085,100.0,16.17500114440918
1776224920.0542262,2026-04-15T03:48:40.054226,normal_circle,02,47.3979967,8.5461613,0.1510000079870224,0.03800000250339508,-0.009999999776482582,0.009999999776482582,0.04999999701976776,-0.11431899666786194,-0.016998032107949257,-9.7892427444458,0.0008876086794771254,-1.139259256888181e-05,0.00018798488599713892,100.0,16.17500114440918
1776224920.157904,2026-04-15T03:48:40.157904,normal_circle,02,47.3979967,8.5461613,0.1510000079870224,0.03800000250339508,-0.009999999776482582,0.009999999776482582,0.04999999701976776,-0.1022375077009201,-0.02174290083348751,-9.789022445678711,0.0005885823047719896,-0.00013946203398518264,0.0009648457053117454,100.0,16.17500114440918
1776224920.2603924,2026-04-15T03:48:40.260392,normal_circle,02,47.3979967,8.5461613,0.15000000596046448,0.03700000047683716,-0.009999999776482582,0.009999999776482582,0.04999999701976776,-0.11515048891305923,-0.020583543926477432,-9.787423133850098,6.256277993088588e-05,0.0005125432508066297,-0.00037407505442388356,100.0,16.17500114440918
1776224920.3644063,2026-04-15T03:48:40.364406,normal_circle,02,47.3979967,8.5461613,0.15000000596046448,0.03700000047683716,-0.009999999776482582,0.009999999776482582,0.04999999701976776,-0.11575768887996674,-0.01711934432387352,-9.78675365447998,-9.132329432759434e-05,0.0005753507721237838,-0.00025679083773866296,100.0,16.17500114440918
1776224920.4658494,2026-04-15T03:48:40.465849,normal_circle,02,47.3979967,8.5461613,0.15000000596046448,0.03700000047683716,-0.009999999776482582,0.009999999776482582,0.04999999701976776,-0.10934849828481674,-0.014437317848205566,-9.77824592590332,0.000941836682613939,-0.00041136026266030967,0.00022310632630251348,100.0,16.17500114440918
1776224920.5688076,2026-04-15T03:48:40.568808,normal_circle,02,47.3979967,8.5461613,0.15000000596046448,0.03700000047683716,-0.009999999776482582,0.009999999776482582,0.04999999701976776,-0.11357282847166061,-0.00871896743774414,-9.780777931213379,0.0008984330925159156,-0.0004505897522903979,-0.0005351751460693777,100.0,16.17500114440918
1776224920.6713433,2026-04-15T03:48:40.671343,normal_circle,02,47.3979967,8.5461613,0.15000000596046448,0.03700000047683716,-0.009999999776482582,0.009999999776482582,0.04999999701976776,-0.11359044164419174,-0.009384465403854847,-9.783411979675293,0.0010272398358210921,-0.000154214576468803,-2.8498405299615115e-05,100.0,16.17500114440918
1776224920.7749944,2026-04-15T03:48:40.774994,normal_circle,02,47.3979967,8.5461613,0.15000000596046448,0.03700000047683716,-0.009999999776482582,0.009999999776482582,0.04999999701976776,-0.10794713348150253,-0.015115831047296524,-9.782830238342285,0.0010639256797730923,-0.0006901510059833527,0.0008136425167322159,97.0,16.115001678466797
1776224920.8775635,2026-04-15T03:48:40.877563,normal_circle,02,47.3979968,8.5461613,0.15000000596046448,0.03700000047683716,-0.009999999776482582,0.009999999776482582,0.04999999701976776,-0.11460428684949875,-0.014065943658351898,-9.78447151184082,-0.00036818021908402443,-0.0003055162960663438,0.0001872149878181517,97.0,16.115001678466797
1776224920.9827595,2026-04-15T03:48:40.982759,normal_circle,02,47.3979968,8.5461613,0.14900000393390656,0.036000002175569534,-0.009999999776482582,0.009999999776482582,0.04999999701976776,-0.10682941228151321,-0.016838274896144867,-9.781598091125488,0.0001958714856300503,0.0003821520076598972,0.0001578203373355791,97.0,16.115001678466797
1776224921.0869894,2026-04-15T03:48:41.086989,normal_circle,02,47.3979968,8.5461613,0.14900000393390656,0.036000002175569534,-0.009999999776482582,0.009999999776482582,0.04999999701976776,-0.10522951185703278,-0.015552288852632046,-9.77744197845459,-0.0005007113213650882,0.0005991698708385229,0.00031939049949869514,97.0,16.115001678466797
1776224921.188516,2026-04-15T03:48:41.188516,normal_circle,02,47.3979968,8.5461613,0.14900000393390656,0.036000002175569534,-0.009999999776482582,0.009999999776482582,0.04999999701976776,-0.12340240180492401,-0.019503725692629814,-9.78744888305664,-0.0008788258419372141,-0.00031146587571129203,-0.00015800006804056466,97.0,16.115001678466797
1776224921.294008,2026-04-15T03:48:41.294008,normal_circle,02,47.3979968,8.5461613,0.14900000393390656,0.036000002175569534,0.0,0.0,0.04999999701976776,-0.11600226908922195,-0.018926654011011124,-9.779252052307129,-0.00027823992422781885,0.00031426650821231306,0.0005918586393818259,97.0,16.115001678466797
1776224921.3960297,2026-04-15T03:48:41.396030,normal_circle,02,47.3979968,8.5461613,0.14800000190734863,0.03500000014901161,0.0,0.0,0.04999999701976776,-0.10667044669389725,-0.019213467836380005,-9.785091400146484,-0.0001374905405100435,0.00028851686511188745,-0.00045324343955144286,97.0,16.115001678466797
1776224921.5010726,2026-04-15T03:48:41.501073,normal_circle,02,47.3979968,8.5461613,0.14800000190734863,0.03500000014901161,0.0,0.0,0.04999999701976776,-0.10848966985940933,-0.014056316576898098,-9.783971786499023,-0.0002580554282758385,0.0004218925314489752,-0.0010600824607536197,97.0,16.115001678466797
1776224921.6036232,2026-04-15T03:48:41.603623,normal_circle,02,47.3979968,8.5461613,0.14800000190734863,0.03500000014901161,0.0,0.0,0.04999999701976776,-0.10953426361083984,-0.014872914180159569,-9.783021926879883,0.0007677138200961053,-0.0007581489044241607,-0.00020776035671588033,97.0,16.115001678466797
1776224921.7057004,2026-04-15T03:48:41.705700,normal_circle,02,47.3979968,8.5461613,0.1469999998807907,0.03400000184774399,0.0,0.0,0.04999999701976776,-0.10679633915424347,-0.019484348595142365,-9.779156684875488,0.0012399351689964533,0.00025865063071250916,0.0003953785926569253,97.0,16.115001678466797
1776224921.8083096,2026-04-15T03:48:41.808310,normal_circle,02,47.3979968,8.5461613,0.1469999998807907,0.03400000184774399,0.0,0.0,0.04999999701976776,-0.1167476624250412,-0.008573528379201889,-9.782140731811523,0.000843917194288224,-0.000927157117985189,-0.00026535126380622387,97.0,16.115001678466797
1776224921.9097564,2026-04-15T03:48:41.909756,normal_circle,02,47.3979968,8.5461613,0.1469999998807907,0.03400000184774399,0.0,0.0,0.04999999701976776,-0.11448650062084198,-0.016404572874307632,-9.780210494995117,-9.358979878015816e-05,-0.00011141336290165782,-0.0009070060914382339,97.0,16.115001678466797
1776224922.0135417,2026-04-15T03:48:42.013542,normal_circle,02,47.3979968,8.5461613,0.1469999998807907,0.03400000184774399,0.0,0.0,0.04999999701976776,-0.10710833221673965,-0.010929489508271217,-9.786620140075684,-0.0003033131069969386,0.0013229136820882559,0.0013952006120234728,97.0,16.115001678466797
1776224922.1238296,2026-04-15T03:48:42.123830,normal_circle,02,47.3979968,8.5461613,0.1469999998807907,0.03400000184774399,0.0,0.0,0.04999999701976776,-0.10812946408987045,-0.008828636258840561,-9.781458854675293,0.0002446112339384854,0.0009285319247283041,0.0001742209424264729,97.0,16.115001678466797
1776224922.2291927,2026-04-15T03:48:42.229193,normal_circle,02,47.3979968,8.5461613,0.1469999998807907,0.03400000184774399,0.0,0.0,0.04999999701976776,-0.1075461357831955,-0.020499056205153465,-9.784539222717285,-0.0004295260878279805,-0.00042354437755420804,0.00015706820704508573,97.0,16.115001678466797
1776224922.3427095,2026-04-15T03:48:42.342710,normal_circle,02,47.3979968,8.5461613,0.1469999998807907,0.03400000184774399,0.0,0.0,0.04999999701976776,-0.1075461357831955,-0.020499056205153465,-9.784539222717285,-0.0004295260878279805,-0.00042354437755420804,0.00015706820704508573,97.0,16.115001678466797
1776224922.444855,2026-04-15T03:48:42.444855,normal_circle,02,47.3979968,8.5461612,0.1469999998807907,0.03400000184774399,0.0,0.0,0.04999999701976776,-0.11384860426187515,-0.00972616858780384,-9.782940864562988,-0.00018285901751369238,0.00017324023065157235,-0.000957242795266211,97.0,16.115001678466797
1776224922.5459642,2026-04-15T03:48:42.545964,normal_circle,02,47.3979968,8.5461612,0.1469999998807907,0.03400000184774399,0.0,0.0,0.04999999701976776,-0.11078545451164246,-0.006742376834154129,-9.789410591125488,-0.0003127848030999303,0.0005154471145942807,-0.0009225585381500423,97.0,16.115001678466797
1776224922.656563,2026-04-15T03:48:42.656563,normal_circle,02,47.3979968,8.5461612,0.1469999998807907,0.03400000184774399,0.0,0.0,0.04999999701976776,-0.10438735783100128,-0.012068386189639568,-9.782963752746582,-0.0002880348183680326,-0.000640540907625109,0.0009505848865956068,97.0,16.115001678466797
1776224922.758946,2026-04-15T03:48:42.758946,normal_circle,02,47.3979968,8.5461612,0.1469999998807907,0.03400000184774399,0.0,0.0,0.04999999701976776,-0.11284970492124557,-0.017572907730937004,-9.770747184753418,-0.0001085813419194892,-0.0007847545202821493,-0.0002199734008172527,97.0,16.115001678466797
1776224922.861821,2026-04-15T03:48:42.861821,normal_circle,02,47.3979968,8.5461612,0.1469999998807907,0.03400000184774399,0.0,0.0,0.04999999701976776,-0.11315478384494781,-0.016409147530794144,-9.78614330291748,-0.0007122486713342369,-0.00042720031342469156,6.387623579939827e-05,97.0,16.115001678466797
1776224922.964573,2026-04-15T03:48:42.964573,normal_circle,02,47.3979968,8.5461612,0.1469999998807907,0.032999999821186066,0.0,0.0,0.04999999701976776,-0.11221399903297424,-0.02215455286204815,-9.787678718566895,0.00019736071408260614,0.00022212784097064286,1.3823410881741438e-05,97.0,16.115001678466797
1776224923.0691633,2026-04-15T03:48:43.069163,normal_circle,02,47.3979968,8.5461612,0.14600001275539398,0.032999999821186066,0.0,0.0,0.04999999701976776,-0.11435747146606445,-0.002885992405936122,-9.781693458557129,0.0003068712539970875,-0.00013177283108234406,-0.000787082128226757,97.0,16.115001678466797
1776224923.1700606,2026-04-15T03:48:43.170061,normal_circle,02,47.3979968,8.5461612,0.14600001275539398,0.032999999821186066,0.0,0.0,0.04999999701976776,-0.11171560734510422,-0.016182061284780502,-9.782584190368652,-0.00012830065679736435,-0.0008810735307633877,-0.000581190048251301,97.0,16.115001678466797
1776224923.27172,2026-04-15T03:48:43.271720,normal_circle,02,47.397996899999995,8.5461612,0.14600001275539398,0.032999999821186066,0.0,0.0,0.04999999701976776,-0.1057080328464508,-0.01872321218252182,-9.78746509552002,0.0006727731670252979,0.00015680263459216803,-0.0003291918837931007,97.0,16.115001678466797
1776224923.3749864,2026-04-15T03:48:43.374986,normal_circle,02,47.397996899999995,8.5461612,0.14600001275539398,0.032999999821186066,0.0,0.0,0.04999999701976776,-0.11497461050748825,-0.015169433318078518,-9.784096717834473,0.00019361081649549305,-0.0004917204496450722,-0.0009681936935521662,97.0,16.115001678466797
1776224923.4799042,2026-04-15T03:48:43.479904,normal_circle,02,47.397996899999995,8.5461612,0.14500001072883606,0.03200000151991844,0.0,0.0,0.04999999701976776,-0.11428048461675644,-0.012187178246676922,-9.78152084350586,0.00015468332276213914,-0.0004694948729593307,0.0005920328549109399,97.0,16.115001678466797
1776224923.5812423,2026-04-15T03:48:43.581242,normal_circle,02,47.397996899999995,8.5461612,0.14600001275539398,0.032999999821186066,0.0,0.0,0.04999999701976776,-0.09864722192287445,-0.012212179601192474,-9.789786338806152,0.00028920796466991305,-0.0003941429895348847,0.000848230323754251,97.0,16.115001678466797
1776224923.6880739,2026-04-15T03:48:43.688074,normal_circle,02,47.397996899999995,8.5461612,0.14600001275539398,0.032999999821186066,0.0,0.0,0.04999999701976776,-0.10770586878061295,-0.014606237411499023,-9.785970687866211,0.0008605626644566655,0.0006926787900738418,6.703726830892265e-05,97.0,16.115001678466797
1776224923.7909207,2026-04-15T03:48:43.790921,normal_circle,02,47.397996899999995,8.5461612,0.14600001275539398,0.032999999821186066,0.0,0.0,0.04999999701976776,-0.11294170469045639,-0.01070641353726387,-9.78996753692627,0.0008363935048691928,0.0009390999330207705,-0.0009706664714030921,97.0,16.115001678466797
1776224923.892917,2026-04-15T03:48:43.892917,normal_circle,02,47.397996899999995,8.5461612,0.14600001275539398,0.032999999821186066,0.0,0.0,0.04999999701976776,-0.11294170469045639,-0.01070641353726387,-9.78996753692627,0.0008363935048691928,0.0009390999330207705,-0.0009706664714030921,97.0,16.115001678466797
1776224923.9950473,2026-04-15T03:48:43.995047,normal_circle,02,47.397996899999995,8.5461612,0.14500001072883606,0.03200000151991844,0.0,0.0,0.04999999701976776,-0.11699255555868149,-0.018395084887742996,-9.793318748474121,-0.0003077364235650748,8.903794514480978e-05,0.000606311485171318,97.0,16.115001678466797
1776224924.0980315,2026-04-15T03:48:44.098032,normal_circle,02,47.397996899999995,8.5461612,0.14500001072883606,0.03200000151991844,0.0,0.0,0.04999999701976776,-0.11211742460727692,-0.016944702714681625,-9.784371376037598,0.00015131152758840472,-0.0007306731422431767,7.826547516742721e-05,97.0,16.115001678466797
1776224924.203027,2026-04-15T03:48:44.203027,normal_circle,02,47.397996899999995,8.5461612,0.14400000870227814,0.03100000135600567,0.0,0.0,0.04999999701976776,-0.10817357152700424,-0.01355668343603611,-9.780451774597168,-0.00010862937779165804,0.001035596476867795,0.00025871419347822666,97.0,16.115001678466797
1776224924.307755,2026-04-15T03:48:44.307755,normal_circle,02,47.397996899999995,8.5461612,0.14400000870227814,0.03100000135600567,0.0,0.0,0.04999999701976776,-0.10369780659675598,-0.019083296880126,-9.786087989807129,8.861992682795972e-05,-0.0004791475657839328,-0.000884329667314887,97.0,16.115001678466797
1776224924.4100063,2026-04-15T03:48:44.410006,normal_circle,02,47.397996899999995,8.5461612,0.14300000667572021,0.030000001192092896,0.0,0.0,0.04999999701976776,-0.10839992016553879,-0.012378882616758347,-9.789878845214844,0.00010739998833741993,7.94555526226759e-05,-0.0005256368312984705,97.0,16.115001678466797
1776224924.5118518,2026-04-15T03:48:44.511852,normal_circle,02,47.397996899999995,8.5461612,0.1420000046491623,0.029000001028180122,0.0,0.0,0.04999999701976776,-0.10681665688753128,-0.017483696341514587,-9.790399551391602,-0.000230604360694997,-0.0005265453946776688,-0.0004935109172947705,97.0,16.115001678466797
1776224924.6143584,2026-04-15T03:48:44.614358,normal_circle,02,47.397996899999995,8.5461612,0.1420000046491623,0.029000001028180122,0.0,0.0,0.04999999701976776,-0.10681665688753128,-0.017483696341514587,-9.790399551391602,-0.000230604360694997,-0.0005265453946776688,-0.0004935109172947705,97.0,16.115001678466797
1776224924.7157733,2026-04-15T03:48:44.715773,normal_circle,02,47.397996899999995,8.5461612,0.14100000262260437,0.02800000086426735,0.0,0.0,0.04999999701976776,-0.11212850362062454,-0.020069116726517677,-9.7833890914917,0.0004912494914606214,0.0003392856160644442,0.0013743668096140027,97.0,16.115001678466797
1776224924.8213181,2026-04-15T03:48:44.821318,normal_circle,02,47.397996899999995,8.5461612,0.14000000059604645,0.027000000700354576,0.0,0.0,0.04999999701976776,-0.11261488497257233,-0.006760566495358944,-9.789824485778809,0.0004308444622438401,0.0003091346879955381,0.0002071135677397251,97.0,16.115001678466797
1776224924.9226437,2026-04-15T03:48:44.922644,normal_circle,02,47.397996899999995,8.5461612,0.14000000059604645,0.027000000700354576,0.0,0.0,0.04999999701976776,-0.11261488497257233,-0.006760566495358944,-9.789824485778809,0.0004308444622438401,0.0003091346879955381,0.0002071135677397251,97.0,16.115001678466797
1776224925.027955,2026-04-15T03:48:45.027955,normal_circle,02,47.397996899999995,8.5461612,0.14000000059604645,0.027000000700354576,0.0,0.0,0.05999999865889549,-0.11549321562051773,-0.007594452239573002,-9.777728080749512,-0.0009827002650126815,-0.0003701105888467282,-0.0003796226519625634,97.0,16.115001678466797
1776224925.147913,2026-04-15T03:48:45.147913,normal_circle,02,47.397996899999995,8.5461612,0.14000000059604645,0.027000000700354576,0.0,0.0,0.05999999865889549,-0.11549321562051773,-0.007594452239573002,-9.777728080749512,-0.0009827002650126815,-0.0003701105888467282,-0.0003796226519625634,97.0,16.115001678466797
1776224925.2511199,2026-04-15T03:48:45.251120,normal_circle,02,47.397996899999995,8.5461612,0.13900001347064972,0.026000000536441803,0.0,0.0,0.05999999865889549,-0.10875068604946136,-0.018365783616900444,-9.782584190368652,-0.0005196863785386086,-0.0021045892499387264,0.0010857093147933483,97.0,16.115001678466797
1776224925.3540921,2026-04-15T03:48:45.354092,normal_circle,02,47.397996899999995,8.5461612,0.1380000114440918,0.02500000037252903,0.0,0.0,0.05999999865889549,-0.11299358308315277,-0.007531108800321817,-9.777750968933105,-0.00082167680375278,0.00027125098858959973,0.00047259408165700734,97.0,16.115001678466797
1776224925.4558427,2026-04-15T03:48:45.455843,normal_circle,02,47.397996899999995,8.5461612,0.1380000114440918,0.02500000037252903,0.0,0.0,0.05999999865889549,-0.11299358308315277,-0.007531108800321817,-9.777750968933105,-0.00082167680375278,0.00027125098858959973,0.00047259408165700734,97.0,16.115001678466797
1776224925.5586443,2026-04-15T03:48:45.558644,normal_circle,02,47.397996899999995,8.5461612,0.1380000114440918,0.02500000037252903,0.0,0.0,0.05999999865889549,-0.11140236258506775,-0.01882779598236084,-9.790903091430664,-9.868122288025916e-05,-0.00047876121243461967,-0.0007493571611121297,97.0,16.115001678466797
1776224925.6616285,2026-04-15T03:48:45.661628,normal_circle,02,47.397996899999995,8.5461612,0.1380000114440918,0.02500000037252903,0.0,0.0,0.05999999865889549,-0.11140236258506775,-0.01882779598236084,-9.790903091430664,-9.868122288025916e-05,-0.00047876121243461967,-0.0007493571611121297,97.0,16.115001678466797
1776224925.7632165,2026-04-15T03:48:45.763216,normal_circle,02,47.397996899999995,8.5461612,0.13600000739097595,0.023000001907348633,0.0,0.0,0.05999999865889549,-0.1172252893447876,-0.008188906125724316,-9.77830696105957,0.0005264076171442866,0.000218842105823569,0.0006182333454489708,97.0,16.115001678466797
1776224925.8668702,2026-04-15T03:48:45.866870,normal_circle,02,47.397996899999995,8.5461612,0.13600000739097595,0.023000001907348633,0.0,0.0,0.05999999865889549,-0.11332684010267258,-0.010560373775660992,-9.779206275939941,-0.0008639248553663492,0.0006106018554419279,0.00039833286427892745,97.0,16.115001678466797
1776224925.96996,2026-04-15T03:48:45.969960,normal_circle,02,47.397996899999995,8.5461612,0.13500000536441803,0.02200000174343586,0.0,0.0,0.05999999865889549,-0.10790789127349854,-0.011655592359602451,-9.792804718017578,-0.0009509374503977597,0.0006171166896820068,-0.0010640000691637397,97.0,16.115001678466797
1776224926.0749712,2026-04-15T03:48:46.074971,normal_circle,02,47.397996899999995,8.5461612,0.13500000536441803,0.02200000174343586,0.0,0.0,0.05999999865889549,-0.11210856586694717,-0.01870097778737545,-9.7853364944458,-0.0003113795828539878,0.0007580929668620229,-0.0005938887479715049,97.0,16.115001678466797
1776224926.17799,2026-04-15T03:48:46.177990,normal_circle,02,47.397997,8.5461612,0.1340000033378601,0.021000001579523087,0.0,0.0,0.05999999865889549,-0.11000456660985947,-0.0094021987169981,-9.786359786987305,0.00032180146081373096,-0.0008283537463285029,-0.0005335169844329357,97.0,16.115001678466797
1776224926.2809503,2026-04-15T03:48:46.280950,normal_circle,02,47.397997,8.5461612,0.1340000033378601,0.021000001579523087,0.0,0.0,0.05999999865889549,-0.1137462854385376,-0.007509871385991573,-9.781977653503418,0.000947875261772424,0.00030071259243413806,0.0010623943526297808,97.0,16.115001678466797
1776224926.383618,2026-04-15T03:48:46.383618,normal_circle,02,47.397997,8.5461612,0.13300000131130219,0.020000001415610313,0.0,0.0,0.05999999865889549,-0.11729838699102402,-0.006337053142488003,-9.775995254516602,1.0856332664843649e-05,0.0008924455032683909,-0.00011097369133494794,97.0,16.115001678466797
1776224926.4858098,2026-04-15T03:48:46.485810,normal_circle,02,47.397997,8.5461612,0.13300000131130219,0.020000001415610313,0.0,0.0,0.05999999865889549,-0.11385291814804077,-0.015034899115562439,-9.781761169433594,0.00017269763338845223,0.0006363618304021657,-0.000640157493762672,97.0,16.115001678466797
1776224926.587148,2026-04-15T03:48:46.587148,normal_circle,02,47.397997,8.5461612,0.13199999928474426,0.01900000125169754,0.0,0.0,0.05999999865889549,-0.10990948230028152,-0.011603672057390213,-9.785228729248047,-0.000294261408271268,0.0008357078768312931,0.0008558655972592533,97.0,16.115001678466797
1776224926.6897175,2026-04-15T03:48:46.689718,normal_circle,02,47.397997,8.5461612,0.13199999928474426,0.01900000125169754,0.0,0.0,0.05999999865889549,-0.11145897954702377,-0.01460921112447977,-9.782109260559082,0.0005211199750192463,0.001094539649784565,-0.0006970459944568574,97.0,16.115001678466797
1776224926.7919302,2026-04-15T03:48:46.791930,normal_circle,02,47.397997,8.5461612,0.13100001215934753,0.018000001087784767,0.0,0.0,0.05999999865889549,-0.11346512287855148,-0.012322697788476944,-9.800374031066895,0.0012857521651312709,-0.0004958282806910574,0.0007499523344449699,97.0,16.115001678466797
1776224926.8960564,2026-04-15T03:48:46.896056,normal_circle,02,47.397997,8.5461612,0.13100001215934753,0.018000001087784767,0.0,0.0,0.05999999865889549,-0.1840679943561554,-0.017187748104333878,-9.821089744567871,-0.0006982861668802798,0.006828805897384882,0.0006926096975803375,97.0,16.115001678466797
1776224926.9980943,2026-04-15T03:48:46.998094,normal_circle,02,47.397997,8.5461612,0.1300000101327896,0.017000000923871994,0.0,0.0,0.05999999865889549,-0.39820021390914917,-0.023125754669308662,-9.949431419372559,-0.0005265417858026922,0.0255836620926857,-0.0011155114043504,97.0,16.115001678466797
1776224927.101154,2026-04-15T03:48:47.101154,normal_circle,02,47.397997,8.5461612,0.1300000101327896,0.017000000923871994,0.0,-0.009999999776482582,0.03999999910593033,-0.2255454659461975,-0.01358730997890234,-10.164538383483887,-0.0006495796260423958,0.10947709530591965,-0.01364823430776596,97.0,16.115001678466797
1776224927.208974,2026-04-15T03:48:47.208974,normal_circle,02,47.397997,8.5461612,0.1300000101327896,0.017000000923871994,0.0,-0.009999999776482582,0.03999999910593033,-0.10161472856998444,-0.013640188612043858,-10.205169677734375,-0.004191089421510696,0.17252632975578308,-0.020360752940177917,97.0,16.115001678466797
1776224927.313062,2026-04-15T03:48:47.313062,normal_circle,02,47.397997,8.5461612,0.13100001215934753,0.018000001087784767,0.0,-0.009999999776482582,0.029999999329447746,-0.09652785956859589,-0.010275248438119888,-10.26175594329834,-0.010259676724672318,0.20723555982112885,-0.019672682508826256,97.0,16.115001678466797
1776224927.4151375,2026-04-15T03:48:47.415138,normal_circle,02,47.397997,8.5461612,0.13199999928474426,0.01900000125169754,0.0,-0.019999999552965164,0.009999999776482582,-0.10123458504676819,-0.015556180849671364,-10.397683143615723,-0.012660880573093891,0.18002280592918396,-0.01840638928115368,97.0,16.115001678466797
1776224927.5188572,2026-04-15T03:48:47.518857,normal_circle,02,47.397997,8.5461612,0.1340000033378601,0.021000001579523087,0.0,-0.019999999552965164,-0.009999999776482582,-0.10215672850608826,-0.01787852682173252,-10.435564041137695,-0.009487366303801537,0.14795517921447754,-0.016688579693436623,97.0,16.115001678466797
1776224927.6220906,2026-04-15T03:48:47.622091,normal_circle,02,47.397997,8.546161099999999,0.13500000536441803,0.02200000174343586,0.0,-0.029999999329447746,-0.019999999552965164,-0.1080995425581932,-0.017201974987983704,-10.474148750305176,-0.007816862314939499,0.12541349232196808,-0.015590209513902664,97.0,16.115001678466797
1776224927.7261202,2026-04-15T03:48:47.726120,normal_circle,02,47.397997,8.546161099999999,0.13600000739097595,0.023000001907348633,0.0,-0.029999999329447746,-0.029999999329447746,-0.11993687599897385,-0.01951957680284977,-10.500436782836914,-0.006006781477481127,0.10037501156330109,-0.013692221604287624,97.0,16.115001678466797
1776224927.8292952,2026-04-15T03:48:47.829295,normal_circle,02,47.397997,8.546161099999999,0.14000000059604645,0.027000000700354576,0.0,-0.04999999701976776,-0.05999999865889549,-0.10867497324943542,-0.01685858517885208,-10.550158500671387,-0.001641678623855114,0.060385845601558685,-0.010808265767991543,97.0,16.115001678466797
1776224927.93687,2026-04-15T03:48:47.936870,normal_circle,02,47.397997,8.546161099999999,0.14600001275539398,0.032999999821186066,0.0,-0.05999999865889549,-0.08999999612569809,-0.1005973368883133,-0.009382175281643867,-10.625096321105957,0.001911046216264367,0.02154347486793995,-0.008375276811420918,97.0,16.115001678466797
1776224928.038697,2026-04-15T03:48:48.038697,normal_circle,02,47.397997,8.546161,0.1510000079870224,0.03800000250339508,-0.009999999776482582,-0.07000000029802322,-0.11999999731779099,-0.10799986869096756,-0.008291352540254593,-10.64881420135498,0.004804117605090141,-0.00677462900057435,-0.004556789994239807,97.0,16.115001678466797
1776224928.1389508,2026-04-15T03:48:48.138951,normal_circle,02,47.397996899999995,8.546161,0.15900000929832458,0.046000003814697266,-0.009999999776482582,-0.08999999612569809,-0.14999999105930328,-0.10203960537910461,-0.016762418672442436,-10.635546684265137,0.006985102780163288,-0.030967717990279198,-0.0027642897330224514,97.0,16.115001678466797
1776224928.2407415,2026-04-15T03:48:48.240741,normal_circle,02,47.397996899999995,8.5461609,0.16300000250339508,0.05000000074505806,-0.009999999776482582,-0.08999999612569809,-0.17000000178813934,-0.10091091692447662,-0.018902909010648727,-10.658531188964844,0.007451002020388842,-0.04251336306333542,-0.0015516850398853421,97.0,16.115001678466797
1776224928.344092,2026-04-15T03:48:48.344092,normal_circle,02,47.397996899999995,8.5461609,0.1730000078678131,0.06000000238418579,-0.009999999776482582,-0.09999999403953552,-0.19999998807907104,-0.10606370866298676,-0.008689924143254757,-10.69429874420166,0.004452799446880817,-0.06739642471075058,0.00243536289781332,97.0,16.115001678466797
1776224928.4458923,2026-04-15T03:48:48.445892,normal_circle,02,47.397996899999995,8.5461608,0.1850000023841858,0.07200000435113907,-0.009999999776482582,-0.11999999731779099,-0.23999999463558197,-0.10182185471057892,-0.017946982756257057,-10.710246086120605,0.004774777218699455,-0.07665757834911346,0.0035592811182141304,97.0,16.115001678466797
1776224928.5486445,2026-04-15T03:48:48.548645,normal_circle,02,47.397996899999995,8.5461608,0.1900000125169754,0.07700000703334808,-0.009999999776482582,-0.11999999731779099,-0.25999999046325684,-0.09399987757205963,-0.006121796555817127,-10.70275592803955,0.005259019788354635,-0.07991382479667664,0.0036145595367997885,97.0,16.115001678466797
1776224928.649913,2026-04-15T03:48:48.649913,normal_circle,02,47.397996899999995,8.5461607,0.1990000158548355,0.0860000029206276,-0.019999999552965164,-0.12999999523162842,-0.2800000011920929,-0.09567630290985107,-0.008880204521119595,-10.709868431091309,0.004685197025537491,-0.08496341109275818,0.003820067038759589,97.0,16.115001678466797
1776224928.7543323,2026-04-15T03:48:48.754332,normal_circle,02,47.397996899999995,8.5461606,0.2110000103712082,0.09800000488758087,-0.019999999552965164,-0.14000000059604645,-0.3100000023841858,-0.1042948067188263,-0.016134684905409813,-10.745999336242676,0.0040440368466079235,-0.08866062760353088,0.005886704660952091,97.0,16.115001678466797
1776224928.8570628,2026-04-15T03:48:48.857063,normal_circle,02,47.397996899999995,8.5461606,0.2240000069141388,0.11100000888109207,-0.019999999552965164,-0.14000000059604645,-0.3499999940395355,-0.10255511105060577,-0.021522825583815575,-10.730996131896973,0.0022711195051670074,-0.09304947406053543,0.007486564572900534,97.0,16.115001678466797
1776224928.96169,2026-04-15T03:48:48.961690,normal_circle,02,47.397996899999995,8.5461605,0.23800000548362732,0.125,-0.019999999552965164,-0.14999999105930328,-0.3700000047683716,-0.09925688058137894,-0.016958845779299736,-10.733424186706543,0.0020701871253550053,-0.09245797246694565,0.007592691574245691,97.0,16.115001678466797
1776224929.062721,2026-04-15T03:48:49.062721,normal_circle,02,47.397996899999995,8.5461605,0.23800000548362732,0.125,-0.019999999552965164,-0.14999999105930328,-0.3700000047683716,-0.09925688058137894,-0.016958845779299736,-10.733424186706543,0.0020701871253550053,-0.09245797246694565,0.007592691574245691,97.0,16.115001678466797
1776224929.1666245,2026-04-15T03:48:49.166625,normal_circle,02,47.397996899999995,8.5461603,0.27000001072883606,0.15700000524520874,-0.019999999552965164,-0.1599999964237213,-0.429999977350235,-0.09928114712238312,-0.017413783818483353,-10.714615821838379,0.003922789357602596,-0.09209562838077545,0.010199511423707008,97.0,16.115001678466797
1776224929.2687101,2026-04-15T03:48:49.268710,normal_circle,02,47.3979968,8.5461602,0.3020000159740448,0.18900001049041748,-0.019999999552965164,-0.1599999964237213,-0.4899999797344208,-0.09386084973812103,-0.010801739990711212,-10.718883514404297,0.005096998065710068,-0.08491435647010803,0.010128732770681381,97.0,16.115001678466797
1776224929.3738792,2026-04-15T03:48:49.373879,normal_circle,02,47.3979968,8.5461601,0.31700000166893005,0.20400001108646393,-0.019999999552965164,-0.1599999964237213,-0.5099999904632568,-0.09079426527023315,-0.019625796005129814,-10.650147438049316,0.003778942162171006,-0.0817950963973999,0.011021334677934647,97.0,16.115001678466797
1776224929.475922,2026-04-15T03:48:49.475922,normal_circle,02,47.3979968,8.5461601,0.33800002932548523,0.22500000894069672,-0.019999999552965164,-0.1599999964237213,-0.5399999618530273,-0.09502532333135605,-0.01546686701476574,-10.601882934570312,0.0028172023594379425,-0.0739254504442215,0.011631712317466736,94.0,16.05500030517578
1776224929.5788846,2026-04-15T03:48:49.578885,normal_circle,02,47.3979968,8.54616,0.36400002241134644,0.2510000169277191,-0.019999999552965164,-0.1599999964237213,-0.5699999928474426,-0.08551180362701416,-0.008151700720191002,-10.603753089904785,0.002323438413441181,-0.06920656561851501,0.010524769313633442,94.0,16.05500030517578
1776224929.6836762,2026-04-15T03:48:49.683676,normal_circle,02,47.3979968,8.5461599,0.3920000195503235,0.27900001406669617,-0.019999999552965164,-0.1599999964237213,-0.5999999642372131,-0.0907244086265564,-0.015360718593001366,-10.590142250061035,0.0019213727209717035,-0.062431253492832184,0.010851463302969933,94.0,16.05500030517578
1776224929.7848332,2026-04-15T03:48:49.784833,normal_circle,02,47.3979968,8.5461598,0.41100001335144043,0.2980000078678131,-0.019999999552965164,-0.14999999105930328,-0.6299999952316284,-0.09005357325077057,-0.011484596878290176,-10.577914237976074,0.0016607620054855943,-0.06054322049021721,0.009698202833533287,94.0,16.05500030517578
1776224929.88673,2026-04-15T03:48:49.886730,normal_circle,02,47.3979968,8.5461598,0.4240000247955322,0.3110000193119049,-0.019999999552965164,-0.14999999105930328,-0.6499999761581421,-0.09242355078458786,-0.011314824223518372,-10.531022071838379,0.0033905222080647945,-0.057426586747169495,0.010462520644068718,94.0,16.05500030517578
1776224929.9901977,2026-04-15T03:48:49.990198,normal_circle,02,47.3979968,8.5461597,0.45600003004074097,0.34300002455711365,-0.019999999552965164,-0.14999999105930328,-0.6899999976158142,-0.10439573973417282,-0.010479409247636795,-10.490386009216309,0.004476670641452074,-0.05489322543144226,0.009075560607016087,94.0,16.05500030517578
1776224930.0910807,2026-04-15T03:48:50.091081,normal_circle,02,47.3979968,8.5461596,0.49000000953674316,0.37700000405311584,-0.019999999552965164,-0.14000000059604645,-0.7299999594688416,-0.10120433568954468,-0.013358810916543007,-10.401432991027832,0.0057886093854904175,-0.04929026588797569,0.008798311464488506,94.0,16.05500030517578
1776224930.195564,2026-04-15T03:48:50.195564,normal_circle,02,47.3979968,8.5461595,0.5180000066757202,0.4050000309944153,-0.019999999552965164,-0.14000000059604645,-0.75,-0.08784907311201096,-0.018165355548262596,-10.445948600769043,0.004083067178726196,-0.04254027456045151,0.007124858908355236,94.0,16.05500030517578
1776224930.2975984,2026-04-15T03:48:50.297598,normal_circle,02,47.3979968,8.5461595,0.5320000052452087,0.4190000295639038,-0.019999999552965164,-0.14000000059604645,-0.7699999809265137,-0.08600259572267532,-0.012498358264565468,-10.423839569091797,0.003351204562932253,-0.04146604612469673,0.007141880691051483,94.0,16.05500030517578
1776224930.4017808,2026-04-15T03:48:50.401781,normal_circle,02,47.3979968,8.5461595,0.5540000200271606,0.4410000145435333,-0.019999999552965164,-0.12999999523162842,-0.7899999618530273,-0.09313757717609406,-0.006882312707602978,-10.448929786682129,0.003250161884352565,-0.03940117731690407,0.0067288875579833984,94.0,16.05500030517578
1776224930.5034268,2026-04-15T03:48:50.503427,normal_circle,02,47.3979968,8.546159399999999,0.5760000348091125,0.46300002932548523,-0.019999999552965164,-0.12999999523162842,-0.8100000023841858,-0.09908983111381531,-0.01841338910162449,-10.404030799865723,0.004286352079361677,-0.035407934337854385,0.005998935550451279,94.0,16.05500030517578
1776224930.607298,2026-04-15T03:48:50.607298,normal_circle,02,47.3979968,8.546159399999999,0.6060000061988831,0.4930000305175781,-0.019999999552965164,-0.11999999731779099,-0.8299999833106995,-0.1005493775010109,-0.010448588989675045,-10.369550704956055,0.0025523719377815723,-0.02794479951262474,0.004888675641268492,94.0,16.05500030517578
1776224930.7160435,2026-04-15T03:48:50.716043,normal_circle,02,47.3979968,8.546159399999999,0.6140000224113464,0.5010000467300415,-0.009999999776482582,-0.11999999731779099,-0.8299999833106995,-0.09434080868959427,-0.01575816422700882,-10.404397010803223,0.0016216922085732222,-0.0273806881159544,0.004370708949863911,94.0,16.05500030517578
1776224930.817657,2026-04-15T03:48:50.817657,normal_circle,02,47.3979967,8.5461593,0.6550000309944153,0.5420000553131104,-0.009999999776482582,-0.10999999940395355,-0.85999995470047,-0.09920370578765869,-0.004133538343012333,-10.430058479309082,0.004270403645932674,-0.024760229513049126,0.003470547264441848,94.0,16.05500030517578
1776224930.9211912,2026-04-15T03:48:50.921191,normal_circle,02,47.3979967,8.5461593,0.6710000038146973,0.5580000281333923,-0.009999999776482582,-0.09999999403953552,-0.8799999952316284,-0.09308009594678879,-0.005568549502640963,-10.38349437713623,0.002712483052164316,-0.017308207228779793,0.0030576507560908794,94.0,16.05500030517578
1776224931.022891,2026-04-15T03:48:51.022891,normal_circle,02,47.3979967,8.5461592,0.7040000557899475,0.5910000205039978,-0.009999999776482582,-0.09999999403953552,-0.8999999761581421,-0.09257940948009491,-0.0039071496576070786,-10.37855052947998,0.0010891874553635716,-0.012837246060371399,0.0013014004798606038,94.0,16.05500030517578
1776224931.1238325,2026-04-15T03:48:51.123832,normal_circle,02,47.3979967,8.5461592,0.7290000319480896,0.6160000562667847,-0.009999999776482582,-0.08999999612569809,-0.9199999570846558,-0.10048672556877136,-0.012490611523389816,-10.407538414001465,6.811910134274513e-05,-0.010292071849107742,0.0011548317270353436,94.0,16.05500030517578
1776224931.2257202,2026-04-15T03:48:51.225720,normal_circle,02,47.3979967,8.5461592,0.7710000276565552,0.6580000519752502,-0.009999999776482582,-0.07999999821186066,-0.9399999976158142,-0.10641171038150787,-0.01273456122726202,-10.428720474243164,0.0007426843512803316,-0.007670306600630283,0.0007587888394482434,94.0,16.05500030517578
1776224931.3280354,2026-04-15T03:48:51.328035,normal_circle,02,47.3979967,8.5461592,0.815000057220459,0.7020000219345093,-0.009999999776482582,-0.07000000029802322,-0.9699999690055847,-0.09724482893943787,-0.0211111418902874,-10.413667678833008,-0.00030490319477394223,-0.004148653242737055,0.0007042315555736423,94.0,16.05500030517578
1776224931.4291792,2026-04-15T03:48:51.429179,normal_circle,02,47.3979967,8.546159099999999,0.8320000171661377,0.7190000414848328,-0.009999999776482582,-0.07000000029802322,-0.9799999594688416,-0.09427560865879059,-0.015380986034870148,-10.420721054077148,-0.0004901390639133751,-0.0002847456489689648,-0.00021952651150058955,94.0,16.05500030517578
1776224931.5312674,2026-04-15T03:48:51.531267,normal_circle,02,47.3979967,8.546159099999999,0.8500000238418579,0.737000048160553,-0.009999999776482582,-0.05999999865889549,-1.0,-0.09977374225854874,-0.01581476256251335,-10.417746543884277,-0.0014398673083633184,0.002164976904168725,-0.0011173994280397892,94.0,16.05500030517578
1776224931.6341665,2026-04-15T03:48:51.634166,normal_circle,02,47.3979967,8.546159099999999,0.9050000309944153,0.7920000553131104,-0.009999999776482582,-0.04999999701976776,-1.0299999713897705,-0.10092143714427948,-0.011226904578506947,-10.421031951904297,-0.0003501854371279478,0.007611951325088739,-0.002043484477326274,94.0,16.05500030517578
1776224931.7530682,2026-04-15T03:48:51.753068,normal_circle,02,47.3979967,8.546159099999999,0.9510000348091125,0.8380000591278076,-0.009999999776482582,-0.03999999910593033,-1.0499999523162842,-0.10184907913208008,-0.01243574544787407,-10.403874397277832,-0.0007249077898450196,0.008668534457683563,-0.00045420025708153844,94.0,16.05500030517578
1776224931.8695333,2026-04-15T03:48:51.869533,normal_circle,02,47.3979967,8.546159099999999,0.9880000352859497,0.8750000596046448,-0.009999999776482582,-0.029999999329447746,-1.0699999332427979,-0.10977846384048462,-0.01288173533976078,-10.290116310119629,-0.0016770215006545186,0.013782608322799206,-0.0021866001188755035,94.0,16.05500030517578
1776224931.9839692,2026-04-15T03:48:51.983969,normal_circle,02,47.3979967,8.546159099999999,1.0350000858306885,0.9220000505447388,-0.009999999776482582,-0.019999999552965164,-1.090000033378601,-0.10680979490280151,-0.016909584403038025,-10.126569747924805,-0.004468899220228195,0.015511585399508476,-0.0023653905373066664,94.0,16.05500030517578
1776224932.0859098,2026-04-15T03:48:52.085910,normal_circle,02,47.3979967,8.546159099999999,1.0540000200271606,0.9410000443458557,-0.009999999776482582,-0.019999999552965164,-1.100000023841858,-0.10258668661117554,-0.021197006106376648,-10.025367736816406,-0.005011284723877907,0.014824789017438889,-0.002550015226006508,94.0,16.05500030517578
1776224932.1883886,2026-04-15T03:48:52.188389,normal_circle,02,47.3979967,8.546159099999999,1.0830000638961792,0.9700000286102295,-0.009999999776482582,-0.009999999776482582,-1.100000023841858,-0.10176593065261841,-0.012679741717875004,-9.936575889587402,-0.006106152199208736,0.017364902421832085,-0.0029745204374194145,94.0,16.05500030517578
1776224932.2914927,2026-04-15T03:48:52.291493,normal_circle,02,47.3979967,8.546159099999999,1.121000051498413,1.0080000162124634,-0.009999999776482582,-0.009999999776482582,-1.1100000143051147,-0.10659144818782806,-0.016844775527715683,-9.797811508178711,-0.005423101596534252,0.017303451895713806,-0.0037965020164847374,94.0,16.05500030517578
1776224932.3924499,2026-04-15T03:48:52.392450,normal_circle,02,47.3979966,8.546159099999999,1.1780000925064087,1.065000057220459,-0.009999999776482582,0.0,-1.1100000143051147,-0.10000783205032349,-0.018795404583215714,-9.777466773986816,-0.006552664563059807,0.016742341220378876,-0.0030142858158797026,94.0,16.05500030517578
1776224932.4964917,2026-04-15T03:48:52.496492,normal_circle,02,47.3979966,8.546159099999999,1.1780000925064087,1.065000057220459,-0.009999999776482582,0.0,-1.1100000143051147,-0.10000783205032349,-0.018795404583215714,-9.777466773986816,-0.006552664563059807,0.016742341220378876,-0.0030142858158797026,94.0,16.05500030517578
1776224932.598007,2026-04-15T03:48:52.598007,normal_circle,02,47.3979966,8.546159099999999,1.1780000925064087,1.065000057220459,-0.009999999776482582,0.0,-1.1100000143051147,-0.10000783205032349,-0.018795404583215714,-9.777466773986816,-0.006552664563059807,0.016742341220378876,-0.0030142858158797026,94.0,16.05500030517578
1776224932.699907,2026-04-15T03:48:52.699907,normal_circle,02,47.3979966,8.546159099999999,1.3280000686645508,1.215000033378601,0.0,0.009999999776482582,-1.1100000143051147,-0.1121547669172287,-0.018303532153367996,-9.877047538757324,-0.004442166071385145,0.015004023909568787,-0.003539121011272073,94.0,16.05500030517578
1776224932.808799,2026-04-15T03:48:52.808799,normal_circle,02,47.3979966,8.546159099999999,1.3560000658035278,1.2430000305175781,0.0,0.019999999552965164,-1.1200000047683716,-0.10782450437545776,-0.01989099383354187,-9.925514221191406,-0.004584864247590303,0.01568242721259594,-0.0034459708258509636,94.0,16.05500030517578
1776224932.9121888,2026-04-15T03:48:52.912189,normal_circle,02,47.3979966,8.5461592,1.3940000534057617,1.281000018119812,0.0,0.019999999552965164,-1.1200000047683716,-0.11265669763088226,-0.015212603844702244,-9.960003852844238,-0.0044023566879332066,0.017991920933127403,-0.002087178872898221,94.0,16.05500030517578
1776224933.0160093,2026-04-15T03:48:53.016009,normal_circle,02,47.3979966,8.5461592,1.412000060081482,1.2990000247955322,0.0,0.029999999329447746,-1.1200000047683716,-0.11354650557041168,-0.01724531687796116,-9.938580513000488,-0.004065730143338442,0.017116963863372803,-0.003996369894593954,94.0,16.05500030517578
1776224933.1171556,2026-04-15T03:48:53.117156,normal_circle,02,47.3979966,8.5461592,1.4610000848770142,1.3480000495910645,0.0,0.029999999329447746,-1.1299999952316284,-0.11557067930698395,-0.016243763267993927,-9.97177791595459,-0.0038723130710422993,0.017810776829719543,-0.0028636904899030924,94.0,16.05500030517578
1776224933.218805,2026-04-15T03:48:53.218805,normal_circle,02,47.3979966,8.5461592,1.4800000190734863,1.3670001029968262,0.0,0.029999999329447746,-1.1299999952316284,-0.10615283250808716,-0.009768462739884853,-9.969603538513184,-0.002927672816440463,0.017804909497499466,-0.0034010824747383595,94.0,16.05500030517578
1776224933.320291,2026-04-15T03:48:53.320291,normal_circle,02,47.3979966,8.5461592,1.5260000228881836,1.4130001068115234,0.0,0.03999999910593033,-1.1399999856948853,-0.11425776779651642,-0.014367234893143177,-9.955976486206055,-0.0028622248210012913,0.019748292863368988,-0.0027837592642754316,94.0,16.05500030517578
1776224933.432867,2026-04-15T03:48:53.432867,normal_circle,02,47.3979966,8.5461592,1.5450000762939453,1.4320000410079956,0.0,0.03999999910593033,-1.1399999856948853,-0.11337713897228241,-0.016262095421552658,-9.9379243850708,-0.0015473146922886372,0.018554603680968285,-0.0028426547069102526,94.0,16.05500030517578
1776224933.5380073,2026-04-15T03:48:53.538007,normal_circle,02,47.3979966,8.5461593,1.602000117301941,1.4890000820159912,0.0,0.04999999701976776,-1.149999976158142,-0.10964757204055786,-0.011121805757284164,-9.983053207397461,-0.0019928812980651855,0.01880347728729248,-0.0021592462435364723,94.0,16.05500030517578
1776224933.640332,2026-04-15T03:48:53.640332,normal_circle,02,47.3979966,8.5461593,1.621000051498413,1.5080000162124634,0.0,0.04999999701976776,-1.149999976158142,-0.11151252686977386,-0.02027936279773712,-9.951619148254395,-0.004190460778772831,0.019944971427321434,-0.002527092583477497,94.0,16.05500030517578
1776224933.7461755,2026-04-15T03:48:53.746176,normal_circle,02,47.3979966,8.5461593,1.6600000858306885,1.5470000505447388,0.0,0.04999999701976776,-1.159999966621399,-0.12490293383598328,-0.007372439838945866,-9.943410873413086,-0.00436569144949317,0.02265114337205887,-0.0034888177178800106,94.0,16.05500030517578
1776224933.847636,2026-04-15T03:48:53.847636,normal_circle,02,47.3979966,8.546159399999999,1.689000129699707,1.5760000944137573,0.0,0.05999999865889549,-1.159999966621399,-0.11594341695308685,-0.013464557006955147,-9.993382453918457,-0.00402526929974556,0.021904053166508675,-0.002449873136356473,94.0,16.05500030517578
1776224933.9488537,2026-04-15T03:48:53.948854,normal_circle,02,47.3979966,8.546159399999999,1.7190001010894775,1.6060000658035278,0.0,0.05999999865889549,-1.1699999570846558,-0.11784584820270538,-0.019306771457195282,-9.95664119720459,-0.0048569003120064735,0.02257915958762169,-0.0016318047419190407,94.0,16.05500030517578
1776224934.058538,2026-04-15T03:48:54.058538,normal_circle,02,47.3979966,8.546159399999999,1.758000135421753,1.6450001001358032,0.0,0.05999999865889549,-1.1699999570846558,-0.12073741853237152,-0.003417071420699358,-9.9697265625,-0.006699747871607542,0.025869473814964294,-0.002039898419752717,94.0,16.05500030517578
1776224934.1645882,2026-04-15T03:48:54.164588,normal_circle,02,47.3979966,8.5461595,1.787000060081482,1.6740000247955322,0.0,0.07000000029802322,-1.1799999475479126,-0.1097109317779541,-0.0136221619322896,-9.970854759216309,-0.007637690752744675,0.02553802728652954,-0.0005693566636182368,94.0,16.05500030517578
1776224934.2651966,2026-04-15T03:48:54.265197,normal_circle,02,47.3979966,8.5461595,1.8070000410079956,1.6940001249313354,0.0,0.07000000029802322,-1.1799999475479126,-0.1141558364033699,-0.018751313909888268,-9.975191116333008,-0.006864175666123629,0.02278151735663414,-0.000734493019990623,94.0,16.05500030517578
1776224934.3670099,2026-04-15T03:48:54.367010,normal_circle,02,47.3979966,8.5461595,1.8560000658035278,1.7430000305175781,0.0,0.07000000029802322,-1.1899999380111694,-0.11800611019134521,-0.01536312885582447,-10.005736351013184,-0.006706621963530779,0.024280520156025887,-0.0003338338283356279,94.0,16.05500030517578
1776224934.469927,2026-04-15T03:48:54.469927,normal_circle,02,47.3979965,8.5461596,1.90500009059906,1.7920000553131104,0.0,0.07000000029802322,-1.1899999380111694,-0.1162078008055687,-0.011110430583357811,-10.005667686462402,-0.009742598049342632,0.024783272296190262,-0.0003240589576307684,94.0,16.05500030517578
1776224934.582624,2026-04-15T03:48:54.582624,normal_circle,02,47.3979965,8.5461596,1.9550000429153442,1.842000126838684,0.0,0.07999999821186066,-1.1999999284744263,-0.1105906143784523,-0.010500092059373856,-9.959818840026855,-0.009532853960990906,0.022231725975871086,0.0005272861453704536,94.0,16.05500030517578
1776224934.6835103,2026-04-15T03:48:54.683510,normal_circle,02,47.3979965,8.5461597,2.005000114440918,1.8920000791549683,0.0,0.07999999821186066,-1.209999918937683,-0.11797761172056198,-0.013902339152991772,-9.942777633666992,-0.007314528338611126,0.020771412178874016,-0.00014303911302704364,94.0,16.05500030517578
1776224934.787678,2026-04-15T03:48:54.787678,normal_circle,02,47.3979965,8.5461598,2.055000066757202,1.942000150680542,0.0,0.07999999821186066,-1.2200000286102295,-0.1140526533126831,-0.021372195333242416,-10.004565238952637,-0.007781044580042362,0.021703794598579407,0.0018046227050945163,94.0,16.05500030517578
1776224934.891086,2026-04-15T03:48:54.891086,normal_circle,02,47.3979965,8.5461598,2.0860002040863037,1.9730000495910645,0.0,0.07999999821186066,-1.2200000286102295,-0.11078357696533203,-0.008764835074543953,-9.966794967651367,-0.005627771839499474,0.021774280816316605,-0.00015837654063943774,94.0,16.05500030517578
1776224934.9934072,2026-04-15T03:48:54.993407,normal_circle,02,47.3979965,8.5461598,2.116000175476074,2.003000020980835,0.0,0.07999999821186066,-1.2200000286102295,-0.11416821926832199,-0.014822951517999172,-9.88450813293457,-0.0044892318546772,0.021083733066916466,0.0010297129629179835,94.0,16.05500030517578
1776224935.0961761,2026-04-15T03:48:55.096176,normal_circle,02,47.3979965,8.5461599,2.188000202178955,2.075000047683716,0.0,0.07999999821186066,-1.2300000190734863,-0.11258983612060547,-0.018585698679089546,-9.973858833312988,-0.00392267806455493,0.019938506186008453,-5.186284761293791e-05,94.0,16.05500030517578
1776224935.1997557,2026-04-15T03:48:55.199756,normal_circle,02,47.3979966,8.5461599,2.2180001735687256,2.1050000190734863,0.0,0.07999999821186066,-1.2300000190734863,-0.11565355211496353,-0.013283162377774715,-9.927376747131348,-0.0012357525993138552,0.01823151484131813,3.6801186070078984e-05,94.0,16.05500030517578
1776224935.3039258,2026-04-15T03:48:55.303926,normal_circle,02,47.3979966,8.5461599,2.239000082015991,2.126000165939331,0.0,0.07999999821186066,-1.2300000190734863,-0.11924594640731812,-0.011487852782011032,-9.967230796813965,-0.00021298954379744828,0.019688699394464493,-0.0007769321673549712,94.0,16.05500030517578
1776224935.4084566,2026-04-15T03:48:55.408457,normal_circle,02,47.3979966,8.54616,2.2850000858306885,2.1720001697540283,0.0,0.07999999821186066,-1.2400000095367432,-0.11959729343652725,-0.016641052439808846,-9.920980453491211,0.00394569244235754,0.01773538812994957,0.00132450507953763,94.0,16.05500030517578
1776224935.5106332,2026-04-15T03:48:55.510633,normal_circle,02,47.3979966,8.54616,2.3470001220703125,2.2340002059936523,0.0,0.07999999821186066,-1.25,-0.11513230949640274,-0.014028070494532585,-9.960904121398926,0.004675532691180706,0.01559273712337017,0.001509989146143198,94.0,16.05500030517578
1776224935.6141734,2026-04-15T03:48:55.614173,normal_circle,02,47.3979966,8.5461601,2.368000030517578,2.255000114440918,0.0,0.07999999821186066,-1.25,-0.12649601697921753,-0.010446710512042046,-9.948619842529297,0.005129392258822918,0.014340993948280811,0.001505423104390502,94.0,16.05500030517578
1776224935.7157683,2026-04-15T03:48:55.715768,normal_circle,02,47.3979966,8.5461601,2.3990001678466797,2.2860000133514404,0.009999999776482582,0.07999999821186066,-1.25,-0.11638769507408142,-0.010628175921738148,-9.948912620544434,0.006459327880293131,0.015303567051887512,0.00011603086750255898,94.0,16.05500030517578
1776224935.816698,2026-04-15T03:48:55.816698,normal_circle,02,47.3979966,8.5461601,2.3990001678466797,2.2860000133514404,0.009999999776482582,0.07999999821186066,-1.25,-0.11638769507408142,-0.010628175921738148,-9.948912620544434,0.006459327880293131,0.015303567051887512,0.00011603086750255898,94.0,16.05500030517578
1776224935.9178789,2026-04-15T03:48:55.917879,normal_circle,02,47.3979966,8.5461602,2.5270001888275146,2.4140000343322754,0.009999999776482582,0.07999999821186066,-1.2699999809265137,-0.11282548308372498,-0.018688920885324478,-9.924951553344727,0.010748445056378841,0.012407448142766953,0.0017711517866700888,90.0,15.995000839233398
1776224936.0202324,2026-04-15T03:48:56.020232,normal_circle,02,47.3979966,8.5461602,2.559000015258789,2.446000099182129,0.009999999776482582,0.07999999821186066,-1.2699999809265137,-0.11053641885519028,-0.025133367627859116,-9.939361572265625,0.008672828786075115,0.010441144928336143,0.0013779239961877465,90.0,15.995000839233398
1776224936.1248507,2026-04-15T03:48:56.124851,normal_circle,02,47.3979966,8.5461602,2.5810000896453857,2.4680001735687256,0.009999999776482582,0.07999999821186066,-1.2799999713897705,-0.11473949253559113,-0.022531837224960327,-9.975181579589844,0.009503979235887527,0.009719979017972946,9.875135583570227e-05,90.0,15.995000839233398
1776224936.2273657,2026-04-15T03:48:56.227366,normal_circle,02,47.3979966,8.5461603,2.634000062942505,2.5210001468658447,0.009999999776482582,0.07000000029802322,-1.2799999713897705,-0.12990973889827728,-0.014141344465315342,-9.959643363952637,0.009806536138057709,0.008541122078895569,0.00035248443600721657,90.0,15.995000839233398
1776224936.3302069,2026-04-15T03:48:56.330207,normal_circle,02,47.3979966,8.5461603,2.6560001373291016,2.5430002212524414,0.009999999776482582,0.07000000029802322,-1.2899999618530273,-0.11762148141860962,-0.011684296652674675,-9.93935775756836,0.010241467505693436,0.009052830748260021,0.0005139032728038728,90.0,15.995000839233398
1776224936.4328644,2026-04-15T03:48:56.432864,normal_circle,02,47.3979966,8.5461603,2.7150001525878906,2.6020002365112305,0.009999999776482582,0.07000000029802322,-1.2899999618530273,-0.10963699966669083,-0.01767546683549881,-9.878767967224121,0.007909396663308144,0.008143563754856586,9.212027362082154e-05,90.0,15.995000839233398
1776224936.5353599,2026-04-15T03:48:56.535360,normal_circle,02,47.3979966,8.5461604,2.758000135421753,2.6450002193450928,0.009999999776482582,0.07000000029802322,-1.2899999618530273,-0.11522277444601059,-0.013088714331388474,-9.95547866821289,0.008118143305182457,0.006106474436819553,0.0013684980804100633,90.0,15.995000839233398
1776224936.6379495,2026-04-15T03:48:56.637949,normal_circle,02,47.3979967,8.5461604,2.812000036239624,2.699000120162964,0.009999999776482582,0.07000000029802322,-1.2999999523162842,-0.1077444851398468,-0.012133226729929447,-9.89627742767334,0.0047071161679923534,0.005873406771570444,0.0004120621015317738,90.0,15.995000839233398
1776224936.7389557,2026-04-15T03:48:56.738956,normal_circle,02,47.3979967,8.5461604,2.8340001106262207,2.7210001945495605,0.009999999776482582,0.07000000029802322,-1.2999999523162842,-0.12089533358812332,-0.009067229926586151,-9.939299583435059,0.005141630303114653,0.005796588025987148,0.00011057701340178028,90.0,15.995000839233398
1776224936.8409488,2026-04-15T03:48:56.840949,normal_circle,02,47.3979967,8.5461604,2.888000249862671,2.7750000953674316,0.009999999776482582,0.07000000029802322,-1.309999942779541,-0.10936858505010605,-0.009229924529790878,-9.935532569885254,0.002556831808760762,0.005836382042616606,0.0013753280509263277,90.0,15.995000839233398
1776224936.9432254,2026-04-15T03:48:56.943225,normal_circle,02,47.3979967,8.5461605,2.9210002422332764,2.808000087738037,0.009999999776482582,0.05999999865889549,-1.309999942779541,-0.11187237501144409,-0.011061177588999271,-9.915164947509766,0.0031499871984124184,0.004663583356887102,0.00025186335551552474,90.0,15.995000839233398
1776224937.0583227,2026-04-15T03:48:57.058323,normal_circle,02,47.3979967,8.5461605,2.953000068664551,2.8400001525878906,0.009999999776482582,0.05999999865889549,-1.309999942779541,-0.12116041034460068,-0.018846765160560608,-9.876818656921387,0.0029998787213116884,0.004020058084279299,0.0002777017361950129,90.0,15.995000839233398
1776224937.1607883,2026-04-15T03:48:57.160788,normal_circle,02,47.3979967,8.5461605,3.013000249862671,2.9000000953674316,0.009999999776482582,0.05999999865889549,-1.3199999332427979,-0.12200993299484253,-0.012360991910099983,-9.894567489624023,0.003223214764147997,0.00012649570999201387,0.0003274483315180987,90.0,15.995000839233398
1776224937.263562,2026-04-15T03:48:57.263562,normal_circle,02,47.3979967,8.5461605,3.0240001678466797,2.9110002517700195,0.009999999776482582,0.05999999865889549,-1.3199999332427979,-0.11677725613117218,-0.018573960289359093,-9.915102005004883,0.0027284040115773678,-0.0002890417817980051,0.00024895532988011837,90.0,15.995000839233398
1776224937.3663106,2026-04-15T03:48:57.366311,normal_circle,02,47.3979967,8.5461605,3.0840001106262207,2.9710001945495605,0.009999999776482582,0.05999999865889549,-1.3199999332427979,-0.11933396756649017,-0.017857318744063377,-9.878252029418945,0.0024793550837785006,0.0012999485479667783,0.00019860765314660966,90.0,15.995000839233398
1776224937.4691563,2026-04-15T03:48:57.469156,normal_circle,02,47.3979967,8.5461606,3.116000175476074,3.003000259399414,0.009999999776482582,0.04999999701976776,-1.3199999332427979,-0.1020941510796547,-0.018930405378341675,-9.870769500732422,0.001725795678794384,0.0004247333272360265,0.00021850854682270437,90.0,15.995000839233398
1776224937.5737264,2026-04-15T03:48:57.573726,normal_circle,02,47.3979967,8.5461606,3.1710002422332764,3.058000087738037,0.009999999776482582,0.04999999701976776,-1.3299999237060547,-0.11145073175430298,-0.014715170487761497,-9.889021873474121,0.0012994122225791216,-0.0018586053047329187,0.0003362028510309756,90.0,15.995000839233398
1776224937.6826797,2026-04-15T03:48:57.682680,normal_circle,02,47.3979967,8.5461606,3.204000234603882,3.0910000801086426,0.009999999776482582,0.04999999701976776,-1.3299999237060547,-0.11203914880752563,-0.01631207764148712,-9.912918090820312,0.0011314877774566412,-0.0026365239173173904,0.0010396727593615651,90.0,15.995000839233398
1776224937.7853417,2026-04-15T03:48:57.785342,normal_circle,02,47.3979967,8.5461606,3.259000062942505,3.1460001468658447,0.0,0.04999999701976776,-1.3399999141693115,-0.11332134902477264,-0.009989270009100437,-9.93603801727295,-0.0004350554954726249,-0.003548687556758523,5.277298259898089e-05,90.0,15.995000839233398
1776224937.8879619,2026-04-15T03:48:57.887962,normal_circle,02,47.3979967,8.5461606,3.2810001373291016,3.1680002212524414,0.0,0.04999999701976776,-1.3399999141693115,-0.11077544093132019,-0.013205884024500847,-9.919061660766602,0.00043222616659477353,-0.003966993186622858,-0.0004005255759693682,90.0,15.995000839233398
1776224937.9890943,2026-04-15T03:48:57.989094,normal_circle,02,47.3979967,8.5461606,3.3570001125335693,3.244000196456909,0.0,0.03999999910593033,-1.3399999141693115,-0.12284496426582336,-0.01915763132274151,-9.919690132141113,0.001289957668632269,-0.005958886817097664,-0.0011534737423062325,90.0,15.995000839233398
1776224938.0908368,2026-04-15T03:48:58.090837,normal_circle,02,47.3979967,8.5461606,3.391000270843506,3.2780001163482666,0.0,0.03999999910593033,-1.350000023841858,-0.11310982704162598,-0.001397053012624383,-9.890777587890625,0.0014947234885767102,-0.006556536071002483,0.00016663518908899277,90.0,15.995000839233398
1776224938.1990428,2026-04-15T03:48:58.199043,normal_circle,02,47.3979967,8.5461606,3.446000099182129,3.3330001831054688,0.0,0.03999999910593033,-1.350000023841858,-0.1225288063287735,-0.01156730018556118,-9.87096118927002,0.0023947914596647024,-0.007224970031529665,-0.0005138734704814851,90.0,15.995000839233398
1776224938.3010402,2026-04-15T03:48:58.301040,normal_circle,02,47.3979967,8.5461606,3.4680001735687256,3.3550002574920654,0.0,0.03999999910593033,-1.350000023841858,-0.12214738130569458,-0.018445704132318497,-9.929473876953125,0.0005675496067851782,-0.008125239051878452,0.001100190100260079,90.0,15.995000839233398
1776224938.4069555,2026-04-15T03:48:58.406955,normal_circle,02,47.3979968,8.5461606,3.5240001678466797,3.4110002517700195,0.0,0.029999999329447746,-1.350000023841858,-0.11061349511146545,-0.014169543981552124,-9.855224609375,0.003687080694362521,-0.0076127201318740845,0.00018660699424799532,90.0,15.995000839233398
1776224938.5081158,2026-04-15T03:48:58.508116,normal_circle,02,47.3979968,8.5461606,3.5460002422332764,3.433000087738037,0.0,0.029999999329447746,-1.3600000143051147,-0.11182703077793121,-0.009698178619146347,-9.879759788513184,0.0029614907689392567,-0.009843585081398487,-0.0008192826062440872,90.0,15.995000839233398
1776224938.6099179,2026-04-15T03:48:58.609918,normal_circle,02,47.3979968,8.5461606,3.6010000705718994,3.4880001544952393,0.0,0.029999999329447746,-1.3700000047683716,-0.11152064800262451,-0.017730005085468292,-9.823965072631836,0.004699899349361658,-0.010034174658358097,-0.000707504921592772,90.0,15.995000839233398
1776224938.7110465,2026-04-15T03:48:58.711046,normal_circle,02,47.3979968,8.5461606,3.6570000648498535,3.5440001487731934,0.0,0.029999999329447746,-1.3899999856948853,-0.11343841254711151,-0.009523436427116394,-9.812149047851562,0.005303150974214077,-0.009102740325033665,-0.0005946928285993636,90.0,15.995000839233398
1776224938.813065,2026-04-15T03:48:58.813065,normal_circle,02,47.3979968,8.5461606,3.67900013923645,3.56600022315979,0.0,0.029999999329447746,-1.3899999856948853,-0.11232256889343262,-0.015068961307406425,-9.774189949035645,0.005656960420310497,-0.010240373201668262,0.0010584515985101461,90.0,15.995000839233398
1776224938.9139595,2026-04-15T03:48:58.913960,normal_circle,02,47.3979968,8.5461606,3.7350001335144043,3.622000217437744,0.0,0.019999999552965164,-1.399999976158142,-0.11791525781154633,-0.010926288552582264,-9.73326587677002,0.006074361968785524,-0.0091256620362401,-0.00042342470260336995,90.0,15.995000839233398
1776224939.0172222,2026-04-15T03:48:59.017222,normal_circle,02,47.3979968,8.5461606,3.7350001335144043,3.622000217437744,0.0,0.019999999552965164,-1.399999976158142,-0.11791525781154633,-0.010926288552582264,-9.73326587677002,0.006074361968785524,-0.0091256620362401,-0.00042342470260336995,90.0,15.995000839233398
1776224939.1191525,2026-04-15T03:48:59.119153,normal_circle,02,47.3979968,8.5461606,3.758000135421753,3.6450002193450928,0.0,0.019999999552965164,-1.399999976158142,-0.11196833848953247,-0.01360275223851204,-9.765057563781738,0.007304370868951082,-0.011849915608763695,0.001279192278161645,90.0,15.995000839233398
1776224939.2259393,2026-04-15T03:48:59.225939,normal_circle,02,47.3979968,8.5461606,3.8500001430511475,3.7370002269744873,0.0,0.019999999552965164,-1.399999976158142,-0.1139969527721405,-0.0038736420683562756,-9.725934982299805,0.004967627115547657,-0.011814241297543049,-0.0002459383977111429,90.0,15.995000839233398
1776224939.3300169,2026-04-15T03:48:59.330017,normal_circle,02,47.3979968,8.5461606,3.9070003032684326,3.7940001487731934,0.0,0.019999999552965164,-1.399999976158142,-0.10951921343803406,-0.01727893389761448,-9.712711334228516,0.004017694387584925,-0.010852952487766743,0.0005753027508035302,90.0,15.995000839233398
1776224939.431125,2026-04-15T03:48:59.431125,normal_circle,02,47.3979968,8.5461606,3.9650001525878906,3.8520002365112305,0.0,0.019999999552965164,-1.399999976158142,-0.11229217052459717,-0.015094732865691185,-9.722482681274414,0.00486369151622057,-0.011296562850475311,0.0001559437660034746,90.0,15.995000839233398
1776224939.5326474,2026-04-15T03:48:59.532647,normal_circle,02,47.3979968,8.5461606,3.9880001544952393,3.875000238418579,0.0,0.019999999552965164,-1.399999976158142,-0.11748366057872772,-0.010824856348335743,-9.71565055847168,0.004468776285648346,-0.011391242034733295,-0.0007093543536029756,90.0,15.995000839233398
1776224939.6409576,2026-04-15T03:48:59.640958,normal_circle,02,47.3979968,8.5461606,4.023000240325928,3.9100000858306885,0.0,0.009999999776482582,-1.399999976158142,-0.11413230001926422,-0.013144763186573982,-9.723886489868164,0.001053873565979302,-0.012299519032239914,0.0007639385294169188,90.0,15.995000839233398
1776224939.7417557,2026-04-15T03:48:59.741756,normal_circle,02,47.3979968,8.5461606,4.023000240325928,3.9100000858306885,0.0,0.009999999776482582,-1.399999976158142,-0.11413230001926422,-0.013144763186573982,-9.723886489868164,0.001053873565979302,-0.012299519032239914,0.0007639385294169188,90.0,15.995000839233398
1776224939.8449566,2026-04-15T03:48:59.844957,normal_circle,02,47.3979968,8.5461605,4.080000400543213,3.9670002460479736,0.0,0.009999999776482582,-1.399999976158142,-0.10997861623764038,-0.014216691255569458,-9.745865821838379,-0.00040883017936721444,-0.010495338588953018,-0.0006103822961449623,90.0,15.995000839233398
1776224939.9476855,2026-04-15T03:48:59.947685,normal_circle,02,47.3979968,8.5461605,4.103000164031982,3.9900002479553223,0.0,0.009999999776482582,-1.399999976158142,-0.11666570603847504,-0.017946990206837654,-9.820944786071777,0.0008462907862849534,-0.009856832213699818,-0.001625809702090919,90.0,15.995000839233398
1776224940.0499191,2026-04-15T03:49:00.049919,normal_circle,02,47.3979968,8.5461605,4.138000011444092,4.025000095367432,0.0,0.009999999776482582,-1.399999976158142,-0.10984550416469574,-0.0174530241638422,-9.76272201538086,0.0001518625795142725,-0.010110519826412201,-0.001112076686695218,90.0,15.995000839233398
1776224940.1520467,2026-04-15T03:49:00.152047,normal_circle,02,47.3979968,8.5461605,4.160000324249268,4.047000408172607,0.0,0.009999999776482582,-1.399999976158142,-0.10672573745250702,-0.021059835329651833,-9.779955863952637,-0.0006550645921379328,-0.009192495606839657,6.426467734854668e-05,90.0,15.995000839233398
1776224940.256944,2026-04-15T03:49:00.256944,normal_circle,02,47.3979968,8.5461605,4.195000171661377,4.082000255584717,0.0,0.009999999776482582,-1.399999976158142,-0.11513268947601318,-0.013966681435704231,-9.763923645019531,-0.0013539117062464356,-0.007747523952275515,3.179793566232547e-05,90.0,15.995000839233398
1776224940.3613346,2026-04-15T03:49:00.361335,normal_circle,02,47.3979968,8.5461605,4.269000053405762,4.156000137329102,0.0,0.009999999776482582,-1.399999976158142,-0.10069546103477478,-0.005910906940698624,-9.74094009399414,-0.0007180937682278454,-0.007314781658351421,0.0002492209314368665,90.0,15.995000839233398
1776224940.4641712,2026-04-15T03:49:00.464171,normal_circle,02,47.3979968,8.5461605,4.2920002937316895,4.179000377655029,0.0,0.009999999776482582,-1.399999976158142,-0.1112917959690094,-0.010546786710619926,-9.804166793823242,-0.0023343325592577457,-0.006355429999530315,-0.0005085562588647008,90.0,15.995000839233398
1776224940.56521,2026-04-15T03:49:00.565210,normal_circle,02,47.3979968,8.5461605,4.327000141143799,4.214000225067139,0.0,0.009999999776482582,-1.399999976158142,-0.1029888391494751,-0.012941144406795502,-9.797844886779785,-0.0015123597113415599,-0.007930528372526169,0.00042566610500216484,90.0,15.995000839233398
1776224940.6688085,2026-04-15T03:49:00.668808,normal_circle,02,47.3979968,8.5461605,4.350000381469727,4.236999988555908,0.0,0.009999999776482582,-1.409999966621399,-0.11279237270355225,-0.01919318176805973,-9.841876983642578,-0.0041805231012403965,-0.005716418847441673,0.0016091972356662154,90.0,15.995000839233398
1776224940.7869353,2026-04-15T03:49:00.786935,normal_circle,02,47.3979968,8.5461605,4.373000144958496,4.260000228881836,0.0,0.009999999776482582,-1.409999966621399,-0.10983552038669586,-0.015022723004221916,-9.814851760864258,-0.00513454619795084,-0.00540472287684679,-0.0004120798548683524,90.0,15.995000839233398
1776224940.8998146,2026-04-15T03:49:00.899815,normal_circle,02,47.3979968,8.5461605,4.396000385284424,4.2829999923706055,0.0,0.009999999776482582,-1.409999966621399,-0.11886483430862427,-0.008571155369281769,-9.794086456298828,-0.004686656873673201,-0.004006716888397932,5.154892642167397e-05,90.0,15.995000839233398
1776224941.0019276,2026-04-15T03:49:01.001928,normal_circle,02,47.3979968,8.5461605,4.430000305175781,4.317000389099121,0.0,0.009999999776482582,-1.409999966621399,-0.10839372873306274,-0.01803639903664589,-9.785726547241211,-0.0038958860095590353,-0.00532755209133029,-0.0009139612084254622,90.0,15.995000839233398
1776224941.1039827,2026-04-15T03:49:01.103983,normal_circle,02,47.3979968,8.5461605,4.453000068664551,4.340000152587891,0.0,0.009999999776482582,-1.409999966621399,-0.11129321157932281,-0.014458650723099709,-9.819239616394043,-0.003616401692852378,-0.005838990677148104,-0.00010815527639351785,90.0,15.995000839233398
1776224941.2080827,2026-04-15T03:49:01.208083,normal_circle,02,47.3979968,8.5461605,4.4760003089904785,4.363000392913818,0.0,0.009999999776482582,-1.409999966621399,-0.11109800636768341,-0.020927608013153076,-9.835845947265625,-0.004719163756817579,-0.006230806466192007,0.0005087527097202837,90.0,15.995000839233398
1776224941.3111455,2026-04-15T03:49:01.311146,normal_circle,02,47.3979968,8.5461605,4.511000156402588,4.398000240325928,0.0,0.009999999776482582,-1.409999966621399,-0.10749664902687073,-0.013574235141277313,-9.82769775390625,-0.004761008080095053,-0.0040917606092989445,0.00032329995883628726,90.0,15.995000839233398
1776224941.4127212,2026-04-15T03:49:01.412721,normal_circle,02,47.3979968,8.5461605,4.545000076293945,4.432000160217285,0.0,0.009999999776482582,-1.409999966621399,-0.10680149495601654,-0.017882782965898514,-9.80746841430664,-0.004309451673179865,-0.004110534209758043,0.00016743320156820118,90.0,15.995000839233398
1776224941.5159621,2026-04-15T03:49:01.515962,normal_circle,02,47.3979968,8.5461605,4.568000316619873,4.455000400543213,0.0,0.009999999776482582,-1.409999966621399,-0.11753161251544952,-0.014033720828592777,-9.799781799316406,-0.0023353423457592726,-0.0038392033893615007,0.00028383746393956244,90.0,15.995000839233398
1776224941.6183016,2026-04-15T03:49:01.618302,normal_circle,02,47.3979968,8.5461605,4.625,4.51200008392334,0.0,0.009999999776482582,-1.409999966621399,-0.11038422584533691,-0.01141267828643322,-9.814069747924805,-0.006846453063189983,-0.0021240354981273413,0.00023286030045710504,90.0,15.995000839233398
1776224941.7213023,2026-04-15T03:49:01.721302,normal_circle,02,47.3979968,8.5461605,4.660000324249268,4.547000408172607,-0.009999999776482582,0.009999999776482582,-1.409999966621399,-0.11859181523323059,-0.010256354697048664,-9.851101875305176,-0.006748150568455458,-0.0012068653013557196,-0.00015265541151165962,90.0,15.995000839233398
1776224941.8358302,2026-04-15T03:49:01.835830,normal_circle,02,47.3979968,8.5461605,4.683000087738037,4.570000171661377,-0.009999999776482582,0.009999999776482582,-1.409999966621399,-0.11168669164180756,-0.013659268617630005,-9.856732368469238,-0.00721555482596159,-0.0010667565511539578,0.00022295585949905217,90.0,15.995000839233398
1776224941.9381316,2026-04-15T03:49:01.938132,normal_circle,02,47.3979968,8.5461605,4.683000087738037,4.570000171661377,-0.009999999776482582,0.009999999776482582,-1.409999966621399,-0.11168669164180756,-0.013659268617630005,-9.856732368469238,-0.00721555482596159,-0.0010667565511539578,0.00022295585949905217,90.0,15.995000839233398
1776224942.0420465,2026-04-15T03:49:02.042047,normal_circle,02,47.3979968,8.5461605,4.7170000076293945,4.604000091552734,-0.009999999776482582,0.009999999776482582,-1.409999966621399,-0.11075395345687866,-0.010125406086444855,-9.816455841064453,-0.008252469822764397,-0.0021884178277105093,0.000232474209042266,90.0,15.995000839233398
1776224942.1443744,2026-04-15T03:49:02.144374,normal_circle,02,47.3979968,8.5461605,4.740000247955322,4.627000331878662,-0.009999999776482582,0.009999999776482582,-1.409999966621399,-0.11651195585727692,-0.013901136815547943,-9.853896141052246,-0.007154359947890043,-0.0027538284193724394,0.0002358670171815902,90.0,15.995000839233398
1776224942.246792,2026-04-15T03:49:02.246792,normal_circle,02,47.3979968,8.5461605,4.77400016784668,4.6610002517700195,-0.009999999776482582,0.009999999776482582,-1.409999966621399,-0.1094697117805481,-0.005250667221844196,-9.836620330810547,-0.007400800473988056,-0.0027176402509212494,5.169811629457399e-05,90.0,15.995000839233398
1776224942.351673,2026-04-15T03:49:02.351673,normal_circle,02,47.3979968,8.5461605,4.77400016784668,4.6610002517700195,-0.009999999776482582,0.009999999776482582,-1.409999966621399,-0.1094697117805481,-0.005250667221844196,-9.836620330810547,-0.007400800473988056,-0.0027176402509212494,5.169811629457399e-05,90.0,15.995000839233398
1776224942.4558704,2026-04-15T03:49:02.455870,normal_circle,02,47.3979967,8.5461605,4.832000255584717,4.719000339508057,-0.009999999776482582,0.019999999552965164,-1.4199999570846558,-0.10587333887815475,-0.013460016809403896,-9.844054222106934,-0.007562591228634119,-0.0021425134036689997,0.0006329608731903136,90.0,15.995000839233398
1776224942.5609117,2026-04-15T03:49:02.560912,normal_circle,02,47.3979967,8.5461605,4.832000255584717,4.719000339508057,-0.009999999776482582,0.019999999552965164,-1.4199999570846558,-0.11186528205871582,-0.022390946745872498,-9.851554870605469,-0.007201665081083775,-0.002164992969483137,-0.00028488694806583226,90.0,15.995000839233398
1776224942.66504,2026-04-15T03:49:02.665040,normal_circle,02,47.3979967,8.5461605,4.878000259399414,4.765000343322754,-0.009999999776482582,0.019999999552965164,-1.4199999570846558,-0.11550915241241455,-0.01286218874156475,-9.83064079284668,-0.008903766982257366,-0.0006687420536763966,-0.0001837234740378335,90.0,15.995000839233398
1776224942.7682512,2026-04-15T03:49:02.768251,normal_circle,02,47.3979967,8.5461605,4.901000022888184,4.788000106811523,-0.009999999776482582,0.019999999552965164,-1.4199999570846558,-0.11289185285568237,-0.019397661089897156,-9.8611421585083,-0.007680359296500683,0.0008418966899625957,2.229133497166913e-05,90.0,15.995000839233398
1776224942.871965,2026-04-15T03:49:02.871965,normal_circle,02,47.3979967,8.5461605,4.947000026702881,4.834000110626221,-0.009999999776482582,0.019999999552965164,-1.4199999570846558,-0.11049899458885193,-0.01191280409693718,-9.853202819824219,-0.00888578686863184,0.0005977351684123278,-0.0002308121620444581,90.0,15.995000839233398
1776224942.9761744,2026-04-15T03:49:02.976174,normal_circle,02,47.3979967,8.5461605,4.959000110626221,4.8460001945495605,-0.009999999776482582,0.019999999552965164,-1.4199999570846558,-0.10995358228683472,-0.019347552210092545,-9.81741714477539,-0.0073378137312829494,-0.00011674652341753244,0.0007246828754432499,90.0,15.995000839233398
1776224943.0887253,2026-04-15T03:49:03.088725,normal_circle,02,47.3979967,8.5461605,4.994000434875488,4.88100004196167,-0.009999999776482582,0.019999999552965164,-1.4199999570846558,-0.1123897135257721,-0.022919395938515663,-9.84589958190918,-0.005082487128674984,-0.0002891628828365356,-0.0003195577301084995,90.0,15.995000839233398
1776224943.1910982,2026-04-15T03:49:03.191098,normal_circle,02,47.3979967,8.5461605,5.052000045776367,4.939000129699707,-0.009999999776482582,0.019999999552965164,-1.4199999570846558,-0.10833178460597992,-0.011911742389202118,-9.866437911987305,-0.006290888413786888,-0.00012405752204358578,-0.0002072815113933757,90.0,15.995000839233398
1776224943.2937086,2026-04-15T03:49:03.293709,normal_circle,02,47.3979967,8.5461605,5.063000202178955,4.950000286102295,-0.009999999776482582,0.019999999552965164,-1.4199999570846558,-0.11855177581310272,-0.01713462918996811,-9.850517272949219,-0.006341962609440088,0.0006509703234769404,8.107646863209084e-05,90.0,15.995000839233398
1776224943.3988903,2026-04-15T03:49:03.398890,normal_circle,02,47.3979967,8.5461605,5.121000289916992,5.008000373840332,-0.009999999776482582,0.019999999552965164,-1.4199999570846558,-0.10582976043224335,-0.009575774893164635,-9.913066864013672,-0.004332670476287603,0.0009703136747702956,0.0008271035621874034,90.0,15.995000839233398
1776224943.500139,2026-04-15T03:49:03.500139,normal_circle,02,47.3979967,8.5461605,5.121000289916992,5.008000373840332,-0.009999999776482582,0.019999999552965164,-1.4199999570846558,-0.10582976043224335,-0.009575774893164635,-9.913066864013672,-0.004332670476287603,0.0009703136747702956,0.0008271035621874034,90.0,15.995000839233398
1776224943.604748,2026-04-15T03:49:03.604748,normal_circle,02,47.3979967,8.5461605,5.156000137329102,5.043000221252441,-0.009999999776482582,0.019999999552965164,-1.4299999475479126,-0.11051565408706665,-0.012439850717782974,-9.888639450073242,-0.003736016573384404,0.0007400733302347362,-0.00011031225585611537,90.0,15.995000839233398
1776224943.7068698,2026-04-15T03:49:03.706870,normal_circle,02,47.3979967,8.5461605,5.180000305175781,5.067000389099121,-0.009999999776482582,0.019999999552965164,-1.4299999475479126,-0.11192390322685242,-0.015724025666713715,-9.832907676696777,-0.004268913995474577,-0.00038641050923615694,-0.00040808526682667434,90.0,15.995000839233398
1776224943.8079967,2026-04-15T03:49:03.807997,normal_circle,02,47.3979967,8.5461605,5.203000068664551,5.090000152587891,-0.009999999776482582,0.019999999552965164,-1.4299999475479126,-0.11080427467823029,-0.018404781818389893,-9.848145484924316,-0.00473214453086257,-0.0005502657149918377,0.0013524164678528905,90.0,15.995000839233398
1776224943.9156504,2026-04-15T03:49:03.915650,normal_circle,02,47.3979967,8.5461605,5.238000392913818,5.125000476837158,-0.009999999776482582,0.019999999552965164,-1.4299999475479126,-0.1155049204826355,-0.01923929527401924,-9.84579849243164,-0.005736049264669418,-0.0009891240624710917,0.0003275567723903805,90.0,15.995000839233398
1776224944.0190167,2026-04-15T03:49:04.019017,normal_circle,02,47.3979967,8.5461605,5.273000240325928,5.160000324249268,-0.009999999776482582,0.019999999552965164,-1.4299999475479126,-0.11512333154678345,-0.011969499289989471,-9.816972732543945,-0.0050529674626886845,-0.0014473415212705731,-0.00046068080700933933,87.0,15.9350004196167
1776224944.1199265,2026-04-15T03:49:04.119926,normal_circle,02,47.3979967,8.5461605,5.2960004806518555,5.183000087738037,-0.009999999776482582,0.019999999552965164,-1.4299999475479126,-0.11210490763187408,-0.01733042486011982,-9.837759971618652,-0.003091528546065092,0.0005125879542902112,0.0005235194694250822,87.0,15.9350004196167
1776224944.222996,2026-04-15T03:49:04.222996,normal_circle,02,47.3979967,8.5461605,5.337000370025635,5.224000453948975,-0.009999999776482582,0.019999999552965164,-1.4299999475479126,-0.10955354571342468,-0.014792811125516891,-9.863456726074219,-0.0035131191834807396,-0.00021193255088292062,0.0001512406743131578,87.0,15.9350004196167
1776224944.3250396,2026-04-15T03:49:04.325040,normal_circle,02,47.3979967,8.5461605,5.360000133514404,5.247000217437744,-0.009999999776482582,0.019999999552965164,-1.4299999475479126,-0.11119197309017181,-0.012769688852131367,-9.858135223388672,-0.0028760137502104044,-0.0015423967270180583,0.0007278900011442602,87.0,15.9350004196167
1776224944.4345434,2026-04-15T03:49:04.434543,normal_circle,02,47.3979967,8.5461605,5.395000457763672,5.2820000648498535,-0.009999999776482582,0.019999999552965164,-1.4299999475479126,-0.11203046143054962,-0.008278677240014076,-9.817422866821289,-0.0016719838604331017,-0.001836808631196618,0.00030173189588822424,87.0,15.9350004196167
1776224944.537115,2026-04-15T03:49:04.537115,normal_circle,02,47.3979967,8.5461605,5.418000221252441,5.305000305175781,-0.009999999776482582,0.019999999552965164,-1.4299999475479126,-0.1213311105966568,-0.008866114541888237,-9.81604290008545,-0.0011787302792072296,-0.0015243919333443046,0.0006954502896405756,87.0,15.9350004196167
1776224944.6458116,2026-04-15T03:49:04.645812,normal_circle,02,47.3979967,8.5461605,5.441000461578369,5.328000068664551,-0.009999999776482582,0.019999999552965164,-1.4299999475479126,-0.10294033586978912,-0.013143975287675858,-9.857254981994629,-0.0009578735334798694,-0.004185081459581852,0.0008382745436392725,87.0,15.9350004196167
1776224944.7506783,2026-04-15T03:49:04.750678,normal_circle,02,47.3979967,8.5461605,5.4760003089904785,5.363000392913818,0.0,0.019999999552965164,-1.4299999475479126,-0.1133957952260971,-0.01649061217904091,-9.867135047912598,0.00011433310282882303,-0.0016820114105939865,-0.0007119726506061852,87.0,15.9350004196167
1776224944.8539894,2026-04-15T03:49:04.853989,normal_circle,02,47.3979967,8.5461605,5.499000072479248,5.386000156402588,0.0,0.019999999552965164,-1.4399999380111694,-0.1148797869682312,-0.014058700762689114,-9.849637031555176,0.002344639739021659,-0.002254420891404152,0.00013236718950793147,87.0,15.9350004196167
1776224944.9646206,2026-04-15T03:49:04.964621,normal_circle,02,47.3979967,8.5461605,5.534000396728516,5.4210004806518555,0.0,0.019999999552965164,-1.4399999380111694,-0.11018311977386475,-0.0070722829550504684,-9.867058753967285,0.0001182484847959131,-0.002668677596375346,-0.00016814637638162822,87.0,15.9350004196167
1776224945.0673308,2026-04-15T03:49:05.067331,normal_circle,02,47.3979967,8.5461605,5.569000244140625,5.456000328063965,0.0,0.019999999552965164,-1.4399999380111694,-0.11938343942165375,-0.0142917949706316,-9.83984375,-0.0002537802793085575,-0.004286782816052437,-0.00016230731853283942,87.0,15.9350004196167
1776224945.1723127,2026-04-15T03:49:05.172313,normal_circle,02,47.3979967,8.5461605,5.592000484466553,5.479000091552734,0.0,0.019999999552965164,-1.4399999380111694,-0.11395514011383057,-0.016154738143086433,-9.880531311035156,0.001290919492021203,-0.003396776504814625,0.0005265426589176059,87.0,15.9350004196167
1776224945.2754185,2026-04-15T03:49:05.275419,normal_circle,02,47.3979967,8.5461605,5.615000247955322,5.502000331878662,0.0,0.019999999552965164,-1.4399999380111694,-0.11837741732597351,-0.017989546060562134,-9.867008209228516,0.0015620245831087232,-0.002483595395460725,0.0010645370930433273,87.0,15.9350004196167
1776224945.3780942,2026-04-15T03:49:05.378094,normal_circle,02,47.3979967,8.5461605,5.639000415802002,5.526000499725342,0.0,0.019999999552965164,-1.4399999380111694,-0.11056722700595856,-0.013436930254101753,-9.841386795043945,0.001998109510168433,-0.0022628719452768564,0.0007658589747734368,87.0,15.9350004196167
1776224945.479937,2026-04-15T03:49:05.479937,normal_circle,02,47.3979967,8.5461604,5.708000183105469,5.595000267028809,0.0,0.019999999552965164,-1.4399999380111694,-0.11196230351924896,-0.018260017037391663,-9.85247802734375,0.004617105703800917,-0.002271308796480298,0.00041968972072936594,87.0,15.9350004196167
1776224945.587149,2026-04-15T03:49:05.587149,normal_circle,02,47.3979967,8.5461604,5.7310004234313965,5.618000030517578,0.0,0.019999999552965164,-1.4399999380111694,-0.10913386940956116,-0.026288142427802086,-9.81258487701416,0.003380970563739538,-0.004048070404678583,-0.0006863427697680891,87.0,15.9350004196167
1776224945.6889017,2026-04-15T03:49:05.688902,normal_circle,02,47.3979967,8.5461604,5.766000270843506,5.653000354766846,0.0,0.019999999552965164,-1.4399999380111694,-0.11483120918273926,-0.015509982593357563,-9.828280448913574,0.003930282779037952,-0.0032428321428596973,-0.00047356096911244094,87.0,15.9350004196167
1776224945.7907734,2026-04-15T03:49:05.790773,normal_circle,02,47.3979967,8.5461604,5.789000511169434,5.676000118255615,0.0,0.019999999552965164,-1.4399999380111694,-0.11079414933919907,-0.0139531958848238,-9.829018592834473,0.006639575585722923,-0.004201402887701988,-0.00044376205187290907,87.0,15.9350004196167
1776224945.8943539,2026-04-15T03:49:05.894354,normal_circle,02,47.3979967,8.5461604,5.812000274658203,5.699000358581543,0.0,0.019999999552965164,-1.4399999380111694,-0.11501537263393402,-0.02290373295545578,-9.834650039672852,0.006466225255280733,-0.003170799696817994,-0.0007960642105899751,87.0,15.9350004196167
1776224945.9962986,2026-04-15T03:49:05.996299,normal_circle,02,47.3979967,8.5461604,5.835000514984131,5.7220001220703125,0.0,0.019999999552965164,-1.4399999380111694,-0.11223376542329788,-0.014153383672237396,-9.877084732055664,0.008495006710290909,-0.00367909437045455,0.00043229610309936106,87.0,15.9350004196167
1776224946.1005018,2026-04-15T03:49:06.100502,normal_circle,02,47.3979967,8.5461604,5.87000036239624,5.75700044631958,0.0,0.019999999552965164,-1.4399999380111694,-0.11189776659011841,-0.0140311811119318,-9.856996536254883,0.008662478066980839,-0.0020910087041556835,0.00050546188140288,87.0,15.9350004196167
1776224946.2027564,2026-04-15T03:49:06.202756,normal_circle,02,47.3979967,8.5461604,5.939000129699707,5.826000213623047,0.0,0.019999999552965164,-1.4499999284744263,-0.11425892263650894,-0.019215533509850502,-9.88222885131836,0.007654458750039339,-0.002841868670657277,-0.0011727912351489067,87.0,15.9350004196167
1776224946.3052664,2026-04-15T03:49:06.305266,normal_circle,02,47.3979967,8.5461604,5.962000370025635,5.849000453948975,0.0,0.019999999552965164,-1.4499999284744263,-0.10864991694688797,-0.008396006189286709,-9.868064880371094,0.008678765036165714,-0.0017001396045088768,-0.000744732387829572,87.0,15.9350004196167
1776224946.4094162,2026-04-15T03:49:06.409416,normal_circle,02,47.3979967,8.5461604,5.985000133514404,5.872000217437744,0.0,0.019999999552965164,-1.4499999284744263,-0.12063773721456528,-0.017917219549417496,-9.843113899230957,0.008652870543301105,-2.0368934201542288e-05,0.0004249794874340296,87.0,15.9350004196167
1776224946.5118072,2026-04-15T03:49:06.511807,normal_circle,02,47.3979967,8.5461604,6.008000373840332,5.895000457763672,0.0,0.019999999552965164,-1.4499999284744263,-0.10735053569078445,-0.018005244433879852,-9.85771656036377,0.008100065402686596,0.00035056163324043155,0.0007278387784026563,87.0,15.9350004196167
1776224946.6130428,2026-04-15T03:49:06.613043,normal_circle,02,47.3979967,8.5461604,6.031000137329102,5.918000221252441,0.0,0.019999999552965164,-1.4499999284744263,-0.10837218910455704,-0.008350064978003502,-9.832249641418457,0.007562408689409494,0.0004974156036041677,7.873343565734103e-05,87.0,15.9350004196167
1776224946.723876,2026-04-15T03:49:06.723876,normal_circle,02,47.3979967,8.5461604,6.066000461578369,5.953000068664551,0.0,0.019999999552965164,-1.4499999284744263,-0.11364582926034927,-0.01740672066807747,-9.848197937011719,0.00597813306376338,0.0008885824936442077,-0.0002664084895513952,87.0,15.9350004196167
1776224946.8270142,2026-04-15T03:49:06.827014,normal_circle,02,47.3979967,8.5461604,6.1010003089904785,5.988000392913818,0.0,0.019999999552965164,-1.4499999284744263,-0.11442738026380539,-0.018089374527335167,-9.86500072479248,0.004903244785964489,0.0007115709013305604,-6.845653842901811e-05,87.0,15.9350004196167
1776224946.928585,2026-04-15T03:49:06.928585,normal_circle,02,47.3979967,8.5461604,6.124000072479248,6.011000156402588,0.0,0.019999999552965164,-1.4499999284744263,-0.11431318521499634,-0.016463885083794594,-9.836570739746094,0.0048439232632517815,0.000629378599114716,0.0004837006563320756,87.0,15.9350004196167
1776224947.029875,2026-04-15T03:49:07.029875,normal_circle,02,47.3979967,8.5461604,6.124000072479248,6.011000156402588,0.0,0.019999999552965164,-1.4499999284744263,-0.11431318521499634,-0.016463885083794594,-9.836570739746094,0.0048439232632517815,0.000629378599114716,0.0004837006563320756,87.0,15.9350004196167
1776224947.133409,2026-04-15T03:49:07.133409,normal_circle,02,47.3979967,8.5461604,6.124000072479248,6.011000156402588,0.0,0.019999999552965164,-1.4499999284744263,-0.11431318521499634,-0.016463885083794594,-9.836570739746094,0.0048439232632517815,0.000629378599114716,0.0004837006563320756,87.0,15.9350004196167
1776224947.2360806,2026-04-15T03:49:07.236081,normal_circle,02,47.3979967,8.5461604,6.2220001220703125,6.109000205993652,0.0,0.019999999552965164,-1.4499999284744263,-0.11810675263404846,-0.013493377715349197,-9.855690956115723,0.0008311782730743289,0.0013999203220009804,-0.0005963385920040309,87.0,15.9350004196167
1776224947.3377028,2026-04-15T03:49:07.337703,normal_circle,02,47.3979967,8.5461605,6.246000289916992,6.133000373840332,0.0,0.019999999552965164,-1.4499999284744263,-0.10741464793682098,-0.013094184920191765,-9.856961250305176,0.001400622888468206,0.0009937246795743704,-0.0007867952808737755,87.0,15.9350004196167
1776224947.4471333,2026-04-15T03:49:07.447133,normal_circle,02,47.3979967,8.5461605,6.28000020980835,6.1670002937316895,0.0,0.019999999552965164,-1.4499999284744263,-0.1081199124455452,-0.012070592492818832,-9.844690322875977,3.326407022541389e-05,0.0028308045584708452,-0.0012471429072320461,87.0,15.9350004196167
1776224947.5496378,2026-04-15T03:49:07.549638,normal_circle,02,47.3979967,8.5461605,6.339000225067139,6.2260003089904785,0.0,0.019999999552965164,-1.459999918937683,-0.12077496945858002,-0.012473799288272858,-9.833582878112793,0.0009094529086723924,0.004387920256704092,-0.0010555025655776262,87.0,15.9350004196167
1776224947.652805,2026-04-15T03:49:07.652805,normal_circle,02,47.3979967,8.5461605,6.374000072479248,6.261000156402588,0.0,0.019999999552965164,-1.459999918937683,-0.11955802887678146,-0.023606758564710617,-9.854340553283691,-0.0006438473938032985,0.004130087792873383,-0.0002603295142762363,87.0,15.9350004196167
1776224947.7549636,2026-04-15T03:49:07.754964,normal_circle,02,47.3979967,8.5461605,6.409000396728516,6.2960004806518555,0.0,0.019999999552965164,-1.459999918937683,-0.1200900599360466,-0.011216992512345314,-9.838576316833496,-0.0007311658700928092,0.00389844155870378,0.0006605117814615369,87.0,15.9350004196167
1776224947.8609047,2026-04-15T03:49:07.860905,normal_circle,02,47.3979967,8.5461605,6.409000396728516,6.2960004806518555,0.0,0.019999999552965164,-1.459999918937683,-0.1200900599360466,-0.011216992512345314,-9.838576316833496,-0.0007311658700928092,0.00389844155870378,0.0006605117814615369,87.0,15.9350004196167
1776224947.962013,2026-04-15T03:49:07.962013,normal_circle,02,47.3979967,8.5461605,6.432000160217285,6.319000244140625,0.0,0.019999999552965164,-1.459999918937683,-0.11870802938938141,-0.010730802081525326,-9.82391357421875,-0.002324454253539443,0.005637593567371368,-0.0001118271320592612,87.0,15.9350004196167
1776224948.0643015,2026-04-15T03:49:08.064301,normal_circle,02,47.3979967,8.5461605,6.455000400543213,6.342000484466553,0.0,0.019999999552965164,-1.459999918937683,-0.11878751218318939,-0.010633476078510284,-9.844714164733887,-0.0024218461476266384,0.004357019905000925,-0.00015310589515138417,87.0,15.9350004196167
1776224948.165656,2026-04-15T03:49:08.165656,normal_circle,02,47.3979967,8.5461605,6.455000400543213,6.342000484466553,0.0,0.019999999552965164,-1.459999918937683,-0.11878751218318939,-0.010633476078510284,-9.844714164733887,-0.0024218461476266384,0.004357019905000925,-0.00015310589515138417,87.0,15.9350004196167
1776224948.2698727,2026-04-15T03:49:08.269873,normal_circle,02,47.3979967,8.5461605,6.490000247955322,6.377000331878662,0.0,0.019999999552965164,-1.459999918937683,-0.12171932309865952,-0.01481807604432106,-9.856136322021484,-0.0031558568589389324,0.005260903853923082,-0.0005258686724118888,87.0,15.9350004196167
1776224948.3712015,2026-04-15T03:49:08.371202,normal_circle,02,47.3979967,8.5461605,6.502000331878662,6.389000415802002,0.0,0.029999999329447746,-1.459999918937683,-0.11921658366918564,-0.017666907981038094,-9.864182472229004,-0.0037780755665153265,0.005214940756559372,-0.0012989335227757692,87.0,15.9350004196167
1776224948.4736462,2026-04-15T03:49:08.473646,normal_circle,02,47.3979967,8.5461605,6.502000331878662,6.389000415802002,0.0,0.029999999329447746,-1.459999918937683,-0.11921658366918564,-0.017666907981038094,-9.864182472229004,-0.0037780755665153265,0.005214940756559372,-0.0012989335227757692,87.0,15.9350004196167
1776224948.5751398,2026-04-15T03:49:08.575140,normal_circle,02,47.3979967,8.5461605,6.502000331878662,6.389000415802002,0.0,0.029999999329447746,-1.459999918937683,-0.11921658366918564,-0.017666907981038094,-9.864182472229004,-0.0037780755665153265,0.005214940756559372,-0.0012989335227757692,87.0,15.9350004196167
1776224948.6800725,2026-04-15T03:49:08.680073,normal_circle,02,47.3979967,8.5461605,6.5370001792907715,6.424000263214111,0.0,0.029999999329447746,-1.459999918937683,-0.10971800237894058,-0.02296420745551586,-9.847232818603516,-0.006002856884151697,0.005929761100560427,0.0004051894648000598,87.0,15.9350004196167
1776224948.781419,2026-04-15T03:49:08.781419,normal_circle,02,47.3979967,8.5461605,6.5370001792907715,6.424000263214111,0.0,0.029999999329447746,-1.459999918937683,-0.10971800237894058,-0.02296420745551586,-9.847232818603516,-0.006002856884151697,0.005929761100560427,0.0004051894648000598,87.0,15.9350004196167
1776224948.8836834,2026-04-15T03:49:08.883683,normal_circle,02,47.3979967,8.5461605,6.561000347137451,6.448000431060791,0.0,0.029999999329447746,-1.459999918937683,-0.11844224482774734,-0.01728934980928898,-9.835418701171875,-0.005023218225687742,0.003950242418795824,0.00035455753095448017,87.0,15.9350004196167
1776224948.9896307,2026-04-15T03:49:08.989631,normal_circle,02,47.3979967,8.5461605,6.584000110626221,6.4710001945495605,0.0,0.029999999329447746,-1.459999918937683,-0.11711608618497849,-0.017263289541006088,-9.866454124450684,-0.00677595054730773,0.004121872596442699,-0.001209733192808926,87.0,15.9350004196167
1776224949.092211,2026-04-15T03:49:09.092211,normal_circle,02,47.3979967,8.5461605,6.6080002784729,6.49500036239624,0.0,0.029999999329447746,-1.459999918937683,-0.10781566798686981,-0.01212768629193306,-9.837596893310547,-0.006249196361750364,0.005712265148758888,0.0005097807734273374,87.0,15.9350004196167
1776224949.195215,2026-04-15T03:49:09.195215,normal_circle,02,47.3979967,8.5461605,6.6080002784729,6.49500036239624,0.0,0.029999999329447746,-1.459999918937683,-0.10781566798686981,-0.01212768629193306,-9.837596893310547,-0.006249196361750364,0.005712265148758888,0.0005097807734273374,87.0,15.9350004196167
1776224949.3014638,2026-04-15T03:49:09.301464,normal_circle,02,47.3979967,8.5461605,6.64300012588501,6.53000020980835,0.0,0.029999999329447746,-1.459999918937683,-0.11344699561595917,-0.02284647710621357,-9.867194175720215,-0.006519433110952377,0.00646457402035594,-0.00011944966536248103,87.0,15.9350004196167
1776224949.4037328,2026-04-15T03:49:09.403733,normal_circle,02,47.3979967,8.5461605,6.64300012588501,6.53000020980835,0.0,0.029999999329447746,-1.459999918937683,-0.11344699561595917,-0.02284647710621357,-9.867194175720215,-0.006519433110952377,0.00646457402035594,-0.00011944966536248103,87.0,15.9350004196167
1776224949.5080683,2026-04-15T03:49:09.508068,normal_circle,02,47.3979967,8.5461606,6.678000450134277,6.565000534057617,0.0,0.029999999329447746,-1.459999918937683,-0.1143694743514061,-0.010835334658622742,-9.842283248901367,-0.007122676353901625,0.006559336557984352,0.000880449078977108,87.0,15.9350004196167
1776224949.6109965,2026-04-15T03:49:09.610996,normal_circle,02,47.3979967,8.5461606,6.702000141143799,6.589000225067139,0.0,0.029999999329447746,-1.46999990940094,-0.11968482285737991,-0.02296893484890461,-9.856120109558105,-0.006552892737090588,0.003967334982007742,-0.000641298305708915,87.0,15.9350004196167
1776224949.7126148,2026-04-15T03:49:09.712615,normal_circle,02,47.3979967,8.5461606,6.738000392913818,6.625000476837158,0.0,0.029999999329447746,-1.46999990940094,-0.10977502167224884,-0.005512681789696217,-9.853266716003418,-0.006224218290299177,0.004619826562702656,-0.00010401256440673023,87.0,15.9350004196167
1776224949.8169243,2026-04-15T03:49:09.816924,normal_circle,02,47.3979966,8.5461606,6.767000198364258,6.654000282287598,0.0,0.029999999329447746,-1.46999990940094,-0.11174504458904266,-0.01207662746310234,-9.84567928314209,-0.006843730341643095,0.006027875933796167,-6.544106872752309e-05,87.0,15.9350004196167
1776224949.9189858,2026-04-15T03:49:09.918986,normal_circle,02,47.3979966,8.5461606,6.803000450134277,6.690000534057617,0.0,0.029999999329447746,-1.46999990940094,-0.11838653683662415,-0.011826612055301666,-9.786940574645996,-0.006719597149640322,0.0056561799719929695,-0.0008795147878117859,87.0,15.9350004196167
1776224950.0201008,2026-04-15T03:49:10.020101,normal_circle,02,47.3979966,8.5461606,6.827000141143799,6.714000225067139,0.0,0.029999999329447746,-1.46999990940094,-0.12040741741657257,-0.010851044207811356,-9.820038795471191,-0.005297268275171518,0.0068253823556005955,0.00018568187078926712,87.0,15.9350004196167
1776224950.122749,2026-04-15T03:49:10.122749,normal_circle,02,47.3979966,8.5461606,6.863000392913818,6.750000476837158,0.0,0.029999999329447746,-1.46999990940094,-0.11766216158866882,-0.021164197474718094,-9.850768089294434,-0.005617197602987289,0.00550456577911973,-0.0014307983219623566,87.0,15.9350004196167
1776224950.2297223,2026-04-15T03:49:10.229722,normal_circle,02,47.3979966,8.5461606,6.863000392913818,6.750000476837158,0.0,0.029999999329447746,-1.46999990940094,-0.11766216158866882,-0.021164197474718094,-9.850768089294434,-0.005617197602987289,0.00550456577911973,-0.0014307983219623566,87.0,15.9350004196167
1776224950.3327546,2026-04-15T03:49:10.332755,normal_circle,02,47.3979966,8.5461606,6.922000408172607,6.809000492095947,0.0,0.029999999329447746,-1.46999990940094,-0.11743643879890442,-0.0033983176108449697,-9.81290054321289,-0.004977303557097912,0.003261101432144642,0.00032629267661832273,87.0,15.9350004196167
1776224950.4341643,2026-04-15T03:49:10.434164,normal_circle,02,47.3979966,8.5461606,6.946000099182129,6.833000183105469,0.0,0.029999999329447746,-1.46999990940094,-0.11764522641897202,-0.01488940604031086,-9.81713581085205,-0.004990517161786556,0.006795092951506376,-0.0013052556896582246,87.0,15.9350004196167
1776224950.5356827,2026-04-15T03:49:10.535683,normal_circle,02,47.3979966,8.5461606,6.946000099182129,6.833000183105469,0.0,0.029999999329447746,-1.46999990940094,-0.11764522641897202,-0.01488940604031086,-9.81713581085205,-0.004990517161786556,0.006795092951506376,-0.0013052556896582246,87.0,15.9350004196167
1776224950.6374595,2026-04-15T03:49:10.637460,normal_circle,02,47.3979966,8.5461606,6.994000434875488,6.881000518798828,0.0,0.029999999329447746,-1.46999990940094,-0.11154315620660782,-0.01799449510872364,-9.829017639160156,-0.005014051683247089,0.0067444234155118465,0.0001170319301309064,87.0,15.9350004196167
1776224950.7540534,2026-04-15T03:49:10.754053,normal_circle,02,47.3979966,8.5461607,7.006000518798828,6.89300012588501,0.0,0.029999999329447746,-1.46999990940094,-0.11365117877721786,-0.011410340666770935,-9.811158180236816,-0.003735107835382223,0.004408211912959814,0.0008858904475346208,87.0,15.9350004196167
1776224950.8668582,2026-04-15T03:49:10.866858,normal_circle,02,47.3979966,8.5461607,7.0420002937316895,6.929000377655029,0.0,0.029999999329447746,-1.46999990940094,-0.1137433871626854,-0.013239948078989983,-9.85704517364502,-0.005632240325212479,0.002904970431700349,-0.000913382216822356,87.0,15.9350004196167
1776224950.9686966,2026-04-15T03:49:10.968697,normal_circle,02,47.3979966,8.5461607,7.078000545501709,6.965000152587891,0.0,0.029999999329447746,-1.46999990940094,-0.1102500855922699,-0.01838998682796955,-9.842243194580078,-0.005647105630487204,0.0051475828513503075,-0.00039192274562083185,87.0,15.9350004196167
1776224951.0737975,2026-04-15T03:49:11.073797,normal_circle,02,47.3979966,8.5461607,7.1020002365112305,6.98900032043457,0.0,0.029999999329447746,-1.46999990940094,-0.1202908605337143,-0.014424510300159454,-9.782170295715332,-0.005239821504801512,0.007418358698487282,0.00024189491523429751,87.0,15.9350004196167
1776224951.1751256,2026-04-15T03:49:11.175126,normal_circle,02,47.3979966,8.5461607,7.12600040435791,7.01300048828125,0.0,0.029999999329447746,-1.46999990940094,-0.1155552864074707,-0.023949701339006424,-9.828789710998535,-0.0056048668920993805,0.004897953011095524,-0.0007900304044596851,87.0,15.9350004196167
1776224951.2768095,2026-04-15T03:49:11.276809,normal_circle,02,47.3979966,8.5461607,7.163000106811523,7.050000190734863,0.0,0.029999999329447746,-1.46999990940094,-0.11820650845766068,-0.015901679173111916,-9.823497772216797,-0.006513186264783144,0.005365197081118822,-0.0012159548932686448,87.0,15.9350004196167
1776224951.378213,2026-04-15T03:49:11.378213,normal_circle,02,47.3979966,8.5461607,7.187000274658203,7.074000358581543,0.0,0.029999999329447746,-1.46999990940094,-0.11540303379297256,-0.01800711080431938,-9.806949615478516,-0.006993616931140423,0.005340124946087599,0.00032171973725780845,87.0,15.9350004196167
1776224951.4795103,2026-04-15T03:49:11.479510,normal_circle,02,47.3979966,8.5461607,7.223000526428223,7.110000133514404,0.0,0.029999999329447746,-1.46999990940094,-0.11604797840118408,-0.005686726421117783,-9.805781364440918,-0.003298240713775158,0.00703806895762682,0.0004352946998551488,87.0,15.9350004196167
1776224951.5843265,2026-04-15T03:49:11.584327,normal_circle,02,47.3979966,8.5461607,7.223000526428223,7.110000133514404,0.0,0.029999999329447746,-1.46999990940094,-0.11604797840118408,-0.005686726421117783,-9.805781364440918,-0.003298240713775158,0.00703806895762682,0.0004352946998551488,87.0,15.9350004196167
1776224951.6971688,2026-04-15T03:49:11.697169,normal_circle,02,47.3979966,8.5461607,7.235000133514404,7.122000217437744,0.0,0.029999999329447746,-1.46999990940094,-0.11344658583402634,-0.016624920070171356,-9.821712493896484,-0.004044308792799711,0.008039572276175022,-0.0007876804447732866,87.0,15.9350004196167
1776224951.7980194,2026-04-15T03:49:11.798019,normal_circle,02,47.3979966,8.5461608,7.307000160217285,7.194000244140625,0.0,0.029999999329447746,-1.46999990940094,-0.12226705253124237,-0.014126667752861977,-9.803243637084961,-0.0023674811236560345,0.008019089698791504,-0.00012542489275801927,87.0,15.9350004196167
1776224951.899175,2026-04-15T03:49:11.899175,normal_circle,02,47.3979966,8.5461608,7.331000328063965,7.218000411987305,0.0,0.029999999329447746,-1.46999990940094,-0.11822494864463806,-0.013659220188856125,-9.853278160095215,-0.0017361791105940938,0.005744452588260174,-0.0002534759696573019,87.0,15.9350004196167
1776224952.0012767,2026-04-15T03:49:12.001277,normal_circle,02,47.3979966,8.5461608,7.3550004959106445,7.242000579833984,0.0,0.029999999329447746,-1.46999990940094,-0.1183130145072937,-0.010704359039664268,-9.806800842285156,-0.0011393874883651733,0.007523575332015753,-0.0002557053812779486,87.0,15.9350004196167
1776224952.104773,2026-04-15T03:49:12.104773,normal_circle,02,47.3979966,8.5461608,7.392000198364258,7.279000282287598,0.0,0.029999999329447746,-1.46999990940094,-0.11622126400470734,-0.01613117754459381,-9.890034675598145,-0.0026239631697535515,0.006501028314232826,4.7984362026909366e-05,87.0,15.9350004196167
1776224952.2074027,2026-04-15T03:49:12.207403,normal_circle,02,47.3979966,8.5461608,7.452000141143799,7.339000225067139,0.0,0.029999999329447746,-1.4800000190734863,-0.11595633625984192,-0.01804567500948906,-9.84619426727295,-0.0021049317438155413,0.003984557930380106,-5.223060725256801e-06,87.0,15.9350004196167
1776224952.310844,2026-04-15T03:49:12.310844,normal_circle,02,47.3979966,8.5461608,7.452000141143799,7.339000225067139,0.0,0.029999999329447746,-1.4800000190734863,-0.11595633625984192,-0.01804567500948906,-9.84619426727295,-0.0021049317438155413,0.003984557930380106,-5.223060725256801e-06,87.0,15.9350004196167
1776224952.412889,2026-04-15T03:49:12.412889,normal_circle,02,47.3979966,8.5461608,7.4760003089904785,7.363000392913818,0.0,0.029999999329447746,-1.4800000190734863,-0.11462134122848511,-0.020050877705216408,-9.863448143005371,-0.003163535613566637,0.0034024633932858706,0.0012395582161843777,87.0,15.9350004196167
1776224952.5185807,2026-04-15T03:49:12.518581,normal_circle,02,47.3979966,8.5461608,7.500000476837158,7.387000560760498,0.0,0.029999999329447746,-1.4800000190734863,-0.11167126893997192,-0.01219713594764471,-9.822924613952637,-0.0020216216798871756,0.005318705458194017,0.00019358194549567997,87.0,15.9350004196167
1776224952.6199338,2026-04-15T03:49:12.619934,normal_circle,02,47.3979966,8.5461608,7.500000476837158,7.387000560760498,0.0,0.029999999329447746,-1.4800000190734863,-0.11167126893997192,-0.01219713594764471,-9.822924613952637,-0.0020216216798871756,0.005318705458194017,0.00019358194549567997,87.0,15.9350004196167
1776224952.7212875,2026-04-15T03:49:12.721287,normal_circle,02,47.3979966,8.5461608,7.500000476837158,7.387000560760498,0.0,0.029999999329447746,-1.4800000190734863,-0.11167126893997192,-0.01219713594764471,-9.822924613952637,-0.0020216216798871756,0.005318705458194017,0.00019358194549567997,87.0,15.9350004196167
1776224952.8251657,2026-04-15T03:49:12.825166,normal_circle,02,47.3979966,8.5461609,7.627000331878662,7.514000415802002,0.0,0.019999999552965164,-1.46999990940094,-0.11780303716659546,-0.01112797949463129,-9.557519912719727,-0.0026711432728916407,0.004773680120706558,0.0007385890348814428,87.0,15.9350004196167
1776224952.9272554,2026-04-15T03:49:12.927255,normal_circle,02,47.3979966,8.5461609,7.663000583648682,7.550000190734863,0.0,0.019999999552965164,-1.46999990940094,-0.12035155296325684,-0.023183900862932205,-9.451460838317871,-0.0013765271287411451,0.0039002811536192894,0.00040497331065125763,87.0,15.9350004196167
1776224953.034208,2026-04-15T03:49:13.034208,normal_circle,02,47.3979966,8.5461609,7.700000286102295,7.586000442504883,0.0,0.019999999552965164,-1.459999918937683,-0.11078669130802155,-0.01509440504014492,-9.297036170959473,-0.0014813877642154694,0.0032125338912010193,0.0008921085973270237,87.0,15.9350004196167
1776224953.1377132,2026-04-15T03:49:13.137713,normal_circle,02,47.3979966,8.5461609,7.723000526428223,7.610000133514404,0.0,0.019999999552965164,-1.4499999284744263,-0.11747270822525024,-0.013769056648015976,-9.148114204406738,-0.001758415368385613,0.0026204476598650217,9.119547758018598e-05,87.0,15.9350004196167
1776224953.2415805,2026-04-15T03:49:13.241580,normal_circle,02,47.3979965,8.5461609,7.759000301361084,7.646000385284424,0.0,0.019999999552965164,-1.4299999475479126,-0.11329624056816101,-0.018452398478984833,-9.12974739074707,-0.0007263757288455963,0.0016933282604441047,-0.001075706328265369,87.0,15.9350004196167
1776224953.348403,2026-04-15T03:49:13.348403,normal_circle,02,47.3979965,8.5461609,7.794000148773193,7.681000232696533,0.0,0.019999999552965164,-1.4199999570846558,-0.11492238938808441,-0.0070686014369130135,-9.086477279663086,-0.0005181659362278879,0.0012496262788772583,-0.00010996493801940233,87.0,15.9350004196167
1776224953.4528139,2026-04-15T03:49:13.452814,normal_circle,02,47.3979965,8.5461609,7.840000152587891,7.7270002365112305,0.0,0.019999999552965164,-1.3899999856948853,-0.1139126569032669,-0.008004788309335709,-9.177186965942383,-0.0015615272568538785,0.0024915740359574556,-0.0007242444553412497,87.0,15.9350004196167
1776224953.5546622,2026-04-15T03:49:13.554662,normal_circle,02,47.3979965,8.5461609,7.863000392913818,7.750000476837158,0.0,0.019999999552965164,-1.3799999952316284,-0.11270993947982788,-0.01656186394393444,-9.176556587219238,-0.0010188533924520016,0.002055297838523984,-0.0006330349715426564,87.0,15.9350004196167
1776224953.6567183,2026-04-15T03:49:13.656718,normal_circle,02,47.3979965,8.5461609,7.908000469207764,7.7950005531311035,0.0,0.019999999552965164,-1.3600000143051147,-0.11387896537780762,-0.01591641455888748,-9.187792778015137,0.0010224191937595606,0.0017301992047578096,0.0010623133275657892,87.0,15.9350004196167
1776224953.7611184,2026-04-15T03:49:13.761118,normal_circle,02,47.3979965,8.546161,7.930000305175781,7.817000389099121,0.0,0.019999999552965164,-1.350000023841858,-0.11703300476074219,-0.018504837527871132,-9.191563606262207,0.00012954697012901306,0.002492041327059269,0.0003153923316858709,87.0,15.9350004196167
1776224953.8639898,2026-04-15T03:49:13.863990,normal_circle,02,47.3979965,8.546161,7.963000297546387,7.850000381469727,0.0,0.019999999552965164,-1.3399999141693115,-0.12069503962993622,-0.008297858759760857,-9.220666885375977,0.0010372792603448033,0.0015994715504348278,0.0011508770985528827,87.0,15.9350004196167
1776224953.9678895,2026-04-15T03:49:13.967890,normal_circle,02,47.3979965,8.546161,8.017000198364258,7.904000282287598,0.0,0.019999999552965164,-1.3199999332427979,-0.11504825949668884,-0.006621015258133411,-9.267960548400879,-1.3666884115082212e-05,0.0005582750309258699,-0.0009186767274513841,87.0,15.9350004196167
1776224954.068627,2026-04-15T03:49:14.068627,normal_circle,02,47.3979966,8.546161,8.039000511169434,7.926000595092773,0.0,0.009999999776482582,-1.309999942779541,-0.11090847849845886,-0.01099497452378273,-9.311544418334961,0.0014378393534570932,-0.0001977936626644805,-0.00026583854923956096,87.0,15.9350004196167
1776224954.1689441,2026-04-15T03:49:14.168944,normal_circle,02,47.3979966,8.546161,8.092000007629395,7.979000568389893,0.0,0.009999999776482582,-1.2899999618530273,-0.11703701317310333,-0.02120394818484783,-9.356139183044434,0.0025535868480801582,-0.0016306242905557156,0.00043688458390533924,87.0,15.9350004196167
1776224954.2707179,2026-04-15T03:49:14.270718,normal_circle,02,47.3979966,8.546161,8.11299991607666,8.0,0.0,0.009999999776482582,-1.2799999713897705,-0.1175747662782669,-0.016817891970276833,-9.336760520935059,0.002774579916149378,-0.0017280008178204298,3.0884959869581508e-06,87.0,15.9350004196167
1776224954.3731418,2026-04-15T03:49:14.373142,normal_circle,02,47.3979966,8.546161,8.164000511169434,8.051000595092773,0.0,0.009999999776482582,-1.2599999904632568,-0.1072879433631897,-0.014047307893633842,-9.337672233581543,0.0063913743942976,-0.002376414369791746,-0.0016843740595504642,84.0,15.875000953674316
1776224954.499096,2026-04-15T03:49:14.499096,normal_circle,02,47.3979966,8.546161,8.184000015258789,8.071000099182129,0.0,0.009999999776482582,-1.2599999904632568,-0.10996109247207642,-0.010853275656700134,-9.385132789611816,0.007588019594550133,-0.0013366073835641146,-0.0005616350681520998,84.0,15.875000953674316
1776224954.6016054,2026-04-15T03:49:14.601605,normal_circle,02,47.3979966,8.546161,8.235000610351562,8.122000694274902,0.009999999776482582,0.009999999776482582,-1.2400000095367432,-0.11275926232337952,-0.014512302353978157,-9.367047309875488,0.006398864556103945,-0.00033617939334362745,2.462999509589281e-05,84.0,15.875000953674316
1776224954.703085,2026-04-15T03:49:14.703085,normal_circle,02,47.3979966,8.546161,8.27400016784668,8.16100025177002,0.009999999776482582,0.009999999776482582,-1.2200000286102295,-0.11523444950580597,-0.01761631667613983,-9.406829833984375,0.006527198012918234,-0.0027969866059720516,-0.0003719201486092061,84.0,15.875000953674316
1776224954.805766,2026-04-15T03:49:14.805766,normal_circle,02,47.3979966,8.546161,8.348000526428223,8.235000610351562,0.009999999776482582,0.009999999776482582,-1.1999999284744263,-0.11561815440654755,-0.012354979291558266,-9.363779067993164,0.008111473172903061,-0.0008995082462206483,-4.679799894802272e-05,84.0,15.875000953674316
1776224954.9069085,2026-04-15T03:49:14.906909,normal_circle,02,47.3979966,8.546161,8.367000579833984,8.254000663757324,0.009999999776482582,0.0,-1.1899999380111694,-0.11316019296646118,-0.016205880790948868,-9.40176773071289,0.00969131663441658,-0.0010987228015437722,0.0005516044911928475,84.0,15.875000953674316
1776224955.017187,2026-04-15T03:49:15.017187,normal_circle,02,47.3979966,8.546161,8.386000633239746,8.273000717163086,0.009999999776482582,0.0,-1.1799999475479126,-0.11024504899978638,-0.01102912612259388,-9.38944149017334,0.009485227055847645,-0.0034343735314905643,-0.0014050978934392333,84.0,15.875000953674316
1776224955.1188521,2026-04-15T03:49:15.118852,normal_circle,02,47.3979966,8.546161,8.439000129699707,8.326000213623047,0.009999999776482582,0.0,-1.159999966621399,-0.1100432276725769,-0.018770432099699974,-9.33685302734375,0.009667531587183475,-0.004573008511215448,-5.2470157243078575e-05,84.0,15.875000953674316
1776224955.2205815,2026-04-15T03:49:15.220582,normal_circle,02,47.3979966,8.546161,8.513999938964844,8.401000022888184,0.009999999776482582,0.0,-1.1299999952316284,-0.11787204444408417,-0.015830880030989647,-9.331401824951172,0.008490103296935558,-0.0028020229656249285,0.0002760426723398268,84.0,15.875000953674316
1776224955.3223643,2026-04-15T03:49:15.322364,normal_circle,02,47.3979966,8.546161,8.532000541687012,8.419000625610352,0.009999999776482582,0.0,-1.1299999952316284,-0.11262810230255127,-0.009187448769807816,-9.411450386047363,0.007885907776653767,-0.0031863260082900524,0.0004200518305879086,84.0,15.875000953674316
1776224955.4238334,2026-04-15T03:49:15.423833,normal_circle,02,47.3979966,8.546161,8.596000671386719,8.483000755310059,0.009999999776482582,0.0,-1.100000023841858,-0.11271286755800247,-0.015580560080707073,-9.376319885253906,0.004572764504700899,-0.004312429577112198,-0.00021352348267100751,84.0,15.875000953674316
1776224955.526578,2026-04-15T03:49:15.526578,normal_circle,02,47.3979966,8.546161,8.61400032043457,8.50100040435791,0.009999999776482582,0.0,-1.090000033378601,-0.11646731942892075,-0.015644103288650513,-9.349084854125977,0.00520262960344553,-0.003805680200457573,-8.452198380837217e-05,84.0,15.875000953674316
1776224955.6292422,2026-04-15T03:49:15.629242,normal_circle,02,47.3979966,8.546161,8.64900016784668,8.53600025177002,0.009999999776482582,0.0,-1.0799999237060547,-0.11505185067653656,-0.01143796555697918,-9.36063289642334,0.006214695516973734,-0.00594879686832428,0.0004528170684352517,84.0,15.875000953674316
1776224955.731076,2026-04-15T03:49:15.731076,normal_circle,02,47.3979967,8.546161,8.692000389099121,8.579000473022461,0.009999999776482582,0.0,-1.059999942779541,-0.10901715606451035,-0.006087150890380144,-9.425514221191406,0.005245822016149759,-0.005466775968670845,-0.0006286100251600146,84.0,15.875000953674316
1776224955.8411999,2026-04-15T03:49:15.841200,normal_circle,02,47.3979967,8.546161,8.730999946594238,8.618000030517578,0.009999999776482582,0.0,-1.0499999523162842,-0.11249581724405289,-0.007099062204360962,-9.426277160644531,0.005255869589745998,-0.002765391953289509,0.00019645079737529159,84.0,15.875000953674316
1776224955.9454489,2026-04-15T03:49:15.945449,normal_circle,02,47.3979967,8.546161,8.772000312805176,8.659000396728516,0.009999999776482582,0.0,-1.0299999713897705,-0.11265072971582413,-0.012937786988914013,-9.378679275512695,0.004783381707966328,-0.002749234903603792,-0.0007501724758185446,84.0,15.875000953674316
1776224956.0498192,2026-04-15T03:49:16.049819,normal_circle,02,47.3979967,8.546161,8.789000511169434,8.676000595092773,0.009999999776482582,0.0,-1.0299999713897705,-0.11597695201635361,-0.0041127316653728485,-9.414374351501465,0.003304376732558012,-0.002754169749096036,0.00021633580035995692,84.0,15.875000953674316
1776224956.1522589,2026-04-15T03:49:16.152259,normal_circle,02,47.3979967,8.546161,8.805000305175781,8.692000389099121,0.009999999776482582,0.0,-1.0199999809265137,-0.11393100768327713,-0.010034669190645218,-9.35505485534668,0.0032286441419273615,-0.002980755176395178,0.0008313782163895667,84.0,15.875000953674316
1776224956.2579975,2026-04-15T03:49:16.257998,normal_circle,02,47.3979967,8.546161,8.838000297546387,8.725000381469727,0.009999999776482582,0.0,-1.0,-0.10792164504528046,-0.00686604855582118,-9.371861457824707,0.0022910726256668568,-0.0034744024742394686,-0.00020636491535697132,84.0,15.875000953674316
1776224956.3651602,2026-04-15T03:49:16.365160,normal_circle,02,47.3979967,8.546161,8.862000465393066,8.749000549316406,0.009999999776482582,0.0,-0.9899999499320984,-0.1125347763299942,-0.009694630280137062,-9.382280349731445,0.003348196391016245,-0.002733606146648526,7.42880001780577e-05,84.0,15.875000953674316
1776224956.4673421,2026-04-15T03:49:16.467342,normal_circle,02,47.3979967,8.546161,8.893000602722168,8.780000686645508,0.009999999776482582,0.0,-0.9799999594688416,-0.11632785201072693,-0.01550742145627737,-9.472284317016602,0.002332596806809306,-0.0032673499081283808,-0.00041224079905077815,84.0,15.875000953674316
1776224956.5706687,2026-04-15T03:49:16.570669,normal_circle,02,47.3979967,8.546161,8.92400074005127,8.81100082397461,0.009999999776482582,0.0,-0.9699999690055847,-0.10826615244150162,-0.0071993558667600155,-9.443196296691895,0.002295329235494137,-0.0015491998055949807,0.00033979694126173854,84.0,15.875000953674316
1776224956.6748817,2026-04-15T03:49:16.674882,normal_circle,02,47.3979967,8.546161,8.940000534057617,8.827000617980957,0.009999999776482582,0.0,-0.9599999785423279,-0.11159562319517136,-0.010800487361848354,-9.371188163757324,0.0008504732977598906,-0.0009918840369209647,2.5143661332549527e-05,84.0,15.875000953674316
1776224956.7776647,2026-04-15T03:49:16.777665,normal_circle,02,47.3979967,8.546161,8.962000846862793,8.848999977111816,0.0,0.0,-0.949999988079071,-0.11286568641662598,-0.014721741899847984,-9.361878395080566,0.0007029155967757106,0.0001290682703256607,-0.0005085300072096288,84.0,15.875000953674316
1776224956.8822105,2026-04-15T03:49:16.882210,normal_circle,02,47.3979967,8.546161,8.97700023651123,8.86400032043457,0.0,0.0,-0.9399999976158142,-0.11587686836719513,-0.007495724130421877,-9.404155731201172,-0.00019999401411041617,0.00041018633055500686,-0.0006084101623855531,84.0,15.875000953674316
1776224956.9839401,2026-04-15T03:49:16.983940,normal_circle,02,47.3979967,8.546161,9.006999969482422,8.894000053405762,0.0,0.0,-0.9300000071525574,-0.10944074392318726,-0.015290728770196438,-9.373847007751465,0.0002633511903695762,0.0006397842662408948,-0.0014371934812515974,84.0,15.875000953674316
1776224957.091066,2026-04-15T03:49:17.091066,normal_circle,02,47.3979967,8.546161,9.03700065612793,8.92400074005127,0.0,0.0,-0.9199999570846558,-0.10703645646572113,-0.011599770747125149,-9.434255599975586,-0.0009930063970386982,0.001295998110435903,-0.0010269880294799805,84.0,15.875000953674316
1776224957.1935902,2026-04-15T03:49:17.193590,normal_circle,02,47.3979967,8.546161,9.058000564575195,8.945000648498535,0.0,0.0,-0.9099999666213989,-0.11815338581800461,-0.0056250677444040775,-9.394158363342285,-0.0018351024482399225,0.0006882873130962253,0.00046432213275693357,84.0,15.875000953674316
1776224957.2963002,2026-04-15T03:49:17.296300,normal_circle,02,47.3979967,8.546161,9.072999954223633,8.960000038146973,0.0,0.0,-0.8999999761581421,-0.11870833486318588,-0.009905543178319931,-9.420251846313477,-0.0018001109128817916,-9.45850697462447e-05,0.0002259949833387509,84.0,15.875000953674316
1776224957.3989205,2026-04-15T03:49:17.398921,normal_circle,02,47.3979967,8.546161,9.072999954223633,8.960000038146973,0.0,0.0,-0.8999999761581421,-0.11870833486318588,-0.009905543178319931,-9.420251846313477,-0.0018001109128817916,-9.45850697462447e-05,0.0002259949833387509,84.0,15.875000953674316
1776224957.5021427,2026-04-15T03:49:17.502143,normal_circle,02,47.3979967,8.546161,9.094000816345215,8.981000900268555,0.0,0.0,-0.8899999856948853,-0.11042915284633636,-0.01671157404780388,-9.352118492126465,-0.002445550635457039,0.0004895870806649327,-0.0003990876139141619,84.0,15.875000953674316
1776224957.6037107,2026-04-15T03:49:17.603711,normal_circle,02,47.3979967,8.546161,9.143000602722168,9.030000686645508,0.0,0.0,-0.8700000047683716,-0.11448997259140015,-0.009137527085840702,-9.41666316986084,-0.003532213857397437,0.004606662783771753,-0.00045669462997466326,84.0,15.875000953674316
1776224957.7061753,2026-04-15T03:49:17.706175,normal_circle,02,47.3979967,8.546161099999999,9.157000541687012,9.044000625610352,0.0,0.0,-0.85999995470047,-0.10636258125305176,-0.010058092884719372,-9.361109733581543,-0.0038019134663045406,0.0010710331844165921,-0.0008844162221066654,84.0,15.875000953674316
1776224957.8100436,2026-04-15T03:49:17.810044,normal_circle,02,47.3979967,8.546161099999999,9.17400074005127,9.06100082397461,0.0,0.0,-0.8499999642372131,-0.11417856812477112,-0.015567676164209843,-9.380545616149902,-0.004020329564809799,0.0015002770815044641,-0.0017354878364130855,84.0,15.875000953674316
1776224957.916728,2026-04-15T03:49:17.916728,normal_circle,02,47.3979967,8.546161099999999,9.187000274658203,9.074000358581543,0.0,0.0,-0.8399999737739563,-0.11828416585922241,-0.00690831895917654,-9.44527530670166,-0.00442493287846446,0.003220374695956707,-0.00040618685306981206,84.0,15.875000953674316
1776224958.0188406,2026-04-15T03:49:18.018841,normal_circle,02,47.3979967,8.546161099999999,9.207000732421875,9.094000816345215,0.0,0.0,-0.8299999833106995,-0.12210292369127274,-0.010613550432026386,-9.43419361114502,-0.004342369269579649,0.0033035881351679564,-0.0014128630282357335,84.0,15.875000953674316
1776224958.124031,2026-04-15T03:49:18.124031,normal_circle,02,47.3979967,8.546161099999999,9.220000267028809,9.107000350952148,0.0,0.0,-0.8299999833106995,-0.11467885226011276,-0.01442272961139679,-9.388435363769531,-0.005849362351000309,0.0017740947660058737,-0.0005568475462496281,84.0,15.875000953674316
1776224958.225894,2026-04-15T03:49:18.225894,normal_circle,02,47.3979967,8.546161099999999,9.24000072479248,9.12700080871582,0.0,0.0,-0.8199999928474426,-0.10917572677135468,-0.013021325692534447,-9.383286476135254,-0.006299906875938177,0.0032533740159124136,-0.0007274922099895775,84.0,15.875000953674316
1776224958.3268013,2026-04-15T03:49:18.326801,normal_circle,02,47.3979967,8.546161099999999,9.253000259399414,9.140000343322754,0.0,0.0,-0.8100000023841858,-0.11754536628723145,-0.017429795116186142,-9.38329792022705,-0.004387907683849335,0.0030577059369534254,-0.000821419816929847,84.0,15.875000953674316
1776224958.4281008,2026-04-15T03:49:18.428101,normal_circle,02,47.3979967,8.546161099999999,9.273000717163086,9.160000801086426,0.0,0.0,-0.7999999523162842,-0.1164846196770668,-0.019399266690015793,-9.407580375671387,-0.003921628464013338,0.002549406373873353,0.00017434023902751505,84.0,15.875000953674316
1776224958.5325313,2026-04-15T03:49:18.532531,normal_circle,02,47.3979967,8.546161099999999,9.285000801086426,9.172000885009766,0.0,0.0,-0.7899999618530273,-0.10881330072879791,-0.01091593038290739,-9.451286315917969,-0.004531457554548979,0.0019685167353600264,0.0008075154037214816,84.0,15.875000953674316
1776224958.636709,2026-04-15T03:49:18.636709,normal_circle,02,47.3979967,8.546161099999999,9.305000305175781,9.192000389099121,0.0,0.0,-0.7899999618530273,-0.11398158222436905,-0.006151939742267132,-9.401381492614746,-0.0041595944203436375,0.0010459863115102053,-2.3311173208639957e-05,84.0,15.875000953674316
1776224958.7399137,2026-04-15T03:49:18.739914,normal_circle,02,47.3979967,8.546161099999999,9.336000442504883,9.223000526428223,0.0,0.0,-0.7699999809265137,-0.11179520189762115,-0.009540759958326817,-9.391417503356934,-0.004040102940052748,0.0010462818900123239,0.000910696224309504,84.0,15.875000953674316
1776224958.8426738,2026-04-15T03:49:18.842674,normal_circle,02,47.3979967,8.546161099999999,9.348000526428223,9.235000610351562,0.0,0.0,-0.7599999904632568,-0.12331202626228333,-0.018095167353749275,-9.419877052307129,-0.004412353970110416,0.0016196741489693522,0.00019106447871308774,84.0,15.875000953674316
1776224958.9466145,2026-04-15T03:49:18.946615,normal_circle,02,47.3979967,8.546161099999999,9.361000061035156,9.248000144958496,0.0,0.0,-0.7599999904632568,-0.11818641424179077,-0.02014833316206932,-9.388455390930176,-0.0024719268549233675,0.0020961244590580463,0.0008539927657693624,84.0,15.875000953674316
1776224959.0479383,2026-04-15T03:49:19.047938,normal_circle,02,47.3979967,8.546161099999999,9.373000144958496,9.260000228881836,0.0,0.0,-0.75,-0.11887168884277344,-0.011198896914720535,-9.39748764038086,-0.004057473503053188,0.0009237250196747482,0.00019914237782359123,84.0,15.875000953674316
1776224959.1499445,2026-04-15T03:49:19.149945,normal_circle,02,47.3979967,8.546161099999999,9.373000144958496,9.260000228881836,0.0,0.0,-0.75,-0.11887168884277344,-0.011198896914720535,-9.39748764038086,-0.004057473503053188,0.0009237250196747482,0.00019914237782359123,84.0,15.875000953674316
1776224959.2528114,2026-04-15T03:49:19.252811,normal_circle,02,47.3979967,8.546161099999999,9.391000747680664,9.278000831604004,0.0,0.0,-0.7400000095367432,-0.11438507586717606,-0.010891108773648739,-9.410988807678223,-0.009062042459845543,-0.00010009046673076227,-1.6084974049590528e-05,84.0,15.875000953674316
1776224959.3550456,2026-04-15T03:49:19.355046,normal_circle,02,47.3979967,8.546161099999999,9.409000396728516,9.296000480651855,0.0,0.0,-0.7299999594688416,-0.11201193928718567,-0.004188215360045433,-9.414278030395508,-0.02483307011425495,-0.005239588674157858,-0.001138619496487081,84.0,15.875000953674316
1776224959.4574287,2026-04-15T03:49:19.457429,normal_circle,02,47.3979967,8.546161099999999,9.421000480651855,9.308000564575195,0.0,0.0,-0.7199999690055847,-0.11089958995580673,-0.013522649183869362,-9.40527629852295,-0.04488611966371536,-0.009987921454012394,-0.0012209436390548944,84.0,15.875000953674316
1776224959.5599775,2026-04-15T03:49:19.559978,normal_circle,02,47.3979967,8.546161099999999,9.421000480651855,9.308000564575195,0.0,0.0,-0.7199999690055847,-0.10892685502767563,-0.01197331864386797,-9.4199857711792,-0.06967166811227798,-0.014846527017652988,-0.002720895456150174,84.0,15.875000953674316
1776224959.6656706,2026-04-15T03:49:19.665671,normal_circle,02,47.3979967,8.546161099999999,9.439000129699707,9.326000213623047,0.0,0.0,-0.7099999785423279,-0.10892685502767563,-0.01197331864386797,-9.4199857711792,-0.06967166811227798,-0.014846527017652988,-0.002720895456150174,84.0,15.875000953674316
1776224959.76726,2026-04-15T03:49:19.767260,normal_circle,02,47.3979967,8.546161099999999,9.451000213623047,9.337000846862793,0.0,0.0,-0.7099999785423279,-0.11122214794158936,-0.006514596287161112,-9.443657875061035,-0.10297227650880814,-0.0207400843501091,-0.003321035299450159,84.0,15.875000953674316
1776224959.8697639,2026-04-15T03:49:19.869764,normal_circle,02,47.3979967,8.546161099999999,9.473999977111816,9.361000061035156,0.0,0.0,-0.699999988079071,-0.11580546200275421,0.0027508200146257877,-9.452347755432129,-0.1676376610994339,-0.0320463627576828,-0.006509367376565933,84.0,15.875000953674316
1776224959.9760878,2026-04-15T03:49:19.976088,normal_circle,02,47.3979967,8.546161099999999,9.491000175476074,9.378000259399414,0.0,0.0,-0.6899999976158142,-0.10846589505672455,0.0031806589104235172,-9.457209587097168,-0.19877365231513977,-0.03441093489527702,-0.008324111811816692,84.0,15.875000953674316
1776224960.0790374,2026-04-15T03:49:20.079037,normal_circle,02,47.3979967,8.546161099999999,9.491000175476074,9.378000259399414,0.0,0.0,-0.6899999976158142,-0.10846589505672455,0.0031806589104235172,-9.457209587097168,-0.19877365231513977,-0.03441093489527702,-0.008324111811816692,84.0,15.875000953674316
1776224960.1890864,2026-04-15T03:49:20.189086,normal_circle,02,47.3979967,8.546161099999999,9.511000633239746,9.398000717163086,0.0,0.0,-0.6800000071525574,-0.1194777563214302,0.002300107851624489,-9.470291137695312,-0.2412377893924713,-0.041275739669799805,-0.012791559100151062,84.0,15.875000953674316
1776224960.294305,2026-04-15T03:49:20.294305,normal_circle,02,47.3979967,8.546161099999999,9.522000312805176,9.409000396728516,0.0,0.0,-0.6699999570846558,-0.11800270527601242,0.006595185492187738,-9.46728801727295,-0.2687302827835083,-0.04406407102942467,-0.01485701184719801,84.0,15.875000953674316
1776224960.3971367,2026-04-15T03:49:20.397137,normal_circle,02,47.3979967,8.546161099999999,9.532999992370605,9.420000076293945,0.009999999776482582,0.0,-0.6699999570846558,-0.12118413299322128,-0.0024778388906270266,-9.476509094238281,-0.2943964898586273,-0.049646779894828796,-0.019097911193966866,84.0,15.875000953674316
1776224960.498953,2026-04-15T03:49:20.498953,normal_circle,02,47.3979967,8.546161099999999,9.532999992370605,9.420000076293945,0.009999999776482582,0.0,-0.6699999570846558,-0.12118413299322128,-0.0024778388906270266,-9.476509094238281,-0.2943964898586273,-0.049646779894828796,-0.019097911193966866,84.0,15.875000953674316
1776224960.6058724,2026-04-15T03:49:20.605872,normal_circle,02,47.3979967,8.546161099999999,9.54900074005127,9.43600082397461,0.009999999776482582,0.0,-0.6599999666213989,-0.1076183170080185,0.005714733619242907,-9.501867294311523,-0.319953054189682,-0.05187596380710602,-0.025012778118252754,84.0,15.875000953674316
1776224960.715861,2026-04-15T03:49:20.715861,normal_circle,02,47.3979967,8.546161099999999,9.5600004196167,9.447000503540039,0.019999999552965164,0.0,-0.6499999761581421,-0.1160336509346962,0.0011080955155193806,-9.508987426757812,-0.3428059220314026,-0.056968849152326584,-0.027900274842977524,84.0,15.875000953674316
1776224960.8188128,2026-04-15T03:49:20.818813,normal_circle,02,47.3979967,8.546161099999999,9.577000617980957,9.464000701904297,0.029999999329447746,0.0,-0.6499999761581421,-0.11400330811738968,0.008586244657635689,-9.521528244018555,-0.36992308497428894,-0.057403307408094406,-0.03655075281858444,84.0,15.875000953674316
1776224960.923084,2026-04-15T03:49:20.923084,normal_circle,02,47.3979967,8.546161099999999,9.588000297546387,9.475000381469727,0.03999999910593033,0.0,-0.6399999856948853,-0.11569947749376297,0.004432447720319033,-9.518875122070312,-0.384918212890625,-0.060364626348018646,-0.039897385984659195,84.0,15.875000953674316
1776224961.0249054,2026-04-15T03:49:21.024905,normal_circle,02,47.3979967,8.546161099999999,9.588000297546387,9.475000381469727,0.03999999910593033,0.0,-0.6399999856948853,-0.11569947749376297,0.004432447720319033,-9.518875122070312,-0.384918212890625,-0.060364626348018646,-0.039897385984659195,84.0,15.875000953674316
1776224961.1281366,2026-04-15T03:49:21.128137,normal_circle,02,47.3979967,8.546161099999999,9.61400032043457,9.50100040435791,0.05999999865889549,0.0,-0.6299999952316284,-0.10969008505344391,0.01753665879368782,-9.553590774536133,-0.41267043352127075,-0.06447913497686386,-0.05325765535235405,84.0,15.875000953674316
1776224961.2306063,2026-04-15T03:49:21.230606,normal_circle,02,47.3979967,8.546161099999999,9.625,9.51200008392334,0.07000000029802322,0.0,-0.6299999952316284,-0.11745987087488174,0.015874356031417847,-9.557806015014648,-0.4333283603191376,-0.06746974587440491,-0.06050005182623863,84.0,15.875000953674316
1776224961.3397636,2026-04-15T03:49:21.339764,normal_circle,02,47.3979967,8.546161099999999,9.641000747680664,9.528000831604004,0.08999999612569809,0.0,-0.6200000047683716,-0.1131112203001976,0.019896740093827248,-9.561957359313965,-0.44057488441467285,-0.06753027439117432,-0.06806350499391556,84.0,15.875000953674316
1776224961.445763,2026-04-15T03:49:21.445763,normal_circle,02,47.3979968,8.546161099999999,9.667000770568848,9.554000854492188,0.12999999523162842,0.0,-0.6100000143051147,-0.12156762182712555,0.01245090365409851,-9.583489418029785,-0.45555052161216736,-0.0659380853176117,-0.08459565788507462,84.0,15.875000953674316
1776224961.5501547,2026-04-15T03:49:21.550155,normal_circle,02,47.3979968,8.546161099999999,9.677000045776367,9.564000129699707,0.14000000059604645,0.0,-0.5999999642372131,-0.11921019107103348,0.01668681763112545,-9.599849700927734,-0.4638616740703583,-0.06761448085308075,-0.09138742834329605,84.0,15.875000953674316
1776224961.6557348,2026-04-15T03:49:21.655735,normal_circle,02,47.3979968,8.546161099999999,9.693000793457031,9.580000877380371,0.17000000178813934,0.0,-0.5999999642372131,-0.11969329416751862,0.024313172325491905,-9.595922470092773,-0.46287408471107483,-0.06731502711772919,-0.10209279507398605,84.0,15.875000953674316
1776224961.7574265,2026-04-15T03:49:21.757427,normal_circle,02,47.397996899999995,8.5461612,9.70300006866455,9.59000015258789,0.1899999976158142,0.0,-0.5899999737739563,-0.1190234050154686,0.02046995237469673,-9.6104097366333,-0.46831822395324707,-0.0699533075094223,-0.11272185295820236,84.0,15.875000953674316
1776224961.860571,2026-04-15T03:49:21.860571,normal_circle,02,47.397996899999995,8.5461612,9.718000411987305,9.605000495910645,0.2199999988079071,0.0,-0.5899999737739563,-0.12352531403303146,0.027768561616539955,-9.644122123718262,-0.4761013388633728,-0.07317763566970825,-0.12112029641866684,84.0,15.875000953674316
1776224961.963024,2026-04-15T03:49:21.963024,normal_circle,02,47.397997,8.5461612,9.72800064086914,9.61500072479248,0.23999999463558197,0.0,-0.5799999833106995,-0.11978484690189362,0.01864958368241787,-9.627294540405273,-0.47755834460258484,-0.07260693609714508,-0.13177315890789032,84.0,15.875000953674316
1776224962.0681987,2026-04-15T03:49:22.068199,normal_circle,02,47.397997,8.5461612,9.743000030517578,9.630000114440918,0.2800000011920929,0.0,-0.5799999833106995,-0.12003860622644424,0.027537154033780098,-9.621461868286133,-0.46776896715164185,-0.06616434454917908,-0.141989067196846,84.0,15.875000953674316
1776224962.1721754,2026-04-15T03:49:22.172175,normal_circle,02,47.3979971,8.5461612,9.753000259399414,9.640000343322754,0.3100000023841858,0.0,-0.5699999928474426,-0.12223037332296371,0.038647208362817764,-9.631721496582031,-0.46173593401908875,-0.06624238938093185,-0.15352429449558258,84.0,15.875000953674316
1776224962.2767968,2026-04-15T03:49:22.276797,normal_circle,02,47.3979971,8.5461612,9.76200008392334,9.64900016784668,0.32999998331069946,0.0,-0.5699999928474426,-0.11694362759590149,0.03317158669233322,-9.674816131591797,-0.45794129371643066,-0.06778854876756668,-0.1663023680448532,84.0,15.875000953674316
1776224962.3835664,2026-04-15T03:49:22.383566,normal_circle,02,47.3979971,8.5461612,9.76200008392334,9.64900016784668,0.32999998331069946,0.0,-0.5699999928474426,-0.11852944642305374,0.04453035071492195,-9.702285766601562,-0.46519139409065247,-0.07427508383989334,-0.1756153106689453,84.0,15.875000953674316
1776224962.4861465,2026-04-15T03:49:22.486146,normal_circle,02,47.3979973,8.5461612,9.782000541687012,9.669000625610352,0.38999998569488525,-0.009999999776482582,-0.5600000023841858,-0.1206800639629364,0.045918479561805725,-9.748852729797363,-0.47997528314590454,-0.07766322046518326,-0.1862877905368805,84.0,15.875000953674316
1776224962.5902503,2026-04-15T03:49:22.590250,normal_circle,02,47.3979973,8.5461612,9.792000770568848,9.679000854492188,0.41999998688697815,-0.009999999776482582,-0.5600000023841858,-0.11992434412240982,0.05465808883309364,-9.766253471374512,-0.489701509475708,-0.0801670178771019,-0.19500979781150818,84.0,15.875000953674316
1776224962.6932392,2026-04-15T03:49:22.693239,normal_circle,02,47.3979974,8.5461612,9.806000709533691,9.693000793457031,0.4699999988079071,-0.009999999776482582,-0.550000011920929,-0.12333719432353973,0.05281214788556099,-9.765137672424316,-0.49386221170425415,-0.07813710719347,-0.20830705761909485,84.0,15.875000953674316
1776224962.7987776,2026-04-15T03:49:22.798778,normal_circle,02,47.397997499999995,8.5461612,9.816000938415527,9.70300006866455,0.5,-0.009999999776482582,-0.550000011920929,-0.11984364688396454,0.05230647698044777,-9.747116088867188,-0.48749250173568726,-0.07583916187286377,-0.21943967044353485,84.0,15.875000953674316
1776224962.9017272,2026-04-15T03:49:22.901727,normal_circle,02,47.3979977,8.5461612,9.835000038146973,9.722000122070312,0.5699999928474426,-0.009999999776482582,-0.5399999618530273,-0.12644913792610168,0.06805994361639023,-9.75954532623291,-0.4658024311065674,-0.07040323317050934,-0.23837538063526154,84.0,15.875000953674316
1776224963.0057886,2026-04-15T03:49:23.005789,normal_circle,02,47.3979979,8.546161099999999,9.849000930786133,9.736000061035156,0.6299999952316284,-0.009999999776482582,-0.5299999713897705,-0.12695667147636414,0.0731453001499176,-9.786904335021973,-0.46426689624786377,-0.07631699740886688,-0.2510771155357361,84.0,15.875000953674316
1776224963.110927,2026-04-15T03:49:23.110927,normal_circle,02,47.397998,8.546161099999999,9.858000755310059,9.745000839233398,0.6699999570846558,-0.019999999552965164,-0.5299999713897705,-0.13018634915351868,0.07930953055620193,-9.817702293395996,-0.46736931800842285,-0.08054740726947784,-0.2622515559196472,80.0,15.815000534057617
1776224963.216424,2026-04-15T03:49:23.216424,normal_circle,02,47.397998099999995,8.546161099999999,9.872000694274902,9.759000778198242,0.7299999594688416,-0.019999999552965164,-0.5199999809265137,-0.12408595532178879,0.07896175980567932,-9.8477144241333,-0.4702763855457306,-0.08336542546749115,-0.2746167778968811,80.0,15.815000534057617
1776224963.3214245,2026-04-15T03:49:23.321424,normal_circle,02,47.397998199999996,8.546161099999999,9.87700080871582,9.76400089263916,0.75,-0.019999999552965164,-0.5199999809265137,-0.12982647120952606,0.0780147910118103,-9.834461212158203,-0.46809300780296326,-0.08307401090860367,-0.2861717939376831,80.0,15.815000534057617
1776224963.4232624,2026-04-15T03:49:23.423262,normal_circle,02,47.3979984,8.546161099999999,9.890000343322754,9.777000427246094,0.8199999928474426,-0.019999999552965164,-0.5099999904632568,-0.13064302504062653,0.07945171743631363,-9.78567123413086,-0.44502368569374084,-0.0754566639661789,-0.30042535066604614,80.0,15.815000534057617
1776224963.530276,2026-04-15T03:49:23.530276,normal_circle,02,47.3979986,8.546161099999999,9.903000831604004,9.790000915527344,0.8799999952316284,-0.029999999329447746,-0.5,-0.1348121166229248,0.09181764721870422,-9.763532638549805,-0.41856473684310913,-0.06757022440433502,-0.3131694495677948,80.0,15.815000534057617
1776224963.6321185,2026-04-15T03:49:23.632118,normal_circle,02,47.397998799999996,8.546161099999999,9.91200065612793,9.79900074005127,0.9300000071525574,-0.029999999329447746,-0.4899999797344208,-0.13074712455272675,0.09197332710027695,-9.72908878326416,-0.3821917474269867,-0.05951980501413345,-0.32670116424560547,80.0,15.815000534057617
1776224963.7341673,2026-04-15T03:49:23.734167,normal_circle,02,47.3979992,8.546161099999999,9.933000564575195,9.820000648498535,1.0499999523162842,-0.029999999329447746,-0.4699999988079071,-0.14038237929344177,0.09944921731948853,-9.68851089477539,-0.31871962547302246,-0.04864700511097908,-0.3462340831756592,80.0,15.815000534057617
1776224963.8370345,2026-04-15T03:49:23.837034,normal_circle,02,47.397999299999995,8.546161099999999,9.941000938415527,9.82800006866455,1.100000023841858,-0.03999999910593033,-0.4599999785423279,-0.14034192264080048,0.09823425114154816,-9.653600692749023,-0.2744978368282318,-0.040746014565229416,-0.35801824927330017,80.0,15.815000534057617
1776224963.9400628,2026-04-15T03:49:23.940063,normal_circle,02,47.3979998,8.546161,9.961000442504883,9.848000526428223,1.2200000286102295,-0.03999999910593033,-0.4399999976158142,-0.14440317451953888,0.11366114020347595,-9.63526439666748,-0.17769862711429596,-0.020582349970936775,-0.38130927085876465,80.0,15.815000534057617
1776224964.040894,2026-04-15T03:49:24.040894,normal_circle,02,47.3980001,8.546161,9.972000122070312,9.859000205993652,1.2899999618530273,-0.04999999701976776,-0.41999998688697815,-0.1500062495470047,0.11811047047376633,-9.620869636535645,-0.13730154931545258,-0.015662772580981255,-0.39143437147140503,80.0,15.815000534057617
1776224964.142776,2026-04-15T03:49:24.142776,normal_circle,02,47.3980003,8.546161,9.979000091552734,9.866000175476074,1.3399999141693115,-0.04999999701976776,-0.4099999964237213,-0.14152835309505463,0.11684039235115051,-9.612248420715332,-0.09273906797170639,-0.009281076490879059,-0.4021494388580322,80.0,15.815000534057617
1776224964.2459724,2026-04-15T03:49:24.245972,normal_circle,02,47.398000599999996,8.546161,9.987000465393066,9.874000549316406,1.399999976158142,-0.04999999701976776,-0.3999999761581421,-0.15059156715869904,0.127113938331604,-9.65986156463623,-0.06532494723796844,-0.00782686471939087,-0.4120854139328003,80.0,15.815000534057617
1776224964.3473356,2026-04-15T03:49:24.347336,normal_circle,02,47.398001099999995,8.546161,10.0,9.88700008392334,1.5199999809265137,-0.05999999865889549,-0.3799999952316284,-0.16116134822368622,0.1393381804227829,-9.682747840881348,-0.039405494928359985,-0.009915387257933617,-0.4287016987800598,80.0,15.815000534057617
1776224964.450254,2026-04-15T03:49:24.450254,normal_circle,02,47.3980016,8.5461609,10.01400089263916,9.901000022888184,1.5999999046325684,-0.05999999865889549,-0.3700000047683716,-0.1583574116230011,0.14402474462985992,-9.69633960723877,-0.028164414688944817,-0.012391272932291031,-0.43978363275527954,80.0,15.815000534057617
1776224964.5612643,2026-04-15T03:49:24.561264,normal_circle,02,47.398001799999996,8.5461609,10.020000457763672,9.907000541687012,1.649999976158142,-0.07000000029802322,-0.35999998450279236,-0.16409523785114288,0.14813564717769623,-9.65917682647705,-0.012907642871141434,-0.009634455665946007,-0.44761329889297485,80.0,15.815000534057617
1776224964.666153,2026-04-15T03:49:24.666153,normal_circle,02,47.398002299999995,8.5461609,10.030000686645508,9.917000770568848,1.7300000190734863,-0.07000000029802322,-0.3499999940395355,-0.1687844842672348,0.15714554488658905,-9.644598007202148,0.0077755022794008255,-0.0031928785610944033,-0.45689064264297485,80.0,15.815000534057617
1776224964.7705035,2026-04-15T03:49:24.770504,normal_circle,02,47.3980026,8.5461609,10.03600025177002,9.92300033569336,1.7799999713897705,-0.07000000029802322,-0.3400000035762787,-0.17683906853199005,0.15838268399238586,-9.631638526916504,0.027918757870793343,0.004763906821608543,-0.4647403955459595,80.0,15.815000534057617
1776224964.8721623,2026-04-15T03:49:24.872162,normal_circle,02,47.398002899999994,8.5461608,10.041000366210938,9.928000450134277,1.8299999237060547,-0.07999999821186066,-0.32999998331069946,-0.17844484746456146,0.169521763920784,-9.63547134399414,0.03888114169239998,0.005794378463178873,-0.47153979539871216,80.0,15.815000534057617
1776224964.9756932,2026-04-15T03:49:24.975693,normal_circle,02,47.3980033,8.5461608,10.050000190734863,9.937000274658203,1.909999966621399,-0.07999999821186066,-0.3199999928474426,-0.1726846843957901,0.17946608364582062,-9.648533821105957,0.04847833514213562,0.001983906840905547,-0.4818040132522583,80.0,15.815000534057617
1776224965.0788732,2026-04-15T03:49:25.078873,normal_circle,02,47.3980038,8.5461608,10.058000564575195,9.945000648498535,1.9900000095367432,-0.08999999612569809,-0.3100000023841858,-0.1822182536125183,0.17877326905727386,-9.643678665161133,0.05309918150305748,0.0006943515036255121,-0.48856204748153687,80.0,15.815000534057617
1776224965.181976,2026-04-15T03:49:25.181976,normal_circle,02,47.3980045,8.5461607,10.069000244140625,9.956000328063965,2.0899999141693115,-0.08999999612569809,-0.28999999165534973,-0.1896231323480606,0.1838849037885666,-9.664119720458984,0.0597984716296196,0.005936156492680311,-0.5005075335502625,80.0,15.815000534057617
1776224965.285433,2026-04-15T03:49:25.285433,normal_circle,02,47.398004799999995,8.5461607,10.07300090789795,9.960000038146973,2.1399998664855957,-0.08999999612569809,-0.2800000011920929,-0.20025017857551575,0.20017476379871368,-9.681909561157227,0.06123840808868408,0.00565507635474205,-0.5056284666061401,80.0,15.815000534057617
1776224965.390415,2026-04-15T03:49:25.390415,normal_circle,02,47.3980053,8.5461607,10.081000328063965,9.967000007629395,2.2200000286102295,-0.09999999403953552,-0.26999998092651367,-0.20520205795764923,0.20687483251094818,-9.69167423248291,0.06047192960977554,0.0014136586105450988,-0.5150008201599121,80.0,15.815000534057617
1776224965.4916975,2026-04-15T03:49:25.491698,normal_circle,02,47.398006099999996,8.5461606,10.089000701904297,9.976000785827637,2.319999933242798,-0.09999999403953552,-0.25,-0.2154867798089981,0.20969191193580627,-9.71273136138916,0.053421441465616226,-0.0010646492009982467,-0.5274044275283813,80.0,15.815000534057617
1776224965.5962224,2026-04-15T03:49:25.596222,normal_circle,02,47.3980064,8.5461606,10.094000816345215,9.981000900268555,2.3899998664855957,-0.10999999940395355,-0.23999999463558197,-0.21537095308303833,0.22656747698783875,-9.725699424743652,0.05073384940624237,-0.003171736840158701,-0.5334511995315552,80.0,15.815000534057617
1776224965.6980052,2026-04-15T03:49:25.698005,normal_circle,02,47.398007,8.5461605,10.100000381469727,9.987000465393066,2.440000057220459,-0.10999999940395355,-0.22999998927116394,-0.22477027773857117,0.22383080422878265,-9.726045608520508,0.048789966851472855,-0.0016325571341440082,-0.5402659177780151,80.0,15.815000534057617
1776224965.800837,2026-04-15T03:49:25.800837,normal_circle,02,47.3980074,8.5461605,10.104000091552734,9.991000175476074,2.490000009536743,-0.10999999940395355,-0.2199999988079071,-0.2234887182712555,0.23056265711784363,-9.732942581176758,0.04874518886208534,0.000632922223303467,-0.544964075088501,80.0,15.815000534057617
1776224965.9165084,2026-04-15T03:49:25.916508,normal_circle,02,47.398008399999995,8.5461605,10.113000869750977,10.0,2.609999895095825,-0.11999999731779099,-0.19999998807907104,-0.2393374890089035,0.2364591509103775,-9.758349418640137,0.04666748270392418,0.0007615015492774546,-0.558236837387085,80.0,15.815000534057617
1776224966.0187676,2026-04-15T03:49:26.018768,normal_circle,02,47.3980088,8.5461604,10.116000175476074,10.003000259399414,2.6599998474121094,-0.11999999731779099,-0.19999998807907104,-0.24725055694580078,0.2414509654045105,-9.736550331115723,0.05628405138850212,0.009321006946265697,-0.5646771192550659,80.0,15.815000534057617
