timestamp_unix_s,timestamp_iso,scenario,run_id,lat_deg,lon_deg,abs_alt_m,rel_alt_m,vel_n_m_s,vel_e_m_s,vel_d_m_s,accel_x_mps2,accel_y_mps2,accel_z_mps2,gyro_x_rps,gyro_y_rps,gyro_z_rps,battery_remaining_pct,battery_voltage_v
1776230743.4163337,2026-04-15T05:25:43.416334,attack_triangle_gpsinput_drift,01,47.3981322,8.5464018,0.04700000211596489,-0.26600000262260437,0.0,0.0,0.11999999731779099,-0.04035303741693497,-0.060347262769937515,-9.75621223449707,0.0016815343406051397,0.0011998343979939818,0.00014651194214820862,,
1776230743.5181282,2026-04-15T05:25:43.518128,attack_triangle_gpsinput_drift,01,47.3981322,8.5464018,0.04800000041723251,-0.26500001549720764,0.0,0.0,0.11999999731779099,-0.05363037437200546,-0.05725938826799393,-9.758771896362305,-0.00011198789434274659,-0.0002517546236049384,-0.00020619363931473345,,
1776230743.629091,2026-04-15T05:25:43.629091,attack_triangle_gpsinput_drift,01,47.3981322,8.5464018,0.04800000041723251,-0.26500001549720764,0.0,0.0,0.11999999731779099,-0.05363037437200546,-0.05725938826799393,-9.758771896362305,-0.00011198789434274659,-0.0002517546236049384,-0.00020619363931473345,,
1776230743.7407422,2026-04-15T05:25:43.740742,attack_triangle_gpsinput_drift,01,47.3981322,8.5464018,0.04800000041723251,-0.26500001549720764,0.0,0.0,0.11999999731779099,-0.04983644187450409,-0.05842653289437294,-9.755098342895508,-0.0010991707677021623,0.0003737373626790941,0.00038586847949773073,,
1776230743.8485343,2026-04-15T05:25:43.848534,attack_triangle_gpsinput_drift,01,47.3981322,8.5464018,0.049000002443790436,-0.2630000114440918,0.0,0.0,0.11999999731779099,-0.04983644187450409,-0.05842653289437294,-9.755098342895508,-0.0010991707677021623,0.0003737373626790941,0.00038586847949773073,,
1776230743.949783,2026-04-15T05:25:43.949783,attack_triangle_gpsinput_drift,01,47.3981322,8.5464018,0.05100000277161598,-0.26200002431869507,0.0,0.0,0.10999999940395355,-0.047284096479415894,-0.07410275936126709,-9.758167266845703,0.00013849121751263738,-7.368627848336473e-05,-0.0012690196745097637,,
1776230744.0539525,2026-04-15T05:25:44.053952,attack_triangle_gpsinput_drift,01,47.3981322,8.5464018,0.052000001072883606,-0.26100000739097595,0.0,0.0,0.10999999940395355,-0.0552140548825264,-0.058605294674634933,-9.759490013122559,0.0003496826102491468,0.0006794704240746796,0.0007546305423602462,,
1776230744.1550925,2026-04-15T05:25:44.155092,attack_triangle_gpsinput_drift,01,47.3981322,8.5464018,0.052000001072883606,-0.2600000202655792,0.0,0.0,0.10999999940395355,-0.048827819526195526,-0.06616922467947006,-9.745973587036133,0.0006538780289702117,-0.0004187758604530245,0.0006546257645823061,,
1776230744.257403,2026-04-15T05:25:44.257403,attack_triangle_gpsinput_drift,01,47.3981322,8.5464018,0.05300000309944153,-0.2600000202655792,0.0,0.0,0.10999999940395355,-0.042034998536109924,-0.07035554200410843,-9.755095481872559,0.00011307177919661626,-0.000851284246891737,0.0001212849747389555,,
1776230744.3589816,2026-04-15T05:25:44.358982,attack_triangle_gpsinput_drift,01,47.3981322,8.5464018,0.05400000140070915,-0.2590000033378601,0.0,0.0,0.10999999940395355,-0.04987866431474686,-0.06589432805776596,-9.759671211242676,-0.0006428172928281128,0.000486240052850917,2.808193676173687e-05,,
1776230744.4674382,2026-04-15T05:25:44.467438,attack_triangle_gpsinput_drift,01,47.3981322,8.5464018,0.055000003427267075,-0.2580000162124634,0.0,0.0,0.09999999403953552,-0.04833449423313141,-0.05365350842475891,-9.76265811920166,-0.0012661123182624578,0.00016679041436873376,0.0007680858252570033,,
1776230744.572104,2026-04-15T05:25:44.572104,attack_triangle_gpsinput_drift,01,47.3981322,8.5464018,0.0560000017285347,-0.25699999928474426,0.0,0.0,0.09999999403953552,-0.051724180579185486,-0.0715915784239769,-9.756662368774414,7.309464126592502e-05,8.019028609851375e-05,0.000685063423588872,,
1776230744.6747115,2026-04-15T05:25:44.674711,attack_triangle_gpsinput_drift,01,47.3981322,8.5464018,0.05700000375509262,-0.25600001215934753,0.0,0.0,0.09999999403953552,-0.04431813210248947,-0.059551071375608444,-9.763434410095215,-6.230199505807832e-05,-0.0003912196552846581,0.0009497746359556913,,
1776230744.7761426,2026-04-15T05:25:44.776143,attack_triangle_gpsinput_drift,01,47.3981322,8.5464018,0.05700000375509262,-0.25600001215934753,0.0,0.0,0.09999999403953552,-0.04431813210248947,-0.059551071375608444,-9.763434410095215,-6.230199505807832e-05,-0.0003912196552846581,0.0009497746359556913,,
1776230744.8879616,2026-04-15T05:25:44.887962,attack_triangle_gpsinput_drift,01,47.3981322,8.5464018,0.058000002056360245,-0.2550000250339508,0.0,0.0,0.09999999403953552,-0.047129325568675995,-0.06796284765005112,-9.759328842163086,0.0005313699366524816,0.0005404038820415735,-0.0008315976592712104,,
1776230744.9946315,2026-04-15T05:25:44.994632,attack_triangle_gpsinput_drift,01,47.3981322,8.5464018,0.05900000408291817,-0.2540000081062317,0.0,0.0,0.09999999403953552,-0.047498591244220734,-0.05853389576077461,-9.764184951782227,4.466983591555618e-05,-0.0005162751185707748,-0.000868131872266531,,
1776230745.1000023,2026-04-15T05:25:45.100002,attack_triangle_gpsinput_drift,01,47.3981322,8.5464018,0.05900000408291817,-0.2540000081062317,0.0,0.0,0.09999999403953552,-0.04563315957784653,-0.05797060579061508,-9.7581148147583,-0.0003605801903177053,0.000729150022380054,-0.0006630560383200645,,
1776230745.2067971,2026-04-15T05:25:45.206797,attack_triangle_gpsinput_drift,01,47.3981322,8.5464018,0.06000000238418579,-0.25300002098083496,0.0,0.0,0.09999999403953552,-0.04490352421998978,-0.06421959400177002,-9.753483772277832,0.0007817602599970996,0.0002098829863825813,-0.0008105760207399726,,
1776230745.3086846,2026-04-15T05:25:45.308685,attack_triangle_gpsinput_drift,01,47.3981322,8.5464018,0.06000000238418579,-0.25300002098083496,0.0,0.0,0.09999999403953552,-0.04490352421998978,-0.06421959400177002,-9.753483772277832,0.0007817602599970996,0.0002098829863825813,-0.0008105760207399726,,
1776230745.4098458,2026-04-15T05:25:45.409846,attack_triangle_gpsinput_drift,01,47.3981322,8.5464018,0.06000000238418579,-0.25300002098083496,0.0,0.0,0.09999999403953552,-0.04687955975532532,-0.05896192044019699,-9.760930061340332,0.000574521254748106,-0.0003450728254392743,0.0004899340565316379,,
1776230745.5136125,2026-04-15T05:25:45.513613,attack_triangle_gpsinput_drift,01,47.3981322,8.5464018,0.06200000271201134,-0.2510000169277191,0.0,0.0,0.08999999612569809,-0.0453919917345047,-0.059021420776844025,-9.756916999816895,0.0006219627684913576,-0.00028017404838465154,-0.0007973674801178277,,
1776230745.615728,2026-04-15T05:25:45.615728,attack_triangle_gpsinput_drift,01,47.3981322,8.5464018,0.06200000271201134,-0.2510000169277191,0.0,0.0,0.08999999612569809,-0.04549074172973633,-0.05149657651782036,-9.756223678588867,-0.0007391998660750687,-0.00024590460816398263,-0.0005925901932641864,,
1776230745.7170978,2026-04-15T05:25:45.717098,attack_triangle_gpsinput_drift,01,47.3981322,8.5464018,0.06200000271201134,-0.2510000169277191,0.0,0.0,0.08999999612569809,-0.04549074172973633,-0.05149657651782036,-9.756223678588867,-0.0007391998660750687,-0.00024590460816398263,-0.0005925901932641864,,
1776230745.8200417,2026-04-15T05:25:45.820042,attack_triangle_gpsinput_drift,01,47.3981323,8.5464018,0.06300000101327896,-0.24900001287460327,0.0,0.0,0.08999999612569809,-0.0469682514667511,-0.06208554282784462,-9.762349128723145,0.0003760342369787395,6.525879143737257e-05,0.00033889361657202244,,
1776230745.9239304,2026-04-15T05:25:45.923930,attack_triangle_gpsinput_drift,01,47.3981323,8.5464018,0.06300000101327896,-0.24900001287460327,0.0,0.0,0.08999999612569809,-0.0469682514667511,-0.06208554282784462,-9.762349128723145,0.0003760342369787395,6.525879143737257e-05,0.00033889361657202244,,
1776230746.033868,2026-04-15T05:25:46.033868,attack_triangle_gpsinput_drift,01,47.3981323,8.5464018,0.06400000303983688,-0.24900001287460327,0.0,0.0,0.08999999612569809,-0.04455612599849701,-0.06487099081277847,-9.757941246032715,0.0005969261983409524,0.0008265539654530585,-0.00017936457879841328,,
1776230746.1370714,2026-04-15T05:25:46.137071,attack_triangle_gpsinput_drift,01,47.3981323,8.5464018,0.0650000050663948,-0.24800001084804535,0.0,0.0,0.08999999612569809,-0.04956959933042526,-0.06891495734453201,-9.760934829711914,0.000903184583876282,0.00016548742132727057,-0.0008345920359715819,,
1776230746.2633812,2026-04-15T05:25:46.263381,attack_triangle_gpsinput_drift,01,47.3981323,8.5464018,0.06599999964237213,-0.24700000882148743,0.0,0.0,0.08999999612569809,-0.050561755895614624,-0.06616447865962982,-9.75843620300293,-0.00016421661712229252,-1.5860590792726725e-05,-0.001300786272622645,,
1776230746.3670034,2026-04-15T05:25:46.367003,attack_triangle_gpsinput_drift,01,47.3981323,8.5464018,0.06599999964237213,-0.24700000882148743,0.0,0.0,0.08999999612569809,-0.050561755895614624,-0.06616447865962982,-9.75843620300293,-0.00016421661712229252,-1.5860590792726725e-05,-0.001300786272622645,,
1776230746.4705784,2026-04-15T05:25:46.470578,attack_triangle_gpsinput_drift,01,47.3981323,8.5464018,0.06599999964237213,-0.24700000882148743,0.0,0.0,0.08999999612569809,-0.052852436900138855,-0.06021996960043907,-9.761792182922363,-5.080219125375152e-07,0.00023023701214697212,-0.0009112555999308825,,
1776230746.571535,2026-04-15T05:25:46.571535,attack_triangle_gpsinput_drift,01,47.3981323,8.5464018,0.06700000166893005,-0.2460000067949295,0.0,0.0,0.08999999612569809,-0.05196334421634674,-0.060858603566884995,-9.752820014953613,0.0001483202795498073,-0.0004235277883708477,0.0006679824437014759,,
1776230746.6732156,2026-04-15T05:25:46.673216,attack_triangle_gpsinput_drift,01,47.3981323,8.5464018,0.06800000369548798,-0.24500000476837158,0.0,0.0,0.08999999612569809,-0.05329915136098862,-0.06252248585224152,-9.753859519958496,0.0010794607223942876,-0.00026647726190276444,0.0001270193315576762,,
1776230746.7857904,2026-04-15T05:25:46.785790,attack_triangle_gpsinput_drift,01,47.3981323,8.5464018,0.0690000057220459,-0.24400001764297485,0.0,0.0,0.08999999612569809,-0.04429646581411362,-0.06441116333007812,-9.75127124786377,-0.0011152635561302304,-6.667672278126702e-05,-0.0007044547237455845,,
1776230746.8884075,2026-04-15T05:25:46.888407,attack_triangle_gpsinput_drift,01,47.3981323,8.5464018,0.0690000057220459,-0.24400001764297485,0.0,0.0,0.08999999612569809,-0.05206536501646042,-0.07526633143424988,-9.759657859802246,-0.0003107352531515062,0.00035686176852323115,-0.00019591058662626892,,
1776230746.9926693,2026-04-15T05:25:46.992669,attack_triangle_gpsinput_drift,01,47.3981323,8.5464018,0.0690000057220459,-0.24400001764297485,0.0,0.0,0.08999999612569809,-0.05206536501646042,-0.07526633143424988,-9.759657859802246,-0.0003107352531515062,0.00035686176852323115,-0.00019591058662626892,,
1776230747.0967913,2026-04-15T05:25:47.096791,attack_triangle_gpsinput_drift,01,47.3981323,8.5464018,0.07000000029802322,-0.24300001561641693,0.0,0.0,0.08999999612569809,-0.058061569929122925,-0.06596986949443817,-9.767668724060059,-0.0005436173523776233,-3.6413919588085264e-05,5.175903788767755e-05,,
1776230747.2014484,2026-04-15T05:25:47.201448,attack_triangle_gpsinput_drift,01,47.3981323,8.5464018,0.07000000029802322,-0.24300001561641693,0.0,0.0,0.08999999612569809,-0.05138285458087921,-0.057270925492048264,-9.764371871948242,-0.0005057815578766167,-0.001052493811585009,0.0002514416410122067,,
1776230747.3061154,2026-04-15T05:25:47.306115,attack_triangle_gpsinput_drift,01,47.3981323,8.5464018,0.07000000029802322,-0.24300001561641693,0.0,0.0,0.08999999612569809,-0.05138285458087921,-0.057270925492048264,-9.764371871948242,-0.0005057815578766167,-0.001052493811585009,0.0002514416410122067,,
1776230747.4089417,2026-04-15T05:25:47.408942,attack_triangle_gpsinput_drift,01,47.3981323,8.5464018,0.07100000232458115,-0.242000013589859,0.0,0.0,0.08999999612569809,-0.04427771270275116,-0.053970031440258026,-9.756068229675293,-0.0008382636005990207,0.00027318575303070247,-0.0005129522178322077,,
1776230747.509832,2026-04-15T05:25:47.509832,attack_triangle_gpsinput_drift,01,47.3981323,8.5464018,0.07100000232458115,-0.242000013589859,0.0,0.0,0.08999999612569809,-0.046539947390556335,-0.06844796240329742,-9.759227752685547,8.90107112354599e-05,-0.0008315765880979598,-0.0009831070201471448,,
1776230747.6117036,2026-04-15T05:25:47.611704,attack_triangle_gpsinput_drift,01,47.3981323,8.5464018,0.07100000232458115,-0.242000013589859,0.0,0.0,0.08999999612569809,-0.046539947390556335,-0.06844796240329742,-9.759227752685547,8.90107112354599e-05,-0.0008315765880979598,-0.0009831070201471448,,
1776230747.7147415,2026-04-15T05:25:47.714741,attack_triangle_gpsinput_drift,01,47.3981323,8.5464018,0.07100000232458115,-0.242000013589859,0.0,0.0,0.08999999612569809,-0.04644565284252167,-0.055968768894672394,-9.76258373260498,-0.0008304623188450933,0.00013183598639443517,0.0007197504164651036,,
1776230747.8168228,2026-04-15T05:25:47.816823,attack_triangle_gpsinput_drift,01,47.3981323,8.5464018,0.07100000232458115,-0.242000013589859,0.0,0.0,0.08999999612569809,-0.04644565284252167,-0.055968768894672394,-9.76258373260498,-0.0008304623188450933,0.00013183598639443517,0.0007197504164651036,,
1776230747.9187474,2026-04-15T05:25:47.918747,attack_triangle_gpsinput_drift,01,47.3981323,8.5464018,0.07100000232458115,-0.242000013589859,0.0,0.0,0.08999999612569809,-0.049357153475284576,-0.056864842772483826,-9.755227088928223,0.0010083176894113421,-0.0004105223051737994,-0.0006438350537791848,,
1776230748.0208552,2026-04-15T05:25:48.020855,attack_triangle_gpsinput_drift,01,47.3981323,8.5464018,0.07100000232458115,-0.242000013589859,0.0,0.0,0.08999999612569809,-0.049357153475284576,-0.056864842772483826,-9.755227088928223,0.0010083176894113421,-0.0004105223051737994,-0.0006438350537791848,,
1776230748.1615188,2026-04-15T05:25:48.161519,attack_triangle_gpsinput_drift,01,47.3981323,8.5464018,0.07100000232458115,-0.242000013589859,0.0,0.0,0.08999999612569809,-0.049357153475284576,-0.056864842772483826,-9.755227088928223,0.0010083176894113421,-0.0004105223051737994,-0.0006438350537791848,,
1776230748.3995779,2026-04-15T05:25:48.399578,attack_triangle_gpsinput_drift,01,47.3981323,8.5464018,0.07200000435113907,-0.2410000115633011,0.0,0.0,0.08999999612569809,-0.05559077858924866,-0.06286018341779709,-9.760724067687988,0.0005734519800171256,0.0008850846206769347,9.623411460779607e-05,,
1776230748.501467,2026-04-15T05:25:48.501467,attack_triangle_gpsinput_drift,01,47.3981323,8.5464018,0.07200000435113907,-0.2410000115633011,0.0,0.0,0.08999999612569809,-0.05559077858924866,-0.06286018341779709,-9.760724067687988,0.0005734519800171256,0.0008850846206769347,9.623411460779607e-05,,
1776230748.605628,2026-04-15T05:25:48.605628,attack_triangle_gpsinput_drift,01,47.3981323,8.5464018,0.07300000637769699,-0.24000000953674316,0.0,0.0,0.08999999612569809,-0.052158623933792114,-0.06529189646244049,-9.758429527282715,-0.0002880236424971372,0.0007980678929015994,0.00016320153372362256,,
1776230748.710022,2026-04-15T05:25:48.710022,attack_triangle_gpsinput_drift,01,47.3981323,8.5464018,0.07300000637769699,-0.24000000953674316,0.0,0.0,0.08999999612569809,-0.052158623933792114,-0.06529189646244049,-9.758429527282715,-0.0002880236424971372,0.0007980678929015994,0.00016320153372362256,,
1776230748.813899,2026-04-15T05:25:48.813899,attack_triangle_gpsinput_drift,01,47.3981323,8.5464018,0.07300000637769699,-0.24000000953674316,0.0,0.0,0.08999999612569809,-0.044934481382369995,-0.0698101818561554,-9.759394645690918,-0.00019403484475333244,0.0005671195685863495,-0.0003502863983158022,,
1776230748.9177525,2026-04-15T05:25:48.917753,attack_triangle_gpsinput_drift,01,47.3981323,8.5464018,0.07300000637769699,-0.24000000953674316,0.0,0.0,0.08999999612569809,-0.04175173491239548,-0.06275935471057892,-9.749488830566406,0.0006297380314208567,0.0006139841862022877,-0.0006490218220278621,,
1776230749.0214183,2026-04-15T05:25:49.021418,attack_triangle_gpsinput_drift,01,47.3981323,8.5464018,0.07300000637769699,-0.24000000953674316,0.0,0.0,0.08999999612569809,-0.04175173491239548,-0.06275935471057892,-9.749488830566406,0.0006297380314208567,0.0006139841862022877,-0.0006490218220278621,,
1776230749.1259658,2026-04-15T05:25:49.125966,attack_triangle_gpsinput_drift,01,47.3981323,8.5464018,0.07300000637769699,-0.24000000953674316,0.0,0.0,0.08999999612569809,-0.041183777153491974,-0.05865662544965744,-9.748237609863281,0.0004710037319455296,-0.00028844151529483497,-0.000875984609592706,,
1776230749.2287645,2026-04-15T05:25:49.228765,attack_triangle_gpsinput_drift,01,47.3981323,8.5464018,0.07300000637769699,-0.24000000953674316,0.0,0.0,0.08999999612569809,-0.041229456663131714,-0.06258833408355713,-9.755727767944336,-0.0008327039540745318,-0.0008559697307646275,-4.376140714157373e-05,,
1776230749.3319843,2026-04-15T05:25:49.331984,attack_triangle_gpsinput_drift,01,47.3981323,8.5464018,0.07300000637769699,-0.24000000953674316,0.0,0.0,0.08999999612569809,-0.041229456663131714,-0.06258833408355713,-9.755727767944336,-0.0008327039540745318,-0.0008559697307646275,-4.376140714157373e-05,,
1776230749.4356089,2026-04-15T05:25:49.435609,attack_triangle_gpsinput_drift,01,47.3981322,8.5464018,0.07300000637769699,-0.24000000953674316,0.0,0.0,0.08999999612569809,-0.04599536955356598,-0.06281858682632446,-9.758045196533203,-0.00021475180983543396,-0.0008707995875738561,-0.0007830411777831614,,
1776230749.5384383,2026-04-15T05:25:49.538438,attack_triangle_gpsinput_drift,01,47.3981322,8.5464018,0.07100000232458115,-0.242000013589859,0.0,0.0,0.08999999612569809,-0.053032830357551575,-0.06778362393379211,-9.762384414672852,0.00036205005017109215,-0.000634586438536644,-0.0008654954144731164,,
1776230749.6430972,2026-04-15T05:25:49.643097,attack_triangle_gpsinput_drift,01,47.3981322,8.5464018,0.07100000232458115,-0.242000013589859,0.0,0.0,0.08999999612569809,-0.04707867652177811,-0.06295065581798553,-9.763739585876465,0.0002831596357282251,-0.00044892699224874377,-0.0002573628444224596,,
1776230749.7455523,2026-04-15T05:25:49.745552,attack_triangle_gpsinput_drift,01,47.3981322,8.5464018,0.07000000029802322,-0.242000013589859,0.0,0.0,0.08999999612569809,-0.04829586297273636,-0.061148129403591156,-9.754103660583496,0.0006455017137341201,-0.0009366449667140841,-0.00024319598742295057,,
1776230749.8479068,2026-04-15T05:25:49.847907,attack_triangle_gpsinput_drift,01,47.3981322,8.5464018,0.07000000029802322,-0.24300001561641693,0.0,0.0,0.08999999612569809,-0.049878865480422974,-0.05881565809249878,-9.761222839355469,0.0007690699421800673,0.00029030186124145985,-0.000502227630931884,,
1776230749.9498668,2026-04-15T05:25:49.949867,attack_triangle_gpsinput_drift,01,47.3981322,8.5464018,0.07000000029802322,-0.24300001561641693,0.0,0.0,0.08999999612569809,-0.05208490788936615,-0.06428930908441544,-9.758133888244629,-1.0546535122557543e-05,-8.533392247045413e-05,0.00040799882845021784,,
1776230750.05226,2026-04-15T05:25:50.052260,attack_triangle_gpsinput_drift,01,47.3981322,8.5464018,0.07000000029802322,-0.24300001561641693,0.0,0.0,0.08999999612569809,-0.05208490788936615,-0.06428930908441544,-9.758133888244629,-1.0546535122557543e-05,-8.533392247045413e-05,0.00040799882845021784,,
1776230750.1561053,2026-04-15T05:25:50.156105,attack_triangle_gpsinput_drift,01,47.3981322,8.5464018,0.07000000029802322,-0.24300001561641693,0.0,0.0,0.08999999612569809,-0.0446091964840889,-0.07463900744915009,-9.768521308898926,-0.0005032289773225784,0.00046375938109122217,0.0001305399346165359,,
1776230750.2613342,2026-04-15T05:25:50.261334,attack_triangle_gpsinput_drift,01,47.3981322,8.5464018,0.07000000029802322,-0.24300001561641693,0.0,0.0,0.08999999612569809,-0.0446091964840889,-0.07463900744915009,-9.768521308898926,-0.0005032289773225784,0.00046375938109122217,0.0001305399346165359,,
1776230750.36384,2026-04-15T05:25:50.363840,attack_triangle_gpsinput_drift,01,47.3981322,8.546401699999999,0.07000000029802322,-0.24300001561641693,0.0,0.0,0.08999999612569809,-0.04645535349845886,-0.05842028930783272,-9.760924339294434,-0.00038208765909075737,-0.00023055209021549672,-0.00030104757752269506,,
1776230750.4646287,2026-04-15T05:25:50.464629,attack_triangle_gpsinput_drift,01,47.3981322,8.546401699999999,0.07000000029802322,-0.24300001561641693,0.0,0.0,0.08999999612569809,-0.04703512787818909,-0.06243132799863815,-9.764087677001953,-0.00031332066282629967,0.0014930757461115718,8.854511543177068e-05,,
1776230750.5661082,2026-04-15T05:25:50.566108,attack_triangle_gpsinput_drift,01,47.3981322,8.546401699999999,0.0690000057220459,-0.24400001764297485,0.0,0.0,0.08999999612569809,-0.04554910212755203,-0.06113537400960922,-9.765782356262207,0.00020204900647513568,-0.0002982265723403543,-0.0006098435260355473,,
1776230750.669112,2026-04-15T05:25:50.669112,attack_triangle_gpsinput_drift,01,47.3981322,8.546401699999999,0.0690000057220459,-0.24400001764297485,0.0,0.0,0.08999999612569809,-0.046028777956962585,-0.055386483669281006,-9.754063606262207,0.0006086446810513735,-0.0005333584267646074,0.001207518158480525,,
1776230750.7731159,2026-04-15T05:25:50.773116,attack_triangle_gpsinput_drift,01,47.3981322,8.546401699999999,0.06800000369548798,-0.24500000476837158,0.0,0.0,0.08999999612569809,-0.0568266361951828,-0.06062985211610794,-9.763387680053711,-0.0002060570113826543,-0.000625171116553247,-0.000604395056143403,,
1776230750.8790843,2026-04-15T05:25:50.879084,attack_triangle_gpsinput_drift,01,47.3981322,8.546401699999999,0.06800000369548798,-0.24500000476837158,0.0,0.0,0.08999999612569809,-0.0568266361951828,-0.06062985211610794,-9.763387680053711,-0.0002060570113826543,-0.000625171116553247,-0.000604395056143403,,
1776230750.9898872,2026-04-15T05:25:50.989887,attack_triangle_gpsinput_drift,01,47.3981322,8.546401699999999,0.06700000166893005,-0.2460000067949295,0.0,0.0,0.08999999612569809,-0.04507281631231308,-0.05741240829229355,-9.75460433959961,-0.0004719251883216202,-0.000522386166267097,-0.0009336279472336173,,
1776230751.0922458,2026-04-15T05:25:51.092246,attack_triangle_gpsinput_drift,01,47.3981322,8.546401699999999,0.06700000166893005,-0.2460000067949295,0.0,0.0,0.08999999612569809,-0.04507281631231308,-0.05741240829229355,-9.75460433959961,-0.0004719251883216202,-0.000522386166267097,-0.0009336279472336173,,
1776230751.1947517,2026-04-15T05:25:51.194752,attack_triangle_gpsinput_drift,01,47.3981322,8.546401699999999,0.06599999964237213,-0.24700000882148743,0.0,0.0,0.09999999403953552,-0.04951003938913345,-0.05964791402220726,-9.746174812316895,0.0008806574624031782,-0.00047267077025026083,0.0006576826563104987,,
1776230751.3020482,2026-04-15T05:25:51.302048,attack_triangle_gpsinput_drift,01,47.3981322,8.546401699999999,0.06599999964237213,-0.24700000882148743,0.0,0.0,0.09999999403953552,-0.050655461847782135,-0.0677085816860199,-9.75748348236084,-1.3211438272264786e-05,-0.0006045681075192988,-0.00022942764917388558,,
1776230751.402874,2026-04-15T05:25:51.402874,attack_triangle_gpsinput_drift,01,47.3981322,8.546401699999999,0.0650000050663948,-0.24800001084804535,0.0,0.0,0.09999999403953552,-0.04920656979084015,-0.06228703632950783,-9.759252548217773,-7.182786794146523e-05,9.088870865525678e-05,-0.0006344042485579848,,
1776230751.516024,2026-04-15T05:25:51.516024,attack_triangle_gpsinput_drift,01,47.3981322,8.546401699999999,0.0650000050663948,-0.24800001084804535,0.0,0.0,0.09999999403953552,-0.05193120241165161,-0.0697023868560791,-9.758537292480469,-0.00013057631440460682,-0.0007398847956210375,-0.0005493866046890616,,
1776230751.6208024,2026-04-15T05:25:51.620802,attack_triangle_gpsinput_drift,01,47.3981322,8.546401699999999,0.06400000303983688,-0.24900001287460327,0.0,0.0,0.09999999403953552,-0.04883485287427902,-0.06402958929538727,-9.765707969665527,0.00035258469870314,0.0009713469189591706,-0.0008401194354519248,,
1776230751.7268384,2026-04-15T05:25:51.726838,attack_triangle_gpsinput_drift,01,47.3981322,8.546401699999999,0.06400000303983688,-0.24900001287460327,0.0,0.0,0.09999999403953552,-0.04808730632066727,-0.06773872673511505,-9.763190269470215,-0.00010807441140059382,-3.374911466380581e-05,0.0004119018849451095,,
1776230751.8448932,2026-04-15T05:25:51.844893,attack_triangle_gpsinput_drift,01,47.3981322,8.546401699999999,0.06300000101327896,-0.25,0.0,-0.009999999776482582,0.09999999403953552,-0.05248710513114929,-0.06160903722047806,-9.761937141418457,0.00014548002218361944,-0.0009696749621070921,-0.0004127844294998795,,
1776230751.9460993,2026-04-15T05:25:51.946099,attack_triangle_gpsinput_drift,01,47.3981322,8.546401699999999,0.06300000101327896,-0.25,0.0,-0.009999999776482582,0.09999999403953552,-0.04991086572408676,-0.060557927936315536,-9.75348949432373,0.0005488692549988627,-0.0012423903681337833,0.0006594656733796,,
1776230752.0517707,2026-04-15T05:25:52.051771,attack_triangle_gpsinput_drift,01,47.3981322,8.546401699999999,0.06300000101327896,-0.25,0.0,-0.009999999776482582,0.09999999403953552,-0.04991086572408676,-0.060557927936315536,-9.75348949432373,0.0005488692549988627,-0.0012423903681337833,0.0006594656733796,,
1776230752.1569407,2026-04-15T05:25:52.156941,attack_triangle_gpsinput_drift,01,47.3981322,8.546401699999999,0.06200000271201134,-0.25,0.0,-0.009999999776482582,0.09999999403953552,-0.04951641708612442,-0.06114542484283447,-9.759528160095215,-0.00020842834783252329,-0.0009621396311558783,-0.000504792551510036,,
1776230752.2598562,2026-04-15T05:25:52.259856,attack_triangle_gpsinput_drift,01,47.3981322,8.546401699999999,0.06200000271201134,-0.25,0.0,-0.009999999776482582,0.09999999403953552,-0.04951641708612442,-0.06114542484283447,-9.759528160095215,-0.00020842834783252329,-0.0009621396311558783,-0.000504792551510036,,
1776230752.3616948,2026-04-15T05:25:52.361695,attack_triangle_gpsinput_drift,01,47.3981322,8.5464016,0.06200000271201134,-0.2510000169277191,0.0,-0.009999999776482582,0.09999999403953552,-0.044128596782684326,-0.06438911706209183,-9.756377220153809,-0.00033559376606717706,0.0002638156001921743,0.00021251192083582282,,
1776230752.4657977,2026-04-15T05:25:52.465798,attack_triangle_gpsinput_drift,01,47.3981322,8.5464016,0.06200000271201134,-0.2510000169277191,0.0,-0.009999999776482582,0.09999999403953552,-0.050445474684238434,-0.06735262274742126,-9.756044387817383,0.0003930938837584108,0.0003875282418448478,-0.0002221621834905818,,
1776230752.5682273,2026-04-15T05:25:52.568227,attack_triangle_gpsinput_drift,01,47.3981322,8.5464016,0.06100000441074371,-0.25200000405311584,0.0,-0.009999999776482582,0.09999999403953552,-0.05407559871673584,-0.06237852945923805,-9.755147933959961,-0.0008881743997335434,-0.00023160369892138988,0.00025088293477892876,,
1776230752.6736329,2026-04-15T05:25:52.673633,attack_triangle_gpsinput_drift,01,47.3981322,8.5464016,0.06100000441074371,-0.25200000405311584,0.0,-0.009999999776482582,0.09999999403953552,-0.05407559871673584,-0.06237852945923805,-9.755147933959961,-0.0008881743997335434,-0.00023160369892138988,0.00025088293477892876,,
1776230752.7771063,2026-04-15T05:25:52.777106,attack_triangle_gpsinput_drift,01,47.3981322,8.5464016,0.06100000441074371,-0.25200000405311584,0.0,-0.009999999776482582,0.09999999403953552,-0.05407559871673584,-0.06237852945923805,-9.755147933959961,-0.0008881743997335434,-0.00023160369892138988,0.00025088293477892876,,
1776230752.9006848,2026-04-15T05:25:52.900685,attack_triangle_gpsinput_drift,01,47.3981322,8.5464016,0.06100000441074371,-0.25200000405311584,0.0,-0.009999999776482582,0.09999999403953552,-0.04886569082736969,-0.06755505502223969,-9.761159896850586,0.0008763190708123147,0.0012458206620067358,0.0005931648192927241,,
1776230753.014899,2026-04-15T05:25:53.014899,attack_triangle_gpsinput_drift,01,47.3981322,8.5464016,0.06100000441074371,-0.25200000405311584,0.0,-0.009999999776482582,0.09999999403953552,-0.04886569082736969,-0.06755505502223969,-9.761159896850586,0.0008763190708123147,0.0012458206620067358,0.0005931648192927241,,
1776230753.1173396,2026-04-15T05:25:53.117340,attack_triangle_gpsinput_drift,01,47.3981322,8.5464016,0.06100000441074371,-0.25200000405311584,0.0,-0.009999999776482582,0.09999999403953552,-0.052309222519397736,-0.0641326755285263,-9.753317832946777,-5.120242713019252e-05,0.0007388027152046561,0.000602318556047976,,
1776230753.224933,2026-04-15T05:25:53.224933,attack_triangle_gpsinput_drift,01,47.3981322,8.5464016,0.06100000441074371,-0.25200000405311584,0.0,-0.009999999776482582,0.09999999403953552,-0.052309222519397736,-0.0641326755285263,-9.753317832946777,-5.120242713019252e-05,0.0007388027152046561,0.000602318556047976,,
1776230753.3374496,2026-04-15T05:25:53.337450,attack_triangle_gpsinput_drift,01,47.3981322,8.5464016,0.05900000408291817,-0.2540000081062317,0.0,-0.009999999776482582,0.09999999403953552,-0.05236399173736572,-0.05674412474036217,-9.756325721740723,0.0009750021272338927,-0.0005295569426380098,-0.00014783479855395854,,
1776230753.4427116,2026-04-15T05:25:53.442712,attack_triangle_gpsinput_drift,01,47.3981322,8.5464016,0.058000002056360245,-0.2550000250339508,0.0,-0.009999999776482582,0.09999999403953552,-0.05277831852436066,-0.06764166802167892,-9.760785102844238,0.000648682878818363,1.9645518477773294e-05,0.00045624191989190876,,
1776230753.5455847,2026-04-15T05:25:53.545585,attack_triangle_gpsinput_drift,01,47.3981322,8.5464016,0.058000002056360245,-0.2550000250339508,0.0,-0.009999999776482582,0.09999999403953552,-0.05277831852436066,-0.06764166802167892,-9.760785102844238,0.000648682878818363,1.9645518477773294e-05,0.00045624191989190876,,
1776230753.6530237,2026-04-15T05:25:53.653024,attack_triangle_gpsinput_drift,01,47.3981322,8.5464016,0.058000002056360245,-0.2550000250339508,0.0,-0.009999999776482582,0.09999999403953552,-0.04225677251815796,-0.057522233575582504,-9.760298728942871,0.0006411391659639776,-0.0003902523603755981,0.00039926471072249115,,
1776230753.7559636,2026-04-15T05:25:53.755964,attack_triangle_gpsinput_drift,01,47.3981322,8.5464016,0.05700000375509262,-0.25600001215934753,0.0,-0.009999999776482582,0.09999999403953552,-0.051071830093860626,-0.05845135450363159,-9.750293731689453,-0.0005752677679993212,0.001083101611584425,0.00024638150352984667,,
1776230753.866164,2026-04-15T05:25:53.866164,attack_triangle_gpsinput_drift,01,47.3981322,8.5464016,0.05700000375509262,-0.25600001215934753,0.0,-0.009999999776482582,0.09999999403953552,-0.04740557074546814,-0.05652393028140068,-9.757015228271484,-0.00032262198510579765,0.0006758394301868975,-0.0010288553312420845,,
1776230753.967919,2026-04-15T05:25:53.967919,attack_triangle_gpsinput_drift,01,47.3981322,8.5464016,0.05700000375509262,-0.25600001215934753,0.0,-0.009999999776482582,0.09999999403953552,-0.04740557074546814,-0.05652393028140068,-9.757015228271484,-0.00032262198510579765,0.0006758394301868975,-0.0010288553312420845,,
1776230754.0699773,2026-04-15T05:25:54.069977,attack_triangle_gpsinput_drift,01,47.3981322,8.5464016,0.05700000375509262,-0.25600001215934753,0.0,-0.009999999776482582,0.09999999403953552,-0.05680267512798309,-0.06268292665481567,-9.75951862335205,0.0010332620004191995,0.0005049447063356638,0.0015460944268852472,,
1776230754.1715212,2026-04-15T05:25:54.171521,attack_triangle_gpsinput_drift,01,47.3981322,8.5464016,0.05700000375509262,-0.25600001215934753,0.0,-0.009999999776482582,0.09999999403953552,-0.050964996218681335,-0.05786513164639473,-9.755967140197754,0.00012574954598676413,-0.0009522137115709484,-0.0004343347973190248,,
1776230754.2736933,2026-04-15T05:25:54.273693,attack_triangle_gpsinput_drift,01,47.3981322,8.5464016,0.058000002056360245,-0.2550000250339508,0.0,-0.009999999776482582,0.09999999403953552,-0.05433673411607742,-0.05643070861697197,-9.7568941116333,0.00024068861966952682,-0.0006116714794188738,-0.0007003261707723141,,
1776230754.3778875,2026-04-15T05:25:54.377887,attack_triangle_gpsinput_drift,01,47.3981322,8.5464015,0.058000002056360245,-0.2550000250339508,0.0,-0.009999999776482582,0.09999999403953552,-0.049232110381126404,-0.0553540401160717,-9.758103370666504,-5.795129982288927e-05,9.812974167289212e-05,-0.0003429864882491529,,
1776230754.480722,2026-04-15T05:25:54.480722,attack_triangle_gpsinput_drift,01,47.3981322,8.5464015,0.05900000408291817,-0.2540000081062317,0.0,-0.009999999776482582,0.09999999403953552,-0.05212327837944031,-0.059871137142181396,-9.759602546691895,0.000443060853285715,0.0014157934347167611,-0.0009656385518610477,,
1776230754.5843132,2026-04-15T05:25:54.584313,attack_triangle_gpsinput_drift,01,47.3981322,8.5464015,0.06000000238418579,-0.25300002098083496,0.0,-0.009999999776482582,0.09999999403953552,-0.04775536060333252,-0.05542529374361038,-9.760108947753906,-0.0007026810199022293,-0.0007544715190306306,0.00012489716755226254,,
1776230754.687209,2026-04-15T05:25:54.687209,attack_triangle_gpsinput_drift,01,47.3981322,8.5464015,0.06000000238418579,-0.25300002098083496,0.0,-0.009999999776482582,0.09999999403953552,-0.0454232320189476,-0.06080571934580803,-9.764119148254395,0.0005717966123484075,-0.00026829668786376715,-7.5192452641204e-05,,
1776230754.789756,2026-04-15T05:25:54.789756,attack_triangle_gpsinput_drift,01,47.3981322,8.5464015,0.06000000238418579,-0.25300002098083496,0.0,-0.009999999776482582,0.09999999403953552,-0.04786635935306549,-0.06629027426242828,-9.758879661560059,-0.0003343503049109131,0.00011546890891622752,0.0006594812730327249,,
1776230754.8993373,2026-04-15T05:25:54.899337,attack_triangle_gpsinput_drift,01,47.3981322,8.5464015,0.05900000408291817,-0.2540000081062317,0.0,-0.009999999776482582,0.09999999403953552,-0.04647345095872879,-0.05672788992524147,-9.758355140686035,0.0006797580281272531,0.0009452743106521666,4.5332504669204354e-05,,
1776230755.0117798,2026-04-15T05:25:55.011780,attack_triangle_gpsinput_drift,01,47.3981322,8.5464015,0.05900000408291817,-0.2540000081062317,0.0,-0.009999999776482582,0.09999999403953552,-0.04647345095872879,-0.05672788992524147,-9.758355140686035,0.0006797580281272531,0.0009452743106521666,4.5332504669204354e-05,,
1776230755.116548,2026-04-15T05:25:55.116548,attack_triangle_gpsinput_drift,01,47.3981322,8.5464015,0.058000002056360245,-0.2540000081062317,0.0,-0.009999999776482582,0.09999999403953552,-0.05218673497438431,-0.05955769866704941,-9.767663955688477,-0.00043145648669451475,-0.0010781397577375174,-0.00011111143248854205,,
1776230755.220345,2026-04-15T05:25:55.220345,attack_triangle_gpsinput_drift,01,47.3981322,8.5464015,0.058000002056360245,-0.2540000081062317,0.0,-0.009999999776482582,0.09999999403953552,-0.05218673497438431,-0.05955769866704941,-9.767663955688477,-0.00043145648669451475,-0.0010781397577375174,-0.00011111143248854205,98.0,16.142000198364258
1776230755.3270826,2026-04-15T05:25:55.327083,attack_triangle_gpsinput_drift,01,47.3981322,8.5464015,0.05900000408291817,-0.2540000081062317,0.0,-0.009999999776482582,0.09999999403953552,-0.0437343493103981,-0.057388946413993835,-9.75212574005127,3.456158810877241e-05,5.39886204933282e-05,-0.0001684558519627899,98.0,16.142000198364258
1776230755.4288855,2026-04-15T05:25:55.428885,attack_triangle_gpsinput_drift,01,47.3981322,8.5464015,0.05900000408291817,-0.2540000081062317,0.0,-0.009999999776482582,0.09999999403953552,-0.045912161469459534,-0.06034761667251587,-9.766782760620117,0.00012655371392611414,-0.0006497391150332987,-0.0004106899141333997,98.0,16.142000198364258
1776230755.530606,2026-04-15T05:25:55.530606,attack_triangle_gpsinput_drift,01,47.3981322,8.5464016,0.05900000408291817,-0.2540000081062317,0.0,-0.009999999776482582,0.09999999403953552,-0.05526026338338852,-0.07283513993024826,-9.7637939453125,7.028605614323169e-05,-6.072196993045509e-05,0.0006581461057066917,98.0,16.142000198364258
1776230755.632177,2026-04-15T05:25:55.632177,attack_triangle_gpsinput_drift,01,47.3981322,8.5464016,0.058000002056360245,-0.2550000250339508,0.0,-0.009999999776482582,0.09999999403953552,-0.05401501804590225,-0.07006092369556427,-9.760435104370117,0.0005430086748674512,-0.00044331420212984085,-0.0004627742455340922,98.0,16.142000198364258
1776230755.7369313,2026-04-15T05:25:55.736931,attack_triangle_gpsinput_drift,01,47.3981322,8.5464016,0.058000002056360245,-0.2550000250339508,0.0,-0.009999999776482582,0.10999999940395355,-0.038827747106552124,-0.06520825624465942,-9.7597074508667,-0.00016337346460204571,0.0009117993176914752,8.038536179810762e-05,98.0,16.142000198364258
1776230755.844983,2026-04-15T05:25:55.844983,attack_triangle_gpsinput_drift,01,47.3981322,8.5464016,0.058000002056360245,-0.2550000250339508,0.0,-0.009999999776482582,0.10999999940395355,-0.047110505402088165,-0.0614202581346035,-9.756966590881348,0.0002493212523404509,0.0007262494182214141,-0.0008250129176303744,98.0,16.142000198364258
1776230755.9483964,2026-04-15T05:25:55.948396,attack_triangle_gpsinput_drift,01,47.3981322,8.5464016,0.058000002056360245,-0.2550000250339508,0.0,-0.009999999776482582,0.10999999940395355,-0.041268303990364075,-0.06714972853660583,-9.754119873046875,-0.000195645508938469,-0.000648874556645751,0.00015645957319065928,98.0,16.142000198364258
1776230756.0508523,2026-04-15T05:25:56.050852,attack_triangle_gpsinput_drift,01,47.3981322,8.5464016,0.058000002056360245,-0.2550000250339508,0.0,-0.009999999776482582,0.10999999940395355,-0.04465309530496597,-0.061502017080783844,-9.761935234069824,0.00017804039816837758,-0.0003983051283285022,-0.0009434564271941781,98.0,16.142000198364258
1776230756.154948,2026-04-15T05:25:56.154948,attack_triangle_gpsinput_drift,01,47.3981322,8.5464016,0.05700000375509262,-0.25600001215934753,0.0,-0.009999999776482582,0.10999999940395355,-0.04203655570745468,-0.06183071807026863,-9.762253761291504,-0.0004079673090018332,-0.00026411633007228374,-0.00023667076311539859,98.0,16.142000198364258
1776230756.257238,2026-04-15T05:25:56.257238,attack_triangle_gpsinput_drift,01,47.3981322,8.5464016,0.05700000375509262,-0.25600001215934753,0.0,-0.009999999776482582,0.10999999940395355,-0.055601686239242554,-0.04893632233142853,-9.762989044189453,-0.0004941555089317262,0.001078920904546976,0.0005297055467963219,98.0,16.142000198364258
1776230756.3611119,2026-04-15T05:25:56.361112,attack_triangle_gpsinput_drift,01,47.3981322,8.5464016,0.0560000017285347,-0.25699999928474426,0.0,-0.009999999776482582,0.10999999940395355,-0.05386830121278763,-0.06337526440620422,-9.754371643066406,0.0005875669303350151,3.7818994314875454e-05,2.2439795429818332e-05,98.0,16.142000198364258
1776230756.4636421,2026-04-15T05:25:56.463642,attack_triangle_gpsinput_drift,01,47.3981322,8.5464016,0.0560000017285347,-0.25699999928474426,0.0,-0.009999999776482582,0.10999999940395355,-0.04763101786375046,-0.05849166586995125,-9.765871047973633,0.00026954925851896405,0.000512642553076148,0.00016981502994894981,98.0,16.142000198364258
1776230756.5653312,2026-04-15T05:25:56.565331,attack_triangle_gpsinput_drift,01,47.3981322,8.5464016,0.0560000017285347,-0.25699999928474426,0.0,-0.009999999776482582,0.10999999940395355,-0.04763101786375046,-0.05849166586995125,-9.765871047973633,0.00026954925851896405,0.000512642553076148,0.00016981502994894981,98.0,16.142000198364258
1776230756.6669443,2026-04-15T05:25:56.666944,attack_triangle_gpsinput_drift,01,47.3981322,8.5464016,0.055000003427267075,-0.2580000162124634,0.0,-0.009999999776482582,0.10999999940395355,-0.03945034742355347,-0.059163860976696014,-9.754867553710938,0.00019046572560910136,0.0001990356104215607,-0.0004076582263223827,98.0,16.142000198364258
1776230756.7685483,2026-04-15T05:25:56.768548,attack_triangle_gpsinput_drift,01,47.3981322,8.5464016,0.055000003427267075,-0.2580000162124634,0.0,-0.009999999776482582,0.10999999940395355,-0.03945034742355347,-0.059163860976696014,-9.754867553710938,0.00019046572560910136,0.0001990356104215607,-0.0004076582263223827,98.0,16.142000198364258
1776230756.874167,2026-04-15T05:25:56.874167,attack_triangle_gpsinput_drift,01,47.3981322,8.5464016,0.055000003427267075,-0.2580000162124634,0.0,-0.009999999776482582,0.10999999940395355,-0.05182846635580063,-0.06820284575223923,-9.756854057312012,0.0006864265887998044,-0.0005156373372301459,-6.779750401619822e-05,98.0,16.142000198364258
1776230756.9772172,2026-04-15T05:25:56.977217,attack_triangle_gpsinput_drift,01,47.3981322,8.5464016,0.05400000140070915,-0.2590000033378601,0.0,-0.009999999776482582,0.10999999940395355,-0.05168081820011139,-0.06270682066679001,-9.764233589172363,6.454019057855476e-06,-4.2814179323613644e-05,-6.550278340000659e-05,98.0,16.142000198364258
1776230757.086169,2026-04-15T05:25:57.086169,attack_triangle_gpsinput_drift,01,47.3981322,8.5464016,0.05400000140070915,-0.2590000033378601,0.0,-0.009999999776482582,0.10999999940395355,-0.05168081820011139,-0.06270682066679001,-9.764233589172363,6.454019057855476e-06,-4.2814179323613644e-05,-6.550278340000659e-05,98.0,16.142000198364258
1776230757.191893,2026-04-15T05:25:57.191893,attack_triangle_gpsinput_drift,01,47.3981322,8.5464016,0.05300000309944153,-0.2600000202655792,0.0,-0.009999999776482582,0.10999999940395355,-0.04569482058286667,-0.06613238155841827,-9.758880615234375,0.000484910182422027,0.0003089135861955583,0.00020557650714181364,98.0,16.142000198364258
1776230757.2937984,2026-04-15T05:25:57.293798,attack_triangle_gpsinput_drift,01,47.3981322,8.5464016,0.05300000309944153,-0.2600000202655792,0.0,-0.009999999776482582,0.10999999940395355,-0.05215414613485336,-0.06136676296591759,-9.754688262939453,0.0002203807234764099,0.0001774432312231511,-0.0016424187924712896,98.0,16.142000198364258
1776230757.3964288,2026-04-15T05:25:57.396429,attack_triangle_gpsinput_drift,01,47.3981322,8.5464016,0.052000001072883606,-0.26100000739097595,0.0,-0.009999999776482582,0.10999999940395355,-0.04368717223405838,-0.060352105647325516,-9.759305000305176,-0.0005224007763899863,9.059409057954326e-05,-0.0014159469865262508,98.0,16.142000198364258
1776230757.5002182,2026-04-15T05:25:57.500218,attack_triangle_gpsinput_drift,01,47.3981322,8.5464016,0.05100000277161598,-0.26200002431869507,0.0,0.0,0.10999999940395355,-0.04392103850841522,-0.06147369369864464,-9.764829635620117,0.0010573421604931355,-0.0007477061590179801,0.0007937545888125896,98.0,16.142000198364258
1776230757.6030023,2026-04-15T05:25:57.603002,attack_triangle_gpsinput_drift,01,47.3981322,8.5464016,0.05100000277161598,-0.26200002431869507,0.0,0.0,0.10999999940395355,-0.042055435478687286,-0.05749119818210602,-9.765915870666504,-0.0007066406542435288,-1.626077755645383e-05,-0.0009819858241826296,98.0,16.142000198364258
1776230757.7056303,2026-04-15T05:25:57.705630,attack_triangle_gpsinput_drift,01,47.3981322,8.5464016,0.05100000277161598,-0.26200002431869507,0.0,0.0,0.10999999940395355,-0.042055435478687286,-0.05749119818210602,-9.765915870666504,-0.0007066406542435288,-1.626077755645383e-05,-0.0009819858241826296,98.0,16.142000198364258
1776230757.8076713,2026-04-15T05:25:57.807671,attack_triangle_gpsinput_drift,01,47.3981322,8.5464016,0.05100000277161598,-0.26200002431869507,0.0,0.0,0.10999999940395355,-0.041434161365032196,-0.0590888150036335,-9.750494003295898,-0.0004882249631918967,0.000370329333236441,0.0002863038971554488,98.0,16.142000198364258
1776230757.9096425,2026-04-15T05:25:57.909642,attack_triangle_gpsinput_drift,01,47.3981322,8.5464016,0.05000000074505806,-0.2630000114440918,0.0,0.0,0.10999999940395355,-0.04879480600357056,-0.060069192200899124,-9.75903034210205,-0.0006538577727042139,0.0003216033219359815,0.0003896327980328351,98.0,16.142000198364258
1776230758.0106654,2026-04-15T05:25:58.010665,attack_triangle_gpsinput_drift,01,47.3981322,8.5464016,0.05000000074505806,-0.2630000114440918,0.0,0.0,0.10999999940395355,-0.04879480600357056,-0.060069192200899124,-9.75903034210205,-0.0006538577727042139,0.0003216033219359815,0.0003896327980328351,98.0,16.142000198364258
1776230758.1121955,2026-04-15T05:25:58.112195,attack_triangle_gpsinput_drift,01,47.3981322,8.5464016,0.05000000074505806,-0.2630000114440918,0.0,0.0,0.10999999940395355,-0.05018211156129837,-0.05527519807219505,-9.761123657226562,-0.0010385119821876287,0.0003224503598175943,-0.0017174710519611835,98.0,16.142000198364258
1776230758.2144911,2026-04-15T05:25:58.214491,attack_triangle_gpsinput_drift,01,47.3981322,8.5464016,0.05000000074505806,-0.2630000114440918,0.0,0.0,0.10999999940395355,-0.05018211156129837,-0.05527519807219505,-9.761123657226562,-0.0010385119821876287,0.0003224503598175943,-0.0017174710519611835,98.0,16.142000198364258
1776230758.3160138,2026-04-15T05:25:58.316014,attack_triangle_gpsinput_drift,01,47.3981322,8.5464016,0.05000000074505806,-0.2630000114440918,0.0,0.0,0.10999999940395355,-0.05018211156129837,-0.05527519807219505,-9.761123657226562,-0.0010385119821876287,0.0003224503598175943,-0.0017174710519611835,98.0,16.142000198364258
1776230758.417938,2026-04-15T05:25:58.417938,attack_triangle_gpsinput_drift,01,47.3981322,8.5464016,0.05000000074505806,-0.2630000114440918,0.0,0.0,0.10999999940395355,-0.048285432159900665,-0.06476043909788132,-9.759251594543457,-3.9712642319500446e-05,0.0005097055109217763,-0.00120776507537812,98.0,16.142000198364258
1776230758.5289295,2026-04-15T05:25:58.528929,attack_triangle_gpsinput_drift,01,47.3981322,8.5464016,0.049000002443790436,-0.2639999985694885,0.0,0.0,0.10999999940395355,-0.04061923921108246,-0.05976710096001625,-9.753589630126953,0.00041661792783997953,-0.0005611340166069567,-0.0003240599762648344,98.0,16.142000198364258
1776230758.6312149,2026-04-15T05:25:58.631215,attack_triangle_gpsinput_drift,01,47.3981322,8.5464016,0.04800000041723251,-0.26500001549720764,0.0,0.0,0.10999999940395355,-0.04320637136697769,-0.07037284970283508,-9.760899543762207,0.00020382388902362436,-0.0005815729382447898,-5.464463902171701e-05,98.0,16.142000198364258
1776230758.7422037,2026-04-15T05:25:58.742204,attack_triangle_gpsinput_drift,01,47.3981322,8.5464016,0.04800000041723251,-0.26500001549720764,0.0,0.0,0.10999999940395355,-0.05110637843608856,-0.06023683771491051,-9.75931453704834,-9.427393524674699e-05,0.0004582205438055098,-0.0008716584416106343,98.0,16.142000198364258
1776230758.844305,2026-04-15T05:25:58.844305,attack_triangle_gpsinput_drift,01,47.3981322,8.5464016,0.049000002443790436,-0.2639999985694885,0.0,0.0,0.10999999940395355,-0.044856034219264984,-0.06688781082630157,-9.759469032287598,-0.0009564610663801432,-0.00037962966598570347,-0.0011399515205994248,98.0,16.142000198364258
1776230758.9469585,2026-04-15T05:25:58.946959,attack_triangle_gpsinput_drift,01,47.3981322,8.5464016,0.049000002443790436,-0.2639999985694885,0.0,0.0,0.10999999940395355,-0.044856034219264984,-0.06688781082630157,-9.759469032287598,-0.0009564610663801432,-0.00037962966598570347,-0.0011399515205994248,98.0,16.142000198364258
1776230759.049518,2026-04-15T05:25:59.049518,attack_triangle_gpsinput_drift,01,47.3981322,8.546401699999999,0.049000002443790436,-0.2639999985694885,0.0,0.0,0.10999999940395355,-0.045606352388858795,-0.05894836410880089,-9.754392623901367,-0.0008284090436063707,0.001468379283323884,-0.0024289165157824755,98.0,16.142000198364258
1776230759.1516879,2026-04-15T05:25:59.151688,attack_triangle_gpsinput_drift,01,47.3981322,8.546401699999999,0.049000002443790436,-0.2639999985694885,0.0,0.0,0.10999999940395355,-0.04098445922136307,-0.05903555080294609,-9.758641242980957,0.0007420417387038469,-0.00031889177625998855,-0.00036862018168903887,98.0,16.142000198364258
1776230759.2608263,2026-04-15T05:25:59.260826,attack_triangle_gpsinput_drift,01,47.3981322,8.546401699999999,0.049000002443790436,-0.2639999985694885,0.0,0.0,0.10999999940395355,-0.04461494833230972,-0.06795905530452728,-9.758153915405273,0.0005444253911264241,-0.000161483243573457,0.00047864505904726684,98.0,16.142000198364258
1776230759.4066312,2026-04-15T05:25:59.406631,attack_triangle_gpsinput_drift,01,47.3981322,8.546401699999999,0.04800000041723251,-0.26500001549720764,0.0,0.0,0.10999999940395355,-0.05605654418468475,-0.06885091215372086,-9.757871627807617,-0.0006414029048755765,-0.0016222043195739388,-0.0003944472409784794,98.0,16.142000198364258
1776230759.5151246,2026-04-15T05:25:59.515125,attack_triangle_gpsinput_drift,01,47.3981322,8.546401699999999,0.04800000041723251,-0.26500001549720764,0.0,0.0,0.10999999940395355,-0.04859468340873718,-0.06688978523015976,-9.752778053283691,-0.00023213359236251563,-9.851772119873203e-06,0.0002600743027869612,98.0,16.142000198364258
1776230759.6176803,2026-04-15T05:25:59.617680,attack_triangle_gpsinput_drift,01,47.3981322,8.546401699999999,0.04700000211596489,-0.26500001549720764,0.0,0.0,0.10999999940395355,-0.05016811192035675,-0.06421170383691788,-9.757582664489746,0.0007408647215925157,0.000660448451526463,0.000139743642648682,98.0,16.142000198364258
1776230759.7200387,2026-04-15T05:25:59.720039,attack_triangle_gpsinput_drift,01,47.3981322,8.546401699999999,0.04700000211596489,-0.26600000262260437,0.0,0.0,0.10999999940395355,-0.042046919465065,-0.06826641410589218,-9.75737190246582,-0.0006270507001318038,8.99125006981194e-05,-0.0008779576746746898,98.0,16.142000198364258
1776230759.8228784,2026-04-15T05:25:59.822878,attack_triangle_gpsinput_drift,01,47.3981322,8.546401699999999,0.04700000211596489,-0.26600000262260437,0.0,0.0,0.10999999940395355,-0.042046919465065,-0.06826641410589218,-9.75737190246582,-0.0006270507001318038,8.99125006981194e-05,-0.0008779576746746898,98.0,16.142000198364258
1776230759.924803,2026-04-15T05:25:59.924803,attack_triangle_gpsinput_drift,01,47.3981322,8.546401699999999,0.04700000211596489,-0.26600000262260437,0.0,0.0,0.10999999940395355,-0.04921018332242966,-0.06840519607067108,-9.762773513793945,0.0009737291256897151,-0.000248077092692256,0.0007692787330597639,98.0,16.142000198364258
1776230760.0258567,2026-04-15T05:26:00.025857,attack_triangle_gpsinput_drift,01,47.3981322,8.546401699999999,0.046000003814697266,-0.2670000195503235,0.0,0.0,0.10999999940395355,-0.050554245710372925,-0.06244456022977829,-9.75277042388916,-0.0011793809244409204,-1.5184614312602207e-06,-0.00024018660769797862,98.0,16.142000198364258
1776230760.1347284,2026-04-15T05:26:00.134728,attack_triangle_gpsinput_drift,01,47.3981322,8.546401699999999,0.046000003814697266,-0.2670000195503235,0.0,0.0,0.10999999940395355,-0.050554245710372925,-0.06244456022977829,-9.75277042388916,-0.0011793809244409204,-1.5184614312602207e-06,-0.00024018660769797862,98.0,16.142000198364258
1776230760.2359135,2026-04-15T05:26:00.235914,attack_triangle_gpsinput_drift,01,47.3981322,8.546401699999999,0.046000003814697266,-0.2670000195503235,0.0,0.0,0.10999999940395355,-0.0533948615193367,-0.060885652899742126,-9.760384559631348,-0.0005911910557188094,0.00017737147572916,0.00018267519772052765,98.0,16.142000198364258
1776230760.3389955,2026-04-15T05:26:00.338995,attack_triangle_gpsinput_drift,01,47.3981322,8.546401699999999,0.04500000178813934,-0.2680000066757202,0.0,0.0,0.10999999940395355,-0.05100664496421814,-0.05655180662870407,-9.758323669433594,0.0007905652746558189,-0.001223634579218924,0.00025324869784526527,98.0,16.142000198364258
1776230760.4413452,2026-04-15T05:26:00.441345,attack_triangle_gpsinput_drift,01,47.3981322,8.546401699999999,0.04400000348687172,-0.26900002360343933,0.0,0.0,0.11999999731779099,-0.045827724039554596,-0.06963011622428894,-9.760982513427734,0.00047388317761942744,-0.0005019477102905512,-0.000952178961597383,98.0,16.142000198364258
1776230760.5450108,2026-04-15T05:26:00.545011,attack_triangle_gpsinput_drift,01,47.3981322,8.546401699999999,0.0430000014603138,-0.27000001072883606,0.0,0.0,0.11999999731779099,-0.05366141349077225,-0.059250906109809875,-9.752074241638184,0.0003941522736568004,-0.00024513938114978373,7.301225559785962e-05,98.0,16.142000198364258
1776230760.647566,2026-04-15T05:26:00.647566,attack_triangle_gpsinput_drift,01,47.3981322,8.546401699999999,0.04200000315904617,-0.2710000276565552,0.0,0.0,0.11999999731779099,-0.051267288625240326,-0.05995997413992882,-9.754083633422852,-0.0004157756920903921,-0.0003269008593633771,0.00022825266933068633,98.0,16.142000198364258
1776230760.7504778,2026-04-15T05:26:00.750478,attack_triangle_gpsinput_drift,01,47.3981322,8.546401699999999,0.04100000113248825,-0.2720000147819519,0.0,0.0,0.11999999731779099,-0.0438101701438427,-0.06252056360244751,-9.758040428161621,0.00010467409447301179,-5.7869670854415745e-05,-1.0840129107236862e-05,98.0,16.142000198364258
1776230760.8545756,2026-04-15T05:26:00.854576,attack_triangle_gpsinput_drift,01,47.3981322,8.546401699999999,0.04100000113248825,-0.2720000147819519,0.0,0.0,0.11999999731779099,-0.050005700439214706,-0.06164345145225525,-9.751583099365234,-0.0005005389102734625,0.0012742000399157405,0.0001160476531367749,98.0,16.142000198364258
1776230760.9559214,2026-04-15T05:26:00.955921,attack_triangle_gpsinput_drift,01,47.3981322,8.546401699999999,0.04000000283122063,-0.27300000190734863,0.0,0.0,0.11999999731779099,-0.051580410450696945,-0.06525702029466629,-9.764049530029297,0.0004315148980822414,4.086029002792202e-05,-0.00019581851665861905,98.0,16.142000198364258
1776230761.058092,2026-04-15T05:26:01.058092,attack_triangle_gpsinput_drift,01,47.3981322,8.546401699999999,0.04000000283122063,-0.27300000190734863,0.0,0.0,0.11999999731779099,-0.04622727259993553,-0.07447630912065506,-9.761283874511719,0.00038563835551030934,0.0010896689491346478,0.0005394521285779774,98.0,16.142000198364258
1776230761.163542,2026-04-15T05:26:01.163542,attack_triangle_gpsinput_drift,01,47.3981322,8.546401699999999,0.04100000113248825,-0.2720000147819519,0.0,0.0,0.11999999731779099,-0.05753572657704353,-0.06570769101381302,-9.755616188049316,0.0005144710885360837,-0.0003592788416426629,-0.0010317323030903935,98.0,16.142000198364258
1776230761.2709885,2026-04-15T05:26:01.270988,attack_triangle_gpsinput_drift,01,47.3981322,8.546401699999999,0.04100000113248825,-0.2710000276565552,0.0,0.0,0.11999999731779099,-0.052902545779943466,-0.057039499282836914,-9.751434326171875,0.001440986874513328,0.0007650476763956249,-0.0003758255625143647,98.0,16.142000198364258
1776230761.3728845,2026-04-15T05:26:01.372885,attack_triangle_gpsinput_drift,01,47.3981322,8.546401699999999,0.04200000315904617,-0.2710000276565552,0.0,0.0,0.11999999731779099,-0.04950040951371193,-0.059957198798656464,-9.762626647949219,0.00016480640624649823,0.00030827929731458426,-0.00150476791895926,98.0,16.142000198364258
1776230761.475941,2026-04-15T05:26:01.475941,attack_triangle_gpsinput_drift,01,47.3981322,8.546401699999999,0.0430000014603138,-0.27000001072883606,0.0,0.0,0.11999999731779099,-0.04438232257962227,-0.060078930109739304,-9.759716033935547,-0.00033164024353027344,0.0005075732478871942,-0.0005163465393707156,98.0,16.142000198364258
1776230761.5789404,2026-04-15T05:26:01.578940,attack_triangle_gpsinput_drift,01,47.3981323,8.546401699999999,0.04500000178813934,-0.2680000066757202,0.0,0.0,0.11999999731779099,-0.048228491097688675,-0.0625576376914978,-9.759990692138672,-0.0003670023288577795,0.0009087364305742085,0.0003468334907665849,98.0,16.142000198364258
1776230761.6798043,2026-04-15T05:26:01.679804,attack_triangle_gpsinput_drift,01,47.3981323,8.546401699999999,0.046000003814697266,-0.2670000195503235,0.0,0.0,0.11999999731779099,-0.04658530279994011,-0.06639886647462845,-9.762626647949219,0.00014311299310065806,0.00010018421016866341,-0.0011456115171313286,98.0,16.142000198364258
1776230761.7808297,2026-04-15T05:26:01.780830,attack_triangle_gpsinput_drift,01,47.3981323,8.546401699999999,0.046000003814697266,-0.2670000195503235,0.0,0.0,0.11999999731779099,-0.04658530279994011,-0.06639886647462845,-9.762626647949219,0.00014311299310065806,0.00010018421016866341,-0.0011456115171313286,98.0,16.142000198364258
1776230761.8875384,2026-04-15T05:26:01.887538,attack_triangle_gpsinput_drift,01,47.3981323,8.546401699999999,0.046000003814697266,-0.2670000195503235,0.0,0.0,0.11999999731779099,-0.03453080356121063,-0.05630720034241676,-9.758417129516602,-0.0008577315020374954,-0.000349807261954993,-0.0003106790245510638,98.0,16.142000198364258
1776230761.9899073,2026-04-15T05:26:01.989907,attack_triangle_gpsinput_drift,01,47.3981323,8.546401699999999,0.046000003814697266,-0.2670000195503235,0.0,0.0,0.11999999731779099,-0.04495305195450783,-0.06464103609323502,-9.758950233459473,-0.000989581341855228,-0.00011053106572944671,-0.000603177584707737,98.0,16.142000198364258
1776230762.1166432,2026-04-15T05:26:02.116643,attack_triangle_gpsinput_drift,01,47.3981323,8.546401699999999,0.046000003814697266,-0.2670000195503235,0.0,0.0,0.11999999731779099,-0.052649203687906265,-0.06891485303640366,-9.75460433959961,0.00020509232126642019,-9.408101323060691e-05,-0.0005594515241682529,98.0,16.142000198364258
1776230762.2191944,2026-04-15T05:26:02.219194,attack_triangle_gpsinput_drift,01,47.3981323,8.546401699999999,0.046000003814697266,-0.2670000195503235,0.0,0.0,0.11999999731779099,-0.052649203687906265,-0.06891485303640366,-9.75460433959961,0.00020509232126642019,-9.408101323060691e-05,-0.0005594515241682529,98.0,16.142000198364258
1776230762.3259928,2026-04-15T05:26:02.325993,attack_triangle_gpsinput_drift,01,47.3981323,8.546401699999999,0.046000003814697266,-0.2670000195503235,0.0,0.0,0.11999999731779099,-0.04478785768151283,-0.058316245675086975,-9.761672973632812,-0.00048351645818911493,-0.0003432026132941246,-9.977404988603666e-05,98.0,16.142000198364258
1776230762.4262826,2026-04-15T05:26:02.426283,attack_triangle_gpsinput_drift,01,47.3981323,8.546401699999999,0.04500000178813934,-0.2670000195503235,0.0,0.0,0.11999999731779099,-0.047595273703336716,-0.06396213173866272,-9.757991790771484,0.0008623130852356553,-0.0010091374861076474,-0.0004609517054632306,98.0,16.142000198364258
1776230762.5278952,2026-04-15T05:26:02.527895,attack_triangle_gpsinput_drift,01,47.3981323,8.546401699999999,0.0430000014603138,-0.27000001072883606,0.0,0.0,0.11999999731779099,-0.048848990350961685,-0.057522766292095184,-9.753960609436035,0.0004751274536829442,-4.1800260078161955e-05,0.0002290492702741176,98.0,16.142000198364258
1776230762.6317227,2026-04-15T05:26:02.631723,attack_triangle_gpsinput_drift,01,47.3981323,8.546401699999999,0.0430000014603138,-0.27000001072883606,0.0,0.0,0.11999999731779099,-0.036911893635988235,-0.06615713238716125,-9.759703636169434,-3.2896423363126814e-08,0.0002941476122941822,0.0006742881960235536,98.0,16.142000198364258
1776230762.7335756,2026-04-15T05:26:02.733576,attack_triangle_gpsinput_drift,01,47.3981323,8.5464016,0.0430000014603138,-0.27000001072883606,0.0,0.0,0.11999999731779099,-0.042201507836580276,-0.06088239327073097,-9.75832748413086,-0.0006752031622454524,-0.0016198428347706795,-0.0010122708044946194,98.0,16.142000198364258
1776230762.8349767,2026-04-15T05:26:02.834977,attack_triangle_gpsinput_drift,01,47.3981323,8.5464016,0.04200000315904617,-0.2710000276565552,0.0,0.0,0.11999999731779099,-0.04470383748412132,-0.06716616451740265,-9.75053596496582,0.0013989877188578248,-2.8269128961255774e-05,-0.0007704641320742667,98.0,16.142000198364258
1776230762.9415486,2026-04-15T05:26:02.941549,attack_triangle_gpsinput_drift,01,47.3981323,8.5464016,0.04200000315904617,-0.2710000276565552,0.0,0.0,0.11999999731779099,-0.04470383748412132,-0.06716616451740265,-9.75053596496582,0.0013989877188578248,-2.8269128961255774e-05,-0.0007704641320742667,98.0,16.142000198364258
1776230763.0437937,2026-04-15T05:26:03.043794,attack_triangle_gpsinput_drift,01,47.3981323,8.5464016,0.04200000315904617,-0.2710000276565552,0.0,0.0,0.11999999731779099,-0.04993506148457527,-0.05718623474240303,-9.761215209960938,-0.00012848229380324483,-0.00035612439387477934,0.0002282006898894906,98.0,16.142000198364258
1776230763.1511352,2026-04-15T05:26:03.151135,attack_triangle_gpsinput_drift,01,47.3981323,8.5464016,0.04200000315904617,-0.2710000276565552,0.0,0.0,0.11999999731779099,-0.04901478812098503,-0.05749790370464325,-9.755861282348633,0.00046492923866026103,0.00011458857625257224,-0.000827859970740974,98.0,16.142000198364258
1776230763.2530713,2026-04-15T05:26:03.253071,attack_triangle_gpsinput_drift,01,47.3981323,8.5464016,0.04100000113248825,-0.2720000147819519,0.0,0.0,0.11999999731779099,-0.05191132053732872,-0.057419303804636,-9.759777069091797,0.0010978627251461148,-0.0011523680295795202,-0.0006056417478248477,98.0,16.142000198364258
1776230763.3557165,2026-04-15T05:26:03.355716,attack_triangle_gpsinput_drift,01,47.3981323,8.5464016,0.04200000315904617,-0.2710000276565552,0.009999999776482582,0.0,0.11999999731779099,-0.05538139119744301,-0.061590902507305145,-9.755796432495117,-0.0004148895968683064,0.00010681022104108706,0.0010727783665060997,98.0,16.142000198364258
1776230763.4567802,2026-04-15T05:26:03.456780,attack_triangle_gpsinput_drift,01,47.398132399999994,8.5464016,0.04200000315904617,-0.2710000276565552,0.009999999776482582,0.0,0.11999999731779099,-0.05009005591273308,-0.05801789462566376,-9.767805099487305,-0.0001452883443562314,-0.0005578452837653458,0.0007367292419075966,98.0,16.142000198364258
1776230763.566632,2026-04-15T05:26:03.566632,attack_triangle_gpsinput_drift,01,47.398132399999994,8.5464016,0.04200000315904617,-0.2710000276565552,0.009999999776482582,0.0,0.11999999731779099,-0.04351121932268143,-0.04520556703209877,-9.75663948059082,-0.0002207535580964759,-0.0002982251171488315,-0.00020030344603583217,98.0,16.142000198364258
1776230763.6680439,2026-04-15T05:26:03.668044,attack_triangle_gpsinput_drift,01,47.398132399999994,8.5464016,0.04200000315904617,-0.2710000276565552,0.009999999776482582,0.0,0.11999999731779099,-0.04611687734723091,-0.06516619026660919,-9.759631156921387,0.0009057657443918288,0.00024372918414883316,-0.0006440838915295899,98.0,16.142000198364258
1776230763.7696078,2026-04-15T05:26:03.769608,attack_triangle_gpsinput_drift,01,47.398132399999994,8.5464016,0.04200000315904617,-0.2710000276565552,0.009999999776482582,0.0,0.11999999731779099,-0.04611687734723091,-0.06516619026660919,-9.759631156921387,0.0009057657443918288,0.00024372918414883316,-0.0006440838915295899,98.0,16.142000198364258
1776230763.8738225,2026-04-15T05:26:03.873822,attack_triangle_gpsinput_drift,01,47.398132399999994,8.5464016,0.04100000113248825,-0.2720000147819519,0.009999999776482582,0.0,0.11999999731779099,-0.04741905257105827,-0.05890144035220146,-9.754173278808594,-0.0003426153853069991,-0.0009715053020045161,-0.0007375763379968703,98.0,16.142000198364258
1776230763.9759655,2026-04-15T05:26:03.975965,attack_triangle_gpsinput_drift,01,47.398132399999994,8.5464016,0.04000000283122063,-0.27300000190734863,0.009999999776482582,0.0,0.11999999731779099,-0.04246402531862259,-0.06021002307534218,-9.757272720336914,9.047938510775566e-05,-0.0004030406125821173,-0.000238624241319485,98.0,16.142000198364258
1776230764.0817492,2026-04-15T05:26:04.081749,attack_triangle_gpsinput_drift,01,47.398132399999994,8.5464016,0.04000000283122063,-0.27300000190734863,0.009999999776482582,0.0,0.11999999731779099,-0.049939025193452835,-0.06360162794589996,-9.760987281799316,0.0005454348283819854,-0.0004788267833646387,0.00012404430890455842,98.0,16.142000198364258
1776230764.1847734,2026-04-15T05:26:04.184773,attack_triangle_gpsinput_drift,01,47.398132399999994,8.5464016,0.04000000283122063,-0.27300000190734863,0.009999999776482582,0.0,0.11999999731779099,-0.04701986536383629,-0.05818451941013336,-9.75529670715332,0.0009549851529300213,-0.0006947144865989685,-0.0007215657969936728,98.0,16.142000198364258
1776230764.286978,2026-04-15T05:26:04.286978,attack_triangle_gpsinput_drift,01,47.398132399999994,8.5464016,0.039000000804662704,-0.27300000190734863,0.009999999776482582,0.0,0.11999999731779099,-0.04535314068198204,-0.05918217822909355,-9.75837230682373,-0.0007213297649286687,-0.0006051767850294709,-0.001192677766084671,98.0,16.142000198364258
1776230764.3948112,2026-04-15T05:26:04.394811,attack_triangle_gpsinput_drift,01,47.398132399999994,8.5464016,0.039000000804662704,-0.27400001883506775,0.009999999776482582,0.0,0.11999999731779099,-0.04950840398669243,-0.06293308734893799,-9.76038932800293,-0.0004057741607539356,0.0008962902938947082,8.41993314679712e-05,98.0,16.142000198364258
1776230764.520832,2026-04-15T05:26:04.520832,attack_triangle_gpsinput_drift,01,47.398132399999994,8.5464016,0.03800000250339508,-0.27400001883506775,0.009999999776482582,0.0,0.11999999731779099,-0.049007248133420944,-0.07058797776699066,-9.754629135131836,0.000428750499850139,-0.00037765767774544656,6.430051871575415e-05,98.0,16.142000198364258
1776230764.621949,2026-04-15T05:26:04.621949,attack_triangle_gpsinput_drift,01,47.398132399999994,8.5464016,0.039000000804662704,-0.27400001883506775,0.009999999776482582,0.0,0.11999999731779099,-0.047171976417303085,-0.06514178961515427,-9.7567138671875,5.0233422371093184e-05,0.0011138818226754665,-0.0002579865977168083,98.0,16.142000198364258
1776230764.7343495,2026-04-15T05:26:04.734349,attack_triangle_gpsinput_drift,01,47.398132399999994,8.5464016,0.039000000804662704,-0.27400001883506775,0.009999999776482582,0.0,0.11999999731779099,-0.05568530783057213,-0.06942275911569595,-9.758373260498047,0.00047767869546078146,-0.00010264832963002846,-0.0006263396935537457,98.0,16.142000198364258
1776230764.836103,2026-04-15T05:26:04.836103,attack_triangle_gpsinput_drift,01,47.398132399999994,8.5464016,0.039000000804662704,-0.27400001883506775,0.009999999776482582,0.0,0.11999999731779099,-0.05568530783057213,-0.06942275911569595,-9.758373260498047,0.00047767869546078146,-0.00010264832963002846,-0.0006263396935537457,98.0,16.142000198364258
1776230764.9381173,2026-04-15T05:26:04.938117,attack_triangle_gpsinput_drift,01,47.398132399999994,8.5464016,0.039000000804662704,-0.27400001883506775,0.009999999776482582,0.0,0.11999999731779099,-0.04386027529835701,-0.06241047382354736,-9.753711700439453,-0.0006133739952929318,0.001019339426420629,0.00030657375464215875,98.0,16.142000198364258
1776230765.038942,2026-04-15T05:26:05.038942,attack_triangle_gpsinput_drift,01,47.398132399999994,8.5464016,0.039000000804662704,-0.27400001883506775,0.009999999776482582,0.0,0.11999999731779099,-0.04386027529835701,-0.06241047382354736,-9.753711700439453,-0.0006133739952929318,0.001019339426420629,0.00030657375464215875,98.0,16.142000198364258
1776230765.1420317,2026-04-15T05:26:05.142032,attack_triangle_gpsinput_drift,01,47.398132399999994,8.5464016,0.03800000250339508,-0.27400001883506775,0.0,0.0,0.11999999731779099,-0.049952682107686996,-0.06263710558414459,-9.75185775756836,-5.06446958752349e-05,-0.00036736499168910086,-0.0003489120863378048,98.0,16.142000198364258
1776230765.2438922,2026-04-15T05:26:05.243892,attack_triangle_gpsinput_drift,01,47.398132399999994,8.5464016,0.03800000250339508,-0.2750000059604645,0.0,0.0,0.11999999731779099,-0.0480080209672451,-0.06244150921702385,-9.7543363571167,-0.00025637572980485857,8.905946742743254e-05,0.00030536873964592814,98.0,16.142000198364258
1776230765.3482044,2026-04-15T05:26:05.348204,attack_triangle_gpsinput_drift,01,47.398132399999994,8.5464016,0.03800000250339508,-0.2750000059604645,0.0,0.0,0.11999999731779099,-0.04060463234782219,-0.06459538638591766,-9.756322860717773,-0.0003755713696591556,0.0001238477707374841,-0.001352950232103467,98.0,16.142000198364258
1776230765.4521122,2026-04-15T05:26:05.452112,attack_triangle_gpsinput_drift,01,47.398132399999994,8.5464016,0.03700000047683716,-0.2760000228881836,0.0,0.0,0.11999999731779099,-0.04620622470974922,-0.05544077232480049,-9.763025283813477,-0.0008412412134930491,0.0012109053786844015,-0.0006069549126550555,98.0,16.142000198364258
1776230765.5562537,2026-04-15T05:26:05.556254,attack_triangle_gpsinput_drift,01,47.398132399999994,8.5464016,0.03700000047683716,-0.2760000228881836,0.0,0.0,0.11999999731779099,-0.05454852059483528,-0.06704013794660568,-9.761860847473145,0.00018792951595969498,-0.0005111931823194027,0.0001282304001506418,95.0,16.082000732421875
1776230765.662556,2026-04-15T05:26:05.662556,attack_triangle_gpsinput_drift,01,47.398132399999994,8.5464016,0.03700000047683716,-0.2760000228881836,0.0,0.0,0.11999999731779099,-0.05365398898720741,-0.05851384624838829,-9.759262084960938,0.00015451957006007433,0.0013752981321886182,0.0004480506177060306,95.0,16.082000732421875
1776230765.7737727,2026-04-15T05:26:05.773773,attack_triangle_gpsinput_drift,01,47.398132399999994,8.5464016,0.036000002175569534,-0.2770000100135803,0.0,0.0,0.11999999731779099,-0.045678772032260895,-0.06779297441244125,-9.754215240478516,0.0015549958916381001,-0.00025291048223152757,2.6114241336472332e-05,95.0,16.082000732421875
1776230765.8778548,2026-04-15T05:26:05.877855,attack_triangle_gpsinput_drift,01,47.398132399999994,8.5464016,0.036000002175569534,-0.2770000100135803,0.0,0.0,0.11999999731779099,-0.09444375336170197,-0.06188047677278519,-9.784528732299805,-0.0007517017074860632,0.0023812055587768555,0.00011120674025733024,95.0,16.082000732421875
1776230765.983915,2026-04-15T05:26:05.983915,attack_triangle_gpsinput_drift,01,47.3981323,8.5464016,0.036000002175569534,-0.2770000100135803,0.0,0.0,0.11999999731779099,-0.10918553173542023,-0.09808231890201569,-9.816302299499512,-0.0014054172206670046,0.00799371488392353,-0.0030112918466329575,95.0,16.082000732421875
1776230766.0886955,2026-04-15T05:26:06.088696,attack_triangle_gpsinput_drift,01,47.3981323,8.5464016,0.036000002175569534,-0.2770000100135803,0.0,0.0,0.11999999731779099,-0.10918553173542023,-0.09808231890201569,-9.816302299499512,-0.0014054172206670046,0.00799371488392353,-0.0030112918466329575,95.0,16.082000732421875
1776230766.1898053,2026-04-15T05:26:06.189805,attack_triangle_gpsinput_drift,01,47.3981323,8.5464016,0.036000002175569534,-0.2770000100135803,0.0,-0.009999999776482582,0.11999999731779099,-0.05143223702907562,-0.06328378617763519,-10.158220291137695,-0.009147902950644493,0.02411520481109619,-0.006222494412213564,95.0,16.082000732421875
1776230766.292888,2026-04-15T05:26:06.292888,attack_triangle_gpsinput_drift,01,47.3981323,8.5464016,0.036000002175569534,-0.2770000100135803,0.0,-0.009999999776482582,0.10999999940395355,-0.05035080015659332,-0.0589517280459404,-10.527835845947266,-0.018713990226387978,0.0395190455019474,-0.00469420850276947,95.0,16.082000732421875
1776230766.3969285,2026-04-15T05:26:06.396929,attack_triangle_gpsinput_drift,01,47.3981323,8.5464016,0.03700000047683716,-0.2760000228881836,0.0,-0.009999999776482582,0.08999999612569809,-0.042185574769973755,-0.0557280108332634,-10.690718650817871,-0.028277268633246422,0.042858775705099106,-0.004811214283108711,95.0,16.082000732421875
1776230766.4993827,2026-04-15T05:26:06.499383,attack_triangle_gpsinput_drift,01,47.3981323,8.5464016,0.03800000250339508,-0.2750000059604645,0.0,-0.009999999776482582,0.07000000029802322,-0.04865261912345886,-0.061511747539043427,-10.727919578552246,-0.02978714555501938,0.037747107446193695,-0.0056732213124632835,95.0,16.082000732421875
1776230766.6022935,2026-04-15T05:26:06.602293,attack_triangle_gpsinput_drift,01,47.3981323,8.5464016,0.039000000804662704,-0.27400001883506775,0.0,-0.009999999776482582,0.04999999701976776,-0.04759930074214935,-0.05615769326686859,-10.742904663085938,-0.031603097915649414,0.0356094054877758,-0.006111393216997385,95.0,16.082000732421875
1776230766.710109,2026-04-15T05:26:06.710109,attack_triangle_gpsinput_drift,01,47.3981323,8.5464016,0.04100000113248825,-0.2720000147819519,0.0,-0.009999999776482582,0.029999999329447746,-0.043132930994033813,-0.04845649003982544,-10.748150825500488,-0.028867842629551888,0.03392333164811134,-0.00437082489952445,95.0,16.082000732421875
1776230766.8119724,2026-04-15T05:26:06.811972,attack_triangle_gpsinput_drift,01,47.3981323,8.5464016,0.0430000014603138,-0.27000001072883606,0.0,-0.009999999776482582,0.009999999776482582,-0.045690394937992096,-0.05504213646054268,-10.769575119018555,-0.029080595821142197,0.031464263796806335,-0.005021955352276564,95.0,16.082000732421875
1776230766.917728,2026-04-15T05:26:06.917728,attack_triangle_gpsinput_drift,01,47.3981323,8.5464016,0.0430000014603138,-0.27000001072883606,0.0,-0.009999999776482582,0.009999999776482582,-0.045690394937992096,-0.05504213646054268,-10.769575119018555,-0.029080595821142197,0.031464263796806335,-0.005021955352276564,95.0,16.082000732421875
1776230767.019818,2026-04-15T05:26:07.019818,attack_triangle_gpsinput_drift,01,47.3981323,8.5464016,0.04500000178813934,-0.2680000066757202,0.0,-0.009999999776482582,0.0,-0.04681476950645447,-0.06046510487794876,-10.75977611541748,-0.029346972703933716,0.028248256072402,-0.005400581751018763,95.0,16.082000732421875
1776230767.1244373,2026-04-15T05:26:07.124437,attack_triangle_gpsinput_drift,01,47.3981323,8.5464016,0.04800000041723251,-0.26500001549720764,0.0,-0.009999999776482582,-0.019999999552965164,-0.043870776891708374,-0.06360650062561035,-10.73426628112793,-0.024086402729153633,0.022689349949359894,-0.0041611031629145145,95.0,16.082000732421875
1776230767.2261662,2026-04-15T05:26:07.226166,attack_triangle_gpsinput_drift,01,47.3981323,8.5464016,0.04800000041723251,-0.26500001549720764,0.0,-0.009999999776482582,-0.019999999552965164,-0.043870776891708374,-0.06360650062561035,-10.73426628112793,-0.024086402729153633,0.022689349949359894,-0.0041611031629145145,95.0,16.082000732421875
1776230767.3300097,2026-04-15T05:26:07.330010,attack_triangle_gpsinput_drift,01,47.3981323,8.5464016,0.05100000277161598,-0.26200002431869507,0.0,-0.009999999776482582,-0.03999999910593033,-0.04818849265575409,-0.058112919330596924,-10.711380004882812,-0.02073020115494728,0.0186872947961092,-0.00348572782240808,95.0,16.082000732421875
1776230767.4318438,2026-04-15T05:26:07.431844,attack_triangle_gpsinput_drift,01,47.3981323,8.5464016,0.05900000408291817,-0.2540000081062317,0.0,-0.009999999776482582,-0.07999999821186066,-0.04577391594648361,-0.05673102289438248,-10.699767112731934,-0.011373041197657585,0.010801461525261402,-0.003065066412091255,95.0,16.082000732421875
1776230767.5363078,2026-04-15T05:26:07.536308,attack_triangle_gpsinput_drift,01,47.3981323,8.5464016,0.06200000271201134,-0.2510000169277191,0.0,-0.009999999776482582,-0.08999999612569809,-0.042371198534965515,-0.05716558173298836,-10.714958190917969,-0.0062581319361925125,0.004882035776972771,-0.0020029309671372175,95.0,16.082000732421875
1776230767.6404297,2026-04-15T05:26:07.640430,attack_triangle_gpsinput_drift,01,47.3981323,8.5464016,0.07500000298023224,-0.23800000548362732,0.0,-0.019999999552965164,-0.14000000059604645,-0.045799948275089264,-0.06461940705776215,-10.692976951599121,-0.0028989387210458517,0.0006325101712718606,-0.0015338094672188163,95.0,16.082000732421875
1776230767.7421029,2026-04-15T05:26:07.742103,attack_triangle_gpsinput_drift,01,47.3981323,8.5464016,0.07900000363588333,-0.2330000102519989,0.0,-0.019999999552965164,-0.14999999105930328,-0.04336271435022354,-0.05273222178220749,-10.686370849609375,0.0001860967167885974,-0.0008566992473788559,-0.002405926352366805,95.0,16.082000732421875
1776230767.8431928,2026-04-15T05:26:07.843193,attack_triangle_gpsinput_drift,01,47.3981323,8.5464016,0.07900000363588333,-0.2330000102519989,0.0,-0.019999999552965164,-0.14999999105930328,-0.04336271435022354,-0.05273222178220749,-10.686370849609375,0.0001860967167885974,-0.0008566992473788559,-0.002405926352366805,95.0,16.082000732421875
1776230767.9457593,2026-04-15T05:26:07.945759,attack_triangle_gpsinput_drift,01,47.3981323,8.5464016,0.08400000631809235,-0.2290000170469284,0.0,-0.019999999552965164,-0.17000000178813934,-0.04285360127687454,-0.059934306889772415,-10.700197219848633,0.0014633230166509748,-0.0028583810199052095,-0.001759878359735012,95.0,16.082000732421875
1776230768.063694,2026-04-15T05:26:08.063694,attack_triangle_gpsinput_drift,01,47.3981323,8.5464016,0.09200000762939453,-0.22100001573562622,0.0,-0.019999999552965164,-0.1899999976158142,-0.04641076922416687,-0.06630784273147583,-10.69906234741211,0.004093935713171959,-0.007284288760274649,-9.87748644547537e-05,95.0,16.082000732421875
1776230768.1688218,2026-04-15T05:26:08.168822,attack_triangle_gpsinput_drift,01,47.3981323,8.5464016,0.09800000488758087,-0.2150000035762787,0.0,-0.019999999552965164,-0.20999999344348907,-0.04703421890735626,-0.06516926735639572,-10.675771713256836,0.006721068173646927,-0.007307327352464199,-0.0008912822231650352,95.0,16.082000732421875
1776230768.2742283,2026-04-15T05:26:08.274228,attack_triangle_gpsinput_drift,01,47.3981323,8.5464016,0.10700000822544098,-0.20600001513957977,0.0,-0.019999999552965164,-0.22999998927116394,-0.05191554129123688,-0.0547863207757473,-10.674049377441406,0.007267300505191088,-0.007436309941112995,-0.0005825071129947901,95.0,16.082000732421875
1776230768.3770483,2026-04-15T05:26:08.377048,attack_triangle_gpsinput_drift,01,47.3981323,8.5464016,0.11300000548362732,-0.20000000298023224,0.0,-0.029999999329447746,-0.23999999463558197,-0.04232300817966461,-0.061525505036115646,-10.669265747070312,0.006875305436551571,-0.008647015318274498,-0.0005425959825515747,95.0,16.082000732421875
1776230768.4809353,2026-04-15T05:26:08.480935,attack_triangle_gpsinput_drift,01,47.3981323,8.5464016,0.1290000081062317,-0.18400001525878906,0.0,-0.029999999329447746,-0.2800000011920929,-0.0463218167424202,-0.05629866570234299,-10.697710037231445,0.01061305496841669,-0.010269136168062687,0.00020609631610568613,95.0,16.082000732421875
1776230768.5825598,2026-04-15T05:26:08.582560,attack_triangle_gpsinput_drift,01,47.3981323,8.5464016,0.1290000081062317,-0.18400001525878906,0.0,-0.029999999329447746,-0.2800000011920929,-0.0463218167424202,-0.05629866570234299,-10.697710037231445,0.01061305496841669,-0.010269136168062687,0.00020609631610568613,95.0,16.082000732421875
1776230768.68315,2026-04-15T05:26:08.683150,attack_triangle_gpsinput_drift,01,47.3981323,8.5464016,0.1290000081062317,-0.18400001525878906,0.0,-0.029999999329447746,-0.2800000011920929,-0.0463218167424202,-0.05629866570234299,-10.697710037231445,0.01061305496841669,-0.010269136168062687,0.00020609631610568613,95.0,16.082000732421875
1776230768.791475,2026-04-15T05:26:08.791475,attack_triangle_gpsinput_drift,01,47.3981323,8.5464016,0.15200001001358032,-0.16100001335144043,0.0,-0.029999999329447746,-0.3199999928474426,-0.049830928444862366,-0.062332361936569214,-10.658305168151855,0.011552846059203148,-0.01290986593812704,-0.0002816164051182568,95.0,16.082000732421875
1776230768.8948169,2026-04-15T05:26:08.894817,attack_triangle_gpsinput_drift,01,47.3981323,8.5464016,0.15900000929832458,-0.15400001406669617,0.0,-0.029999999329447746,-0.3400000035762787,-0.045705653727054596,-0.06277637183666229,-10.683674812316895,0.010007788427174091,-0.0111681604757905,0.00012008818157482892,95.0,16.082000732421875
1776230768.99599,2026-04-15T05:26:08.995990,attack_triangle_gpsinput_drift,01,47.3981323,8.5464016,0.16300000250339508,-0.15000000596046448,0.0,-0.029999999329447746,-0.3499999940395355,-0.04539190232753754,-0.07083764672279358,-10.68198013305664,0.012530009262263775,-0.012447284534573555,0.0002600930165499449,95.0,16.082000732421875
1776230769.1014125,2026-04-15T05:26:09.101413,attack_triangle_gpsinput_drift,01,47.3981323,8.5464016,0.17600001394748688,-0.13700000941753387,0.0,-0.029999999329447746,-0.3700000047683716,-0.0436982586979866,-0.06678816676139832,-10.666803359985352,0.01296944823116064,-0.014333933591842651,0.0008162069134414196,95.0,16.082000732421875
1776230769.2076778,2026-04-15T05:26:09.207678,attack_triangle_gpsinput_drift,01,47.3981323,8.5464016,0.1900000125169754,-0.12300000339746475,0.0,-0.03999999910593033,-0.38999998569488525,-0.042537011206150055,-0.061734795570373535,-10.69956111907959,0.0126096336171031,-0.01228884793817997,4.118192009627819e-08,95.0,16.082000732421875
1776230769.313144,2026-04-15T05:26:09.313144,attack_triangle_gpsinput_drift,01,47.3981323,8.5464016,0.1900000125169754,-0.12300000339746475,0.0,-0.03999999910593033,-0.38999998569488525,-0.042537011206150055,-0.061734795570373535,-10.69956111907959,0.0126096336171031,-0.01228884793817997,4.118192009627819e-08,95.0,16.082000732421875
1776230769.41417,2026-04-15T05:26:09.414170,attack_triangle_gpsinput_drift,01,47.3981323,8.5464016,0.22300000488758087,-0.09000000357627869,0.0,-0.03999999910593033,-0.44999998807907104,-0.04632627218961716,-0.05945263057947159,-10.67714786529541,0.014904970303177834,-0.01223102305084467,6.169833068270236e-05,95.0,16.082000732421875
1776230769.5165043,2026-04-15T05:26:09.516504,attack_triangle_gpsinput_drift,01,47.3981323,8.5464016,0.2330000102519989,-0.08000000566244125,0.0,-0.03999999910593033,-0.4699999988079071,-0.05099077522754669,-0.06105722859501839,-10.606976509094238,0.014371833764016628,-0.01419694721698761,0.001137827057391405,95.0,16.082000732421875
1776230769.61872,2026-04-15T05:26:09.618720,attack_triangle_gpsinput_drift,01,47.3981323,8.5464016,0.2590000033378601,-0.05400000140070915,0.0,-0.03999999910593033,-0.5,-0.04294322431087494,-0.05204322189092636,-10.606673240661621,0.012774539180099964,-0.013082439079880714,0.0012082947650924325,95.0,16.082000732421875
1776230769.719374,2026-04-15T05:26:09.719374,attack_triangle_gpsinput_drift,01,47.3981323,8.5464016,0.2590000033378601,-0.05400000140070915,0.0,-0.03999999910593033,-0.5,-0.04294322431087494,-0.05204322189092636,-10.606673240661621,0.012774539180099964,-0.013082439079880714,0.0012082947650924325,95.0,16.082000732421875
1776230769.8234909,2026-04-15T05:26:09.823491,attack_triangle_gpsinput_drift,01,47.3981323,8.5464016,0.2639999985694885,-0.049000002443790436,0.0,-0.03999999910593033,-0.5099999904632568,-0.04429393261671066,-0.06717248260974884,-10.590104103088379,0.01423042081296444,-0.014257255010306835,0.0001777887373464182,95.0,16.082000732421875
1776230769.924824,2026-04-15T05:26:09.924824,attack_triangle_gpsinput_drift,01,47.3981323,8.5464016,0.2850000262260437,-0.02800000086426735,0.0,-0.03999999910593033,-0.5299999713897705,-0.0413454994559288,-0.0594596266746521,-10.596145629882812,0.012954503297805786,-0.011844029650092125,0.0007322966703213751,95.0,16.082000732421875
1776230770.030886,2026-04-15T05:26:10.030886,attack_triangle_gpsinput_drift,01,47.3981323,8.5464016,0.2970000207424164,-0.01600000075995922,0.0,-0.03999999910593033,-0.5399999618530273,-0.03830186277627945,-0.06421150267124176,-10.552464485168457,0.011250042356550694,-0.01173136942088604,0.001111844670958817,95.0,16.082000732421875
1776230770.1427886,2026-04-15T05:26:10.142789,attack_triangle_gpsinput_drift,01,47.3981323,8.5464016,0.30800002813339233,-0.005000000353902578,0.0,-0.03999999910593033,-0.5600000023841858,-0.045023754239082336,-0.0639365166425705,-10.583337783813477,0.011487744748592377,-0.012659215368330479,0.0010362007888033986,95.0,16.082000732421875
1776230770.2453299,2026-04-15T05:26:10.245330,attack_triangle_gpsinput_drift,01,47.3981323,8.5464015,0.33000001311302185,0.01600000075995922,0.0,-0.03999999910593033,-0.5799999833106995,-0.04261337220668793,-0.05485678091645241,-10.587226867675781,0.011669877916574478,-0.012438757345080376,0.0006207790574990213,95.0,16.082000732421875
1776230770.3471646,2026-04-15T05:26:10.347165,attack_triangle_gpsinput_drift,01,47.3981323,8.5464015,0.34300002455711365,0.029000001028180122,0.0,-0.03999999910593033,-0.5999999642372131,-0.045519791543483734,-0.0561189204454422,-10.555278778076172,0.01187682431191206,-0.012278683483600616,0.0012043616734445095,95.0,16.082000732421875
1776230770.4487286,2026-04-15T05:26:10.448729,attack_triangle_gpsinput_drift,01,47.3981323,8.5464015,0.37400001287460327,0.06000000238418579,0.0,-0.03999999910593033,-0.6299999952316284,-0.04747294634580612,-0.050662439316511154,-10.548032760620117,0.01121796015650034,-0.012968971394002438,0.0007055379101075232,95.0,16.082000732421875
1776230770.5509973,2026-04-15T05:26:10.550997,attack_triangle_gpsinput_drift,01,47.3981323,8.5464015,0.3930000066757202,0.07900000363588333,0.0,-0.03999999910593033,-0.6499999761581421,-0.042771853506565094,-0.05864270031452179,-10.545957565307617,0.009328346699476242,-0.011679367162287235,0.00015876350516919047,95.0,16.082000732421875
1776230770.6572814,2026-04-15T05:26:10.657281,attack_triangle_gpsinput_drift,01,47.3981323,8.5464015,0.4220000207424164,0.10900000482797623,0.0,-0.03999999910593033,-0.6699999570846558,-0.04435008764266968,-0.06112644448876381,-10.578083038330078,0.007387572433799505,-0.01072932779788971,0.0005340272909961641,95.0,16.082000732421875
1776230770.7579927,2026-04-15T05:26:10.757993,attack_triangle_gpsinput_drift,01,47.3981323,8.5464015,0.4220000207424164,0.10900000482797623,0.0,-0.03999999910593033,-0.6699999570846558,-0.04435008764266968,-0.06112644448876381,-10.578083038330078,0.007387572433799505,-0.01072932779788971,0.0005340272909961641,95.0,16.082000732421875
1776230770.8605087,2026-04-15T05:26:10.860509,attack_triangle_gpsinput_drift,01,47.3981323,8.5464015,0.43700000643730164,0.12300000339746475,0.0,-0.03999999910593033,-0.6899999976158142,-0.04118727147579193,-0.06019032001495361,-10.55341911315918,0.004669302608817816,-0.010615408420562744,0.0007247455068863928,95.0,16.082000732421875
1776230770.9711797,2026-04-15T05:26:10.971180,attack_triangle_gpsinput_drift,01,47.3981323,8.5464015,0.45900002121925354,0.14500001072883606,0.0,-0.03999999910593033,-0.7099999785423279,-0.036739520728588104,-0.05798184126615524,-10.57110595703125,0.006959118880331516,-0.011158843524754047,0.0016366139752790332,95.0,16.082000732421875
1776230771.0726123,2026-04-15T05:26:11.072612,attack_triangle_gpsinput_drift,01,47.3981323,8.5464015,0.48900002241134644,0.17500001192092896,0.0,-0.03999999910593033,-0.7299999594688416,-0.04590338468551636,-0.05819885805249214,-10.530403137207031,0.006424730643630028,-0.008159229531884193,0.0009944859193637967,95.0,16.082000732421875
1776230771.1742666,2026-04-15T05:26:11.174267,attack_triangle_gpsinput_drift,01,47.3981323,8.5464015,0.48900002241134644,0.17500001192092896,0.0,-0.03999999910593033,-0.7299999594688416,-0.04512576758861542,-0.05638108402490616,-10.603026390075684,0.005865002050995827,-0.011154409497976303,0.001202510204166174,95.0,16.082000732421875
1776230771.2766824,2026-04-15T05:26:11.276682,attack_triangle_gpsinput_drift,01,47.3981323,8.546401399999999,0.5200000405311584,0.20600001513957977,0.0,-0.03999999910593033,-0.7599999904632568,-0.04742954671382904,-0.06087832525372505,-10.575700759887695,0.005527806933969259,-0.011791548691689968,0.00016547346604056656,95.0,16.082000732421875
1776230771.3810058,2026-04-15T05:26:11.381006,attack_triangle_gpsinput_drift,01,47.3981323,8.546401399999999,0.550000011920929,0.23600001633167267,0.0,-0.03999999910593033,-0.7899999618530273,-0.040446020662784576,-0.05708686634898186,-10.612380981445312,0.0061716437339782715,-0.009998029097914696,0.000936453347094357,95.0,16.082000732421875
1776230771.484683,2026-04-15T05:26:11.484683,attack_triangle_gpsinput_drift,01,47.3981323,8.546401399999999,0.5920000076293945,0.27900001406669617,-0.009999999776482582,-0.03999999910593033,-0.8299999833106995,-0.04797320067882538,-0.06498753279447556,-10.604881286621094,0.0057545737363398075,-0.011272918432950974,0.0018021262949332595,95.0,16.082000732421875
1776230771.5985703,2026-04-15T05:26:11.598570,attack_triangle_gpsinput_drift,01,47.3981323,8.546401399999999,0.6100000143051147,0.29600000381469727,-0.009999999776482582,-0.03999999910593033,-0.8499999642372131,-0.03156253695487976,-0.050378091633319855,-10.555429458618164,0.005181273445487022,-0.010100305080413818,4.098654608242214e-05,95.0,16.082000732421875
1776230771.7002892,2026-04-15T05:26:11.700289,attack_triangle_gpsinput_drift,01,47.3981323,8.546401399999999,0.6350000500679016,0.32100000977516174,-0.009999999776482582,-0.029999999329447746,-0.85999995470047,-0.04639379680156708,-0.06089433282613754,-10.584693908691406,0.004194754175841808,-0.011458770371973515,0.0013526276452466846,95.0,16.082000732421875
1776230771.8029168,2026-04-15T05:26:11.802917,attack_triangle_gpsinput_drift,01,47.3981323,8.546401399999999,0.6350000500679016,0.32100000977516174,-0.009999999776482582,-0.029999999329447746,-0.85999995470047,-0.04639379680156708,-0.06089433282613754,-10.584693908691406,0.004194754175841808,-0.011458770371973515,0.0013526276452466846,95.0,16.082000732421875
1776230771.912217,2026-04-15T05:26:11.912217,attack_triangle_gpsinput_drift,01,47.3981323,8.546401399999999,0.6520000100135803,0.33800002932548523,-0.009999999776482582,-0.029999999329447746,-0.8700000047683716,-0.03830595314502716,-0.05805284157395363,-10.550724983215332,0.0037132513243705034,-0.009130509570240974,0.001378335990011692,95.0,16.082000732421875
1776230772.0229998,2026-04-15T05:26:12.023000,attack_triangle_gpsinput_drift,01,47.3981323,8.546401399999999,0.6780000329017639,0.36400002241134644,-0.009999999776482582,-0.029999999329447746,-0.8899999856948853,-0.04639946669340134,-0.060586970299482346,-10.610235214233398,0.005300787277519703,-0.010279390029609203,0.0008464959682896733,95.0,16.082000732421875
1776230772.1238592,2026-04-15T05:26:12.123859,attack_triangle_gpsinput_drift,01,47.3981323,8.546401399999999,0.6780000329017639,0.36400002241134644,-0.009999999776482582,-0.029999999329447746,-0.8899999856948853,-0.04639946669340134,-0.060586970299482346,-10.610235214233398,0.005300787277519703,-0.010279390029609203,0.0008464959682896733,95.0,16.082000732421875
1776230772.2329488,2026-04-15T05:26:12.232949,attack_triangle_gpsinput_drift,01,47.3981323,8.546401399999999,0.6970000267028809,0.3830000162124634,-0.009999999776482582,-0.029999999329447746,-0.9099999666213989,-0.046487957239151,-0.058452144265174866,-10.520198822021484,0.003863458288833499,-0.009736793115735054,0.0006814270745962858,95.0,16.082000732421875
1776230772.336155,2026-04-15T05:26:12.336155,attack_triangle_gpsinput_drift,01,47.3981323,8.5464013,0.7260000109672546,0.4130000174045563,-0.009999999776482582,-0.029999999329447746,-0.9300000071525574,-0.044902585446834564,-0.06131117790937424,-10.529726028442383,0.003400778863579035,-0.008440443314611912,0.001653432147577405,95.0,16.082000732421875
1776230772.440084,2026-04-15T05:26:12.440084,attack_triangle_gpsinput_drift,01,47.3981323,8.5464013,0.7460000514984131,0.4320000112056732,-0.009999999776482582,-0.029999999329447746,-0.9399999976158142,-0.04390530288219452,-0.05794767290353775,-10.523138999938965,0.0031617709901183844,-0.010102312080562115,0.0012019803980365396,95.0,16.082000732421875
1776230772.572198,2026-04-15T05:26:12.572198,attack_triangle_gpsinput_drift,01,47.3981323,8.5464013,0.7460000514984131,0.4320000112056732,-0.009999999776482582,-0.029999999329447746,-0.9399999976158142,-0.04390530288219452,-0.05794767290353775,-10.523138999938965,0.0031617709901183844,-0.010102312080562115,0.0012019803980365396,95.0,16.082000732421875
1776230772.682188,2026-04-15T05:26:12.682188,attack_triangle_gpsinput_drift,01,47.3981323,8.5464013,0.7730000615119934,0.46000000834465027,-0.009999999776482582,-0.029999999329447746,-0.9599999785423279,-0.042856648564338684,-0.060405366122722626,-10.49528694152832,0.0023689784575253725,-0.009875070303678513,0.0013810258824378252,95.0,16.082000732421875
1776230772.7847347,2026-04-15T05:26:12.784735,attack_triangle_gpsinput_drift,01,47.3981323,8.5464013,0.7730000615119934,0.46000000834465027,-0.009999999776482582,-0.029999999329447746,-0.9599999785423279,-0.042856648564338684,-0.060405366122722626,-10.49528694152832,0.0023689784575253725,-0.009875070303678513,0.0013810258824378252,95.0,16.082000732421875
1776230772.919154,2026-04-15T05:26:12.919154,attack_triangle_gpsinput_drift,01,47.3981322,8.5464013,0.7920000553131104,0.4780000150203705,-0.009999999776482582,-0.029999999329447746,-0.9699999690055847,-0.0484347939491272,-0.06048038601875305,-10.522367477416992,0.00045302766375243664,-0.009273369796574116,0.00018957615247927606,95.0,16.082000732421875
1776230773.02696,2026-04-15T05:26:13.026960,attack_triangle_gpsinput_drift,01,47.3981322,8.5464013,0.8200000524520874,0.5070000290870667,-0.009999999776482582,-0.029999999329447746,-0.9899999499320984,-0.03245334327220917,-0.0642932802438736,-10.484880447387695,0.0003117256273981184,-0.00942614022642374,0.001052820822224021,95.0,16.082000732421875
1776230773.1298883,2026-04-15T05:26:13.129888,attack_triangle_gpsinput_drift,01,47.3981322,8.5464013,0.8390000462532043,0.5250000357627869,-0.009999999776482582,-0.029999999329447746,-1.0,-0.04544196277856827,-0.054201796650886536,-10.479660034179688,0.0002145302132703364,-0.008909355849027634,0.0003205853863619268,95.0,16.082000732421875
1776230773.2404702,2026-04-15T05:26:13.240470,attack_triangle_gpsinput_drift,01,47.3981322,8.5464013,0.8580000400543213,0.5440000295639038,-0.009999999776482582,-0.029999999329447746,-1.0099999904632568,-0.045522794127464294,-0.06296898424625397,-10.509790420532227,0.0007990624289959669,-0.009096741676330566,0.0013606102438643575,95.0,16.082000732421875
1776230773.3446574,2026-04-15T05:26:13.344657,attack_triangle_gpsinput_drift,01,47.3981322,8.5464013,0.878000020980835,0.5640000104904175,-0.009999999776482582,-0.029999999329447746,-1.0299999713897705,-0.03814607113599777,-0.061867788434028625,-10.4959716796875,0.0005572364316321909,-0.009460997767746449,0.0005560357822105289,95.0,16.082000732421875
1776230773.4461834,2026-04-15T05:26:13.446183,attack_triangle_gpsinput_drift,01,47.3981322,8.5464013,0.9070000648498535,0.593000054359436,-0.009999999776482582,-0.029999999329447746,-1.0499999523162842,-0.04013703018426895,-0.05932958424091339,-10.519813537597656,0.000923635670915246,-0.008765065111219883,0.0006301023531705141,95.0,16.082000732421875
1776230773.5490022,2026-04-15T05:26:13.549002,attack_triangle_gpsinput_drift,01,47.3981322,8.5464012,0.9460000395774841,0.6320000290870667,-0.009999999776482582,-0.019999999552965164,-1.0699999332427979,-0.04589918255805969,-0.06548695266246796,-10.54129409790039,-0.0014545710291713476,-0.00587559724226594,0.0014143823646008968,95.0,16.082000732421875
1776230773.6517293,2026-04-15T05:26:13.651729,attack_triangle_gpsinput_drift,01,47.3981322,8.5464012,0.9660000205039978,0.6520000100135803,-0.009999999776482582,-0.019999999552965164,-1.0799999237060547,-0.03988899290561676,-0.05297451838850975,-10.541719436645508,-0.0021920022554695606,-0.005441194400191307,0.0019415562273934484,95.0,16.082000732421875
1776230773.7580104,2026-04-15T05:26:13.758010,attack_triangle_gpsinput_drift,01,47.3981322,8.5464012,0.9660000205039978,0.6520000100135803,-0.009999999776482582,-0.019999999552965164,-1.0799999237060547,-0.03988899290561676,-0.05297451838850975,-10.541719436645508,-0.0021920022554695606,-0.005441194400191307,0.0019415562273934484,95.0,16.082000732421875
1776230773.8599825,2026-04-15T05:26:13.859982,attack_triangle_gpsinput_drift,01,47.3981322,8.5464012,1.00600004196167,0.6920000314712524,-0.009999999776482582,-0.019999999552965164,-1.1100000143051147,-0.0509878545999527,-0.05601539462804794,-10.405997276306152,-0.0022186306305229664,-0.006174779497087002,0.0002358214696869254,95.0,16.082000732421875
1776230773.9642053,2026-04-15T05:26:13.964205,attack_triangle_gpsinput_drift,01,47.3981322,8.5464012,1.0480000972747803,0.734000027179718,-0.009999999776482582,-0.019999999552965164,-1.1200000047683716,-0.045846372842788696,-0.0625985860824585,-10.18658447265625,-0.00026071490719914436,-0.006165164057165384,0.001831633155234158,95.0,16.082000732421875
1776230774.0656343,2026-04-15T05:26:14.065634,attack_triangle_gpsinput_drift,01,47.3981322,8.5464012,1.0480000972747803,0.734000027179718,-0.009999999776482582,-0.019999999552965164,-1.1200000047683716,-0.045846372842788696,-0.0625985860824585,-10.18658447265625,-0.00026071490719914436,-0.006165164057165384,0.001831633155234158,95.0,16.082000732421875
1776230774.1677115,2026-04-15T05:26:14.167711,attack_triangle_gpsinput_drift,01,47.3981322,8.5464012,1.124000072479248,0.8100000619888306,-0.009999999776482582,-0.019999999552965164,-1.1399999856948853,-0.045706868171691895,-0.053509533405303955,-9.806041717529297,0.0007880349294282496,-0.006537893321365118,7.764878682792187e-05,95.0,16.082000732421875
1776230774.270179,2026-04-15T05:26:14.270179,attack_triangle_gpsinput_drift,01,47.3981322,8.5464012,1.1490000486373901,0.8350000381469727,-0.009999999776482582,-0.019999999552965164,-1.1399999856948853,-0.038752034306526184,-0.0625143051147461,-9.770383834838867,-0.00011862577230203897,-0.004956995602697134,0.001024632714688778,95.0,16.082000732421875
1776230774.3730295,2026-04-15T05:26:14.373029,attack_triangle_gpsinput_drift,01,47.3981322,8.5464012,1.1920000314712524,0.878000020980835,0.0,-0.009999999776482582,-1.1399999856948853,-0.04710131138563156,-0.05611204355955124,-9.80617904663086,0.00025449367240071297,-0.005999226123094559,9.765857248567045e-05,95.0,16.082000732421875
1776230774.4780881,2026-04-15T05:26:14.478088,attack_triangle_gpsinput_drift,01,47.3981322,8.5464012,1.225000023841858,0.9110000729560852,0.0,-0.009999999776482582,-1.1399999856948853,-0.041899897158145905,-0.06318934261798859,-9.84311294555664,0.00034532620338723063,-0.003933691885322332,-9.398356633028015e-05,95.0,16.082000732421875
1776230774.579801,2026-04-15T05:26:14.579801,attack_triangle_gpsinput_drift,01,47.3981322,8.546401099999999,1.2570000886917114,0.9430000185966492,0.0,-0.009999999776482582,-1.149999976158142,-0.041899897158145905,-0.06318934261798859,-9.84311294555664,0.00034532620338723063,-0.003933691885322332,-9.398356633028015e-05,95.0,16.082000732421875
1776230774.6851618,2026-04-15T05:26:14.685162,attack_triangle_gpsinput_drift,01,47.3981322,8.546401099999999,1.2780001163482666,0.9640000462532043,0.0,-0.009999999776482582,-1.149999976158142,-0.04472949355840683,-0.060624703764915466,-9.832969665527344,-0.001280923024751246,-0.0038906109984964132,0.0008001405512914062,95.0,16.082000732421875
1776230774.7868342,2026-04-15T05:26:14.786834,attack_triangle_gpsinput_drift,01,47.3981322,8.546401099999999,1.3130000829696655,0.999000072479248,0.0,-0.009999999776482582,-1.159999966621399,-0.045097753405570984,-0.05822208151221275,-9.803945541381836,-0.0016357392305508256,-0.002944511128589511,0.0003858172567561269,95.0,16.082000732421875
1776230774.8899531,2026-04-15T05:26:14.889953,attack_triangle_gpsinput_drift,01,47.3981322,8.546401099999999,1.3350000381469727,1.0210000276565552,0.0,-0.009999999776482582,-1.1699999570846558,-0.044306837022304535,-0.07191341370344162,-9.809785842895508,-0.0019718233961611986,-0.0037405414041131735,-0.0011320984922349453,95.0,16.082000732421875
1776230774.9933276,2026-04-15T05:26:14.993328,attack_triangle_gpsinput_drift,01,47.3981322,8.546401099999999,1.3350000381469727,1.0210000276565552,0.0,-0.009999999776482582,-1.1699999570846558,-0.044306837022304535,-0.07191341370344162,-9.809785842895508,-0.0019718233961611986,-0.0037405414041131735,-0.0011320984922349453,95.0,16.082000732421875
1776230775.0959492,2026-04-15T05:26:15.095949,attack_triangle_gpsinput_drift,01,47.3981322,8.546401099999999,1.3570001125335693,1.0430001020431519,0.0,-0.009999999776482582,-1.1699999570846558,-0.056850142776966095,-0.05977274104952812,-9.770133018493652,-0.0006709579029120505,-0.0036229793913662434,0.0006706120911985636,95.0,16.082000732421875
1776230775.1982176,2026-04-15T05:26:15.198218,attack_triangle_gpsinput_drift,01,47.3981322,8.546401099999999,1.3790000677108765,1.065000057220459,0.0,-0.009999999776482582,-1.1799999475479126,-0.04759650677442551,-0.0583798885345459,-9.81889820098877,-0.002037773607298732,-0.0019747207406908274,7.210331386886537e-05,95.0,16.082000732421875
1776230775.3078785,2026-04-15T05:26:15.307878,attack_triangle_gpsinput_drift,01,47.3981322,8.546401099999999,1.4310001134872437,1.1170001029968262,0.0,0.0,-1.1799999475479126,-0.04831188917160034,-0.06078169122338295,-9.691009521484375,-0.0020792107097804546,-0.0017825003014877439,0.00017733845743350685,95.0,16.082000732421875
1776230775.4151483,2026-04-15T05:26:15.415148,attack_triangle_gpsinput_drift,01,47.3981321,8.546401099999999,1.4520000219345093,1.1380000114440918,0.0,0.0,-1.1899999380111694,-0.05137880891561508,-0.059053849428892136,-9.761210441589355,-0.002596996258944273,0.0015665704850107431,0.0005581969162449241,95.0,16.082000732421875
1776230775.5169845,2026-04-15T05:26:15.516984,attack_triangle_gpsinput_drift,01,47.3981321,8.546401099999999,1.4950001239776611,1.1810001134872437,0.0,0.0,-1.1899999380111694,-0.049462027847766876,-0.06180576980113983,-9.76712417602539,-0.0031951891724020243,0.0004317454877309501,0.0003446898190304637,95.0,16.082000732421875
1776230775.620857,2026-04-15T05:26:15.620857,attack_triangle_gpsinput_drift,01,47.3981321,8.546401099999999,1.5490000247955322,1.2350000143051147,0.0,0.0,-1.1999999284744263,-0.04585784673690796,-0.0568491593003273,-9.72052001953125,-0.004022641107439995,-0.00023626686015632004,0.0003568535321392119,92.0,16.022001266479492
1776230775.7226677,2026-04-15T05:26:15.722668,attack_triangle_gpsinput_drift,01,47.3981321,8.546401099999999,1.5820000171661377,1.2680000066757202,0.0,0.0,-1.1999999284744263,-0.046081386506557465,-0.0671389028429985,-9.732809066772461,-0.0028607503045350313,0.0008814532775431871,0.00115958321839571,92.0,16.022001266479492
1776230775.826062,2026-04-15T05:26:15.826062,attack_triangle_gpsinput_drift,01,47.3981321,8.546401099999999,1.6040000915527344,1.290000081062317,0.0,0.0,-1.1999999284744263,-0.04942885786294937,-0.06504414230585098,-9.71878433227539,-0.0026538914535194635,0.0035633991938084364,0.00047348253428936005,92.0,16.022001266479492
1776230775.9278657,2026-04-15T05:26:15.927866,attack_triangle_gpsinput_drift,01,47.3981321,8.546401099999999,1.628000020980835,1.3140000104904175,0.0,0.0,-1.209999918937683,-0.04203755035996437,-0.060037560760974884,-9.672308921813965,-0.0018540039891377091,0.0042347377166152,0.0005020085955038667,92.0,16.022001266479492
1776230776.0307488,2026-04-15T05:26:16.030749,attack_triangle_gpsinput_drift,01,47.3981321,8.546401099999999,1.6510000228881836,1.3370000123977661,0.0,0.0,-1.209999918937683,-0.049916595220565796,-0.05743585526943207,-9.658047676086426,-0.0008089187904261053,0.0040010809898376465,0.0005257850280031562,92.0,16.022001266479492
1776230776.1333954,2026-04-15T05:26:16.133395,attack_triangle_gpsinput_drift,01,47.3981321,8.546401099999999,1.6840001344680786,1.371000051498413,0.0,0.0,-1.2200000286102295,-0.056794673204422,-0.057829078286886215,-9.724352836608887,-0.0030966997146606445,0.0040337033569812775,0.00038822009810246527,92.0,16.022001266479492
1776230776.2348368,2026-04-15T05:26:16.234837,attack_triangle_gpsinput_drift,01,47.3981321,8.546401099999999,1.7070001363754272,1.3930000066757202,0.0,0.0,-1.2200000286102295,-0.045401208102703094,-0.05644330382347107,-9.72204875946045,-0.0027773811016231775,0.0039274925366044044,0.0005567716434597969,92.0,16.022001266479492
1776230776.3393855,2026-04-15T05:26:16.339386,attack_triangle_gpsinput_drift,01,47.3981321,8.546401099999999,1.7290000915527344,1.415000081062317,0.0,0.0,-1.2200000286102295,-0.047271035611629486,-0.0681142657995224,-9.697855949401855,-0.0049034166149795055,0.0029872211162000895,0.0006019765278324485,92.0,16.022001266479492
1776230776.5194852,2026-04-15T05:26:16.519485,attack_triangle_gpsinput_drift,01,47.3981321,8.546401099999999,1.784000039100647,1.4700000286102295,0.0,0.0,-1.2300000190734863,-0.05545778572559357,-0.06575799733400345,-9.761630058288574,-0.002580134430900216,0.003062083153054118,0.0006981890182942152,92.0,16.022001266479492
1776230776.6395226,2026-04-15T05:26:16.639523,attack_triangle_gpsinput_drift,01,47.3981321,8.546401099999999,1.8060001134872437,1.4920001029968262,0.0,0.0,-1.2300000190734863,-0.04647661745548248,-0.05722922459244728,-9.682567596435547,-0.0024669456761330366,0.004873993340879679,0.0006626321701332927,92.0,16.022001266479492
1776230776.7450192,2026-04-15T05:26:16.745019,attack_triangle_gpsinput_drift,01,47.3981321,8.5464012,1.846000075340271,1.5320000648498535,0.0,0.0,-1.2300000190734863,-0.05562780052423477,-0.05997913330793381,-9.654129981994629,-0.0022730904165655375,0.005485424306243658,0.0003080987080466002,92.0,16.022001266479492
1776230776.846745,2026-04-15T05:26:16.846745,attack_triangle_gpsinput_drift,01,47.3981321,8.5464012,1.880000114440918,1.5660001039505005,0.0,0.0,-1.2300000190734863,-0.045683301985263824,-0.06987370550632477,-9.718955039978027,-0.0032737168949097395,0.005606999155133963,0.0006775798974558711,92.0,16.022001266479492
1776230776.9489474,2026-04-15T05:26:16.948947,attack_triangle_gpsinput_drift,01,47.3981321,8.5464012,1.9030001163482666,1.5890001058578491,0.0,0.0,-1.2300000190734863,-0.0450158417224884,-0.05709925666451454,-9.748472213745117,-0.0018507036147639155,0.004891617689281702,0.0008162027224898338,92.0,16.022001266479492
1776230777.0529447,2026-04-15T05:26:17.052945,attack_triangle_gpsinput_drift,01,47.3981321,8.5464012,1.9250000715255737,1.6110000610351562,0.0,0.0,-1.2400000095367432,-0.04385226219892502,-0.06494534760713577,-9.753551483154297,-0.002599766245111823,0.005474683362990618,6.505069904960692e-05,92.0,16.022001266479492
1776230777.1579578,2026-04-15T05:26:17.157958,attack_triangle_gpsinput_drift,01,47.3981321,8.5464012,1.9470001459121704,1.633000135421753,0.0,0.0,-1.2400000095367432,-0.04637426137924194,-0.0625992938876152,-9.778643608093262,-0.002106880536302924,0.0059277452528476715,0.0001953173486981541,92.0,16.022001266479492
1776230777.2624674,2026-04-15T05:26:17.262467,attack_triangle_gpsinput_drift,01,47.3981321,8.5464012,2.007000207901001,1.693000078201294,0.0,0.0,-1.2400000095367432,-0.039610255509614944,-0.05728251114487648,-9.759187698364258,-0.0009329424938187003,0.007226047571748495,0.000938457902520895,92.0,16.022001266479492
1776230777.3638635,2026-04-15T05:26:17.363863,attack_triangle_gpsinput_drift,01,47.3981321,8.5464012,2.0789999961853027,1.7650001049041748,0.0,0.009999999776482582,-1.2400000095367432,-0.043118543922901154,-0.0706300437450409,-9.771055221557617,0.002079360419884324,0.004673923831433058,0.00047740511945448816,92.0,16.022001266479492
1776230777.4667368,2026-04-15T05:26:17.466737,attack_triangle_gpsinput_drift,01,47.3981321,8.5464012,2.111999988555908,1.7980000972747803,0.0,0.009999999776482582,-1.2400000095367432,-0.055265218019485474,-0.06379224359989166,-9.814332962036133,0.002975279465317726,0.003246796317398548,0.0011394604807719588,92.0,16.022001266479492
1776230777.574589,2026-04-15T05:26:17.574589,attack_triangle_gpsinput_drift,01,47.3981321,8.546401099999999,2.1570000648498535,1.843000054359436,0.0,0.009999999776482582,-1.25,-0.05290594696998596,-0.061306364834308624,-9.808572769165039,0.003318102564662695,0.0065616825595498085,0.0006815830711275339,92.0,16.022001266479492
1776230777.6820703,2026-04-15T05:26:17.682070,attack_triangle_gpsinput_drift,01,47.3981322,8.546401099999999,2.190000057220459,1.8760000467300415,0.0,0.009999999776482582,-1.25,-0.047771893441677094,-0.06092754006385803,-9.844327926635742,0.0038261350709944963,0.00396146671846509,0.00014921280671842396,92.0,16.022001266479492
1776230777.784855,2026-04-15T05:26:17.784855,attack_triangle_gpsinput_drift,01,47.3981322,8.546401099999999,2.201000213623047,1.8880001306533813,0.0,0.009999999776482582,-1.25,-0.04808001220226288,-0.05900026485323906,-9.79983139038086,0.004455864895135164,0.004024585708975792,-0.0001656882232055068,92.0,16.022001266479492
1776230777.8868651,2026-04-15T05:26:17.886865,attack_triangle_gpsinput_drift,01,47.3981322,8.546401099999999,2.2350001335144043,1.9210001230239868,0.0,0.009999999776482582,-1.25,-0.047463543713092804,-0.061530064791440964,-9.802973747253418,0.0035324757918715477,0.004969378001987934,-0.0005948194884695113,92.0,16.022001266479492
1776230777.989312,2026-04-15T05:26:17.989312,attack_triangle_gpsinput_drift,01,47.3981322,8.546401099999999,2.257000207901001,1.943000078201294,0.0,0.009999999776482582,-1.25,-0.04519978165626526,-0.05871618539094925,-9.831600189208984,0.004521381575614214,0.004640242550522089,2.7865535230375826e-05,92.0,16.022001266479492
1776230778.0927875,2026-04-15T05:26:18.092788,attack_triangle_gpsinput_drift,01,47.3981322,8.546401099999999,2.2920000553131104,1.9780000448226929,0.0,0.009999999776482582,-1.2599999904632568,-0.04836871474981308,-0.053429532796144485,-9.855749130249023,0.006252862047404051,0.003539973171427846,-0.00034120382042601705,92.0,16.022001266479492
1776230778.1960506,2026-04-15T05:26:18.196051,attack_triangle_gpsinput_drift,01,47.3981322,8.546401099999999,2.3310000896453857,2.0180001258850098,0.0,0.009999999776482582,-1.2599999904632568,-0.05996578186750412,-0.05774359032511711,-9.829801559448242,0.005761969834566116,0.0032233805395662785,0.00028334729722701013,92.0,16.022001266479492
1776230778.2987244,2026-04-15T05:26:18.298724,attack_triangle_gpsinput_drift,01,47.3981322,8.546401099999999,2.3540000915527344,2.0400002002716064,0.0,0.009999999776482582,-1.2599999904632568,-0.05385270714759827,-0.061618901789188385,-9.857243537902832,0.00701055396348238,0.003383390139788389,-0.0007191571639850736,92.0,16.022001266479492
1776230778.3998358,2026-04-15T05:26:18.399836,attack_triangle_gpsinput_drift,01,47.3981322,8.546401099999999,2.388000011444092,2.074000120162964,0.0,0.009999999776482582,-1.2599999904632568,-0.04770273715257645,-0.06205708533525467,-9.854948997497559,0.006912790238857269,0.005047596525400877,0.00035553742782212794,92.0,16.022001266479492
1776230778.5034804,2026-04-15T05:26:18.503480,attack_triangle_gpsinput_drift,01,47.3981322,8.546401099999999,2.432000160217285,2.118000030517578,0.0,0.009999999776482582,-1.2699999809265137,-0.0536012277007103,-0.06199302896857262,-9.904033660888672,0.004238801542669535,0.0025202143006026745,-4.601071123033762e-05,92.0,16.022001266479492
1776230778.6049736,2026-04-15T05:26:18.604974,attack_triangle_gpsinput_drift,01,47.3981322,8.546401099999999,2.4880001544952393,2.1740000247955322,0.0,0.009999999776482582,-1.2699999809265137,-0.04321260750293732,-0.06329382210969925,-9.860489845275879,0.0052698468789458275,0.007103953510522842,0.0006559824105352163,92.0,16.022001266479492
1776230778.7092278,2026-04-15T05:26:18.709228,attack_triangle_gpsinput_drift,01,47.3981322,8.546401099999999,2.4880001544952393,2.1740000247955322,0.0,0.009999999776482582,-1.2699999809265137,-0.04321260750293732,-0.06329382210969925,-9.860489845275879,0.0052698468789458275,0.007103953510522842,0.0006559824105352163,92.0,16.022001266479492
1776230778.8128977,2026-04-15T05:26:18.812898,attack_triangle_gpsinput_drift,01,47.3981322,8.546401099999999,2.510000228881836,2.196000099182129,0.009999999776482582,0.009999999776482582,-1.2699999809265137,-0.051838599145412445,-0.061330944299697876,-9.857195854187012,0.004858743399381638,0.0057607972994446754,0.0005124532617628574,92.0,16.022001266479492
1776230778.9166365,2026-04-15T05:26:18.916636,attack_triangle_gpsinput_drift,01,47.3981322,8.5464012,2.577000141143799,2.263000011444092,0.009999999776482582,0.009999999776482582,-1.2799999713897705,-0.04796641319990158,-0.06554320454597473,-9.848593711853027,0.0036216755397617817,0.0043487586081027985,-0.00015276457997970283,92.0,16.022001266479492
1776230779.0179455,2026-04-15T05:26:19.017946,attack_triangle_gpsinput_drift,01,47.3981322,8.5464012,2.5990002155303955,2.2850000858306885,0.009999999776482582,0.009999999776482582,-1.2799999713897705,-0.05151662975549698,-0.06720137596130371,-9.869627952575684,0.0037110685370862484,0.005559108220040798,-0.0005652518011629581,92.0,16.022001266479492
1776230779.1239421,2026-04-15T05:26:19.123942,attack_triangle_gpsinput_drift,01,47.3981322,8.5464012,2.633000135421753,2.319000005722046,0.009999999776482582,0.009999999776482582,-1.2799999713897705,-0.04978331923484802,-0.06174520030617714,-9.906472206115723,0.0018740140367299318,0.005268651992082596,-0.00014860383816994727,92.0,16.022001266479492
1776230779.2250006,2026-04-15T05:26:19.225001,attack_triangle_gpsinput_drift,01,47.3981322,8.5464012,2.633000135421753,2.319000005722046,0.009999999776482582,0.009999999776482582,-1.2799999713897705,-0.04978331923484802,-0.06174520030617714,-9.906472206115723,0.0018740140367299318,0.005268651992082596,-0.00014860383816994727,92.0,16.022001266479492
1776230779.3264172,2026-04-15T05:26:19.326417,attack_triangle_gpsinput_drift,01,47.3981322,8.5464012,2.689000129699707,2.375,0.009999999776482582,0.009999999776482582,-1.2899999618530273,-0.05630643665790558,-0.0667119100689888,-9.890037536621094,0.002668416826054454,0.007902868092060089,0.0004927272675558925,92.0,16.022001266479492
1776230779.4296207,2026-04-15T05:26:19.429621,attack_triangle_gpsinput_drift,01,47.3981322,8.5464012,2.745000123977661,2.431000232696533,0.009999999776482582,0.009999999776482582,-1.2899999618530273,-0.05594101548194885,-0.061120957136154175,-9.864827156066895,0.002270660363137722,0.007205326110124588,0.00010581690003164113,92.0,16.022001266479492
1776230779.531708,2026-04-15T05:26:19.531708,attack_triangle_gpsinput_drift,01,47.3981322,8.5464012,2.767000198364258,2.453000068664551,0.009999999776482582,0.009999999776482582,-1.2899999618530273,-0.05032192915678024,-0.06382106244564056,-9.865434646606445,0.0006706909043714404,0.006914018653333187,-0.000675940653309226,92.0,16.022001266479492
1776230779.633058,2026-04-15T05:26:19.633058,attack_triangle_gpsinput_drift,01,47.3981323,8.5464012,2.8010001182556152,2.4870002269744873,0.009999999776482582,0.019999999552965164,-1.2999999523162842,-0.05566306412220001,-0.059685591608285904,-9.858057022094727,0.00011219352018088102,0.008485175669193268,0.00010051997378468513,92.0,16.022001266479492
1776230779.7346046,2026-04-15T05:26:19.734605,attack_triangle_gpsinput_drift,01,47.3981323,8.5464012,2.823000192642212,2.509000062942505,0.009999999776482582,0.019999999552965164,-1.2999999523162842,-0.04875800758600235,-0.06935366988182068,-9.918556213378906,-0.0013118649367243052,0.008262593299150467,0.0003735471691470593,92.0,16.022001266479492
1776230779.8352265,2026-04-15T05:26:19.835227,attack_triangle_gpsinput_drift,01,47.3981323,8.5464012,2.879000186920166,2.565000057220459,0.009999999776482582,0.019999999552965164,-1.2999999523162842,-0.05283208191394806,-0.06855422258377075,-9.873889923095703,-0.0013385380152612925,0.0070941452868282795,0.00047455422463826835,92.0,16.022001266479492
1776230779.9483697,2026-04-15T05:26:19.948370,attack_triangle_gpsinput_drift,01,47.3981323,8.5464012,2.879000186920166,2.565000057220459,0.009999999776482582,0.019999999552965164,-1.2999999523162842,-0.05283208191394806,-0.06855422258377075,-9.873889923095703,-0.0013385380152612925,0.0070941452868282795,0.00047455422463826835,92.0,16.022001266479492
1776230780.0511074,2026-04-15T05:26:20.051107,attack_triangle_gpsinput_drift,01,47.3981323,8.5464012,2.9020001888275146,2.5880000591278076,0.009999999776482582,0.019999999552965164,-1.2999999523162842,-0.05242318660020828,-0.06825575977563858,-9.855233192443848,-0.001413382007740438,0.008126620203256607,0.00041864629019983113,92.0,16.022001266479492
1776230780.1538143,2026-04-15T05:26:20.153814,attack_triangle_gpsinput_drift,01,47.3981323,8.5464013,2.93500018119812,2.621000051498413,0.0,0.019999999552965164,-1.2999999523162842,-0.054751038551330566,-0.0681224912405014,-9.919177055358887,-0.003483659354969859,0.007451608311384916,0.00024212224525399506,92.0,16.022001266479492
1776230780.2561731,2026-04-15T05:26:20.256173,attack_triangle_gpsinput_drift,01,47.3981323,8.5464013,2.9580001831054688,2.6440000534057617,0.0,0.019999999552965164,-1.309999942779541,-0.04478885233402252,-0.05813130736351013,-9.91466999053955,-0.004409333691000938,0.007311613764613867,-0.00013364560436457396,92.0,16.022001266479492
1776230780.3579543,2026-04-15T05:26:20.357954,attack_triangle_gpsinput_drift,01,47.3981323,8.5464013,2.9800002574920654,2.6660001277923584,0.0,0.019999999552965164,-1.309999942779541,-0.05816847085952759,-0.06399041414260864,-9.885756492614746,-0.004098112694919109,0.008786057122051716,-0.00021334871416911483,92.0,16.022001266479492
1776230780.4617858,2026-04-15T05:26:20.461786,attack_triangle_gpsinput_drift,01,47.3981323,8.5464013,3.0370001792907715,2.7230000495910645,0.0,0.019999999552965164,-1.309999942779541,-0.058232858777046204,-0.05975426733493805,-9.88399887084961,-0.006799353286623955,0.008053654804825783,-0.0005166393239051104,92.0,16.022001266479492
1776230780.570791,2026-04-15T05:26:20.570791,attack_triangle_gpsinput_drift,01,47.3981323,8.5464013,3.071000099182129,2.757000207901001,0.0,0.019999999552965164,-1.309999942779541,-0.055473364889621735,-0.06935879588127136,-9.895347595214844,-0.005517838057130575,0.00843497272580862,0.0019286656752228737,92.0,16.022001266479492
1776230780.6732202,2026-04-15T05:26:20.673220,attack_triangle_gpsinput_drift,01,47.3981323,8.5464013,3.0930001735687256,2.7800002098083496,0.0,0.019999999552965164,-1.3199999332427979,-0.04633764922618866,-0.06627368927001953,-9.899880409240723,-0.004502345807850361,0.00672303419560194,-0.0005057759117335081,92.0,16.022001266479492
1776230780.7757256,2026-04-15T05:26:20.775726,attack_triangle_gpsinput_drift,01,47.3981323,8.5464013,3.127000093460083,2.814000129699707,0.0,0.019999999552965164,-1.3199999332427979,-0.049396879971027374,-0.06338265538215637,-9.876709938049316,-0.004998678341507912,0.005952228792011738,0.0002230782702099532,92.0,16.022001266479492
1776230780.8847983,2026-04-15T05:26:20.884798,attack_triangle_gpsinput_drift,01,47.3981323,8.5464013,3.1500000953674316,2.8360002040863037,0.0,0.019999999552965164,-1.3199999332427979,-0.0565345361828804,-0.06423699855804443,-9.878901481628418,-0.007219081278890371,0.008036134764552116,0.0005429036682471633,92.0,16.022001266479492
1776230780.9868875,2026-04-15T05:26:20.986887,attack_triangle_gpsinput_drift,01,47.3981323,8.546401399999999,3.1730000972747803,2.8590002059936523,0.0,0.019999999552965164,-1.3199999332427979,-0.04103399068117142,-0.0635768249630928,-9.87574291229248,-0.007198744919151068,0.006751718930900097,-0.0003754391218535602,92.0,16.022001266479492
1776230781.0967052,2026-04-15T05:26:21.096705,attack_triangle_gpsinput_drift,01,47.3981323,8.546401399999999,3.207000255584717,2.8930001258850098,0.0,0.019999999552965164,-1.3199999332427979,-0.04930173605680466,-0.06534725427627563,-9.895323753356934,-0.005714531987905502,0.006671570241451263,0.0006759039242751896,92.0,16.022001266479492
1776230781.1979308,2026-04-15T05:26:21.197931,attack_triangle_gpsinput_drift,01,47.3981323,8.546401399999999,3.241000175476074,2.927000045776367,0.0,0.019999999552965164,-1.3299999237060547,-0.04197056591510773,-0.0636458620429039,-9.839194297790527,-0.004684025421738625,0.005495067685842514,-0.00032187183387577534,92.0,16.022001266479492
1776230781.3050547,2026-04-15T05:26:21.305055,attack_triangle_gpsinput_drift,01,47.3981323,8.546401399999999,3.264000177383423,2.950000047683716,0.0,0.019999999552965164,-1.3299999237060547,-0.05131880193948746,-0.06907667964696884,-9.898487091064453,-0.006438954267650843,0.007038070820271969,0.00017103739082813263,92.0,16.022001266479492
1776230781.406755,2026-04-15T05:26:21.406755,attack_triangle_gpsinput_drift,01,47.3981323,8.546401399999999,3.321000099182129,3.007000207901001,0.0,0.019999999552965164,-1.3299999237060547,-0.050901830196380615,-0.06492540240287781,-9.879026412963867,-0.007008347660303116,0.007785400375723839,9.379081893712282e-05,92.0,16.022001266479492
1776230781.5090666,2026-04-15T05:26:21.509067,attack_triangle_gpsinput_drift,01,47.3981323,8.5464015,3.383000135421753,3.070000171661377,0.0,0.019999999552965164,-1.3399999141693115,-0.05277971178293228,-0.06850527971982956,-9.877257347106934,-0.007349070627242327,0.005910308100283146,4.0597995393909514e-05,92.0,16.022001266479492
1776230781.6118429,2026-04-15T05:26:21.611843,attack_triangle_gpsinput_drift,01,47.3981323,8.5464015,3.383000135421753,3.070000171661377,0.0,0.019999999552965164,-1.3399999141693115,-0.05277971178293228,-0.06850527971982956,-9.877257347106934,-0.007349070627242327,0.005910308100283146,4.0597995393909514e-05,92.0,16.022001266479492
1776230781.717058,2026-04-15T05:26:21.717058,attack_triangle_gpsinput_drift,01,47.3981323,8.5464015,3.4180002212524414,3.1040000915527344,0.0,0.019999999552965164,-1.3399999141693115,-0.04906117171049118,-0.061800070106983185,-9.9259614944458,-0.0061448668129742146,0.004483488854020834,-9.115276043303311e-06,92.0,16.022001266479492
1776230781.8179293,2026-04-15T05:26:21.817929,attack_triangle_gpsinput_drift,01,47.3981323,8.5464015,3.44100022315979,3.127000093460083,0.0,0.019999999552965164,-1.3399999141693115,-0.04519324004650116,-0.0565996915102005,-9.897042274475098,-0.00773388659581542,0.007229201961308718,1.8271777662448585e-05,92.0,16.022001266479492
1776230781.919733,2026-04-15T05:26:21.919733,attack_triangle_gpsinput_drift,01,47.3981323,8.5464015,3.4760000705718994,3.1620001792907715,0.0,0.019999999552965164,-1.3399999141693115,-0.053200773894786835,-0.06349881738424301,-9.89973258972168,-0.009200471453368664,0.008158797398209572,0.0005242283223196864,92.0,16.022001266479492
1776230782.0218759,2026-04-15T05:26:22.021876,attack_triangle_gpsinput_drift,01,47.3981323,8.5464015,3.499000072479248,3.18500018119812,0.0,0.019999999552965164,-1.350000023841858,-0.0453723669052124,-0.0617942288517952,-9.90585994720459,-0.007609531283378601,0.0074529037810862064,0.00020931204198859632,92.0,16.022001266479492
1776230782.12792,2026-04-15T05:26:22.127920,attack_triangle_gpsinput_drift,01,47.3981323,8.5464015,3.499000072479248,3.18500018119812,0.0,0.019999999552965164,-1.350000023841858,-0.0453723669052124,-0.0617942288517952,-9.90585994720459,-0.007609531283378601,0.0074529037810862064,0.00020931204198859632,92.0,16.022001266479492
1776230782.230869,2026-04-15T05:26:22.230869,attack_triangle_gpsinput_drift,01,47.3981323,8.5464015,3.5330002307891846,3.2190001010894775,0.0,0.019999999552965164,-1.350000023841858,-0.051437392830848694,-0.06663836538791656,-9.854884147644043,-0.00728261936455965,0.005765352863818407,-0.000988034880720079,92.0,16.022001266479492
1776230782.333893,2026-04-15T05:26:22.333893,attack_triangle_gpsinput_drift,01,47.3981323,8.5464015,3.580000162124634,3.266000270843506,0.0,0.019999999552965164,-1.350000023841858,-0.04979062080383301,-0.06116463243961334,-9.888508796691895,-0.009739888831973076,0.008365525864064693,-0.0008209351799450815,92.0,16.022001266479492
1776230782.4348757,2026-04-15T05:26:22.434876,attack_triangle_gpsinput_drift,01,47.3981323,8.5464016,3.6490001678466797,3.3360002040863037,0.0,0.019999999552965164,-1.350000023841858,-0.05069701373577118,-0.05934911221265793,-9.825257301330566,-0.006905100308358669,0.006945745553821325,0.0008690813556313515,92.0,16.022001266479492
1776230782.5399833,2026-04-15T05:26:22.539983,attack_triangle_gpsinput_drift,01,47.3981323,8.5464016,3.684000253677368,3.371000051498413,0.0,0.019999999552965164,-1.3600000143051147,-0.05016225576400757,-0.06543643027544022,-9.840320587158203,-0.00764736533164978,0.006994574796408415,3.877619747072458e-05,92.0,16.022001266479492
1776230782.6470468,2026-04-15T05:26:22.647047,attack_triangle_gpsinput_drift,01,47.3981323,8.5464016,3.7080001831054688,3.3940000534057617,0.0,0.019999999552965164,-1.3600000143051147,-0.04688204824924469,-0.06461448967456818,-9.84186840057373,-0.007160438224673271,0.006847837939858437,-0.0013970985310152173,92.0,16.022001266479492
1776230782.7512517,2026-04-15T05:26:22.751252,attack_triangle_gpsinput_drift,01,47.3981323,8.5464016,3.7430002689361572,3.42900013923645,0.0,0.019999999552965164,-1.3600000143051147,-0.052311450242996216,-0.06951654702425003,-9.869193077087402,-0.005944712553173304,0.005833378527313471,-0.0004645399749279022,92.0,16.022001266479492
1776230782.8547647,2026-04-15T05:26:22.854765,attack_triangle_gpsinput_drift,01,47.3981323,8.5464016,3.766000270843506,3.452000141143799,0.0,0.019999999552965164,-1.3600000143051147,-0.04611214995384216,-0.06712676584720612,-9.883941650390625,-0.005651656072586775,0.006481937598437071,-0.00016796914860606194,92.0,16.022001266479492
1776230782.963457,2026-04-15T05:26:22.963457,attack_triangle_gpsinput_drift,01,47.3981323,8.5464016,3.8010001182556152,3.4870002269744873,0.0,0.019999999552965164,-1.3600000143051147,-0.05146730691194534,-0.05876997113227844,-9.862238883972168,-0.0037558358162641525,0.005824738182127476,-0.0002490483457222581,92.0,16.022001266479492
1776230783.069914,2026-04-15T05:26:23.069914,attack_triangle_gpsinput_drift,01,47.3981323,8.546401699999999,3.824000120162964,3.510000228881836,0.0,0.019999999552965164,-1.3600000143051147,-0.04410465061664581,-0.06393342465162277,-9.862186431884766,-0.0046361396089196205,0.007258619647473097,3.943816409446299e-05,92.0,16.022001266479492
1776230783.170527,2026-04-15T05:26:23.170527,attack_triangle_gpsinput_drift,01,47.3981323,8.546401699999999,3.824000120162964,3.510000228881836,0.0,0.019999999552965164,-1.3600000143051147,-0.04410465061664581,-0.06393342465162277,-9.862186431884766,-0.0046361396089196205,0.007258619647473097,3.943816409446299e-05,92.0,16.022001266479492
1776230783.2899086,2026-04-15T05:26:23.289909,attack_triangle_gpsinput_drift,01,47.398132399999994,8.546401699999999,3.9070003032684326,3.5940001010894775,0.0,0.019999999552965164,-1.3700000047683716,-0.05194166302680969,-0.07184705883264542,-9.880847930908203,-0.002543529262766242,0.003926888108253479,-0.0011356438044458628,92.0,16.022001266479492
1776230783.3978977,2026-04-15T05:26:23.397898,attack_triangle_gpsinput_drift,01,47.398132399999994,8.546401699999999,3.955000162124634,3.641000270843506,0.0,0.019999999552965164,-1.3700000047683716,-0.04743242263793945,-0.07241426408290863,-9.839818954467773,-0.0025821926537901163,0.004995298571884632,9.888084605336189e-05,92.0,16.022001266479492
1776230783.5030534,2026-04-15T05:26:23.503053,attack_triangle_gpsinput_drift,01,47.398132399999994,8.546401699999999,4.00600004196167,3.693000078201294,0.0,0.019999999552965164,-1.3700000047683716,-0.05343905836343765,-0.0653979480266571,-9.845274925231934,-0.001027887687087059,0.0023260540328919888,-0.0018719935324043036,92.0,16.022001266479492
1776230783.6056893,2026-04-15T05:26:23.605689,attack_triangle_gpsinput_drift,01,47.398132399999994,8.546401699999999,4.03000020980835,3.7160000801086426,0.0,0.019999999552965164,-1.3799999952316284,-0.05343905836343765,-0.0653979480266571,-9.845274925231934,-0.001027887687087059,0.0023260540328919888,-0.0018719935324043036,92.0,16.022001266479492
1776230783.7068288,2026-04-15T05:26:23.706829,attack_triangle_gpsinput_drift,01,47.398132399999994,8.546401699999999,4.052999973297119,3.7400002479553223,0.0,0.019999999552965164,-1.3799999952316284,-0.047629214823246,-0.0630330741405487,-9.855301856994629,0.0004447577230166644,0.004219811409711838,-0.0025080249179154634,92.0,16.022001266479492
1776230783.8107295,2026-04-15T05:26:23.810730,attack_triangle_gpsinput_drift,01,47.398132399999994,8.546401699999999,4.089000225067139,3.7750000953674316,0.0,0.019999999552965164,-1.3799999952316284,-0.051404282450675964,-0.06784764677286148,-9.857782363891602,0.00010864237992791459,0.002333428245037794,-0.0006570302648469806,92.0,16.022001266479492
1776230783.913214,2026-04-15T05:26:23.913214,attack_triangle_gpsinput_drift,01,47.398132399999994,8.546401699999999,4.124000072479248,3.81000018119812,0.0,0.019999999552965164,-1.3799999952316284,-0.05676519125699997,-0.0670650377869606,-9.87810230255127,-0.00034489980316720903,0.0008864948176778853,-0.0015251639997586608,92.0,16.022001266479492
1776230784.0178623,2026-04-15T05:26:24.017862,attack_triangle_gpsinput_drift,01,47.398132399999994,8.5464018,4.147000312805176,3.8340001106262207,0.0,0.009999999776482582,-1.3799999952316284,-0.04503868520259857,-0.06649276614189148,-9.85605239868164,-0.0009215710451826453,-0.0004229907935950905,-0.0009646055987104774,92.0,16.022001266479492
1776230784.122043,2026-04-15T05:26:24.122043,attack_triangle_gpsinput_drift,01,47.398132399999994,8.5464018,4.183000087738037,3.869000196456909,0.0,0.009999999776482582,-1.3799999952316284,-0.046011559665203094,-0.06336589902639389,-9.857321739196777,-0.0012029544450342655,-9.837491234065965e-05,-0.0008703581406734884,92.0,16.022001266479492
1776230784.225084,2026-04-15T05:26:24.225084,attack_triangle_gpsinput_drift,01,47.398132399999994,8.5464018,4.206000328063965,3.892000198364258,0.0,0.009999999776482582,-1.3799999952316284,-0.046683430671691895,-0.06637921929359436,-9.826926231384277,-0.000905658002011478,0.00016438851889688522,-0.0008602259331382811,92.0,16.022001266479492
1776230784.3275635,2026-04-15T05:26:24.327564,attack_triangle_gpsinput_drift,01,47.398132399999994,8.5464018,4.243000030517578,3.92900013923645,0.0,0.009999999776482582,-1.3899999856948853,-0.05384732782840729,-0.0726856142282486,-9.8539457321167,-0.001475428114645183,0.0001687970507191494,-0.0017436017515137792,92.0,16.022001266479492
1776230784.4318252,2026-04-15T05:26:24.431825,attack_triangle_gpsinput_drift,01,47.398132399999994,8.5464018,4.302999973297119,3.989000082015991,0.0,0.009999999776482582,-1.3899999856948853,-0.04999306797981262,-0.07037778198719025,-9.811972618103027,-0.0015596417943015695,0.0005427878932096064,-0.001814922085031867,92.0,16.022001266479492
1776230784.5409617,2026-04-15T05:26:24.540962,attack_triangle_gpsinput_drift,01,47.398132399999994,8.5464018,4.361999988555908,4.048000335693359,0.0,0.009999999776482582,-1.3899999856948853,-0.044526055455207825,-0.07074599713087082,-9.840291023254395,-0.0005659630405716598,0.0007966751581989229,-0.000871785799972713,88.0,15.962000846862793
1776230784.6447775,2026-04-15T05:26:24.644778,attack_triangle_gpsinput_drift,01,47.398132399999994,8.5464018,4.385000228881836,4.071000099182129,0.0,0.009999999776482582,-1.3899999856948853,-0.04950331151485443,-0.06266352534294128,-9.853952407836914,0.0008125021704472601,0.0017967516323551536,-0.0020169513300061226,88.0,15.962000846862793
1776230784.7464402,2026-04-15T05:26:24.746440,attack_triangle_gpsinput_drift,01,47.398132399999994,8.5464018,4.421000003814697,4.107000350952148,0.0,0.009999999776482582,-1.3899999856948853,-0.04778001457452774,-0.06532159447669983,-9.865165710449219,0.0013230642070993781,0.0013165788259357214,-0.0007211407064460218,88.0,15.962000846862793
1776230784.848757,2026-04-15T05:26:24.848757,attack_triangle_gpsinput_drift,01,47.398132399999994,8.5464018,4.432000160217285,4.11899995803833,0.0,0.009999999776482582,-1.3899999856948853,-0.05305483937263489,-0.06634049862623215,-9.875664710998535,0.0017773834988474846,0.00010719865531427786,-0.0003329477913212031,88.0,15.962000846862793
1776230784.9491978,2026-04-15T05:26:24.949198,attack_triangle_gpsinput_drift,01,47.398132399999994,8.5464018,4.468000411987305,4.154000282287598,0.0,0.009999999776482582,-1.3899999856948853,-0.04480811208486557,-0.06428681313991547,-9.867077827453613,0.0015515361446887255,-0.0006282771355472505,-0.0022760273423045874,88.0,15.962000846862793
1776230785.055389,2026-04-15T05:26:25.055389,attack_triangle_gpsinput_drift,01,47.398132399999994,8.5464018,4.468000411987305,4.154000282287598,0.0,0.009999999776482582,-1.3899999856948853,-0.04480811208486557,-0.06428681313991547,-9.867077827453613,0.0015515361446887255,-0.0006282771355472505,-0.0022760273423045874,88.0,15.962000846862793
1776230785.1589365,2026-04-15T05:26:25.158937,attack_triangle_gpsinput_drift,01,47.398132399999994,8.5464018,4.491000175476074,4.177999973297119,0.0,0.009999999776482582,-1.399999976158142,-0.04876333475112915,-0.058347851037979126,-9.864309310913086,0.0014570808270946145,0.00011786511458922178,-0.0004692155634984374,88.0,15.962000846862793
1776230785.264742,2026-04-15T05:26:25.264742,attack_triangle_gpsinput_drift,01,47.398132399999994,8.5464018,4.527000427246094,4.213000297546387,0.0,0.0,-1.399999976158142,-0.04346907138824463,-0.06396850198507309,-9.847306251525879,0.0013198947999626398,0.0007799415616318583,-0.0030386841390281916,88.0,15.962000846862793
1776230785.3666704,2026-04-15T05:26:25.366670,attack_triangle_gpsinput_drift,01,47.398132399999994,8.5464019,4.574000358581543,4.260000228881836,0.0,0.0,-1.399999976158142,-0.04652378708124161,-0.06507314741611481,-9.858024597167969,0.001959732500836253,-0.0021204676013439894,-0.0018185859080404043,88.0,15.962000846862793
1776230785.467972,2026-04-15T05:26:25.467972,attack_triangle_gpsinput_drift,01,47.398132399999994,8.5464019,4.610000133514404,4.296000003814697,0.0,0.0,-1.399999976158142,-0.0532340481877327,-0.06923701614141464,-9.849754333496094,0.001447624177671969,-0.002194496337324381,-0.0015967290382832289,88.0,15.962000846862793
1776230785.5707486,2026-04-15T05:26:25.570749,attack_triangle_gpsinput_drift,01,47.398132399999994,8.5464019,4.668000221252441,4.355000019073486,0.0,0.0,-1.399999976158142,-0.04887832701206207,-0.06301350891590118,-9.877942085266113,0.005332357250154018,-0.0038343751803040504,-0.00033925430034287274,88.0,15.962000846862793
1776230785.6721892,2026-04-15T05:26:25.672189,attack_triangle_gpsinput_drift,01,47.398132399999994,8.5464019,4.692000389099121,4.378000259399414,0.0,0.0,-1.409999966621399,-0.044943667948246,-0.0693742036819458,-9.877123832702637,0.004659723956137896,-0.004340615123510361,0.0003699634689837694,88.0,15.962000846862793
1776230785.7758014,2026-04-15T05:26:25.775801,attack_triangle_gpsinput_drift,01,47.398132399999994,8.5464019,4.728000164031982,4.414000034332275,0.0,0.0,-1.409999966621399,-0.055321745574474335,-0.061923809349536896,-9.855264663696289,0.004317085258662701,-0.0024123808834701777,-0.0012831424828618765,88.0,15.962000846862793
1776230785.8781154,2026-04-15T05:26:25.878115,attack_triangle_gpsinput_drift,01,47.398132399999994,8.5464019,4.763000011444092,4.450000286102295,0.0,0.0,-1.409999966621399,-0.054481662809848785,-0.07699953764677048,-9.842036247253418,0.0024034620728343725,-0.00262661837041378,-0.0005138415726833045,88.0,15.962000846862793
1776230785.9848728,2026-04-15T05:26:25.984873,attack_triangle_gpsinput_drift,01,47.398132399999994,8.5464019,4.7870001792907715,4.473999977111816,0.0,0.0,-1.409999966621399,-0.05241315811872482,-0.06321480870246887,-9.843192100524902,0.0020735813304781914,-0.0024610692635178566,-0.0010812906548380852,88.0,15.962000846862793
1776230786.086812,2026-04-15T05:26:26.086812,attack_triangle_gpsinput_drift,01,47.398132399999994,8.5464019,4.824000358581543,4.510000228881836,0.0,0.0,-1.409999966621399,-0.04383094608783722,-0.06627754122018814,-9.859332084655762,0.0027046138420701027,-0.0023292650002986193,-0.000993675785139203,88.0,15.962000846862793
1776230786.1903284,2026-04-15T05:26:26.190328,attack_triangle_gpsinput_drift,01,47.398132399999994,8.5464019,4.8480000495910645,4.534000396728516,0.0,0.0,-1.409999966621399,-0.04215381294488907,-0.0689728707075119,-9.84575366973877,0.0034979116171598434,-0.003346838057041168,-0.0013050006236881018,88.0,15.962000846862793
1776230786.2941813,2026-04-15T05:26:26.294181,attack_triangle_gpsinput_drift,01,47.398132399999994,8.5464019,4.872000217437744,4.558000087738037,0.0,0.0,-1.409999966621399,-0.05117260664701462,-0.06504680216312408,-9.857803344726562,0.002498214365914464,-0.0027775100897997618,-0.0010050374548882246,88.0,15.962000846862793
1776230786.3962703,2026-04-15T05:26:26.396270,attack_triangle_gpsinput_drift,01,47.398132399999994,8.5464019,4.909000396728516,4.595000267028809,0.0,0.0,-1.409999966621399,-0.04946807026863098,-0.06453874707221985,-9.841412544250488,0.003190048271790147,-0.0017712903209030628,-0.0006637427723035216,88.0,15.962000846862793
1776230786.500231,2026-04-15T05:26:26.500231,attack_triangle_gpsinput_drift,01,47.398132399999994,8.5464019,4.933000087738037,4.619000434875488,0.0,0.0,-1.4199999570846558,-0.04751913994550705,-0.06319111585617065,-9.860884666442871,0.003742984728887677,-0.0031408630311489105,-6.510587991215289e-05,88.0,15.962000846862793
1776230786.6038487,2026-04-15T05:26:26.603849,attack_triangle_gpsinput_drift,01,47.398132399999994,8.5464019,4.970000267028809,4.656000137329102,0.0,0.0,-1.4199999570846558,-0.04448145627975464,-0.06928214430809021,-9.842328071594238,0.0036541104782372713,-0.0033231773413717747,-0.0006736284121870995,88.0,15.962000846862793
1776230786.7061212,2026-04-15T05:26:26.706121,attack_triangle_gpsinput_drift,01,47.398132399999994,8.5464019,5.00600004196167,4.692000389099121,0.0,0.0,-1.4199999570846558,-0.04197405278682709,-0.06344297528266907,-9.840729713439941,0.004005997441709042,-0.003112032311037183,-0.0009074622648768127,88.0,15.962000846862793
1776230786.8087058,2026-04-15T05:26:26.808706,attack_triangle_gpsinput_drift,01,47.398132399999994,8.5464019,5.054000377655029,4.740000247955322,0.0,0.0,-1.4199999570846558,-0.04856763035058975,-0.054517023265361786,-9.822749137878418,0.004275175742805004,-0.0013172014150768518,0.0004910785937681794,88.0,15.962000846862793
1776230786.911722,2026-04-15T05:26:26.911722,attack_triangle_gpsinput_drift,01,47.398132399999994,8.5464019,5.054000377655029,4.740000247955322,0.0,0.0,-1.4199999570846558,-0.04856763035058975,-0.054517023265361786,-9.822749137878418,0.004275175742805004,-0.0013172014150768518,0.0004910785937681794,88.0,15.962000846862793
1776230787.0148683,2026-04-15T05:26:27.014868,attack_triangle_gpsinput_drift,01,47.398132399999994,8.5464019,5.091000080108643,4.777000427246094,-0.009999999776482582,0.0,-1.4199999570846558,-0.04672563821077347,-0.07098311185836792,-9.839191436767578,0.0034241080284118652,-0.0034048024099320173,-3.7069403333589435e-05,88.0,15.962000846862793
1776230787.118172,2026-04-15T05:26:27.118172,attack_triangle_gpsinput_drift,01,47.398132399999994,8.5464019,5.127000331878662,4.813000202178955,-0.009999999776482582,0.0,-1.4199999570846558,-0.049512915313243866,-0.0702459067106247,-9.839179039001465,0.0034988089464604855,-0.0025772482622414827,-0.0002168922364944592,88.0,15.962000846862793
1776230787.2211287,2026-04-15T05:26:27.221129,attack_triangle_gpsinput_drift,01,47.398132399999994,8.5464019,5.186000347137451,4.872000217437744,-0.009999999776482582,0.0,-1.4299999475479126,-0.04891161620616913,-0.06574450433254242,-9.825479507446289,0.0014560174895450473,-0.004028203897178173,0.0005966865574009717,88.0,15.962000846862793
1776230787.3260128,2026-04-15T05:26:27.326013,attack_triangle_gpsinput_drift,01,47.398132399999994,8.5464019,5.186000347137451,4.872000217437744,-0.009999999776482582,0.0,-1.4299999475479126,-0.04891161620616913,-0.06574450433254242,-9.825479507446289,0.0014560174895450473,-0.004028203897178173,0.0005966865574009717,88.0,15.962000846862793
1776230787.4353275,2026-04-15T05:26:27.435328,attack_triangle_gpsinput_drift,01,47.398132399999994,8.5464019,5.235000133514404,4.921000003814697,-0.009999999776482582,0.0,-1.4299999475479126,-0.04624389111995697,-0.06155376136302948,-9.860746383666992,0.0013439853210002184,-0.0019059727201238275,-0.0009123934432864189,88.0,15.962000846862793
1776230787.5364165,2026-04-15T05:26:27.536417,attack_triangle_gpsinput_drift,01,47.398132399999994,8.5464019,5.235000133514404,4.921000003814697,-0.009999999776482582,0.0,-1.4299999475479126,-0.04624389111995697,-0.06155376136302948,-9.860746383666992,0.0013439853210002184,-0.0019059727201238275,-0.0009123934432864189,88.0,15.962000846862793
1776230787.6408045,2026-04-15T05:26:27.640805,attack_triangle_gpsinput_drift,01,47.398132399999994,8.5464019,5.235000133514404,4.921000003814697,-0.009999999776482582,0.0,-1.4299999475479126,-0.04624389111995697,-0.06155376136302948,-9.860746383666992,0.0013439853210002184,-0.0019059727201238275,-0.0009123934432864189,88.0,15.962000846862793
1776230787.7432325,2026-04-15T05:26:27.743232,attack_triangle_gpsinput_drift,01,47.398132399999994,8.5464019,5.295000076293945,4.982000350952148,-0.009999999776482582,0.0,-1.4299999475479126,-0.040046192705631256,-0.07138605415821075,-9.823225975036621,0.0025008427910506725,-0.002027031034231186,-0.00040222523966804147,88.0,15.962000846862793
1776230787.8470082,2026-04-15T05:26:27.847008,attack_triangle_gpsinput_drift,01,47.398132399999994,8.5464019,5.357000350952148,5.043000221252441,-0.009999999776482582,0.0,-1.4299999475479126,-0.05049442499876022,-0.060094211250543594,-9.832144737243652,0.001112841535359621,-0.0027472679503262043,-0.0006618517218157649,88.0,15.962000846862793
1776230787.9511125,2026-04-15T05:26:27.951113,attack_triangle_gpsinput_drift,01,47.398132399999994,8.5464019,5.357000350952148,5.043000221252441,-0.009999999776482582,0.0,-1.4299999475479126,-0.05049442499876022,-0.060094211250543594,-9.832144737243652,0.001112841535359621,-0.0027472679503262043,-0.0006618517218157649,88.0,15.962000846862793
1776230788.0608974,2026-04-15T05:26:28.060897,attack_triangle_gpsinput_drift,01,47.398132399999994,8.5464019,5.369000434875488,5.055000305175781,-0.009999999776482582,0.0,-1.4299999475479126,-0.047013454139232635,-0.062067657709121704,-9.82131290435791,-0.0010420390171930194,-0.003802407067269087,0.0005976809188723564,88.0,15.962000846862793
1776230788.1727116,2026-04-15T05:26:28.172712,attack_triangle_gpsinput_drift,01,47.398132399999994,8.5464019,5.39300012588501,5.079000473022461,-0.009999999776482582,0.0,-1.4299999475479126,-0.04207438975572586,-0.06354353576898575,-9.895371437072754,-0.0002632590476423502,-0.0052224425598979,-0.0007078350754454732,88.0,15.962000846862793
1776230788.2742958,2026-04-15T05:26:28.274296,attack_triangle_gpsinput_drift,01,47.398132399999994,8.5464019,5.448000431060791,5.134000301361084,-0.009999999776482582,-0.009999999776482582,-1.4399999380111694,-0.04425646364688873,-0.061117637902498245,-9.869446754455566,7.581674435641617e-05,-0.004577805753797293,0.0010455360170453787,88.0,15.962000846862793
1776230788.3772008,2026-04-15T05:26:28.377201,attack_triangle_gpsinput_drift,01,47.398132399999994,8.5464019,5.497000217437744,5.183000087738037,-0.009999999776482582,-0.009999999776482582,-1.4499999284744263,-0.043213121592998505,-0.06378540396690369,-9.814273834228516,-0.0009061162709258497,-0.005206061527132988,0.00012757835793308914,88.0,15.962000846862793
1776230788.478842,2026-04-15T05:26:28.478842,attack_triangle_gpsinput_drift,01,47.398132399999994,8.5464019,5.535000324249268,5.2210001945495605,-0.009999999776482582,-0.009999999776482582,-1.4499999284744263,-0.04952116310596466,-0.06594491750001907,-9.775270462036133,0.0012482110178098083,-0.0037984184455126524,-0.000977449817582965,88.0,15.962000846862793
1776230788.5844128,2026-04-15T05:26:28.584413,attack_triangle_gpsinput_drift,01,47.398132399999994,8.5464019,5.547000408172607,5.2330002784729,-0.009999999776482582,-0.009999999776482582,-1.4499999284744263,-0.04304055869579315,-0.06328503042459488,-9.73717975616455,0.001964279916137457,-0.0029940130189061165,0.0005278016906231642,88.0,15.962000846862793
1776230788.686995,2026-04-15T05:26:28.686995,attack_triangle_gpsinput_drift,01,47.3981323,8.5464019,5.585000038146973,5.271000385284424,-0.009999999776482582,-0.009999999776482582,-1.4499999284744263,-0.043770886957645416,-0.06635347008705139,-9.801619529724121,0.0014835172332823277,-0.0047672507353127,0.0003302699187770486,88.0,15.962000846862793
1776230788.790884,2026-04-15T05:26:28.790884,attack_triangle_gpsinput_drift,01,47.3981323,8.5464019,5.622000217437744,5.308000087738037,-0.009999999776482582,-0.009999999776482582,-1.459999918937683,-0.05248609930276871,-0.0624307356774807,-9.745892524719238,-0.0010365212801843882,-0.005525160115212202,0.0010472589638084173,88.0,15.962000846862793
1776230788.8938434,2026-04-15T05:26:28.893843,attack_triangle_gpsinput_drift,01,47.3981323,8.5464019,5.647000312805176,5.333000183105469,-0.009999999776482582,-0.009999999776482582,-1.459999918937683,-0.04522322118282318,-0.06815734505653381,-9.74413776397705,-0.0015847267350181937,-0.0054358746856451035,0.0010140198282897472,88.0,15.962000846862793
1776230788.9959111,2026-04-15T05:26:28.995911,attack_triangle_gpsinput_drift,01,47.3981323,8.5464019,5.684000492095947,5.37000036239624,-0.009999999776482582,-0.009999999776482582,-1.459999918937683,-0.04347282648086548,-0.0650537759065628,-9.749876976013184,-0.0009392004576511681,-0.004012208431959152,0.00116869923658669,88.0,15.962000846862793
1776230789.0979426,2026-04-15T05:26:29.097943,attack_triangle_gpsinput_drift,01,47.3981323,8.5464019,5.711000442504883,5.397000312805176,-0.009999999776482582,-0.009999999776482582,-1.46999990940094,-0.04836520552635193,-0.05812109634280205,-9.768847465515137,-0.0010440796613693237,-0.0047860341146588326,0.00018716187332756817,88.0,15.962000846862793
1776230789.2007487,2026-04-15T05:26:29.200749,attack_triangle_gpsinput_drift,01,47.3981323,8.5464019,5.736000061035156,5.423000335693359,-0.009999999776482582,-0.009999999776482582,-1.4800000190734863,-0.04161175340414047,-0.0655655488371849,-9.745370864868164,-0.0016609817976132035,-0.005354640074074268,0.000331281335093081,88.0,15.962000846862793
1776230789.3046763,2026-04-15T05:26:29.304676,attack_triangle_gpsinput_drift,01,47.3981323,8.5464019,5.76200008392334,5.448000431060791,-0.009999999776482582,-0.009999999776482582,-1.4800000190734863,-0.044111110270023346,-0.06987043470144272,-9.691903114318848,-0.002598525257781148,-0.00580691359937191,0.00040126137901097536,88.0,15.962000846862793
1776230789.4098873,2026-04-15T05:26:29.409887,attack_triangle_gpsinput_drift,01,47.3981323,8.5464019,5.76200008392334,5.448000431060791,-0.009999999776482582,-0.009999999776482582,-1.4800000190734863,-0.044111110270023346,-0.06987043470144272,-9.691903114318848,-0.002598525257781148,-0.00580691359937191,0.00040126137901097536,88.0,15.962000846862793
1776230789.511733,2026-04-15T05:26:29.511733,attack_triangle_gpsinput_drift,01,47.3981323,8.5464019,5.800000190734863,5.486000061035156,-0.009999999776482582,-0.009999999776482582,-1.4900000095367432,-0.0476129874587059,-0.06167440861463547,-9.652807235717773,-0.0011619882425293326,-0.005903954152017832,0.0011282204650342464,88.0,15.962000846862793
1776230789.6135793,2026-04-15T05:26:29.613579,attack_triangle_gpsinput_drift,01,47.3981323,8.5464019,5.825000286102295,5.511000156402588,-0.009999999776482582,-0.009999999776482582,-1.4900000095367432,-0.04860434681177139,-0.06430833786725998,-9.568985939025879,-0.003034967230632901,-0.006839707959443331,0.00021876301616430283,88.0,15.962000846862793
1776230789.715454,2026-04-15T05:26:29.715454,attack_triangle_gpsinput_drift,01,47.3981323,8.5464019,5.863000392913818,5.549000263214111,-0.009999999776482582,-0.009999999776482582,-1.4900000095367432,-0.042625993490219116,-0.056244272738695145,-9.552192687988281,-0.0049883718602359295,-0.006651320494711399,0.0022938859183341265,88.0,15.962000846862793
1776230789.8230805,2026-04-15T05:26:29.823081,attack_triangle_gpsinput_drift,01,47.3981323,8.5464019,5.901000499725342,5.587000370025635,-0.009999999776482582,-0.009999999776482582,-1.4900000095367432,-0.04666787385940552,-0.07301099598407745,-9.591594696044922,-0.0028649058658629656,-0.004917084705084562,0.0003759161336347461,88.0,15.962000846862793
1776230789.9259737,2026-04-15T05:26:29.925974,attack_triangle_gpsinput_drift,01,47.3981323,8.5464019,5.913000106811523,5.599000453948975,-0.009999999776482582,-0.009999999776482582,-1.4900000095367432,-0.0484163835644722,-0.06524201482534409,-9.550503730773926,-0.002683494007214904,-0.006065144203603268,-0.00019781490846071392,88.0,15.962000846862793
1776230790.0306606,2026-04-15T05:26:30.030661,attack_triangle_gpsinput_drift,01,47.3981323,8.5464019,5.938000202178955,5.625000476837158,-0.009999999776482582,-0.009999999776482582,-1.4900000095367432,-0.04548024386167526,-0.06322864443063736,-9.560652732849121,-0.0017382703954353929,-0.003648410551249981,0.0003441470908001065,88.0,15.962000846862793
1776230790.1327636,2026-04-15T05:26:30.132764,attack_triangle_gpsinput_drift,01,47.3981323,8.5464019,5.938000202178955,5.625000476837158,-0.009999999776482582,-0.009999999776482582,-1.4900000095367432,-0.04548024386167526,-0.06322864443063736,-9.560652732849121,-0.0017382703954353929,-0.003648410551249981,0.0003441470908001065,88.0,15.962000846862793
1776230790.2353168,2026-04-15T05:26:30.235317,attack_triangle_gpsinput_drift,01,47.3981323,8.5464019,5.99500036239624,5.681000232696533,-0.009999999776482582,-0.009999999776482582,-1.4800000190734863,-0.0413588285446167,-0.06255462765693665,-9.590360641479492,-0.0020931262988597155,-0.005410690326243639,0.00031879107700660825,88.0,15.962000846862793
1776230790.3417768,2026-04-15T05:26:30.341777,attack_triangle_gpsinput_drift,01,47.3981323,8.5464019,5.99500036239624,5.681000232696533,-0.009999999776482582,-0.009999999776482582,-1.4800000190734863,-0.0413588285446167,-0.06255462765693665,-9.590360641479492,-0.0020931262988597155,-0.005410690326243639,0.00031879107700660825,88.0,15.962000846862793
1776230790.4474158,2026-04-15T05:26:30.447416,attack_triangle_gpsinput_drift,01,47.3981323,8.5464019,6.020000457763672,5.706000328063965,-0.009999999776482582,-0.009999999776482582,-1.4800000190734863,-0.044029541313648224,-0.06353352218866348,-9.588531494140625,-0.001603136770427227,-0.004658858757466078,-0.00041867088293656707,88.0,15.962000846862793
1776230790.550181,2026-04-15T05:26:30.550181,attack_triangle_gpsinput_drift,01,47.3981323,8.5464019,6.045000076293945,5.732000350952148,-0.009999999776482582,-0.009999999776482582,-1.4800000190734863,-0.040680885314941406,-0.06698104739189148,-9.596693992614746,-0.0017453160835430026,-0.006014883052557707,0.00023748674720991403,88.0,15.962000846862793
1776230790.654574,2026-04-15T05:26:30.654574,attack_triangle_gpsinput_drift,01,47.3981323,8.5464019,6.083000183105469,5.769000053405762,-0.009999999776482582,-0.009999999776482582,-1.4800000190734863,-0.04766140878200531,-0.060618579387664795,-9.59508991241455,-0.002656312193721533,-0.006664155051112175,0.0007550038862973452,88.0,15.962000846862793
1776230790.7590728,2026-04-15T05:26:30.759073,attack_triangle_gpsinput_drift,01,47.3981323,8.5464019,6.1080002784729,5.794000148773193,-0.009999999776482582,-0.009999999776482582,-1.4800000190734863,-0.04596153646707535,-0.0677124559879303,-9.657316207885742,-0.002464371733367443,-0.004485814366489649,0.00013414215936791152,88.0,15.962000846862793
1776230790.8616092,2026-04-15T05:26:30.861609,attack_triangle_gpsinput_drift,01,47.3981323,8.5464019,6.133000373840332,5.819000244140625,-0.009999999776482582,-0.009999999776482582,-1.4800000190734863,-0.047377198934555054,-0.06033074110746384,-9.604100227355957,-0.0011764027876779437,-0.003515275428071618,0.0012607770040631294,88.0,15.962000846862793
1776230790.9660513,2026-04-15T05:26:30.966051,attack_triangle_gpsinput_drift,01,47.3981323,8.5464019,6.133000373840332,5.819000244140625,-0.009999999776482582,-0.009999999776482582,-1.4800000190734863,-0.047377198934555054,-0.06033074110746384,-9.604100227355957,-0.0011764027876779437,-0.003515275428071618,0.0012607770040631294,88.0,15.962000846862793
1776230791.0778067,2026-04-15T05:26:31.077807,attack_triangle_gpsinput_drift,01,47.3981323,8.5464019,6.1710004806518555,5.857000350952148,-0.009999999776482582,-0.009999999776482582,-1.4800000190734863,-0.035746581852436066,-0.0688009113073349,-9.68478012084961,-0.00045778846833854914,-0.007064690813422203,0.00040408357745036483,88.0,15.962000846862793
1776230791.3274002,2026-04-15T05:26:31.327400,attack_triangle_gpsinput_drift,01,47.3981323,8.5464019,6.1710004806518555,5.857000350952148,-0.009999999776482582,-0.009999999776482582,-1.4800000190734863,-0.035746581852436066,-0.0688009113073349,-9.68478012084961,-0.00045778846833854914,-0.007064690813422203,0.00040408357745036483,88.0,15.962000846862793
1776230791.4310296,2026-04-15T05:26:31.431030,attack_triangle_gpsinput_drift,01,47.3981323,8.5464019,6.1710004806518555,5.857000350952148,-0.009999999776482582,-0.009999999776482582,-1.4800000190734863,-0.035746581852436066,-0.0688009113073349,-9.68478012084961,-0.00045778846833854914,-0.007064690813422203,0.00040408357745036483,88.0,15.962000846862793
1776230791.5325325,2026-04-15T05:26:31.532532,attack_triangle_gpsinput_drift,01,47.3981323,8.5464019,6.208000183105469,5.894000053405762,-0.009999999776482582,-0.009999999776482582,-1.4800000190734863,-0.03947383910417557,-0.06585744023323059,-9.645718574523926,-0.000796753098256886,-0.005498663056641817,0.0008350650896318257,88.0,15.962000846862793
1776230791.6343696,2026-04-15T05:26:31.634370,attack_triangle_gpsinput_drift,01,47.3981323,8.5464019,6.208000183105469,5.894000053405762,-0.009999999776482582,-0.009999999776482582,-1.4800000190734863,-0.03947383910417557,-0.06585744023323059,-9.645718574523926,-0.000796753098256886,-0.005498663056641817,0.0008350650896318257,88.0,15.962000846862793
1776230791.7460294,2026-04-15T05:26:31.746029,attack_triangle_gpsinput_drift,01,47.3981323,8.5464019,6.2330002784729,5.919000148773193,-0.009999999776482582,-0.009999999776482582,-1.4800000190734863,-0.04306052625179291,-0.056006092578172684,-9.640804290771484,-0.0002992910740431398,-0.003939565736800432,0.0003443747991696,88.0,15.962000846862793
1776230791.8481295,2026-04-15T05:26:31.848130,attack_triangle_gpsinput_drift,01,47.3981322,8.5464019,6.271000385284424,5.957000255584717,-0.009999999776482582,-0.009999999776482582,-1.46999990940094,-0.048218533396720886,-0.06297073513269424,-9.607627868652344,-0.0007429972756654024,-0.002628833521157503,-0.0004760450101457536,88.0,15.962000846862793
1776230791.9501529,2026-04-15T05:26:31.950153,attack_triangle_gpsinput_drift,01,47.3981322,8.5464019,6.271000385284424,5.957000255584717,-0.009999999776482582,-0.009999999776482582,-1.46999990940094,-0.048218533396720886,-0.06297073513269424,-9.607627868652344,-0.0007429972756654024,-0.002628833521157503,-0.0004760450101457536,88.0,15.962000846862793
1776230792.054048,2026-04-15T05:26:32.054048,attack_triangle_gpsinput_drift,01,47.3981322,8.5464019,6.2960004806518555,5.982000350952148,-0.009999999776482582,-0.009999999776482582,-1.46999990940094,-0.04231443256139755,-0.062078773975372314,-9.647994995117188,-4.2926156311295927e-05,-0.0024160000029951334,5.3880983614362776e-05,88.0,15.962000846862793
1776230792.1576579,2026-04-15T05:26:32.157658,attack_triangle_gpsinput_drift,01,47.3981322,8.5464019,6.2960004806518555,5.982000350952148,-0.009999999776482582,-0.009999999776482582,-1.46999990940094,-0.04231443256139755,-0.062078773975372314,-9.647994995117188,-4.2926156311295927e-05,-0.0024160000029951334,5.3880983614362776e-05,88.0,15.962000846862793
1776230792.259079,2026-04-15T05:26:32.259079,attack_triangle_gpsinput_drift,01,47.3981322,8.5464019,6.333000183105469,6.019000053405762,-0.009999999776482582,-0.009999999776482582,-1.46999990940094,-0.04681716114282608,-0.05891191214323044,-9.664280891418457,0.00010825267963809893,-0.0026936859358102083,-0.00022746319882571697,88.0,15.962000846862793
1776230792.3669136,2026-04-15T05:26:32.366914,attack_triangle_gpsinput_drift,01,47.3981322,8.5464019,6.333000183105469,6.019000053405762,-0.009999999776482582,-0.009999999776482582,-1.46999990940094,-0.04681716114282608,-0.05891191214323044,-9.664280891418457,0.00010825267963809893,-0.0026936859358102083,-0.00022746319882571697,88.0,15.962000846862793
1776230792.4700356,2026-04-15T05:26:32.470036,attack_triangle_gpsinput_drift,01,47.3981322,8.5464019,6.39400053024292,6.080000400543213,-0.009999999776482582,-0.009999999776482582,-1.46999990940094,-0.05255502462387085,-0.058381520211696625,-9.637347221374512,-0.0035494465846568346,-0.0016282168217003345,-0.0004780783783644438,88.0,15.962000846862793
1776230792.5737677,2026-04-15T05:26:32.573768,attack_triangle_gpsinput_drift,01,47.3981322,8.5464019,6.407000541687012,6.093000411987305,-0.009999999776482582,-0.009999999776482582,-1.46999990940094,-0.043489471077919006,-0.062136102467775345,-9.71439266204834,-0.00461589265614748,-0.0016973428428173065,5.115715612191707e-05,88.0,15.962000846862793
1776230792.6766827,2026-04-15T05:26:32.676683,attack_triangle_gpsinput_drift,01,47.3981322,8.5464019,6.431000232696533,6.117000102996826,-0.009999999776482582,-0.009999999776482582,-1.46999990940094,-0.04254484176635742,-0.06796815991401672,-9.756099700927734,-0.0023936289362609386,-0.002387351356446743,-0.000755698187276721,88.0,15.962000846862793
1776230792.7810168,2026-04-15T05:26:32.781017,attack_triangle_gpsinput_drift,01,47.3981322,8.5464019,6.431000232696533,6.117000102996826,-0.009999999776482582,-0.009999999776482582,-1.46999990940094,-0.04254484176635742,-0.06796815991401672,-9.756099700927734,-0.0023936289362609386,-0.002387351356446743,-0.000755698187276721,88.0,15.962000846862793
1776230792.8825893,2026-04-15T05:26:32.882589,attack_triangle_gpsinput_drift,01,47.3981322,8.5464019,6.504000186920166,6.190000057220459,-0.009999999776482582,-0.009999999776482582,-1.46999990940094,-0.05337595194578171,-0.06701360642910004,-9.797769546508789,-0.0027065733447670937,-0.002913303440436721,0.0010185454739257693,88.0,15.962000846862793
1776230792.9837954,2026-04-15T05:26:32.983795,attack_triangle_gpsinput_drift,01,47.3981322,8.5464019,6.558000087738037,6.244000434875488,-0.009999999776482582,-0.009999999776482582,-1.46999990940094,-0.04311511665582657,-0.05607251450419426,-9.750908851623535,-0.004789601545780897,-0.0029023936949670315,-0.0011038669617846608,88.0,15.962000846862793
1776230793.0861807,2026-04-15T05:26:33.086181,attack_triangle_gpsinput_drift,01,47.3981322,8.5464019,6.558000087738037,6.244000434875488,-0.009999999776482582,-0.009999999776482582,-1.46999990940094,-0.04311511665582657,-0.05607251450419426,-9.750908851623535,-0.004789601545780897,-0.0029023936949670315,-0.0011038669617846608,88.0,15.962000846862793
1776230793.1908176,2026-04-15T05:26:33.190818,attack_triangle_gpsinput_drift,01,47.3981322,8.5464019,6.594000339508057,6.28000020980835,-0.009999999776482582,-0.009999999776482582,-1.46999990940094,-0.049013957381248474,-0.06611103564500809,-9.711952209472656,-0.004794767592102289,-0.0027245364617556334,0.0009993320563808084,88.0,15.962000846862793
1776230793.2946436,2026-04-15T05:26:33.294644,attack_triangle_gpsinput_drift,01,47.3981322,8.5464019,6.631000518798828,6.317000389099121,-0.009999999776482582,-0.009999999776482582,-1.459999918937683,-0.04378102719783783,-0.0694713443517685,-9.74333667755127,-0.002770366845652461,-0.005120161920785904,-0.00040223245741799474,88.0,15.962000846862793
1776230793.3979158,2026-04-15T05:26:33.397916,attack_triangle_gpsinput_drift,01,47.3981322,8.5464019,6.65500020980835,6.341000080108643,-0.009999999776482582,-0.009999999776482582,-1.459999918937683,-0.046162255108356476,-0.06352537870407104,-9.77734088897705,-0.0037545543164014816,-0.0035424507223069668,-0.0006005883915349841,88.0,15.962000846862793
1776230793.5027788,2026-04-15T05:26:33.502779,attack_triangle_gpsinput_drift,01,47.3981322,8.5464019,6.679000377655029,6.365000247955322,-0.009999999776482582,-0.009999999776482582,-1.459999918937683,-0.045357994735240936,-0.06118379905819893,-9.755566596984863,-0.0036345613189041615,-0.004612174350768328,-1.269162748940289e-05,88.0,15.962000846862793
1776230793.6058595,2026-04-15T05:26:33.605860,attack_triangle_gpsinput_drift,01,47.3981322,8.5464019,6.704000473022461,6.390000343322754,-0.009999999776482582,-0.009999999776482582,-1.459999918937683,-0.046418868005275726,-0.06440316885709763,-9.729303359985352,-0.0033095460385084152,-0.004222407471388578,-0.0003179549821652472,88.0,15.962000846862793
1776230793.709935,2026-04-15T05:26:33.709935,attack_triangle_gpsinput_drift,01,47.3981322,8.5464019,6.752000331878662,6.438000202178955,-0.009999999776482582,-0.009999999776482582,-1.459999918937683,-0.0435536652803421,-0.0599471740424633,-9.82087230682373,-0.003949564415961504,-0.003896992886438966,-0.00041419488843530416,88.0,15.962000846862793
1776230793.8132005,2026-04-15T05:26:33.813200,attack_triangle_gpsinput_drift,01,47.3981322,8.5464019,6.776000499725342,6.462000370025635,-0.009999999776482582,-0.009999999776482582,-1.46999990940094,-0.03411364555358887,-0.06891181319952011,-9.795872688293457,-0.0038324897177517414,-0.004559098742902279,-0.000682660611346364,88.0,15.962000846862793
1776230793.9231124,2026-04-15T05:26:33.923112,attack_triangle_gpsinput_drift,01,47.3981322,8.5464019,6.801000118255615,6.487000465393066,-0.009999999776482582,-0.009999999776482582,-1.4800000190734863,-0.036827728152275085,-0.059880249202251434,-9.816627502441406,-0.003054072381928563,-0.002093143993988633,-0.00031017305445857346,88.0,15.962000846862793
1776230794.0285163,2026-04-15T05:26:34.028516,attack_triangle_gpsinput_drift,01,47.3981322,8.5464019,6.837000370025635,6.523000240325928,-0.009999999776482582,-0.009999999776482582,-1.4800000190734863,-0.03815922886133194,-0.05694802105426788,-9.735758781433105,-0.0027704224921762943,-5.6708122428972274e-05,-0.0014485216233879328,88.0,15.962000846862793
1776230794.130795,2026-04-15T05:26:34.130795,attack_triangle_gpsinput_drift,01,47.3981322,8.5464019,6.8610005378723145,6.547000408172607,-0.009999999776482582,-0.009999999776482582,-1.4900000095367432,-0.05285078287124634,-0.06544166803359985,-9.716694831848145,-0.003520503407344222,0.0007520741201005876,-0.0005876370123587549,88.0,15.962000846862793
1776230794.2382145,2026-04-15T05:26:34.238214,attack_triangle_gpsinput_drift,01,47.3981322,8.5464019,6.8610005378723145,6.547000408172607,-0.009999999776482582,-0.009999999776482582,-1.4900000095367432,-0.05285078287124634,-0.06544166803359985,-9.716694831848145,-0.003520503407344222,0.0007520741201005876,-0.0005876370123587549,88.0,15.962000846862793
1776230794.3430107,2026-04-15T05:26:34.343011,attack_triangle_gpsinput_drift,01,47.3981321,8.5464019,6.897000312805176,6.583000183105469,-0.009999999776482582,-0.009999999776482582,-1.4900000095367432,-0.043173305690288544,-0.058115266263484955,-9.66246509552002,-0.0041422792710363865,-0.001035896479152143,-0.0002072082133963704,88.0,15.962000846862793
1776230794.445865,2026-04-15T05:26:34.445865,attack_triangle_gpsinput_drift,01,47.3981321,8.5464019,6.922000408172607,6.6080002784729,-0.009999999776482582,-0.009999999776482582,-1.4900000095367432,-0.0459827184677124,-0.05206962674856186,-9.657782554626465,-0.003628108650445938,-0.0013528004055842757,-0.00011532175994943827,88.0,15.962000846862793
1776230794.548602,2026-04-15T05:26:34.548602,attack_triangle_gpsinput_drift,01,47.3981321,8.5464019,6.946000099182129,6.63200044631958,-0.009999999776482582,-0.009999999776482582,-1.4900000095367432,-0.04683374613523483,-0.06972110271453857,-9.664244651794434,-0.003420053981244564,-0.002066691406071186,-0.0009720873204059899,88.0,15.962000846862793
1776230794.650051,2026-04-15T05:26:34.650051,attack_triangle_gpsinput_drift,01,47.3981321,8.5464019,6.982000350952148,6.668000221252441,-0.009999999776482582,-0.009999999776482582,-1.4900000095367432,-0.04982832074165344,-0.05811213701963425,-9.5966157913208,-0.003665284253656864,-0.0010886287782341242,-0.0003091295366175473,88.0,15.962000846862793
1776230794.7542489,2026-04-15T05:26:34.754249,attack_triangle_gpsinput_drift,01,47.3981321,8.5464019,7.01900053024292,6.705000400543213,-0.009999999776482582,-0.009999999776482582,-1.4900000095367432,-0.043592847883701324,-0.06313271820545197,-9.617066383361816,-0.0036310809664428234,0.0012777941301465034,-0.001178921665996313,88.0,15.962000846862793
1776230794.871858,2026-04-15T05:26:34.871858,attack_triangle_gpsinput_drift,01,47.3981321,8.5464019,7.043000221252441,6.729000091552734,-0.009999999776482582,-0.009999999776482582,-1.4900000095367432,-0.0540328249335289,-0.06684587150812149,-9.60348892211914,-0.0026611769571900368,-0.00015784622519277036,-0.0011610724031925201,88.0,15.962000846862793
1776230794.9748445,2026-04-15T05:26:34.974844,attack_triangle_gpsinput_drift,01,47.3981321,8.5464019,7.068000316619873,6.754000186920166,-0.009999999776482582,-0.009999999776482582,-1.4900000095367432,-0.04119335114955902,-0.06395326554775238,-9.612387657165527,-0.0031273632775992155,-0.0008486573351547122,-0.001749852322973311,88.0,15.962000846862793
1776230795.0759122,2026-04-15T05:26:35.075912,attack_triangle_gpsinput_drift,01,47.3981321,8.5464019,7.068000316619873,6.754000186920166,-0.009999999776482582,-0.009999999776482582,-1.4900000095367432,-0.04119335114955902,-0.06395326554775238,-9.612387657165527,-0.0031273632775992155,-0.0008486573351547122,-0.001749852322973311,88.0,15.962000846862793
1776230795.1793308,2026-04-15T05:26:35.179331,attack_triangle_gpsinput_drift,01,47.3981321,8.5464019,7.092000484466553,6.778000354766846,-0.009999999776482582,-0.009999999776482582,-1.4900000095367432,-0.053188927471637726,-0.0643460601568222,-9.628189086914062,-0.0008318603504449129,-0.00048564892495051026,-0.0007317011477425694,88.0,15.962000846862793
1776230795.281891,2026-04-15T05:26:35.281891,attack_triangle_gpsinput_drift,01,47.3981321,8.5464019,7.116000175476074,6.802000522613525,-0.009999999776482582,-0.009999999776482582,-1.4900000095367432,-0.047857291996479034,-0.0684194564819336,-9.611790657043457,5.5747877922840416e-05,-0.0014083532150834799,-0.00122332782484591,88.0,15.962000846862793
1776230795.3879905,2026-04-15T05:26:35.387990,attack_triangle_gpsinput_drift,01,47.3981321,8.5464019,7.140000343322754,6.827000141143799,-0.009999999776482582,-0.009999999776482582,-1.4900000095367432,-0.046122364699840546,-0.06318242102861404,-9.629953384399414,0.00010120573278982192,-0.0024411333724856377,-0.0005053667700849473,88.0,15.962000846862793
1776230795.4917402,2026-04-15T05:26:35.491740,attack_triangle_gpsinput_drift,01,47.3981321,8.5464019,7.201000213623047,6.887000560760498,0.0,-0.009999999776482582,-1.4900000095367432,-0.03850475698709488,-0.06534259766340256,-9.684335708618164,-0.0019494830630719662,-0.0033392205368727446,-0.0004253172082826495,88.0,15.962000846862793
1776230795.5981057,2026-04-15T05:26:35.598106,attack_triangle_gpsinput_drift,01,47.3981321,8.5464019,7.249000549316406,6.935000419616699,0.0,-0.009999999776482582,-1.4800000190734863,-0.04270591586828232,-0.07254882901906967,-9.690604209899902,-0.0009981237817555666,-0.0017950355540961027,0.0003958179149776697,88.0,15.962000846862793
1776230795.7009418,2026-04-15T05:26:35.700942,attack_triangle_gpsinput_drift,01,47.3981321,8.5464019,7.273000240325928,6.959000110626221,0.0,-0.009999999776482582,-1.4800000190734863,-0.04445429891347885,-0.06333562731742859,-9.721028327941895,0.000846435665152967,-0.0029518501833081245,-7.03043260728009e-05,88.0,15.962000846862793
1776230795.8019955,2026-04-15T05:26:35.801996,attack_triangle_gpsinput_drift,01,47.3981321,8.5464019,7.273000240325928,6.959000110626221,0.0,-0.009999999776482582,-1.4800000190734863,-0.04445429891347885,-0.06333562731742859,-9.721028327941895,0.000846435665152967,-0.0029518501833081245,-7.03043260728009e-05,88.0,15.962000846862793
1776230795.9077897,2026-04-15T05:26:35.907790,attack_triangle_gpsinput_drift,01,47.3981321,8.5464019,7.309000492095947,6.99500036239624,0.0,-0.009999999776482582,-1.4800000190734863,-0.050001636147499084,-0.06754390895366669,-9.711883544921875,0.0005026314174756408,-0.0010868312092497945,-0.000532311387360096,88.0,15.962000846862793
1776230796.0101678,2026-04-15T05:26:36.010168,attack_triangle_gpsinput_drift,01,47.3981321,8.5464019,7.333000183105469,7.01900053024292,0.0,-0.009999999776482582,-1.4800000190734863,-0.04163262993097305,-0.06065279617905617,-9.69435977935791,-0.0009680597577244043,-0.0010798471048474312,-0.0007719438290223479,85.0,15.902000427246094
1776230796.1142213,2026-04-15T05:26:36.114221,attack_triangle_gpsinput_drift,01,47.3981321,8.5464019,7.37000036239624,7.056000232696533,0.0,-0.009999999776482582,-1.4800000190734863,-0.03811471909284592,-0.059264615178108215,-9.711186408996582,0.0004623237473424524,-0.0021479728166013956,-0.00014248775551095605,85.0,15.902000427246094
1776230796.216898,2026-04-15T05:26:36.216898,attack_triangle_gpsinput_drift,01,47.3981321,8.5464019,7.406000137329102,7.092000484466553,0.0,-0.009999999776482582,-1.4800000190734863,-0.04482850432395935,-0.06239219382405281,-9.722442626953125,0.0011130024213343859,-0.001268039341084659,-0.0009544390486553311,85.0,15.902000427246094
1776230796.3176427,2026-04-15T05:26:36.317643,attack_triangle_gpsinput_drift,01,47.3981321,8.5464019,7.406000137329102,7.092000484466553,0.0,-0.009999999776482582,-1.4800000190734863,-0.04482850432395935,-0.06239219382405281,-9.722442626953125,0.0011130024213343859,-0.001268039341084659,-0.0009544390486553311,85.0,15.902000427246094
1776230796.422154,2026-04-15T05:26:36.422154,attack_triangle_gpsinput_drift,01,47.3981321,8.5464019,7.442000389099121,7.128000259399414,0.0,-0.009999999776482582,-1.4800000190734863,-0.042958684265613556,-0.0616958886384964,-9.750367164611816,0.0007126729469746351,-0.0028271202463656664,-0.0003468922805041075,85.0,15.902000427246094
1776230796.524809,2026-04-15T05:26:36.524809,attack_triangle_gpsinput_drift,01,47.3981321,8.5464019,7.48900032043457,7.175000190734863,0.0,-0.009999999776482582,-1.4800000190734863,-0.04351574927568436,-0.06289089471101761,-9.770023345947266,0.00076853740029037,-0.0007371844258159399,-0.00048329896526411176,85.0,15.902000427246094
1776230796.6265361,2026-04-15T05:26:36.626536,attack_triangle_gpsinput_drift,01,47.3981321,8.5464019,7.51300048828125,7.199000358581543,0.0,-0.009999999776482582,-1.4800000190734863,-0.05015669763088226,-0.05772295221686363,-9.652507781982422,0.0015796103980392218,-0.0023442492820322514,-0.0009230750729329884,85.0,15.902000427246094
1776230796.7347922,2026-04-15T05:26:36.734792,attack_triangle_gpsinput_drift,01,47.3981321,8.5464018,7.555000305175781,7.241000175476074,0.0,-0.009999999776482582,-1.4800000190734863,-0.04919028282165527,-0.06265728920698166,-9.810624122619629,0.0009999453322961926,-0.0036079806741327047,-0.00018353809718973935,85.0,15.902000427246094
1776230796.836659,2026-04-15T05:26:36.836659,attack_triangle_gpsinput_drift,01,47.3981321,8.5464018,7.603000164031982,7.289000511169434,0.0,-0.009999999776482582,-1.4800000190734863,-0.053450509905815125,-0.058609846979379654,-9.724281311035156,0.0019337651319801807,-0.0007981871603988111,0.0003184610977768898,85.0,15.902000427246094
1776230796.9382536,2026-04-15T05:26:36.938254,attack_triangle_gpsinput_drift,01,47.3981321,8.5464018,7.63800048828125,7.325000286102295,0.0,-0.009999999776482582,-1.4800000190734863,-0.036478497087955475,-0.05808980017900467,-9.730500221252441,0.001830372610129416,0.0017382367514073849,-0.0006151391426101327,85.0,15.902000427246094
1776230797.0412252,2026-04-15T05:26:37.041225,attack_triangle_gpsinput_drift,01,47.3981321,8.5464018,7.6620001792907715,7.348000526428223,0.0,-0.009999999776482582,-1.46999990940094,-0.039813876152038574,-0.060988638550043106,-9.81204891204834,0.0013551554875448346,-0.00015769590390846133,-0.0005209094961173832,85.0,15.902000427246094
1776230797.1436043,2026-04-15T05:26:37.143604,attack_triangle_gpsinput_drift,01,47.3981321,8.5464018,7.6620001792907715,7.348000526428223,0.0,-0.009999999776482582,-1.46999990940094,-0.039813876152038574,-0.060988638550043106,-9.81204891204834,0.0013551554875448346,-0.00015769590390846133,-0.0005209094961173832,85.0,15.902000427246094
1776230797.249071,2026-04-15T05:26:37.249071,attack_triangle_gpsinput_drift,01,47.3981321,8.5464018,7.698000431060791,7.384000301361084,0.0,-0.009999999776482582,-1.46999990940094,-0.04821479320526123,-0.06145782023668289,-9.770668983459473,0.002154181245714426,0.0009308147709816694,0.00028514693258330226,85.0,15.902000427246094
1776230797.3534744,2026-04-15T05:26:37.353474,attack_triangle_gpsinput_drift,01,47.3981321,8.5464018,7.698000431060791,7.384000301361084,0.0,-0.009999999776482582,-1.46999990940094,-0.04821479320526123,-0.06145782023668289,-9.770668983459473,0.002154181245714426,0.0009308147709816694,0.00028514693258330226,85.0,15.902000427246094
1776230797.4590423,2026-04-15T05:26:37.459042,attack_triangle_gpsinput_drift,01,47.3981321,8.5464018,7.7210001945495605,7.407000541687012,0.0,-0.009999999776482582,-1.4800000190734863,-0.04246581345796585,-0.05471166968345642,-9.782365798950195,0.0011494893115013838,0.0007172630866989493,-0.0001531469024484977,85.0,15.902000427246094
1776230797.5703251,2026-04-15T05:26:37.570325,attack_triangle_gpsinput_drift,01,47.3981321,8.5464018,7.7210001945495605,7.407000541687012,0.0,-0.009999999776482582,-1.4800000190734863,-0.04246581345796585,-0.05471166968345642,-9.782365798950195,0.0011494893115013838,0.0007172630866989493,-0.0001531469024484977,85.0,15.902000427246094
1776230797.6753678,2026-04-15T05:26:37.675368,attack_triangle_gpsinput_drift,01,47.3981321,8.5464018,7.75100040435791,7.437000274658203,0.0,-0.009999999776482582,-1.4800000190734863,-0.05873224884271622,-0.06236264854669571,-9.715132713317871,9.41543112276122e-05,0.0007758161518722773,0.0006797549431212246,85.0,15.902000427246094
1776230797.7807798,2026-04-15T05:26:37.780780,attack_triangle_gpsinput_drift,01,47.3981321,8.5464018,7.75100040435791,7.437000274658203,0.0,-0.009999999776482582,-1.4800000190734863,-0.05873224884271622,-0.06236264854669571,-9.715132713317871,9.41543112276122e-05,0.0007758161518722773,0.0006797549431212246,85.0,15.902000427246094
1776230797.888885,2026-04-15T05:26:37.888885,attack_triangle_gpsinput_drift,01,47.3981321,8.5464018,7.7860002517700195,7.4720001220703125,0.0,-0.009999999776482582,-1.4800000190734863,-0.048606351017951965,-0.0711609274148941,-9.649581909179688,0.0005961754941381514,-0.0005028150626458228,-0.00016938804765231907,85.0,15.902000427246094
1776230797.9913845,2026-04-15T05:26:37.991385,attack_triangle_gpsinput_drift,01,47.3981321,8.5464018,7.7860002517700195,7.4720001220703125,0.0,-0.009999999776482582,-1.4800000190734863,-0.048606351017951965,-0.0711609274148941,-9.649581909179688,0.0005961754941381514,-0.0005028150626458228,-0.00016938804765231907,85.0,15.902000427246094
1776230798.0949714,2026-04-15T05:26:38.094971,attack_triangle_gpsinput_drift,01,47.3981321,8.5464018,7.822000503540039,7.508000373840332,0.0,-0.009999999776482582,-1.4800000190734863,-0.048557884991168976,-0.06678761541843414,-9.486924171447754,0.001218221615999937,0.0011878692312166095,0.0007013990543782711,85.0,15.902000427246094
1776230798.1996338,2026-04-15T05:26:38.199634,attack_triangle_gpsinput_drift,01,47.3981321,8.5464018,7.822000503540039,7.508000373840332,0.0,-0.009999999776482582,-1.4800000190734863,-0.048557884991168976,-0.06678761541843414,-9.486924171447754,0.001218221615999937,0.0011878692312166095,0.0007013990543782711,85.0,15.902000427246094
1776230798.3012204,2026-04-15T05:26:38.301220,attack_triangle_gpsinput_drift,01,47.3981321,8.5464018,7.845000267028809,7.531000137329102,0.0,-0.009999999776482582,-1.46999990940094,-0.04470658302307129,-0.05238908529281616,-9.344682693481445,0.0013945234240964055,0.0031410749070346355,-0.0004074089811183512,85.0,15.902000427246094
1776230798.4167798,2026-04-15T05:26:38.416780,attack_triangle_gpsinput_drift,01,47.3981321,8.5464018,7.845000267028809,7.531000137329102,0.0,-0.009999999776482582,-1.46999990940094,-0.05792541056871414,-0.062390804290771484,-9.250669479370117,0.003853435395285487,0.0031844880431890488,-7.468217518180609e-06,85.0,15.902000427246094
1776230798.5186243,2026-04-15T05:26:38.518624,attack_triangle_gpsinput_drift,01,47.3981321,8.5464018,7.868000507354736,7.554000377655029,0.0,-0.009999999776482582,-1.46999990940094,-0.05792541056871414,-0.062390804290771484,-9.250669479370117,0.003853435395285487,0.0031844880431890488,-7.468217518180609e-06,85.0,15.902000427246094
1776230798.6223755,2026-04-15T05:26:38.622375,attack_triangle_gpsinput_drift,01,47.3981321,8.5464018,7.903000354766846,7.589000225067139,0.0,-0.009999999776482582,-1.459999918937683,-0.048637256026268005,-0.06331849098205566,-9.185629844665527,0.0037054524291306734,-0.0002922232379205525,-0.0006094126729294658,85.0,15.902000427246094
1776230798.7248688,2026-04-15T05:26:38.724869,attack_triangle_gpsinput_drift,01,47.3981321,8.5464018,7.938000202178955,7.624000549316406,0.0,-0.009999999776482582,-1.4399999380111694,-0.05325856804847717,-0.05435352399945259,-9.087815284729004,0.003506964771077037,0.002012248383834958,-0.00020662530732806772,85.0,15.902000427246094
1776230798.8382328,2026-04-15T05:26:38.838233,attack_triangle_gpsinput_drift,01,47.3981321,8.5464018,7.961000442504883,7.647000312805176,0.0,-0.009999999776482582,-1.4299999475479126,-0.045497775077819824,-0.06309299170970917,-9.018461227416992,0.004967904184013605,0.002208865247666836,-0.0004745373735204339,85.0,15.902000427246094
1776230798.9398708,2026-04-15T05:26:38.939871,attack_triangle_gpsinput_drift,01,47.3981321,8.5464018,7.9830002784729,7.6700005531311035,0.0,-0.009999999776482582,-1.4199999570846558,-0.05119699239730835,-0.06773408502340317,-9.063904762268066,0.004058538470417261,0.001420566695742309,0.0009822694119066,85.0,15.902000427246094
1776230799.0413878,2026-04-15T05:26:39.041388,attack_triangle_gpsinput_drift,01,47.3981321,8.5464018,8.017000198364258,7.703000545501709,0.0,-0.009999999776482582,-1.399999976158142,-0.05134475976228714,-0.059588730335235596,-9.08562183380127,0.0048159342259168625,0.0026970033068209887,0.0005792659940198064,85.0,15.902000427246094
1776230799.1432328,2026-04-15T05:26:39.143233,attack_triangle_gpsinput_drift,01,47.3981321,8.5464018,8.017000198364258,7.703000545501709,0.0,-0.009999999776482582,-1.399999976158142,-0.05134475976228714,-0.059588730335235596,-9.08562183380127,0.0048159342259168625,0.0026970033068209887,0.0005792659940198064,85.0,15.902000427246094
1776230799.2460332,2026-04-15T05:26:39.246033,attack_triangle_gpsinput_drift,01,47.3981321,8.5464018,8.089000701904297,7.77500057220459,0.0,-0.009999999776482582,-1.3700000047683716,-0.044319212436676025,-0.0685969665646553,-9.179755210876465,0.005418386776000261,0.0027763843536376953,0.0013238945975899696,85.0,15.902000427246094
1776230799.3502998,2026-04-15T05:26:39.350300,attack_triangle_gpsinput_drift,01,47.3981321,8.5464018,8.111000061035156,7.797000408172607,0.0,-0.009999999776482582,-1.3600000143051147,-0.06031990051269531,-0.0660494789481163,-9.175675392150879,0.004952175542712212,0.0029639811255037785,0.0003059706650674343,85.0,15.902000427246094
1776230799.4537203,2026-04-15T05:26:39.453720,attack_triangle_gpsinput_drift,01,47.3981321,8.5464018,8.143000602722168,7.829000473022461,0.0,-0.009999999776482582,-1.350000023841858,-0.04500803351402283,-0.06449556350708008,-9.218544006347656,0.003357579931616783,0.003624304896220565,-0.00087043980602175,85.0,15.902000427246094
1776230799.5550418,2026-04-15T05:26:39.555042,attack_triangle_gpsinput_drift,01,47.3981321,8.5464018,8.201000213623047,7.887000560760498,0.0,-0.009999999776482582,-1.3199999332427979,-0.05152180790901184,-0.06753576546907425,-9.230170249938965,0.0036758924834430218,0.00392732722684741,0.0002508607576601207,85.0,15.902000427246094
1776230799.6570482,2026-04-15T05:26:39.657048,attack_triangle_gpsinput_drift,01,47.3981321,8.5464018,8.22700023651123,7.913000583648682,0.0,-0.009999999776482582,-1.309999942779541,-0.04747820645570755,-0.06263449788093567,-9.27358627319336,0.004118375480175018,0.003495285753160715,-0.0001693927770247683,85.0,15.902000427246094
1776230799.7591116,2026-04-15T05:26:39.759112,attack_triangle_gpsinput_drift,01,47.3981321,8.5464018,8.258000373840332,7.944000244140625,0.0,-0.009999999776482582,-1.2999999523162842,-0.04346699267625809,-0.06323360651731491,-9.267250061035156,0.003383802017197013,0.002727007959038019,-0.0004159140517003834,85.0,15.902000427246094
1776230799.8616884,2026-04-15T05:26:39.861688,attack_triangle_gpsinput_drift,01,47.3981321,8.5464018,8.278000831604004,7.964000225067139,0.0,-0.009999999776482582,-1.2899999618530273,-0.04036140441894531,-0.06407196819782257,-9.278371810913086,0.00456437049433589,0.003315854351967573,0.0012797527015209198,85.0,15.902000427246094
1776230799.963395,2026-04-15T05:26:39.963395,attack_triangle_gpsinput_drift,01,47.3981321,8.5464018,8.29800033569336,7.984000205993652,0.0,-0.009999999776482582,-1.2899999618530273,-0.053590238094329834,-0.07374495267868042,-9.279930114746094,0.005498794373124838,0.003888153238222003,-0.0019411438843235373,85.0,15.902000427246094
1776230800.068028,2026-04-15T05:26:40.068028,attack_triangle_gpsinput_drift,01,47.3981321,8.5464018,8.29800033569336,7.984000205993652,0.0,-0.009999999776482582,-1.2899999618530273,-0.053590238094329834,-0.07374495267868042,-9.279930114746094,0.005498794373124838,0.003888153238222003,-0.0019411438843235373,85.0,15.902000427246094
1776230800.176532,2026-04-15T05:26:40.176532,attack_triangle_gpsinput_drift,01,47.3981321,8.5464018,8.32800006866455,8.013999938964844,0.0,-0.009999999776482582,-1.2799999713897705,-0.04768843203783035,-0.05751654878258705,-9.277826309204102,0.006182232405990362,0.004078686702996492,0.0005691334954462945,85.0,15.902000427246094
1776230800.2784405,2026-04-15T05:26:40.278440,attack_triangle_gpsinput_drift,01,47.3981321,8.5464018,8.348000526428223,8.034000396728516,0.0,-0.009999999776482582,-1.2699999809265137,-0.043550558388233185,-0.06333106756210327,-9.253697395324707,0.006416040472686291,0.005539525765925646,0.0005406802520155907,85.0,15.902000427246094
1776230800.38122,2026-04-15T05:26:40.381220,attack_triangle_gpsinput_drift,01,47.3981322,8.5464018,8.37700080871582,8.064000129699707,0.0,-0.009999999776482582,-1.2599999904632568,-0.04592609405517578,-0.0565168634057045,-9.216087341308594,0.006326585076749325,0.004607907496392727,0.0005083612049929798,85.0,15.902000427246094
1776230800.4902034,2026-04-15T05:26:40.490203,attack_triangle_gpsinput_drift,01,47.3981322,8.5464018,8.407000541687012,8.093000411987305,0.0,-0.009999999776482582,-1.25,-0.04625614732503891,-0.06818115711212158,-9.299756050109863,0.005479178391396999,0.004466951824724674,-0.0008309527765959501,85.0,15.902000427246094
1776230800.59122,2026-04-15T05:26:40.591220,attack_triangle_gpsinput_drift,01,47.3981322,8.5464018,8.455000877380371,8.141000747680664,0.0,-0.009999999776482582,-1.2400000095367432,-0.04483544081449509,-0.06117779389023781,-9.313730239868164,0.004354019649326801,0.003992918878793716,-0.0004035146557725966,85.0,15.902000427246094
1776230800.6926658,2026-04-15T05:26:40.692666,attack_triangle_gpsinput_drift,01,47.3981322,8.5464018,8.493000030517578,8.179000854492188,0.009999999776482582,-0.009999999776482582,-1.2200000286102295,-0.047246143221855164,-0.06274884939193726,-9.278787612915039,0.005134246312081814,0.004361753351986408,0.00015639753837604076,85.0,15.902000427246094
1776230800.7940035,2026-04-15T05:26:40.794003,attack_triangle_gpsinput_drift,01,47.3981322,8.5464018,8.51200008392334,8.197999954223633,0.009999999776482582,-0.009999999776482582,-1.209999918937683,-0.05078200250864029,-0.06744516640901566,-9.295865058898926,0.0038644408341497183,0.005990018602460623,-0.0001817136217141524,85.0,15.902000427246094
1776230800.8960414,2026-04-15T05:26:40.896041,attack_triangle_gpsinput_drift,01,47.3981322,8.5464018,8.531000137329102,8.217000007629395,0.009999999776482582,-0.009999999776482582,-1.209999918937683,-0.041695736348629,-0.060151614248752594,-9.344070434570312,0.0032881353981792927,0.004075231961905956,-0.00019281884306110442,85.0,15.902000427246094
1776230800.9982805,2026-04-15T05:26:40.998281,attack_triangle_gpsinput_drift,01,47.3981322,8.546401699999999,8.559000015258789,8.245000839233398,0.009999999776482582,-0.009999999776482582,-1.1999999284744263,-0.04944127798080444,-0.059592172503471375,-9.338041305541992,0.004374327138066292,0.00318278674967587,-0.0009616959723643959,85.0,15.902000427246094
1776230801.1007252,2026-04-15T05:26:41.100725,attack_triangle_gpsinput_drift,01,47.3981322,8.546401699999999,8.57800006866455,8.263999938964844,0.009999999776482582,-0.009999999776482582,-1.1899999380111694,-0.0394737645983696,-0.05316643416881561,-9.308491706848145,0.0053861127234995365,0.002846399787813425,-0.00011285538494121283,85.0,15.902000427246094
1776230801.2043946,2026-04-15T05:26:41.204395,attack_triangle_gpsinput_drift,01,47.3981322,8.546401699999999,8.619000434875488,8.306000709533691,0.009999999776482582,-0.009999999776482582,-1.1699999570846558,-0.04712942987680435,-0.06213414669036865,-9.28125286102295,0.005439905449748039,0.0009172979043796659,8.78876744536683e-05,85.0,15.902000427246094
1776230801.3092628,2026-04-15T05:26:41.309263,attack_triangle_gpsinput_drift,01,47.3981322,8.546401699999999,8.63800048828125,8.324000358581543,0.009999999776482582,-0.009999999776482582,-1.159999966621399,-0.04757468402385712,-0.06158311665058136,-9.367332458496094,0.004150863736867905,0.002373427152633667,-0.000277392944553867,85.0,15.902000427246094
1776230801.410932,2026-04-15T05:26:41.410932,attack_triangle_gpsinput_drift,01,47.3981322,8.546401699999999,8.682000160217285,8.368000030517578,0.009999999776482582,-0.009999999776482582,-1.149999976158142,-0.04935333877801895,-0.0610162578523159,-9.304189682006836,0.005972187500447035,0.004588791634887457,-0.00024012537323869765,85.0,15.902000427246094
1776230801.5117588,2026-04-15T05:26:41.511759,attack_triangle_gpsinput_drift,01,47.3981322,8.546401699999999,8.726000785827637,8.41200065612793,0.0,-0.009999999776482582,-1.1299999952316284,-0.049427345395088196,-0.06245388463139534,-9.335612297058105,0.005163260735571384,0.003925930708646774,0.00013005941582378,85.0,15.902000427246094
1776230801.614806,2026-04-15T05:26:41.614806,attack_triangle_gpsinput_drift,01,47.3981322,8.546401699999999,8.75200080871582,8.438000679016113,0.0,0.0,-1.1200000047683716,-0.05540728569030762,-0.061041459441185,-9.314061164855957,0.004182725213468075,0.0026173307560384274,9.257624333258718e-05,85.0,15.902000427246094
1776230801.7224925,2026-04-15T05:26:41.722492,attack_triangle_gpsinput_drift,01,47.3981322,8.546401699999999,8.769000053405762,8.455000877380371,0.0,0.0,-1.1100000143051147,-0.05002690106630325,-0.06899981945753098,-9.307526588439941,0.004640459548681974,0.002384982304647565,0.0007167642470449209,85.0,15.902000427246094
1776230801.8237593,2026-04-15T05:26:41.823759,attack_triangle_gpsinput_drift,01,47.3981322,8.546401699999999,8.769000053405762,8.455000877380371,0.0,0.0,-1.1100000143051147,-0.05002690106630325,-0.06899981945753098,-9.307526588439941,0.004640459548681974,0.002384982304647565,0.0007167642470449209,85.0,15.902000427246094
1776230801.9288347,2026-04-15T05:26:41.928835,attack_triangle_gpsinput_drift,01,47.3981322,8.546401699999999,8.795000076293945,8.480999946594238,0.0,0.0,-1.100000023841858,-0.05004853010177612,-0.06731538474559784,-9.322176933288574,0.003714886959642172,0.0015800739638507366,0.0012847890611737967,85.0,15.902000427246094
1776230802.0307314,2026-04-15T05:26:42.030731,attack_triangle_gpsinput_drift,01,47.3981322,8.546401699999999,8.820000648498535,8.506000518798828,0.0,0.0,-1.090000033378601,-0.04996747523546219,-0.06289386004209518,-9.341431617736816,0.003084911499172449,0.0016947787953540683,0.0008954529766924679,85.0,15.902000427246094
1776230802.1351268,2026-04-15T05:26:42.135127,attack_triangle_gpsinput_drift,01,47.3981322,8.546401699999999,8.820000648498535,8.506000518798828,0.0,0.0,-1.090000033378601,-0.04996747523546219,-0.06289386004209518,-9.341431617736816,0.003084911499172449,0.0016947787953540683,0.0008954529766924679,85.0,15.902000427246094
1776230802.2369137,2026-04-15T05:26:42.236914,attack_triangle_gpsinput_drift,01,47.3981322,8.546401699999999,8.845000267028809,8.531000137329102,0.0,0.0,-1.0699999332427979,-0.04936901479959488,-0.06057126820087433,-9.37024974822998,0.0020967067684978247,0.002553226426243782,0.0007361292373389006,85.0,15.902000427246094
1776230802.3401494,2026-04-15T05:26:42.340149,attack_triangle_gpsinput_drift,01,47.3981322,8.546401699999999,8.869000434875488,8.555000305175781,0.0,0.0,-1.059999942779541,-0.04989289492368698,-0.05511303246021271,-9.42505931854248,0.002321305451914668,0.0022261610720306635,0.00011586659820750356,85.0,15.902000427246094
1776230802.4522123,2026-04-15T05:26:42.452212,attack_triangle_gpsinput_drift,01,47.3981322,8.546401699999999,8.893000602722168,8.579000473022461,0.0,0.0,-1.0499999523162842,-0.05393819510936737,-0.06638791412115097,-9.377888679504395,0.0008583567687310278,0.002153596840798855,0.0006120947073213756,85.0,15.902000427246094
1776230802.5537746,2026-04-15T05:26:42.553775,attack_triangle_gpsinput_drift,01,47.3981323,8.546401699999999,8.909000396728516,8.596000671386719,0.0,0.0,-1.0499999523162842,-0.048464588820934296,-0.06796684116125107,-9.452147483825684,0.0017286513466387987,0.0011923429556190968,0.00028725629090331495,85.0,15.902000427246094
1776230802.65726,2026-04-15T05:26:42.657260,attack_triangle_gpsinput_drift,01,47.3981323,8.546401699999999,8.950000762939453,8.636000633239746,0.0,0.0,-1.0299999713897705,-0.046568192541599274,-0.06332999467849731,-9.435461044311523,0.00010351128003094345,-0.0005687870434485376,-0.00023332898854278028,85.0,15.902000427246094
1776230802.7621405,2026-04-15T05:26:42.762141,attack_triangle_gpsinput_drift,01,47.3981323,8.546401699999999,8.973000526428223,8.659000396728516,0.0,0.0,-1.0199999809265137,-0.04482381045818329,-0.06278576701879501,-9.412328720092773,-0.0011335189919918776,-0.000706868595443666,-0.00042808978469111025,85.0,15.902000427246094
1776230802.8664842,2026-04-15T05:26:42.866484,attack_triangle_gpsinput_drift,01,47.3981323,8.546401699999999,8.98900032043457,8.675000190734863,0.0,0.0,-1.0199999809265137,-0.03923996537923813,-0.06420142948627472,-9.402088165283203,-0.0018299544462934136,0.00011224677291465923,0.0018527870997786522,85.0,15.902000427246094
1776230802.9706633,2026-04-15T05:26:42.970663,attack_triangle_gpsinput_drift,01,47.3981323,8.546401699999999,9.004000663757324,8.690000534057617,0.0,0.0,-1.0099999904632568,-0.047999680042266846,-0.0573924221098423,-9.402382850646973,-0.003223313018679619,0.0036898162215948105,-0.0013261090498417616,85.0,15.902000427246094
1776230803.0731723,2026-04-15T05:26:43.073172,attack_triangle_gpsinput_drift,01,47.3981323,8.546401699999999,9.004000663757324,8.690000534057617,0.0,0.0,-1.0099999904632568,-0.047999680042266846,-0.0573924221098423,-9.402382850646973,-0.003223313018679619,0.0036898162215948105,-0.0013261090498417616,85.0,15.902000427246094
1776230803.1746614,2026-04-15T05:26:43.174661,attack_triangle_gpsinput_drift,01,47.3981323,8.546401699999999,9.027000427246094,8.713000297546387,0.0,0.0,-1.0,-0.05483463406562805,-0.05728843808174133,-9.462227821350098,-0.003407543059438467,0.001318368362262845,0.0002976299147121608,85.0,15.902000427246094
1776230803.2815647,2026-04-15T05:26:43.281565,attack_triangle_gpsinput_drift,01,47.3981323,8.546401699999999,9.042000770568848,8.72800064086914,0.0,0.0,-0.9899999499320984,-0.05235295742750168,-0.06162150204181671,-9.41721248626709,-0.0025658030062913895,-0.0002414996561128646,3.0617942684330046e-05,85.0,15.902000427246094
1776230803.3852847,2026-04-15T05:26:43.385285,attack_triangle_gpsinput_drift,01,47.3981323,8.546401699999999,9.065000534057617,8.75100040435791,0.0,0.0,-0.9799999594688416,-0.03779176250100136,-0.06061911582946777,-9.412678718566895,-0.0010034710867330432,3.7788395275129005e-05,-0.00045423099072650075,85.0,15.902000427246094
1776230803.4878485,2026-04-15T05:26:43.487849,attack_triangle_gpsinput_drift,01,47.3981323,8.546401699999999,9.079000473022461,8.765000343322754,0.0,0.0,-0.9799999594688416,-0.047154806554317474,-0.06307387351989746,-9.436704635620117,-0.0031090073753148317,-0.0006188930128701031,-0.0007150701130740345,85.0,15.902000427246094
1776230803.5905807,2026-04-15T05:26:43.590581,attack_triangle_gpsinput_drift,01,47.3981323,8.546401699999999,9.109000205993652,8.795000076293945,0.0,0.0,-0.9699999690055847,-0.05064588785171509,-0.06335963308811188,-9.460265159606934,-0.002997745992615819,-0.0004054002929478884,9.791250340640545e-05,85.0,15.902000427246094
1776230803.6942332,2026-04-15T05:26:43.694233,attack_triangle_gpsinput_drift,01,47.3981323,8.546401699999999,9.123000144958496,8.809000015258789,0.0,0.0,-0.9599999785423279,-0.04918528348207474,-0.057344596832990646,-9.438361167907715,-0.003180375322699547,7.630485197296366e-05,-0.0009680163930170238,85.0,15.902000427246094
1776230803.7962234,2026-04-15T05:26:43.796223,attack_triangle_gpsinput_drift,01,47.3981323,8.546401699999999,9.145000457763672,8.831000328063965,0.0,0.0,-0.949999988079071,-0.0421498566865921,-0.055893972516059875,-9.445570945739746,-0.002738755661994219,0.0010542706586420536,-0.0018127516377717257,85.0,15.902000427246094
1776230803.8973808,2026-04-15T05:26:43.897381,attack_triangle_gpsinput_drift,01,47.3981323,8.546401699999999,9.145000457763672,8.831000328063965,0.0,0.0,-0.949999988079071,-0.050487667322158813,-0.062326446175575256,-9.474780082702637,-0.0038496037013828754,0.0008307037060149014,-0.0015493659302592278,85.0,15.902000427246094
1776230803.9989102,2026-04-15T05:26:43.998910,attack_triangle_gpsinput_drift,01,47.3981323,8.546401699999999,9.159000396728516,8.845000267028809,0.0,0.0,-0.9399999976158142,-0.050487667322158813,-0.062326446175575256,-9.474780082702637,-0.0038496037013828754,0.0008307037060149014,-0.0015493659302592278,85.0,15.902000427246094
1776230804.1180468,2026-04-15T05:26:44.118047,attack_triangle_gpsinput_drift,01,47.3981323,8.546401699999999,9.180000305175781,8.866000175476074,0.0,0.0,-0.9300000071525574,-0.04260045662522316,-0.06327950209379196,-9.437827110290527,-0.004471241030842066,0.00039392345934174955,-1.773523399606347e-05,85.0,15.902000427246094
1776230804.2199707,2026-04-15T05:26:44.219971,attack_triangle_gpsinput_drift,01,47.3981323,8.546401699999999,9.194000244140625,8.880000114440918,0.0,0.0,-0.9300000071525574,-0.04576157033443451,-0.058458469808101654,-9.467841148376465,-0.0031203541439026594,-0.002151358872652054,-7.945994002511725e-05,85.0,15.902000427246094
1776230804.322841,2026-04-15T05:26:44.322841,attack_triangle_gpsinput_drift,01,47.3981322,8.546401699999999,9.21500015258789,8.901000022888184,0.0,0.0,-0.9199999570846558,-0.04506576061248779,-0.06002146378159523,-9.444073677062988,-0.003772580996155739,-0.002585222478955984,-0.0013258371036499739,85.0,15.902000427246094
1776230804.4271643,2026-04-15T05:26:44.427164,attack_triangle_gpsinput_drift,01,47.3981322,8.546401699999999,9.229000091552734,8.914999961853027,0.0,0.0,-0.9099999666213989,-0.04859354346990585,-0.05825556814670563,-9.447291374206543,-0.0032926767598837614,-0.002672562375664711,0.0002760814386419952,85.0,15.902000427246094
1776230804.532698,2026-04-15T05:26:44.532698,attack_triangle_gpsinput_drift,01,47.3981322,8.546401699999999,9.229000091552734,8.914999961853027,0.0,0.0,-0.9099999666213989,-0.04859354346990585,-0.05825556814670563,-9.447291374206543,-0.0032926767598837614,-0.002672562375664711,0.0002760814386419952,85.0,15.902000427246094
1776230804.6419399,2026-04-15T05:26:44.641940,attack_triangle_gpsinput_drift,01,47.3981322,8.546401699999999,9.242000579833984,8.928000450134277,0.0,0.0,-0.9099999666213989,-0.045286595821380615,-0.056542571634054184,-9.484554290771484,-0.003506480483338237,-0.0032926155254244804,-0.0001550948218209669,85.0,15.902000427246094
1776230804.755834,2026-04-15T05:26:44.755834,attack_triangle_gpsinput_drift,01,47.3981322,8.546401699999999,9.256000518798828,8.942000389099121,0.0,0.0,-0.8999999761581421,-0.045286595821380615,-0.056542571634054184,-9.484554290771484,-0.003506480483338237,-0.0032926155254244804,-0.0001550948218209669,85.0,15.902000427246094
1776230804.8571086,2026-04-15T05:26:44.857109,attack_triangle_gpsinput_drift,01,47.3981322,8.546401699999999,9.269000053405762,8.955000877380371,0.0,0.0,-0.8999999761581421,-0.050189606845378876,-0.07172418385744095,-9.44881534576416,-0.0007396251894533634,-0.005411975551396608,-0.0014016868080943823,85.0,15.902000427246094
1776230804.9609797,2026-04-15T05:26:44.960980,attack_triangle_gpsinput_drift,01,47.3981322,8.546401699999999,9.300000190734863,8.986000061035156,0.0,0.0,-0.8799999952316284,-0.04489339143037796,-0.06814476102590561,-9.430922508239746,-0.0010697812540456653,-0.0044912733137607574,-9.908118227031082e-05,85.0,15.902000427246094
1776230805.0622942,2026-04-15T05:26:45.062294,attack_triangle_gpsinput_drift,01,47.3981322,8.546401699999999,9.300000190734863,8.986000061035156,0.0,0.0,-0.8799999952316284,-0.04489339143037796,-0.06814476102590561,-9.430922508239746,-0.0010697812540456653,-0.0044912733137607574,-9.908118227031082e-05,85.0,15.902000427246094
1776230805.169941,2026-04-15T05:26:45.169941,attack_triangle_gpsinput_drift,01,47.3981322,8.546401699999999,9.320000648498535,9.006000518798828,0.0,0.0,-0.8700000047683716,-0.04990261048078537,-0.06722287833690643,-9.46862506866455,-0.000715353584382683,-0.0032370686531066895,-0.0011981732677668333,85.0,15.902000427246094
1776230805.2828975,2026-04-15T05:26:45.282897,attack_triangle_gpsinput_drift,01,47.3981322,8.546401699999999,9.320000648498535,9.006000518798828,0.0,0.0,-0.8700000047683716,-0.04990261048078537,-0.06722287833690643,-9.46862506866455,-0.000715353584382683,-0.0032370686531066895,-0.0011981732677668333,85.0,15.902000427246094
1776230805.3875444,2026-04-15T05:26:45.387544,attack_triangle_gpsinput_drift,01,47.3981322,8.546401699999999,9.333000183105469,9.019000053405762,0.0,0.0,-0.8700000047683716,-0.045945338904857635,-0.06270653009414673,-9.434529304504395,-0.00448933569714427,-0.0027139876037836075,-0.0012476097326725721,85.0,15.902000427246094
1776230805.5045967,2026-04-15T05:26:45.504597,attack_triangle_gpsinput_drift,01,47.3981322,8.546401699999999,9.35200023651123,9.038000106811523,0.0,0.0,-0.85999995470047,-0.04877094179391861,-0.05776508152484894,-9.420100212097168,-0.00321908388286829,-0.0014748674584552646,-1.3929835404269397e-05,85.0,15.902000427246094
1776230805.61256,2026-04-15T05:26:45.612560,attack_triangle_gpsinput_drift,01,47.3981322,8.546401699999999,9.35200023651123,9.038000106811523,0.0,0.0,-0.85999995470047,-0.04877094179391861,-0.05776508152484894,-9.420100212097168,-0.00321908388286829,-0.0014748674584552646,-1.3929835404269397e-05,85.0,15.902000427246094
1776230805.7252066,2026-04-15T05:26:45.725207,attack_triangle_gpsinput_drift,01,47.3981322,8.546401699999999,9.378000259399414,9.064000129699707,0.0,0.0,-0.8399999737739563,-0.0480889230966568,-0.0623055137693882,-9.386980056762695,-0.003656709333881736,-0.0037984636146575212,-0.0002519363188184798,85.0,15.902000427246094
1776230805.8278835,2026-04-15T05:26:45.827883,attack_triangle_gpsinput_drift,01,47.3981322,8.546401699999999,9.391000747680664,9.077000617980957,0.0,0.0,-0.8399999737739563,-0.05337779223918915,-0.06259793043136597,-9.418431282043457,-0.0027245250530540943,-0.005356850568205118,-0.00018763502885121852,85.0,15.902000427246094
1776230805.9312732,2026-04-15T05:26:45.931273,attack_triangle_gpsinput_drift,01,47.3981322,8.546401699999999,9.409000396728516,9.095000267028809,0.0,0.0,-0.8299999833106995,-0.048251718282699585,-0.05717641860246658,-9.403382301330566,-0.0033772033639252186,-0.004237685352563858,0.0008834596374072134,85.0,15.902000427246094
1776230806.03191,2026-04-15T05:26:46.031910,attack_triangle_gpsinput_drift,01,47.3981322,8.546401699999999,9.421000480651855,9.108000755310059,0.0,0.0,-0.8199999928474426,-0.04152904078364372,-0.06175763159990311,-9.406376838684082,-0.0016530100256204605,-0.0037495980504900217,-0.00042126665357500315,85.0,15.902000427246094
1776230806.15881,2026-04-15T05:26:46.158810,attack_triangle_gpsinput_drift,01,47.3981322,8.546401699999999,9.421000480651855,9.108000755310059,0.0,0.0,-0.8199999928474426,-0.04152904078364372,-0.06175763159990311,-9.406376838684082,-0.0016530100256204605,-0.0037495980504900217,-0.00042126665357500315,85.0,15.902000427246094
1776230806.2612035,2026-04-15T05:26:46.261204,attack_triangle_gpsinput_drift,01,47.3981322,8.546401699999999,9.447000503540039,9.133000373840332,0.0,0.0,-0.8100000023841858,-0.04471103847026825,-0.0598919652402401,-9.420408248901367,-0.0023489200975745916,-0.0034796814434230328,-0.001175472978502512,85.0,15.902000427246094
1776230806.3668017,2026-04-15T05:26:46.366802,attack_triangle_gpsinput_drift,01,47.3981322,8.546401699999999,9.447000503540039,9.133000373840332,0.0,0.0,-0.8100000023841858,-0.04471103847026825,-0.0598919652402401,-9.420408248901367,-0.0023489200975745916,-0.0034796814434230328,-0.001175472978502512,85.0,15.902000427246094
1776230806.4709666,2026-04-15T05:26:46.470967,attack_triangle_gpsinput_drift,01,47.3981322,8.546401699999999,9.459000587463379,9.145000457763672,0.0,0.0,-0.7999999523162842,-0.04563906043767929,-0.06910259276628494,-9.458983421325684,-0.003201080020517111,-0.003513376461341977,-0.0001917871559271589,85.0,15.902000427246094
1776230806.5727332,2026-04-15T05:26:46.572733,attack_triangle_gpsinput_drift,01,47.3981322,8.546401699999999,9.47700023651123,9.163000106811523,0.0,0.0,-0.7899999618530273,-0.04484802484512329,-0.06274526566267014,-9.439306259155273,-0.0021672018337994814,-0.0022954936139285564,-0.0007944073295220733,85.0,15.902000427246094
1776230806.676301,2026-04-15T05:26:46.676301,attack_triangle_gpsinput_drift,01,47.3981322,8.546401699999999,9.488000869750977,9.17400074005127,0.0,0.0,-0.7799999713897705,-0.04535127431154251,-0.05327364429831505,-9.44020938873291,-0.00022377495770342648,-0.001466631074436009,-0.0024714048486202955,85.0,15.902000427246094
1776230806.7874553,2026-04-15T05:26:46.787455,attack_triangle_gpsinput_drift,01,47.3981322,8.546401699999999,9.506000518798828,9.192000389099121,0.0,0.0,-0.7799999713897705,-0.044674694538116455,-0.06271602213382721,-9.431319236755371,-0.00284585845656693,-0.002106667961925268,-0.001007063197903335,85.0,15.902000427246094
1776230806.9010801,2026-04-15T05:26:46.901080,attack_triangle_gpsinput_drift,01,47.3981322,8.546401699999999,9.518000602722168,9.204000473022461,0.0,0.0,-0.7699999809265137,-0.05006895214319229,-0.06256604939699173,-9.424860954284668,-0.0034626855049282312,-0.00227285735309124,-0.0009087299695238471,85.0,15.902000427246094
1776230807.0207608,2026-04-15T05:26:47.020761,attack_triangle_gpsinput_drift,01,47.3981322,8.546401699999999,9.518000602722168,9.204000473022461,0.0,0.0,-0.7699999809265137,-0.05006895214319229,-0.06256604939699173,-9.424860954284668,-0.0034626855049282312,-0.00227285735309124,-0.0009087299695238471,85.0,15.902000427246094
1776230807.1282141,2026-04-15T05:26:47.128214,attack_triangle_gpsinput_drift,01,47.3981322,8.546401699999999,9.529000282287598,9.21500015258789,0.0,0.0,-0.7599999904632568,-0.04767199605703354,-0.05696789547801018,-9.432474136352539,-0.0029883331153541803,-0.00018405445734970272,-0.0022670309990644455,85.0,15.902000427246094
1776230807.246811,2026-04-15T05:26:47.246811,attack_triangle_gpsinput_drift,01,47.3981322,8.546401699999999,9.529000282287598,9.21500015258789,0.0,0.0,-0.7599999904632568,-0.04767199605703354,-0.05696789547801018,-9.432474136352539,-0.0029883331153541803,-0.00018405445734970272,-0.0022670309990644455,85.0,15.902000427246094
1776230807.3482997,2026-04-15T05:26:47.348300,attack_triangle_gpsinput_drift,01,47.3981322,8.546401699999999,9.529000282287598,9.21500015258789,0.0,0.0,-0.7599999904632568,-0.0506051629781723,-0.06352004408836365,-9.458117485046387,-0.0029101206455379725,-0.0007230605115182698,-0.0015062321908771992,85.0,15.902000427246094
1776230807.452818,2026-04-15T05:26:47.452818,attack_triangle_gpsinput_drift,01,47.3981322,8.546401699999999,9.546000480651855,9.233000755310059,0.0,0.0,-0.75,-0.0506051629781723,-0.06352004408836365,-9.458117485046387,-0.0029101206455379725,-0.0007230605115182698,-0.0015062321908771992,85.0,15.902000427246094
1776230807.5637639,2026-04-15T05:26:47.563764,attack_triangle_gpsinput_drift,01,47.3981322,8.546401699999999,9.558000564575195,9.244000434875488,0.0,0.0,-0.75,-0.049575306475162506,-0.06591331958770752,-9.418574333190918,-0.001729971612803638,-0.001798862824216485,-0.0008086230373010039,85.0,15.902000427246094
1776230807.672113,2026-04-15T05:26:47.672113,attack_triangle_gpsinput_drift,01,47.3981322,8.546401699999999,9.558000564575195,9.244000434875488,0.0,0.0,-0.75,-0.049575306475162506,-0.06591331958770752,-9.418574333190918,-0.001729971612803638,-0.001798862824216485,-0.0008086230373010039,82.0,15.842000961303711
1776230807.7790573,2026-04-15T05:26:47.779057,attack_triangle_gpsinput_drift,01,47.3981322,8.546401699999999,9.574000358581543,9.261000633239746,0.0,0.0,-0.7400000095367432,-0.04292558133602142,-0.06290791928768158,-9.40371036529541,-0.002091057598590851,-0.0014474450144916773,-0.001032835803925991,82.0,15.842000961303711
1776230807.8809714,2026-04-15T05:26:47.880971,attack_triangle_gpsinput_drift,01,47.3981322,8.546401699999999,9.586000442504883,9.272000312805176,0.0,0.0,-0.7299999594688416,-0.04373583942651749,-0.067828468978405,-9.422287940979004,-0.006768511142581701,-0.008590256795287132,-0.001306835561990738,82.0,15.842000961303711
1776230807.9838421,2026-04-15T05:26:47.983842,attack_triangle_gpsinput_drift,01,47.3981322,8.546401699999999,9.60200023651123,9.288000106811523,0.0,0.0,-0.7199999690055847,-0.047678232192993164,-0.0670405924320221,-9.441947937011719,-0.021189788356423378,-0.028072131797671318,-0.0015826134476810694,82.0,15.842000961303711
1776230808.086446,2026-04-15T05:26:48.086446,attack_triangle_gpsinput_drift,01,47.3981322,8.546401699999999,9.60200023651123,9.288000106811523,0.0,0.0,-0.7199999690055847,-0.047678232192993164,-0.0670405924320221,-9.441947937011719,-0.021189788356423378,-0.028072131797671318,-0.0015826134476810694,82.0,15.842000961303711
1776230808.1896064,2026-04-15T05:26:48.189606,attack_triangle_gpsinput_drift,01,47.3981322,8.546401699999999,9.613000869750977,9.29900074005127,0.0,0.0,-0.7199999690055847,-0.06138525903224945,-0.06194046139717102,-9.456717491149902,-0.04346407949924469,-0.05794107913970947,-0.00328345806337893,82.0,15.842000961303711
1776230808.2919915,2026-04-15T05:26:48.291991,attack_triangle_gpsinput_drift,01,47.3981322,8.546401699999999,9.629000663757324,9.315000534057617,0.0,0.0,-0.7099999785423279,-0.04777052253484726,-0.06435325741767883,-9.462435722351074,-0.06356662511825562,-0.08189466595649719,-0.004218742251396179,82.0,15.842000961303711
1776230808.3927774,2026-04-15T05:26:48.392777,attack_triangle_gpsinput_drift,01,47.3981322,8.546401699999999,9.629000663757324,9.315000534057617,0.0,0.0,-0.7099999785423279,-0.04777052253484726,-0.06435325741767883,-9.462435722351074,-0.06356662511825562,-0.08189466595649719,-0.004218742251396179,82.0,15.842000961303711
1776230808.51496,2026-04-15T05:26:48.514960,attack_triangle_gpsinput_drift,01,47.3981322,8.546401699999999,9.640000343322754,9.326000213623047,0.0,0.0,-0.699999988079071,-0.053812406957149506,-0.05598464608192444,-9.474331855773926,-0.07773956656455994,-0.0923437774181366,-0.004984536208212376,82.0,15.842000961303711
1776230808.6176631,2026-04-15T05:26:48.617663,attack_triangle_gpsinput_drift,01,47.3981322,8.546401699999999,9.65000057220459,9.336000442504883,0.0,0.0,-0.699999988079071,-0.05459339916706085,-0.05721535533666611,-9.48648738861084,-0.09800979495048523,-0.10931115597486496,-0.006555882282555103,82.0,15.842000961303711
1776230808.7212574,2026-04-15T05:26:48.721257,attack_triangle_gpsinput_drift,01,47.3981322,8.546401699999999,9.65000057220459,9.336000442504883,0.0,0.0,-0.699999988079071,-0.05459339916706085,-0.05721535533666611,-9.48648738861084,-0.09800979495048523,-0.10931115597486496,-0.006555882282555103,82.0,15.842000961303711
1776230808.8231485,2026-04-15T05:26:48.823148,attack_triangle_gpsinput_drift,01,47.3981322,8.546401699999999,9.66100025177002,9.347000122070312,0.0,0.0,-0.6899999976158142,-0.056685030460357666,-0.05621470510959625,-9.491926193237305,-0.11750414967536926,-0.13010373711585999,-0.008313511498272419,82.0,15.842000961303711
1776230808.941417,2026-04-15T05:26:48.941417,attack_triangle_gpsinput_drift,01,47.3981322,8.546401699999999,9.66100025177002,9.347000122070312,0.0,0.0,-0.6899999976158142,-0.056685030460357666,-0.05621470510959625,-9.491926193237305,-0.11750414967536926,-0.13010373711585999,-0.008313511498272419,82.0,15.842000961303711
1776230809.0442543,2026-04-15T05:26:49.044254,attack_triangle_gpsinput_drift,01,47.3981322,8.546401699999999,9.6850004196167,9.371000289916992,0.0,0.0,-0.6800000071525574,-0.0587528720498085,-0.04756057634949684,-9.540921211242676,-0.16569289565086365,-0.17816969752311707,-0.01256349217146635,82.0,15.842000961303711
1776230809.1517286,2026-04-15T05:26:49.151729,attack_triangle_gpsinput_drift,01,47.3981322,8.546401699999999,9.6850004196167,9.371000289916992,0.0,0.0,-0.6800000071525574,-0.0587528720498085,-0.04756057634949684,-9.540921211242676,-0.16569289565086365,-0.17816969752311707,-0.01256349217146635,82.0,15.842000961303711
1776230809.2547383,2026-04-15T05:26:49.254738,attack_triangle_gpsinput_drift,01,47.3981322,8.546401699999999,9.695000648498535,9.381000518798828,0.0,0.0,-0.6699999570846558,-0.05435572564601898,-0.05195727199316025,-9.546857833862305,-0.18582694232463837,-0.1922011822462082,-0.015823382884263992,82.0,15.842000961303711
1776230809.3573067,2026-04-15T05:26:49.357307,attack_triangle_gpsinput_drift,01,47.3981322,8.546401699999999,9.711000442504883,9.397000312805176,0.009999999776482582,0.0,-0.6699999570846558,-0.05795234441757202,-0.05514002591371536,-9.551679611206055,-0.20357772707939148,-0.20479139685630798,-0.02000914141535759,82.0,15.842000961303711
1776230809.45803,2026-04-15T05:26:49.458030,attack_triangle_gpsinput_drift,01,47.3981322,8.546401699999999,9.711000442504883,9.397000312805176,0.009999999776482582,0.0,-0.6699999570846558,-0.05795234441757202,-0.05514002591371536,-9.551679611206055,-0.20357772707939148,-0.20479139685630798,-0.02000914141535759,82.0,15.842000961303711
1776230809.5708127,2026-04-15T05:26:49.570813,attack_triangle_gpsinput_drift,01,47.3981322,8.546401699999999,9.721000671386719,9.407000541687012,0.009999999776482582,0.0,-0.6599999666213989,-0.05158655345439911,-0.04450390487909317,-9.543986320495605,-0.22036777436733246,-0.21479851007461548,-0.02420155145227909,82.0,15.842000961303711
1776230809.6820838,2026-04-15T05:26:49.682084,attack_triangle_gpsinput_drift,01,47.3981322,8.546401699999999,9.721000671386719,9.407000541687012,0.009999999776482582,0.0,-0.6599999666213989,-0.05158655345439911,-0.04450390487909317,-9.543986320495605,-0.22036777436733246,-0.21479851007461548,-0.02420155145227909,82.0,15.842000961303711
1776230809.7848506,2026-04-15T05:26:49.784851,attack_triangle_gpsinput_drift,01,47.3981322,8.546401699999999,9.736000061035156,9.422000885009766,0.019999999552965164,0.0,-0.6599999666213989,-0.0678001344203949,-0.05206872150301933,-9.56530475616455,-0.23587238788604736,-0.22584286332130432,-0.027886230498552322,82.0,15.842000961303711
1776230809.9116929,2026-04-15T05:26:49.911693,attack_triangle_gpsinput_drift,01,47.3981322,8.546401699999999,9.741000175476074,9.427000045776367,0.019999999552965164,0.0,-0.6499999761581421,-0.062430545687675476,-0.044697411358356476,-9.560832023620605,-0.24834221601486206,-0.23614780604839325,-0.032579388469457626,82.0,15.842000961303711
1776230810.0246537,2026-04-15T05:26:50.024654,attack_triangle_gpsinput_drift,01,47.3981322,8.546401699999999,9.761000633239746,9.447000503540039,0.03999999910593033,0.0,-0.6499999761581421,-0.055419862270355225,-0.049271322786808014,-9.574769973754883,-0.2648431360721588,-0.25107941031455994,-0.03888785094022751,82.0,15.842000961303711
1776230810.1271398,2026-04-15T05:26:50.127140,attack_triangle_gpsinput_drift,01,47.3981323,8.546401699999999,9.781000137329102,9.467000007629395,0.05999999865889549,0.0,-0.6399999856948853,-0.05957992374897003,-0.04803149402141571,-9.618575096130371,-0.29439622163772583,-0.2790359556674957,-0.050879061222076416,82.0,15.842000961303711
1776230810.2369735,2026-04-15T05:26:50.236974,attack_triangle_gpsinput_drift,01,47.3981323,8.546401699999999,9.781000137329102,9.467000007629395,0.05999999865889549,0.0,-0.6399999856948853,-0.05957992374897003,-0.04803149402141571,-9.618575096130371,-0.29439622163772583,-0.2790359556674957,-0.050879061222076416,82.0,15.842000961303711
1776230810.3381958,2026-04-15T05:26:50.338196,attack_triangle_gpsinput_drift,01,47.3981323,8.546401699999999,9.79800033569336,9.484000205993652,0.07999999821186066,0.0,-0.6299999952316284,-0.06898391246795654,-0.046275101602077484,-9.650813102722168,-0.3176577389240265,-0.3016345798969269,-0.05913770943880081,82.0,15.842000961303711
1776230810.447302,2026-04-15T05:26:50.447302,attack_triangle_gpsinput_drift,01,47.3981323,8.546401699999999,9.808000564575195,9.494000434875488,0.08999999612569809,0.0,-0.6299999952316284,-0.0630217045545578,-0.0466947965323925,-9.646246910095215,-0.3227439820766449,-0.301344633102417,-0.06665089726448059,82.0,15.842000961303711
1776230810.5587885,2026-04-15T05:26:50.558789,attack_triangle_gpsinput_drift,01,47.3981323,8.546401699999999,9.808000564575195,9.494000434875488,0.08999999612569809,0.0,-0.6299999952316284,-0.0630217045545578,-0.0466947965323925,-9.646246910095215,-0.3227439820766449,-0.301344633102417,-0.06665089726448059,82.0,15.842000961303711
1776230810.6631215,2026-04-15T05:26:50.663121,attack_triangle_gpsinput_drift,01,47.3981323,8.546401699999999,9.808000564575195,9.494000434875488,0.08999999612569809,0.0,-0.6299999952316284,-0.0630217045545578,-0.0466947965323925,-9.646246910095215,-0.3227439820766449,-0.301344633102417,-0.06665089726448059,82.0,15.842000961303711
1776230810.7674305,2026-04-15T05:26:50.767431,attack_triangle_gpsinput_drift,01,47.3981323,8.546401699999999,9.808000564575195,9.494000434875488,0.08999999612569809,0.0,-0.6299999952316284,-0.0630217045545578,-0.0466947965323925,-9.646246910095215,-0.3227439820766449,-0.301344633102417,-0.06665089726448059,82.0,15.842000961303711
1776230810.8678768,2026-04-15T05:26:50.867877,attack_triangle_gpsinput_drift,01,47.398132399999994,8.546401699999999,9.846000671386719,9.532000541687012,0.12999999523162842,0.0,-0.6200000047683716,-0.07517387717962265,-0.037644803524017334,-9.658971786499023,-0.33072012662887573,-0.30464163422584534,-0.09420929849147797,82.0,15.842000961303711
1776230810.9689379,2026-04-15T05:26:50.968938,attack_triangle_gpsinput_drift,01,47.398132399999994,8.546401699999999,9.855000495910645,9.542000770568848,0.17000000178813934,0.0,-0.6100000143051147,-0.07436541467905045,-0.02702481299638748,-9.659759521484375,-0.3318364918231964,-0.3088337481021881,-0.10275118798017502,82.0,15.842000961303711
1776230811.0719032,2026-04-15T05:26:51.071903,attack_triangle_gpsinput_drift,01,47.398132499999996,8.546401699999999,9.870000839233398,9.556000709533691,0.19999998807907104,0.0,-0.6100000143051147,-0.07645076513290405,-0.03457218036055565,-9.681705474853516,-0.3315602242946625,-0.30483105778694153,-0.1115599200129509,82.0,15.842000961303711
1776230811.1762269,2026-04-15T05:26:51.176227,attack_triangle_gpsinput_drift,01,47.398132499999996,8.546401699999999,9.879000663757324,9.565000534057617,0.2199999988079071,0.0,-0.6100000143051147,-0.0750979632139206,-0.036612510681152344,-9.669432640075684,-0.32905304431915283,-0.30132752656936646,-0.12339554727077484,82.0,15.842000961303711
1776230811.2820797,2026-04-15T05:26:51.282080,attack_triangle_gpsinput_drift,01,47.398132499999996,8.546401699999999,9.88800048828125,9.574000358581543,0.23999999463558197,0.0,-0.5999999642372131,-0.07133067399263382,-0.03408750519156456,-9.687932014465332,-0.3277164399623871,-0.29998835921287537,-0.1304059475660324,82.0,15.842000961303711
1776230811.3848348,2026-04-15T05:26:51.384835,attack_triangle_gpsinput_drift,01,47.3981326,8.546401699999999,9.902000427246094,9.588000297546387,0.2800000011920929,0.0,-0.5999999642372131,-0.0872475728392601,-0.02718248777091503,-9.701155662536621,-0.33296993374824524,-0.3090471625328064,-0.1415923833847046,82.0,15.842000961303711
1776230811.4879987,2026-04-15T05:26:51.487999,attack_triangle_gpsinput_drift,01,47.3981326,8.546401699999999,9.902000427246094,9.588000297546387,0.2800000011920929,0.0,-0.5999999642372131,-0.0872475728392601,-0.02718248777091503,-9.701155662536621,-0.33296993374824524,-0.3090471625328064,-0.1415923833847046,82.0,15.842000961303711
1776230811.5999837,2026-04-15T05:26:51.599984,attack_triangle_gpsinput_drift,01,47.3981327,8.546401699999999,9.91100025177002,9.597000122070312,0.29999998211860657,0.0,-0.5999999642372131,-0.0796852856874466,-0.03377566859126091,-9.699752807617188,-0.3347671329975128,-0.312789648771286,-0.1513012796640396,82.0,15.842000961303711
1776230811.7749088,2026-04-15T05:26:51.774909,attack_triangle_gpsinput_drift,01,47.3981327,8.546401699999999,9.91100025177002,9.597000122070312,0.29999998211860657,0.0,-0.5999999642372131,-0.0796852856874466,-0.03377566859126091,-9.699752807617188,-0.3347671329975128,-0.312789648771286,-0.1513012796640396,82.0,15.842000961303711
1776230811.8767805,2026-04-15T05:26:51.876781,attack_triangle_gpsinput_drift,01,47.3981327,8.546401699999999,9.91100025177002,9.597000122070312,0.29999998211860657,0.0,-0.5999999642372131,-0.0796852856874466,-0.03377566859126091,-9.699752807617188,-0.3347671329975128,-0.312789648771286,-0.1513012796640396,82.0,15.842000961303711
1776230811.9878607,2026-04-15T05:26:51.987861,attack_triangle_gpsinput_drift,01,47.3981327,8.546401699999999,9.920000076293945,9.606000900268555,0.32999998331069946,0.0,-0.5999999642372131,-0.07733355462551117,-0.02178177982568741,-9.67845344543457,-0.3338572680950165,-0.31775370240211487,-0.16276465356349945,82.0,15.842000961303711
1776230812.0897672,2026-04-15T05:26:52.089767,attack_triangle_gpsinput_drift,01,47.3981328,8.546401699999999,9.930000305175781,9.616000175476074,0.35999998450279236,0.0,-0.5999999642372131,-0.08517229557037354,-0.03063877485692501,-9.657976150512695,-0.32972684502601624,-0.3116995394229889,-0.1743144989013672,82.0,15.842000961303711
1776230812.19405,2026-04-15T05:26:52.194050,attack_triangle_gpsinput_drift,01,47.3981328,8.546401699999999,9.930000305175781,9.616000175476074,0.35999998450279236,0.0,-0.5999999642372131,-0.08639847487211227,-0.02913830615580082,-9.680267333984375,-0.32472386956214905,-0.3097984194755554,-0.18346735835075378,82.0,15.842000961303711
1776230812.2972734,2026-04-15T05:26:52.297273,attack_triangle_gpsinput_drift,01,47.3981329,8.546401699999999,9.944000244140625,9.630000114440918,0.3999999761581421,0.0,-0.5899999737739563,-0.08639847487211227,-0.02913830615580082,-9.680267333984375,-0.32472386956214905,-0.3097984194755554,-0.18346735835075378,82.0,15.842000961303711
1776230812.406024,2026-04-15T05:26:52.406024,attack_triangle_gpsinput_drift,01,47.3981329,8.546401699999999,9.944000244140625,9.630000114440918,0.3999999761581421,0.0,-0.5899999737739563,-0.08639847487211227,-0.02913830615580082,-9.680267333984375,-0.32472386956214905,-0.3097984194755554,-0.18346735835075378,82.0,15.842000961303711
1776230812.5153847,2026-04-15T05:26:52.515385,attack_triangle_gpsinput_drift,01,47.398133,8.546401699999999,9.95300006866455,9.63900089263916,0.429999977350235,0.0,-0.5899999737739563,-0.08864440023899078,-0.030384888872504234,-9.697477340698242,-0.32813069224357605,-0.3169906437397003,-0.1918078362941742,82.0,15.842000961303711
1776230812.654237,2026-04-15T05:26:52.654237,attack_triangle_gpsinput_drift,01,47.398133099999995,8.546401699999999,9.974000930786133,9.660000801086426,0.5,0.0,-0.5799999833106995,-0.08888877183198929,-0.010318361222743988,-9.689685821533203,-0.32603195309638977,-0.32184264063835144,-0.21361790597438812,82.0,15.842000961303711
1776230812.7574954,2026-04-15T05:26:52.757495,attack_triangle_gpsinput_drift,01,47.3981333,8.546401699999999,9.992000579833984,9.678000450134277,0.5699999928474426,-0.009999999776482582,-0.5699999928474426,-0.09987763315439224,-0.019809097051620483,-9.654050827026367,-0.3077070116996765,-0.2985185384750366,-0.2364797443151474,82.0,15.842000961303711
1776230812.8589177,2026-04-15T05:26:52.858918,attack_triangle_gpsinput_drift,01,47.3981335,8.546401699999999,10.006000518798828,9.692000389099121,0.6200000047683716,-0.009999999776482582,-0.5600000023841858,-0.10405410826206207,-0.014442496001720428,-9.683089256286621,-0.29718536138534546,-0.2845451831817627,-0.24831634759902954,82.0,15.842000961303711
1776230812.9608293,2026-04-15T05:26:52.960829,attack_triangle_gpsinput_drift,01,47.3981335,8.546401699999999,10.006000518798828,9.692000389099121,0.6200000047683716,-0.009999999776482582,-0.5600000023841858,-0.10405410826206207,-0.014442496001720428,-9.683089256286621,-0.29718536138534546,-0.2845451831817627,-0.24831634759902954,82.0,15.842000961303711
1776230813.0657575,2026-04-15T05:26:53.065758,attack_triangle_gpsinput_drift,01,47.3981336,8.546401699999999,10.015000343322754,9.701000213623047,0.6599999666213989,-0.009999999776482582,-0.5600000023841858,-0.10848188400268555,-0.008675318211317062,-9.7373628616333,-0.2926333248615265,-0.295886367559433,-0.26193153858184814,82.0,15.842000961303711
1776230813.1888463,2026-04-15T05:26:53.188846,attack_triangle_gpsinput_drift,01,47.3981336,8.546401699999999,10.015000343322754,9.701000213623047,0.6599999666213989,-0.009999999776482582,-0.5600000023841858,-0.10848188400268555,-0.008675318211317062,-9.7373628616333,-0.2926333248615265,-0.295886367559433,-0.26193153858184814,82.0,15.842000961303711
1776230813.2929273,2026-04-15T05:26:53.292927,attack_triangle_gpsinput_drift,01,47.3981336,8.546401699999999,10.015000343322754,9.701000213623047,0.6599999666213989,-0.009999999776482582,-0.5600000023841858,-0.10848188400268555,-0.008675318211317062,-9.7373628616333,-0.2926333248615265,-0.295886367559433,-0.26193153858184814,82.0,15.842000961303711
1776230813.3965435,2026-04-15T05:26:53.396544,attack_triangle_gpsinput_drift,01,47.3981338,8.546401699999999,10.028000831604004,9.714000701904297,0.7199999690055847,-0.009999999776482582,-0.550000011920929,-0.11058032512664795,-0.009428206831216812,-9.727653503417969,-0.28975439071655273,-0.30094242095947266,-0.2742112874984741,82.0,15.842000961303711
1776230813.4979851,2026-04-15T05:26:53.497985,attack_triangle_gpsinput_drift,01,47.3981338,8.546401699999999,10.028000831604004,9.714000701904297,0.7199999690055847,-0.009999999776482582,-0.550000011920929,-0.11058032512664795,-0.009428206831216812,-9.727653503417969,-0.28975439071655273,-0.30094242095947266,-0.2742112874984741,82.0,15.842000961303711
1776230813.5998116,2026-04-15T05:26:53.599812,attack_triangle_gpsinput_drift,01,47.3981339,8.546401699999999,10.03700065612793,9.723000526428223,0.7599999904632568,-0.019999999552965164,-0.5399999618530273,-0.11857877671718597,-0.0008255168795585632,-9.746855735778809,-0.2817247211933136,-0.29536157846450806,-0.287873238325119,82.0,15.842000961303711
1776230813.7022657,2026-04-15T05:26:53.702266,attack_triangle_gpsinput_drift,01,47.3981341,8.546401699999999,10.050000190734863,9.736000061035156,0.8199999928474426,-0.019999999552965164,-0.5299999713897705,-0.12110055983066559,0.003366827964782715,-9.737005233764648,-0.27714529633522034,-0.287242591381073,-0.2976636588573456,82.0,15.842000961303711
1776230813.8182762,2026-04-15T05:26:53.818276,attack_triangle_gpsinput_drift,01,47.3981342,8.546401699999999,10.054000854492188,9.74000072479248,0.8399999737739563,-0.019999999552965164,-0.5299999713897705,-0.12294106185436249,-0.0008348226547241211,-9.747416496276855,-0.2661484181880951,-0.27706050872802734,-0.3087482452392578,82.0,15.842000961303711
1776230813.9198794,2026-04-15T05:26:53.919879,attack_triangle_gpsinput_drift,01,47.3981342,8.546401699999999,10.054000854492188,9.74000072479248,0.8399999737739563,-0.019999999552965164,-0.5299999713897705,-0.12294106185436249,-0.0008348226547241211,-9.747416496276855,-0.2661484181880951,-0.27706050872802734,-0.3087482452392578,82.0,15.842000961303711
1776230814.021815,2026-04-15T05:26:54.021815,attack_triangle_gpsinput_drift,01,47.398134399999996,8.546401699999999,10.069000244140625,9.755000114440918,0.9199999570846558,-0.019999999552965164,-0.5199999809265137,-0.12646135687828064,0.006947912275791168,-9.728081703186035,-0.24851442873477936,-0.25631189346313477,-0.32338517904281616,82.0,15.842000961303711
1776230814.1269906,2026-04-15T05:26:54.126991,attack_triangle_gpsinput_drift,01,47.398134399999996,8.546401699999999,10.069000244140625,9.755000114440918,0.9199999570846558,-0.019999999552965164,-0.5199999809265137,-0.12646135687828064,0.006947912275791168,-9.728081703186035,-0.24851442873477936,-0.25631189346313477,-0.32338517904281616,82.0,15.842000961303711
1776230814.2363174,2026-04-15T05:26:54.236317,attack_triangle_gpsinput_drift,01,47.3981346,8.546401699999999,10.077000617980957,9.76300048828125,0.9599999785423279,-0.029999999329447746,-0.5099999904632568,-0.12521812319755554,0.005084127187728882,-9.698629379272461,-0.22742941975593567,-0.23352749645709991,-0.3357422947883606,82.0,15.842000961303711
1776230814.3546698,2026-04-15T05:26:54.354670,attack_triangle_gpsinput_drift,01,47.3981346,8.546401699999999,10.077000617980957,9.76300048828125,0.9599999785423279,-0.029999999329447746,-0.5099999904632568,-0.12521812319755554,0.005084127187728882,-9.698629379272461,-0.22742941975593567,-0.23352749645709991,-0.3357422947883606,82.0,15.842000961303711
1776230814.5031073,2026-04-15T05:26:54.503107,attack_triangle_gpsinput_drift,01,47.3981346,8.546401699999999,10.077000617980957,9.76300048828125,0.9599999785423279,-0.029999999329447746,-0.5099999904632568,-0.12521812319755554,0.005084127187728882,-9.698629379272461,-0.22742941975593567,-0.23352749645709991,-0.3357422947883606,82.0,15.842000961303711
1776230814.604919,2026-04-15T05:26:54.604919,attack_triangle_gpsinput_drift,01,47.3981348,8.5464016,10.089000701904297,9.77500057220459,1.0299999713897705,-0.029999999329447746,-0.5,-0.13085655868053436,0.008033879101276398,-9.66540813446045,-0.20662656426429749,-0.20960460603237152,-0.3453472852706909,82.0,15.842000961303711
1776230814.706814,2026-04-15T05:26:54.706814,attack_triangle_gpsinput_drift,01,47.3981348,8.5464016,10.089000701904297,9.77500057220459,1.0299999713897705,-0.029999999329447746,-0.5,-0.13085655868053436,0.008033879101276398,-9.66540813446045,-0.20662656426429749,-0.20960460603237152,-0.3453472852706909,82.0,15.842000961303711
1776230814.8082302,2026-04-15T05:26:54.808230,attack_triangle_gpsinput_drift,01,47.3981348,8.5464016,10.089000701904297,9.77500057220459,1.0299999713897705,-0.029999999329447746,-0.5,-0.13085655868053436,0.008033879101276398,-9.66540813446045,-0.20662656426429749,-0.20960460603237152,-0.3453472852706909,82.0,15.842000961303711
1776230814.9356315,2026-04-15T05:26:54.935632,attack_triangle_gpsinput_drift,01,47.398134999999996,8.5464016,10.097000122070312,9.782999992370605,1.0799999237060547,-0.029999999329447746,-0.4899999797344208,-0.14195755124092102,0.009365633130073547,-9.697305679321289,-0.1828795075416565,-0.18481892347335815,-0.35629573464393616,82.0,15.842000961303711
1776230815.0391908,2026-04-15T05:26:55.039191,attack_triangle_gpsinput_drift,01,47.398134999999996,8.5464016,10.097000122070312,9.782999992370605,1.0799999237060547,-0.029999999329447746,-0.4899999797344208,-0.14195755124092102,0.009365633130073547,-9.697305679321289,-0.1828795075416565,-0.18481892347335815,-0.35629573464393616,82.0,15.842000961303711
1776230815.2080433,2026-04-15T05:26:55.208043,attack_triangle_gpsinput_drift,01,47.398134999999996,8.5464016,10.097000122070312,9.782999992370605,1.0799999237060547,-0.029999999329447746,-0.4899999797344208,-0.14195755124092102,0.009365633130073547,-9.697305679321289,-0.1828795075416565,-0.18481892347335815,-0.35629573464393616,82.0,15.842000961303711
1776230815.3248024,2026-04-15T05:26:55.324802,attack_triangle_gpsinput_drift,01,47.398134999999996,8.5464016,10.097000122070312,9.782999992370605,1.0799999237060547,-0.029999999329447746,-0.4899999797344208,-0.14195755124092102,0.009365633130073547,-9.697305679321289,-0.1828795075416565,-0.18481892347335815,-0.35629573464393616,82.0,15.842000961303711
1776230815.4608488,2026-04-15T05:26:55.460849,attack_triangle_gpsinput_drift,01,47.398134999999996,8.5464016,10.097000122070312,9.782999992370605,1.0799999237060547,-0.029999999329447746,-0.4899999797344208,-0.14195755124092102,0.009365633130073547,-9.697305679321289,-0.1828795075416565,-0.18481892347335815,-0.35629573464393616,82.0,15.842000961303711
1776230815.7545733,2026-04-15T05:26:55.754573,attack_triangle_gpsinput_drift,01,47.398134999999996,8.5464016,10.097000122070312,9.782999992370605,1.0799999237060547,-0.029999999329447746,-0.4899999797344208,-0.14195755124092102,0.009365633130073547,-9.697305679321289,-0.1828795075416565,-0.18481892347335815,-0.35629573464393616,82.0,15.842000961303711
1776230815.8649864,2026-04-15T05:26:55.864986,attack_triangle_gpsinput_drift,01,47.3981352,8.5464016,10.105000495910645,9.791000366210938,1.1200000047683716,-0.029999999329447746,-0.4899999797344208,-0.14657354354858398,0.010410696268081665,-9.676570892333984,-0.1647925227880478,-0.17514441907405853,-0.36557474732398987,82.0,15.842000961303711
1776230815.9726732,2026-04-15T05:26:55.972673,attack_triangle_gpsinput_drift,01,47.3981352,8.5464016,10.105000495910645,9.791000366210938,1.1200000047683716,-0.029999999329447746,-0.4899999797344208,-0.14657354354858398,0.010410696268081665,-9.676570892333984,-0.1647925227880478,-0.17514441907405853,-0.36557474732398987,82.0,15.842000961303711
1776230816.0754151,2026-04-15T05:26:56.075415,attack_triangle_gpsinput_drift,01,47.3981352,8.5464016,10.105000495910645,9.791000366210938,1.1200000047683716,-0.029999999329447746,-0.4899999797344208,-0.14657354354858398,0.010410696268081665,-9.676570892333984,-0.1647925227880478,-0.17514441907405853,-0.36557474732398987,82.0,15.842000961303711
1776230816.1898072,2026-04-15T05:26:56.189807,attack_triangle_gpsinput_drift,01,47.3981352,8.5464016,10.105000495910645,9.791000366210938,1.1200000047683716,-0.029999999329447746,-0.4899999797344208,-0.14657354354858398,0.010410696268081665,-9.676570892333984,-0.1647925227880478,-0.17514441907405853,-0.36557474732398987,82.0,15.842000961303711
1776230816.293101,2026-04-15T05:26:56.293101,attack_triangle_gpsinput_drift,01,47.3981352,8.5464016,10.105000495910645,9.791000366210938,1.1200000047683716,-0.029999999329447746,-0.4899999797344208,-0.14657354354858398,0.010410696268081665,-9.676570892333984,-0.1647925227880478,-0.17514441907405853,-0.36557474732398987,82.0,15.842000961303711
1776230816.396871,2026-04-15T05:26:56.396871,attack_triangle_gpsinput_drift,01,47.398135499999995,8.5464016,10.117000579833984,9.803000450134277,1.1999999284744263,-0.03999999910593033,-0.4699999988079071,-0.14209535717964172,0.01942329853773117,-9.662117004394531,-0.1430475413799286,-0.1574421375989914,-0.3774712085723877,82.0,15.842000961303711
1776230816.5229955,2026-04-15T05:26:56.522995,attack_triangle_gpsinput_drift,01,47.3981357,8.5464016,10.124000549316406,9.8100004196167,1.2400000095367432,-0.03999999910593033,-0.4599999785423279,-0.15385478734970093,0.016808703541755676,-9.662948608398438,-0.1255917251110077,-0.13680538535118103,-0.38846853375434875,82.0,15.842000961303711
1776230816.631656,2026-04-15T05:26:56.631656,attack_triangle_gpsinput_drift,01,47.3981357,8.5464016,10.124000549316406,9.8100004196167,1.2400000095367432,-0.03999999910593033,-0.4599999785423279,-0.15385478734970093,0.016808703541755676,-9.662948608398438,-0.1255917251110077,-0.13680538535118103,-0.38846853375434875,82.0,15.842000961303711
1776230816.7359664,2026-04-15T05:26:56.735966,attack_triangle_gpsinput_drift,01,47.3981357,8.5464016,10.124000549316406,9.8100004196167,1.2400000095367432,-0.03999999910593033,-0.4599999785423279,-0.15385478734970093,0.016808703541755676,-9.662948608398438,-0.1255917251110077,-0.13680538535118103,-0.38846853375434875,82.0,15.842000961303711
1776230816.8373873,2026-04-15T05:26:56.837387,attack_triangle_gpsinput_drift,01,47.398136099999995,8.5464016,10.13700008392334,9.82300090789795,1.3299999237060547,-0.04999999701976776,-0.44999998807907104,-0.15461093187332153,0.021755099296569824,-9.68392562866211,-0.10162052512168884,-0.10965780168771744,-0.3990318775177002,82.0,15.842000961303711
1776230816.955903,2026-04-15T05:26:56.955903,attack_triangle_gpsinput_drift,01,47.398136099999995,8.5464016,10.13700008392334,9.82300090789795,1.3299999237060547,-0.04999999701976776,-0.44999998807907104,-0.15461093187332153,0.021755099296569824,-9.68392562866211,-0.10162052512168884,-0.10965780168771744,-0.3990318775177002,82.0,15.842000961303711
1776230817.0579932,2026-04-15T05:26:57.057993,attack_triangle_gpsinput_drift,01,47.3981363,8.5464016,10.144000053405762,9.830000877380371,1.3799999952316284,-0.04999999701976776,-0.4399999976158142,-0.15234258770942688,0.02313181757926941,-9.698070526123047,-0.08560437709093094,-0.10419760644435883,-0.40958938002586365,82.0,15.842000961303711
1776230817.1630795,2026-04-15T05:26:57.163080,attack_triangle_gpsinput_drift,01,47.398136699999995,8.5464016,10.154000282287598,9.84000015258789,1.4499999284744263,-0.04999999701976776,-0.41999998688697815,-0.16953882575035095,0.02323588728904724,-9.683687210083008,-0.07290808111429214,-0.09424356371164322,-0.41857415437698364,82.0,15.842000961303711
1776230817.2698057,2026-04-15T05:26:57.269806,attack_triangle_gpsinput_drift,01,47.3981369,8.5464015,10.16100025177002,9.847000122070312,1.5,-0.05999999865889549,-0.4099999964237213,-0.165789395570755,0.027776896953582764,-9.688471794128418,-0.057029057294130325,-0.07684586942195892,-0.4275658428668976,82.0,15.842000961303711
1776230817.3740466,2026-04-15T05:26:57.374047,attack_triangle_gpsinput_drift,01,47.398137299999995,8.5464015,10.171000480651855,9.857000350952148,1.5799999237060547,-0.05999999865889549,-0.3999999761581421,-0.1706494688987732,0.03214903920888901,-9.689911842346191,-0.039000317454338074,-0.05529140681028366,-0.4354293644428253,82.0,15.842000961303711
1776230817.4781616,2026-04-15T05:26:57.478162,attack_triangle_gpsinput_drift,01,47.398137399999996,8.5464015,10.17400074005127,9.860000610351562,1.6100000143051147,-0.05999999865889549,-0.3999999761581421,-0.17831924557685852,0.03536552935838699,-9.67694091796875,-0.02788042090833187,-0.04499710351228714,-0.4416302442550659,82.0,15.842000961303711
1776230817.5877671,2026-04-15T05:26:57.587767,attack_triangle_gpsinput_drift,01,47.398137399999996,8.5464015,10.17400074005127,9.860000610351562,1.6100000143051147,-0.05999999865889549,-0.3999999761581421,-0.17831924557685852,0.03536552935838699,-9.67694091796875,-0.02788042090833187,-0.04499710351228714,-0.4416302442550659,82.0,15.842000961303711
1776230817.6889987,2026-04-15T05:26:57.688999,attack_triangle_gpsinput_drift,01,47.3981378,8.5464015,10.183000564575195,9.869000434875488,1.6799999475479126,-0.07000000029802322,-0.3799999952316284,-0.18734872341156006,0.044266052544116974,-9.705085754394531,-0.013015059754252434,-0.03427726402878761,-0.44977566599845886,82.0,15.842000961303711
1776230817.7921565,2026-04-15T05:26:57.792156,attack_triangle_gpsinput_drift,01,47.3981381,8.5464015,10.189000129699707,9.875,1.7300000190734863,-0.07000000029802322,-0.3700000047683716,-0.19980522990226746,0.04586491733789444,-9.71457576751709,-0.0065596518106758595,-0.03280279412865639,-0.4573718011379242,82.0,15.842000961303711
1776230817.895732,2026-04-15T05:26:57.895732,attack_triangle_gpsinput_drift,01,47.3981381,8.5464015,10.189000129699707,9.875,1.7300000190734863,-0.07000000029802322,-0.3700000047683716,-0.19980522990226746,0.04586491733789444,-9.71457576751709,-0.0065596518106758595,-0.03280279412865639,-0.4573718011379242,82.0,15.842000961303711
1776230817.998168,2026-04-15T05:26:57.998168,attack_triangle_gpsinput_drift,01,47.3981389,8.546401399999999,10.20300006866455,9.88900089263916,1.8600000143051147,-0.07999999821186066,-0.3499999940395355,-0.2086864411830902,0.037417419254779816,-9.780965805053711,0.0005132409860379994,-0.03349960967898369,-0.46982985734939575,82.0,15.842000961303711
1776230818.099902,2026-04-15T05:26:58.099902,attack_triangle_gpsinput_drift,01,47.398139199999996,8.546401399999999,10.208000183105469,9.894000053405762,1.909999966621399,-0.07999999821186066,-0.3400000035762787,-0.21580621600151062,0.0512402281165123,-9.79086685180664,-0.0009698121575638652,-0.0413215272128582,-0.48002246022224426,82.0,15.842000961303711
1776230818.212612,2026-04-15T05:26:58.212612,attack_triangle_gpsinput_drift,01,47.398139699999994,8.546401399999999,10.217000961303711,9.903000831604004,2.0,-0.07999999821186066,-0.32999998331069946,-0.22438517212867737,0.051620304584503174,-9.787713050842285,0.0028899312019348145,-0.030224405229091644,-0.4876812696456909,82.0,15.842000961303711
1776230818.316348,2026-04-15T05:26:58.316348,attack_triangle_gpsinput_drift,01,47.39814,8.546401399999999,10.222000122070312,9.908000946044922,2.049999952316284,-0.08999999612569809,-0.3199999928474426,-0.22849881649017334,0.05161865055561066,-9.7593412399292,0.011602058075368404,-0.0062242536805570126,-0.49343571066856384,82.0,15.842000961303711
1776230818.418155,2026-04-15T05:26:58.418155,attack_triangle_gpsinput_drift,01,47.3981405,8.5464013,10.229000091552734,9.915000915527344,2.129999876022339,-0.08999999612569809,-0.3100000023841858,-0.22929450869560242,0.059266991913318634,-9.773367881774902,0.023466048762202263,0.01686173491179943,-0.499089777469635,82.0,15.842000961303711
1776230818.519643,2026-04-15T05:26:58.519643,attack_triangle_gpsinput_drift,01,47.3981411,8.5464013,10.236000061035156,9.922000885009766,2.2100000381469727,-0.08999999612569809,-0.29999998211860657,-0.24290457367897034,0.05270002782344818,-9.769088745117188,0.03237629681825638,0.025301817804574966,-0.5047733783721924,82.0,15.842000961303711
1776230818.6209042,2026-04-15T05:26:58.620904,attack_triangle_gpsinput_drift,01,47.3981411,8.5464013,10.236000061035156,9.922000885009766,2.2100000381469727,-0.08999999612569809,-0.29999998211860657,-0.24290457367897034,0.05270002782344818,-9.769088745117188,0.03237629681825638,0.025301817804574966,-0.5047733783721924,82.0,15.842000961303711
1776230818.7240975,2026-04-15T05:26:58.724097,attack_triangle_gpsinput_drift,01,47.3981414,8.5464013,10.24000072479248,9.927000045776367,2.259999990463257,-0.09999999403953552,-0.28999999165534973,-0.24647849798202515,0.06156492605805397,-9.764842987060547,0.03892195597290993,0.0306894239038229,-0.5104550719261169,82.0,15.842000961303711
1776230818.8252718,2026-04-15T05:26:58.825272,attack_triangle_gpsinput_drift,01,47.3981414,8.5464013,10.24000072479248,9.927000045776367,2.259999990463257,-0.09999999403953552,-0.28999999165534973,-0.2499704360961914,0.0521976538002491,-9.76021671295166,0.04576065391302109,0.043400462716817856,-0.5146940350532532,82.0,15.842000961303711
1776230818.9274752,2026-04-15T05:26:58.927475,attack_triangle_gpsinput_drift,01,47.398142,8.5464013,10.247000694274902,9.933000564575195,2.3299999237060547,-0.09999999403953552,-0.26999998092651367,-0.2499704360961914,0.0521976538002491,-9.76021671295166,0.04576065391302109,0.043400462716817856,-0.5146940350532532,82.0,15.842000961303711
1776230819.02995,2026-04-15T05:26:59.029950,attack_triangle_gpsinput_drift,01,47.3981424,8.5464012,10.25100040435791,9.937000274658203,2.379999876022339,-0.09999999403953552,-0.26999998092651367,-0.27078011631965637,0.0644519180059433,-9.795472145080566,0.04865895211696625,0.04404635727405548,-0.5196709036827087,82.0,15.842000961303711
1776230819.2472441,2026-04-15T05:26:59.247244,attack_triangle_gpsinput_drift,01,47.398142799999995,8.5464012,10.255000114440918,9.941000938415527,2.429999828338623,-0.09999999403953552,-0.25999999046325684,-0.2750954031944275,0.05828274413943291,-9.806844711303711,0.04927142336964607,0.03822921961545944,-0.5232670903205872,82.0,15.842000961303711
1776230819.3701305,2026-04-15T05:26:59.370131,attack_triangle_gpsinput_drift,01,47.3981432,8.5464012,10.258000373840332,9.945000648498535,2.490000009536743,-0.10999999940395355,-0.25,-0.279678076505661,0.0660398006439209,-9.831354141235352,0.046713948249816895,0.03300929814577103,-0.526960015296936,82.0,15.842000961303711
1776230819.4718554,2026-04-15T05:26:59.471855,attack_triangle_gpsinput_drift,01,47.3981432,8.5464012,10.258000373840332,9.945000648498535,2.490000009536743,-0.10999999940395355,-0.25,-0.279678076505661,0.0660398006439209,-9.831354141235352,0.046713948249816895,0.03300929814577103,-0.526960015296936,82.0,15.842000961303711
1776230819.5726972,2026-04-15T05:26:59.572697,attack_triangle_gpsinput_drift,01,47.3981432,8.5464012,10.258000373840332,9.945000648498535,2.490000009536743,-0.10999999940395355,-0.25,-0.279678076505661,0.0660398006439209,-9.831354141235352,0.046713948249816895,0.03300929814577103,-0.526960015296936,82.0,15.842000961303711
1776230819.7031822,2026-04-15T05:26:59.703182,attack_triangle_gpsinput_drift,01,47.3981432,8.5464012,10.258000373840332,9.945000648498535,2.490000009536743,-0.10999999940395355,-0.25,-0.279678076505661,0.0660398006439209,-9.831354141235352,0.046713948249816895,0.03300929814577103,-0.526960015296936,82.0,15.842000961303711
1776230819.8218741,2026-04-15T05:26:59.821874,attack_triangle_gpsinput_drift,01,47.3981436,8.5464012,10.26200008392334,9.94800090789795,2.5399999618530273,-0.10999999940395355,-0.23999999463558197,-0.2924162447452545,0.06270182132720947,-9.842508316040039,0.0382341593503952,0.023004435002803802,-0.5307459235191345,82.0,15.842000961303711
1776230819.9258828,2026-04-15T05:26:59.925883,attack_triangle_gpsinput_drift,01,47.3981436,8.5464012,10.26200008392334,9.94800090789795,2.5399999618530273,-0.10999999940395355,-0.23999999463558197,-0.2924162447452545,0.06270182132720947,-9.842508316040039,0.0382341593503952,0.023004435002803802,-0.5307459235191345,82.0,15.842000961303711
1776230820.0870936,2026-04-15T05:27:00.087094,attack_triangle_gpsinput_drift,01,47.3981436,8.5464012,10.26200008392334,9.94800090789795,2.5399999618530273,-0.10999999940395355,-0.23999999463558197,-0.2924162447452545,0.06270182132720947,-9.842508316040039,0.0382341593503952,0.023004435002803802,-0.5307459235191345,82.0,15.842000961303711
1776230820.370726,2026-04-15T05:27:00.370726,attack_triangle_gpsinput_drift,01,47.3981436,8.5464012,10.26200008392334,9.94800090789795,2.5399999618530273,-0.10999999940395355,-0.23999999463558197,-0.2924162447452545,0.06270182132720947,-9.842508316040039,0.0382341593503952,0.023004435002803802,-0.5307459235191345,82.0,15.842000961303711
1776230820.4719403,2026-04-15T05:27:00.471940,attack_triangle_gpsinput_drift,01,47.3981436,8.5464012,10.26200008392334,9.94800090789795,2.5399999618530273,-0.10999999940395355,-0.23999999463558197,-0.2924162447452545,0.06270182132720947,-9.842508316040039,0.0382341593503952,0.023004435002803802,-0.5307459235191345,82.0,15.842000961303711
1776230820.6221886,2026-04-15T05:27:00.622189,attack_triangle_gpsinput_drift,01,47.3981436,8.5464012,10.26200008392334,9.94800090789795,2.5399999618530273,-0.10999999940395355,-0.23999999463558197,-0.2924162447452545,0.06270182132720947,-9.842508316040039,0.0382341593503952,0.023004435002803802,-0.5307459235191345,82.0,15.842000961303711
1776230820.7293394,2026-04-15T05:27:00.729339,attack_triangle_gpsinput_drift,01,47.3981436,8.5464012,10.26200008392334,9.94800090789795,2.5399999618530273,-0.10999999940395355,-0.23999999463558197,-0.2924162447452545,0.06270182132720947,-9.842508316040039,0.0382341593503952,0.023004435002803802,-0.5307459235191345,82.0,15.842000961303711
1776230820.8338633,2026-04-15T05:27:00.833863,attack_triangle_gpsinput_drift,01,47.3981442,8.546401099999999,10.267000198364258,9.954000473022461,2.609999895095825,-0.10999999940395355,-0.22999998927116394,-0.29848092794418335,0.06897620856761932,-9.84450912475586,0.036832574754953384,0.023927783593535423,-0.5350522398948669,82.0,15.842000961303711
1776230820.9390326,2026-04-15T05:27:00.939033,attack_triangle_gpsinput_drift,01,47.3981442,8.546401099999999,10.267000198364258,9.954000473022461,2.609999895095825,-0.10999999940395355,-0.22999998927116394,-0.29848092794418335,0.06897620856761932,-9.84450912475586,0.036832574754953384,0.023927783593535423,-0.5350522398948669,82.0,15.842000961303711
1776230821.0532703,2026-04-15T05:27:01.053270,attack_triangle_gpsinput_drift,01,47.3981442,8.546401099999999,10.267000198364258,9.954000473022461,2.609999895095825,-0.10999999940395355,-0.22999998927116394,-0.29848092794418335,0.06897620856761932,-9.84450912475586,0.036832574754953384,0.023927783593535423,-0.5350522398948669,82.0,15.842000961303711
1776230821.1572251,2026-04-15T05:27:01.157225,attack_triangle_gpsinput_drift,01,47.3981442,8.546401099999999,10.267000198364258,9.954000473022461,2.609999895095825,-0.10999999940395355,-0.22999998927116394,-0.29848092794418335,0.06897620856761932,-9.84450912475586,0.036832574754953384,0.023927783593535423,-0.5350522398948669,82.0,15.842000961303711
1776230821.2597194,2026-04-15T05:27:01.259719,attack_triangle_gpsinput_drift,01,47.3981442,8.546401099999999,10.267000198364258,9.954000473022461,2.609999895095825,-0.10999999940395355,-0.22999998927116394,-0.3034665584564209,0.06261205673217773,-9.834317207336426,0.0365835465490818,0.028061795979738235,-0.5381468534469604,82.0,15.842000961303711
1776230821.360971,2026-04-15T05:27:01.360971,attack_triangle_gpsinput_drift,01,47.398144599999995,8.546401099999999,10.271000862121582,9.957000732421875,2.6599998474121094,-0.10999999940395355,-0.22999998927116394,-0.3034665584564209,0.06261205673217773,-9.834317207336426,0.0365835465490818,0.028061795979738235,-0.5381468534469604,82.0,15.842000961303711
1776230821.4627192,2026-04-15T05:27:01.462719,attack_triangle_gpsinput_drift,01,47.398145,8.546401099999999,10.27400016784668,9.960000038146973,2.7100000381469727,-0.10999999940395355,-0.2199999988079071,-0.30712583661079407,0.06782293319702148,-9.836256980895996,0.03640574961900711,0.0287630558013916,-0.5421657562255859,82.0,15.842000961303711
1776230821.5644567,2026-04-15T05:27:01.564457,attack_triangle_gpsinput_drift,01,47.398145,8.546401099999999,10.27400016784668,9.960000038146973,2.7100000381469727,-0.10999999940395355,-0.2199999988079071,-0.3065226078033447,0.05727590247988701,-9.832571029663086,0.03408351168036461,0.028757750988006592,-0.5423514246940613,82.0,15.842000961303711
1776230821.665869,2026-04-15T05:27:01.665869,attack_triangle_gpsinput_drift,01,47.398145299999996,8.546401099999999,10.276000022888184,9.962000846862793,2.7300000190734863,-0.10999999940395355,-0.2199999988079071,-0.3065226078033447,0.05727590247988701,-9.832571029663086,0.03408351168036461,0.028757750988006592,-0.5423514246940613,82.0,15.842000961303711
1776230821.7704222,2026-04-15T05:27:01.770422,attack_triangle_gpsinput_drift,01,47.398145299999996,8.546401099999999,10.276000022888184,9.962000846862793,2.7300000190734863,-0.10999999940395355,-0.2199999988079071,-0.31835755705833435,0.07201232016086578,-9.84699535369873,0.03225123882293701,0.028954660519957542,-0.5458815693855286,82.0,15.842000961303711
1776230821.8900673,2026-04-15T05:27:01.890067,attack_triangle_gpsinput_drift,01,47.3981457,8.546401,10.279000282287598,9.96500015258789,2.7799999713897705,-0.11999999731779099,-0.20999999344348907,-0.31835755705833435,0.07201232016086578,-9.84699535369873,0.03225123882293701,0.028954660519957542,-0.5458815693855286,82.0,15.842000961303711
1776230821.993546,2026-04-15T05:27:01.993546,attack_triangle_gpsinput_drift,01,47.3981469,8.546401,10.288000106811523,9.974000930786133,2.9099998474121094,-0.11999999731779099,-0.1899999976158142,-0.3364297151565552,0.06542263925075531,-9.923333168029785,0.01910214312374592,-0.0014737470773980021,-0.5553290843963623,82.0,15.842000961303711
1776230822.101814,2026-04-15T05:27:02.101814,attack_triangle_gpsinput_drift,01,47.3981473,8.5464009,10.291000366210938,9.97700023651123,2.9600000381469727,-0.11999999731779099,-0.1899999976158142,-0.3463539481163025,0.06528720259666443,-9.875286102294922,0.015094404108822346,-0.01635960303246975,-0.5612584948539734,82.0,15.842000961303711
1776230822.2059438,2026-04-15T05:27:02.205944,attack_triangle_gpsinput_drift,01,47.3981473,8.5464009,10.291000366210938,9.97700023651123,2.9600000381469727,-0.11999999731779099,-0.1899999976158142,-0.3463539481163025,0.06528720259666443,-9.875286102294922,0.015094404108822346,-0.01635960303246975,-0.5612584948539734,82.0,15.842000961303711
1776230822.3121057,2026-04-15T05:27:02.312106,attack_triangle_gpsinput_drift,01,47.3981481,8.5464009,10.295000076293945,9.981000900268555,3.0399999618530273,-0.11999999731779099,-0.17999999225139618,-0.35309019684791565,0.06374061107635498,-9.878155708312988,0.020007625222206116,0.001403507310897112,-0.5647363066673279,82.0,15.842000961303711
1776230822.4131289,2026-04-15T05:27:02.413129,attack_triangle_gpsinput_drift,01,47.3981481,8.5464009,10.295000076293945,9.981000900268555,3.0399999618530273,-0.11999999731779099,-0.17999999225139618,-0.35309019684791565,0.06374061107635498,-9.878155708312988,0.020007625222206116,0.001403507310897112,-0.5647363066673279,82.0,15.842000961303711
1776230822.5159771,2026-04-15T05:27:02.515977,attack_triangle_gpsinput_drift,01,47.3981485,8.5464009,10.297000885009766,9.983000755310059,3.0899999141693115,-0.11999999731779099,-0.17000000178813934,-0.3645952045917511,0.05907382443547249,-9.86359977722168,0.025632744655013084,0.010503825731575489,-0.5659821033477783,82.0,15.842000961303711
1776230822.6266246,2026-04-15T05:27:02.626625,attack_triangle_gpsinput_drift,01,47.3981485,8.5464009,10.297000885009766,9.983000755310059,3.0899999141693115,-0.11999999731779099,-0.17000000178813934,-0.3675570785999298,0.060100238770246506,-9.829557418823242,0.03258182108402252,0.017168009653687477,-0.5709617137908936,82.0,15.842000961303711
1776230822.728598,2026-04-15T05:27:02.728598,attack_triangle_gpsinput_drift,01,47.3981493,8.546400799999999,10.301000595092773,9.987000465393066,3.1599998474121094,-0.12999999523162842,-0.17000000178813934,-0.3675570785999298,0.060100238770246506,-9.829557418823242,0.03258182108402252,0.017168009653687477,-0.5709617137908936,82.0,15.842000961303711
1776230822.8811812,2026-04-15T05:27:02.881181,attack_triangle_gpsinput_drift,01,47.3981498,8.546400799999999,10.303000450134277,9.98900032043457,3.2100000381469727,-0.12999999523162842,-0.1599999964237213,-0.37191519141197205,0.05792377516627312,-9.824366569519043,0.03694391995668411,0.023258192464709282,-0.5715694427490234,82.0,15.842000961303711
1776230822.985127,2026-04-15T05:27:02.985127,attack_triangle_gpsinput_drift,01,47.3981498,8.546400799999999,10.303000450134277,9.98900032043457,3.2100000381469727,-0.12999999523162842,-0.1599999964237213,-0.37191519141197205,0.05792377516627312,-9.824366569519043,0.03694391995668411,0.023258192464709282,-0.5715694427490234,82.0,15.842000961303711
1776230823.0979517,2026-04-15T05:27:03.097952,attack_triangle_gpsinput_drift,01,47.3981498,8.546400799999999,10.303000450134277,9.98900032043457,3.2100000381469727,-0.12999999523162842,-0.1599999964237213,-0.37191519141197205,0.05792377516627312,-9.824366569519043,0.03694391995668411,0.023258192464709282,-0.5715694427490234,82.0,15.842000961303711
1776230823.199779,2026-04-15T05:27:03.199779,attack_triangle_gpsinput_drift,01,47.3981503,8.546400799999999,10.305000305175781,9.992000579833984,3.25,-0.12999999523162842,-0.14999999105930328,-0.3775373101234436,0.06943520903587341,-9.839577674865723,0.041513845324516296,0.02382759004831314,-0.5737627744674683,82.0,15.842000961303711
1776230823.3017035,2026-04-15T05:27:03.301703,attack_triangle_gpsinput_drift,01,47.3981503,8.546400799999999,10.305000305175781,9.992000579833984,3.25,-0.12999999523162842,-0.14999999105930328,-0.3775373101234436,0.06943520903587341,-9.839577674865723,0.041513845324516296,0.02382759004831314,-0.5737627744674683,82.0,15.842000961303711
1776230823.4031572,2026-04-15T05:27:03.403157,attack_triangle_gpsinput_drift,01,47.3981503,8.546400799999999,10.305000305175781,9.992000579833984,3.25,-0.12999999523162842,-0.14999999105930328,-0.3775373101234436,0.06943520903587341,-9.839577674865723,0.041513845324516296,0.02382759004831314,-0.5737627744674683,82.0,15.842000961303711
1776230823.5063994,2026-04-15T05:27:03.506399,attack_triangle_gpsinput_drift,01,47.398151,8.5464007,10.308000564575195,9.994000434875488,3.3299999237060547,-0.12999999523162842,-0.14999999105930328,-0.3940073251724243,0.05999508872628212,-9.824178695678711,0.04550805687904358,0.018600672483444214,-0.5747668147087097,82.0,15.842000961303711
1776230823.6161914,2026-04-15T05:27:03.616191,attack_triangle_gpsinput_drift,01,47.398151,8.5464007,10.308000564575195,9.994000434875488,3.3299999237060547,-0.12999999523162842,-0.14999999105930328,-0.3940073251724243,0.05999508872628212,-9.824178695678711,0.04550805687904358,0.018600672483444214,-0.5747668147087097,82.0,15.842000961303711
1776230823.7233596,2026-04-15T05:27:03.723360,attack_triangle_gpsinput_drift,01,47.398151,8.5464007,10.308000564575195,9.994000434875488,3.3299999237060547,-0.12999999523162842,-0.14999999105930328,-0.3940073251724243,0.05999508872628212,-9.824178695678711,0.04550805687904358,0.018600672483444214,-0.5747668147087097,82.0,15.842000961303711
1776230823.843264,2026-04-15T05:27:03.843264,attack_triangle_gpsinput_drift,01,47.3981516,8.5464007,10.3100004196167,9.996000289916992,3.379999876022339,-0.12999999523162842,-0.14999999105930328,-0.3953993618488312,0.05119279399514198,-9.794570922851562,0.04980049282312393,0.020140234380960464,-0.5743928551673889,82.0,15.842000961303711
1776230823.9608727,2026-04-15T05:27:03.960873,attack_triangle_gpsinput_drift,01,47.3981521,8.5464007,10.312000274658203,9.998000144958496,3.419999837875366,-0.12999999523162842,-0.14999999105930328,-0.3962031602859497,0.05110443755984306,-9.759469032287598,0.050602417439222336,0.030749114230275154,-0.5753172636032104,82.0,15.842000961303711
1776230824.0717096,2026-04-15T05:27:04.071710,attack_triangle_gpsinput_drift,01,47.398153,8.5464006,10.316000938415527,10.00200080871582,3.5,-0.12999999523162842,-0.14000000059604645,-0.40725651383399963,0.04603411629796028,-9.627252578735352,0.06626606732606888,0.08730268478393555,-0.5706704258918762,82.0,15.842000961303711
1776230824.176665,2026-04-15T05:27:04.176665,attack_triangle_gpsinput_drift,01,47.398153,8.5464006,10.316000938415527,10.00200080871582,3.5,-0.12999999523162842,-0.14000000059604645,-0.4103086292743683,0.04672810807824135,-9.559351921081543,0.07578995823860168,0.10821034759283066,-0.5695838928222656,82.0,15.842000961303711
1776230824.2788954,2026-04-15T05:27:04.278895,attack_triangle_gpsinput_drift,01,47.3981535,8.5464006,10.318000793457031,10.004000663757324,3.549999952316284,-0.12999999523162842,-0.14000000059604645,-0.4103086292743683,0.04672810807824135,-9.559351921081543,0.07578995823860168,0.10821034759283066,-0.5695838928222656,82.0,15.842000961303711
1776230824.3806648,2026-04-15T05:27:04.380665,attack_triangle_gpsinput_drift,01,47.398154299999995,8.5464006,10.321000099182129,10.007000923156738,3.619999885559082,-0.12999999523162842,-0.12999999523162842,-0.40919896960258484,0.03911256417632103,-9.473215103149414,0.08976152539253235,0.1347164511680603,-0.5662925839424133,82.0,15.842000961303711
1776230824.5529034,2026-04-15T05:27:04.552903,attack_triangle_gpsinput_drift,01,47.398154899999994,8.546400499999999,10.32300090789795,10.009000778198242,3.6599998474121094,-0.12999999523162842,-0.11999999731779099,-0.4130024313926697,0.03514503687620163,-9.42646312713623,0.10228275507688522,0.1657339632511139,-0.5610565543174744,82.0,15.842000961303711
1776230824.6551113,2026-04-15T05:27:04.655111,attack_triangle_gpsinput_drift,01,47.3981559,8.546400499999999,10.326000213623047,10.01200008392334,3.7300000190734863,-0.12999999523162842,-0.10999999940395355,-0.4284108579158783,0.038413383066654205,-9.37891960144043,0.11392571777105331,0.19384469091892242,-0.5554006099700928,82.0,15.842000961303711
1776230824.758424,2026-04-15T05:27:04.758424,attack_triangle_gpsinput_drift,01,47.3981564,8.546400499999999,10.327000617980957,10.01400089263916,3.7699999809265137,-0.12999999523162842,-0.09999999403953552,-0.43009933829307556,0.03396105766296387,-9.358184814453125,0.12105435132980347,0.21366114914417267,-0.5494664907455444,82.0,15.842000961303711
1776230824.8735557,2026-04-15T05:27:04.873556,attack_triangle_gpsinput_drift,01,47.398157,8.5464004,10.329000473022461,10.015000343322754,3.819999933242798,-0.12999999523162842,-0.08999999612569809,-0.4399240016937256,0.02699517458677292,-9.343558311462402,0.12854395806789398,0.22635017335414886,-0.5433764457702637,82.0,15.842000961303711
1776230824.9761753,2026-04-15T05:27:04.976175,attack_triangle_gpsinput_drift,01,47.3981579,8.5464004,10.331000328063965,10.017000198364258,3.879999876022339,-0.12999999523162842,-0.07999999821186066,-0.4465356767177582,0.02436824142932892,-9.32946491241455,0.1311512589454651,0.23358435928821564,-0.535953164100647,82.0,15.842000961303711
1776230825.088117,2026-04-15T05:27:05.088117,attack_triangle_gpsinput_drift,01,47.3981582,8.5464004,10.332000732421875,10.018000602722168,3.8999998569488525,-0.12999999523162842,-0.07000000029802322,-0.44394800066947937,0.010213322937488556,-9.327683448791504,0.13063471019268036,0.24069705605506897,-0.5274364948272705,82.0,15.842000961303711
1776230825.19178,2026-04-15T05:27:05.191780,attack_triangle_gpsinput_drift,01,47.3981591,8.5464003,10.333000183105469,10.019000053405762,3.9499998092651367,-0.12999999523162842,-0.05999999865889549,-0.45563384890556335,0.023415274918079376,-9.31747817993164,0.1289634108543396,0.25614556670188904,-0.5187681317329407,82.0,15.842000961303711
1776230825.297666,2026-04-15T05:27:05.297666,attack_triangle_gpsinput_drift,01,47.39816,8.5464003,10.334000587463379,10.021000862121582,4.009999752044678,-0.12999999523162842,-0.03999999910593033,-0.4613831043243408,0.016206324100494385,-9.303971290588379,0.1298198252916336,0.2692694365978241,-0.5086009502410889,82.0,15.842000961303711
1776230825.3997092,2026-04-15T05:27:05.399709,attack_triangle_gpsinput_drift,01,47.3981603,8.5464003,10.335000038146973,10.021000862121582,4.029999732971191,-0.11999999731779099,-0.03999999910593033,-0.4598359167575836,0.021181032061576843,-9.288829803466797,0.13033412396907806,0.2772804796695709,-0.5039895176887512,82.0,15.842000961303711
1776230825.502236,2026-04-15T05:27:05.502236,attack_triangle_gpsinput_drift,01,47.3981625,8.546400199999999,10.336000442504883,10.022000312805176,4.150000095367432,-0.11999999731779099,0.0,-0.4811687469482422,0.009095396846532822,-9.306761741638184,0.12413846701383591,0.3068351447582245,-0.4758785665035248,82.0,15.842000961303711
1776230825.6137867,2026-04-15T05:27:05.613787,attack_triangle_gpsinput_drift,01,47.3981631,8.5464001,10.335000038146973,10.021000862121582,4.179999828338623,-0.10999999940395355,0.0,-0.48685306310653687,-0.003136124461889267,-9.31716537475586,0.11744848638772964,0.3200581967830658,-0.4641878008842468,82.0,15.842000961303711
1776230825.730511,2026-04-15T05:27:05.730511,attack_triangle_gpsinput_drift,01,47.3981637,8.5464001,10.335000038146973,10.021000862121582,4.21999979019165,-0.10999999940395355,0.009999999776482582,-0.487490177154541,0.008417658507823944,-9.331911087036133,0.11432121694087982,0.33654317259788513,-0.4548044800758362,82.0,15.842000961303711
1776230825.833072,2026-04-15T05:27:05.833072,attack_triangle_gpsinput_drift,01,47.3981644,8.5464001,10.334000587463379,10.020000457763672,4.259999752044678,-0.10999999940395355,0.019999999552965164,-0.4848206043243408,-0.0004544854164123535,-9.334892272949219,0.10987288504838943,0.3558119833469391,-0.44147780537605286,78.0,15.782000541687012
1776230825.9359627,2026-04-15T05:27:05.935963,attack_triangle_gpsinput_drift,01,47.3981644,8.5464001,10.334000587463379,10.020000457763672,4.259999752044678,-0.10999999940395355,0.019999999552965164,-0.4848206043243408,-0.0004544854164123535,-9.334892272949219,0.10987288504838943,0.3558119833469391,-0.44147780537605286,78.0,15.782000541687012
1776230826.0392814,2026-04-15T05:27:06.039281,attack_triangle_gpsinput_drift,01,47.398165299999995,8.5464001,10.333000183105469,10.019000053405762,4.289999961853027,-0.09999999403953552,0.029999999329447746,-0.5043078064918518,-0.01236322894692421,-9.449522018432617,0.10479025542736053,0.3521224558353424,-0.4282491207122803,78.0,15.782000541687012
1776230826.143389,2026-04-15T05:27:06.143389,attack_triangle_gpsinput_drift,01,47.398165999999996,8.5464,10.332000732421875,10.018000602722168,4.339999675750732,-0.09999999403953552,0.03999999910593033,-0.5074458122253418,-0.014099415391683578,-9.592666625976562,0.09910939633846283,0.35767945647239685,-0.41471683979034424,78.0,15.782000541687012
1776230826.2524633,2026-04-15T05:27:06.252463,attack_triangle_gpsinput_drift,01,47.398167099999995,8.5464,10.330000877380371,10.016000747680664,4.369999885559082,-0.08999999612569809,0.03999999910593033,-0.527769148349762,-0.01541682705283165,-9.744775772094727,0.09286138415336609,0.37159866094589233,-0.4002569317817688,78.0,15.782000541687012
1776230826.3563972,2026-04-15T05:27:06.356397,attack_triangle_gpsinput_drift,01,47.3981681,8.5464,10.32800006866455,10.015000343322754,4.409999847412109,-0.08999999612569809,0.03999999910593033,-0.5240249037742615,-0.015140224248170853,-9.89159870147705,0.08410944044589996,0.3908587694168091,-0.3867497444152832,78.0,15.782000541687012
1776230826.4618776,2026-04-15T05:27:06.461878,attack_triangle_gpsinput_drift,01,47.3981688,8.5464,10.327000617980957,10.01300048828125,4.440000057220459,-0.07999999821186066,0.03999999910593033,-0.5336986184120178,-0.017811749130487442,-9.976011276245117,0.07727339118719101,0.4045763611793518,-0.37627413868904114,78.0,15.782000541687012
1776230826.5710406,2026-04-15T05:27:06.571041,attack_triangle_gpsinput_drift,01,47.3981698,8.546399899999999,10.325000762939453,10.011000633239746,4.480000019073486,-0.07999999821186066,0.03999999910593033,-0.5406216382980347,-0.02693357691168785,-10.052189826965332,0.06940706819295883,0.413021445274353,-0.359707236289978,78.0,15.782000541687012
1776230826.6742032,2026-04-15T05:27:06.674203,attack_triangle_gpsinput_drift,01,47.3981704,8.546399899999999,10.324000358581543,10.010000228881836,4.5,-0.07000000029802322,0.03999999910593033,-0.5575520396232605,-0.023293107748031616,-10.049575805664062,0.062472786754369736,0.41203930974006653,-0.346713662147522,78.0,15.782000541687012
1776230826.7789428,2026-04-15T05:27:06.778943,attack_triangle_gpsinput_drift,01,47.3981715,8.546399899999999,10.322000503540039,10.008000373840332,4.539999961853027,-0.05999999865889549,0.029999999329447746,-0.5473245978355408,-0.037095800042152405,-10.030643463134766,0.0557735301554203,0.4141886234283447,-0.3312841057777405,78.0,15.782000541687012
1776230826.8796785,2026-04-15T05:27:06.879678,attack_triangle_gpsinput_drift,01,47.3981721,8.546399899999999,10.321000099182129,10.007000923156738,4.559999942779541,-0.05999999865889549,0.029999999329447746,-0.5515254139900208,-0.03766912221908569,-10.013463973999023,0.048437464982271194,0.4211806356906891,-0.31833574175834656,78.0,15.782000541687012
1776230826.9805772,2026-04-15T05:27:06.980577,attack_triangle_gpsinput_drift,01,47.3981721,8.546399899999999,10.321000099182129,10.007000923156738,4.559999942779541,-0.05999999865889549,0.029999999329447746,-0.5515254139900208,-0.03766912221908569,-10.013463973999023,0.048437464982271194,0.4211806356906891,-0.31833574175834656,78.0,15.782000541687012
1776230827.0869339,2026-04-15T05:27:07.086934,attack_triangle_gpsinput_drift,01,47.3981721,8.546399899999999,10.321000099182129,10.007000923156738,4.559999942779541,-0.05999999865889549,0.029999999329447746,-0.5515254139900208,-0.03766912221908569,-10.013463973999023,0.048437464982271194,0.4211806356906891,-0.31833574175834656,78.0,15.782000541687012
1776230827.1881566,2026-04-15T05:27:07.188157,attack_triangle_gpsinput_drift,01,47.398173199999995,8.546399899999999,10.319000244140625,10.006000518798828,4.589999675750732,-0.04999999701976776,0.029999999329447746,-0.5542563199996948,-0.0451773926615715,-9.977336883544922,0.040450580418109894,0.42362144589424133,-0.30165329575538635,78.0,15.782000541687012
1776230827.2895684,2026-04-15T05:27:07.289568,attack_triangle_gpsinput_drift,01,47.398173799999995,8.546399899999999,10.318000793457031,10.005000114440918,4.599999904632568,-0.03999999910593033,0.029999999329447746,-0.5465419888496399,-0.035387568175792694,-9.958358764648438,0.032216668128967285,0.42482784390449524,-0.2910750210285187,78.0,15.782000541687012
1776230827.393918,2026-04-15T05:27:07.393918,attack_triangle_gpsinput_drift,01,47.398174499999996,8.546399899999999,10.317000389099121,10.004000663757324,4.619999885559082,-0.03999999910593033,0.019999999552965164,-0.5553207397460938,-0.04517969489097595,-9.947957038879395,0.02416573278605938,0.42581072449684143,-0.27749085426330566,78.0,15.782000541687012
1776230827.4950533,2026-04-15T05:27:07.495053,attack_triangle_gpsinput_drift,01,47.398174499999996,8.546399899999999,10.317000389099121,10.004000663757324,4.619999885559082,-0.03999999910593033,0.019999999552965164,-0.5553207397460938,-0.04517969489097595,-9.947957038879395,0.02416573278605938,0.42581072449684143,-0.27749085426330566,78.0,15.782000541687012
1776230827.610048,2026-04-15T05:27:07.610048,attack_triangle_gpsinput_drift,01,47.398175599999995,8.546399899999999,10.316000938415527,10.00200080871582,4.639999866485596,-0.029999999329447746,0.019999999552965164,-0.5683276653289795,-0.05625265836715698,-9.922172546386719,0.011036823503673077,0.4295942485332489,-0.2532399892807007,78.0,15.782000541687012
1776230827.712425,2026-04-15T05:27:07.712425,attack_triangle_gpsinput_drift,01,47.398176899999996,8.5463998,10.315000534057617,10.00100040435791,4.659999847412109,-0.029999999329447746,0.019999999552965164,-0.5646932125091553,-0.055122457444667816,-9.913268089294434,0.005447870120406151,0.4317553639411926,-0.24036841094493866,78.0,15.782000541687012
1776230827.8159003,2026-04-15T05:27:07.815900,attack_triangle_gpsinput_drift,01,47.3981776,8.5463998,10.314000129699707,10.0,4.679999828338623,-0.009999999776482582,0.019999999552965164,-0.5719431042671204,-0.06299923360347748,-9.895825386047363,-0.0005663269548676908,0.42233607172966003,-0.22962844371795654,78.0,15.782000541687012
1776230827.9201605,2026-04-15T05:27:07.920161,attack_triangle_gpsinput_drift,01,47.3981776,8.5463998,10.314000129699707,10.0,4.679999828338623,-0.009999999776482582,0.019999999552965164,-0.5719431042671204,-0.06299923360347748,-9.895825386047363,-0.0005663269548676908,0.42233607172966003,-0.22962844371795654,78.0,15.782000541687012
1776230828.0220826,2026-04-15T05:27:08.022083,attack_triangle_gpsinput_drift,01,47.3981783,8.5463998,10.313000679016113,9.999000549316406,4.690000057220459,-0.009999999776482582,0.019999999552965164,-0.577468991279602,-0.05501006171107292,-9.893057823181152,-0.003429932054132223,0.4134082794189453,-0.21960625052452087,78.0,15.782000541687012
1776230828.1280005,2026-04-15T05:27:08.128000,attack_triangle_gpsinput_drift,01,47.3981783,8.5463998,10.313000679016113,9.999000549316406,4.690000057220459,-0.009999999776482582,0.019999999552965164,-0.577468991279602,-0.05501006171107292,-9.893057823181152,-0.003429932054132223,0.4134082794189453,-0.21960625052452087,78.0,15.782000541687012
1776230828.237923,2026-04-15T05:27:08.237923,attack_triangle_gpsinput_drift,01,47.398179,8.5463998,10.312000274658203,9.998000144958496,4.699999809265137,0.0,0.009999999776482582,-0.5714445114135742,-0.0671282559633255,-9.878180503845215,-0.006526448763906956,0.40642455220222473,-0.2100289762020111,78.0,15.782000541687012
1776230828.3420832,2026-04-15T05:27:08.342083,attack_triangle_gpsinput_drift,01,47.398179999999996,8.546399899999999,10.31100082397461,9.997000694274902,4.710000038146973,0.0,0.009999999776482582,-0.576670229434967,-0.06086936593055725,-9.87955379486084,-0.011829406954348087,0.39442840218544006,-0.19819369912147522,78.0,15.782000541687012
1776230828.4499805,2026-04-15T05:27:08.449980,attack_triangle_gpsinput_drift,01,47.398179999999996,8.546399899999999,10.31100082397461,9.997000694274902,4.710000038146973,0.0,0.009999999776482582,-0.576670229434967,-0.06086936593055725,-9.87955379486084,-0.011829406954348087,0.39442840218544006,-0.19819369912147522,78.0,15.782000541687012
1776230828.5531926,2026-04-15T05:27:08.553193,attack_triangle_gpsinput_drift,01,47.398181099999995,8.546399899999999,10.31100082397461,9.997000694274902,4.71999979019165,0.0,0.009999999776482582,-0.5698323845863342,-0.07152117043733597,-9.869051933288574,-0.015578624792397022,0.3886084258556366,-0.18801036477088928,78.0,15.782000541687012
1776230828.6548228,2026-04-15T05:27:08.654823,attack_triangle_gpsinput_drift,01,47.3981814,8.546399899999999,10.3100004196167,9.996000289916992,4.71999979019165,0.009999999776482582,0.009999999776482582,-0.5725312829017639,-0.07259798049926758,-9.861302375793457,-0.020806821063160896,0.3876613676548004,-0.1768094152212143,78.0,15.782000541687012
1776230828.7586207,2026-04-15T05:27:08.758621,attack_triangle_gpsinput_drift,01,47.398182999999996,8.546399899999999,10.309000015258789,9.995000839233398,4.730000019073486,0.019999999552965164,0.009999999776482582,-0.5841641426086426,-0.06817901134490967,-9.856477737426758,-0.026854099705815315,0.39568576216697693,-0.16176927089691162,78.0,15.782000541687012
1776230828.8679368,2026-04-15T05:27:08.867937,attack_triangle_gpsinput_drift,01,47.398182999999996,8.546399899999999,10.309000015258789,9.995000839233398,4.730000019073486,0.019999999552965164,0.009999999776482582,-0.5841641426086426,-0.06817901134490967,-9.856477737426758,-0.026854099705815315,0.39568576216697693,-0.16176927089691162,78.0,15.782000541687012
1776230828.9730785,2026-04-15T05:27:08.973078,attack_triangle_gpsinput_drift,01,47.398182999999996,8.546399899999999,10.309000015258789,9.995000839233398,4.730000019073486,0.019999999552965164,0.009999999776482582,-0.5841641426086426,-0.06817901134490967,-9.856477737426758,-0.026854099705815315,0.39568576216697693,-0.16176927089691162,78.0,15.782000541687012
1776230829.076593,2026-04-15T05:27:09.076593,attack_triangle_gpsinput_drift,01,47.3981843,8.546399899999999,10.308000564575195,9.994000434875488,4.730000019073486,0.029999999329447746,0.009999999776482582,-0.5756054520606995,-0.07982952892780304,-9.862878799438477,-0.03691766411066055,0.41058093309402466,-0.14427633583545685,78.0,15.782000541687012
1776230829.1781535,2026-04-15T05:27:09.178154,attack_triangle_gpsinput_drift,01,47.3981843,8.546399899999999,10.308000564575195,9.994000434875488,4.730000019073486,0.029999999329447746,0.009999999776482582,-0.5756054520606995,-0.07982952892780304,-9.862878799438477,-0.03691766411066055,0.41058093309402466,-0.14427633583545685,78.0,15.782000541687012
1776230829.3251486,2026-04-15T05:27:09.325149,attack_triangle_gpsinput_drift,01,47.398185399999996,8.546399899999999,10.307000160217285,9.994000434875488,4.730000019073486,0.029999999329447746,0.0,-0.5776005983352661,-0.08360635489225388,-9.855708122253418,-0.042982153594493866,0.4198237359523773,-0.1356762796640396,78.0,15.782000541687012
1776230829.491615,2026-04-15T05:27:09.491615,attack_triangle_gpsinput_drift,01,47.398185399999996,8.546399899999999,10.307000160217285,9.994000434875488,4.730000019073486,0.029999999329447746,0.0,-0.5776005983352661,-0.08360635489225388,-9.855708122253418,-0.042982153594493866,0.4198237359523773,-0.1356762796640396,78.0,15.782000541687012
1776230829.5946817,2026-04-15T05:27:09.594682,attack_triangle_gpsinput_drift,01,47.398185399999996,8.546399899999999,10.307000160217285,9.994000434875488,4.730000019073486,0.029999999329447746,0.0,-0.5776005983352661,-0.08360635489225388,-9.855708122253418,-0.042982153594493866,0.4198237359523773,-0.1356762796640396,78.0,15.782000541687012
1776230829.7139711,2026-04-15T05:27:09.713971,attack_triangle_gpsinput_drift,01,47.3981861,8.546399899999999,10.307000160217285,9.993000030517578,4.71999979019165,0.03999999910593033,0.0,-0.5790375471115112,-0.08160091936588287,-9.853224754333496,-0.04485715925693512,0.41871318221092224,-0.1275280863046646,78.0,15.782000541687012
1776230829.8472772,2026-04-15T05:27:09.847277,attack_triangle_gpsinput_drift,01,47.3981861,8.546399899999999,10.307000160217285,9.993000030517578,4.71999979019165,0.03999999910593033,0.0,-0.5790375471115112,-0.08160091936588287,-9.853224754333496,-0.04485715925693512,0.41871318221092224,-0.1275280863046646,78.0,15.782000541687012
1776230829.94818,2026-04-15T05:27:09.948180,attack_triangle_gpsinput_drift,01,47.3981873,8.5464,10.306000709533691,9.992000579833984,4.71999979019165,0.04999999701976776,0.0,-0.5743851065635681,-0.08828742802143097,-9.857831001281738,-0.05225250869989395,0.41211992502212524,-0.11817442625761032,78.0,15.782000541687012
1776230830.0539658,2026-04-15T05:27:10.053966,attack_triangle_gpsinput_drift,01,47.3981881,8.5464,10.306000709533691,9.992000579833984,4.710000038146973,0.04999999701976776,0.0,-0.5713521242141724,-0.09594869613647461,-9.857205390930176,-0.05301695317029953,0.4092317223548889,-0.10880015790462494,78.0,15.782000541687012
1776230830.161146,2026-04-15T05:27:10.161146,attack_triangle_gpsinput_drift,01,47.3981898,8.5464,10.305000305175781,9.991000175476074,4.690000057220459,0.05999999865889549,0.0,-0.5691014528274536,-0.09339946508407593,-9.869211196899414,-0.053599413484334946,0.41618239879608154,-0.09217819571495056,78.0,15.782000541687012
1776230830.2690125,2026-04-15T05:27:10.269012,attack_triangle_gpsinput_drift,01,47.3981905,8.5464001,10.305000305175781,9.991000175476074,4.679999828338623,0.07000000029802322,0.0,-0.5654124617576599,-0.09209319949150085,-9.874429702758789,-0.055479343980550766,0.41640856862068176,-0.08326874673366547,78.0,15.782000541687012
1776230830.3718789,2026-04-15T05:27:10.371879,attack_triangle_gpsinput_drift,01,47.3981912,8.5464001,10.304000854492188,9.99000072479248,4.670000076293945,0.07000000029802322,0.0,-0.562514066696167,-0.092926025390625,-9.883810997009277,-0.05607244372367859,0.4122607111930847,-0.07763195782899857,78.0,15.782000541687012
1776230830.4788795,2026-04-15T05:27:10.478879,attack_triangle_gpsinput_drift,01,47.3981925,8.5464001,10.304000854492188,9.99000072479248,4.639999866485596,0.07999999821186066,0.0,-0.5703991651535034,-0.09627711027860641,-9.879399299621582,-0.056476373225450516,0.409003883600235,-0.0690549984574318,78.0,15.782000541687012
1776230830.588938,2026-04-15T05:27:10.588938,attack_triangle_gpsinput_drift,01,47.3981925,8.5464001,10.304000854492188,9.99000072479248,4.639999866485596,0.07999999821186066,0.0,-0.5703991651535034,-0.09627711027860641,-9.879399299621582,-0.056476373225450516,0.409003883600235,-0.0690549984574318,78.0,15.782000541687012
1776230830.6960564,2026-04-15T05:27:10.696056,attack_triangle_gpsinput_drift,01,47.3981931,8.546400199999999,10.304000854492188,9.99000072479248,4.630000114440918,0.07999999821186066,0.0,-0.5682849287986755,-0.09869539737701416,-9.888550758361816,-0.0564984492957592,0.40639573335647583,-0.06255762279033661,78.0,15.782000541687012
1776230830.7994041,2026-04-15T05:27:10.799404,attack_triangle_gpsinput_drift,01,47.3981938,8.546400199999999,10.303000450134277,9.99000072479248,4.610000133514404,0.07999999821186066,0.0,-0.5560976266860962,-0.10225895047187805,-9.893304824829102,-0.055272605270147324,0.4027346968650818,-0.057341910898685455,78.0,15.782000541687012
1776230830.904345,2026-04-15T05:27:10.904345,attack_triangle_gpsinput_drift,01,47.398194499999995,8.546400199999999,10.303000450134277,9.98900032043457,4.589999675750732,0.08999999612569809,0.0,-0.559988260269165,-0.09975481778383255,-9.914802551269531,-0.057713642716407776,0.4024447202682495,-0.05121985450387001,78.0,15.782000541687012
1776230831.0118616,2026-04-15T05:27:11.011862,attack_triangle_gpsinput_drift,01,47.3981954,8.5464003,10.303000450134277,9.98900032043457,4.569999694824219,0.08999999612569809,0.0,-0.5623902082443237,-0.09985797107219696,-9.912986755371094,-0.05958986282348633,0.39932385087013245,-0.044699717313051224,78.0,15.782000541687012
1776230831.118135,2026-04-15T05:27:11.118135,attack_triangle_gpsinput_drift,01,47.3981954,8.5464003,10.303000450134277,9.98900032043457,4.569999694824219,0.08999999612569809,0.0,-0.5623902082443237,-0.09985797107219696,-9.912986755371094,-0.05958986282348633,0.39932385087013245,-0.044699717313051224,78.0,15.782000541687012
1776230831.2220266,2026-04-15T05:27:11.222027,attack_triangle_gpsinput_drift,01,47.3981961,8.5464003,10.303000450134277,9.98900032043457,4.549999713897705,0.09999999403953552,0.0,-0.5590864419937134,-0.10214900225400925,-9.917988777160645,-0.060118891298770905,0.3984130322933197,-0.03961696848273277,78.0,15.782000541687012
1776230831.3340278,2026-04-15T05:27:11.334028,attack_triangle_gpsinput_drift,01,47.3981967,8.5464003,10.303000450134277,9.98900032043457,4.529999732971191,0.09999999403953552,0.0,-0.5584691762924194,-0.09650394320487976,-9.92021656036377,-0.060565344989299774,0.39583301544189453,-0.035224854946136475,78.0,15.782000541687012
1776230831.4390903,2026-04-15T05:27:11.439090,attack_triangle_gpsinput_drift,01,47.3981974,8.5464003,10.303000450134277,9.98900032043457,4.509999752044678,0.09999999403953552,0.0,-0.5543336272239685,-0.10714006423950195,-9.937018394470215,-0.06001453846693039,0.3938603103160858,-0.028072617948055267,78.0,15.782000541687012
1776230831.5538878,2026-04-15T05:27:11.553888,attack_triangle_gpsinput_drift,01,47.3981974,8.5464003,10.303000450134277,9.98900032043457,4.509999752044678,0.09999999403953552,0.0,-0.5482730865478516,-0.11148099601268768,-9.957094192504883,-0.0591081865131855,0.3908754885196686,-0.01946726068854332,78.0,15.782000541687012
1776230831.6731422,2026-04-15T05:27:11.673142,attack_triangle_gpsinput_drift,01,47.3981985,8.5464004,10.303000450134277,9.98900032043457,4.46999979019165,0.10999999940395355,-0.009999999776482582,-0.5482730865478516,-0.11148099601268768,-9.957094192504883,-0.0591081865131855,0.3908754885196686,-0.01946726068854332,78.0,15.782000541687012
1776230831.77867,2026-04-15T05:27:11.778670,attack_triangle_gpsinput_drift,01,47.3981985,8.5464004,10.303000450134277,9.98900032043457,4.46999979019165,0.10999999940395355,-0.009999999776482582,-0.5482730865478516,-0.11148099601268768,-9.957094192504883,-0.0591081865131855,0.3908754885196686,-0.01946726068854332,78.0,15.782000541687012
1776230831.8819184,2026-04-15T05:27:11.881918,attack_triangle_gpsinput_drift,01,47.3981985,8.5464004,10.303000450134277,9.98900032043457,4.46999979019165,0.10999999940395355,-0.009999999776482582,-0.5482730865478516,-0.11148099601268768,-9.957094192504883,-0.0591081865131855,0.3908754885196686,-0.01946726068854332,78.0,15.782000541687012
1776230832.0096807,2026-04-15T05:27:12.009681,attack_triangle_gpsinput_drift,01,47.398199999999996,8.546400499999999,10.303000450134277,9.98900032043457,4.400000095367432,0.10999999940395355,-0.009999999776482582,-0.5386450886726379,-0.10642528533935547,-9.990516662597656,-0.059490643441677094,0.3908214867115021,-0.00714966282248497,78.0,15.782000541687012
1776230832.1385083,2026-04-15T05:27:12.138508,attack_triangle_gpsinput_drift,01,47.398199999999996,8.546400499999999,10.303000450134277,9.98900032043457,4.400000095367432,0.10999999940395355,-0.009999999776482582,-0.5386450886726379,-0.10642528533935547,-9.990516662597656,-0.059490643441677094,0.3908214867115021,-0.00714966282248497,78.0,15.782000541687012
1776230832.244224,2026-04-15T05:27:12.244224,attack_triangle_gpsinput_drift,01,47.398199999999996,8.546400499999999,10.303000450134277,9.98900032043457,4.400000095367432,0.10999999940395355,-0.009999999776482582,-0.5386450886726379,-0.10642528533935547,-9.990516662597656,-0.059490643441677094,0.3908214867115021,-0.00714966282248497,78.0,15.782000541687012
1776230832.3613238,2026-04-15T05:27:12.361324,attack_triangle_gpsinput_drift,01,47.3982007,8.546400499999999,10.303000450134277,9.98900032043457,4.369999885559082,0.10999999940395355,-0.009999999776482582,-0.5366286039352417,-0.11533060669898987,-9.992829322814941,-0.05881502106785774,0.39232298731803894,-0.003003602847456932,78.0,15.782000541687012
1776230832.4672766,2026-04-15T05:27:12.467277,attack_triangle_gpsinput_drift,01,47.3982007,8.546400499999999,10.303000450134277,9.98900032043457,4.369999885559082,0.10999999940395355,-0.009999999776482582,-0.5366286039352417,-0.11533060669898987,-9.992829322814941,-0.05881502106785774,0.39232298731803894,-0.003003602847456932,78.0,15.782000541687012
1776230832.5789537,2026-04-15T05:27:12.578954,attack_triangle_gpsinput_drift,01,47.3982007,8.546400499999999,10.303000450134277,9.98900032043457,4.369999885559082,0.10999999940395355,-0.009999999776482582,-0.5366286039352417,-0.11533060669898987,-9.992829322814941,-0.05881502106785774,0.39232298731803894,-0.003003602847456932,78.0,15.782000541687012
1776230832.6845732,2026-04-15T05:27:12.684573,attack_triangle_gpsinput_drift,01,47.3982013,8.546400499999999,10.303000450134277,9.98900032043457,4.349999904632568,0.10999999940395355,-0.009999999776482582,-0.5305167436599731,-0.10698498040437698,-10.012205123901367,-0.05906471610069275,0.392273873090744,0.0018064656760543585,78.0,15.782000541687012
1776230832.8117738,2026-04-15T05:27:12.811774,attack_triangle_gpsinput_drift,01,47.3982013,8.546400499999999,10.303000450134277,9.98900032043457,4.349999904632568,0.10999999940395355,-0.009999999776482582,-0.5305167436599731,-0.10698498040437698,-10.012205123901367,-0.05906471610069275,0.392273873090744,0.0018064656760543585,78.0,15.782000541687012
1776230832.9180403,2026-04-15T05:27:12.918040,attack_triangle_gpsinput_drift,01,47.3982025,8.5464006,10.304000854492188,9.99000072479248,4.289999961853027,0.11999999731779099,-0.009999999776482582,-0.5236980319023132,-0.10637439787387848,-10.024015426635742,-0.05818963795900345,0.38483619689941406,0.010797135531902313,78.0,15.782000541687012
1776230833.0257096,2026-04-15T05:27:13.025710,attack_triangle_gpsinput_drift,01,47.3982025,8.5464006,10.304000854492188,9.99000072479248,4.289999961853027,0.11999999731779099,-0.009999999776482582,-0.5236980319023132,-0.10637439787387848,-10.024015426635742,-0.05818963795900345,0.38483619689941406,0.010797135531902313,78.0,15.782000541687012
1776230833.1336455,2026-04-15T05:27:13.133646,attack_triangle_gpsinput_drift,01,47.398203099999996,8.5464006,10.304000854492188,9.99000072479248,4.259999752044678,0.11999999731779099,-0.009999999776482582,-0.5210585594177246,-0.10527908802032471,-10.045770645141602,-0.057256363332271576,0.3847906291484833,0.014647324569523335,78.0,15.782000541687012
1776230833.2368476,2026-04-15T05:27:13.236848,attack_triangle_gpsinput_drift,01,47.3982034,8.5464007,10.304000854492188,9.99000072479248,4.239999771118164,0.11999999731779099,-0.019999999552965164,-0.5222448706626892,-0.10882989317178726,-10.046598434448242,-0.05720634385943413,0.38608652353286743,0.015524602495133877,78.0,15.782000541687012
1776230833.3390448,2026-04-15T05:27:13.339045,attack_triangle_gpsinput_drift,01,47.3982047,8.5464007,10.305000305175781,9.991000175476074,4.170000076293945,0.11999999731779099,-0.019999999552965164,-0.5168484449386597,-0.11638204753398895,-10.065059661865234,-0.05340566858649254,0.3833661675453186,0.026780780404806137,78.0,15.782000541687012
