timestamp_unix_s,timestamp_iso,scenario,run_id,lat_deg,lon_deg,abs_alt_m,rel_alt_m,accel_x_mps2,accel_y_mps2,accel_z_mps2,gyro_x_rps,gyro_y_rps,gyro_z_rps,battery_remaining_pct,battery_voltage_v,true_lat_deg,true_lon_deg,label,attack_elapsed_s
1772701961.673283,2026-03-05T09:12:41.673283,square,3,,,,,,,,,,,,,,,normal,0.0
1772701961.7757926,2026-03-05T09:12:41.775793,square,3,,,,,,,,,,,,,,,normal,0.0
1772701961.876866,2026-03-05T09:12:41.876866,square,3,,,,,,,,,,,,,,,normal,0.0
1772701961.977883,2026-03-05T09:12:41.977883,square,3,,,,,,,,,,,,,,,normal,0.0
1772701962.0826776,2026-03-05T09:12:42.082678,square,3,47.3979711,8.5461645,0.0050000003539025,-0.2050000131130218,-0.0062317010015249,-0.0023226754274219,-9.700555801391602,0.0001061075599864,-0.0005500118131749,0.0001906240358948,,,47.3979711,8.5461645,normal,0.0
1772701962.1851702,2026-03-05T09:12:42.185170,square,3,47.3979711,8.5461645,0.0050000003539025,-0.2050000131130218,-0.0062317010015249,-0.0023226754274219,-9.700555801391602,0.0001061075599864,-0.0005500118131749,0.0001906240358948,,,47.3979711,8.5461645,normal,0.0
1772701962.289257,2026-03-05T09:12:42.289257,square,3,47.3979711,8.5461645,0.0070000002160668,-0.203000009059906,0.00142662669532,-0.00335099035874,-9.696207046508787,0.0003479780280031,-3.489075606921688e-05,0.0011596051044762,,,47.3979711,8.5461645,normal,0.0
1772701962.3948312,2026-03-05T09:12:42.394831,square,3,47.3979711,8.5461645,0.0070000002160668,-0.203000009059906,0.00142662669532,-0.00335099035874,-9.696207046508787,0.0003479780280031,-3.489075606921688e-05,0.0011596051044762,,,47.3979711,8.5461645,normal,0.0
1772701962.4979875,2026-03-05T09:12:42.497988,square,3,47.3979711,8.5461645,0.0070000002160668,-0.203000009059906,0.0015897245611995,-0.0055001438595354,-9.701367378234863,-0.0002449109160806,-0.0003358955436851,-0.0007596150389872,,,47.3979711,8.5461645,normal,0.0
1772701962.598834,2026-03-05T09:12:42.598834,square,3,47.3979711,8.5461645,0.0080000003799796,-0.2010000050067901,0.0015897245611995,-0.0055001438595354,-9.701367378234863,-0.0002449109160806,-0.0003358955436851,-0.0007596150389872,,,47.3979711,8.5461645,normal,0.0
1772701962.7002192,2026-03-05T09:12:42.700219,square,3,47.3979711,8.5461645,0.0080000003799796,-0.2010000050067901,0.0015897245611995,-0.0055001438595354,-9.701367378234863,-0.0002449109160806,-0.0003358955436851,-0.0007596150389872,,,47.3979711,8.5461645,normal,0.0
1772701962.8025377,2026-03-05T09:12:42.802538,square,3,47.3979711,8.5461645,0.0080000003799796,-0.2010000050067901,0.0015897245611995,-0.0055001438595354,-9.701367378234863,-0.0002449109160806,-0.0003358955436851,-0.0007596150389872,,,47.3979711,8.5461645,normal,0.0
1772701962.9051623,2026-03-05T09:12:42.905162,square,3,47.3979711,8.5461645,0.0110000008717179,-0.1980000138282776,0.0112138912081718,-0.0008679808815941,-9.696234703063965,5.687831071554683e-05,-0.0004246475873515,-0.0006462294841185,,,47.3979711,8.5461645,normal,0.0
1772701963.007239,2026-03-05T09:12:43.007239,square,3,47.3979711,8.5461645,0.0110000008717179,-0.1980000138282776,0.0112138912081718,-0.0008679808815941,-9.696234703063965,5.687831071554683e-05,-0.0004246475873515,-0.0006462294841185,,,47.3979711,8.5461645,normal,0.0
1772701963.1269774,2026-03-05T09:12:43.126977,square,3,47.3979711,8.5461645,0.0110000008717179,-0.1980000138282776,0.0112138912081718,-0.0008679808815941,-9.696234703063965,5.687831071554683e-05,-0.0004246475873515,-0.0006462294841185,,,47.3979711,8.5461645,normal,0.0
1772701963.2314718,2026-03-05T09:12:43.231472,square,3,47.3979711,8.5461645,0.0110000008717179,-0.1980000138282776,0.0112138912081718,-0.0008679808815941,-9.696234703063965,5.687831071554683e-05,-0.0004246475873515,-0.0006462294841185,,,47.3979711,8.5461645,normal,0.0
1772701963.3331656,2026-03-05T09:12:43.333166,square,3,47.3979711,8.5461645,0.0130000002682209,-0.1960000097751617,-0.0006885870825499,-0.0058796070516109,-9.706634521484377,0.0004739346331916,-0.0006094885175116,0.0003307314182166,,,47.3979711,8.5461645,normal,0.0
1772701963.4363096,2026-03-05T09:12:43.436310,square,3,47.3979711,8.5461645,0.0170000009238719,-0.1930000036954879,0.0024487082846462,-0.0083630187436938,-9.698108673095703,-0.0007690116181038,0.0010995772900059,0.0006174931186251,,,47.3979711,8.5461645,normal,0.0
1772701963.5454435,2026-03-05T09:12:43.545444,square,3,47.3979711,8.5461645,0.0180000010877847,-0.19200000166893,-0.0034416641574352,-0.0046903481706976,-9.702526092529297,-0.0009552530827932,7.991382153704762e-05,-0.000887056288775,100.0,16.200000762939453,47.3979711,8.5461645,normal,0.0
1772701963.6562538,2026-03-05T09:12:43.656254,square,3,47.3979711,8.5461645,0.0180000010877847,-0.19200000166893,-0.0034416641574352,-0.0046903481706976,-9.702526092529297,-0.0009552530827932,7.991382153704762e-05,-0.000887056288775,100.0,16.200000762939453,47.3979711,8.5461645,normal,0.0
1772701963.76098,2026-03-05T09:12:43.760980,square,3,47.3979711,8.5461645,0.0190000012516975,-0.1910000145435333,-0.0025361063890159,0.0030045320745557,-9.707014083862305,-0.0009359827963635,0.0001400809269398,-0.0002862811088562,100.0,16.200000762939453,47.3979711,8.5461645,normal,0.0
1772701963.871705,2026-03-05T09:12:43.871705,square,3,47.3979711,8.5461645,0.0190000012516975,-0.1910000145435333,-0.0025361063890159,0.0030045320745557,-9.707014083862305,-0.0009359827963635,0.0001400809269398,-0.0002862811088562,100.0,16.200000762939453,47.3979711,8.5461645,normal,0.0
1772701963.9734192,2026-03-05T09:12:43.973419,square,3,47.3979711,8.5461645,0.0190000012516975,-0.1910000145435333,-0.0025361063890159,0.0030045320745557,-9.707014083862305,-0.0009359827963635,0.0001400809269398,-0.0002862811088562,100.0,16.200000762939453,47.3979711,8.5461645,normal,0.0
1772701964.1034186,2026-03-05T09:12:44.103419,square,3,47.3979711,8.5461645,0.021000001579523,-0.1880000084638595,0.0050040716305375,0.0079505024477839,-9.69859218597412,-0.0009294552146457,-0.0001069661157089,0.0011400873772799,100.0,16.200000762939453,47.3979711,8.5461645,normal,0.0
1772701964.2063663,2026-03-05T09:12:44.206366,square,3,47.3979711,8.5461645,0.0240000002086162,-0.1850000023841858,0.0026837538462132,0.0035189648624509,-9.698405265808104,0.0008991439826786,0.0001413436984876,-0.0004339712031651,100.0,16.200000762939453,47.3979711,8.5461645,normal,0.0
1772701964.3494003,2026-03-05T09:12:44.349401,square,3,47.3979711,8.5461645,0.0240000002086162,-0.1850000023841858,0.0026837538462132,0.0035189648624509,-9.698405265808104,0.0008991439826786,0.0001413436984876,-0.0004339712031651,100.0,16.200000762939453,47.3979711,8.5461645,normal,0.0
1772701964.456186,2026-03-05T09:12:44.456186,square,3,47.3979712,8.5461645,0.0260000005364418,-0.184000015258789,0.0099235009402036,0.0039683785289525,-9.70144748687744,0.0006649062270298,-0.0005313772708177,-3.20012986776419e-05,100.0,16.200000762939453,47.3979712,8.5461645,normal,0.0
1772701964.558771,2026-03-05T09:12:44.558771,square,3,47.3979712,8.5461645,0.0260000005364418,-0.184000015258789,0.0099235009402036,0.0039683785289525,-9.70144748687744,0.0006649062270298,-0.0005313772708177,-3.20012986776419e-05,100.0,16.200000762939453,47.3979712,8.5461645,normal,0.0
1772701964.660359,2026-03-05T09:12:44.660359,square,3,47.3979712,8.5461645,0.0280000008642673,-0.1820000112056732,0.0024235073942691,-0.0022250211331993,-9.687888145446776,0.0008554602973163,0.0005240450846031,-0.0001692299556452,100.0,16.200000762939453,47.3979712,8.5461645,normal,0.0
1772701964.7694504,2026-03-05T09:12:44.769450,square,3,47.3979712,8.5461645,0.0280000008642673,-0.1820000112056732,0.0024235073942691,-0.0022250211331993,-9.687888145446776,0.0008554602973163,0.0005240450846031,-0.0001692299556452,100.0,16.200000762939453,47.3979712,8.5461645,normal,0.0
1772701964.8735068,2026-03-05T09:12:44.873507,square,3,47.3979712,8.5461645,0.0280000008642673,-0.1820000112056732,0.0024235073942691,-0.0022250211331993,-9.687888145446776,0.0008554602973163,0.0005240450846031,-0.0001692299556452,100.0,16.200000762939453,47.3979712,8.5461645,normal,0.0
1772701964.9779165,2026-03-05T09:12:44.977916,square,3,47.3979712,8.5461645,0.0280000008642673,-0.1820000112056732,0.0024235073942691,-0.0022250211331993,-9.687888145446776,0.0008554602973163,0.0005240450846031,-0.0001692299556452,100.0,16.200000762939453,47.3979712,8.5461645,normal,0.0
1772701965.080052,2026-03-05T09:12:45.080052,square,3,47.3979712,8.5461645,0.0300000011920928,-0.1790000051259994,0.0053127715364098,0.004360148217529,-9.699417114257812,-1.4931221812730657e-05,-0.0004444648802746,0.0006445890176109,100.0,16.200000762939453,47.3979712,8.5461645,normal,0.0
1772701965.1894224,2026-03-05T09:12:45.189422,square,3,47.3979712,8.5461645,0.0300000011920928,-0.1790000051259994,0.0053127715364098,0.004360148217529,-9.699417114257812,-1.4931221812730657e-05,-0.0004444648802746,0.0006445890176109,100.0,16.200000762939453,47.3979712,8.5461645,normal,0.0
1772701965.2997935,2026-03-05T09:12:45.299793,square,3,47.3979712,8.5461645,0.0340000018477439,-0.1760000139474868,0.0082182791084051,0.0088611831888556,-9.692082405090332,-0.0003810345078818,-0.0003220276848878,0.0002482312556821,100.0,16.200000762939453,47.3979712,8.5461645,normal,0.0
1772701965.4039962,2026-03-05T09:12:45.403996,square,3,47.3979712,8.5461645,0.0360000021755695,-0.1730000078678131,-0.0033426531590521,0.0014553915243595,-9.706141471862791,-0.0004430171684361,0.0009404321899637,-0.0009711441234685,100.0,16.200000762939453,47.3979712,8.5461645,normal,0.0
1772701965.5071154,2026-03-05T09:12:45.507115,square,3,47.3979712,8.5461645,0.0360000021755695,-0.1730000078678131,-0.0033426531590521,0.0014553915243595,-9.706141471862791,-0.0004430171684361,0.0009404321899637,-0.0009711441234685,100.0,16.200000762939453,47.3979712,8.5461645,normal,0.0
1772701965.6113758,2026-03-05T09:12:45.611376,square,3,47.3979712,8.5461645,0.0390000008046627,-0.1700000017881393,-0.0073609184473752,-0.0012549411039799,-9.705869674682615,-0.0005196225247345,-0.0007349323714151,0.0006121899932622,100.0,16.200000762939453,47.3979712,8.5461645,normal,0.0
1772701965.7162244,2026-03-05T09:12:45.716224,square,3,47.3979712,8.5461645,0.0390000008046627,-0.1700000017881393,-0.0073609184473752,-0.0012549411039799,-9.705869674682615,-0.0005196225247345,-0.0007349323714151,0.0006121899932622,100.0,16.200000762939453,47.3979712,8.5461645,normal,0.0
1772701965.8322392,2026-03-05T09:12:45.832239,square,3,47.3979712,8.5461645,0.0390000008046627,-0.1700000017881393,-0.0073609184473752,-0.0012549411039799,-9.705869674682615,-0.0005196225247345,-0.0007349323714151,0.0006121899932622,100.0,16.200000762939453,47.3979712,8.5461645,normal,0.0
1772701965.9384265,2026-03-05T09:12:45.938426,square,3,47.3979712,8.5461645,0.0420000031590461,-0.1680000126361847,-0.0011626945342868,-0.000821990892291,-9.695717811584473,-0.0005784479435533,-0.0001675238308962,0.0005599633441306,100.0,16.200000762939453,47.3979712,8.5461645,normal,0.0
1772701966.055729,2026-03-05T09:12:46.055729,square,3,47.3979712,8.5461645,0.0420000031590461,-0.1680000126361847,-0.0011626945342868,-0.000821990892291,-9.695717811584473,-0.0005784479435533,-0.0001675238308962,0.0005599633441306,100.0,16.200000762939453,47.3979712,8.5461645,normal,0.0
1772701966.1607232,2026-03-05T09:12:46.160723,square,3,47.3979712,8.5461645,0.0430000014603138,-0.1670000106096267,-0.0005344486562535,-0.0012556797591969,-9.692911148071287,0.0007142634131014,-0.0002026241127168,9.916604903992264e-05,100.0,16.200000762939453,47.3979712,8.5461645,normal,0.0
1772701966.272021,2026-03-05T09:12:46.272021,square,3,47.3979712,8.5461645,0.0430000014603138,-0.1670000106096267,-0.0005344486562535,-0.0012556797591969,-9.692911148071287,0.0007142634131014,-0.0002026241127168,9.916604903992264e-05,100.0,16.200000762939453,47.3979712,8.5461645,normal,0.0
1772701966.3789074,2026-03-05T09:12:46.378907,square,3,47.3979712,8.5461645,0.0440000034868717,-0.1650000065565109,-0.0005481232656165,0.0006549985264427,-9.69867706298828,0.0003219965146854,-8.276802691398188e-05,-0.0002277947351103,100.0,16.200000762939453,47.3979712,8.5461645,normal,0.0
1772701966.4871354,2026-03-05T09:12:46.487135,square,3,47.3979712,8.5461645,0.0440000034868717,-0.1650000065565109,-0.0005481232656165,0.0006549985264427,-9.69867706298828,0.0003219965146854,-8.276802691398188e-05,-0.0002277947351103,100.0,16.200000762939453,47.3979712,8.5461645,normal,0.0
1772701966.5892367,2026-03-05T09:12:46.589237,square,3,47.3979712,8.5461645,0.0460000038146972,-0.163000002503395,0.0049652624875307,-0.0020552007481455,-9.697675704956056,-0.0001024549856083,-0.000570363132283,-0.0005677652079612,100.0,16.200000762939453,47.3979712,8.5461645,normal,0.0
1772701966.691366,2026-03-05T09:12:46.691366,square,3,47.3979712,8.5461645,0.0460000038146972,-0.163000002503395,0.0049652624875307,-0.0020552007481455,-9.697675704956056,-0.0001024549856083,-0.000570363132283,-0.0005677652079612,100.0,16.200000762939453,47.3979712,8.5461645,normal,0.0
1772701966.7944298,2026-03-05T09:12:46.794430,square,3,47.3979712,8.5461645,0.0460000038146972,-0.163000002503395,0.0049652624875307,-0.0020552007481455,-9.697675704956056,-0.0001024549856083,-0.000570363132283,-0.0005677652079612,100.0,16.200000762939453,47.3979712,8.5461645,normal,0.0
1772701966.897238,2026-03-05T09:12:46.897238,square,3,47.3979712,8.5461645,0.0460000038146972,-0.163000002503395,0.0049652624875307,-0.0020552007481455,-9.697675704956056,-0.0001024549856083,-0.000570363132283,-0.0005677652079612,100.0,16.200000762939453,47.3979712,8.5461645,normal,0.0
1772701966.9983478,2026-03-05T09:12:46.998348,square,3,47.3979712,8.5461645,0.0470000021159648,-0.1620000004768371,-0.0023505575954914,0.0008392126765102,-9.697046279907228,0.0002157117123715,-0.0004648206813726,-0.0002038442617049,100.0,16.200000762939453,47.3979712,8.5461645,normal,0.0
1772701967.10437,2026-03-05T09:12:47.104370,square,3,47.3979712,8.5461645,0.0470000021159648,-0.1620000004768371,-0.0023505575954914,0.0008392126765102,-9.697046279907228,0.0002157117123715,-0.0004648206813726,-0.0002038442617049,100.0,16.200000762939453,47.3979712,8.5461645,normal,0.0
1772701967.220296,2026-03-05T09:12:47.220296,square,3,47.3979712,8.5461645,0.0490000024437904,-0.1600000113248825,0.0007300880970433,-0.0043349373154342,-9.69410800933838,-0.0001165183202829,0.0002866011636797,0.0003950240497943,100.0,16.200000762939453,47.3979712,8.5461645,normal,0.0
1772701967.3230584,2026-03-05T09:12:47.323058,square,3,47.3979712,8.5461645,0.0490000024437904,-0.1600000113248825,0.0007300880970433,-0.0043349373154342,-9.69410800933838,-0.0001165183202829,0.0002866011636797,0.0003950240497943,100.0,16.200000762939453,47.3979712,8.5461645,normal,0.0
1772701967.4285607,2026-03-05T09:12:47.428561,square,3,47.3979712,8.5461645,0.050000000745058,-0.1590000092983245,-9.384064469486476e-05,0.0024995643179863,-9.700002670288086,0.0002375046751694,-0.0015911452937871,-0.0003502407926134,100.0,16.200000762939453,47.3979712,8.5461645,normal,0.0
1772701967.53116,2026-03-05T09:12:47.531160,square,3,47.3979712,8.5461645,0.050000000745058,-0.1590000092983245,-9.384064469486476e-05,0.0024995643179863,-9.700002670288086,0.0002375046751694,-0.0015911452937871,-0.0003502407926134,100.0,16.200000762939453,47.3979712,8.5461645,normal,0.0
1772701967.6378417,2026-03-05T09:12:47.637842,square,3,47.3979712,8.5461645,0.050000000745058,-0.1590000092983245,-9.384064469486476e-05,0.0024995643179863,-9.700002670288086,0.0002375046751694,-0.0015911452937871,-0.0003502407926134,100.0,16.200000762939453,47.3979712,8.5461645,normal,0.0
1772701967.743091,2026-03-05T09:12:47.743091,square,3,47.3979712,8.5461645,0.0520000010728836,-0.1570000052452087,-0.0042552356608211,0.0031161829829216,-9.69852352142334,-0.0004330635420046,0.0005275683943182,-0.0005577957490459,100.0,16.200000762939453,47.3979712,8.5461645,normal,0.0
1772701967.846287,2026-03-05T09:12:47.846287,square,3,47.3979712,8.5461645,0.0520000010728836,-0.1570000052452087,-0.0042552356608211,0.0031161829829216,-9.69852352142334,-0.0004330635420046,0.0005275683943182,-0.0005577957490459,100.0,16.200000762939453,47.3979712,8.5461645,normal,0.0
1772701967.9482048,2026-03-05T09:12:47.948205,square,3,47.3979712,8.5461645,0.0530000030994415,-0.1570000052452087,-0.0039853765629231,0.0025880334433168,-9.69292449951172,-0.000117873729323,-0.0007020633202046,-0.0005195511621423,100.0,16.200000762939453,47.3979712,8.5461645,normal,0.0
1772701968.0810635,2026-03-05T09:12:48.081064,square,3,47.3979712,8.5461645,0.0530000030994415,-0.1570000052452087,-0.0039853765629231,0.0025880334433168,-9.69292449951172,-0.000117873729323,-0.0007020633202046,-0.0005195511621423,100.0,16.200000762939453,47.3979712,8.5461645,normal,0.0
1772701968.184399,2026-03-05T09:12:48.184399,square,3,47.3979712,8.5461645,0.0530000030994415,-0.1570000052452087,-0.0039853765629231,0.0025880334433168,-9.69292449951172,-0.000117873729323,-0.0007020633202046,-0.0005195511621423,100.0,16.200000762939453,47.3979712,8.5461645,normal,0.0
1772701968.300147,2026-03-05T09:12:48.300147,square,3,47.3979712,8.5461645,0.0530000030994415,-0.1560000032186508,0.0014519564574584,-0.010160750709474,-9.700778007507324,0.0006032194942235,-0.0001708522468106,-0.0005452341283671,100.0,16.200000762939453,47.3979712,8.5461645,normal,0.0
1772701968.4034233,2026-03-05T09:12:48.403423,square,3,47.3979712,8.5461645,0.0530000030994415,-0.1560000032186508,0.0014519564574584,-0.010160750709474,-9.700778007507324,0.0006032194942235,-0.0001708522468106,-0.0005452341283671,100.0,16.200000762939453,47.3979712,8.5461645,normal,0.0
1772701968.5330806,2026-03-05T09:12:48.533081,square,3,47.3979712,8.5461645,0.0530000030994415,-0.1560000032186508,0.0014519564574584,-0.010160750709474,-9.700778007507324,0.0006032194942235,-0.0001708522468106,-0.0005452341283671,100.0,16.200000762939453,47.3979712,8.5461645,normal,0.0
1772701968.6432052,2026-03-05T09:12:48.643205,square,3,47.3979712,8.5461645,0.0530000030994415,-0.1560000032186508,0.0014519564574584,-0.010160750709474,-9.700778007507324,0.0006032194942235,-0.0001708522468106,-0.0005452341283671,100.0,16.200000762939453,47.3979712,8.5461645,normal,0.0
1772701968.821432,2026-03-05T09:12:48.821432,square,3,47.3979712,8.5461645,0.055000003427267,-0.1550000011920929,0.0030041574500501,0.0008409798610955,-9.70000457763672,-0.00062802672619,0.0002201815805165,0.0002150625514332,100.0,16.200000762939453,47.3979712,8.5461645,normal,0.0
1772701968.923604,2026-03-05T09:12:48.923604,square,3,47.3979712,8.5461645,0.055000003427267,-0.1550000011920929,0.0030041574500501,0.0008409798610955,-9.70000457763672,-0.00062802672619,0.0002201815805165,0.0002150625514332,100.0,16.200000762939453,47.3979712,8.5461645,normal,0.0
1772701969.0308776,2026-03-05T09:12:49.030878,square,3,47.3979712,8.5461645,0.055000003427267,-0.1550000011920929,0.0030041574500501,0.0008409798610955,-9.70000457763672,-0.00062802672619,0.0002201815805165,0.0002150625514332,100.0,16.200000762939453,47.3979712,8.5461645,normal,0.0
1772701969.1785414,2026-03-05T09:12:49.178541,square,3,47.3979712,8.5461645,0.055000003427267,-0.1550000011920929,-0.0017366979736834,-0.0062235370278358,-9.70558261871338,-0.0001439807092538,0.0006266765412874,0.0002024714485742,100.0,16.200000762939453,47.3979712,8.5461645,normal,0.0
1772701969.281536,2026-03-05T09:12:49.281536,square,3,47.3979712,8.5461645,0.055000003427267,-0.1540000140666961,0.0051046619191765,0.0018075368134304,-9.703861236572266,0.0001441289641661,-0.0002924276632256,0.0004142240213695,100.0,16.200000762939453,47.3979712,8.5461645,normal,0.0
1772701969.4177442,2026-03-05T09:12:49.417744,square,3,47.3979712,8.5461645,0.055000003427267,-0.1540000140666961,0.0051046619191765,0.0018075368134304,-9.703861236572266,0.0001441289641661,-0.0002924276632256,0.0004142240213695,100.0,16.200000762939453,47.3979712,8.5461645,normal,0.0
1772701969.5189369,2026-03-05T09:12:49.518937,square,3,47.3979712,8.5461645,0.055000003427267,-0.1540000140666961,0.0051046619191765,0.0018075368134304,-9.703861236572266,0.0001441289641661,-0.0002924276632256,0.0004142240213695,100.0,16.200000762939453,47.3979712,8.5461645,normal,0.0
1772701969.6272442,2026-03-05T09:12:49.627244,square,3,47.3979712,8.5461645,0.055000003427267,-0.1540000140666961,0.0051046619191765,0.0018075368134304,-9.703861236572266,0.0001441289641661,-0.0002924276632256,0.0004142240213695,100.0,16.200000762939453,47.3979712,8.5461645,normal,0.0
1772701969.7841923,2026-03-05T09:12:49.784192,square,3,47.3979712,8.5461645,0.055000003427267,-0.1550000011920929,-0.0074530537240207,-0.002933342475444,-9.701456069946287,0.0001452929718652,0.0007391513790935,-0.0008794413879513,100.0,16.200000762939453,47.3979712,8.5461645,normal,0.0
1772701969.8924773,2026-03-05T09:12:49.892477,square,3,47.3979712,8.5461645,0.055000003427267,-0.1550000011920929,-0.0074530537240207,-0.002933342475444,-9.701456069946287,0.0001452929718652,0.0007391513790935,-0.0008794413879513,100.0,16.200000762939453,47.3979712,8.5461645,normal,0.0
1772701970.0082817,2026-03-05T09:12:50.008282,square,3,47.3979712,8.5461645,0.055000003427267,-0.1550000011920929,-0.0074530537240207,-0.002933342475444,-9.701456069946287,0.0001452929718652,0.0007391513790935,-0.0008794413879513,100.0,16.200000762939453,47.3979712,8.5461645,normal,0.0
1772701970.2005842,2026-03-05T09:12:50.200584,square,3,47.3979712,8.5461645,0.055000003427267,-0.1550000011920929,-0.0074530537240207,-0.002933342475444,-9.701456069946287,0.0001452929718652,0.0007391513790935,-0.0008794413879513,100.0,16.200000762939453,47.3979712,8.5461645,normal,0.0
1772701970.381146,2026-03-05T09:12:50.381146,square,3,47.3979712,8.5461645,0.0560000017285347,-0.1540000140666961,-0.0013699743431061,-0.0026340298354625,-9.696894645690918,-0.0003395431267563,-0.0004676911048591,0.0006634353776462,100.0,16.200000762939453,47.3979712,8.5461645,normal,0.0
1772701970.4984264,2026-03-05T09:12:50.498426,square,3,47.3979712,8.5461645,0.0560000017285347,-0.1540000140666961,-0.0013699743431061,-0.0026340298354625,-9.696894645690918,-0.0003395431267563,-0.0004676911048591,0.0006634353776462,100.0,16.200000762939453,47.3979712,8.5461645,normal,0.0
1772701970.6665127,2026-03-05T09:12:50.666513,square,3,47.3979712,8.5461645,0.0560000017285347,-0.1540000140666961,-0.000502725422848,0.0020596201065927,-9.694915771484377,0.0003575178561732,0.0009202396613545,-0.0002976333489641,100.0,16.200000762939453,47.3979712,8.5461645,normal,0.0
1772701970.818057,2026-03-05T09:12:50.818057,square,3,47.3979712,8.5461645,0.0560000017285347,-0.1540000140666961,0.00873146019876,0.0062766470946371,-9.697333335876465,0.000288887618808,0.0007127674762159,-0.0003361685376148,100.0,16.200000762939453,47.3979712,8.5461645,normal,0.0
1772701970.9750645,2026-03-05T09:12:50.975065,square,3,47.3979712,8.5461645,0.0560000017285347,-0.1540000140666961,0.00873146019876,0.0062766470946371,-9.697333335876465,0.000288887618808,0.0007127674762159,-0.0003361685376148,100.0,16.200000762939453,47.3979712,8.5461645,normal,0.0
1772701971.1561444,2026-03-05T09:12:51.156144,square,3,47.3979712,8.5461645,0.055000003427267,-0.1550000011920929,0.0019053240539506,-0.0010447691893205,-9.69901180267334,-7.304047176148742e-05,0.0001948981516761,-0.0006114923162385,100.0,16.200000762939453,47.3979712,8.5461645,normal,0.0
1772701971.257405,2026-03-05T09:12:51.257405,square,3,47.3979712,8.5461645,0.055000003427267,-0.1550000011920929,0.0019053240539506,-0.0010447691893205,-9.69901180267334,-7.304047176148742e-05,0.0001948981516761,-0.0006114923162385,100.0,16.200000762939453,47.3979712,8.5461645,normal,0.0
1772701971.362184,2026-03-05T09:12:51.362184,square,3,47.3979712,8.5461645,0.055000003427267,-0.1550000011920929,0.0019053240539506,-0.0010447691893205,-9.69901180267334,-7.304047176148742e-05,0.0001948981516761,-0.0006114923162385,100.0,16.200000762939453,47.3979712,8.5461645,normal,0.0
1772701971.4712608,2026-03-05T09:12:51.471261,square,3,47.3979712,8.5461645,0.055000003427267,-0.1540000140666961,-0.0049656224437057,0.0069352802820503,-9.696969985961914,-0.0010297526605427,0.0010165063431486,-0.0003008915518876,100.0,16.200000762939453,47.3979712,8.5461645,normal,0.0
1772701971.575951,2026-03-05T09:12:51.575951,square,3,47.3979712,8.5461645,0.055000003427267,-0.1540000140666961,-0.0049656224437057,0.0069352802820503,-9.696969985961914,-0.0010297526605427,0.0010165063431486,-0.0003008915518876,100.0,16.200000762939453,47.3979712,8.5461645,normal,0.0
1772701971.7295077,2026-03-05T09:12:51.729508,square,3,47.39797173671713,8.546165292902232,0.0560000017285347,-0.1530000120401382,0.0006213630549609,-0.0007152257021516,-9.702140808105469,-0.000151244123117,-0.000193693806068,-0.0005929237231612,100.0,16.200000762939453,47.3979712,8.5461645,attack,0.056
1772701971.8390105,2026-03-05T09:12:51.839010,square,3,47.397972782025434,8.546166837155681,0.0560000017285347,-0.1530000120401382,0.0006213630549609,-0.0007152257021516,-9.702140808105469,-0.000151244123117,-0.000193693806068,-0.0005929237231612,100.0,16.200000762939453,47.3979712,8.5461645,attack,0.166
1772701971.940054,2026-03-05T09:12:51.940054,square,3,47.39797374658139,8.546168262112182,0.0560000017285347,-0.1530000120401382,0.0006213630549609,-0.0007152257021516,-9.702140808105469,-0.000151244123117,-0.000193693806068,-0.0005929237231612,100.0,16.200000762939453,47.3979712,8.5461645,attack,0.267
1772701972.041471,2026-03-05T09:12:52.041471,square,3,47.39797471470373,8.546169692337372,0.0560000017285347,-0.1540000140666961,-0.001127291470766,-0.0020365186501294,-9.694581985473633,0.0001450932468287,-0.0007901262142695,0.0004698331176768,100.0,16.200000762939453,47.3979712,8.5461645,attack,0.368
1772701972.150837,2026-03-05T09:12:52.150837,square,3,47.39797575870564,8.546171234660873,0.0560000017285347,-0.1540000140666961,-0.001127291470766,-0.0020365186501294,-9.694581985473633,0.0001450932468287,-0.0007901262142695,0.0004698331176768,100.0,16.200000762939453,47.3979712,8.5461645,attack,0.478
1772701972.278496,2026-03-05T09:12:52.278496,square,3,47.397976977333,8.546173034961797,0.0560000017285347,-0.1540000140666961,-0.001127291470766,-0.0020365186501294,-9.694581985473633,0.0001450932468287,-0.0007901262142695,0.0004698331176768,100.0,16.200000762939453,47.3979712,8.5461645,attack,0.605
1772701972.386956,2026-03-05T09:12:52.386956,square,3,47.397978112686374,8.546174564508666,0.0570000037550926,-0.1530000120401382,0.0081690466031432,0.0040313648059964,-9.692360877990724,0.0002916838566306,-0.0006022471934556,-0.0005781352519989,100.0,16.200000762939453,47.3979713,8.5461645,attack,0.714
1772701972.5031755,2026-03-05T09:12:52.503175,square,3,47.397979222112234,8.546176203484183,0.0580000020563602,-0.1520000100135803,-0.0001272613881155,-0.0001128056610468,-9.705785751342772,-0.0004979295190423,0.0002776353212539,0.0003456140402704,100.0,16.200000762939453,47.3979713,8.5461645,attack,0.83
1772701972.6051571,2026-03-05T09:12:52.605157,square,3,47.39798019562398,8.546177641671246,0.0580000020563602,-0.1520000100135803,-0.0001272613881155,-0.0001128056610468,-9.705785751342772,-0.0004979295190423,0.0002776353212539,0.0003456140402704,100.0,16.200000762939453,47.3979713,8.5461645,attack,0.932
1772701972.725204,2026-03-05T09:12:52.725204,square,3,47.39798134158538,8.546179334621396,0.0580000020563602,-0.1520000100135803,-0.0001272613881155,-0.0001128056610468,-9.705785751342772,-0.0004979295190423,0.0002776353212539,0.0003456140402704,100.0,16.200000762939453,47.3979713,8.5461645,attack,1.052
1772701972.8658192,2026-03-05T09:12:52.865819,square,3,47.397982683891435,8.546181317635178,0.0580000020563602,-0.1520000100135803,-2.1760817617177963e-05,-0.002514204243198,-9.701104164123535,-0.0006072037504054,0.0003178199403919,-0.0004128181899432,100.0,16.200000762939453,47.3979713,8.5461645,attack,1.193
1772701972.9682088,2026-03-05T09:12:52.968209,square,3,47.3979836612973,8.546182761575096,0.0580000020563602,-0.1510000079870224,0.0017313089920207,0.0011459292145445,-9.698474884033203,-0.0002142531011486,-0.0001081201917259,0.000322317238897,100.0,16.200000762939453,47.3979713,8.5461645,attack,1.295
1772701973.072475,2026-03-05T09:12:53.072475,square,3,47.397984656617034,8.546184231979497,0.0580000020563602,-0.1510000079870224,0.0017313089920207,0.0011459292145445,-9.698474884033203,-0.0002142531011486,-0.0001081201917259,0.000322317238897,100.0,16.200000762939453,47.3979713,8.5461645,attack,1.399
1772701973.175979,2026-03-05T09:12:53.175979,square,3,47.3979856446606,8.5461856916347,0.0580000020563602,-0.1510000079870224,0.0017313089920207,0.0011459292145445,-9.698474884033203,-0.0002142531011486,-0.0001081201917259,0.000322317238897,100.0,16.200000762939453,47.3979713,8.5461645,attack,1.503
1772701973.279049,2026-03-05T09:12:53.279049,square,3,47.39798662856198,8.546187145170556,0.0580000020563602,-0.1510000079870224,0.0017313089920207,0.0011459292145445,-9.698474884033203,-0.0002142531011486,-0.0001081201917259,0.000322317238897,100.0,16.200000762939453,47.3979713,8.5461645,attack,1.606
1772701973.398391,2026-03-05T09:12:53.398391,square,3,47.39798776779572,8.546188828181815,0.0580000020563602,-0.1510000079870224,0.0002612057141959,-0.0063134622760117,-9.703571319580078,0.0008011343888938,-0.0007004582439549,0.0003831393551081,100.0,16.200000762939453,47.3979713,8.5461645,attack,1.725
1772701973.562154,2026-03-05T09:12:53.562154,square,3,47.39798933106975,8.546191137635702,0.0590000040829181,-0.1500000059604644,0.0002612057141959,-0.0063134622760117,-9.703571319580078,0.0008011343888938,-0.0007004582439549,0.0003831393551081,100.0,16.200000762939453,47.3979713,8.5461645,attack,1.889
1772701973.691125,2026-03-05T09:12:53.691125,square,3,47.39799056221929,8.546192956435878,0.0590000040829181,-0.1500000059604644,0.0002612057141959,-0.0063134622760117,-9.703571319580078,0.0008011343888938,-0.0007004582439549,0.0003831393551081,100.0,16.200000762939453,47.3979713,8.5461645,attack,2.018
1772701973.897535,2026-03-05T09:12:53.897535,square,3,47.397992532600675,8.546195867317053,0.0600000023841857,-0.1500000059604644,0.0030248165130615,-0.0007706100586801,-9.703072547912598,0.0009627253166399,-0.0006129211978986,-0.0007402801420539,100.0,16.200000762939453,47.3979713,8.5461645,attack,2.224
1772701974.018412,2026-03-05T09:12:54.018412,square,3,47.39799368648686,8.54619757197465,0.0600000023841857,-0.1500000059604644,0.0030248165130615,-0.0007706100586801,-9.703072547912598,0.0009627253166399,-0.0006129211978986,-0.0007402801420539,100.0,16.200000762939453,47.3979713,8.5461645,attack,2.345
1772701974.1760142,2026-03-05T09:12:54.176014,square,3,47.397995190948535,8.546199794543938,0.0610000044107437,-0.1480000019073486,-0.005241866223514,-0.0037248027510941,-9.69088363647461,0.000551916018594,-0.0003301915712654,-0.0002264063368784,100.0,16.200000762939453,47.3979713,8.5461645,attack,2.503
1772701974.3040152,2026-03-05T09:12:54.304015,square,3,47.397996412839575,8.546201599666372,0.0610000044107437,-0.1480000019073486,-0.005241866223514,-0.0037248027510941,-9.69088363647461,0.000551916018594,-0.0003301915712654,-0.0002264063368784,100.0,16.200000762939453,47.3979713,8.5461645,attack,2.631
1772701974.4169972,2026-03-05T09:12:54.416997,square,3,47.397997491360556,8.54620319298553,0.0610000044107437,-0.1480000019073486,-0.005241866223514,-0.0037248027510941,-9.69088363647461,0.000551916018594,-0.0003301915712654,-0.0002264063368784,100.0,16.200000762939453,47.3979713,8.5461645,attack,2.744
1772701974.5329163,2026-03-05T09:12:54.532916,square,3,47.39799859791874,8.546204827724578,0.0620000027120113,-0.1469999998807907,-0.0049117333255708,0.0038415896706283,-9.706987380981444,-7.527910929638892e-05,0.0012223679805174,0.00046374721569,100.0,16.200000762939453,47.3979713,8.5461645,attack,2.86
1772701974.7569213,2026-03-05T09:12:54.756921,square,3,47.39800073625936,8.546207986735068,0.0620000027120113,-0.1469999998807907,-0.0025362791493535,-0.0002495309745427,-9.69647979736328,0.0008523266296833,-6.414477684302256e-05,-0.0012429426424205,100.0,16.200000762939453,47.3979713,8.5461645,attack,3.084
1772701974.944816,2026-03-05T09:12:54.944816,square,3,47.398002529894136,8.546210636505178,0.0630000010132789,-0.1469999998807907,-0.0083397990092635,0.0002052277850452,-9.704009056091309,-0.0001623192219994,0.0002056880766758,0.0007043374935165,100.0,16.200000762939453,47.3979713,8.5461645,attack,3.272
1772701975.0963314,2026-03-05T09:12:55.096331,square,3,47.39800397625125,8.546212773235535,0.0630000010132789,-0.1469999998807907,-0.0083397990092635,0.0002052277850452,-9.704009056091309,-0.0001623192219994,0.0002056880766758,0.0007043374935165,100.0,16.200000762939453,47.3979713,8.5461645,attack,3.423
1772701975.203401,2026-03-05T09:12:55.203401,square,3,47.39800499833367,8.546214283176951,0.0630000010132789,-0.1469999998807907,-0.0083397990092635,0.0002052277850452,-9.704009056091309,-0.0001623192219994,0.0002056880766758,0.0007043374935165,100.0,16.200000762939453,47.3979713,8.5461645,attack,3.53
1772701975.310343,2026-03-05T09:12:55.310343,square,3,47.39800601919618,8.546215791316186,0.0640000030398368,-0.145000010728836,0.0064030042849481,-0.0004281967121642,-9.704931259155272,0.000312728137942,-0.0006178935291245,-0.0002477640809956,100.0,16.200000762939453,47.3979713,8.5461645,attack,3.637
1772701975.414891,2026-03-05T09:12:55.414891,square,3,47.39800701720606,8.546217265694798,0.0650000050663948,-0.1440000087022781,-0.0005346781108528,-0.0096199875697493,-9.701505661010742,-0.0002898592792917,-0.0007658252725377,0.0008604367612861,100.0,16.200000762939453,47.3979713,8.5461645,attack,3.742
1772701975.5327134,2026-03-05T09:12:55.532713,square,3,47.39800814193301,8.546218927274904,0.0650000050663948,-0.1440000087022781,0.0039450926706194,0.0069645121693611,-9.696279525756836,-0.0003238789504393,0.0005473173223435,0.0002045072469627,100.0,16.200000762939453,47.3979713,8.5461645,attack,3.859
1772701975.6472876,2026-03-05T09:12:55.647288,square,3,47.398009235652665,8.546220543047347,0.06700000166893,-0.1420000046491623,0.0039450926706194,0.0069645121693611,-9.696279525756836,-0.0003238789504393,0.0005473173223435,0.0002045072469627,100.0,16.200000762939453,47.3979713,8.5461645,attack,3.974
1772701975.7565506,2026-03-05T09:12:55.756551,square,3,47.39801027867138,8.546222083918348,0.06700000166893,-0.1420000046491623,0.0039450926706194,0.0069645121693611,-9.696279525756836,-0.0003238789504393,0.0005473173223435,0.0002045072469627,100.0,16.200000762939453,47.3979713,8.5461645,attack,4.083
1772701975.861463,2026-03-05T09:12:55.861463,square,3,47.39801128016116,8.546223563437882,0.0680000036954879,-0.1410000026226043,-0.0038037654012441,-0.0047732875682413,-9.698460578918455,-0.0003401446447242,0.0004584612033795,0.0007885882514528,100.0,16.200000762939453,47.3979713,8.5461645,attack,4.188
1772701976.0002208,2026-03-05T09:12:56.000221,square,3,47.39801260473543,8.546225520256163,0.0680000036954879,-0.1410000026226043,-0.0038037654012441,-0.0047732875682413,-9.698460578918455,-0.0003401446447242,0.0004584612033795,0.0007885882514528,100.0,16.200000762939453,47.3979713,8.5461645,attack,4.327
1772701976.1044345,2026-03-05T09:12:56.104434,square,3,47.39801359955445,8.546226989920864,0.0680000036954879,-0.1410000026226043,-0.0038037654012441,-0.0047732875682413,-9.698460578918455,-0.0003401446447242,0.0004584612033795,0.0007885882514528,100.0,16.200000762939453,47.3979713,8.5461645,attack,4.431
1772701976.2202182,2026-03-05T09:12:56.220218,square,3,47.39801470481991,8.546228622750139,0.0680000036954879,-0.1410000026226043,0.0026341518387198,0.0007278017583303,-9.70457363128662,-0.0007297667325474,-0.0010191947221755,0.0004491795552894,100.0,16.200000762939453,47.3979713,8.5461645,attack,4.547
1772701976.3791542,2026-03-05T09:12:56.379154,square,3,47.398016222015414,8.546230864131367,0.0710000023245811,-0.1380000114440918,-0.0021343505941331,-0.0026289960369467,-9.7039794921875,0.0001098689535865,-0.000715349742677,0.0009380158735439,100.0,16.200000762939453,47.3979713,8.5461645,attack,4.706
1772701976.585894,2026-03-05T09:12:56.585894,square,3,47.39801819554442,8.546233779662572,0.0710000023245811,-0.1380000114440918,-0.0021343505941331,-0.0026289960369467,-9.7039794921875,0.0001098689535865,-0.000715349742677,0.0009380158735439,100.0,16.200000762939453,47.3979713,8.5461645,attack,4.913
1772701976.689445,2026-03-05T09:12:56.689445,square,3,47.39801918403634,8.546235239980142,0.0730000063776969,-0.1370000094175338,-0.0079316403716802,-0.0069801611825823,-9.708374977111816,0.0007857404416427,-0.0003686843265313,-2.409766966593452e-05,100.0,16.200000762939453,47.3979713,8.5461645,attack,5.016
1772701976.8091545,2026-03-05T09:12:56.809155,square,3,47.3980203267773,8.546236928172668,0.0730000063776969,-0.1370000094175338,-0.0079316403716802,-0.0069801611825823,-9.708374977111816,0.0007857404416427,-0.0003686843265313,-2.409766966593452e-05,100.0,16.200000762939453,47.3979713,8.5461645,attack,5.136
1772701976.9105062,2026-03-05T09:12:56.910506,square,3,47.398021294276035,8.546238357476597,0.0740000009536743,-0.1360000073909759,-0.0064034834504127,-0.0015993391862139,-9.701695442199709,-0.0005452779587358,0.0002103052247548,0.0010258662514388,100.0,16.200000762939453,47.3979713,8.5461645,attack,5.237
1772701977.0318978,2026-03-05T09:12:57.031898,square,3,47.398022453073686,8.546240069389988,0.0740000009536743,-0.1360000073909759,-0.0064034834504127,-0.0015993391862139,-9.701695442199709,-0.0005452779587358,0.0002103052247548,0.0010258662514388,100.0,16.200000762939453,47.3979713,8.5461645,attack,5.359
1772701977.1355505,2026-03-05T09:12:57.135550,square,3,47.39802344253744,8.54624153114325,0.0740000009536743,-0.1360000073909759,-0.0064034834504127,-0.0015993391862139,-9.701695442199709,-0.0005452779587358,0.0002103052247548,0.0010258662514388,100.0,16.200000762939453,47.3979713,8.5461645,attack,5.462
1772701977.236505,2026-03-05T09:12:57.236505,square,3,47.398024406244474,8.546242954845624,0.0740000009536743,-0.1360000073909759,-0.0064034834504127,-0.0015993391862139,-9.701695442199709,-0.0005452779587358,0.0002103052247548,0.0010258662514388,100.0,16.200000762939453,47.3979713,8.5461645,attack,5.563
1772701977.3381124,2026-03-05T09:12:57.338112,square,3,47.39802537618301,8.546244387753912,0.0740000009536743,-0.1360000073909759,-0.0064034834504127,-0.0015993391862139,-9.701695442199709,-0.0005452779587358,0.0002103052247548,0.0010258662514388,100.0,16.200000762939453,47.3979713,8.5461645,attack,5.665
1772701977.4424417,2026-03-05T09:12:57.442442,square,3,47.39802637210585,8.546245859049318,0.0740000009536743,-0.1360000073909759,-0.0064034834504127,-0.0015993391862139,-9.701695442199709,-0.0005452779587358,0.0002103052247548,0.0010258662514388,100.0,16.200000762939453,47.3979713,8.5461645,attack,5.769
1772701977.54808,2026-03-05T09:12:57.548080,square,3,47.39802738052357,8.546247348803622,0.0750000029802322,-0.135000005364418,0.0050707119517028,-0.0007099587237462,-9.705219268798828,0.0006292159087024,-0.0009516007266938,-0.0006908515933901,100.0,16.200000762939453,47.3979713,8.5461645,attack,5.875
1772701977.6511524,2026-03-05T09:12:57.651152,square,3,47.39802836444771,8.546248802373102,0.0750000029802322,-0.135000005364418,0.0050707119517028,-0.0007099587237462,-9.705219268798828,0.0006292159087024,-0.0009516007266938,-0.0006908515933901,100.0,16.200000762939453,47.3979713,8.5461645,attack,5.978
1772701977.756782,2026-03-05T09:12:57.756782,square,3,47.39802937278349,8.546250292006365,0.0750000029802322,-0.135000005364418,0.0050707119517028,-0.0007099587237462,-9.705219268798828,0.0006292159087024,-0.0009516007266938,-0.0006908515933901,100.0,16.200000762939453,47.3979713,8.5461645,attack,6.083
1772701977.859038,2026-03-05T09:12:57.859038,square,3,47.39803034891484,8.546251734063409,0.0750000029802322,-0.135000005364418,-0.0023155692033469,0.0080071836709976,-9.696672439575195,8.22755100671202e-05,-0.0005530281923711,-0.0008611041121184,100.0,16.200000762939453,47.3979713,8.5461645,attack,6.186
1772701977.965258,2026-03-05T09:12:57.965258,square,3,47.39803136288355,8.546253232018307,0.0750000029802322,-0.135000005364418,0.0028554336167871,0.0029417620971798,-9.697141647338867,0.0002162958116969,-0.000218043802306,0.0002316295576747,100.0,16.200000762939453,47.3979713,8.5461645,attack,6.292
1772701978.0758712,2026-03-05T09:12:58.075871,square,3,47.39803241879314,8.546254791933244,0.0760000050067901,-0.1340000033378601,0.0055650225840508,0.0031870503444224,-9.707042694091797,-0.0014987629838287,0.0011425114935263,0.0011115844827145,100.0,16.200000762939453,47.3979713,8.5461645,attack,6.403
1772701978.1912467,2026-03-05T09:12:58.191247,square,3,47.3980335201622,8.546256419006301,0.0760000050067901,-0.1340000033378601,0.0055650225840508,0.0031870503444224,-9.707042694091797,-0.0014987629838287,0.0011425114935263,0.0011115844827145,100.0,16.200000762939453,47.3979713,8.5461645,attack,6.518
1772701978.2948098,2026-03-05T09:12:58.294810,square,3,47.39803450877021,8.546257879495348,0.077000007033348,-0.1330000013113021,0.0055650225840508,0.0031870503444224,-9.707042694091797,-0.0014987629838287,0.0011425114935263,0.0011115844827145,100.0,16.200000762939453,47.3979713,8.5461645,attack,6.622
1772701978.3967962,2026-03-05T09:12:58.396796,square,3,47.39803548232747,8.546259317749657,0.077000007033348,-0.1330000013113021,0.0055650225840508,0.0031870503444224,-9.707042694091797,-0.0014987629838287,0.0011425114935263,0.0011115844827145,100.0,16.200000762939453,47.3979713,8.5461645,attack,6.724
1772701978.5168693,2026-03-05T09:12:58.516869,square,3,47.398036628539224,8.546261011069657,0.077000007033348,-0.1330000013113021,0.0031300201080739,0.004773614462465,-9.700173377990724,-0.0006838871049694,0.0006222820375114,-0.0004817895242013,100.0,16.200000762939453,47.3979713,8.5461645,attack,6.844
1772701978.6181056,2026-03-05T09:12:58.618106,square,3,47.398037594936405,8.546262438746242,0.077000007033348,-0.1330000013113021,0.0031300201080739,0.004773614462465,-9.700173377990724,-0.0006838871049694,0.0006222820375114,-0.0004817895242013,100.0,16.200000762939453,47.3979713,8.5461645,attack,6.945
1772701978.7283902,2026-03-05T09:12:58.728390,square,3,47.39803864770749,8.5462639940246,0.0780000016093254,-0.1310000121593475,0.0031300201080739,0.004773614462465,-9.700173377990724,-0.0006838871049694,0.0006222820375114,-0.0004817895242013,100.0,16.200000762939453,47.3979713,8.5461645,attack,7.055
1772701978.8311572,2026-03-05T09:12:58.831157,square,3,47.398039628716155,8.546265443287004,0.0780000016093254,-0.1310000121593475,-0.0016169131267815,-0.001905289129354,-9.69954776763916,-0.0001674840023042,-0.0005574044771492,-0.0007552476599812,100.0,16.200000762939453,47.3979713,8.5461645,attack,7.158
1772701978.941608,2026-03-05T09:12:58.941608,square,3,47.39804068307356,8.546267000908868,0.0800000056624412,-0.1290000081062317,-0.0010781774763017,0.0041164155118167,-9.696890830993652,0.0005721324123442,-0.0020844312384724,-1.891519787022844e-05,100.0,16.200000762939453,47.3979713,8.5461645,attack,7.268
1772701979.0676386,2026-03-05T09:12:59.067639,square,3,47.3980418861563,8.546268778245445,0.0800000056624412,-0.1290000081062317,-0.0010781774763017,0.0041164155118167,-9.696890830993652,0.0005721324123442,-0.0020844312384724,-1.891519787022844e-05,100.0,16.200000762939453,47.3979713,8.5461645,attack,7.394
1772701979.1955092,2026-03-05T09:12:59.195509,square,3,47.39804310680241,8.546270581528711,0.0810000002384185,-0.1280000060796737,-0.0013924565864726,-0.0033555461559444,-9.699509620666504,0.0002914303622674,0.0003472159442026,-0.000178299495019,100.0,16.200000762939453,47.3979713,8.5461645,attack,7.522
1772701979.3101585,2026-03-05T09:12:59.310158,square,3,47.39804420123898,8.546272198360272,0.0820000022649765,-0.1270000040531158,-0.0013924565864726,-0.0033555461559444,-9.699509620666504,0.0002914303622674,0.0003472159442026,-0.000178299495019,100.0,16.200000762939453,47.3979713,8.5461645,attack,7.637
1772701979.4153,2026-03-05T09:12:59.415300,square,3,47.39804520491366,8.546273681107593,0.0820000022649765,-0.1270000040531158,-0.0013924565864726,-0.0033555461559444,-9.699509620666504,0.0002914303622674,0.0003472159442026,-0.000178299495019,100.0,16.200000762939453,47.3979713,8.5461645,attack,7.742
1772701979.530095,2026-03-05T09:12:59.530095,square,3,47.3980463007431,8.546275299996868,0.0840000063180923,-0.125,0.0091012213379144,-0.0046002464368939,-9.69620418548584,2.3752472770866007e-05,0.0001234917872352,-0.0008523783762939,100.0,16.200000762939453,47.3979713,8.5461645,attack,7.857
1772701979.6824403,2026-03-05T09:12:59.682441,square,3,47.39804775502274,8.546277448431312,0.0840000063180923,-0.125,0.0091012213379144,-0.0046002464368939,-9.69620418548584,2.3752472770866007e-05,0.0001234917872352,-0.0008523783762939,100.0,16.200000762939453,47.3979713,8.5461645,attack,8.009
1772701979.7888796,2026-03-05T09:12:59.788880,square,3,47.39804877108759,8.546278949482867,0.0840000063180923,-0.125,0.0091012213379144,-0.0046002464368939,-9.69620418548584,2.3752472770866007e-05,0.0001234917872352,-0.0008523783762939,100.0,16.200000762939453,47.3979713,8.5461645,attack,8.116
1772701979.8919363,2026-03-05T09:12:59.891936,square,3,47.39804975486151,8.546280402830437,0.0860000029206276,-0.1240000054240226,-0.0039408262819051,-0.0015561819309368,-9.70691204071045,-0.0008081017294898,-0.0001948114077094,-8.032534969970584e-05,100.0,16.200000762939453,47.3979713,8.5461645,attack,8.219
1772701980.0131078,2026-03-05T09:13:00.013108,square,3,47.39805091155848,8.546282111640448,0.0880000069737434,-0.1220000088214874,-0.0039408262819051,-0.0015561819309368,-9.70691204071045,-0.0008081017294898,-0.0001948114077094,-8.032534969970584e-05,100.0,16.200000762939453,47.3979713,8.5461645,attack,8.34
1772701980.1243105,2026-03-05T09:13:00.124310,square,3,47.39805197309418,8.546283679866933,0.0880000069737434,-0.1220000088214874,-0.0091329123824834,0.0054710023105144,-9.690354347229004,-0.0001245338935405,-0.0006952718831598,0.0012729126028716,100.0,16.200000762939453,47.3979713,8.5461645,attack,8.451
1772701980.23984,2026-03-05T09:13:00.239840,square,3,47.39805307593349,8.54628530911202,0.0880000069737434,-0.1210000067949295,-0.0091329123824834,0.0054710023105144,-9.690354347229004,-0.0001245338935405,-0.0006952718831598,0.0012729126028716,100.0,16.200000762939453,47.3979713,8.5461645,attack,8.567
1772701980.3705394,2026-03-05T09:13:00.370539,square,3,47.39805432358353,8.546287152288704,0.0880000069737434,-0.1210000067949295,-0.0091329123824834,0.0054710023105144,-9.690354347229004,-0.0001245338935405,-0.0006952718831598,0.0012729126028716,100.0,16.200000762939453,47.3979713,8.5461645,attack,8.697
1772701980.4718623,2026-03-05T09:13:00.471862,square,3,47.39805529080687,8.546288581185797,0.0890000015497207,-0.1210000067949295,-0.0031255302019417,-0.002195163629949,-9.699627876281738,0.0001257211260963,0.0010320283472537,-0.0003471958625596,100.0,16.200000762939453,47.3979713,8.5461645,attack,8.799
1772701980.580381,2026-03-05T09:13:00.580381,square,3,47.39805632672013,8.546290111559768,0.0890000015497207,-0.1210000067949295,0.000651424867101,-0.0014808363048359,-9.696175575256348,0.0003764072898775,-1.4620512956753371e-05,-0.0005351253785192,100.0,16.200000762939453,47.3979713,8.5461645,attack,8.907
1772701980.6841226,2026-03-05T09:13:00.684123,square,3,47.39805731703281,8.54629157456716,0.0930000022053718,-0.1170000061392784,0.000651424867101,-0.0014808363048359,-9.696175575256348,0.0003764072898775,-1.4620512956753371e-05,-0.0005351253785192,100.0,16.200000762939453,47.3979713,8.5461645,attack,9.011
1772701980.8007352,2026-03-05T09:13:00.800735,square,3,47.39805843021168,8.546293219087072,0.0930000022053718,-0.1170000061392784,-0.0012372168712317,-0.0018855630187317,-9.706348419189451,0.0001429170515621,-0.0005159644642844,0.0001524415856692,100.0,16.200000762939453,47.3979713,8.5461645,attack,9.127
1772701980.9021182,2026-03-05T09:13:00.902118,square,3,47.398059398008556,8.54629464883146,0.0930000022053718,-0.1170000061392784,-0.0012372168712317,-0.0018855630187317,-9.706348419189451,0.0001429170515621,-0.0005159644642844,0.0001524415856692,100.0,16.200000762939453,47.3979713,8.5461645,attack,9.229
1772701981.0051236,2026-03-05T09:13:01.005124,square,3,47.398060381293156,8.54629610145614,0.0950000062584877,-0.1150000020861625,-0.0012372168712317,-0.0018855630187317,-9.706348419189451,0.0001429170515621,-0.0005159644642844,0.0001524415856692,100.0,16.200000762939453,47.3979713,8.5461645,attack,9.332
1772701981.108806,2026-03-05T09:13:01.108806,square,3,47.39806137103913,8.546297563626323,0.0950000062584877,-0.1150000020861625,0.001165050198324,-0.0033533801324665,-9.702410697937012,0.0008711908012628,0.0003035514964722,-0.0008317079045809,100.0,16.200000762939453,47.3979713,8.5461645,attack,9.436
1772701981.2123766,2026-03-05T09:13:01.212377,square,3,47.39806235971996,8.546299024222963,0.0980000048875808,-0.1120000034570694,0.0024378546513617,0.0091702742502093,-9.706189155578612,1.6630470781819895e-05,0.0007873981958255,-8.046854054555297e-05,100.0,16.200000762939453,47.3979713,8.5461645,attack,9.539
1772701981.314129,2026-03-05T09:13:01.314129,square,3,47.39806333104454,8.546300459178878,0.101000003516674,-0.1090000048279762,0.0024378546513617,0.0091702742502093,-9.706189155578612,1.6630470781819895e-05,0.0007873981958255,-8.046854054555297e-05,100.0,16.200000762939453,47.3979713,8.5461645,attack,9.641
1772701981.4445744,2026-03-05T09:13:01.444574,square,3,47.39806457626844,8.546302298771375,0.101000003516674,-0.1090000048279762,-0.0024500302970409,0.0052837254479527,-9.697582244873049,-0.0003736774378921,0.0006221380317583,-0.0005214781267568,100.0,16.200000762939453,47.3979713,8.5461645,attack,9.771
1772701981.5546522,2026-03-05T09:13:01.554652,square,3,47.39806562706629,8.546303851134638,0.101000003516674,-0.1090000048279762,-0.0024500302970409,0.0052837254479527,-9.697582244873049,-0.0003736774378921,0.0006221380317583,-0.0005214781267568,100.0,16.200000762939453,47.3979713,8.5461645,attack,9.881
1772701981.6739783,2026-03-05T09:13:01.673978,square,3,47.398066666147535,8.546305533920355,0.1020000055432319,-0.1070000082254409,-0.0024500302970409,0.0052837254479527,-9.697582244873049,-0.0003736774378921,0.0006221380317583,-0.0005214781267568,100.0,16.200000762939453,47.3979712,8.5461645,attack,10.001
1772701981.7760718,2026-03-05T09:13:01.776072,square,3,47.398067640726694,8.546306973684324,0.1020000055432319,-0.1070000082254409,-0.0117738703265786,-0.0058473306708037,-9.700390815734863,0.0001033228327287,3.8926926208660007e-05,-0.0002580228901933,100.0,16.200000762939453,47.3979712,8.5461645,attack,10.103
1772701981.894472,2026-03-05T09:13:01.894472,square,3,47.39806877096823,8.546308643411225,0.1020000055432319,-0.1070000082254409,-0.0117738703265786,-0.0058473306708037,-9.700390815734863,0.0001033228327287,3.8926926208660007e-05,-0.0002580228901933,100.0,16.200000762939453,47.3979712,8.5461645,attack,10.221
1772701982.003239,2026-03-05T09:13:02.003239,square,3,47.398069809253,8.546310177288685,0.1040000021457672,-0.106000006198883,-0.0011520008556544,-0.0011048929300159,-9.700322151184082,0.0006000093999318,-0.0003249486035201,-0.0002644072810653,100.0,16.200000762939453,47.3979712,8.5461645,attack,10.33
1772701982.1045072,2026-03-05T09:13:02.104507,square,3,47.39807077595516,8.546311605415815,0.1040000021457672,-0.106000006198883,-0.0011520008556544,-0.0011048929300159,-9.700322151184082,0.0006000093999318,-0.0003249486035201,-0.0002644072810653,100.0,16.200000762939453,47.3979712,8.5461645,attack,10.431
1772701982.2206511,2026-03-05T09:13:02.220651,square,3,47.39807188465955,8.546313243325487,0.106000006198883,-0.1040000021457672,-0.0039969575591385,0.0046968199312686,-9.703237533569336,0.0001052999723469,0.0001646006712689,-0.0004131591704208,100.0,16.200000762939453,47.3979712,8.5461645,attack,10.547
1772701982.3263078,2026-03-05T09:13:02.326308,square,3,47.39807289325252,8.546314733338685,0.106000006198883,-0.1040000021457672,-0.0039969575591385,0.0046968199312686,-9.703237533569336,0.0001052999723469,0.0001646006712689,-0.0004131591704208,100.0,16.200000762939453,47.3979712,8.5461645,attack,10.653
1772701982.4288888,2026-03-05T09:13:02.428889,square,3,47.39807387248595,8.54631617997851,0.106000006198883,-0.1040000021457672,0.0004434430738911,-0.0019472549902275,-9.703080177307127,0.0002203854674007,0.0001107536954805,8.434052870143205e-05,100.0,16.200000762939453,47.3979712,8.5461645,attack,10.756
1772701982.5338662,2026-03-05T09:13:02.533866,square,3,47.39807487459479,8.546317660412578,0.1080000028014183,-0.1020000055432319,-0.0071326540783047,0.0011359088821336,-9.704547882080078,0.0010489418637007,0.0006838678382337,-0.0010251790517941,100.0,16.200000762939453,47.3979712,8.5461645,attack,10.861
1772701982.63496,2026-03-05T09:13:02.634960,square,3,47.39807583963096,8.54631908607852,0.1080000028014183,-0.1020000055432319,-0.0071326540783047,0.0011359088821336,-9.704547882080078,0.0010489418637007,0.0006838678382337,-0.0010251790517941,100.0,16.200000762939453,47.3979712,8.5461645,attack,10.962
1772701982.7474086,2026-03-05T09:13:02.747409,square,3,47.39807691306068,8.546320671876263,0.1090000048279762,-0.1000000014901161,-0.0071326540783047,0.0011359088821336,-9.704547882080078,0.0010489418637007,0.0006838678382337,-0.0010251790517941,100.0,16.200000762939453,47.3979712,8.5461645,attack,11.074
1772701982.8523247,2026-03-05T09:13:02.852325,square,3,47.3980779145846,8.546322151446228,0.1090000048279762,-0.1000000014901161,-0.0071326540783047,0.0011359088821336,-9.704547882080078,0.0010489418637007,0.0006838678382337,-0.0010251790517941,100.0,16.200000762939453,47.3979712,8.5461645,attack,11.179
1772701983.027212,2026-03-05T09:13:03.027212,square,3,47.39807958404907,8.546324617777227,0.1090000048279762,-0.1000000014901161,-0.0042573912069201,-0.0088356351479887,-9.70197582244873,-0.0006510898238047,5.35441140527837e-05,0.0003423699527047,100.0,16.200000762939453,47.3979712,8.5461645,attack,11.354
1772701983.1330829,2026-03-05T09:13:03.133083,square,3,47.398080594688096,8.546326110813112,0.1090000048279762,-0.1000000014901161,-0.0042573912069201,-0.0088356351479887,-9.70197582244873,-0.0006510898238047,5.35441140527837e-05,0.0003423699527047,100.0,16.200000762939453,47.3979712,8.5461645,attack,11.46
1772701983.2469966,2026-03-05T09:13:03.246997,square,3,47.39808168210342,8.546327717272046,0.1100000068545341,-0.0990000069141388,-0.0009064628975465,-0.0058193476870656,-9.69288444519043,-0.0002337653131689,-6.869024218758568e-06,-0.0002243127382826,100.0,16.200000762939453,47.3979712,8.5461645,attack,11.574
1772701983.3785875,2026-03-05T09:13:03.378588,square,3,47.39808293826317,8.546329573020278,0.111000008881092,-0.0980000048875808,-0.0009064628975465,-0.0058193476870656,-9.69288444519043,-0.0002337653131689,-6.869024218758568e-06,-0.0002243127382826,100.0,16.200000762939453,47.3979712,8.5461645,attack,11.705
1772701983.4809794,2026-03-05T09:13:03.480979,square,3,47.39808391569179,8.546331016993818,0.111000008881092,-0.0980000048875808,0.0067874239757657,0.0027477049734443,-9.697636604309082,3.3217165764654055e-05,-0.000462592986878,8.348077972186729e-05,100.0,16.200000762939453,47.3979712,8.5461645,attack,11.808
1772701983.5828154,2026-03-05T09:13:03.582815,square,3,47.39808488781295,8.546332453126528,0.1120000034570694,-0.0970000028610229,0.0067874239757657,0.0027477049734443,-9.697636604309082,3.3217165764654055e-05,-0.000462592986878,8.348077972186729e-05,100.0,16.200000762939453,47.3979712,8.5461645,attack,11.91
1772701983.697177,2026-03-05T09:13:03.697177,square,3,47.39808597950247,8.546334065899817,0.1120000034570694,-0.0970000028610229,-0.005732680670917,-0.0011315511073917,-9.704227447509766,0.000132728164317,0.0008586337789893,0.0004431764537002,100.0,16.200000762939453,47.3979712,8.5461645,attack,12.024
1772701983.8002071,2026-03-05T09:13:03.800207,square,3,47.398086963023765,8.546335518874173,0.1120000034570694,-0.0970000028610229,-0.005732680670917,-0.0011315511073917,-9.704227447509766,0.000132728164317,0.0008586337789893,0.0004431764537002,100.0,16.200000762939453,47.3979712,8.5461645,attack,12.127
1772701983.9032023,2026-03-05T09:13:03.903202,square,3,47.398087946210495,8.546336971354272,0.1130000054836273,-0.096000000834465,-0.005732680670917,-0.0011315511073917,-9.704227447509766,0.000132728164317,0.0008586337789893,0.0004431764537002,100.0,16.200000762939453,47.3979712,8.5461645,attack,12.23
1772701984.0091116,2026-03-05T09:13:04.009112,square,3,47.39808895721595,8.546338464931482,0.1130000054836273,-0.096000000834465,0.0006335821235552,0.0039503737352788,-9.699152946472168,0.0003351017949171,0.0003322847769595,-9.507355571258812e-05,100.0,16.200000762939453,47.3979712,8.5461645,attack,12.336
1772701984.1106932,2026-03-05T09:13:04.110693,square,3,47.39808992690868,8.546339897476642,0.1130000054836273,-0.096000000834465,0.0006335821235552,0.0039503737352788,-9.699152946472168,0.0003351017949171,0.0003322847769595,-9.507355571258812e-05,100.0,16.200000762939453,47.3979712,8.5461645,attack,12.437
1772701984.2137494,2026-03-05T09:13:04.213749,square,3,47.39809091067805,8.546341350817485,0.1140000075101852,-0.0950000062584877,0.0006335821235552,0.0039503737352788,-9.699152946472168,0.0003351017949171,0.0003322847769595,-9.507355571258812e-05,100.0,16.200000762939453,47.3979712,8.5461645,attack,12.54
1772701984.316303,2026-03-05T09:13:04.316303,square,3,47.39809188964976,8.546342797070649,0.1160000041127204,-0.0940000042319297,-0.0036720507778227,0.0055989995598793,-9.698409080505373,0.000411413348047,0.0005839794175699,-0.0007504571112804,100.0,16.200000762939453,47.3979712,8.5461645,attack,12.643
1772701984.4180248,2026-03-05T09:13:04.418025,square,3,47.39809286068074,8.546344231592826,0.1160000041127204,-0.0940000042319297,-0.0036720507778227,0.0055989995598793,-9.698409080505373,0.000411413348047,0.0005839794175699,-0.0007504571112804,100.0,16.200000762939453,47.3979712,8.5461645,attack,12.745
1772701984.5209112,2026-03-05T09:13:04.520911,square,3,47.39809384282965,8.546345682539728,0.1160000041127204,-0.0940000042319297,-0.0013002741616219,0.0003406736941542,-9.69182300567627,-0.0011632459936663,0.0007020279299467,0.0005113960942253,100.0,16.200000762939453,47.3979712,8.5461645,attack,12.848
1772701984.628746,2026-03-05T09:13:04.628746,square,3,47.39809487221553,8.546347203270688,0.1170000061392784,-0.0920000076293945,-0.0013002741616219,0.0003406736941542,-9.69182300567627,-0.0011632459936663,0.0007020279299467,0.0005113960942253,100.0,16.200000762939453,47.3979712,8.5461645,attack,12.955
1772701984.7312045,2026-03-05T09:13:04.731204,square,3,47.39809585027914,8.546348648182303,0.1170000061392784,-0.0920000076293945,0.0019647506996989,0.0051638190634548,-9.6984281539917,-2.10788675758522e-05,-0.0002618269063532,0.0015072096139192,100.0,16.200000762939453,47.3979712,8.5461645,attack,13.058
1772701984.8335488,2026-03-05T09:13:04.833549,square,3,47.39809682725258,8.546350091483387,0.1170000061392784,-0.0920000076293945,0.0019647506996989,0.0051638190634548,-9.6984281539917,-2.10788675758522e-05,-0.0002618269063532,0.0015072096139192,100.0,16.200000762939453,47.3979712,8.5461645,attack,13.16
1772701984.9413111,2026-03-05T09:13:04.941311,square,3,47.398097855946574,8.546351611192213,0.1180000081658363,-0.0910000056028366,0.0019647506996989,0.0051638190634548,-9.6984281539917,-2.10788675758522e-05,-0.0002618269063532,0.0015072096139192,100.0,16.200000762939453,47.3979712,8.5461645,attack,13.268
1772701985.0451813,2026-03-05T09:13:05.045181,square,3,47.398098847485976,8.546353076011869,0.1190000027418136,-0.0900000035762786,-0.0063590467907488,0.0034291304182261,-9.706381797790527,0.0004868895630352,-0.000296339392662,0.0001401549670845,100.0,16.200000762939453,47.3979712,8.5461645,attack,13.372
1772701985.1472218,2026-03-05T09:13:05.147222,square,3,47.39809982155988,8.546354515029412,0.1190000027418136,-0.0900000035762786,0.0032593524083495,-0.0063408473506569,-9.71092700958252,-0.0011865849373862,-0.0002900625986512,0.0005669945385307,100.0,16.200000762939453,47.3979712,8.5461645,attack,13.474
1772701985.2489116,2026-03-05T09:13:05.248912,square,3,47.39810079228589,8.546355949101045,0.1190000027418136,-0.0900000035762786,0.0032593524083495,-0.0063408473506569,-9.71092700958252,-0.0011865849373862,-0.0002900625986512,0.0005669945385307,100.0,16.200000762939453,47.3979712,8.5461645,attack,13.576
1772701985.3527665,2026-03-05T09:13:05.352766,square,3,47.39810178367963,8.546357413705516,0.1200000047683715,-0.0890000015497207,-0.0061096083372831,0.0048443977721035,-9.707968711853027,0.0006082035251893,0.0007584865670651,5.0695904064923525e-05,100.0,16.200000762939453,47.3979712,8.5461645,attack,13.679
1772701985.4594417,2026-03-05T09:13:05.459442,square,3,47.39810280199538,8.54635891808236,0.1210000067949295,-0.0880000069737434,-0.0061096083372831,0.0048443977721035,-9.707968711853027,0.0006082035251893,0.0007584865670651,5.0695904064923525e-05,100.0,16.200000762939453,47.3979712,8.5461645,attack,13.786
1772701985.5611436,2026-03-05T09:13:05.561144,square,3,47.39810377283745,8.54636035232547,0.1210000067949295,-0.0880000069737434,0.005690949037671,-0.0046408944763243,-9.692099571228027,0.0002461291442159,0.0009421114809811,-0.0002175585832446,100.0,16.200000762939453,47.3979712,8.5461645,attack,13.888
1772701985.6631577,2026-03-05T09:13:05.663158,square,3,47.39810474665873,8.5463617909698,0.1210000067949295,-0.0880000069737434,0.005690949037671,-0.0046408944763243,-9.692099571228027,0.0002461291442159,0.0009421114809811,-0.0002175585832446,100.0,16.200000762939453,47.3979712,8.5461645,attack,13.99
1772701985.764537,2026-03-05T09:13:05.764537,square,3,47.39810571442147,8.54636322066375,0.1210000067949295,-0.0880000069737434,0.005690949037671,-0.0046408944763243,-9.692099571228027,0.0002461291442159,0.0009421114809811,-0.0002175585832446,100.0,16.200000762939453,47.3979712,8.5461645,attack,14.091
1772701985.868782,2026-03-05T09:13:05.868782,square,3,47.39810670953864,8.546364690768904,0.1210000067949295,-0.0880000069737434,0.005690949037671,-0.0046408944763243,-9.692099571228027,0.0002461291442159,0.0009421114809811,-0.0002175585832446,100.0,16.200000762939453,47.3979712,8.5461645,attack,14.195
1772701985.970345,2026-03-05T09:13:05.970345,square,3,47.39810767905385,8.546366123051808,0.1220000088214874,-0.0870000049471855,0.005690949037671,-0.0046408944763243,-9.692099571228027,0.0002461291442159,0.0009421114809811,-0.0002175585832446,100.0,16.200000762939453,47.3979712,8.5461645,attack,14.297
1772701986.0793326,2026-03-05T09:13:06.079333,square,3,47.39810871944386,8.546367660039376,0.1220000088214874,-0.0870000049471855,0.005690949037671,-0.0046408944763243,-9.692099571228027,0.0002461291442159,0.0009421114809811,-0.0002175585832446,100.0,16.200000762939453,47.3979712,8.5461645,attack,14.406
1772701986.1842947,2026-03-05T09:13:06.184295,square,3,47.39810972140703,8.54636914025826,0.1220000088214874,-0.0870000049471855,-0.0087242582812905,0.005730012897402,-9.68970775604248,0.000498415378388,0.0006798001704737,0.0007082889205776,100.0,16.200000762939453,47.3979712,8.5461645,attack,14.511
1772701986.2888625,2026-03-05T09:13:06.288862,square,3,47.39811071960582,8.546370614915938,0.1220000088214874,-0.0870000049471855,-0.0087242582812905,0.005730012897402,-9.68970775604248,0.000498415378388,0.0006798001704737,0.0007082889205776,100.0,16.200000762939453,47.3979712,8.5461645,attack,14.616
1772701986.3942876,2026-03-05T09:13:06.394288,square,3,47.39811172598885,8.546372101664364,0.1230000033974647,-0.0870000049471855,-0.0087242582812905,0.005730012897402,-9.68970775604248,0.000498415378388,0.0006798001704737,0.0007082889205776,100.0,16.200000762939453,47.3979712,8.5461645,attack,14.721
1772701986.5102215,2026-03-05T09:13:06.510221,square,3,47.39811283268814,8.546373736611871,0.1230000033974647,-0.0860000029206276,-0.010329782962799,0.0037203908432275,-9.702802658081056,-0.0001907946571009,-0.0007207075832411,-0.001554173300974,100.0,16.200000762939453,47.3979712,8.5461645,attack,14.837
1772701986.6418505,2026-03-05T09:13:06.641850,square,3,47.398114089212044,8.546375592898068,0.1240000054240226,-0.0850000008940696,0.008065496571362,0.0047895018942654,-9.70447063446045,-0.0006063462351448,-0.0002569298958405,0.000113176931336,100.0,16.200000762939453,47.3979712,8.5461645,attack,14.969
1772701986.761961,2026-03-05T09:13:06.761961,square,3,47.39811523578111,8.546377286745942,0.1240000054240226,-0.0850000008940696,0.008065496571362,0.0047895018942654,-9.70447063446045,-0.0006063462351448,-0.0002569298958405,0.000113176931336,100.0,16.200000762939453,47.3979712,8.5461645,attack,15.089
1772701986.8651466,2026-03-05T09:13:06.865147,square,3,47.39811622078632,8.546378741912502,0.1240000054240226,-0.0850000008940696,0.008065496571362,0.0047895018942654,-9.70447063446045,-0.0006063462351448,-0.0002569298958405,0.000113176931336,100.0,16.200000762939453,47.3979712,8.5461645,attack,15.192
1772701986.9845994,2026-03-05T09:13:06.984599,square,3,47.398117361076096,8.546380426483854,0.1240000054240226,-0.0850000008940696,0.008065496571362,0.0047895018942654,-9.70447063446045,-0.0006063462351448,-0.0002569298958405,0.000113176931336,100.0,16.200000762939453,47.3979712,8.5461645,attack,15.311
1772701987.0885277,2026-03-05T09:13:07.088528,square,3,47.39811835317082,8.546381892123906,0.1240000054240226,-0.0850000008940696,0.008065496571362,0.0047895018942654,-9.70447063446045,-0.0006063462351448,-0.0002569298958405,0.000113176931336,100.0,16.200000762939453,47.3979712,8.5461645,attack,15.415
1772701987.1969862,2026-03-05T09:13:07.196986,square,3,47.398119388510544,8.546383421650582,0.125,-0.0850000008940696,-0.0022658458910882,0.0011593195376917,-9.693434715270996,-0.0009767332812771,3.826917964033783e-05,-0.0001005738013191,100.0,16.200000762939453,47.3979712,8.5461645,attack,15.524
1772701987.3002236,2026-03-05T09:13:07.300224,square,3,47.39812037400962,8.546384877546755,0.1260000020265579,-0.0840000063180923,0.0021136072464287,0.0016666763694956,-9.711434364318848,0.0006469918298535,-0.0007121204398572,-0.0010529191931709,100.0,16.200000762939453,47.3979712,8.5461645,attack,15.627
1772701987.4029896,2026-03-05T09:13:07.402990,square,3,47.39812135500919,8.546386326795705,0.1260000020265579,-0.0840000063180923,0.0021136072464287,0.0016666763694956,-9.711434364318848,0.0006469918298535,-0.0007121204398572,-0.0010529191931709,100.0,16.200000762939453,47.3979712,8.5461645,attack,15.73
1772701987.504493,2026-03-05T09:13:07.504493,square,3,47.39812232395541,8.546387758238039,0.1260000020265579,-0.0840000063180923,0.0021136072464287,0.0016666763694956,-9.711434364318848,0.0006469918298535,-0.0007121204398572,-0.0010529191931709,100.0,16.200000762939453,47.3979712,8.5461645,attack,15.831
1772701987.6061044,2026-03-05T09:13:07.606104,square,3,47.398123293932635,8.546389191203483,0.1260000020265579,-0.0830000042915344,-0.0030647628009319,-0.0004184614808764,-9.703248023986816,0.0002048724272754,-4.2258790927007794e-05,0.000255020102486,100.0,16.200000762939453,47.3979712,8.5461645,attack,15.933
1772701987.70925,2026-03-05T09:13:07.709250,square,3,47.398124278555485,8.54639064580518,0.1260000020265579,-0.0830000042915344,-0.0030647628009319,-0.0004184614808764,-9.703248023986816,0.0002048724272754,-4.2258790927007794e-05,0.000255020102486,100.0,16.200000762939453,47.3979712,8.5461645,attack,16.036
1772701987.811264,2026-03-05T09:13:07.811264,square,3,47.39812525237676,8.54639208444951,0.1270000040531158,-0.0830000042915344,0.0011214494006708,-0.0057688495144248,-9.697734832763672,-0.0003232280432712,-0.0008141384460031,-0.0007025132654234,100.0,16.200000762939453,47.3979712,8.5461645,attack,16.138
1772701987.9149594,2026-03-05T09:13:07.914959,square,3,47.398126242247905,8.546393546804618,0.1270000040531158,-0.0830000042915344,0.0011214494006708,-0.0057688495144248,-9.697734832763672,-0.0003232280432712,-0.0008141384460031,-0.0007025132654234,100.0,16.200000762939453,47.3979712,8.5461645,attack,16.242
1772701988.0189068,2026-03-05T09:13:08.018907,square,3,47.39812723452471,8.546395012713651,0.1270000040531158,-0.0830000042915344,0.0055809952318668,-0.001458519604057,-9.698269844055176,-0.0011671634856611,-0.0006723569240421,-0.0001859581680037,100.0,16.200000762939453,47.3979712,8.5461645,attack,16.346
1772701988.1343346,2026-03-05T09:13:08.134335,square,3,47.3981283363922,8.546396540523045,0.1270000040531158,-0.0830000042915344,0.0055809952318668,-0.001458519604057,-9.698269844055176,-0.0011671634856611,-0.0006723569240421,-0.0001859581680037,100.0,16.200000762939453,47.3979712,8.5461644,attack,16.461
1772701988.23618,2026-03-05T09:13:08.236180,square,3,47.39812930860439,8.546397976790246,0.1270000040531158,-0.0830000042915344,0.0055809952318668,-0.001458519604057,-9.698269844055176,-0.0011671634856611,-0.0006723569240421,-0.0001859581680037,100.0,16.200000762939453,47.3979712,8.5461644,attack,16.563
1772701988.368225,2026-03-05T09:13:08.368225,square,3,47.39813056909979,8.546399838943616,0.1270000040531158,-0.0820000022649765,-0.000378951546736,-0.0075789033435285,-9.695643424987791,0.0001384618808515,0.0003935371350962,-0.0003355219087097,100.0,16.200000762939453,47.3979712,8.5461644,attack,16.695
1772701988.4793346,2026-03-05T09:13:08.479335,square,3,47.3981316297456,8.546401405855448,0.1270000040531158,-0.0820000022649765,-0.000378951546736,-0.0075789033435285,-9.695643424987791,0.0001384618808515,0.0003935371350962,-0.0003355219087097,100.0,16.200000762939453,47.3979712,8.5461644,attack,16.806
1772701988.582322,2026-03-05T09:13:08.582322,square,3,47.398132612857225,8.546402858224594,0.1280000060796737,-0.0820000022649765,0.0018869932973757,-0.000528173521161,-9.699849128723145,-0.0008003259426914,-0.0002935342199634,-0.0002600357693154,100.0,16.200000762939453,47.3979712,8.5461644,attack,16.909
1772701988.6882863,2026-03-05T09:13:08.688287,square,3,47.39813362438842,8.54640435257849,0.1280000060796737,-0.0820000022649765,0.0018869932973757,-0.000528173521161,-9.699849128723145,-0.0008003259426914,-0.0002935342199634,-0.0002600357693154,100.0,16.200000762939453,47.3979712,8.5461644,attack,17.015
1772701988.7913902,2026-03-05T09:13:08.791390,square,3,47.39813460861298,8.546405806591787,0.1290000081062317,-0.0810000002384185,-0.0013666925951838,0.0013167855795472,-9.697908401489258,-0.0006636018515564,-2.653613773873076e-05,-0.0009608977125026,100.0,16.200000762939453,47.3979712,8.5461644,attack,17.118
1772701988.9128127,2026-03-05T09:13:08.912813,square,3,47.398135767706506,8.546407518942273,0.1290000081062317,-0.0810000002384185,-0.0013666925951838,0.0013167855795472,-9.697908401489258,-0.0006636018515564,-2.653613773873076e-05,-0.0009608977125026,100.0,16.200000762939453,47.3979712,8.5461644,attack,17.24
1772701989.0140574,2026-03-05T09:13:09.014057,square,3,47.398136734183346,8.546408946736534,0.1290000081062317,-0.0810000002384185,-0.0013666925951838,0.0013167855795472,-9.697908401489258,-0.0006636018515564,-2.653613773873076e-05,-0.0009608977125026,100.0,16.200000762939453,47.3979712,8.5461644,attack,17.341
1772701989.1156185,2026-03-05T09:13:09.115618,square,3,47.39813770368035,8.546410378992539,0.1290000081062317,-0.0810000002384185,-0.0013666925951838,0.0013167855795472,-9.697908401489258,-0.0006636018515564,-2.653613773873076e-05,-0.0009608977125026,100.0,16.200000762939453,47.3979712,8.5461644,attack,17.442
1772701989.2179725,2026-03-05T09:13:09.217973,square,3,47.398138680747095,8.546411822431475,0.1300000101327896,-0.0790000036358833,0.0039765923283994,-0.0093482742086052,-9.70083713531494,0.0004567896539811,-0.0003801100538112,-0.0002470588078722,100.0,16.200000762939453,47.3979712,8.5461644,attack,17.545
1772701989.322361,2026-03-05T09:13:09.322361,square,3,47.398139677234376,8.546413294560722,0.1300000101327896,-0.0790000036358833,0.0039765923283994,-0.0093482742086052,-9.70083713531494,0.0004567896539811,-0.0003801100538112,-0.0002470588078722,100.0,16.200000762939453,47.3979712,8.5461644,attack,17.649
1772701989.430241,2026-03-05T09:13:09.430241,square,3,47.39814070705268,8.546414815930515,0.1300000101327896,-0.0790000036358833,0.0039765923283994,-0.0093482742086052,-9.70083713531494,0.0004567896539811,-0.0003801100538112,-0.0002470588078722,100.0,16.200000762939453,47.3979712,8.5461644,attack,17.757
1772701989.5331426,2026-03-05T09:13:09.533143,square,3,47.398141689344975,8.546416267089239,0.1319999992847442,-0.0780000016093254,0.0002656254218891,-0.0032887619454413,-9.699810981750488,-0.0003911374660674,0.0001094802573788,-0.0012348169693723,100.0,16.200000762939453,47.3979712,8.5461644,attack,17.86
1772701989.6466672,2026-03-05T09:13:09.646667,square,3,47.398142773045976,8.546417868060937,0.1319999992847442,-0.0780000016093254,0.0002656254218891,-0.0032887619454413,-9.699810981750488,-0.0003911374660674,0.0001094802573788,-0.0012348169693723,100.0,16.200000762939453,47.3979712,8.5461644,attack,17.973
1772701989.7493088,2026-03-05T09:13:09.749309,square,3,47.3981437528575,8.54641931555478,0.1319999992847442,-0.0780000016093254,0.0002656254218891,-0.0032887619454413,-9.699810981750488,-0.0003911374660674,0.0001094802573788,-0.0012348169693723,100.0,16.200000762939453,47.3979712,8.5461644,attack,18.076
1772701989.8546622,2026-03-05T09:13:09.854662,square,3,47.39814475855548,8.54642080129116,0.1319999992847442,-0.077000007033348,-0.0051418687216937,-0.0038908978458493,-9.698248863220217,0.00053492852021,-0.0006595229497179,-5.858345684828237e-05,100.0,16.200000762939453,47.3979712,8.5461644,attack,18.181
1772701989.958469,2026-03-05T09:13:09.958469,square,3,47.39814574948949,8.546422265216451,0.1319999992847442,-0.077000007033348,-0.0051418687216937,-0.0038908978458493,-9.698248863220217,0.00053492852021,-0.0006595229497179,-5.858345684828237e-05,100.0,16.200000762939453,47.3979712,8.5461644,attack,18.285
1772701990.0728369,2026-03-05T09:13:10.072837,square,3,47.39814684124046,8.546423878080523,0.1330000013113021,-0.077000007033348,-0.0013502012006938,0.0018344196723774,-9.704880714416504,-0.0002536259416956,-0.000873664044775,0.0007995089981704,100.0,16.200000762939453,47.3979712,8.5461644,attack,18.4
1772701990.1758475,2026-03-05T09:13:10.175848,square,3,47.398147824575126,8.54642533077917,0.1330000013113021,-0.077000007033348,-0.0013502012006938,0.0018344196723774,-9.704880714416504,-0.0002536259416956,-0.000873664044775,0.0007995089981704,100.0,16.200000762939453,47.3979712,8.5461644,attack,18.503
1772701990.2773795,2026-03-05T09:13:10.277380,square,3,47.39814879379447,8.546426762624977,0.1340000033378601,-0.0760000050067901,-0.0020316778682172,-0.0001470716379117,-9.706521034240724,0.0002901055268011,-0.0005639650626108,-0.0004674363299272,100.0,16.200000762939453,47.3979712,8.5461644,attack,18.604
1772701990.3821368,2026-03-05T09:13:10.382137,square,3,47.39814979380262,8.546428239955667,0.135000005364418,-0.0750000029802322,0.0001505524851381,0.0034920822363346,-9.704095840454102,0.0001609697792446,0.0009011824731715,0.0004286462499294,100.0,16.200000762939453,47.3979712,8.5461644,attack,18.709
1772701990.4856288,2026-03-05T09:13:10.485629,square,3,47.39815078173239,8.54642969944275,0.135000005364418,-0.0750000029802322,0.0001505524851381,0.0034920822363346,-9.704095840454102,0.0001609697792446,0.0009011824731715,0.0004286462499294,100.0,16.200000762939453,47.3979712,8.5461644,attack,18.812
1772701990.603197,2026-03-05T09:13:10.603197,square,3,47.3981519040332,8.546431357438665,0.135000005364418,-0.0750000029802322,0.0001505524851381,0.0034920822363346,-9.704095840454102,0.0001609697792446,0.0009011824731715,0.0004286462499294,100.0,16.200000762939453,47.3979712,8.5461644,attack,18.93
1772701990.7116733,2026-03-05T09:13:10.711673,square,3,47.39815293954133,8.54643288721415,0.135000005364418,-0.0740000009536743,0.008333052508533,0.0039186202920973,-9.6991605758667,0.0009004618041217,0.0004205883305985,0.0010043834336102,100.0,16.200000762939453,47.3979712,8.5461644,attack,19.038
1772701990.813109,2026-03-05T09:13:10.813109,square,3,47.3981539078412,8.546434317701596,0.135000005364418,-0.0740000009536743,0.008333052508533,0.0039186202920973,-9.6991605758667,0.0009004618041217,0.0004205883305985,0.0010043834336102,100.0,16.200000762939453,47.3979712,8.5461644,attack,19.14
1772701990.9141922,2026-03-05T09:13:10.914192,square,3,47.39815487277723,8.546435743219599,0.135000005364418,-0.0740000009536743,0.008333052508533,0.0039186202920973,-9.6991605758667,0.0009004618041217,0.0004205883305985,0.0010043834336102,100.0,16.200000762939453,47.3979712,8.5461644,attack,19.241
1772701991.0170803,2026-03-05T09:13:11.017081,square,3,47.39815585494207,8.546437194190036,0.1360000073909759,-0.0730000063776969,-0.0008282749913632,0.0028634318150579,-9.706311225891112,6.64142135065049e-05,0.0001262840087292,0.0002457054215483,100.0,16.200000762939453,47.3979712,8.5461644,attack,19.344
1772701991.117876,2026-03-05T09:13:11.117876,square,3,47.398156817133334,8.54643861565313,0.1360000073909759,-0.0730000063776969,-0.0008282749913632,0.0028634318150579,-9.706311225891112,6.64142135065049e-05,0.0001262840087292,0.0002457054215483,100.0,16.200000762939453,47.3979712,8.5461644,attack,19.445
1772701991.2203026,2026-03-05T09:13:11.220303,square,3,47.398157794891965,8.5464400601142,0.1380000114440918,-0.072000004351139,0.0041404459625482,-0.0043424726463854,-9.698880195617676,-0.0001604337157914,0.0001232741924468,0.0007355186971835,100.0,16.200000762939453,47.3979712,8.5461644,attack,19.547
1772701991.3222735,2026-03-05T09:13:11.322274,square,3,47.39815876830129,8.546441498149958,0.1380000114440918,-0.072000004351139,0.0041404459625482,-0.0043424726463854,-9.698880195617676,-0.0001604337157914,0.0001232741924468,0.0007355186971835,100.0,16.200000762939453,47.3979712,8.5461644,attack,19.649
1772701991.4320283,2026-03-05T09:13:11.432029,square,3,47.39815971601526,8.546443045956805,0.1390000134706497,-0.0710000023245811,0.0011384299723431,-0.0011609806679189,-9.704385757446287,-0.0010082693770527,-0.0002308185066794,-0.000171700870851,100.0,16.200000762939453,47.3979711,8.5461644,attack,19.759
1772701991.5362408,2026-03-05T09:13:11.536241,square,3,47.3981607108229,8.546444515604687,0.1390000134706497,-0.0710000023245811,0.0011384299723431,-0.0011609806679189,-9.704385757446287,-0.0010082693770527,-0.0002308185066794,-0.000171700870851,100.0,16.200000762939453,47.3979711,8.5461644,attack,19.863
1772701991.640036,2026-03-05T09:13:11.640036,square,3,47.39816170164766,8.546445979368587,0.1400000005960464,-0.0700000002980232,0.0024335659109055,0.0080585423856973,-9.705399513244627,0.0007886449457146,0.0008919093525037,0.0008023203117772,100.0,16.200000762939453,47.3979711,8.5461644,attack,19.967
1772701991.741684,2026-03-05T09:13:11.741684,square,3,47.398162671973104,8.546447412848456,0.1400000005960464,-0.0700000002980232,0.0024335659109055,0.0080585423856973,-9.705399513244627,0.0007886449457146,0.0008919093525037,0.0008023203117772,100.0,16.200000762939453,47.3979711,8.5461644,attack,20.068
1772701991.847215,2026-03-05T09:13:11.847215,square,3,47.39816367936665,8.54644890108973,0.1400000005960464,-0.0700000002980232,0.0024335659109055,0.0080585423856973,-9.705399513244627,0.0007886449457146,0.0008919093525037,0.0008023203117772,100.0,16.200000762939453,47.3979711,8.5461644,attack,20.174
1772701991.9480245,2026-03-05T09:13:11.948024,square,3,47.39816464168992,8.546450322747834,0.1400000005960464,-0.0700000002980232,0.0024335659109055,0.0080585423856973,-9.705399513244627,0.0007886449457146,0.0008919093525037,0.0008023203117772,100.0,16.200000762939453,47.3979711,8.5461644,attack,20.275
1772701992.051162,2026-03-05T09:13:12.051162,square,3,47.398165626235375,8.54645177723521,0.1430000066757202,-0.06700000166893,-0.0057793240994215,-0.003520808648318,-9.6991605758667,0.0001032550426316,0.0011064667487517,0.0002155950351152,100.0,16.200000762939453,47.3979711,8.5461644,attack,20.378
1772701992.1546302,2026-03-05T09:13:12.154630,square,3,47.39816661393756,8.546453236386066,0.1430000066757202,-0.06700000166893,-0.0057793240994215,-0.003520808648318,-9.6991605758667,0.0001032550426316,0.0011064667487517,0.0002155950351152,100.0,16.200000762939453,47.3979711,8.5461644,attack,20.481
1772701992.2571225,2026-03-05T09:13:12.257122,square,3,47.398167592324356,8.54645468177512,0.145000010728836,-0.0650000050663948,-0.0014426817651838,-0.0036962544545531,-9.695435523986816,-0.0002445092832203,-0.0004632795171346,-0.0008339095511473,100.0,16.200000762939453,47.3979711,8.5461644,attack,20.584
1772701992.3587306,2026-03-05T09:13:12.358731,square,3,47.39816856226972,8.546456114693491,0.145000010728836,-0.0650000050663948,-0.0014426817651838,-0.0036962544545531,-9.695435523986816,-0.0002445092832203,-0.0004632795171346,-0.0008339095511473,100.0,16.200000762939453,47.3979711,8.5461644,attack,20.685
1772701992.464047,2026-03-05T09:13:12.464047,square,3,47.39816956761492,8.546457599908715,0.1469999998807907,-0.0630000010132789,0.0051878942176699,0.004099812824279,-9.705487251281738,0.0007374988053925,5.189379226067104e-05,-4.99871966894716e-05,100.0,16.200000762939453,47.3979711,8.5461644,attack,20.791
1772701992.573827,2026-03-05T09:13:12.573827,square,3,47.39817061557013,8.54645914807249,0.1469999998807907,-0.0630000010132789,0.0051878942176699,0.004099812824279,-9.705487251281738,0.0007374988053925,5.189379226067104e-05,-4.99871966894716e-05,100.0,16.200000762939453,47.3979711,8.5461644,attack,20.901
1772701992.67953,2026-03-05T09:13:12.679530,square,3,47.39817162460463,8.546460638737965,0.1480000019073486,-0.0610000044107437,-0.0021917959675192,0.001097469124943,-9.699854850769045,-0.000213886189158,-0.0004684399173129,0.0001840449695009,100.0,16.200000762939453,47.3979711,8.5461644,attack,21.006
1772701992.784921,2026-03-05T09:13:12.784921,square,3,47.3981726306622,8.546462125005583,0.1480000019073486,-0.0610000044107437,-0.0021917959675192,0.001097469124943,-9.699854850769045,-0.000213886189158,-0.0004684399173129,0.0001840449695009,100.0,16.200000762939453,47.3979711,8.5461644,attack,21.112
1772701992.8870738,2026-03-05T09:13:12.887074,square,3,47.39817360580807,8.546463565606755,0.1480000019073486,-0.0610000044107437,-0.0021917959675192,0.001097469124943,-9.699854850769045,-0.000213886189158,-0.0004684399173129,0.0001840449695009,100.0,16.200000762939453,47.3979711,8.5461644,attack,21.214
1772701992.9920073,2026-03-05T09:13:12.992007,square,3,47.39817460749813,8.546465045422165,0.1510000079870224,-0.0590000040829181,-0.0061037112027406,0.001540497643873,-9.705256462097168,-0.0007864303188398,-0.0002354852185817,-0.0001015565430861,100.0,16.200000762939453,47.3979711,8.5461644,attack,21.319
1772701993.0962386,2026-03-05T09:13:13.096239,square,3,47.39817560248557,8.546466515335668,0.1510000079870224,-0.0590000040829181,-0.0061037112027406,0.001540497643873,-9.705256462097168,-0.0007864303188398,-0.0002354852185817,-0.0001015565430861,100.0,16.200000762939453,47.3979711,8.5461644,attack,21.423
1772701993.201435,2026-03-05T09:13:13.201435,square,3,47.398176606685986,8.546467998859667,0.1510000079870224,-0.0590000040829181,-0.0061037112027406,0.001540497643873,-9.705256462097168,-0.0007864303188398,-0.0002354852185817,-0.0001015565430861,100.0,16.200000762939453,47.3979711,8.5461644,attack,21.528
1772701993.3032968,2026-03-05T09:13:13.303297,square,3,47.39817757905294,8.5464694353555,0.1530000120401382,-0.0570000037550926,0.0006326247239485,0.0034474309068173,-9.70063304901123,0.0002181440213462,-0.000244214257691,-0.0007043841760605,100.0,16.200000762939453,47.3979711,8.5461644,attack,21.63
1772701993.4061136,2026-03-05T09:13:13.406114,square,3,47.398178560537275,8.546470885320614,0.1530000120401382,-0.0560000017285347,-0.0034701223485171,-0.0079296473413705,-9.696297645568848,0.0001773024123394,-0.0002851354656741,0.0008467732695862,100.0,16.200000762939453,47.3979711,8.5461644,attack,21.733
1772701993.512952,2026-03-05T09:13:13.512952,square,3,47.398179580412034,8.546472392000615,0.1550000011920929,-0.0540000014007091,0.0026416941545903,0.0069233099929988,-9.70227336883545,0.0010615417268127,-0.0001099655783036,-0.000749877479393,100.0,16.200000762939453,47.3979711,8.5461644,attack,21.84
1772701993.618265,2026-03-05T09:13:13.618265,square,3,47.398180585723104,8.546473877165406,0.1550000011920929,-0.0540000014007091,0.0026416941545903,0.0069233099929988,-9.70227336883545,0.0010615417268127,-0.0001099655783036,-0.000749877479393,100.0,16.200000762939453,47.3979711,8.5461644,attack,21.945
1772701993.7371266,2026-03-05T09:13:13.737127,square,3,47.39818172037084,8.54647555340167,0.1580000072717666,-0.0520000010728836,-0.0030968668870627,-0.0066604372113943,-9.70226001739502,0.000572106859181,0.0003706878051161,-0.0006982369231991,100.0,16.200000762939453,47.3979711,8.5461644,attack,22.064
1772701993.838321,2026-03-05T09:13:13.838321,square,3,47.39818268636746,8.54647698048649,0.1580000072717666,-0.0520000010728836,-0.0030968668870627,-0.0066604372113943,-9.70226001739502,0.000572106859181,0.0003706878051161,-0.0006982369231991,100.0,16.200000762939453,47.3979711,8.5461644,attack,22.165
1772701993.945743,2026-03-05T09:13:13.945743,square,3,47.3981837118137,8.546478495397345,0.1580000072717666,-0.0520000010728836,-0.0030968668870627,-0.0066604372113943,-9.70226001739502,0.000572106859181,0.0003706878051161,-0.0006982369231991,100.0,16.200000762939453,47.3979711,8.5461644,attack,22.272
1772701994.0490222,2026-03-05T09:13:14.049022,square,3,47.39818469771107,8.546479951881913,0.1580000072717666,-0.0520000010728836,-0.007470573298633,0.0004937785561196,-9.705208778381348,-7.295578689081594e-05,-0.0003563101345207,-5.071773921372369e-05,100.0,16.200000762939453,47.3979711,8.5461644,attack,22.376
1772701994.1508389,2026-03-05T09:13:14.150839,square,3,47.39818566964787,8.546481387742276,0.1620000004768371,-0.0480000004172325,-0.007470573298633,0.0004937785561196,-9.705208778381348,-7.295578689081594e-05,-0.0003563101345207,-5.071773921372369e-05,100.0,16.200000762939453,47.3979711,8.5461644,attack,22.478
1772701994.2569056,2026-03-05T09:13:14.256906,square,3,47.39818668215544,8.546482883538586,0.1620000004768371,-0.0480000004172325,0.0028744176961481,-0.0025209228042513,-9.700650215148926,-0.0007901968201622,-0.0008270264370366,-0.0006761049153283,100.0,16.200000762939453,47.3979711,8.5461644,attack,22.584
1772701994.3588395,2026-03-05T09:13:14.358840,square,3,47.398187655212,8.546484321053189,0.164000004529953,-0.0460000038146972,0.0028744176961481,-0.0025209228042513,-9.700650215148926,-0.0007901968201622,-0.0008270264370366,-0.0006761049153283,100.0,16.200000762939453,47.3979711,8.5461644,attack,22.686
1772701994.4601288,2026-03-05T09:13:14.460129,square,3,47.39818862211444,8.546485749476194,0.164000004529953,-0.0460000038146972,0.0028744176961481,-0.0025209228042513,-9.700650215148926,-0.0007901968201622,-0.0008270264370366,-0.0006761049153283,100.0,16.200000762939453,47.3979711,8.5461644,attack,22.787
1772701994.5619392,2026-03-05T09:13:14.561939,square,3,47.398189593992065,8.546487185249138,0.1680000126361847,-0.0410000011324882,-0.0002288852119818,0.0058653750456869,-9.694656372070312,-5.837830030941404e-06,-0.0005031541222706,0.0006040431326255,100.0,16.200000762939453,47.3979711,8.5461644,attack,22.889
1772701994.6652043,2026-03-05T09:13:14.665205,square,3,47.39819057975516,8.546488641535332,0.1680000126361847,-0.0410000011324882,-0.0002288852119818,0.0058653750456869,-9.694656372070312,-5.837830030941404e-06,-0.0005031541222706,0.0006040431326255,100.0,16.200000762939453,47.3979711,8.5461644,attack,22.992
1772701994.770985,2026-03-05T09:13:14.770985,square,3,47.398191589531606,8.54649013329691,0.1680000126361847,-0.0410000011324882,-0.0002288852119818,0.0058653750456869,-9.694656372070312,-5.837830030941404e-06,-0.0005031541222706,0.0006040431326255,100.0,16.200000762939453,47.3979711,8.5461644,attack,23.098
1772701994.8797305,2026-03-05T09:13:14.879730,square,3,47.39819262761154,8.546491666871765,0.1700000017881393,-0.0390000008046627,0.0097354473546147,-0.0021337857469916,-9.700148582458496,-0.0006822676514275,0.0004327494243625,0.0003689281002152,100.0,16.200000762939453,47.3979711,8.5461644,attack,23.206
1772701994.9832797,2026-03-05T09:13:14.983279,square,3,47.398193616087546,8.546493127165792,0.1700000017881393,-0.0390000008046627,0.0097354473546147,-0.0021337857469916,-9.700148582458496,-0.0006822676514275,0.0004327494243625,0.0003689281002152,100.0,16.200000762939453,47.3979711,8.5461644,attack,23.31
1772701995.1933596,2026-03-05T09:13:15.193360,square,3,47.39819562150007,8.546496089799124,0.1700000017881393,-0.0390000008046627,0.0097354473546147,-0.0021337857469916,-9.700148582458496,-0.0006822676514275,0.0004327494243625,0.0003689281002152,100.0,16.200000762939453,47.3979711,8.5461644,attack,23.52
1772701995.326496,2026-03-05T09:13:15.326496,square,3,47.39819689241242,8.546497967341631,0.1700000017881393,-0.0390000008046627,0.0097354473546147,-0.0021337857469916,-9.700148582458496,-0.0006822676514275,0.0004327494243625,0.0003689281002152,100.0,16.200000762939453,47.3979711,8.5461644,attack,23.653
1772701995.445458,2026-03-05T09:13:15.445458,square,3,47.39819802801833,8.546499644993414,0.1720000058412552,-0.0370000004768371,-0.0006840093410573,0.0047158249653875,-9.698817253112791,-0.0004117400967516,-0.0013369703665375,-0.000414739944972,100.0,16.200000762939453,47.3979711,8.5461644,attack,23.772
1772701995.54731,2026-03-05T09:13:15.547310,square,3,47.39819900029424,8.546501081354757,0.1720000058412552,-0.0370000004768371,-0.0006840093410573,0.0047158249653875,-9.698817253112791,-0.0004117400967516,-0.0013369703665375,-0.000414739944972,100.0,16.200000762939453,47.3979711,8.5461644,attack,23.874
1772701995.650014,2026-03-05T09:13:15.650014,square,3,47.398199980699786,8.546502529726151,0.174000009894371,-0.0350000001490116,0.0004941578954458,0.0025908721145242,-9.70302677154541,0.0006235024193301,-1.81680079549551e-05,-0.0006878440617583,100.0,16.200000762939453,47.3979711,8.5461644,attack,23.977
1772701995.7514143,2026-03-05T09:13:15.751414,square,3,47.39820094866281,8.546503959715977,0.174000009894371,-0.0350000001490116,0.0004941578954458,0.0025908721145242,-9.70302677154541,0.0006235024193301,-1.81680079549551e-05,-0.0006878440617583,100.0,16.200000762939453,47.3979711,8.5461644,attack,24.078
1772701995.8531115,2026-03-05T09:13:15.853112,square,3,47.39820191945937,8.54650539389184,0.174000009894371,-0.0350000001490116,0.0004941578954458,0.0025908721145242,-9.70302677154541,0.0006235024193301,-1.81680079549551e-05,-0.0006878440617583,100.0,16.200000762939453,47.3979711,8.5461644,attack,24.18
1772701995.9543626,2026-03-05T09:13:15.954363,square,3,47.39820288599766,8.54650682177688,0.1760000139474868,-0.0340000018477439,-0.0001027344260364,0.0096597019582986,-9.70905590057373,0.0003750579198822,-0.0005737229948863,-0.0003440181608311,100.0,16.200000762939453,47.3979711,8.5461644,attack,24.281
1772701996.0551271,2026-03-05T09:13:16.055127,square,3,47.39820384789077,8.546508242799515,0.1760000139474868,-0.0340000018477439,-0.0001027344260364,0.0096597019582986,-9.70905590057373,0.0003750579198822,-0.0005737229948863,-0.0003440181608311,100.0,16.200000762939453,47.3979711,8.5461644,attack,24.382
1772701996.1560233,2026-03-05T09:13:16.156023,square,3,47.3982048110402,8.546509665678125,0.1760000139474868,-0.0340000018477439,-0.0001027344260364,0.0096597019582986,-9.70905590057373,0.0003750579198822,-0.0005737229948863,-0.0003440181608311,100.0,16.200000762939453,47.3979711,8.5461644,attack,24.483
1772701996.2604244,2026-03-05T09:13:16.260424,square,3,47.398205807648104,8.54651113798557,0.1800000071525573,-0.0290000010281801,-0.0002350681461393,0.0022120156791061,-9.694555282592772,0.000431861175457,3.105706491624005e-05,0.0008324304944835,100.0,16.200000762939453,47.3979711,8.5461644,attack,24.587
1772701996.3632152,2026-03-05T09:13:16.363215,square,3,47.398206788884366,8.546512687584194,0.1810000091791153,-0.0280000008642673,-0.0017287620576098,-0.0039963410235941,-9.70266342163086,-9.408170444658026e-05,-0.0010230077896267,0.0010523610981181,100.0,16.200000762939453,47.3979711,8.5461645,attack,24.69
1772701996.464993,2026-03-05T09:13:16.464993,square,3,47.39820776045019,8.546514122896506,0.1810000091791153,-0.0280000008642673,-0.0017287620576098,-0.0039963410235941,-9.70266342163086,-9.408170444658026e-05,-0.0010230077896267,0.0010523610981181,100.0,16.200000762939453,47.3979711,8.5461645,attack,24.792
1772701996.5693362,2026-03-05T09:13:16.569336,square,3,47.39820875650504,8.546515594386916,0.184000015258789,-0.0260000005364418,-0.0065138884820044,0.0053924587555229,-9.692721366882324,0.0005881662364117,-0.0007657019305042,0.0004801902978215,100.0,16.200000762939453,47.3979711,8.5461645,attack,24.896
1772701996.68624,2026-03-05T09:13:16.686240,square,3,47.39820987246283,8.546517243012163,0.184000015258789,-0.0260000005364418,-0.0065138884820044,0.0053924587555229,-9.692721366882324,0.0005881662364117,-0.0007657019305042,0.0004801902978215,100.0,16.200000762939453,47.3979711,8.5461645,attack,25.013
1772701996.8161285,2026-03-05T09:13:16.816128,square,3,47.39821111237243,8.546519074753736,0.184000015258789,-0.0260000005364418,-0.0065138884820044,0.0053924587555229,-9.692721366882324,0.0005881662364117,-0.0007657019305042,0.0004801902978215,100.0,16.200000762939453,47.3979711,8.5461645,attack,25.143
1772701996.9185207,2026-03-05T09:13:16.918521,square,3,47.39821208980333,8.546520518730633,0.1860000044107437,-0.0240000002086162,0.0011131295468658,-0.0056442287750542,-9.6951265335083,-8.028677257243544e-05,-0.0005974036175757,0.0012314685154706,100.0,16.200000762939453,47.3979711,8.5461645,attack,25.245
1772701997.0204358,2026-03-05T09:13:17.020436,square,3,47.39821306268009,8.546521955979616,0.1860000044107437,-0.0240000002086162,0.0011131295468658,-0.0056442287750542,-9.6951265335083,-8.028677257243544e-05,-0.0005974036175757,0.0012314685154706,100.0,16.200000762939453,47.3979711,8.5461645,attack,25.347
1772701997.122647,2026-03-05T09:13:17.122647,square,3,47.39821403838356,8.546523397404547,0.1860000044107437,-0.0240000002086162,0.0011131295468658,-0.0056442287750542,-9.6951265335083,-8.028677257243544e-05,-0.0005974036175757,0.0012314685154706,100.0,16.200000762939453,47.3979711,8.5461645,attack,25.449
1772701997.282415,2026-03-05T09:13:17.282415,square,3,47.39821556351979,8.54652565051675,0.1860000044107437,-0.0240000002086162,0.0011131295468658,-0.0056442287750542,-9.6951265335083,-8.028677257243544e-05,-0.0005974036175757,0.0012314685154706,100.0,16.200000762939453,47.3979711,8.5461645,attack,25.609
1772701997.38445,2026-03-05T09:13:17.384450,square,3,47.39821653754135,8.546527089456958,0.1860000044107437,-0.0240000002086162,0.0011131295468658,-0.0056442287750542,-9.6951265335083,-8.028677257243544e-05,-0.0005974036175757,0.0012314685154706,100.0,16.200000762939453,47.3979711,8.5461645,attack,25.711
1772701997.4881697,2026-03-05T09:13:17.488170,square,3,47.39821752764464,8.546528552155015,0.1880000084638595,-0.0220000017434358,-0.003172917291522,0.0023072217591106,-9.70380687713623,-0.0007320285658352,-0.0007398853776976,0.0002598970604594,100.0,16.200000762939453,47.3979711,8.5461645,attack,25.815
1772701997.5894248,2026-03-05T09:13:17.589425,square,3,47.398218494221624,8.546529980097215,0.1880000084638595,-0.0220000017434358,-0.003172917291522,0.0023072217591106,-9.70380687713623,-0.0007320285658352,-0.0007398853776976,0.0002598970604594,100.0,16.200000762939453,47.3979711,8.5461645,attack,25.916
1772701997.7068186,2026-03-05T09:13:17.706819,square,3,47.398219614856444,8.54653163563194,0.1880000084638595,-0.0220000017434358,-0.003172917291522,0.0023072217591106,-9.70380687713623,-0.0007320285658352,-0.0007398853776976,0.0002598970604594,100.0,16.200000762939453,47.3979711,8.5461645,attack,26.034
1772701997.8681347,2026-03-05T09:13:17.868135,square,3,47.398221154772585,8.54653391057877,0.1880000084638595,-0.0220000017434358,0.00791004486382,0.0054264883510768,-9.701836585998535,-0.0004143620899412,-0.000584220571909,-0.0007316769333556,100.0,16.200000762939453,47.3979711,8.5461645,attack,26.195
1772701997.982437,2026-03-05T09:13:17.982437,square,3,47.398222145895396,8.546535522514146,0.1900000125169754,-0.0190000012516975,0.00791004486382,0.0054264883510768,-9.701836585998535,-0.0004143620899412,-0.000584220571909,-0.0007316769333556,100.0,16.200000762939453,47.397971,8.5461645,attack,26.309
1772701998.0881643,2026-03-05T09:13:18.088164,square,3,47.39822315516432,8.546537013525935,0.1900000125169754,-0.0190000012516975,0.00791004486382,0.0054264883510768,-9.701836585998535,-0.0004143620899412,-0.000584220571909,-0.0007316769333556,100.0,16.200000762939453,47.397971,8.5461645,attack,26.415
1772701998.1896777,2026-03-05T09:13:18.189678,square,3,47.39822412420613,8.546538445109476,0.1900000125169754,-0.0190000012516975,0.00791004486382,0.0054264883510768,-9.701836585998535,-0.0004143620899412,-0.000584220571909,-0.0007316769333556,100.0,16.200000762939453,47.397971,8.5461645,attack,26.516
1772701998.3050077,2026-03-05T09:13:18.305008,square,3,47.398225225140486,8.54654007154033,0.1930000036954879,-0.0170000009238719,0.0073993941769003,0.0051190499216318,-9.698437690734863,0.0001377045700792,-0.0004065363609697,0.0005898379604332,100.0,16.200000762939453,47.397971,8.5461645,attack,26.632
1772701998.4109504,2026-03-05T09:13:18.410950,square,3,47.398226236464566,8.546541565588255,0.1930000036954879,-0.0170000009238719,0.0073993941769003,0.0051190499216318,-9.698437690734863,0.0001377045700792,-0.0004065363609697,0.0005898379604332,100.0,16.200000762939453,47.397971,8.5461645,attack,26.738
1772701998.5127351,2026-03-05T09:13:18.512735,square,3,47.398227208096394,8.546543000998069,0.1930000036954879,-0.0170000009238719,0.0073993941769003,0.0051190499216318,-9.698437690734863,0.0001377045700792,-0.0004065363609697,0.0005898379604332,100.0,16.200000762939453,47.397971,8.5461645,attack,26.839
1772701998.6141016,2026-03-05T09:13:18.614102,square,3,47.398228175736236,8.54654443051045,0.1960000097751617,-0.0140000004321336,0.0004172041080892,0.0047414349392056,-9.698582649230955,-0.000318020756822,0.0002273036952828,-3.912239480996504e-05,100.0,16.200000762939453,47.397971,8.5461645,attack,26.941
1772701998.7153237,2026-03-05T09:13:18.715324,square,3,47.398229141996865,8.54654585798529,0.1960000097751617,-0.0140000004321336,0.0004172041080892,0.0047414349392056,-9.698582649230955,-0.000318020756822,0.0002273036952828,-3.912239480996504e-05,100.0,16.200000762939453,47.397971,8.5461645,attack,27.042
1772701998.821925,2026-03-05T09:13:18.821925,square,3,47.39823015960707,8.546547361319822,0.1970000118017196,-0.0130000002682209,-0.0096750762313604,-0.0044481637887656,-9.68809413909912,0.0005646314239129,0.0002592724049463,0.0010894624283537,100.0,16.200000762939453,47.397971,8.5461645,attack,27.149
1772701998.9397244,2026-03-05T09:13:18.939724,square,3,47.39823128411553,8.54654902257714,0.1970000118017196,-0.0130000002682209,-0.0096750762313604,-0.0044481637887656,-9.68809413909912,0.0005646314239129,0.0002592724049463,0.0010894624283537,100.0,16.200000762939453,47.397971,8.5461645,attack,27.266
1772701999.0478466,2026-03-05T09:13:19.047847,square,3,47.398232316243906,8.546550547359637,0.1970000118017196,-0.0130000002682209,-0.0096750762313604,-0.0044481637887656,-9.68809413909912,0.0005646314239129,0.0002592724049463,0.0010894624283537,100.0,16.200000762939453,47.397971,8.5461645,attack,27.375
1772701999.1785834,2026-03-05T09:13:19.178583,square,3,47.39823356425127,8.546552391064187,0.1970000118017196,-0.0130000002682209,-0.0096750762313604,-0.0044481637887656,-9.68809413909912,0.0005646314239129,0.0002592724049463,0.0010894624283537,100.0,16.200000762939453,47.397971,8.5461645,attack,27.505
1772701999.2800713,2026-03-05T09:13:19.280071,square,3,47.39823453304957,8.546553822287967,0.1970000118017196,-0.0130000002682209,-0.0096750762313604,-0.0044481637887656,-9.68809413909912,0.0005646314239129,0.0002592724049463,0.0010894624283537,100.0,16.200000762939453,47.397971,8.5461645,attack,27.607
1772701999.3838294,2026-03-05T09:13:19.383829,square,3,47.39823552351928,8.546555285527347,0.1970000118017196,-0.0130000002682209,-0.0096750762313604,-0.0044481637887656,-9.68809413909912,0.0005646314239129,0.0002592724049463,0.0010894624283537,100.0,16.200000762939453,47.397971,8.5461645,attack,27.711
1772701999.4860127,2026-03-05T09:13:19.486013,square,3,47.398236498956464,8.546556726558888,0.1970000118017196,-0.0130000002682209,-0.0096750762313604,-0.0044481637887656,-9.68809413909912,0.0005646314239129,0.0002592724049463,0.0010894624283537,100.0,16.200000762939453,47.397971,8.5461645,attack,27.813
1772701999.5870297,2026-03-05T09:13:19.587030,square,3,47.39823746325979,8.546558151142172,0.1970000118017196,-0.0130000002682209,-0.0096750762313604,-0.0044481637887656,-9.68809413909912,0.0005646314239129,0.0002592724049463,0.0010894624283537,100.0,16.200000762939453,47.397971,8.5461645,attack,27.914
1772701999.6918416,2026-03-05T09:13:19.691842,square,3,47.39823846378913,8.546559629242816,0.2000000029802322,-0.0100000007078051,0.0049007553607225,-0.0012668354902416,-9.702773094177246,-0.0007793736876919,-0.0004087402485311,-0.0005403404356911,100.0,16.200000762939453,47.397971,8.5461645,attack,28.019
1772701999.7969532,2026-03-05T09:13:19.796953,square,3,47.39823946717931,8.546561111569842,0.2000000029802322,-0.0100000007078051,0.0049007553607225,-0.0012668354902416,-9.702773094177246,-0.0007793736876919,-0.0004087402485311,-0.0005403404356911,100.0,16.200000762939453,47.397971,8.5461645,attack,28.124
1772701999.8985438,2026-03-05T09:13:19.898544,square,3,47.39824043695853,8.546562544242763,0.2000000029802322,-0.0100000007078051,0.0049007553607225,-0.0012668354902416,-9.702773094177246,-0.0007793736876919,-0.0004087402485311,-0.0005403404356911,100.0,16.200000762939453,47.397971,8.5461645,attack,28.225
1772702000.0018811,2026-03-05T09:13:20.001881,square,3,47.39824142341122,8.546564001547726,0.2000000029802322,-0.0100000007078051,0.0049007553607225,-0.0012668354902416,-9.702773094177246,-0.0007793736876919,-0.0004087402485311,-0.0005403404356911,100.0,16.200000762939453,47.397971,8.5461645,attack,28.329
1772702000.102754,2026-03-05T09:13:20.102754,square,3,47.39824238633989,8.546565424100192,0.202000007033348,-0.0080000003799796,0.0089514339342713,0.0003941764007322,-9.70556640625,0.0004603709385264,0.0004912525764666,-0.0004822924674954,100.0,16.200000762939453,47.397971,8.5461645,attack,28.429
1772702000.2238672,2026-03-05T09:13:20.223867,square,3,47.39824354247925,8.546567132086434,0.203000009059906,-0.0070000002160668,0.0011885914718732,-5.606864579021931e-05,-9.69979190826416,0.0003830673522315,0.0007367675425484,-4.510197322815657e-05,100.0,16.200000762939453,47.397971,8.5461645,attack,28.551
1772702000.3264134,2026-03-05T09:13:20.326413,square,3,47.398244521380406,8.54656857823536,0.203000009059906,-0.0070000002160668,0.0011885914718732,-5.606864579021931e-05,-9.69979190826416,0.0003830673522315,0.0007367675425484,-4.510197322815657e-05,100.0,16.200000762939453,47.397971,8.5461645,attack,28.653
1772702000.429235,2026-03-05T09:13:20.429235,square,3,47.398245502910264,8.546570028267718,0.2040000110864639,-0.0050000003539025,0.003911911509931,-0.0019518078770488,-9.699219703674316,0.0008784452220425,0.0006051553064025,-0.0005284510552883,100.0,16.200000762939453,47.397971,8.5461645,attack,28.756
1772702000.5463717,2026-03-05T09:13:20.546372,square,3,47.39824662109163,8.546571780177905,0.2080000042915344,-0.0020000000949949,-0.0133486231788992,0.0015062047168612,-9.697232246398926,0.000380715704523,-0.000329121336108,-0.000756332068704,100.0,16.200000762939453,47.397971,8.5461646,attack,28.873
1772702000.6553493,2026-03-05T09:13:20.655349,square,3,47.39824766138605,8.54657331702425,0.2080000042915344,-0.0020000000949949,-0.0133486231788992,0.0015062047168612,-9.697232246398926,0.000380715704523,-0.000329121336108,-0.000756332068704,100.0,16.200000762939453,47.397971,8.5461646,attack,28.982
1772702000.7582376,2026-03-05T09:13:20.758238,square,3,47.39824864355317,8.546574767998045,0.2080000042915344,-0.0020000000949949,-0.0133486231788992,0.0015062047168612,-9.697232246398926,0.000380715704523,-0.000329121336108,-0.000756332068704,100.0,16.200000762939453,47.397971,8.5461646,attack,29.085
1772702000.8607335,2026-03-05T09:13:20.860734,square,3,47.3982496219741,8.546576213437532,0.2100000083446502,0.0,-0.0052811088971793,0.0022650824394077,-9.702143669128418,0.0003699139924719,0.0004625324218068,0.0003307528386358,100.0,16.200000762939453,47.397971,8.5461646,attack,29.187
1772702000.9640975,2026-03-05T09:13:20.964097,square,3,47.3982506086817,8.546577671119069,0.2100000083446502,0.0,-0.0052811088971793,0.0022650824394077,-9.702143669128418,0.0003699139924719,0.0004625324218068,0.0003307528386358,100.0,16.200000762939453,47.397971,8.5461646,attack,29.291
1772702001.0697958,2026-03-05T09:13:21.069796,square,3,47.398251617672955,8.54657916172066,0.2100000083446502,0.0,-0.0052811088971793,0.0022650824394077,-9.702143669128418,0.0003699139924719,0.0004625324218068,0.0003307528386358,100.0,16.200000762939453,47.397971,8.5461646,attack,29.397
1772702001.1755526,2026-03-05T09:13:21.175553,square,3,47.39825262722181,8.546580653146007,0.2120000123977661,0.0010000000474974,-1.222320133820176e-05,-0.0014791844878345,-9.697335243225098,0.0001754283148329,0.0004532407328952,-0.0002945931628346,100.0,16.200000762939453,47.397971,8.5461646,attack,29.502
1772702001.2771878,2026-03-05T09:13:21.277188,square,3,47.398253597426624,8.546582086447673,0.2120000123977661,0.0010000000474974,-1.222320133820176e-05,-0.0014791844878345,-9.697335243225098,0.0001754283148329,0.0004532407328952,-0.0002945931628346,100.0,16.200000762939453,47.397971,8.5461646,attack,29.604
1772702001.3785014,2026-03-05T09:13:21.378501,square,3,47.39825456456121,8.546583515213628,0.2120000123977661,0.0010000000474974,-1.222320133820176e-05,-0.0014791844878345,-9.697335243225098,0.0001754283148329,0.0004532407328952,-0.0002945931628346,100.0,16.200000762939453,47.397971,8.5461646,attack,29.705
1772702001.4804916,2026-03-05T09:13:21.480492,square,3,47.39825553815489,8.546584953521725,0.2140000164508819,0.0040000001899898,-0.0024599365424364,0.0040974556468427,-9.69189739227295,-0.0003218932542949,-0.000197765577468,0.000106963350845,100.0,16.200000762939453,47.397971,8.5461646,attack,29.807
1772702001.5831256,2026-03-05T09:13:21.583126,square,3,47.398256517893586,8.546586400907971,0.2140000164508819,0.0040000001899898,-0.0024599365424364,0.0040974556468427,-9.69189739227295,-0.0003218932542949,-0.000197765577468,0.000106963350845,100.0,16.200000762939453,47.397971,8.5461646,attack,29.91
1772702001.6851256,2026-03-05T09:13:21.685126,square,3,47.39825749158058,8.54658783935392,0.2140000164508819,0.0040000001899898,-0.0024599365424364,0.0040974556468427,-9.69189739227295,-0.0003218932542949,-0.000197765577468,0.000106963350845,100.0,16.200000762939453,47.397971,8.5461646,attack,30.012
1772702001.8151226,2026-03-05T09:13:21.815123,square,3,47.398258732525726,8.546589672625325,0.2150000035762787,0.0050000003539025,-0.0054932218044996,0.0002385641855653,-9.69173526763916,-0.0007228425820358,-0.0001135421334765,-0.0003663527022581,100.0,16.200000762939453,47.397971,8.5461646,attack,30.142
1772702001.9239898,2026-03-05T09:13:21.923990,square,3,47.39825977176639,8.546591207914938,0.2150000035762787,0.0050000003539025,-0.0054932218044996,0.0002385641855653,-9.69173526763916,-0.0007228425820358,-0.0001135421334765,-0.0003663527022581,100.0,16.200000762939453,47.397971,8.5461646,attack,30.251
1772702002.0338173,2026-03-05T09:13:22.033817,square,3,47.398260820174514,8.546592756747803,0.2170000076293945,0.006000000052154,0.000314054894261,0.0040397164411842,-9.705214500427246,-0.0009858760749921,0.0002990636858157,-8.402792445849627e-05,100.0,16.200000762939453,47.397971,8.5461646,attack,30.361
1772702002.136161,2026-03-05T09:13:22.136161,square,3,47.3982617971434,8.546594200042156,0.2170000076293945,0.006000000052154,0.000314054894261,0.0040397164411842,-9.705214500427246,-0.0009858760749921,0.0002990636858157,-8.402792445849627e-05,100.0,16.200000762939453,47.397971,8.5461646,attack,30.463
1772702002.2375758,2026-03-05T09:13:22.237576,square,3,47.39826276524298,8.546595630233716,0.2170000076293945,0.006000000052154,0.000314054894261,0.0040397164411842,-9.705214500427246,-0.0009858760749921,0.0002990636858157,-8.402792445849627e-05,100.0,16.200000762939453,47.397971,8.5461646,attack,30.564
1772702002.3497863,2026-03-05T09:13:22.349786,square,3,47.39826383639904,8.546597212672538,0.2170000076293945,0.006000000052154,0.000314054894261,0.0040397164411842,-9.705214500427246,-0.0009858760749921,0.0002990636858157,-8.402792445849627e-05,100.0,16.200000762939453,47.397971,8.5461646,attack,30.677
1772702002.4543886,2026-03-05T09:13:22.454389,square,3,47.398264834927836,8.546598687817742,0.2180000096559524,0.0080000003799796,0.0007105910917744,-0.0001821211189962,-9.701056480407717,-0.0007901326753199,7.809614180587232e-05,0.0003077309811487,100.0,16.200000762939453,47.397971,8.5461646,attack,30.781
1772702002.5588489,2026-03-05T09:13:22.558849,square,3,47.39826583210017,8.546600160959027,0.2180000096559524,0.0080000003799796,0.0007105910917744,-0.0001821211189962,-9.701056480407717,-0.0007901326753199,7.809614180587232e-05,0.0003077309811487,100.0,16.200000762939453,47.397971,8.5461646,attack,30.886
1772702002.661841,2026-03-05T09:13:22.661841,square,3,47.398266815257315,8.546601613395412,0.2180000096559524,0.0080000003799796,0.0007105910917744,-0.0001821211189962,-9.701056480407717,-0.0007901326753199,7.809614180587232e-05,0.0003077309811487,100.0,16.200000762939453,47.397971,8.5461646,attack,30.989
1772702002.7641523,2026-03-05T09:13:22.764152,square,3,47.39826779191667,8.546603056232495,0.2190000116825103,0.0080000003799796,-0.0034209345467388,-0.0029080233070999,-9.701889038085938,0.0005054387729614,-0.0003880140429828,-0.0007913109147921,100.0,16.200000762939453,47.397971,8.5461646,attack,31.091
1772702002.873937,2026-03-05T09:13:22.873937,square,3,47.398268839915126,8.54660460446015,0.2200000137090683,0.0100000007078051,-0.0059931436553597,0.0069590518251061,-9.707070350646973,-0.0009029641514644,-0.0005624100449495,0.0005918079987168,100.0,16.200000762939453,47.397971,8.5461646,attack,31.201
1772702002.992591,2026-03-05T09:13:22.992591,square,3,47.39826997258053,8.546606277767868,0.2200000137090683,0.0100000007078051,-0.0059931436553597,0.0069590518251061,-9.707070350646973,-0.0009029641514644,-0.0005624100449495,0.0005918079987168,100.0,16.200000762939453,47.397971,8.5461646,attack,31.319
1772702003.0944724,2026-03-05T09:13:23.094472,square,3,47.39827094513639,8.546607714542766,0.2200000137090683,0.0100000007078051,-0.0059931436553597,0.0069590518251061,-9.707070350646973,-0.0009029641514644,-0.0005624100449495,0.0005918079987168,100.0,16.200000762939453,47.397971,8.5461646,attack,31.421
1772702003.1991887,2026-03-05T09:13:23.199189,square,3,47.39827194475307,8.546609191295138,0.2200000137090683,0.0100000007078051,-0.0059931436553597,0.0069590518251061,-9.707070350646973,-0.0009029641514644,-0.0005624100449495,0.0005918079987168,100.0,16.200000762939453,47.397971,8.5461646,attack,31.526
1772702003.3024073,2026-03-05T09:13:23.302407,square,3,47.39827293007235,8.546610646925686,0.2200000137090683,0.0100000007078051,-0.0059931436553597,0.0069590518251061,-9.707070350646973,-0.0009029641514644,-0.0005624100449495,0.0005918079987168,100.0,16.200000762939453,47.397971,8.5461646,attack,31.629
1772702003.4051943,2026-03-05T09:13:23.405195,square,3,47.3982739112722,8.546612096470513,0.2220000177621841,0.0110000008717179,-0.0021501411683857,-0.000583178771194,-9.695643424987791,-0.0003750045434571,-0.0003660118672996,0.0004065911343786,100.0,16.200000762939453,47.397971,8.5461646,attack,31.732
1772702003.5139146,2026-03-05T09:13:23.513915,square,3,47.39827494911089,8.546613629688963,0.2220000177621841,0.0110000008717179,-0.0021501411683857,-0.000583178771194,-9.695643424987791,-0.0003750045434571,-0.0003660118672996,0.0004065911343786,100.0,16.200000762939453,47.397971,8.5461646,attack,31.841
1772702003.6273992,2026-03-05T09:13:23.627399,square,3,47.398276032429536,8.546615230095792,0.2220000177621841,0.0110000008717179,-0.0021501411683857,-0.000583178771194,-9.695643424987791,-0.0003750045434571,-0.0003660118672996,0.0004065911343786,100.0,16.200000762939453,47.397971,8.5461646,attack,31.954
1772702003.734805,2026-03-05T09:13:23.734805,square,3,47.39827705772101,8.54661674477801,0.2250000089406967,0.0140000004321336,0.0024417098611593,8.87360074557364e-05,-9.692999839782717,-0.0002974419039674,0.0005409139557741,-0.0004256562096998,100.0,16.200000762939453,47.397971,8.5461646,attack,32.062
1772702003.8371649,2026-03-05T09:13:23.837165,square,3,47.398278034842384,8.546618188297636,0.2250000089406967,0.0140000004321336,0.0024417098611593,8.87360074557364e-05,-9.692999839782717,-0.0002974419039674,0.0005409139557741,-0.0004256562096998,100.0,16.200000762939453,47.397971,8.5461646,attack,32.164
1772702003.9383285,2026-03-05T09:13:23.938329,square,3,47.39827900054541,8.54661961494872,0.2250000089406967,0.0140000004321336,-0.0007454763399437,-0.0018579452298581,-9.700989723205566,0.0005006752908229,-0.0001510742586106,7.931329309940338e-05,100.0,16.200000762939453,47.397971,8.5461646,attack,32.265
1772702004.0419884,2026-03-05T09:13:24.041988,square,3,47.39827999007744,8.546621076802841,0.2260000109672546,0.0150000005960464,-0.0007454763399437,-0.0018579452298581,-9.700989723205566,0.0005006752908229,-0.0001510742586106,7.931329309940338e-05,100.0,16.200000762939453,47.397971,8.5461646,attack,32.369
1772702004.1595242,2026-03-05T09:13:24.159524,square,3,47.39828111206872,8.546622734341481,0.2270000129938125,0.0160000007599592,0.0076073827221989,0.0096351681277155,-9.700167655944824,-0.0003816928656306,-0.0001685592869762,0.0011342597426846,100.0,16.200000762939453,47.397971,8.5461646,attack,32.486
1772702004.2728317,2026-03-05T09:13:24.272832,square,3,47.398282193696346,8.546624332250138,0.2270000129938125,0.0160000007599592,0.0076073827221989,0.0096351681277155,-9.700167655944824,-0.0003816928656306,-0.0001685592869762,0.0011342597426846,100.0,16.200000762939453,47.397971,8.5461646,attack,32.6
1772702004.376848,2026-03-05T09:13:24.376848,square,3,47.3982831866309,8.546625799130865,0.2270000129938125,0.0170000009238719,-0.0083387894555926,0.0110143013298511,-9.700799942016602,0.0002953403745777,0.0002286662202095,-0.0002533292572479,100.0,16.200000762939453,47.397971,8.5461646,attack,32.704
1772702004.4817564,2026-03-05T09:13:24.481756,square,3,47.39828418808199,8.546627278593231,0.2290000170469284,0.0180000010877847,-0.0032557290978729,0.0021287447307258,-9.698421478271484,-0.0001597559312358,0.0002665107022039,0.000477822322864,100.0,16.200000762939453,47.397971,8.5461646,attack,32.808
1772702004.5841513,2026-03-05T09:13:24.584151,square,3,47.39828516553792,8.546628722607112,0.2290000170469284,0.0180000010877847,-0.0032557290978729,0.0021287447307258,-9.698421478271484,-0.0001597559312358,0.0002665107022039,0.000477822322864,100.0,16.200000762939453,47.397971,8.5461646,attack,32.911
1772702004.687748,2026-03-05T09:13:24.687748,square,3,47.39828615446683,8.546630183570231,0.2300000041723251,0.0190000012516975,-0.0009767927695065,0.0102210603654384,-9.708696365356444,0.0003687483840622,0.0003385471645742,0.0006164243677631,100.0,16.200000762939453,47.397971,8.5461646,attack,33.014
1772702004.788743,2026-03-05T09:13:24.788743,square,3,47.39828711856077,8.546631607844184,0.2300000041723251,0.0190000012516975,-0.0009767927695065,0.0102210603654384,-9.708696365356444,0.0003687483840622,0.0003385471645742,0.0006164243677631,100.0,16.200000762939453,47.397971,8.5461646,attack,33.115
1772702004.891373,2026-03-05T09:13:24.891373,square,3,47.39828809826078,8.54663305517327,0.2300000041723251,0.0190000012516975,-0.0009767927695065,0.0102210603654384,-9.708696365356444,0.0003687483840622,0.0003385471645742,0.0006164243677631,100.0,16.200000762939453,47.397971,8.5461646,attack,33.218
1772702004.9965749,2026-03-05T09:13:24.996575,square,3,47.39828910251354,8.5466345387746,0.2300000041723251,0.0190000012516975,-0.0047922665253281,-0.0012494573602452,-9.69825553894043,0.0006935910205356,0.0006350198527798,0.0004591435135807,100.0,16.200000762939453,47.397971,8.5461646,attack,33.323
1772702005.1001372,2026-03-05T09:13:25.100137,square,3,47.39829009111472,8.546636099253552,0.231000006198883,0.0200000014156103,-0.0047922665253281,-0.0012494573602452,-9.69825553894043,0.0006935910205356,0.0006350198527798,0.0004591435135807,100.0,16.200000762939453,47.397971,8.5461647,attack,33.427
1772702005.2032094,2026-03-05T09:13:25.203209,square,3,47.398291075036575,8.546637552819663,0.231000006198883,0.0200000014156103,-0.0047922665253281,-0.0012494573602452,-9.69825553894043,0.0006935910205356,0.0006350198527798,0.0004591435135807,100.0,16.200000762939453,47.397971,8.5461647,attack,33.53
1772702005.3059635,2026-03-05T09:13:25.305964,square,3,47.39829205592234,8.546639001900495,0.2320000082254409,0.021000001579523,0.0023678797297179,-0.0060219974257051,-9.696420669555664,-0.0006863775197416,-0.0001807367661967,-0.0003129491233266,100.0,16.200000762939453,47.397971,8.5461647,attack,33.633
1772702005.4118953,2026-03-05T09:13:25.411895,square,3,47.39829306714173,8.546640495793753,0.2320000082254409,0.021000001579523,0.0023678797297179,-0.0060219974257051,-9.696420669555664,-0.0006863775197416,-0.0001807367661967,-0.0003129491233266,100.0,16.200000762939453,47.397971,8.5461647,attack,33.739
1772702005.5142288,2026-03-05T09:13:25.514229,square,3,47.39829394401275,8.546641938942622,0.2340000122785568,0.0230000019073486,0.0037958666216582,-0.001405348884873,-9.697410583496094,0.000734150991775,0.0002127823099726,-0.0005096828681416,100.0,16.200000762939453,47.3979709,8.5461647,attack,33.841
1772702005.618439,2026-03-05T09:13:25.618439,square,3,47.39829493879763,8.546643408556879,0.2340000122785568,0.0230000019073486,0.0037958666216582,-0.001405348884873,-9.697410583496094,0.000734150991775,0.0002127823099726,-0.0005096828681416,100.0,16.200000762939453,47.3979709,8.5461647,attack,33.945
1772702005.7248871,2026-03-05T09:13:25.724887,square,3,47.3982959549467,8.546644909732827,0.2340000122785568,0.0230000019073486,0.0049403687007725,0.0035616736859083,-9.7007474899292,0.0007215173682197,-0.0004691262147389,-0.0002449894091114,100.0,16.200000762939453,47.3979709,8.5461647,attack,34.052
1772702005.835767,2026-03-05T09:13:25.835767,square,3,47.39829701340078,8.546646473406778,0.2350000143051147,0.025000000372529,0.0049403687007725,0.0035616736859083,-9.7007474899292,0.0007215173682197,-0.0004691262147389,-0.0002449894091114,100.0,16.200000762939453,47.3979709,8.5461647,attack,34.162
1772702005.9372594,2026-03-05T09:13:25.937259,square,3,47.39829798224231,8.546647904694437,0.2350000143051147,0.025000000372529,0.0049403687007725,0.0035616736859083,-9.7007474899292,0.0007215173682197,-0.0004691262147389,-0.0002449894091114,100.0,16.200000762939453,47.3979709,8.5461647,attack,34.264
1772702006.0401638,2026-03-05T09:13:26.040164,square,3,47.39829896456192,8.546649355893502,0.2370000183582306,0.0270000007003545,0.0001289826468564,0.0042805266566574,-9.699570655822754,-0.0010372704127803,0.0003150309785269,0.0010560519294813,100.0,16.200000762939453,47.3979709,8.5461647,attack,34.367
1772702006.148078,2026-03-05T09:13:26.148078,square,3,47.39829999470568,8.54665087774409,0.2370000183582306,0.0270000007003545,0.0001289826468564,0.0042805266566574,-9.699570655822754,-0.0010372704127803,0.0003150309785269,0.0010560519294813,100.0,16.200000762939453,47.3979709,8.5461647,attack,34.475
1772702006.249926,2026-03-05T09:13:26.249926,square,3,47.398300966942905,8.546652314048268,0.2380000054836273,0.0270000007003545,0.0007824004278518,-0.0044933632016181,-9.68801212310791,0.0006563414353877,-0.000392947171349,0.0015546228969469,100.0,16.200000762939453,47.3979709,8.5461647,attack,34.577
1772702006.356227,2026-03-05T09:13:26.356227,square,3,47.398301981685435,8.546653813146328,0.2380000054836273,0.0270000007003545,0.0007824004278518,-0.0044933632016181,-9.68801212310791,0.0006563414353877,-0.000392947171349,0.0015546228969469,100.0,16.200000762939453,47.3979709,8.5461647,attack,34.683
1772702006.468125,2026-03-05T09:13:26.468125,square,3,47.398303049860026,8.546655391180565,0.2380000054836273,0.0270000007003545,0.0007824004278518,-0.0044933632016181,-9.68801212310791,0.0006563414353877,-0.000392947171349,0.0015546228969469,100.0,16.200000762939453,47.3979709,8.5461647,attack,34.795
1772702006.5784338,2026-03-05T09:13:26.578434,square,3,47.398304102860976,8.546656946798501,0.2400000095367431,0.0290000010281801,-0.0061517264693975,0.0120632918551564,-9.694629669189451,-0.0001757833524607,1.2169621186330914e-06,0.0002002438122872,100.0,16.200000762939453,47.3979709,8.5461647,attack,34.905
1772702006.6795485,2026-03-05T09:13:26.679548,square,3,47.398305068097436,8.546658372760314,0.2400000095367431,0.0290000010281801,-0.0061517264693975,0.0120632918551564,-9.694629669189451,-0.0001757833524607,1.2169621186330914e-06,0.0002002438122872,100.0,16.200000762939453,47.3979709,8.5461647,attack,35.006
1772702006.7814498,2026-03-05T09:13:26.781450,square,3,47.39830604084219,8.54665980981428,0.2400000095367431,0.0290000010281801,-0.0061517264693975,0.0120632918551564,-9.694629669189451,-0.0001757833524607,1.2169621186330914e-06,0.0002002438122872,100.0,16.200000762939453,47.3979709,8.5461647,attack,35.108
1772702006.885668,2026-03-05T09:13:26.885668,square,3,47.398307035704455,8.546661279542851,0.2400000095367431,0.0290000010281801,-0.0061517264693975,0.0120632918551564,-9.694629669189451,-0.0001757833524607,1.2169621186330914e-06,0.0002002438122872,100.0,16.200000762939453,47.3979709,8.5461647,attack,35.212
1772702006.9872005,2026-03-05T09:13:26.987200,square,3,47.398308004928346,8.546662711395374,0.2400000095367431,0.0290000010281801,-0.0061517264693975,0.0120632918551564,-9.694629669189451,-0.0001757833524607,1.2169621186330914e-06,0.0002002438122872,100.0,16.200000762939453,47.3979709,8.5461647,attack,35.314
1772702007.0910523,2026-03-05T09:13:27.091052,square,3,47.398308996292506,8.546664175956126,0.242000013589859,0.0310000013560056,-0.0009032630478031,0.0008066184818744,-9.70191478729248,-0.0005149632343091,0.0001954241161001,1.3005563232582062e-05,100.0,16.200000762939453,47.3979709,8.5461647,attack,35.418
1772702007.1955109,2026-03-05T09:13:27.195511,square,3,47.39830999344891,8.546665649073873,0.242000013589859,0.0310000013560056,-0.0009032630478031,0.0008066184818744,-9.70191478729248,-0.0005149632343091,0.0001954241161001,1.3005563232582062e-05,100.0,16.200000762939453,47.3979709,8.5461647,attack,35.522
1772702007.3048942,2026-03-05T09:13:27.304894,square,3,47.39831103761697,8.546667191642813,0.2440000176429748,0.032999999821186,0.0058304131962358,-0.0043916059657931,-9.696523666381836,-0.0009296800708398,-0.0014777631731703,-0.0007385932840406,100.0,16.200000762939453,47.3979709,8.5461647,attack,35.632
1772702007.4086883,2026-03-05T09:13:27.408688,square,3,47.398312028430354,8.546668655389894,0.2440000176429748,0.032999999821186,0.0058304131962358,-0.0043916059657931,-9.696523666381836,-0.0009296800708398,-0.0014777631731703,-0.0007385932840406,100.0,16.200000762939453,47.3979709,8.5461647,attack,35.735
1772702007.509834,2026-03-05T09:13:27.509834,square,3,47.39831299396268,8.546670081788804,0.2440000176429748,0.032999999821186,0.0058304131962358,-0.0043916059657931,-9.696523666381836,-0.0009296800708398,-0.0014777631731703,-0.0007385932840406,100.0,16.200000762939453,47.3979709,8.5461647,attack,35.837
1772702007.612081,2026-03-05T09:13:27.612081,square,3,47.39831397000754,8.54667152371807,0.2450000047683715,0.0340000018477439,-0.0015634796582162,0.0081874951720237,-9.700654983520508,0.0001778670120984,0.001099384156987,-1.7579241102794185e-05,100.0,16.200000762939453,47.3979709,8.5461647,attack,35.939
1772702007.7180753,2026-03-05T09:13:27.718075,square,3,47.39831498182322,8.546673018492243,0.2450000047683715,0.0340000018477439,-0.0015634796582162,0.0081874951720237,-9.700654983520508,0.0001778670120984,0.001099384156987,-1.7579241102794185e-05,100.0,16.200000762939453,47.3979709,8.5461647,attack,36.045
1772702007.8263063,2026-03-05T09:13:27.826306,square,3,47.3983160149917,8.546674544811298,0.2460000067949295,0.0360000021755695,0.0037071763072162,0.002053701551631,-9.69929313659668,0.0002600681327749,-8.908813470043242e-05,-0.0002523103321436,100.0,16.200000762939453,47.3979709,8.5461647,attack,36.153
1772702007.9285934,2026-03-05T09:13:27.928593,square,3,47.398316991418916,8.546675987305427,0.2460000067949295,0.0360000021755695,0.0037071763072162,0.002053701551631,-9.69929313659668,0.0002600681327749,-8.908813470043242e-05,-0.0002523103321436,100.0,16.200000762939453,47.3979709,8.5461647,attack,36.255
1772702008.0298169,2026-03-05T09:13:28.029817,square,3,47.3983179576932,8.546677414800438,0.2460000067949295,0.0360000021755695,0.0037071763072162,0.002053701551631,-9.69929313659668,0.0002600681327749,-8.908813470043242e-05,-0.0002523103321436,100.0,16.200000762939453,47.3979709,8.5461647,attack,36.357
1772702008.145234,2026-03-05T09:13:28.145234,square,3,47.39831905946055,8.546679042461882,0.2460000067949295,0.0360000021755695,0.0037071763072162,0.002053701551631,-9.69929313659668,0.0002600681327749,-8.908813470043242e-05,-0.0002523103321436,100.0,16.200000762939453,47.3979709,8.5461647,attack,36.472
1772702008.2462356,2026-03-05T09:13:28.246236,square,3,47.39832002361594,8.546680466826615,0.2460000067949295,0.0360000021755695,0.0037071763072162,0.002053701551631,-9.69929313659668,0.0002600681327749,-8.908813470043242e-05,-0.0002523103321436,100.0,16.200000762939453,47.3979709,8.5461647,attack,36.573
1772702008.3528657,2026-03-05T09:13:28.352865,square,3,47.39832104150153,8.54668197056798,0.2480000108480453,0.0370000004768371,0.0008483911515213,0.0070171738043427,-9.701465606689451,0.0005924650467932,-0.000969186774455,8.749372500460595e-05,100.0,16.200000762939453,47.3979709,8.5461647,attack,36.68
1772702008.4548538,2026-03-05T09:13:28.454854,square,3,47.398322015074726,8.546683408845814,0.2480000108480453,0.0370000004768371,0.0008483911515213,0.0070171738043427,-9.701465606689451,0.0005924650467932,-0.000969186774455,8.749372500460595e-05,100.0,16.200000762939453,47.3979709,8.5461647,attack,36.782
1772702008.5608747,2026-03-05T09:13:28.560875,square,3,47.39832302714532,8.546684903996562,0.2490000128746032,0.038000002503395,-0.003742711385712,0.0008083622087724,-9.704282760620115,-0.001211664173752,-0.0001963217073353,0.0007209512987174,100.0,16.200000762939453,47.3979709,8.5461647,attack,36.888
1772702008.662598,2026-03-05T09:13:28.662598,square,3,47.39832399818995,8.546686338538905,0.2490000128746032,0.038000002503395,-0.003742711385712,0.0008083622087724,-9.704282760620115,-0.001211664173752,-0.0001963217073353,0.0007209512987174,100.0,16.200000762939453,47.3979709,8.5461647,attack,36.989
1772702008.7696166,2026-03-05T09:13:28.769617,square,3,47.39832501978532,8.546687847760783,0.25,0.0390000008046627,0.002304064342752,-0.0020724565256386,-9.701892852783203,0.0004214323416817,-0.0003178412443958,0.000113495014375,100.0,16.200000762939453,47.3979709,8.5461647,attack,37.096
1772702008.871145,2026-03-05T09:13:28.871145,square,3,47.39832598897051,8.546689279556146,0.25,0.0390000008046627,0.002304064342752,-0.0020724565256386,-9.701892852783203,0.0004214323416817,-0.0003178412443958,0.000113495014375,100.0,16.200000762939453,47.3979709,8.5461647,attack,37.198
1772702008.9822805,2026-03-05T09:13:28.982280,square,3,47.3983270498644,8.546690846834458,0.25,0.0390000008046627,0.002304064342752,-0.0020724565256386,-9.701892852783203,0.0004214323416817,-0.0003178412443958,0.000113495014375,100.0,16.200000762939453,47.3979709,8.5461647,attack,37.309
1772702009.08924,2026-03-05T09:13:29.089240,square,3,47.39832807089533,8.54669235522249,0.2510000169277191,0.0410000011324882,6.976479198783636e-06,-0.0072105042636394,-9.6991605758667,0.0003934731648769,-0.0008649218943901,0.0007154547492973,100.0,16.200000762939453,47.3979709,8.5461647,attack,37.416
1772702009.1951728,2026-03-05T09:13:29.195173,square,3,47.39832908212382,8.546693849129197,0.2510000169277191,0.0410000011324882,6.976479198783636e-06,-0.0072105042636394,-9.6991605758667,0.0003934731648769,-0.0008649218943901,0.0007154547492973,100.0,16.200000762939453,47.3979709,8.5461647,attack,37.522
1772702009.3191,2026-03-05T09:13:29.319100,square,3,47.39833026512601,8.546695596800388,0.2520000040531158,0.0420000031590461,-0.0063005527481436,0.0014360109344124,-9.68979835510254,-0.0006768913590349,-0.0001982229441637,3.41101513186004e-05,100.0,16.200000762939453,47.3979709,8.5461647,attack,37.646
1772702009.4201784,2026-03-05T09:13:29.420178,square,3,47.39833123001653,8.546697022251136,0.2520000040531158,0.0420000031590461,-0.0063005527481436,0.0014360109344124,-9.68979835510254,-0.0006768913590349,-0.0001982229441637,3.41101513186004e-05,100.0,16.200000762939453,47.3979709,8.5461647,attack,37.747
1772702009.5212567,2026-03-05T09:13:29.521257,square,3,47.39833219490477,8.546698447698521,0.2530000209808349,0.0430000014603138,-0.0011188152711838,-0.0098521690815687,-9.69953727722168,-0.0003203403903171,-0.0006604112568311,0.0012213874142616,100.0,16.200000762939453,47.3979709,8.5461647,attack,37.848
1772702009.6229978,2026-03-05T09:13:29.622998,square,3,47.3983331661201,8.546699882493037,0.2530000209808349,0.0430000014603138,-0.0011188152711838,-0.0098521690815687,-9.69953727722168,-0.0003203403903171,-0.0006604112568311,0.0012213874142616,100.0,16.200000762939453,47.3979709,8.5461647,attack,37.95
1772702009.7309854,2026-03-05T09:13:29.730985,square,3,47.39833419696485,8.546701405379206,0.2530000209808349,0.0430000014603138,-0.0011188152711838,-0.0098521690815687,-9.69953727722168,-0.0003203403903171,-0.0006604112568311,0.0012213874142616,100.0,16.200000762939453,47.3979709,8.5461647,attack,38.058
1772702009.8329213,2026-03-05T09:13:29.832921,square,3,47.39833517003962,8.546702842920702,0.2530000209808349,0.0430000014603138,-0.0011188152711838,-0.0098521690815687,-9.69953727722168,-0.0003203403903171,-0.0006604112568311,0.0012213874142616,100.0,16.200000762939453,47.3979709,8.5461647,attack,38.16
1772702009.9374368,2026-03-05T09:13:29.937437,square,3,47.39833616773998,8.546704316842034,0.2550000250339508,0.0440000034868717,-0.0059605771675705,0.0086408164352178,-9.697748184204102,7.778718281770125e-05,-0.0005767010734416,0.0005049571045674,100.0,16.200000762939453,47.3979709,8.5461647,attack,38.264
1772702010.060946,2026-03-05T09:13:30.060946,square,3,47.398337346752456,8.546706058619154,0.2550000250339508,0.0440000034868717,-0.0059605771675705,0.0086408164352178,-9.697748184204102,7.778718281770125e-05,-0.0005767010734416,0.0005049571045674,100.0,16.200000762939453,47.3979709,8.5461647,attack,38.388
1772702010.1628563,2026-03-05T09:13:30.162856,square,3,47.3983383195837,8.546707495800886,0.2550000250339508,0.0450000017881393,0.0007304265745915,0.0011403916869312,-9.7000093460083,-0.0017058537341654,0.0001601859694346,0.0002887535374611,100.0,16.200000762939453,47.3979709,8.5461647,attack,38.49
1772702010.2672272,2026-03-05T09:13:30.267227,square,3,47.39833931590256,8.546708967681315,0.2560000121593475,0.0460000038146972,0.0018244492821395,-0.0065995319746434,-9.694841384887695,0.0006889409269206,0.0005823036772198,-0.0005370622966438,100.0,16.200000762939453,47.3979709,8.5461647,attack,38.594
1772702010.3740416,2026-03-05T09:13:30.374042,square,3,47.39834033554745,8.54671047402172,0.2569999992847442,0.0460000038146972,0.0030817401129752,0.0006638639024458,-9.699555397033691,0.0007168893353082,-0.0007222901913337,-0.000468912825454,100.0,16.200000762939453,47.3979709,8.5461647,attack,38.701
1772702010.4782493,2026-03-05T09:13:30.478249,square,3,47.39834133030958,8.546711943602354,0.2569999992847442,0.0460000038146972,0.0030817401129752,0.0006638639024458,-9.699555397033691,0.0007168893353082,-0.0007222901913337,-0.000468912825454,100.0,16.200000762939453,47.3979709,8.5461647,attack,38.805
1772702010.5864005,2026-03-05T09:13:30.586400,square,3,47.39834236271562,8.546713468795046,0.2590000033378601,0.0490000024437904,-0.001352185383439,0.0021439106203615,-9.70382595062256,-0.0007434134022332,-0.0003672201419249,0.0002754428714979,100.0,16.200000762939453,47.3979709,8.5461647,attack,38.913
1772702010.6927075,2026-03-05T09:13:30.692708,square,3,47.39834337751732,8.546714967980526,0.2590000033378601,0.0490000024437904,-0.0048995297402143,0.0038541525136679,-9.69943618774414,0.0004086402768734,-0.0007260090787895,0.0001284553291043,100.0,16.200000762939453,47.3979709,8.5461647,attack,39.019
1772702010.7973206,2026-03-05T09:13:30.797321,square,3,47.39834437614853,8.546716343277026,0.2590000033378601,0.0490000024437904,-0.0048995297402143,0.0038541525136679,-9.69943618774414,0.0004086402768734,-0.0007260090787895,0.0001284553291043,100.0,16.200000762939453,47.3979709,8.5461646,attack,39.124
1772702010.8990128,2026-03-05T09:13:30.899013,square,3,47.398345346897294,8.546717777382275,0.2590000033378601,0.0490000024437904,-0.0048995297402143,0.0038541525136679,-9.69943618774414,0.0004086402768734,-0.0007260090787895,0.0001284553291043,100.0,16.200000762939453,47.3979709,8.5461646,attack,39.226
1772702011.014023,2026-03-05T09:13:31.014023,square,3,47.39834644477963,8.546719399304312,0.2600000202655792,0.050000000745058,0.0099510485306382,0.0019087841501459,-9.69798755645752,0.0005485457368195,-0.0006819909322075,-0.0003532016125973,100.0,16.200000762939453,47.3979709,8.5461646,attack,39.341
1772702011.1168892,2026-03-05T09:13:31.116889,square,3,47.398347426735086,8.546720849965412,0.2610000073909759,0.0510000027716159,0.0024077829439193,-0.0074748443439602,-9.708534240722656,-0.0003697885549627,-0.0005592432571575,-0.0002937389945145,100.0,16.200000762939453,47.3979709,8.5461646,attack,39.444
1772702011.221932,2026-03-05T09:13:31.221932,square,3,47.398348429467525,8.546722331320737,0.262000024318695,0.0510000027716159,-0.0018067080527544,-0.0004813598061446,-9.705333709716797,-3.421702785999514e-05,-0.0007058475748635,-0.0009665534598752,100.0,16.200000762939453,47.3979709,8.5461646,attack,39.549
1772702011.3241785,2026-03-05T09:13:31.324178,square,3,47.398349305507836,8.546723773242219,0.2630000114440918,0.0520000010728836,0.0040688896551728,-0.0001540308876428,-9.69199562072754,0.0003520304744597,2.943980507552624e-05,0.0010836595902219,100.0,16.200000762939453,47.3979708,8.5461646,attack,39.651
1772702011.4282384,2026-03-05T09:13:31.428238,square,3,47.39835029885888,8.546725240738235,0.2630000114440918,0.0520000010728836,0.0040688896551728,-0.0001540308876428,-9.69199562072754,0.0003520304744597,2.943980507552624e-05,0.0010836595902219,100.0,16.200000762939453,47.3979708,8.5461646,attack,39.755
1772702011.529384,2026-03-05T09:13:31.529384,square,3,47.398351264388936,8.54672666713378,0.2630000114440918,0.0520000010728836,-0.0068056327290833,-0.0089640226215124,-9.697248458862305,9.831454008235596e-06,0.0002621209714561,0.0008715961012057,100.0,16.200000762939453,47.3979708,8.5461646,attack,39.856
1772702011.646112,2026-03-05T09:13:31.646112,square,3,47.39835237866936,8.546728313281019,0.2630000114440918,0.0520000010728836,-0.0068056327290833,-0.0089640226215124,-9.697248458862305,9.831454008235596e-06,0.0002621209714561,0.0008715961012057,100.0,16.200000762939453,47.3979708,8.5461646,attack,39.973
1772702011.7479613,2026-03-05T09:13:31.747961,square,3,47.39835335091796,8.546729749602004,0.2630000114440918,0.0520000010728836,0.0011707779485732,-0.0039674658328294,-9.694028854370115,-0.0004220328119117,-0.0008426463464275,0.0009666925179772,100.0,16.200000762939453,47.3979708,8.5461646,attack,40.075
1772702011.8542812,2026-03-05T09:13:31.854281,square,3,47.398354365842565,8.546731248969046,0.2630000114440918,0.0520000010728836,0.0011707779485732,-0.0039674658328294,-9.694028854370115,-0.0004220328119117,-0.0008426463464275,0.0009666925179772,100.0,16.200000762939453,47.3979708,8.5461646,attack,40.181
1772702011.95788,2026-03-05T09:13:31.957880,square,3,47.39835535479196,8.546732709962418,0.2630000114440918,0.0520000010728836,0.0011707779485732,-0.0039674658328294,-9.694028854370115,-0.0004220328119117,-0.0008426463464275,0.0009666925179772,100.0,16.200000762939453,47.3979708,8.5461646,attack,40.285
1772702012.0839689,2026-03-05T09:13:32.083969,square,3,47.39835655843003,8.546734488119373,0.2630000114440918,0.0520000010728836,0.0106020756065845,-0.0011361212236806,-9.699544906616213,-0.0005101806600578,-0.0003299848176538,4.257623731973581e-05,100.0,16.200000762939453,47.3979708,8.5461646,attack,40.411
1772702012.187858,2026-03-05T09:13:32.187858,square,3,47.39835755015151,8.546735953208001,0.2630000114440918,0.0520000010728836,-0.0061099119484424,0.0046057351864874,-9.697689056396484,0.0002658838930074,-0.001050769817084,3.539584213285707e-05,100.0,16.200000762939453,47.3979708,8.5461646,attack,40.515
1772702012.2910082,2026-03-05T09:13:32.291008,square,3,47.398358534817596,8.54673740787357,0.2630000114440918,0.0520000010728836,-0.0061099119484424,0.0046057351864874,-9.697689056396484,0.0002658838930074,-0.001050769817084,3.539584213285707e-05,100.0,16.200000762939453,47.3979708,8.5461646,attack,40.618
1772702012.392549,2026-03-05T09:13:32.392549,square,3,47.398359504121146,8.54673883984377,0.2639999985694885,0.0530000030994415,0.0026855876203626,-0.0033572004176676,-9.69826889038086,-0.000265869195573,2.7189598768018183e-05,0.0008943874272517,100.0,16.200000762939453,47.3979708,8.5461646,attack,40.719
1772702012.4973164,2026-03-05T09:13:32.497316,square,3,47.39836050422488,8.546740317315662,0.2639999985694885,0.0530000030994415,0.0044992328621447,-0.0011978726834058,-9.69870948791504,-0.0002250093093607,-0.0007189728203229,-0.0011304363142699,100.0,16.200000762939453,47.3979708,8.5461646,attack,40.824
1772702012.6009822,2026-03-05T09:13:32.600982,square,3,47.398361493813816,8.546741779253836,0.2639999985694885,0.0530000030994415,0.0044992328621447,-0.0011978726834058,-9.69870948791504,-0.0002250093093607,-0.0007189728203229,-0.0011304363142699,100.0,16.200000762939453,47.3979708,8.5461646,attack,40.928
1772702012.7024963,2026-03-05T09:13:32.702497,square,3,47.39836246286246,8.54674321084746,0.2639999985694885,0.0530000030994415,0.0044992328621447,-0.0011978726834058,-9.69870948791504,-0.0002250093093607,-0.0007189728203229,-0.0011304363142699,100.0,16.200000762939453,47.3979708,8.5461646,attack,41.029
1772702012.817387,2026-03-05T09:13:32.817387,square,3,47.39836355960455,8.546744831084993,0.2639999985694885,0.0530000030994415,0.0044992328621447,-0.0011978726834058,-9.69870948791504,-0.0002250093093607,-0.0007189728203229,-0.0011304363142699,100.0,16.200000762939453,47.3979708,8.5461646,attack,41.144
1772702012.9191291,2026-03-05T09:13:32.919129,square,3,47.398364530828985,8.546746265892954,0.2650000154972076,0.0540000014007091,0.002144225873053,-0.0060114166699349,-9.69785976409912,-0.0011837070342153,0.0002251242549391,0.0004393378912936,100.0,16.200000762939453,47.3979708,8.5461646,attack,41.246
1772702013.0221508,2026-03-05T09:13:33.022151,square,3,47.39836551426834,8.546747718746255,0.2650000154972076,0.0540000014007091,0.002144225873053,-0.0060114166699349,-9.69785976409912,-0.0011837070342153,0.0002251242549391,0.0004393378912936,100.0,16.200000762939453,47.3979708,8.5461646,attack,41.349
1772702013.125511,2026-03-05T09:13:33.125511,square,3,47.39836650093953,8.546749176373991,0.2660000026226043,0.055000003427267,-0.0028919628821313,0.0018311828607693,-9.697916984558104,5.675788270309568e-05,-0.0001952868478838,0.0003225998370908,100.0,16.200000762939453,47.3979708,8.5461646,attack,41.452
1772702013.2274816,2026-03-05T09:13:33.227482,square,3,47.398367474346585,8.546750614406376,0.2660000026226043,0.055000003427267,-0.0028919628821313,0.0018311828607693,-9.697916984558104,5.675788270309568e-05,-0.0001952868478838,0.0003225998370908,100.0,16.200000762939453,47.3979708,8.5461646,attack,41.554
1772702013.3341818,2026-03-05T09:13:33.334182,square,3,47.398368492901305,8.546752119136247,0.2660000026226043,0.055000003427267,-0.0028919628821313,0.0018311828607693,-9.697916984558104,5.675788270309568e-05,-0.0001952868478838,0.0003225998370908,100.0,16.200000762939453,47.3979708,8.5461646,attack,41.661
1772702013.4368663,2026-03-05T09:13:33.436867,square,3,47.39836947312249,8.546753567235289,0.2670000195503235,0.0560000017285347,-0.0028822219464927,0.0035697943530976,-9.696054458618164,0.000193434942048,-0.0012899120338261,0.0007755936239846,100.0,16.200000762939453,47.3979708,8.5461646,attack,41.764
1772702013.543492,2026-03-05T09:13:33.543492,square,3,47.398370490967125,8.54675507091613,0.2670000195503235,0.0570000037550926,-0.0100661348551511,0.0043268362060189,-9.708051681518556,-0.0001201895720441,5.483571294462308e-05,-0.0008756109746173,100.0,16.200000762939453,47.3979708,8.5461646,attack,41.87
1772702013.6478064,2026-03-05T09:13:33.647806,square,3,47.39837148674659,8.546756541999699,0.2670000195503235,0.0570000037550926,0.0063841240480542,0.0022502001374959,-9.69868278503418,-0.0003215828328393,0.0004820469766855,-0.0003200998180545,100.0,16.200000762939453,47.3979708,8.5461646,attack,41.975
1772702013.7495968,2026-03-05T09:13:33.749597,square,3,47.39837245843304,8.546757977490202,0.2680000066757202,0.0570000037550926,0.0063841240480542,0.0022502001374959,-9.69868278503418,-0.0003215828328393,0.0004820469766855,-0.0003200998180545,100.0,16.200000762939453,47.3979708,8.5461646,attack,42.076
1772702013.8526428,2026-03-05T09:13:33.852643,square,3,47.39837344210454,8.546759430686455,0.2680000066757202,0.0570000037550926,0.0063841240480542,0.0022502001374959,-9.69868278503418,-0.0003215828328393,0.0004820469766855,-0.0003200998180545,100.0,16.200000762939453,47.3979708,8.5461646,attack,42.179
1772702013.9583492,2026-03-05T09:13:33.958349,square,3,47.39837445117318,8.546760921402356,0.270000010728836,0.0590000040829181,-0.0095456494018435,-0.0003522693004924,-9.705303192138672,0.0003638110938481,-0.0002581033040769,0.0002312888682354,100.0,16.200000762939453,47.3979708,8.5461646,attack,42.285
1772702014.0612793,2026-03-05T09:13:34.061279,square,3,47.398375433738586,8.546762372964544,0.270000010728836,0.0600000023841857,0.0075956908985972,0.0052833729423582,-9.70847511291504,0.0004312528762966,-3.660886432044208e-05,0.000466963276267,100.0,16.200000762939453,47.3979708,8.5461646,attack,42.388
1772702014.16318,2026-03-05T09:13:34.163180,square,3,47.39837640647879,8.546763810011782,0.270000010728836,0.0600000023841857,-0.0034776306711137,-0.0053437519818544,-9.702165603637695,-7.420122710755095e-05,-0.0006523423944599,0.000921594328247,100.0,16.200000762939453,47.3979708,8.5461646,attack,42.49
1772702014.267359,2026-03-05T09:13:34.267359,square,3,47.39837740096553,8.546765279185575,0.2730000019073486,0.0620000027120113,-0.0053923963569104,-6.85143459122628e-05,-9.69761085510254,-0.0001503230596426,0.0009257443598471,0.000583293265663,100.0,16.200000762939453,47.3979708,8.5461646,attack,42.594
1772702014.3727736,2026-03-05T09:13:34.372774,square,3,47.398378407248416,8.54676676578605,0.2740000188350677,0.0630000010132789,0.0046849865466356,-0.0043129352852702,-9.692632675170898,-0.0011880625970661,-0.0005353431333787,0.0001508612185716,100.0,16.200000762939453,47.3979708,8.5461646,attack,42.699
1772702014.4872851,2026-03-05T09:13:34.487285,square,3,47.3983795003695,8.5467683806742,0.2740000188350677,0.0630000010132789,0.0046849865466356,-0.0043129352852702,-9.692632675170898,-0.0011880625970661,-0.0005353431333787,0.0001508612185716,100.0,16.200000762939453,47.3979708,8.5461646,attack,42.814
1772702014.5958192,2026-03-05T09:13:34.595819,square,3,47.398380536430686,8.546769911266706,0.2760000228881836,0.0650000050663948,-0.0025113164447247,0.0009709004079923,-9.698858261108398,0.0002227080112788,0.0005694788997061,0.0005434529739432,100.0,16.200000762939453,47.3979708,8.5461646,attack,42.923
1772702014.7050092,2026-03-05T09:13:34.705009,square,3,47.39838157875297,8.546771451108837,0.2760000228881836,0.0650000050663948,-0.0025113164447247,0.0009709004079923,-9.698858261108398,0.0002227080112788,0.0005694788997061,0.0005434529739432,100.0,16.200000762939453,47.3979708,8.5461646,attack,43.032
1772702014.8142226,2026-03-05T09:13:34.814223,square,3,47.39838262129828,8.546772991280468,0.2760000228881836,0.0650000050663948,-0.0025113164447247,0.0009709004079923,-9.698858261108398,0.0002227080112788,0.0005694788997061,0.0005434529739432,100.0,16.200000762939453,47.3979708,8.5461646,attack,43.141
1772702014.9182332,2026-03-05T09:13:34.918233,square,3,47.398383614178215,8.546774458080495,0.2760000228881836,0.0650000050663948,-0.0056537431664764,-0.0058085741475224,-9.69701862335205,1.6307076293742284e-05,0.0004748805076815,-7.650902989553288e-05,100.0,16.200000762939453,47.3979708,8.5461646,attack,43.245
1772702015.026416,2026-03-05T09:13:35.026416,square,3,47.39838464688695,8.546775983720368,0.2760000228881836,0.0650000050663948,-0.0056537431664764,-0.0058085741475224,-9.69701862335205,1.6307076293742284e-05,0.0004748805076815,-7.650902989553288e-05,100.0,16.200000762939453,47.3979708,8.5461646,attack,43.353
1772702015.1280885,2026-03-05T09:13:35.128088,square,3,47.39838561744681,8.546777417546544,0.2770000100135803,0.0659999996423721,-0.0011977173853665,0.0001011249260045,-9.707355499267578,-0.0002831863239407,-0.0006860896246507,-8.358263585250825e-05,100.0,16.200000762939453,47.3979708,8.5461646,attack,43.455
1772702015.2323833,2026-03-05T09:13:35.232383,square,3,47.398386613039655,8.546778888354403,0.2770000100135803,0.0659999996423721,-0.0011977173853665,0.0001011249260045,-9.707355499267578,-0.0002831863239407,-0.0006860896246507,-8.358263585250825e-05,100.0,16.200000762939453,47.3979708,8.5461646,attack,43.559
1772702015.3385017,2026-03-05T09:13:35.338501,square,3,47.3983876260411,8.54678038488032,0.2780000269412994,0.06700000166893,-0.0092036183923482,0.0033536755945533,-9.695718765258787,-0.0002505686134099,-0.0005224132328294,-0.0005125890020281,100.0,16.200000762939453,47.3979708,8.5461646,attack,43.665
1772702015.445652,2026-03-05T09:13:35.445652,square,3,47.39838864889278,8.546781895958171,0.2780000269412994,0.06700000166893,-0.0044371569529175,-0.0037175421603024,-9.70018196105957,-7.972130697453395e-05,-0.0004804646014235,-0.0004639643011614,100.0,16.200000762939453,47.3979708,8.5461646,attack,43.772
1772702015.5522935,2026-03-05T09:13:35.552294,square,3,47.39838966688762,8.546783399860923,0.2780000269412994,0.06700000166893,-0.0044371569529175,-0.0037175421603024,-9.70018196105957,-7.972130697453395e-05,-0.0004804646014235,-0.0004639643011614,100.0,16.200000762939453,47.3979708,8.5461646,attack,43.879
1772702015.6547425,2026-03-05T09:13:35.654742,square,3,47.39839064486019,8.546784744638035,0.2790000140666961,0.0690000057220459,0.005585285834968,-0.0022982330992817,-9.697336196899414,0.0001626528246561,-0.0012836820678785,0.0005515707889571,100.0,16.200000762939453,47.3979708,8.5461645,attack,43.981
1772702015.7668917,2026-03-05T09:13:35.766891,square,3,47.39839171543134,8.546786326212747,0.2790000140666961,0.0690000057220459,0.005585285834968,-0.0022982330992817,-9.697336196899414,0.0001626528246561,-0.0012836820678785,0.0005515707889571,100.0,16.200000762939453,47.3979708,8.5461645,attack,44.094
1772702015.9062347,2026-03-05T09:13:35.906235,square,3,47.398393045593025,8.546788291285399,0.2790000140666961,0.0690000057220459,0.005585285834968,-0.0022982330992817,-9.697336196899414,0.0001626528246561,-0.0012836820678785,0.0005515707889571,100.0,16.200000762939453,47.3979708,8.5461645,attack,44.233
1772702016.0109067,2026-03-05T09:13:36.010907,square,3,47.398394044786386,8.546789767412381,0.2800000011920929,0.0690000057220459,-0.0086171617731451,0.0053333593532443,-9.704631805419922,-0.0002609277144074,0.0006824444280937,0.0011504185386002,100.0,16.200000762939453,47.3979708,8.5461645,attack,44.338
1772702016.1156497,2026-03-05T09:13:36.115650,square,3,47.39839504465798,8.546791244541321,0.2800000011920929,0.0690000057220459,-0.0086171617731451,0.0053333593532443,-9.704631805419922,-0.0002609277144074,0.0006824444280937,0.0011504185386002,100.0,16.200000762939453,47.3979708,8.5461645,attack,44.442
1772702016.2298975,2026-03-05T09:13:36.229897,square,3,47.398396135261876,8.546792855710795,0.2800000011920929,0.0700000002980232,-0.0029220588039606,0.0012947968207299,-9.703057289123535,0.0002358500787522,-0.0002933155046775,0.0006101769395172,100.0,16.200000762939453,47.3979708,8.5461645,attack,44.557
1772702016.34553,2026-03-05T09:13:36.345530,square,3,47.398397239084396,8.54679448640837,0.2800000011920929,0.0700000002980232,-0.0027973321266472,0.008535623550415,-9.708949089050291,-0.001554072718136,-0.0008404871332459,-0.000346575747244,100.0,16.200000762939453,47.3979708,8.5461645,attack,44.672
1772702016.449357,2026-03-05T09:13:36.449357,square,3,47.39839823021185,8.546795950619444,0.2800000011920929,0.0700000002980232,-0.0027973321266472,0.008535623550415,-9.708949089050291,-0.001554072718136,-0.0008404871332459,-0.000346575747244,100.0,16.200000762939453,47.3979708,8.5461645,attack,44.776
1772702016.5681634,2026-03-05T09:13:36.568163,square,3,47.398399364331574,8.54679762607565,0.281000018119812,0.0700000002980232,0.0011987227480858,-0.0034019560553133,-9.707775115966797,-0.000632626528386,-0.00107045203913,-0.0001664898154558,100.0,16.200000762939453,47.3979708,8.5461645,attack,44.895
1772702016.6725092,2026-03-05T09:13:36.672509,square,3,47.398400360411465,8.546799097603037,0.281000018119812,0.0700000002980232,0.0011987227480858,-0.0034019560553133,-9.707775115966797,-0.000632626528386,-0.00107045203913,-0.0001664898154558,100.0,16.200000762939453,47.3979708,8.5461645,attack,44.999
1772702016.7777617,2026-03-05T09:13:36.777761,square,3,47.398401365146725,8.546800581917164,0.281000018119812,0.0710000023245811,-0.0084097683429718,0.0052577480673789,-9.700849533081056,-0.0005203014588914,-0.0011234083212912,-0.000398604403017,100.0,16.200000762939453,47.3979708,8.5461645,attack,45.104
1772702016.8795977,2026-03-05T09:13:36.879598,square,3,47.398402337267875,8.546802018049862,0.281000018119812,0.0710000023245811,-0.0084097683429718,0.0052577480673789,-9.700849533081056,-0.0005203014588914,-0.0011234083212912,-0.000398604403017,100.0,16.200000762939453,47.3979708,8.5461645,attack,45.206
1772702016.9822526,2026-03-05T09:13:36.982253,square,3,47.398403317206856,8.546803465731982,0.281000018119812,0.0710000023245811,-0.0084097683429718,0.0052577480673789,-9.700849533081056,-0.0005203014588914,-0.0011234083212912,-0.000398604403017,100.0,16.200000762939453,47.3979708,8.5461645,attack,45.309
1772702017.091332,2026-03-05T09:13:37.091332,square,3,47.3984043584731,8.546805004014015,0.281000018119812,0.0710000023245811,-0.0084097683429718,0.0052577480673789,-9.700849533081056,-0.0005203014588914,-0.0011234083212912,-0.000398604403017,100.0,16.200000762939453,47.3979708,8.5461645,attack,45.418
1772702017.2020037,2026-03-05T09:13:37.202003,square,3,47.39840541494029,8.546806564752696,0.281000018119812,0.0710000023245811,-0.0084097683429718,0.0052577480673789,-9.700849533081056,-0.0005203014588914,-0.0011234083212912,-0.000398604403017,100.0,16.200000762939453,47.3979708,8.5461645,attack,45.529
1772702017.3050852,2026-03-05T09:13:37.305085,square,3,47.39840639895092,8.546808018449928,0.2820000052452087,0.0710000023245811,-0.0035726546775549,0.0087794447317719,-9.689238548278809,0.0009514471748843,0.0006045621703378,-0.0011029433226212,100.0,16.200000762939453,47.3979708,8.5461645,attack,45.632
1772702017.4088738,2026-03-05T09:13:37.408874,square,3,47.398407389711956,8.546809482119675,0.2820000052452087,0.0710000023245811,0.0043296716175973,0.0070472951047122,-9.705314636230469,-1.8736653146333992e-05,-5.961110218777321e-05,-0.0002176408597733,100.0,16.200000762939453,47.3979708,8.5461645,attack,45.736
1772702017.5111043,2026-03-05T09:13:37.511104,square,3,47.39840836559977,8.546810923816942,0.2820000052452087,0.0710000023245811,0.0043296716175973,0.0070472951047122,-9.705314636230469,-1.8736653146333992e-05,-5.961110218777321e-05,-0.0002176408597733,100.0,16.200000762939453,47.3979708,8.5461645,attack,45.838
1772702017.6223724,2026-03-05T09:13:37.622372,square,3,47.39840942775908,8.546812492964676,0.2820000052452087,0.0710000023245811,-0.0038065123371779,0.0068204938434064,-9.7006196975708,8.407257701037452e-05,-0.0001517393975518,-0.000440436793724,100.0,16.200000762939453,47.3979708,8.5461645,attack,45.949
1772702017.723861,2026-03-05T09:13:37.723861,square,3,47.398410396564195,8.546813924198538,0.2820000052452087,0.0710000023245811,-0.0038065123371779,0.0068204938434064,-9.7006196975708,8.407257701037452e-05,-0.0001517393975518,-0.000440436793724,100.0,16.200000762939453,47.3979708,8.5461645,attack,46.051
1772702017.826393,2026-03-05T09:13:37.826393,square,3,47.39841137532879,8.546815370145723,0.2820000052452087,0.072000004351139,-0.0051881554536521,-0.0019103337544947,-9.704662322998049,-0.0006525652715936,0.0002815002517309,-0.000161360410857,100.0,16.200000762939453,47.3979708,8.5461645,attack,46.153
1772702017.928388,2026-03-05T09:13:37.928388,square,3,47.39841234897027,8.546816808524422,0.2820000052452087,0.072000004351139,-0.0051881554536521,-0.0019103337544947,-9.704662322998049,-0.0006525652715936,0.0002815002517309,-0.000161360410857,100.0,16.200000762939453,47.3979708,8.5461645,attack,46.255
1772702018.0710037,2026-03-05T09:13:38.071004,square,3,47.39841371037139,8.546818819747687,0.2820000052452087,0.072000004351139,0.0090333549305796,0.0004669304471462,-9.696999549865724,-0.000490328297019,9.028676140587776e-05,0.0001596056681592,100.0,16.200000762939453,47.3979708,8.5461645,attack,46.398
1772702018.1919072,2026-03-05T09:13:38.191907,square,3,47.398414864510215,8.546820524778482,0.2820000052452087,0.072000004351139,0.0090333549305796,0.0004669304471462,-9.696999549865724,-0.000490328297019,9.028676140587776e-05,0.0001596056681592,100.0,16.200000762939453,47.3979708,8.5461645,attack,46.519
1772702018.3020585,2026-03-05T09:13:38.302058,square,3,47.39841591600905,8.546822078177312,0.2820000052452087,0.072000004351139,0.001810644287616,-0.006355803925544,-9.695363998413086,0.0003191670111846,0.0002287446550326,-0.0006754322675988,100.0,16.200000762939453,47.3979708,8.5461645,attack,46.629
1772702018.403881,2026-03-05T09:13:38.403881,square,3,47.39841688800275,8.546823514121723,0.2820000052452087,0.0710000023245811,-0.0003606448881328,0.0055866171605885,-9.69618797302246,0.0003035435220226,3.047405698453076e-05,-0.0005111773498356,100.0,16.200000762939453,47.3979708,8.5461645,attack,46.731
1772702018.510131,2026-03-05T09:13:38.510131,square,3,47.39841790225823,8.546825012500253,0.2820000052452087,0.0710000023245811,-0.0003606448881328,0.0055866171605885,-9.69618797302246,0.0003035435220226,3.047405698453076e-05,-0.0005111773498356,100.0,16.200000762939453,47.3979708,8.5461645,attack,46.837
1772702018.6121309,2026-03-05T09:13:38.612131,square,3,47.398418875945225,8.546826450946199,0.2820000052452087,0.0710000023245811,-0.0003606448881328,0.0055866171605885,-9.69618797302246,0.0003035435220226,3.047405698453076e-05,-0.0005111773498356,100.0,16.200000762939453,47.3979708,8.5461645,attack,46.939
1772702018.7143447,2026-03-05T09:13:38.714345,square,3,47.39841985167373,8.546827892408105,0.2820000052452087,0.0710000023245811,0.0015606400556862,-0.0085562132298946,-9.697784423828123,0.0006234744796529,0.0001702801673673,0.0002988404303323,100.0,16.200000762939453,47.3979708,8.5461645,attack,47.041
1772702018.819002,2026-03-05T09:13:38.819002,square,3,47.398420850725984,8.546829368326627,0.2820000052452087,0.0710000023245811,0.0015606400556862,-0.0085562132298946,-9.697784423828123,0.0006234744796529,0.0001702801673673,0.0002988404303323,100.0,16.200000762939453,47.3979708,8.5461645,attack,47.146
1772702018.926758,2026-03-05T09:13:38.926758,square,3,47.39842187936081,8.546830887948023,0.2820000052452087,0.0710000023245811,0.0015606400556862,-0.0085562132298946,-9.697784423828123,0.0006234744796529,0.0001702801673673,0.0002988404303323,100.0,16.200000762939453,47.3979708,8.5461645,attack,47.253
1772702019.035347,2026-03-05T09:13:39.035347,square,3,47.39842291594546,8.546832419313853,0.281000018119812,0.0710000023245811,-0.0039646816439926,0.0013600285165011,-9.699585914611816,-0.000291144446237,0.0001499808568041,-0.0003255677002016,100.0,16.200000762939453,47.3979708,8.5461645,attack,47.362
1772702019.1437628,2026-03-05T09:13:39.143763,square,3,47.398423950877785,8.54683394823867,0.281000018119812,0.0710000023245811,-0.0032226543407887,0.0017150714993476,-9.697270393371582,0.0004865010560024,0.0002958802506327,0.0006442602025344,100.0,16.200000762939453,47.3979708,8.5461645,attack,47.47
1772702019.251002,2026-03-05T09:13:39.251002,square,3,47.39842497457839,8.54683546057065,0.281000018119812,0.0700000002980232,0.0003043303149752,-0.0028920846525579,-9.704620361328123,0.0006575406296178,-0.000381489720894,0.0010528330458328,100.0,16.200000762939453,47.3979708,8.5461645,attack,47.578
1772702019.3520284,2026-03-05T09:13:39.352028,square,3,47.398425938970476,8.546836885285055,0.281000018119812,0.0700000002980232,0.0003043303149752,-0.0028920846525579,-9.704620361328123,0.0006575406296178,-0.000381489720894,0.0010528330458328,100.0,16.200000762939453,47.3979708,8.5461645,attack,47.679
1772702019.4532964,2026-03-05T09:13:39.453296,square,3,47.39842700567035,8.54683831341009,0.281000018119812,0.0700000002980232,-0.0109389731660485,0.000518970133271,-9.700932502746582,6.213811866473407e-05,0.0010133458999916,-0.0021749476436525,100.0,16.200000762939453,47.3979709,8.5461645,attack,47.78
1772702019.55518,2026-03-05T09:13:39.555180,square,3,47.39842797824669,8.546839750215247,0.281000018119812,0.0700000002980232,-0.0109389731660485,0.000518970133271,-9.700932502746582,6.213811866473407e-05,0.0010133458999916,-0.0021749476436525,100.0,16.200000762939453,47.3979709,8.5461645,attack,47.882
1772702019.657127,2026-03-05T09:13:39.657127,square,3,47.39842895142615,8.546841187911406,0.2800000011920929,0.0690000057220459,0.0020177001133561,-0.0088786287233233,-9.703130722045898,0.0009193571167998,-0.0001347768702544,9.753057383932172e-06,100.0,16.200000762939453,47.3979709,8.5461645,attack,47.984
1772702019.770196,2026-03-05T09:13:39.770196,square,3,47.39843003077784,8.546842782457784,0.2800000011920929,0.0690000057220459,0.0020177001133561,-0.0088786287233233,-9.703130722045898,0.0009193571167998,-0.0001347768702544,9.753057383932172e-06,100.0,16.200000762939453,47.3979709,8.5461645,attack,48.097
1772702019.873066,2026-03-05T09:13:39.873066,square,3,47.39843101276971,8.54684423317268,0.2800000011920929,0.0690000057220459,0.0020177001133561,-0.0088786287233233,-9.703130722045898,0.0009193571167998,-0.0001347768702544,9.753057383932172e-06,100.0,16.200000762939453,47.3979709,8.5461645,attack,48.2
1772702019.975114,2026-03-05T09:13:39.975114,square,3,47.39843198691644,8.546845672297808,0.2800000011920929,0.0690000057220459,0.0020177001133561,-0.0088786287233233,-9.703130722045898,0.0009193571167998,-0.0001347768702544,9.753057383932172e-06,100.0,16.200000762939453,47.3979709,8.5461645,attack,48.302
1772702020.0912848,2026-03-05T09:13:40.091285,square,3,47.39843309587574,8.546847310584045,0.2800000011920929,0.0690000057220459,0.0042776144109666,-0.0049120234325528,-9.713174819946287,-0.0005303475772961,-0.0006464164471253,0.0006680986844003,100.0,16.200000762939453,47.3979709,8.5461645,attack,48.418
1772702020.2019737,2026-03-05T09:13:40.201974,square,3,47.398434152506795,8.546848871564814,0.2800000011920929,0.0690000057220459,0.0042776144109666,-0.0049120234325528,-9.713174819946287,-0.0005303475772961,-0.0006464164471253,0.0006680986844003,100.0,16.200000762939453,47.3979709,8.5461645,attack,48.529
1772702020.306099,2026-03-05T09:13:40.306099,square,3,47.39843514648145,8.546850339982097,0.2800000011920929,0.0690000057220459,0.0042776144109666,-0.0049120234325528,-9.713174819946287,-0.0005303475772961,-0.0006464164471253,0.0006680986844003,100.0,16.200000762939453,47.3979709,8.5461645,attack,48.633
1772702020.4091706,2026-03-05T09:13:40.409171,square,3,47.39843613039876,8.54685179354148,0.2790000140666961,0.0680000036954879,-0.0132555579766631,0.0047731488011777,-9.69741439819336,0.0012673081364482,-0.000675749965012,-0.0007501577492803,100.0,16.200000762939453,47.3979709,8.5461645,attack,48.736
1772702020.5110767,2026-03-05T09:13:40.511077,square,3,47.39843710318903,8.546853230662691,0.2790000140666961,0.0680000036954879,-0.0132555579766631,0.0047731488011777,-9.69741439819336,0.0012673081364482,-0.000675749965012,-0.0007501577492803,100.0,16.200000762939453,47.3979709,8.5461645,attack,48.838
1772702020.6193388,2026-03-05T09:13:40.619339,square,3,47.39843813665338,8.546854757418842,0.2780000269412994,0.0680000036954879,0.0043727164156734,0.0017897769575938,-9.696677207946776,-0.0001601844705874,-0.0003016949049197,-0.0004377079312689,100.0,16.200000762939453,47.3979709,8.5461645,attack,48.946
1772702020.7250814,2026-03-05T09:13:40.725081,square,3,47.39843914606796,8.546856248645812,0.2780000269412994,0.0680000036954879,0.0043727164156734,0.0017897769575938,-9.696677207946776,-0.0001601844705874,-0.0003016949049197,-0.0004377079312689,100.0,16.200000762939453,47.3979709,8.5461645,attack,49.052
1772702020.8294432,2026-03-05T09:13:40.829443,square,3,47.39844014230034,8.546857720398474,0.2780000269412994,0.0680000036954879,0.0043727164156734,0.0017897769575938,-9.696677207946776,-0.0001601844705874,-0.0003016949049197,-0.0004377079312689,100.0,16.200000762939453,47.3979709,8.5461645,attack,49.156
1772702020.9379206,2026-03-05T09:13:40.937921,square,3,47.398441177819855,8.546859250190762,0.2780000269412994,0.0680000036954879,0.0043727164156734,0.0017897769575938,-9.696677207946776,-0.0001601844705874,-0.0003016949049197,-0.0004377079312689,100.0,16.200000762939453,47.3979709,8.5461645,attack,49.265
1772702021.0399983,2026-03-05T09:13:41.039999,square,3,47.3984421522488,8.546860689732812,0.2780000269412994,0.06700000166893,0.0024347982835024,0.0080755967646837,-9.692405700683594,0.0010790788801386,-7.086111145326868e-05,-0.0001715368998702,100.0,16.200000762939453,47.3979709,8.5461645,attack,49.367
1772702021.1422918,2026-03-05T09:13:41.142292,square,3,47.39844312873746,8.546862132317722,0.2780000269412994,0.06700000166893,0.0024347982835024,0.0080755967646837,-9.692405700683594,0.0010790788801386,-7.086111145326868e-05,-0.0001715368998702,100.0,16.200000762939453,47.3979709,8.5461645,attack,49.469
1772702021.2486105,2026-03-05T09:13:41.248610,square,3,47.39844414365069,8.546863631667954,0.2780000269412994,0.06700000166893,0.0030471393838524,-0.0018881894648075,-9.700474739074709,-0.0004947477718815,0.0002757420006673,-0.000465843710117,100.0,16.200000762939453,47.3979709,8.5461645,attack,49.575
1772702021.3835716,2026-03-05T09:13:41.383572,square,3,47.39844543198302,8.546865534945322,0.2770000100135803,0.06700000166893,0.0030471393838524,-0.0018881894648075,-9.700474739074709,-0.0004947477718815,0.0002757420006673,-0.000465843710117,100.0,16.200000762939453,47.3979709,8.5461645,attack,49.71
1772702021.48851,2026-03-05T09:13:41.488510,square,3,47.398446433718604,8.54686701482797,0.2770000100135803,0.0659999996423721,-0.0039168512448668,-0.0042025437578558,-9.705581665039062,-0.0004408756794873,0.0012378708925098,-0.0003330724721308,100.0,16.200000762939453,47.3979709,8.5461645,attack,49.815
1772702021.5905328,2026-03-05T09:13:41.590533,square,3,47.39844740762408,8.546868453596698,0.2770000100135803,0.0659999996423721,-0.0039168512448668,-0.0042025437578558,-9.705581665039062,-0.0004408756794873,0.0012378708925098,-0.0003330724721308,100.0,16.200000762939453,47.3979709,8.5461645,attack,49.917
