timestamp_unix_s,timestamp_iso,scenario,run_id,lat_deg,lon_deg,abs_alt_m,rel_alt_m,vel_n_m_s,vel_e_m_s,vel_d_m_s,accel_x_mps2,accel_y_mps2,accel_z_mps2,gyro_x_rps,gyro_y_rps,gyro_z_rps,battery_remaining_pct,battery_voltage_v,true_lat_deg,true_lon_deg,label,attack_elapsed_s
1776223707.1415246,2026-04-15T03:28:27.141525,normal_circle,1,47.397972,8.5461635,0.1940000057220459,-0.1660000085830688,0.0,0.0,0.0099999997764825,-0.0719376653432846,-0.0387891680002212,-9.773301124572754,0.000802400521934,-0.0003626591933425,0.000647890206892,,,47.397972,8.5461635,normal,0.0
1776223707.246318,2026-04-15T03:28:27.246318,normal_circle,1,47.397972,8.5461635,0.1940000057220459,-0.1660000085830688,0.0,0.0,0.0099999997764825,-0.0719376653432846,-0.0387891680002212,-9.773301124572754,0.000802400521934,-0.0003626591933425,0.000647890206892,,,47.397972,8.5461635,normal,0.0
1776223707.349969,2026-04-15T03:28:27.349969,normal_circle,1,47.397972,8.5461635,0.1940000057220459,-0.1660000085830688,0.0,0.0,0.0099999997764825,-0.0719376653432846,-0.0387891680002212,-9.773301124572754,0.000802400521934,-0.0003626591933425,0.000647890206892,,,47.397972,8.5461635,normal,0.0
1776223707.4714694,2026-04-15T03:28:27.471469,normal_circle,1,47.397972,8.5461635,0.1940000057220459,-0.1660000085830688,0.0,0.0,0.0099999997764825,-0.0662208348512649,-0.0374247692525386,-9.793148040771484,0.0001069966965587,0.0006937350844964,-0.0008240229799412,,,47.397972,8.5461635,normal,0.0
1776223707.574258,2026-04-15T03:28:27.574258,normal_circle,1,47.397972,8.5461635,0.1940000057220459,-0.1660000085830688,0.0,0.0,0.0099999997764825,-0.0662208348512649,-0.0374247692525386,-9.793148040771484,0.0001069966965587,0.0006937350844964,-0.0008240229799412,,,47.397972,8.5461635,normal,0.0
1776223707.689139,2026-04-15T03:28:27.689139,normal_circle,1,47.397972,8.5461635,0.1930000036954879,-0.1670000106096267,0.0,0.0,0.0099999997764825,-0.0720709115266799,-0.0388949215412139,-9.784090995788574,0.0003201252256985,-0.0003011204535141,0.0002395078918198,,,47.397972,8.5461635,normal,0.0
1776223707.7921882,2026-04-15T03:28:27.792188,normal_circle,1,47.397972,8.5461635,0.1930000036954879,-0.1670000106096267,0.0,0.0,0.0099999997764825,-0.0720709115266799,-0.0388949215412139,-9.784090995788574,0.0003201252256985,-0.0003011204535141,0.0002395078918198,,,47.397972,8.5461635,normal,0.0
1776223707.8979397,2026-04-15T03:28:27.897940,normal_circle,1,47.397972,8.5461635,0.1930000036954879,-0.1670000106096267,0.0,0.0,0.0099999997764825,-0.0723981484770774,-0.0397793129086494,-9.775662422180176,-8.366214387933724e-06,2.817397762555629e-05,4.3355554225854576e-05,,,47.397972,8.5461635,normal,0.0
1776223707.9997754,2026-04-15T03:28:27.999775,normal_circle,1,47.397972,8.5461635,0.1930000036954879,-0.1670000106096267,0.0,0.0,0.0099999997764825,-0.0723981484770774,-0.0397793129086494,-9.775662422180176,-8.366214387933724e-06,2.817397762555629e-05,4.3355554225854576e-05,,,47.397972,8.5461635,normal,0.0
1776223708.105951,2026-04-15T03:28:28.105951,normal_circle,1,47.397972,8.5461635,0.19200000166893,-0.1680000126361847,0.0,0.0,0.0099999997764825,-0.0698672533035278,-0.0394739210605621,-9.777148246765137,-0.0009773982455953,0.0010421822080388,-0.0008349997224286,,,47.397972,8.5461635,normal,0.0
1776223708.2077858,2026-04-15T03:28:28.207786,normal_circle,1,47.397972,8.5461635,0.19200000166893,-0.1680000126361847,0.0,0.0,0.0099999997764825,-0.0713867396116256,-0.033749483525753,-9.78197193145752,0.0003033961984328,5.003988917451352e-06,-0.0006972858682274,,,47.397972,8.5461635,normal,0.0
1776223708.3109186,2026-04-15T03:28:28.310919,normal_circle,1,47.397972,8.5461635,0.1910000145435333,-0.1690000146627426,0.0,0.0,0.0099999997764825,-0.0761504769325256,-0.0282503087073564,-9.78870964050293,-0.0004085820692125,0.00053136452334,-0.0008720661280676,,,47.397972,8.5461635,normal,0.0
1776223708.4128904,2026-04-15T03:28:28.412890,normal_circle,1,47.397972,8.5461635,0.1910000145435333,-0.1690000146627426,0.0,0.0,0.0099999997764825,-0.0637678653001785,-0.0420129187405109,-9.776459693908691,0.000339109043125,-3.835277311736718e-06,-0.0001047650439431,,,47.397972,8.5461635,normal,0.0
1776223708.518136,2026-04-15T03:28:28.518136,normal_circle,1,47.397972,8.5461635,0.1910000145435333,-0.1690000146627426,0.0,0.0,0.0099999997764825,-0.0637678653001785,-0.0420129187405109,-9.776459693908691,0.000339109043125,-3.835277311736718e-06,-0.0001047650439431,,,47.397972,8.5461635,normal,0.0
1776223708.6223445,2026-04-15T03:28:28.622344,normal_circle,1,47.397972,8.5461635,0.1910000145435333,-0.1690000146627426,0.0,0.0,0.0099999997764825,-0.0637678653001785,-0.0420129187405109,-9.776459693908691,0.000339109043125,-3.835277311736718e-06,-0.0001047650439431,,,47.397972,8.5461635,normal,0.0
1776223708.7262385,2026-04-15T03:28:28.726238,normal_circle,1,47.397972,8.5461636,0.1900000125169754,-0.1700000017881393,0.0099999997764825,0.0,0.0099999997764825,-0.067872405052185,-0.0416281148791313,-9.776898384094238,0.0005161865265108,0.0004720615688711,-0.000461713905679,,,47.397972,8.5461636,normal,0.0
1776223708.833155,2026-04-15T03:28:28.833155,normal_circle,1,47.3979721,8.5461636,0.1900000125169754,-0.1710000038146972,0.0099999997764825,0.0,0.0099999997764825,-0.0671469569206237,-0.0299001857638359,-9.782238960266112,0.000119330601592,-0.0010033664293587,-0.0003648434649221,,,47.3979721,8.5461636,normal,0.0
1776223708.952917,2026-04-15T03:28:28.952917,normal_circle,1,47.3979721,8.5461636,0.1890000104904174,-0.1710000038146972,0.0099999997764825,0.0,0.0099999997764825,-0.0672231018543243,-0.0419644601643085,-9.784568786621094,-0.0001757634454406,-4.480615461943671e-05,-0.0016923962393775,,,47.3979721,8.5461636,normal,0.0
1776223709.055261,2026-04-15T03:28:29.055261,normal_circle,1,47.3979721,8.5461636,0.1890000104904174,-0.1710000038146972,0.0099999997764825,0.0,0.0099999997764825,-0.0672231018543243,-0.0419644601643085,-9.784568786621094,-0.0001757634454406,-4.480615461943671e-05,-0.0016923962393775,,,47.3979721,8.5461636,normal,0.0
1776223709.161014,2026-04-15T03:28:29.161014,normal_circle,1,47.3979721,8.5461636,0.1890000104904174,-0.1710000038146972,0.0099999997764825,0.0,0.0099999997764825,-0.0711625069379806,-0.0466903522610664,-9.776663780212402,0.0008595006656832,0.0001549465378047,0.000225547759328,,,47.3979721,8.5461636,normal,0.0
1776223709.2627895,2026-04-15T03:28:29.262790,normal_circle,1,47.3979721,8.5461636,0.1890000104904174,-0.1720000058412552,0.0099999997764825,0.0,0.0099999997764825,-0.0703152418136596,-0.0319115370512008,-9.787094116210938,-0.0001045000462909,-0.0003858142590615,0.0003308702725917,,,47.3979721,8.5461636,normal,0.0
1776223709.3690352,2026-04-15T03:28:29.369035,normal_circle,1,47.3979721,8.5461636,0.1880000084638595,-0.1720000058412552,0.0099999997764825,0.0,0.0099999997764825,-0.063331514596939,-0.0439141243696212,-9.778205871582031,-0.0010490159038454,0.0009851355571299,0.0001046452089212,,,47.3979721,8.5461636,normal,0.0
1776223709.4709728,2026-04-15T03:28:29.470973,normal_circle,1,47.3979721,8.5461636,0.1880000084638595,-0.1730000078678131,0.0099999997764825,0.0,0.0099999997764825,-0.0705398470163345,-0.0372741594910621,-9.7744722366333,-6.773714994778857e-05,-8.81486848811619e-05,-0.0005121629219502,,,47.3979721,8.5461636,normal,0.0
1776223709.5831375,2026-04-15T03:28:29.583138,normal_circle,1,47.3979721,8.5461636,0.1870000064373016,-0.1730000078678131,0.0099999997764825,0.0,0.0099999997764825,-0.0796971023082733,-0.0436984673142433,-9.7825288772583,-0.0013670803746208,-7.807820657035336e-05,-1.041931682266295e-06,,,47.3979721,8.5461636,normal,0.0
1776223709.6841404,2026-04-15T03:28:29.684140,normal_circle,1,47.3979721,8.5461636,0.1870000064373016,-0.1730000078678131,0.0099999997764825,0.0,0.0099999997764825,-0.0796971023082733,-0.0436984673142433,-9.7825288772583,-0.0013670803746208,-7.807820657035336e-05,-1.041931682266295e-06,,,47.3979721,8.5461636,normal,0.0
1776223709.799653,2026-04-15T03:28:29.799653,normal_circle,1,47.3979721,8.5461636,0.1870000064373016,-0.174000009894371,0.0099999997764825,0.0,0.0199999995529651,-0.0660590678453445,-0.0409563332796096,-9.78370475769043,-0.0004746380436699,0.0011571584036573,0.0002812824095599,,,47.3979721,8.5461636,normal,0.0
1776223709.9107697,2026-04-15T03:28:29.910770,normal_circle,1,47.3979721,8.5461636,0.1870000064373016,-0.174000009894371,0.0099999997764825,0.0,0.0199999995529651,-0.0732261836528778,-0.0355106964707374,-9.781347274780272,-0.0001567566068843,-0.0001741668238537,-0.0005572169320657,,,47.3979721,8.5461636,normal,0.0
1776223710.016107,2026-04-15T03:28:30.016107,normal_circle,1,47.3979721,8.5461636,0.1870000064373016,-0.174000009894371,0.0099999997764825,0.0,0.0199999995529651,-0.0732261836528778,-0.0355106964707374,-9.781347274780272,-0.0001567566068843,-0.0001741668238537,-0.0005572169320657,,,47.3979721,8.5461636,normal,0.0
1776223710.1183748,2026-04-15T03:28:30.118375,normal_circle,1,47.3979721,8.5461636,0.1870000064373016,-0.174000009894371,0.0099999997764825,0.0,0.0199999995529651,-0.0732261836528778,-0.0355106964707374,-9.781347274780272,-0.0001567566068843,-0.0001741668238537,-0.0005572169320657,,,47.3979721,8.5461636,normal,0.0
1776223710.2373605,2026-04-15T03:28:30.237360,normal_circle,1,47.3979721,8.5461636,0.1860000044107437,-0.174000009894371,0.0099999997764825,0.0,0.0199999995529651,-0.066332146525383,-0.0357591323554515,-9.785150527954102,-0.0004639379039872,-0.0001050210848916,-0.0004544566618278,,,47.3979721,8.5461636,normal,0.0
1776223710.3381295,2026-04-15T03:28:30.338130,normal_circle,1,47.3979721,8.5461636,0.1860000044107437,-0.174000009894371,0.0099999997764825,0.0,0.0199999995529651,-0.066332146525383,-0.0357591323554515,-9.785150527954102,-0.0004639379039872,-0.0001050210848916,-0.0004544566618278,,,47.3979721,8.5461636,normal,0.0
1776223710.439396,2026-04-15T03:28:30.439396,normal_circle,1,47.3979721,8.5461636,0.1860000044107437,-0.1750000119209289,0.0099999997764825,0.0,0.0199999995529651,-0.0620972625911235,-0.0414787642657756,-9.77869987487793,0.0002838322543539,-0.0006919591105543,0.0003254358598496,,,47.3979721,8.5461636,normal,0.0
1776223710.5416782,2026-04-15T03:28:30.541678,normal_circle,1,47.3979721,8.5461636,0.1850000023841858,-0.1750000119209289,0.0099999997764825,0.0,0.0199999995529651,-0.0697208195924758,-0.0457822531461715,-9.781261444091797,-0.000948469445575,0.0007275263778865,0.0001351139508187,,,47.3979721,8.5461636,normal,0.0
1776223710.6443377,2026-04-15T03:28:30.644338,normal_circle,1,47.3979721,8.5461636,0.1850000023841858,-0.1760000139474868,0.0099999997764825,0.0,0.0199999995529651,-0.0657045841217041,-0.0302115250378847,-9.784464836120604,0.0005818179924972,0.0003254477342125,0.0002481019182596,,,47.3979721,8.5461636,normal,0.0
1776223710.7490528,2026-04-15T03:28:30.749053,normal_circle,1,47.3979721,8.5461636,0.1850000023841858,-0.1760000139474868,0.0099999997764825,0.0,0.0199999995529651,-0.0688742846250534,-0.0389574691653251,-9.785544395446776,-0.0005491415504366,-1.688172051217407e-05,0.0004065316461492,,,47.3979721,8.5461636,normal,0.0
1776223710.857031,2026-04-15T03:28:30.857031,normal_circle,1,47.3979721,8.5461636,0.184000015258789,-0.1760000139474868,0.0099999997764825,0.0,0.0199999995529651,-0.0666716992855072,-0.0375570207834243,-9.78408432006836,-0.0006821540300734,-4.811639155377634e-05,-5.819040234200656e-05,,,47.3979721,8.5461636,normal,0.0
1776223710.965231,2026-04-15T03:28:30.965231,normal_circle,1,47.3979721,8.5461636,0.184000015258789,-0.1760000139474868,0.0099999997764825,0.0,0.0199999995529651,-0.0666716992855072,-0.0375570207834243,-9.78408432006836,-0.0006821540300734,-4.811639155377634e-05,-5.819040234200656e-05,,,47.3979721,8.5461636,normal,0.0
1776223711.0689614,2026-04-15T03:28:31.068961,normal_circle,1,47.3979721,8.5461636,0.184000015258789,-0.1760000139474868,0.0099999997764825,0.0,0.0199999995529651,-0.0688822418451309,-0.0426665917038917,-9.784255027770996,-0.0005635622073896,-0.0004916459438391,-0.0002269466349389,,,47.3979721,8.5461636,normal,0.0
1776223711.1715777,2026-04-15T03:28:31.171577,normal_circle,1,47.3979721,8.5461636,0.184000015258789,-0.1770000010728836,0.0099999997764825,0.0,0.0199999995529651,-0.0590458437800407,-0.0293742232024669,-9.775859832763672,0.000893413380254,-0.0006799475522711,0.0003015990077983,,,47.3979721,8.5461636,normal,0.0
1776223711.3029072,2026-04-15T03:28:31.302907,normal_circle,1,47.3979721,8.5461636,0.184000015258789,-0.1770000010728836,0.0099999997764825,0.0,0.0199999995529651,-0.0590458437800407,-0.0293742232024669,-9.775859832763672,0.000893413380254,-0.0006799475522711,0.0003015990077983,,,47.3979721,8.5461636,normal,0.0
1776223711.4390182,2026-04-15T03:28:31.439018,normal_circle,1,47.3979721,8.5461636,0.1830000132322311,-0.1770000010728836,0.0099999997764825,0.0,0.0199999995529651,-0.0714209377765655,-0.0400359965860843,-9.777581214904783,-0.0008979874546639,-0.0001801392645575,5.2634350140579045e-05,,,47.3979721,8.5461636,normal,0.0
1776223711.5448594,2026-04-15T03:28:31.544859,normal_circle,1,47.3979721,8.5461636,0.1830000132322311,-0.1770000010728836,0.0099999997764825,0.0,0.0199999995529651,-0.0714209377765655,-0.0400359965860843,-9.777581214904783,-0.0008979874546639,-0.0001801392645575,5.2634350140579045e-05,,,47.3979721,8.5461636,normal,0.0
1776223711.6491332,2026-04-15T03:28:31.649133,normal_circle,1,47.3979721,8.5461636,0.1830000132322311,-0.1770000010728836,0.0099999997764825,0.0,0.0199999995529651,-0.0714209377765655,-0.0400359965860843,-9.777581214904783,-0.0008979874546639,-0.0001801392645575,5.2634350140579045e-05,,,47.3979721,8.5461636,normal,0.0
1776223711.7552133,2026-04-15T03:28:31.755213,normal_circle,1,47.3979721,8.5461635,0.1830000132322311,-0.1770000010728836,0.0099999997764825,0.0,0.0199999995529651,-0.0601462461054325,-0.0370551869273185,-9.778472900390623,-0.0005971621139906,4.249617632012814e-05,-9.451980440644547e-05,,,47.3979721,8.5461635,normal,0.0
1776223711.859156,2026-04-15T03:28:31.859156,normal_circle,1,47.3979721,8.5461635,0.1830000132322311,-0.1780000030994415,0.0099999997764825,0.0,0.0199999995529651,-0.0670504420995712,-0.0404424145817756,-9.784549713134766,0.0005581885925494,-0.0005550848436541,0.0009032010566443,,,47.3979721,8.5461635,normal,0.0
1776223711.9681456,2026-04-15T03:28:31.968146,normal_circle,1,47.3979721,8.5461635,0.1830000132322311,-0.1780000030994415,0.0099999997764825,0.0,0.0199999995529651,-0.0670504420995712,-0.0404424145817756,-9.784549713134766,0.0005581885925494,-0.0005550848436541,0.0009032010566443,,,47.3979721,8.5461635,normal,0.0
1776223712.0770338,2026-04-15T03:28:32.077034,normal_circle,1,47.3979721,8.5461635,0.1820000112056732,-0.1780000030994415,0.0099999997764825,0.0,0.0199999995529651,-0.0653998106718063,-0.036792404949665,-9.78254222869873,0.0003531779511831,-0.0006089494563639,-2.9483489925041795e-06,,,47.3979721,8.5461635,normal,0.0
1776223712.1814487,2026-04-15T03:28:32.181449,normal_circle,1,47.3979721,8.5461635,0.1820000112056732,-0.1780000030994415,0.0099999997764825,0.0,0.0199999995529651,-0.0694016069173812,-0.0384104065597057,-9.78046989440918,-0.0002962346479762,0.0012874661479145,0.0003431663208175,,,47.3979721,8.5461635,normal,0.0
1776223712.3271854,2026-04-15T03:28:32.327185,normal_circle,1,47.3979721,8.5461635,0.1820000112056732,-0.1780000030994415,0.0099999997764825,0.0,0.0199999995529651,-0.0694016069173812,-0.0384104065597057,-9.78046989440918,-0.0002962346479762,0.0012874661479145,0.0003431663208175,,,47.3979721,8.5461635,normal,0.0
1776223712.4318502,2026-04-15T03:28:32.431850,normal_circle,1,47.3979721,8.5461635,0.1820000112056732,-0.1780000030994415,0.0099999997764825,0.0,0.0199999995529651,-0.0694016069173812,-0.0384104065597057,-9.78046989440918,-0.0002962346479762,0.0012874661479145,0.0003431663208175,,,47.3979721,8.5461635,normal,0.0
1776223712.5424397,2026-04-15T03:28:32.542439,normal_circle,1,47.3979721,8.5461635,0.1810000091791153,-0.1790000051259994,0.0099999997764825,0.0,0.0199999995529651,-0.0631635040044784,-0.0427043735980987,-9.788249969482422,-0.0010280509013682,-0.0009257716592401,-0.0010952483862638,,,47.3979721,8.5461635,normal,0.0
1776223712.6456692,2026-04-15T03:28:32.645669,normal_circle,1,47.3979721,8.5461635,0.1810000091791153,-0.1790000051259994,0.0099999997764825,0.0,0.0199999995529651,-0.0724972635507583,-0.0305821057409048,-9.776080131530762,0.0010449772235006,-0.0014949922915548,9.855852113105355e-05,,,47.3979721,8.5461635,normal,0.0
1776223712.7477503,2026-04-15T03:28:32.747750,normal_circle,1,47.3979721,8.5461635,0.1810000091791153,-0.1800000071525573,0.0099999997764825,0.0,0.0199999995529651,-0.0671578496694564,-0.0361657105386257,-9.773459434509276,0.0011726807570084,-0.0002112124639097,9.314496128354222e-05,,,47.3979721,8.5461635,normal,0.0
1776223712.8681507,2026-04-15T03:28:32.868151,normal_circle,1,47.3979721,8.5461635,0.1800000071525573,-0.1800000071525573,0.0099999997764825,0.0,0.0199999995529651,-0.0707051306962966,-0.0431082099676132,-9.779552459716797,-3.247496351832524e-06,-0.0011665502097457,0.0003498522855807,,,47.3979721,8.5461635,normal,0.0
1776223712.9731407,2026-04-15T03:28:32.973141,normal_circle,1,47.3979721,8.5461635,0.1800000071525573,-0.1800000071525573,0.0099999997764825,0.0,0.0199999995529651,-0.0707051306962966,-0.0431082099676132,-9.779552459716797,-3.247496351832524e-06,-0.0011665502097457,0.0003498522855807,,,47.3979721,8.5461635,normal,0.0
1776223713.0773652,2026-04-15T03:28:33.077365,normal_circle,1,47.3979721,8.5461635,0.1800000071525573,-0.1800000071525573,0.0099999997764825,0.0,0.0199999995529651,-0.0690872371196746,-0.0305376145988702,-9.778589248657228,-0.0004206843150313,-0.0002512954524718,-0.0001921856892295,,,47.3979721,8.5461635,normal,0.0
1776223713.1956968,2026-04-15T03:28:33.195697,normal_circle,1,47.3979721,8.5461635,0.1800000071525573,-0.1800000071525573,0.0099999997764825,0.0,0.0199999995529651,-0.0690872371196746,-0.0305376145988702,-9.778589248657228,-0.0004206843150313,-0.0002512954524718,-0.0001921856892295,,,47.3979721,8.5461635,normal,0.0
1776223713.3009262,2026-04-15T03:28:33.300926,normal_circle,1,47.3979721,8.5461635,0.1800000071525573,-0.1810000091791153,0.0099999997764825,0.0,0.0199999995529651,-0.0757699459791183,-0.0289846900850534,-9.791203498840332,4.4288965000305325e-05,-0.000119840260595,0.000116470240755,,,47.3979721,8.5461635,normal,0.0
1776223713.407838,2026-04-15T03:28:33.407838,normal_circle,1,47.3979721,8.5461635,0.1790000051259994,-0.1810000091791153,0.0099999997764825,0.0,0.0199999995529651,-0.0760703831911087,-0.0398426353931427,-9.776729583740234,0.0003579757176339,-2.9763474231003784e-05,-0.0008729745168238,,,47.3979721,8.5461635,normal,0.0
1776223713.5101566,2026-04-15T03:28:33.510157,normal_circle,1,47.3979721,8.5461635,0.1790000051259994,-0.1810000091791153,0.0099999997764825,0.0,0.0199999995529651,-0.0584720149636268,-0.0398547127842903,-9.777521133422852,-0.0018972733523696,-0.0006649849237874,-0.0004617672238964,,,47.3979721,8.5461635,normal,0.0
1776223713.6122088,2026-04-15T03:28:33.612209,normal_circle,1,47.3979721,8.5461635,0.1790000051259994,-0.1820000112056732,0.0099999997764825,0.0,0.0299999993294477,-0.0606655851006507,-0.0425945483148098,-9.77856731414795,0.0001361451577395,-0.0007410254911519,-0.0004463232762645,,,47.3979721,8.5461635,normal,0.0
1776223713.715449,2026-04-15T03:28:33.715449,normal_circle,1,47.3979721,8.5461635,0.1790000051259994,-0.1820000112056732,0.0099999997764825,0.0,0.0299999993294477,-0.0606655851006507,-0.0425945483148098,-9.77856731414795,0.0001361451577395,-0.0007410254911519,-0.0004463232762645,,,47.3979721,8.5461635,normal,0.0
1776223713.8176196,2026-04-15T03:28:33.817620,normal_circle,1,47.3979721,8.5461635,0.1780000030994415,-0.1820000112056732,0.0099999997764825,0.0,0.0299999993294477,-0.0719520449638366,-0.0424652434885501,-9.780720710754396,-0.0012908380012959,-0.0006931596435606,-0.0015279658837243,,,47.3979721,8.5461635,normal,0.0
1776223713.9218292,2026-04-15T03:28:33.921829,normal_circle,1,47.3979721,8.5461635,0.1780000030994415,-0.1820000112056732,0.0099999997764825,0.0,0.0299999993294477,-0.0701707154512405,-0.044107187539339,-9.782308578491213,0.0003908558574039,0.000106719249743,-0.0002447093138471,,,47.3979721,8.5461635,normal,0.0
1776223714.029298,2026-04-15T03:28:34.029298,normal_circle,1,47.3979721,8.5461635,0.1780000030994415,-0.1820000112056732,0.0099999997764825,0.0,0.0299999993294477,-0.0701707154512405,-0.044107187539339,-9.782308578491213,0.0003908558574039,0.000106719249743,-0.0002447093138471,100.0,16.200000762939453,47.3979721,8.5461635,normal,0.0
1776223714.141515,2026-04-15T03:28:34.141515,normal_circle,1,47.3979721,8.5461635,0.1780000030994415,-0.1820000112056732,0.0099999997764825,0.0,0.0299999993294477,-0.0684915632009506,-0.037356924265623,-9.781983375549316,0.0003835130191873,0.0003460564475972,-0.0008757172618061,100.0,16.200000762939453,47.3979721,8.5461635,normal,0.0
1776223714.2441473,2026-04-15T03:28:34.244147,normal_circle,1,47.3979721,8.5461635,0.1770000010728836,-0.1830000132322311,0.0099999997764825,0.0,0.0299999993294477,-0.0711661726236343,-0.0394168309867382,-9.777390480041504,-0.0007288795895874,9.09146765479818e-05,-0.0003831431095022,100.0,16.200000762939453,47.3979721,8.5461635,normal,0.0
1776223714.358873,2026-04-15T03:28:34.358873,normal_circle,1,47.3979721,8.5461635,0.1770000010728836,-0.1830000132322311,0.0099999997764825,0.0,0.0299999993294477,-0.0711661726236343,-0.0394168309867382,-9.777390480041504,-0.0007288795895874,9.09146765479818e-05,-0.0003831431095022,100.0,16.200000762939453,47.3979721,8.5461635,normal,0.0
1776223714.468734,2026-04-15T03:28:34.468734,normal_circle,1,47.3979721,8.5461635,0.1770000010728836,-0.1830000132322311,0.0099999997764825,0.0,0.0299999993294477,-0.0654296278953552,-0.0380137935280799,-9.780949592590332,-4.514891406870447e-05,1.9009647076018155e-05,-0.0001845633378252,100.0,16.200000762939453,47.3979721,8.5461635,normal,0.0
1776223714.5732691,2026-04-15T03:28:34.573269,normal_circle,1,47.3979721,8.5461635,0.1770000010728836,-0.1830000132322311,0.0099999997764825,0.0,0.0299999993294477,-0.0654296278953552,-0.0380137935280799,-9.780949592590332,-4.514891406870447e-05,1.9009647076018155e-05,-0.0001845633378252,100.0,16.200000762939453,47.3979721,8.5461635,normal,0.0
1776223714.6811192,2026-04-15T03:28:34.681119,normal_circle,1,47.3979721,8.5461635,0.1770000010728836,-0.1830000132322311,0.0099999997764825,0.0,0.0299999993294477,-0.0694976449012756,-0.0401728488504886,-9.788002967834473,0.0007680159760639,-0.0012935730628669,8.089780749287456e-05,100.0,16.200000762939453,47.3979721,8.5461635,normal,0.0
1776223714.7872703,2026-04-15T03:28:34.787270,normal_circle,1,47.3979721,8.5461635,0.1770000010728836,-0.1830000132322311,0.0099999997764825,0.0,0.0299999993294477,-0.0694976449012756,-0.0401728488504886,-9.788002967834473,0.0007680159760639,-0.0012935730628669,8.089780749287456e-05,100.0,16.200000762939453,47.3979721,8.5461635,normal,0.0
1776223714.8991458,2026-04-15T03:28:34.899146,normal_circle,1,47.3979721,8.5461635,0.1770000010728836,-0.184000015258789,0.0099999997764825,0.0,0.0299999993294477,-0.0718840062618255,-0.0366483703255653,-9.776274681091309,8.056393562583253e-05,-0.0002207896613981,0.0002657089207787,100.0,16.200000762939453,47.3979721,8.5461635,normal,0.0
1776223715.001806,2026-04-15T03:28:35.001806,normal_circle,1,47.3979721,8.5461635,0.1770000010728836,-0.184000015258789,0.0099999997764825,0.0,0.0299999993294477,-0.0698218345642089,-0.0398942865431308,-9.781194686889648,-3.5570748877944425e-05,3.92770380130969e-05,-0.0003408532356843,100.0,16.200000762939453,47.3979721,8.5461635,normal,0.0
1776223715.117309,2026-04-15T03:28:35.117309,normal_circle,1,47.3979721,8.5461635,0.1770000010728836,-0.184000015258789,0.0099999997764825,0.0,0.0299999993294477,-0.0698218345642089,-0.0398942865431308,-9.781194686889648,-3.5570748877944425e-05,3.92770380130969e-05,-0.0003408532356843,100.0,16.200000762939453,47.3979721,8.5461635,normal,0.0
1776223715.2207515,2026-04-15T03:28:35.220752,normal_circle,1,47.3979721,8.5461635,0.1770000010728836,-0.184000015258789,0.0099999997764825,0.0,0.0299999993294477,-0.0651126950979232,-0.0356482602655887,-9.770674705505373,0.0001024603188852,0.0003419542335905,0.000627520494163,100.0,16.200000762939453,47.3979721,8.5461635,normal,0.0
1776223715.3338232,2026-04-15T03:28:35.333823,normal_circle,1,47.3979721,8.5461635,0.1770000010728836,-0.184000015258789,0.0099999997764825,0.0,0.0299999993294477,-0.0704705864191055,-0.0366215817630291,-9.785308837890623,-0.0002610137453302,-0.0006427458138205,-0.0005968472687527,100.0,16.200000762939453,47.3979721,8.5461635,normal,0.0
1776223715.4386146,2026-04-15T03:28:35.438615,normal_circle,1,47.3979721,8.5461635,0.1770000010728836,-0.184000015258789,0.0099999997764825,0.0,0.0299999993294477,-0.0671945810317993,-0.0376721620559692,-9.780435562133787,4.421341145643965e-05,9.813960059545934e-05,-0.0007562163518741,100.0,16.200000762939453,47.3979721,8.5461635,normal,0.0
1776223715.5431352,2026-04-15T03:28:35.543135,normal_circle,1,47.3979721,8.5461635,0.1770000010728836,-0.184000015258789,0.0099999997764825,0.0,0.0299999993294477,-0.0636875107884407,-0.0448219999670982,-9.78098964691162,0.0003857474948745,0.0002717896713875,0.001206467510201,100.0,16.200000762939453,47.3979721,8.5461635,normal,0.0
1776223715.6451623,2026-04-15T03:28:35.645162,normal_circle,1,47.3979721,8.5461635,0.1760000139474868,-0.184000015258789,0.0099999997764825,0.0,0.0299999993294477,-0.0676671117544174,-0.0365960672497749,-9.793556213378906,-0.000453387532616,0.000123220946989,0.0006074415287002,100.0,16.200000762939453,47.3979721,8.5461635,normal,0.0
1776223715.765411,2026-04-15T03:28:35.765411,normal_circle,1,47.3979721,8.5461635,0.1760000139474868,-0.184000015258789,0.0099999997764825,0.0,0.0299999993294477,-0.0732576996088028,-0.0324221849441528,-9.77782154083252,-4.6007113269297406e-05,0.000311857991619,-0.0003655080508906,100.0,16.200000762939453,47.3979721,8.5461635,normal,0.0
1776223715.8711586,2026-04-15T03:28:35.871159,normal_circle,1,47.3979721,8.5461635,0.1760000139474868,-0.184000015258789,0.0099999997764825,0.0,0.0299999993294477,-0.0732576996088028,-0.0324221849441528,-9.77782154083252,-4.6007113269297406e-05,0.000311857991619,-0.0003655080508906,100.0,16.200000762939453,47.3979721,8.5461635,normal,0.0
1776223715.972025,2026-04-15T03:28:35.972025,normal_circle,1,47.3979721,8.5461635,0.1760000139474868,-0.184000015258789,0.0099999997764825,0.0,0.0299999993294477,-0.0664370879530906,-0.0348209030926227,-9.78167724609375,6.642244989052415e-05,-0.0008312462014146,-0.0009956802241504,100.0,16.200000762939453,47.3979721,8.5461635,normal,0.0
1776223716.0771704,2026-04-15T03:28:36.077170,normal_circle,1,47.3979721,8.5461635,0.1760000139474868,-0.184000015258789,0.0099999997764825,0.0,0.0299999993294477,-0.0664370879530906,-0.0348209030926227,-9.78167724609375,6.642244989052415e-05,-0.0008312462014146,-0.0009956802241504,100.0,16.200000762939453,47.3979721,8.5461635,normal,0.0
1776223716.1799638,2026-04-15T03:28:36.179964,normal_circle,1,47.3979721,8.5461635,0.1760000139474868,-0.184000015258789,0.0099999997764825,0.0,0.0299999993294477,-0.0697006955742836,-0.044676162302494,-9.780384063720703,-0.0009579831385053,-0.000200056558242,0.0003439839056227,100.0,16.200000762939453,47.3979721,8.5461635,normal,0.0
1776223716.2838268,2026-04-15T03:28:36.283827,normal_circle,1,47.3979721,8.5461635,0.1760000139474868,-0.184000015258789,0.0099999997764825,0.0,0.0299999993294477,-0.0622729770839214,-0.0386629328131675,-9.78312873840332,2.376625707256608e-05,0.0002442646364215,-0.0007351929089054,100.0,16.200000762939453,47.3979721,8.5461635,normal,0.0
1776223716.3906062,2026-04-15T03:28:36.390606,normal_circle,1,47.3979721,8.5461635,0.1760000139474868,-0.184000015258789,0.0099999997764825,0.0,0.0299999993294477,-0.065556488931179,-0.0418899469077587,-9.777021408081056,-0.0007919885101728,0.0011590445647016,0.0002241744950879,100.0,16.200000762939453,47.3979721,8.5461635,normal,0.0
1776223716.4928834,2026-04-15T03:28:36.492883,normal_circle,1,47.3979721,8.5461635,0.1760000139474868,-0.1850000023841858,0.0099999997764825,0.0,0.0299999993294477,-0.0589605085551738,-0.0410743430256843,-9.785189628601074,0.0003866703191306,0.000781369570177,-0.0005222084000706,100.0,16.200000762939453,47.3979721,8.5461635,normal,0.0
1776223716.6018856,2026-04-15T03:28:36.601886,normal_circle,1,47.3979721,8.5461635,0.1760000139474868,-0.1850000023841858,0.0099999997764825,0.0,0.0299999993294477,-0.0673287063837051,-0.0330607555806636,-9.782337188720703,-0.0004547522112261,0.0001415564329363,-0.000333226082148,100.0,16.200000762939453,47.3979721,8.5461635,normal,0.0
1776223716.7039258,2026-04-15T03:28:36.703926,normal_circle,1,47.3979721,8.5461635,0.1760000139474868,-0.1850000023841858,0.0099999997764825,0.0,0.0299999993294477,-0.0673287063837051,-0.0330607555806636,-9.782337188720703,-0.0004547522112261,0.0001415564329363,-0.000333226082148,100.0,16.200000762939453,47.3979721,8.5461635,normal,0.0
1776223716.806792,2026-04-15T03:28:36.806792,normal_circle,1,47.3979721,8.5461635,0.1760000139474868,-0.1850000023841858,0.0099999997764825,0.0,0.0299999993294477,-0.0673287063837051,-0.0330607555806636,-9.782337188720703,-0.0004547522112261,0.0001415564329363,-0.000333226082148,100.0,16.200000762939453,47.3979721,8.5461635,normal,0.0
1776223716.9148653,2026-04-15T03:28:36.914865,normal_circle,1,47.3979721,8.5461635,0.1760000139474868,-0.1850000023841858,0.0099999997764825,0.0,0.0299999993294477,-0.0689791738986969,-0.0366885289549827,-9.788253784179688,0.0009157842141576,-0.0001975745835807,-0.0006747426232323,100.0,16.200000762939453,47.3979721,8.5461635,normal,0.0
1776223717.0172305,2026-04-15T03:28:37.017231,normal_circle,1,47.3979721,8.5461635,0.1760000139474868,-0.1850000023841858,0.0099999997764825,0.0,0.0299999993294477,-0.0689791738986969,-0.0366885289549827,-9.788253784179688,0.0009157842141576,-0.0001975745835807,-0.0006747426232323,100.0,16.200000762939453,47.3979721,8.5461635,normal,0.0
1776223717.1237135,2026-04-15T03:28:37.123713,normal_circle,1,47.3979721,8.5461635,0.1760000139474868,-0.1850000023841858,0.0099999997764825,0.0,0.0299999993294477,-0.0689791738986969,-0.0366885289549827,-9.788253784179688,0.0009157842141576,-0.0001975745835807,-0.0006747426232323,100.0,16.200000762939453,47.3979721,8.5461635,normal,0.0
1776223717.2262876,2026-04-15T03:28:37.226288,normal_circle,1,47.397972909143924,8.54616469536344,0.1760000139474868,-0.1850000023841858,0.0099999997764825,0.0,0.0299999993294477,-0.0753997862339019,-0.0394880510866642,-9.782794952392578,0.0003687747521325,-0.0001602004049345,0.0006638240301981,100.0,16.200000762939453,47.3979721,8.5461635,attack,0.085
1776223717.3278303,2026-04-15T03:28:37.327830,normal_circle,1,47.397973878465685,8.546166127360575,0.1760000139474868,-0.1850000023841858,0.0099999997764825,0.0,0.0299999993294477,-0.074088878929615,-0.0428000539541244,-9.76943016052246,0.001298684044741,-0.0002139286079909,8.777290349826217e-05,100.0,16.200000762939453,47.3979721,8.5461635,attack,0.186
1776223717.4320543,2026-04-15T03:28:37.432055,normal_circle,1,47.39797487338257,8.546167597169875,0.1760000139474868,-0.1850000023841858,0.0099999997764825,0.0,0.0299999993294477,-0.0760232508182525,-0.0401286147534847,-9.784221649169922,-0.0005541531718336,0.0004743155441246,0.0013180205132812,100.0,16.200000762939453,47.3979721,8.5461635,attack,0.291
1776223717.535978,2026-04-15T03:28:37.535978,normal_circle,1,47.39797586543406,8.546169062746069,0.1760000139474868,-0.1850000023841858,0.0099999997764825,0.0,0.0299999993294477,-0.0760232508182525,-0.0401286147534847,-9.784221649169922,-0.0005541531718336,0.0004743155441246,0.0013180205132812,100.0,16.200000762939453,47.3979721,8.5461635,attack,0.394
1776223717.6372235,2026-04-15T03:28:37.637224,normal_circle,1,47.39797683191773,8.546170490550441,0.1750000119209289,-0.1850000023841858,0.0099999997764825,0.0,0.0299999993294477,-0.0788255780935287,-0.0358937531709671,-9.773828506469728,-0.0003830364439636,-0.0004049025301355,1.2170319678261876e-05,100.0,16.200000762939453,47.3979721,8.5461635,attack,0.496
1776223717.7428162,2026-04-15T03:28:37.742816,normal_circle,1,47.39797783990074,8.546171879662573,0.1750000119209289,-0.1850000023841858,0.0099999997764825,0.0,0.0299999993294477,-0.0636100247502327,-0.0370492823421955,-9.775006294250488,0.0003019122523255,0.0006220716168172,-0.0006448155036196,100.0,16.200000762939453,47.3979721,8.5461634,attack,0.601
1776223717.8449748,2026-04-15T03:28:37.844975,normal_circle,1,47.39797881510123,8.546173320344467,0.1750000119209289,-0.1850000023841858,0.0099999997764825,0.0,0.0299999993294477,-0.0774448961019516,-0.0401163659989833,-9.783620834350586,-0.001556824077852,0.0008886777795851,-0.0007570578018203,100.0,16.200000762939453,47.3979721,8.5461634,attack,0.703
1776223717.9480624,2026-04-15T03:28:37.948062,normal_circle,1,47.397979799171026,8.546174774129156,0.1750000119209289,-0.1850000023841858,0.0099999997764825,0.0,0.0299999993294477,-0.0774448961019516,-0.0401163659989833,-9.783620834350586,-0.001556824077852,0.0008886777795851,-0.0007570578018203,100.0,16.200000762939453,47.3979721,8.5461634,attack,0.807
1776223718.0502863,2026-04-15T03:28:38.050286,normal_circle,1,47.39798077499512,8.546176215732315,0.1750000119209289,-0.1850000023841858,0.0099999997764825,0.0,0.0299999993294477,-0.0745002031326294,-0.0392349883913993,-9.775835037231444,-0.0001165819994639,0.0010111071169376,-0.0002515392843633,100.0,16.200000762939453,47.3979721,8.5461634,attack,0.909
1776223718.1532035,2026-04-15T03:28:38.153204,normal_circle,1,47.39798175743762,8.546177667112975,0.1750000119209289,-0.1850000023841858,0.0099999997764825,0.0,0.0299999993294477,-0.0745002031326294,-0.0392349883913993,-9.775835037231444,-0.0001165819994639,0.0010111071169376,-0.0002515392843633,100.0,16.200000762939453,47.3979721,8.5461634,attack,1.012
1776223718.2606058,2026-04-15T03:28:38.260606,normal_circle,1,47.39798278269496,8.546179181744789,0.1750000119209289,-0.1860000044107437,0.0099999997764825,0.0,0.0299999993294477,-0.0697259232401847,-0.0418134741485118,-9.787471771240234,-0.000477964815218,0.0006018661661073,-3.616878530010581e-07,100.0,16.200000762939453,47.3979721,8.5461634,attack,1.119
1776223718.3633282,2026-04-15T03:28:38.363328,normal_circle,1,47.39798376327803,8.546180630378469,0.1750000119209289,-0.1860000044107437,0.0099999997764825,0.0,0.0299999993294477,-0.0632136240601539,-0.0366985127329826,-9.789447784423828,0.0002935332013294,-0.0004675609816331,-6.849590135971084e-05,100.0,16.200000762939453,47.3979721,8.5461634,attack,1.222
1776223718.4645393,2026-04-15T03:28:38.464539,normal_circle,1,47.397984729433965,8.546182057698674,0.1750000119209289,-0.1860000044107437,0.0099999997764825,0.0,0.0299999993294477,-0.0632136240601539,-0.0366985127329826,-9.789447784423828,0.0002935332013294,-0.0004675609816331,-6.849590135971084e-05,100.0,16.200000762939453,47.3979721,8.5461634,attack,1.323
1776223718.5676754,2026-04-15T03:28:38.567675,normal_circle,1,47.397985713965774,8.546183512165905,0.174000009894371,-0.1860000044107437,0.0099999997764825,0.0,0.0299999993294477,-0.0601292699575424,-0.0353599973022937,-9.773311614990234,0.0001687939366092,0.0005441738758236,-0.0008627864299342,100.0,16.200000762939453,47.3979721,8.5461634,attack,1.426
1776223718.6719737,2026-04-15T03:28:38.671973,normal_circle,1,47.39798670959275,8.546184983024236,0.174000009894371,-0.1860000044107437,0.0099999997764825,0.0,0.0299999993294477,-0.0601292699575424,-0.0353599973022937,-9.773311614990234,0.0001687939366092,0.0005441738758236,-0.0008627864299342,100.0,16.200000762939453,47.3979721,8.5461634,attack,1.53
1776223718.7974107,2026-04-15T03:28:38.797411,normal_circle,1,47.39798790700842,8.546186751988769,0.174000009894371,-0.1860000044107437,0.0099999997764825,0.0,0.0299999993294477,-0.0796350687742233,-0.0417414456605911,-9.777140617370604,-6.0928246966796e-05,-0.0001352561812382,-0.0007798967417329,100.0,16.200000762939453,47.3979721,8.5461634,attack,1.656
1776223718.9005425,2026-04-15T03:28:38.900542,normal_circle,1,47.39798889149926,8.546188206395477,0.174000009894371,-0.1860000044107437,0.0099999997764825,0.0,0.0299999993294477,-0.0796350687742233,-0.0417414456605911,-9.777140617370604,-6.0928246966796e-05,-0.0001352561812382,-0.0007798967417329,100.0,16.200000762939453,47.3979721,8.5461634,attack,1.759
1776223719.0079172,2026-04-15T03:28:39.007917,normal_circle,1,47.39798991649259,8.546189720637269,0.174000009894371,-0.1860000044107437,0.0099999997764825,0.0,0.0299999993294477,-0.0662422180175781,-0.0413333475589752,-9.777939796447754,-0.0005426848656497,-0.0004943615058436,0.0001374633284285,100.0,16.200000762939453,47.3979721,8.5461634,attack,1.866
1776223719.115791,2026-04-15T03:28:39.115791,normal_circle,1,47.397990946251724,8.546191241919667,0.174000009894371,-0.1860000044107437,0.0099999997764825,0.0,0.0299999993294477,-0.0662422180175781,-0.0413333475589752,-9.777939796447754,-0.0005426848656497,-0.0004943615058436,0.0001374633284285,100.0,16.200000762939453,47.3979721,8.5461634,attack,1.974
1776223719.2167554,2026-04-15T03:28:39.216755,normal_circle,1,47.39799191005207,8.546192665759916,0.174000009894371,-0.1870000064373016,0.0099999997764825,0.0,0.0299999993294477,-0.0604875423014164,-0.0354743711650371,-9.778094291687012,0.0003580022603273,-0.0005046608275733,-0.0014422836247831,100.0,16.200000762939453,47.3979721,8.5461634,attack,2.075
1776223719.3237078,2026-04-15T03:28:39.323708,normal_circle,1,47.39799293101473,8.546194174047114,0.174000009894371,-0.1870000064373016,0.0099999997764825,0.0,0.0299999993294477,-0.0648440793156623,-0.044159960001707,-9.783880233764648,0.0005179805448278,0.0007553094183094,0.0003089420206379,100.0,16.200000762939453,47.3979721,8.5461634,attack,2.182
1776223719.4352336,2026-04-15T03:28:39.435234,normal_circle,1,47.39799399563431,8.546195746829511,0.174000009894371,-0.1870000064373016,0.0099999997764825,0.0,0.0299999993294477,-0.069353237748146,-0.0391433835029602,-9.782329559326172,0.0004374351119622,4.338984581409022e-05,-0.0003823552397079,100.0,16.200000762939453,47.3979721,8.5461634,attack,2.294
1776223719.5377336,2026-04-15T03:28:39.537734,normal_circle,1,47.39799497409393,8.546197192326186,0.174000009894371,-0.1870000064373016,0.0099999997764825,0.0,0.0299999993294477,-0.069353237748146,-0.0391433835029602,-9.782329559326172,0.0004374351119622,4.338984581409022e-05,-0.0003823552397079,100.0,16.200000762939453,47.3979721,8.5461634,attack,2.396
1776223719.6402435,2026-04-15T03:28:39.640244,normal_circle,1,47.39799595264915,8.546198637964077,0.1730000078678131,-0.1870000064373016,0.0099999997764825,0.0,0.0299999993294477,-0.0715271681547164,-0.0279583353549242,-9.788013458251951,-0.0002106965839629,-0.0002061814884655,0.0003202687948942,100.0,16.200000762939453,47.3979721,8.5461634,attack,2.499
1776223719.74346,2026-04-15T03:28:39.743460,normal_circle,1,47.397996937947944,8.546200093564394,0.1730000078678131,-0.1870000064373016,0.0099999997764825,0.0,0.0299999993294477,-0.0691322535276413,-0.0372836887836456,-9.770676612854004,-0.0004149076994508,9.961620526155456e-05,-0.0007360641611739,100.0,16.200000762939453,47.3979721,8.5461634,attack,2.602
1776223719.8471534,2026-04-15T03:28:39.847153,normal_circle,1,47.39799792780088,8.546201555892628,0.1730000078678131,-0.1870000064373016,0.0099999997764825,0.0,0.0299999993294477,-0.0691322535276413,-0.0372836887836456,-9.770676612854004,-0.0004149076994508,9.961620526155456e-05,-0.0007360641611739,100.0,16.200000762939453,47.3979721,8.5461634,attack,2.706
1776223719.949041,2026-04-15T03:28:39.949041,normal_circle,1,47.39799890041363,8.546202992751613,0.1730000078678131,-0.1870000064373016,0.0099999997764825,0.0,0.0299999993294477,-0.0691322535276413,-0.0372836887836456,-9.770676612854004,-0.0004149076994508,9.961620526155456e-05,-0.0007360641611739,100.0,16.200000762939453,47.3979721,8.5461634,attack,2.808
1776223720.0524848,2026-04-15T03:28:40.052485,normal_circle,1,47.39799988788367,8.546204451559543,0.1730000078678131,-0.1880000084638595,0.0099999997764825,0.0,0.0399999991059303,-0.0642608851194381,-0.0382300987839698,-9.78098964691162,6.443336314987391e-05,-0.000260847096797,-0.0001104175971704,100.0,16.200000762939453,47.3979721,8.5461634,attack,2.911
1776223720.1540272,2026-04-15T03:28:40.154027,normal_circle,1,47.39800085720315,8.546205883553315,0.1730000078678131,-0.1880000084638595,0.0099999997764825,0.0,0.0399999991059303,-0.0642608851194381,-0.0382300987839698,-9.78098964691162,6.443336314987391e-05,-0.000260847096797,-0.0001104175971704,100.0,16.200000762939453,47.3979721,8.5461634,attack,3.013
1776223720.261681,2026-04-15T03:28:40.261681,normal_circle,1,47.3980018848616,8.546207401732332,0.1730000078678131,-0.1880000084638595,0.0099999997764825,0.0,0.0399999991059303,-0.0642608851194381,-0.0382300987839698,-9.78098964691162,6.443336314987391e-05,-0.000260847096797,-0.0001104175971704,100.0,16.200000762939453,47.3979721,8.5461634,attack,3.12
1776223720.364758,2026-04-15T03:28:40.364758,normal_circle,1,47.398002868828975,8.546208855365718,0.1720000058412552,-0.1880000084638595,0.0099999997764825,0.0,0.0399999991059303,-0.0586376562714576,-0.040354661643505,-9.78633975982666,0.0001149749441538,-0.0003760872059501,-0.0001748508657328,100.0,16.200000762939453,47.3979721,8.5461634,attack,3.223
1776223720.4683976,2026-04-15T03:28:40.468398,normal_circle,1,47.398003858167556,8.546210316934076,0.1720000058412552,-0.1880000084638595,0.0099999997764825,0.0,0.0399999991059303,-0.0760140866041183,-0.0432582274079322,-9.775172233581545,0.0006059176521375,-0.0003492121177259,-0.0004423001082614,100.0,16.200000762939453,47.3979721,8.5461634,attack,3.327
1776223720.5712335,2026-04-15T03:28:40.571234,normal_circle,1,47.398004839833966,8.5462117671682,0.1720000058412552,-0.1880000084638595,0.0099999997764825,0.0,0.0399999991059303,-0.0760140866041183,-0.0432582274079322,-9.775172233581545,0.0006059176521375,-0.0003492121177259,-0.0004423001082614,100.0,16.200000762939453,47.3979721,8.5461634,attack,3.43
1776223720.674921,2026-04-15T03:28:40.674921,normal_circle,1,47.39800582963001,8.546213229412377,0.1720000058412552,-0.1880000084638595,0.0099999997764825,0.0,0.0399999991059303,-0.0630286782979965,-0.0394425019621849,-9.779855728149414,-0.0002152374509023,-0.0011575465323403,-0.0004074556345585,100.0,16.200000762939453,47.3979721,8.5461634,attack,3.533
1776223720.7771542,2026-04-15T03:28:40.777154,normal_circle,1,47.39800680554286,8.546214671146664,0.1720000058412552,-0.1880000084638595,0.0099999997764825,0.0,0.0399999991059303,-0.0716333463788032,-0.040304034948349,-9.776714324951172,-0.0001878978509921,-0.0005992482765577,0.0002869250893127,100.0,16.200000762939453,47.3979721,8.5461634,attack,3.636
1776223720.8810892,2026-04-15T03:28:40.881089,normal_circle,1,47.39800779770132,8.546216136880885,0.1720000058412552,-0.1890000104904174,0.0099999997764825,0.0,0.0399999991059303,-0.0716333463788032,-0.040304034948349,-9.776714324951172,-0.0001878978509921,-0.0005992482765577,0.0002869250893127,100.0,16.200000762939453,47.3979721,8.5461634,attack,3.74
1776223720.99294,2026-04-15T03:28:40.992940,normal_circle,1,47.398008865423,8.546217714246064,0.1720000058412552,-0.1890000104904174,0.0099999997764825,0.0,0.0399999991059303,-0.0716333463788032,-0.040304034948349,-9.776714324951172,-0.0001878978509921,-0.0005992482765577,0.0002869250893127,100.0,16.200000762939453,47.3979721,8.5461634,attack,3.851
1776223721.1088638,2026-04-15T03:28:41.108864,normal_circle,1,47.398009972026706,8.546219349052382,0.1720000058412552,-0.1890000104904174,0.0099999997764825,0.0,0.0399999991059303,-0.0692215785384178,-0.0464677810668945,-9.777116775512695,0.000414472160628,0.0004995980416424,6.025923357810825e-05,100.0,16.200000762939453,47.3979721,8.5461634,attack,3.967
1776223721.209727,2026-04-15T03:28:41.209727,normal_circle,1,47.39801093486205,8.546220771467027,0.1720000058412552,-0.1890000104904174,0.0099999997764825,0.0,0.0399999991059303,-0.0692215785384178,-0.0464677810668945,-9.777116775512695,0.000414472160628,0.0004995980416424,6.025923357810825e-05,100.0,16.200000762939453,47.3979721,8.5461634,attack,4.068
1776223721.3115883,2026-04-15T03:28:41.311588,normal_circle,1,47.39801190722445,8.546222207956161,0.1720000058412552,-0.1890000104904174,0.0099999997764825,0.0,0.0399999991059303,-0.0692215785384178,-0.0464677810668945,-9.777116775512695,0.000414472160628,0.0004995980416424,6.025923357810825e-05,100.0,16.200000762939453,47.3979721,8.5461634,attack,4.17
1776223721.4147906,2026-04-15T03:28:41.414791,normal_circle,1,47.39801289238897,8.546223663358106,0.1710000038146972,-0.1900000125169754,0.0099999997764825,0.0,0.0399999991059303,-0.0684727802872657,-0.0393867157399654,-9.778875350952148,0.0001540335069876,0.0002536910178605,-0.0008688860107213,100.0,16.200000762939453,47.3979721,8.5461634,attack,4.273
1776223721.5159647,2026-04-15T03:28:41.515965,normal_circle,1,47.39801385819214,8.546225090157158,0.1710000038146972,-0.1900000125169754,0.0099999997764825,0.0,0.0399999991059303,-0.0684727802872657,-0.0393867157399654,-9.778875350952148,0.0001540335069876,0.0002536910178605,-0.0008688860107213,100.0,16.200000762939453,47.3979721,8.5461634,attack,4.374
1776223721.6197484,2026-04-15T03:28:41.619748,normal_circle,1,47.398014848905376,8.546226553756332,0.1700000017881393,-0.1900000125169754,0.0099999997764825,0.0,0.0399999991059303,-0.0766531974077224,-0.0291650723665952,-9.77951431274414,0.0001925478281918,0.000327706686221,-8.914692443795502e-06,100.0,16.200000762939453,47.3979721,8.5461634,attack,4.478
1776223721.723,2026-04-15T03:28:41.723000,normal_circle,1,47.39801583454101,8.546228009854268,0.1700000017881393,-0.1910000145435333,0.0099999997764825,0.0,0.0399999991059303,-0.0686425492167472,-0.0374147072434425,-9.772361755371094,-0.0008667966467328,-0.0006170918350107,-0.0003244485997129,100.0,16.200000762939453,47.3979721,8.5461634,attack,4.581
1776223721.8258889,2026-04-15T03:28:41.825889,normal_circle,1,47.39801681671268,8.546229460834816,0.1690000146627426,-0.1910000145435333,0.0099999997764825,0.0,0.0399999991059303,-0.0645972937345504,-0.0310386177152395,-9.778661727905272,0.0010854379506781,0.0008567080367356,0.0003555706643965,100.0,16.200000762939453,47.3979721,8.5461634,attack,4.684
1776223721.928066,2026-04-15T03:28:41.928066,normal_circle,1,47.39801779209069,8.54623090177897,0.1690000146627426,-0.1910000145435333,0.0099999997764825,0.0,0.0399999991059303,-0.0645972937345504,-0.0310386177152395,-9.778661727905272,0.0010854379506781,0.0008567080367356,0.0003555706643965,100.0,16.200000762939453,47.3979721,8.5461634,attack,4.787
1776223722.03292,2026-04-15T03:28:42.032920,normal_circle,1,47.39801879302059,8.546232380471405,0.1690000146627426,-0.1910000145435333,0.0099999997764825,0.0,0.0399999991059303,-0.0645972937345504,-0.0310386177152395,-9.778661727905272,0.0010854379506781,0.0008567080367356,0.0003555706643965,100.0,16.200000762939453,47.3979721,8.5461634,attack,4.891
1776223722.1363945,2026-04-15T03:28:42.136395,normal_circle,1,47.398019780784225,8.546233839713068,0.1690000146627426,-0.1910000145435333,0.0099999997764825,0.0,0.0399999991059303,-0.069174624979496,-0.0425612218677997,-9.774909019470217,-0.0003099382156506,-0.0004293342353776,-7.76677334215492e-05,100.0,16.200000762939453,47.3979721,8.5461634,attack,4.995
1776223722.237692,2026-04-15T03:28:42.237692,normal_circle,1,47.398020747766324,8.546235268253781,0.1680000126361847,-0.19200000166893,0.0099999997764825,0.0,0.0399999991059303,-0.0702385157346725,-0.0353839807212352,-9.779874801635742,-0.0001011753338389,7.005213410593569e-05,-3.2340423786081374e-05,100.0,16.200000762939453,47.3979721,8.5461634,attack,5.096
1776223722.3394716,2026-04-15T03:28:42.339472,normal_circle,1,47.39802171934808,8.546236703589654,0.1680000126361847,-0.1930000036954879,0.0099999997764825,0.0,0.0399999991059303,-0.0658542513847351,-0.0337373949587345,-9.778035163879396,0.0003190038260072,-0.0004303028690628,-0.0004984793486073,100.0,16.200000762939453,47.3979721,8.5461634,attack,5.198
1776223722.4428976,2026-04-15T03:28:42.442898,normal_circle,1,47.398022706647424,8.546238162145414,0.1670000106096267,-0.1930000036954879,0.0099999997764825,0.0,0.0399999991059303,-0.0640326738357544,-0.0410691127181053,-9.78094482421875,0.0001318924187216,-0.0006000288412906,0.0001056303444784,100.0,16.200000762939453,47.3979721,8.5461634,attack,5.301
1776223722.54504,2026-04-15T03:28:42.545040,normal_circle,1,47.39802368169315,8.546239602598673,0.1670000106096267,-0.1930000036954879,0.0099999997764825,0.0,0.0399999991059303,-0.0640326738357544,-0.0410691127181053,-9.78094482421875,0.0001318924187216,-0.0006000288412906,0.0001056303444784,100.0,16.200000762939453,47.3979721,8.5461634,attack,5.404
1776223722.6466515,2026-04-15T03:28:42.646652,normal_circle,1,47.39802465167265,8.546241035567505,0.1670000106096267,-0.1930000036954879,0.0099999997764825,0.0,0.0399999991059303,-0.074675515294075,-0.0373270809650421,-9.788711547851562,-0.0008852417231537,0.0006170670385472,0.0013580814702436,100.0,16.200000762939453,47.3979721,8.5461634,attack,5.505
1776223722.748946,2026-04-15T03:28:42.748946,normal_circle,1,47.398025628170416,8.546242478165897,0.1670000106096267,-0.1930000036954879,0.0099999997764825,0.0,0.0399999991059303,-0.074675515294075,-0.0373270809650421,-9.788711547851562,-0.0008852417231537,0.0006170670385472,0.0013580814702436,100.0,16.200000762939453,47.3979721,8.5461634,attack,5.607
1776223722.851272,2026-04-15T03:28:42.851272,normal_circle,1,47.39802660497089,8.546243921211472,0.1660000085830688,-0.1940000057220459,0.0099999997764825,0.0,0.0399999991059303,-0.0659524649381637,-0.0376458875834941,-9.775177001953123,-0.0009196599712595,-0.0001978515065275,0.0003409324563108,100.0,16.200000762939453,47.3979721,8.5461634,attack,5.71
1776223722.953209,2026-04-15T03:28:42.953209,normal_circle,1,47.39802757805476,8.54624535876645,0.1660000085830688,-0.1940000057220459,0.0099999997764825,0.0,0.0399999991059303,-0.0659524649381637,-0.0376458875834941,-9.775177001953123,-0.0009196599712595,-0.0001978515065275,0.0003409324563108,100.0,16.200000762939453,47.3979721,8.5461634,attack,5.812
1776223723.0589104,2026-04-15T03:28:43.058910,normal_circle,1,47.39802858707559,8.54624684941178,0.1660000085830688,-0.1940000057220459,0.0099999997764825,0.0,0.0399999991059303,-0.0684975832700729,-0.0348265394568443,-9.78087043762207,-0.0006201427895575,-0.0005938644171692,0.0002535266394261,100.0,16.200000762939453,47.3979721,8.5461634,attack,5.917
1776223723.1618383,2026-04-15T03:28:43.161839,normal_circle,1,47.39802956962051,8.546248300943743,0.1660000085830688,-0.1940000057220459,0.0099999997764825,0.0,0.0399999991059303,-0.0684975832700729,-0.0348265394568443,-9.78087043762207,-0.0006201427895575,-0.0005938644171692,0.0002535266394261,100.0,16.200000762939453,47.3979721,8.5461634,attack,6.02
1776223723.2634325,2026-04-15T03:28:43.263433,normal_circle,1,47.39803053943387,8.546249733667128,0.1660000085830688,-0.1950000077486038,0.0099999997764825,0.0,0.0399999991059303,-0.0735862553119659,-0.0408722832798957,-9.788217544555664,-5.442462861537933e-05,-0.0009267550776712,0.0001732357195578,100.0,16.200000762939453,47.3979721,8.5461634,attack,6.122
1776223723.3648806,2026-04-15T03:28:43.364881,normal_circle,1,47.39803160785208,8.546251164329604,0.1650000065565109,-0.1950000077486038,0.0099999997764825,0.0,0.0399999991059303,-0.0612768232822418,-0.035737220197916,-9.771646499633787,0.0001642786810407,-0.0004899870837107,-0.0007273049559444,100.0,16.200000762939453,47.3979722,8.5461634,attack,6.223
1776223723.470138,2026-04-15T03:28:43.470138,normal_circle,1,47.398032612635134,8.546252648714377,0.1650000065565109,-0.1950000077486038,0.0099999997764825,0.0,0.0399999991059303,-0.0720967426896095,-0.0383906736969947,-9.780295372009276,0.0005925694131292,-0.0001699541753623,0.0003122077032458,100.0,16.200000762939453,47.3979722,8.5461634,attack,6.329
1776223723.5730517,2026-04-15T03:28:43.573052,normal_circle,1,47.3980335950435,8.546254100044607,0.1650000065565109,-0.1960000097751617,0.0099999997764825,0.0,0.0399999991059303,-0.0608376935124397,-0.0317161455750465,-9.782660484313965,0.0003671364684123,0.001192950294353,0.0003369693295098,100.0,16.200000762939453,47.3979722,8.5461634,attack,6.432
1776223723.6766982,2026-04-15T03:28:43.676698,normal_circle,1,47.398034584448084,8.546255561710474,0.164000004529953,-0.1960000097751617,0.0099999997764825,0.0,0.0399999991059303,-0.0734951496124267,-0.0265592262148857,-9.774465560913086,0.0004492485313676,-0.0002612399985082,-0.000425000762334,100.0,16.200000762939453,47.3979722,8.5461634,attack,6.535
1776223723.7834718,2026-04-15T03:28:43.783472,normal_circle,1,47.39803560370379,8.546257067475967,0.164000004529953,-0.1960000097751617,0.0099999997764825,0.0,0.0399999991059303,-0.0734951496124267,-0.0265592262148857,-9.774465560913086,0.0004492485313676,-0.0002612399985082,-0.000425000762334,100.0,16.200000762939453,47.3979722,8.5461634,attack,6.642
1776223723.887154,2026-04-15T03:28:43.887154,normal_circle,1,47.39803659344976,8.546258529646177,0.164000004529953,-0.1960000097751617,0.0099999997764825,0.0,0.0399999991059303,-0.0660052075982093,-0.0343152172863483,-9.78200340270996,0.0007192153134383,-0.0006545382784679,-0.000626569148153,100.0,16.200000762939453,47.3979722,8.5461634,attack,6.746
1776223723.9891832,2026-04-15T03:28:43.989183,normal_circle,1,47.39803756741441,8.546259968502358,0.164000004529953,-0.1960000097751617,0.0099999997764825,0.0,0.0399999991059303,-0.0660052075982093,-0.0343152172863483,-9.78200340270996,0.0007192153134383,-0.0006545382784679,-0.000626569148153,100.0,16.200000762939453,47.3979722,8.5461634,attack,6.848
1776223724.09403,2026-04-15T03:28:44.094030,normal_circle,1,47.398038568276036,8.54626144709393,0.164000004529953,-0.1970000118017196,0.0099999997764825,0.0,0.0399999991059303,-0.0759567692875862,-0.0389769710600376,-9.78483772277832,0.001573039451614,-0.0014720766339451,0.0002568243362475,100.0,16.200000762939453,47.3979722,8.5461634,attack,6.953
1776223724.1999283,2026-04-15T03:28:44.199928,normal_circle,1,47.398039579176796,8.546262940516502,0.164000004529953,-0.1970000118017196,0.0099999997764825,0.0,0.0399999991059303,-0.0759567692875862,-0.0389769710600376,-9.78483772277832,0.001573039451614,-0.0014720766339451,0.0002568243362475,100.0,16.200000762939453,47.3979722,8.5461634,attack,7.058
1776223724.3014483,2026-04-15T03:28:44.301448,normal_circle,1,47.39804054828234,8.546264372194223,0.163000002503395,-0.1970000118017196,0.0099999997764825,0.0,0.0399999991059303,-0.0622787438333034,-0.0406670682132244,-9.778020858764648,0.0019233649363741,-0.0004741985176224,6.1885511968284845e-06,100.0,16.200000762939453,47.3979722,8.5461634,attack,7.16
1776223724.4040284,2026-04-15T03:28:44.404028,normal_circle,1,47.39804152750667,8.546265818820626,0.163000002503395,-0.1970000118017196,0.0099999997764825,0.0,0.0399999991059303,-0.0729344114661216,-0.0421186238527298,-9.780425071716309,-0.0005669341189786,0.0002061749401036,-0.0002675935393199,100.0,16.200000762939453,47.3979722,8.5461634,attack,7.263
1776223724.512924,2026-04-15T03:28:44.512924,normal_circle,1,47.39804256701817,8.546267354510384,0.163000002503395,-0.1980000138282776,0.0099999997764825,0.0,0.0399999991059303,-0.0745529532432556,-0.0425468273460865,-9.772269248962402,-0.0004998319782316,0.0003582299978006,0.0003300471580587,100.0,16.200000762939453,47.3979722,8.5461634,attack,7.371
1776223724.614666,2026-04-15T03:28:44.614666,normal_circle,1,47.39804353824261,8.546268789318384,0.163000002503395,-0.1980000138282776,0.0099999997764825,0.0,0.0399999991059303,-0.0640152096748352,-0.0345688015222549,-9.771678924560549,0.0002923231804743,0.0004224042932037,0.0002332758303964,100.0,16.200000762939453,47.3979722,8.5461634,attack,7.473
1776223724.717663,2026-04-15T03:28:44.717663,normal_circle,1,47.39804452144755,8.54627024182541,0.1620000004768371,-0.1980000138282776,0.0099999997764825,0.0,0.0399999991059303,-0.0621937289834022,-0.0321407429873943,-9.78862762451172,0.0007529067806899,-0.0013065463863313,0.0003946560900658,100.0,16.200000762939453,47.3979722,8.5461634,attack,7.576
1776223724.830387,2026-04-15T03:28:44.830387,normal_circle,1,47.39804559750597,8.546271831506612,0.1620000004768371,-0.1980000138282776,0.0099999997764825,0.0,0.0399999991059303,-0.0621937289834022,-0.0321407429873943,-9.78862762451172,0.0007529067806899,-0.0013065463863313,0.0003946560900658,100.0,16.200000762939453,47.3979722,8.5461634,attack,7.689
1776223724.933298,2026-04-15T03:28:44.933298,normal_circle,1,47.3980465798893,8.546273282799856,0.1620000004768371,-0.1980000138282776,0.0099999997764825,0.0,0.0399999991059303,-0.0693876668810844,-0.0400566793978214,-9.77672004699707,0.0012250302825123,0.00113392167259,-0.0001963915710803,100.0,16.200000762939453,47.3979722,8.5461634,attack,7.792
1776223725.0339794,2026-04-15T03:28:45.033979,normal_circle,1,47.39804754098811,8.546274702649084,0.1620000004768371,-0.1980000138282776,0.0099999997764825,0.0,0.0399999991059303,-0.0693876668810844,-0.0400566793978214,-9.77672004699707,0.0012250302825123,0.00113392167259,-0.0001963915710803,100.0,16.200000762939453,47.3979722,8.5461634,attack,7.892
1776223725.1377285,2026-04-15T03:28:45.137728,normal_circle,1,47.398048531371344,8.546276165760732,0.1620000004768371,-0.1990000158548355,0.0099999997764825,0.0,0.0499999970197677,-0.0677512809634208,-0.0322953760623931,-9.77161979675293,0.0002204042539233,-0.0001653662184253,6.582099013030529e-05,100.0,16.200000762939453,47.3979722,8.5461634,attack,7.996
1776223725.2396576,2026-04-15T03:28:45.239658,normal_circle,1,47.398049504382385,8.546277603208118,0.1620000004768371,-0.1990000158548355,0.0099999997764825,0.0,0.0499999970197677,-0.0677512809634208,-0.0322953760623931,-9.77161979675293,0.0002204042539233,-0.0001653662184253,6.582099013030529e-05,100.0,16.200000762939453,47.3979722,8.5461634,attack,8.098
1776223725.340734,2026-04-15T03:28:45.340734,normal_circle,1,47.39805046925242,8.546279028628641,0.1610000133514404,-0.1990000158548355,0.0099999997764825,0.0,0.0499999970197677,-0.0632354542613029,-0.0355623587965965,-9.777732849121094,0.0005505644949153,-0.0003636919427663,-0.0011790624121204,100.0,16.200000762939453,47.3979722,8.5461634,attack,8.199
1776223725.4432964,2026-04-15T03:28:45.443296,normal_circle,1,47.39805144830834,8.546280475006235,0.1610000133514404,-0.1990000158548355,0.0099999997764825,0.0,0.0499999970197677,-0.0632354542613029,-0.0355623587965965,-9.777732849121094,0.0005505644949153,-0.0003636919427663,-0.0011790624121204,100.0,16.200000762939453,47.3979722,8.5461634,attack,8.302
1776223725.5470982,2026-04-15T03:28:45.547098,normal_circle,1,47.398052439194544,8.546281938860945,0.1610000133514404,-0.1990000158548355,0.0099999997764825,0.0,0.0499999970197677,-0.0632354542613029,-0.0355623587965965,-9.777732849121094,0.0005505644949153,-0.0003636919427663,-0.0011790624121204,100.0,16.200000762939453,47.3979722,8.5461634,attack,8.406
1776223725.649199,2026-04-15T03:28:45.649199,normal_circle,1,47.39805341384426,8.546283378729171,0.1600000113248825,-0.2000000029802322,0.0099999997764825,0.0,0.0499999970197677,-0.0745997205376625,-0.0373361632227897,-9.786273956298828,-0.0001842808851506,-0.0017241397872567,-0.0003028744249604,100.0,16.200000762939453,47.3979722,8.5461634,attack,8.508
1776223725.751692,2026-04-15T03:28:45.751692,normal_circle,1,47.39805439223788,8.546284824128344,0.1600000113248825,-0.2000000029802322,0.0099999997764825,0.0,0.0499999970197677,-0.0745997205376625,-0.0373361632227897,-9.786273956298828,-0.0001842808851506,-0.0017241397872567,-0.0003028744249604,100.0,16.200000762939453,47.3979722,8.5461634,attack,8.61
1776223725.8610854,2026-04-15T03:28:45.861085,normal_circle,1,47.39805543650153,8.546286366838537,0.1600000113248825,-0.2000000029802322,0.0099999997764825,0.0,0.0499999970197677,-0.0776505321264267,-0.0374250337481498,-9.775796890258787,0.0005966867320239,0.0006674991454929,0.0004621159750968,100.0,16.200000762939453,47.3979722,8.5461634,attack,8.72
1776223725.9850252,2026-04-15T03:28:45.985025,normal_circle,1,47.39805661962434,8.546288114687973,0.1600000113248825,-0.2000000029802322,0.0099999997764825,0.0,0.0499999970197677,-0.06421709805727,-0.033762190490961,-9.778636932373049,0.000846148119308,-0.0001062139053829,0.0001936386543093,100.0,16.200000762939453,47.3979722,8.5461634,attack,8.844
1776223726.0898538,2026-04-15T03:28:46.089854,normal_circle,1,47.398057620313,8.546289593024012,0.1600000113248825,-0.2000000029802322,0.0099999997764825,0.0,0.0499999970197677,-0.06421709805727,-0.033762190490961,-9.778636932373049,0.000846148119308,-0.0001062139053829,0.0001936386543093,100.0,16.200000762939453,47.3979722,8.5461634,attack,8.948
1776223726.1934912,2026-04-15T03:28:46.193491,normal_circle,1,47.398058609631086,8.546291054562113,0.1600000113248825,-0.2010000050067901,0.0099999997764825,0.0,0.0499999970197677,-0.0669453218579292,-0.0346934348344802,-9.781316757202148,0.0006233499152585,0.000662536767777,0.0006075114943087,100.0,16.200000762939453,47.3979722,8.5461634,attack,9.052
1776223726.2976384,2026-04-15T03:28:46.297638,normal_circle,1,47.39805960381513,8.546292523288763,0.1600000113248825,-0.2010000050067901,0.0099999997764825,0.0,0.0499999970197677,-0.0669453218579292,-0.0346934348344802,-9.781316757202148,0.0006233499152585,0.000662536767777,0.0006075114943087,100.0,16.200000762939453,47.3979722,8.5461634,attack,9.156
1776223726.402711,2026-04-15T03:28:46.402711,normal_circle,1,47.398060606832054,8.546294005064409,0.1590000092983245,-0.2010000050067901,0.0099999997764825,0.0,0.0499999970197677,-0.0709318146109581,-0.0342741012573242,-9.79098129272461,-0.0005299508338794,0.0008024456910789,0.0009681911906227,100.0,16.200000762939453,47.3979722,8.5461634,attack,9.261
1776223726.5082426,2026-04-15T03:28:46.508243,normal_circle,1,47.39806161423243,8.546295493315801,0.1590000092983245,-0.2010000050067901,0.0099999997764825,0.0,0.0499999970197677,-0.0694615766406059,-0.0378198996186256,-9.78071117401123,0.0007155993953347,-0.0008656801073811,-0.0004247461329214,100.0,16.200000762939453,47.3979722,8.5461634,attack,9.367
1776223726.616368,2026-04-15T03:28:46.616368,normal_circle,1,47.398062646392674,8.546297118145407,0.1590000092983245,-0.202000007033348,0.0099999997764825,0.0,0.0499999970197677,-0.0700989589095115,-0.0411367490887641,-9.776460647583008,-0.000606398913078,-0.0012480430305004,-0.0014201380545273,100.0,16.200000762939453,47.3979722,8.5461635,attack,9.475
1776223726.7213328,2026-04-15T03:28:46.721333,normal_circle,1,47.398063648380884,8.546298598401304,0.1580000072717666,-0.202000007033348,0.0099999997764825,0.0,0.0499999970197677,-0.0646241679787635,-0.0336959585547447,-9.774639129638672,0.0007393384585157,-0.0001995054190047,-0.0004393233684822,100.0,16.200000762939453,47.3979722,8.5461635,attack,9.58
1776223726.8266068,2026-04-15T03:28:46.826607,normal_circle,1,47.39806465332097,8.546300083018075,0.1580000072717666,-0.202000007033348,0.0099999997764825,0.0,0.0499999970197677,-0.0646241679787635,-0.0336959585547447,-9.774639129638672,0.0007393384585157,-0.0001995054190047,-0.0004393233684822,100.0,16.200000762939453,47.3979722,8.5461635,attack,9.685
1776223726.929779,2026-04-15T03:28:46.929779,normal_circle,1,47.39806563819872,8.546301537996374,0.1580000072717666,-0.203000009059906,0.0099999997764825,0.0,0.0499999970197677,-0.0670776218175888,-0.0384848415851593,-9.778571128845217,0.00035786893568,1.988417352549732e-05,5.689656245522201e-05,100.0,16.200000762939453,47.3979722,8.5461635,attack,9.788
1776223727.0331783,2026-04-15T03:28:47.033178,normal_circle,1,47.39806662524317,8.546302996175562,0.1580000072717666,-0.203000009059906,0.0099999997764825,0.0,0.0499999970197677,-0.0670776218175888,-0.0384848415851593,-9.778571128845217,0.00035786893568,1.988417352549732e-05,5.689656245522201e-05,100.0,16.200000762939453,47.3979722,8.5461635,attack,9.892
1776223727.1351228,2026-04-15T03:28:47.135123,normal_circle,1,47.39806759839986,8.546304433838134,0.1580000072717666,-0.203000009059906,0.0099999997764825,0.0,0.0499999970197677,-0.0757035017013549,-0.0303572565317153,-9.781448364257812,-0.0002986026811413,-0.0004848047392442,-0.0002689601969905,100.0,16.200000762939453,47.3979722,8.5461635,attack,9.994
1776223727.237497,2026-04-15T03:28:47.237497,normal_circle,1,47.39806857566007,8.546305877562892,0.1570000052452087,-0.203000009059906,0.0099999997764825,0.0,0.0499999970197677,-0.0662134513258934,-0.0322218760848045,-9.773191452026367,-0.0002318165497854,-0.0004971759626641,-0.0007707825279794,100.0,16.200000762939453,47.3979722,8.5461635,attack,10.096
1776223727.3391309,2026-04-15T03:28:47.339131,normal_circle,1,47.398069545851236,8.546307310844417,0.1570000052452087,-0.203000009059906,0.0099999997764825,0.0,0.0499999970197677,-0.0608709715306758,-0.0363610200583934,-9.781424522399902,0.0001070521248038,-0.0001670668425504,-0.000352565140929,100.0,16.200000762939453,47.3979722,8.5461635,attack,10.198
1776223727.4408004,2026-04-15T03:28:47.440800,normal_circle,1,47.39807051638378,8.546308744630284,0.1570000052452087,-0.203000009059906,0.0099999997764825,0.0,0.0499999970197677,-0.0608709715306758,-0.0363610200583934,-9.781424522399902,0.0001070521248038,-0.0001670668425504,-0.000352565140929,100.0,16.200000762939453,47.3979722,8.5461635,attack,10.299
1776223727.5429993,2026-04-15T03:28:47.542999,normal_circle,1,47.398071491968906,8.546310185880408,0.1570000052452087,-0.203000009059906,0.0099999997764825,0.0,0.0499999970197677,-0.0702574029564857,-0.0355585813522338,-9.78679084777832,0.0001396462321281,-0.0002181047166232,-0.0003259221266489,100.0,16.200000762939453,47.3979722,8.5461635,attack,10.401
1776223727.6460514,2026-04-15T03:28:47.646051,normal_circle,1,47.398072475699585,8.546311639164118,0.1570000052452087,-0.2040000110864639,0.0099999997764825,0.0,0.0499999970197677,-0.0669291764497757,-0.036386527121067,-9.783445358276367,-0.0002233540872111,-0.0004013946454506,-0.0009819085244089,100.0,16.200000762939453,47.3979722,8.5461635,attack,10.505
1776223727.748839,2026-04-15T03:28:47.748839,normal_circle,1,47.39807345690399,8.546313088715703,0.1560000032186508,-0.2040000110864639,0.0099999997764825,0.0,0.0499999970197677,-0.0595219023525714,-0.0392655245959758,-9.775959968566896,0.0003506861976347,-0.0006557899760082,0.0002841752720996,100.0,16.200000762939453,47.3979722,8.5461635,attack,10.607
1776223727.856702,2026-04-15T03:28:47.856702,normal_circle,1,47.398074486560695,8.546314609846801,0.1560000032186508,-0.2040000110864639,0.0099999997764825,0.0,0.0499999970197677,-0.0638902857899665,-0.0378683358430862,-9.76411247253418,-0.0011075829388573,-0.0006272447062656,-0.0003095808788202,100.0,16.200000762939453,47.3979722,8.5461635,attack,10.715
1776223727.9615278,2026-04-15T03:28:47.961528,normal_circle,1,47.39807548722204,8.546316088142492,0.1560000032186508,-0.2040000110864639,0.0099999997764825,0.0,0.0499999970197677,-0.0638902857899665,-0.0378683358430862,-9.76411247253418,-0.0011075829388573,-0.0006272447062656,-0.0003095808788202,100.0,16.200000762939453,47.3979722,8.5461635,attack,10.82
1776223728.064298,2026-04-15T03:28:48.064298,normal_circle,1,47.39807646826029,8.54631753744863,0.1560000032186508,-0.2040000110864639,0.0099999997764825,0.0,0.0499999970197677,-0.0696980655193328,-0.031645119190216,-9.784387588500977,0.0009628774132579,-0.0005083789001218,-0.0006835581152699,100.0,16.200000762939453,47.3979722,8.5461635,attack,10.923
1776223728.165027,2026-04-15T03:28:48.165027,normal_circle,1,47.39807742981429,8.546318957970314,0.1560000032186508,-0.2040000110864639,0.0099999997764825,0.0,0.0499999970197677,-0.0696980655193328,-0.031645119190216,-9.784387588500977,0.0009628774132579,-0.0005083789001218,-0.0006835581152699,100.0,16.200000762939453,47.3979722,8.5461635,attack,11.024
1776223728.271742,2026-04-15T03:28:48.271742,normal_circle,1,47.39807844851239,8.54632046291205,0.1560000032186508,-0.2040000110864639,0.0099999997764825,0.0,0.0499999970197677,-0.0635060667991638,-0.03677723929286,-9.7854585647583,0.0004534277832135,0.0003632756415754,3.486136847641319e-05,100.0,16.200000762939453,47.3979722,8.5461635,attack,11.13
1776223728.3752124,2026-04-15T03:28:48.375212,normal_circle,1,47.39807943623506,8.546321922093195,0.1560000032186508,-0.2050000131130218,0.0099999997764825,0.0,0.0499999970197677,-0.0770166888833046,-0.0417160876095294,-9.775934219360352,-8.299248293042183e-05,-0.0005721512134186,-0.0001157559745479,100.0,16.200000762939453,47.3979722,8.5461635,attack,11.234
1776223728.4765034,2026-04-15T03:28:48.476503,normal_circle,1,47.39808040315343,8.546323350539767,0.1560000032186508,-0.2050000131130218,0.0099999997764825,0.0,0.0499999970197677,-0.0662942752242088,-0.0412652567028999,-9.783721923828123,-0.0004787165671586,0.0004931463045068,0.0004563411348499,100.0,16.200000762939453,47.3979722,8.5461635,attack,11.335
1776223728.578178,2026-04-15T03:28:48.578178,normal_circle,1,47.39808137373378,8.546324784396242,0.1550000011920929,-0.2050000131130218,0.0099999997764825,0.0,0.0499999970197677,-0.0652650594711303,-0.0343812145292758,-9.788702964782717,-1.22439969345578e-05,-0.0011919351527467,-0.0001521427329862,100.0,16.200000762939453,47.3979722,8.5461635,attack,11.437
1776223728.68461,2026-04-15T03:28:48.684610,normal_circle,1,47.398082389728074,8.546326285343593,0.1550000011920929,-0.2050000131130218,0.0099999997764825,0.0,0.0499999970197677,-0.0665711462497711,-0.0351128093898296,-9.782662391662598,-0.0011483674170449,0.0005737757892347,-0.0005101105198264,100.0,16.200000762939453,47.3979722,8.5461635,attack,11.543
1776223728.7944348,2026-04-15T03:28:48.794435,normal_circle,1,47.39808343811116,8.546327834139506,0.1550000011920929,-0.2050000131130218,0.0099999997764825,0.0,0.0499999970197677,-0.0665711462497711,-0.0351128093898296,-9.782662391662598,-0.0011483674170449,0.0005737757892347,-0.0005101105198264,100.0,16.200000762939453,47.3979722,8.5461635,attack,11.653
1776223728.9044197,2026-04-15T03:28:48.904420,normal_circle,1,47.39808448802139,8.546329385191509,0.1550000011920929,-0.2050000131130218,0.0099999997764825,0.0,0.0499999970197677,-0.0665711462497711,-0.0351128093898296,-9.782662391662598,-0.0011483674170449,0.0005737757892347,-0.0005101105198264,100.0,16.200000762939453,47.3979722,8.5461635,attack,11.763
1776223729.009686,2026-04-15T03:28:49.009686,normal_circle,1,47.398085492888654,8.546330869700686,0.1550000011920929,-0.2050000131130218,0.0099999997764825,0.0,0.0499999970197677,-0.0693570375442504,-0.0393788889050483,-9.780871391296388,-0.0007884496590122,0.0001354497799184,-0.0005640385788865,100.0,16.200000762939453,47.3979722,8.5461635,attack,11.868
1776223729.113732,2026-04-15T03:28:49.113732,normal_circle,1,47.3980864861077,8.546332337001731,0.1550000011920929,-0.2050000131130218,0.0099999997764825,0.0,0.0499999970197677,-0.0693570375442504,-0.0393788889050483,-9.780871391296388,-0.0007884496590122,0.0001354497799184,-0.0005640385788865,100.0,16.200000762939453,47.3979722,8.5461635,attack,11.972
1776223729.2149563,2026-04-15T03:28:49.214956,normal_circle,1,47.39808745238881,8.546333764506864,0.1550000011920929,-0.2060000151395797,0.0099999997764825,0.0,0.0499999970197677,-0.0752823203802108,-0.0289274901151657,-9.78786563873291,-0.0005482617998495,-0.0008976891404017,0.0007548276917077,100.0,16.200000762939453,47.3979722,8.5461635,attack,12.073
1776223729.3170729,2026-04-15T03:28:49.317073,normal_circle,1,47.39808842718873,8.546335204597002,0.1550000011920929,-0.2060000151395797,0.0099999997764825,0.0,0.0499999970197677,-0.0752823203802108,-0.0289274901151657,-9.78786563873291,-0.0005482617998495,-0.0008976891404017,0.0007548276917077,100.0,16.200000762939453,47.3979722,8.5461635,attack,12.176
1776223729.4190607,2026-04-15T03:28:49.419061,normal_circle,1,47.39808940075965,8.546336642871509,0.1550000011920929,-0.2060000151395797,0.0099999997764825,0.0,0.0499999970197677,-0.0654801279306411,-0.0329205319285392,-9.781438827514648,0.0004603772249538,0.0002389113651588,-0.0001231228234246,100.0,16.200000762939453,47.3979722,8.5461635,attack,12.278
1776223729.5209775,2026-04-15T03:28:49.520977,normal_circle,1,47.398090373652344,8.546338080144057,0.1540000140666961,-0.2060000151395797,0.0099999997764825,0.0,0.0499999970197677,-0.074207529425621,-0.042835559695959,-9.782026290893556,0.0001239612174686,-0.0003467419301159,-0.0004397143493406,100.0,16.200000762939453,47.3979722,8.5461635,attack,12.379
1776223729.6264138,2026-04-15T03:28:49.626414,normal_circle,1,47.39809138014235,8.546339567050538,0.1540000140666961,-0.2060000151395797,0.0099999997764825,0.0,0.0499999970197677,-0.0620797201991081,-0.0389085747301578,-9.78459930419922,0.0001211672934005,-0.0006936942809261,4.953377356287092e-05,100.0,16.200000762939453,47.3979722,8.5461635,attack,12.485
1776223729.728922,2026-04-15T03:28:49.728922,normal_circle,1,47.39809235867935,8.546341012661534,0.1540000140666961,-0.2060000151395797,0.0099999997764825,0.0,0.0499999970197677,-0.064167596399784,-0.0384392775595188,-9.778030395507812,0.0009715786436572,-0.0003719539672601,0.0001394988357787,100.0,16.200000762939453,47.3979722,8.5461635,attack,12.587
1776223729.8310597,2026-04-15T03:28:49.831059,normal_circle,1,47.398093333681835,8.546342453050913,0.1540000140666961,-0.2060000151395797,0.0099999997764825,0.0,0.0499999970197677,-0.064167596399784,-0.0384392775595188,-9.778030395507812,0.0009715786436572,-0.0003719539672601,0.0001394988357787,100.0,16.200000762939453,47.3979722,8.5461635,attack,12.69
1776223729.9368646,2026-04-15T03:28:49.936865,normal_circle,1,47.398094343690424,8.546343945155474,0.1540000140666961,-0.2060000151395797,0.0099999997764825,0.0,0.0499999970197677,-0.064167596399784,-0.0384392775595188,-9.778030395507812,0.0009715786436572,-0.0003719539672601,0.0001394988357787,100.0,16.200000762939453,47.3979722,8.5461635,attack,12.795
1776223730.0389867,2026-04-15T03:28:50.038987,normal_circle,1,47.3980953185427,8.546345385322944,0.1540000140666961,-0.2060000151395797,0.0099999997764825,0.0,0.0499999970197677,-0.0680440515279769,-0.0416210182011127,-9.782777786254885,0.0002993896778207,0.0001087031050701,0.000393693044316,100.0,16.200000762939453,47.3979722,8.5461635,attack,12.897
1776223730.140322,2026-04-15T03:28:50.140322,normal_circle,1,47.39809628588439,8.546346814394898,0.1540000140666961,-0.2060000151395797,0.0099999997764825,0.0,0.0499999970197677,-0.0680440515279769,-0.0416210182011127,-9.782777786254885,0.0002993896778207,0.0001087031050701,0.000393693044316,100.0,16.200000762939453,47.3979722,8.5461635,attack,12.999
1776223730.2422075,2026-04-15T03:28:50.242208,normal_circle,1,47.39809725847894,8.54634825122699,0.1540000140666961,-0.2070000171661377,0.0099999997764825,0.0,0.0499999970197677,-0.0679950714111328,-0.0356987714767456,-9.780290603637695,-0.0007394432323053,-0.0009575361036695,0.0001084463001461,100.0,16.200000762939453,47.3979722,8.5461635,attack,13.101
1776223730.3454037,2026-04-15T03:28:50.345404,normal_circle,1,47.39809824358428,8.546349706541516,0.1540000140666961,-0.2070000171661377,0.0099999997764825,0.0,0.0499999970197677,-0.0642714127898216,-0.0436178147792816,-9.78196907043457,-0.0001384996285196,0.0004017606261186,0.0007399147725664,100.0,16.200000762939453,47.3979722,8.5461635,attack,13.204
1776223730.4472053,2026-04-15T03:28:50.447205,normal_circle,1,47.3980992153777,8.546351242190084,0.1540000140666961,-0.2070000171661377,0.0099999997764825,0.0,0.0499999970197677,-0.0790054947137832,-0.0447193793952465,-9.782552719116213,0.0006935731507837,0.0001514367468189,-0.0003045544726774,100.0,16.200000762939453,47.3979722,8.5461636,attack,13.306
1776223730.5496137,2026-04-15T03:28:50.549613,normal_circle,1,47.39810019296336,8.546352686395647,0.1540000140666961,-0.2070000171661377,0.0099999997764825,0.0,0.0499999970197677,-0.0650548934936523,-0.0403055399656295,-9.78007984161377,-8.991605136543512e-05,0.0006539809401147,-8.34567763376981e-05,100.0,16.200000762939453,47.3979722,8.5461636,attack,13.408
1776223730.6541898,2026-04-15T03:28:50.654190,normal_circle,1,47.39810119124181,8.546354161171033,0.1540000140666961,-0.2070000171661377,0.0099999997764825,0.0,0.0499999970197677,-0.0600760430097579,-0.035205204039812,-9.777341842651367,0.0005480502732098,-0.0003470851224847,0.0001161083200713,100.0,16.200000762939453,47.3979722,8.5461636,attack,13.513
1776223730.756763,2026-04-15T03:28:50.756763,normal_circle,1,47.398102170400136,8.546355607699931,0.1540000140666961,-0.2070000171661377,0.0099999997764825,0.0099999997764825,0.0499999970197677,-0.068006582558155,-0.0306772254407405,-9.779951095581056,0.0002565870818216,-0.0002439163799863,-0.0007148318691179,100.0,16.200000762939453,47.3979722,8.5461636,attack,13.615
1776223730.8697903,2026-04-15T03:28:50.869790,normal_circle,1,47.39810324935354,8.54635720165795,0.1540000140666961,-0.2070000171661377,0.0099999997764825,0.0099999997764825,0.0499999970197677,-0.0729011073708534,-0.0387639179825782,-9.78260326385498,-0.001306677237153,-0.000140590214869,-0.0004182005650363,100.0,16.200000762939453,47.3979722,8.5461636,attack,13.728
1776223730.9811726,2026-04-15T03:28:50.981173,normal_circle,1,47.39810431260302,8.546358772416257,0.1540000140666961,-0.2070000171661377,0.0099999997764825,0.0099999997764825,0.0499999970197677,-0.0729011073708534,-0.0387639179825782,-9.78260326385498,-0.001306677237153,-0.000140590214869,-0.0004182005650363,100.0,16.200000762939453,47.3979722,8.5461636,attack,13.84
1776223731.0914571,2026-04-15T03:28:51.091457,normal_circle,1,47.3981053653741,8.546360327694641,0.1540000140666961,-0.2070000171661377,0.0099999997764825,0.0099999997764825,0.0499999970197677,-0.0654502883553505,-0.0343609079718589,-9.785185813903809,-0.0002194396656705,0.0005728493561036,-0.0001394139108015,100.0,16.200000762939453,47.3979722,8.5461636,attack,13.95
1776223731.1934144,2026-04-15T03:28:51.193414,normal_circle,1,47.3981063386537,8.546361765538776,0.1540000140666961,-0.2070000171661377,0.0099999997764825,0.0099999997764825,0.0499999970197677,-0.0654502883553505,-0.0343609079718589,-9.785185813903809,-0.0002194396656705,0.0005728493561036,-0.0001394139108015,100.0,16.200000762939453,47.3979722,8.5461636,attack,14.052
1776223731.296083,2026-04-15T03:28:51.296083,normal_circle,1,47.3981073187224,8.546363213412585,0.1540000140666961,-0.2070000171661377,0.0099999997764825,0.0099999997764825,0.0499999970197677,-0.0734995380043983,-0.0367109738290309,-9.77996063232422,0.0006078492151573,0.0005356424371711,-0.000858561892528,100.0,16.200000762939453,47.3979722,8.5461636,attack,14.155
1776223731.403142,2026-04-15T03:28:51.403142,normal_circle,1,47.3981083407024,8.546364723202723,0.1540000140666961,-0.2070000171661377,0.0099999997764825,0.0099999997764825,0.0499999970197677,-0.0670729950070381,-0.0472942478954792,-9.787556648254396,-0.0006195856258273,0.0007814462878741,-0.0005726848612539,100.0,16.200000762939453,47.3979722,8.5461636,attack,14.262
1776223731.5071518,2026-04-15T03:28:51.507152,normal_circle,1,47.398109333575505,8.546366189992701,0.1540000140666961,-0.2070000171661377,0.0099999997764825,0.0099999997764825,0.0499999970197677,-0.0732263773679733,-0.0388066582381725,-9.778953552246094,0.0011923656566068,0.0009538074373267,6.176930037327111e-05,100.0,16.200000762939453,47.3979722,8.5461636,attack,14.366
1776223731.6110008,2026-04-15T03:28:51.611001,normal_circle,1,47.39811032491235,8.546367654513142,0.1540000140666961,-0.2070000171661377,0.0099999997764825,0.0099999997764825,0.0499999970197677,-0.0648722052574157,-0.0364846736192703,-9.782177925109863,9.270046575693414e-05,0.0004589415329974,0.0004768496146425,100.0,16.200000762939453,47.3979722,8.5461636,attack,14.469
1776223731.7131555,2026-04-15T03:28:51.713156,normal_circle,1,47.39811130007642,8.546369095141245,0.1540000140666961,-0.2070000171661377,0.0099999997764825,0.0099999997764825,0.0499999970197677,-0.0731580555438995,-0.036693163216114,-9.78697681427002,0.0004485922108869,0.0001952828897628,-0.00034472765401,100.0,16.200000762939453,47.3979722,8.5461636,attack,14.572
1776223731.8201845,2026-04-15T03:28:51.820184,normal_circle,1,47.39811232176965,8.546370604507736,0.1540000140666961,-0.2060000151395797,0.0099999997764825,0.0099999997764825,0.0499999970197677,-0.0731580555438995,-0.036693163216114,-9.78697681427002,0.0004485922108869,0.0001952828897628,-0.00034472765401,100.0,16.200000762939453,47.3979722,8.5461636,attack,14.679
1776223731.92687,2026-04-15T03:28:51.926870,normal_circle,1,47.39811334018554,8.54637210903255,0.1540000140666961,-0.2060000151395797,0.0099999997764825,0.0099999997764825,0.0499999970197677,-0.0734244957566261,-0.0415599718689918,-9.772891998291016,-6.849897908978164e-05,-0.0004629922914318,0.0014805549290031,100.0,16.200000762939453,47.3979722,8.5461636,attack,14.785
1776223732.0316496,2026-04-15T03:28:52.031650,normal_circle,1,47.39811434040535,8.546373586675957,0.1540000140666961,-0.2060000151395797,0.0099999997764825,0.0099999997764825,0.0499999970197677,-0.0734244957566261,-0.0415599718689918,-9.772891998291016,-6.849897908978164e-05,-0.0004629922914318,0.0014805549290031,100.0,16.200000762939453,47.3979722,8.5461636,attack,14.89
1776223732.135007,2026-04-15T03:28:52.135007,normal_circle,1,47.39811532704922,8.546375044263383,0.1540000140666961,-0.2060000151395797,0.0099999997764825,0.0099999997764825,0.0499999970197677,-0.0663484409451484,-0.0409253537654876,-9.78149127960205,-0.0004676805692724,0.0003119730681646,-0.0006929376395419,100.0,16.200000762939453,47.3979722,8.5461636,attack,14.993
1776223732.236644,2026-04-15T03:28:52.236644,normal_circle,1,47.398116297272246,8.54637647759198,0.1540000140666961,-0.2060000151395797,0.0099999997764825,0.0099999997764825,0.0499999970197677,-0.0663484409451484,-0.0409253537654876,-9.78149127960205,-0.0004676805692724,0.0003119730681646,-0.0006929376395419,100.0,16.200000762939453,47.3979722,8.5461636,attack,15.095
1776223732.3375907,2026-04-15T03:28:52.337591,normal_circle,1,47.39811726090417,8.546377901183424,0.1540000140666961,-0.2060000151395797,0.0099999997764825,0.0099999997764825,0.0499999970197677,-0.0613875910639762,-0.0379541553556919,-9.777235984802246,0.0005287793464958,-0.0001300810399698,0.0002142956946045,100.0,16.200000762939453,47.3979722,8.5461636,attack,15.196
1776223732.440046,2026-04-15T03:28:52.440046,normal_circle,1,47.398118238938196,8.546379346051356,0.1540000140666961,-0.2070000171661377,0.0099999997764825,0.0099999997764825,0.0499999970197677,-0.0637581720948219,-0.0450873933732509,-9.777533531188965,0.000994378933683,0.0014364399248734,-0.0008961850544437,100.0,16.200000762939453,47.3979722,8.5461636,attack,15.299
1776223732.5440006,2026-04-15T03:28:52.544001,normal_circle,1,47.39811923128328,8.546380812061287,0.1540000140666961,-0.2070000171661377,0.0099999997764825,0.0099999997764825,0.0499999970197677,-0.053890187293291,-0.0325497239828109,-9.777389526367188,0.0003859763091895,0.000102577607322,0.0002267698873765,100.0,16.200000762939453,47.3979722,8.5461636,attack,15.402
1776223732.6465738,2026-04-15T03:28:52.646574,normal_circle,1,47.39812021044161,8.546382258590183,0.1540000140666961,-0.2070000171661377,0.0099999997764825,0.0099999997764825,0.0499999970197677,-0.0628032833337783,-0.034349113702774,-9.775664329528809,-0.0008455517818219,-8.273896673927084e-05,-0.0010342126479372,100.0,16.200000762939453,47.3979722,8.5461636,attack,15.505
1776223732.7488518,2026-04-15T03:28:52.748852,normal_circle,1,47.39812118678234,8.546383700956582,0.1540000140666961,-0.2070000171661377,0.0099999997764825,0.0099999997764825,0.0499999970197677,-0.0720324367284774,-0.0406223461031913,-9.781377792358398,-9.898974531097338e-05,0.0002902405685745,0.0003864733735099,100.0,16.200000762939453,47.3979722,8.5461636,attack,15.607
1776223732.8509018,2026-04-15T03:28:52.850902,normal_circle,1,47.39812216094728,8.546385140108644,0.1540000140666961,-0.2070000171661377,0.0099999997764825,0.0099999997764825,0.0499999970197677,-0.0643638595938682,-0.0338111668825149,-9.778656005859377,-0.0001799887832021,0.0005182930035516,-0.0002249913522973,100.0,16.200000762939453,47.3979722,8.5461636,attack,15.709
1776223732.9551651,2026-04-15T03:28:52.955165,normal_circle,1,47.3981231562397,8.546386610472721,0.1540000140666961,-0.2070000171661377,0.0099999997764825,0.0099999997764825,0.0499999970197677,-0.0643638595938682,-0.0338111668825149,-9.778656005859377,-0.0001799887832021,0.0005182930035516,-0.0002249913522973,100.0,16.200000762939453,47.3979722,8.5461636,attack,15.814
1776223733.0611832,2026-04-15T03:28:53.061183,normal_circle,1,47.398124168282976,8.54638810558316,0.1540000140666961,-0.2070000171661377,0.0099999997764825,0.0099999997764825,0.0499999970197677,-0.0658132955431938,-0.0437873229384422,-9.775409698486328,0.000621436687652,0.0002604953479021,-0.0004756339476443,100.0,16.200000762939453,47.3979722,8.5461636,attack,15.92
1776223733.164995,2026-04-15T03:28:53.164995,normal_circle,1,47.39812515926478,8.546389569579086,0.1540000140666961,-0.2070000171661377,0.0099999997764825,0.0099999997764825,0.0499999970197677,-0.0658132955431938,-0.0437873229384422,-9.775409698486328,0.000621436687652,0.0002604953479021,-0.0004756339476443,100.0,16.200000762939453,47.3979722,8.5461636,attack,16.023
1776223733.2676256,2026-04-15T03:28:53.267626,normal_circle,1,47.39812613897161,8.54639101691829,0.1540000140666961,-0.2070000171661377,0.0099999997764825,0.0099999997764825,0.0499999970197677,-0.0658132955431938,-0.0437873229384422,-9.775409698486328,0.000621436687652,0.0002604953479021,-0.0004756339476443,100.0,16.200000762939453,47.3979722,8.5461636,attack,16.126
1776223733.371169,2026-04-15T03:28:53.371169,normal_circle,1,47.39812712739299,8.546392477131656,0.1520000100135803,-0.2080000042915344,0.0099999997764825,0.0099999997764825,0.0499999970197677,-0.0665982291102409,-0.0309458468109369,-9.785497665405272,-0.0002307244722032,-0.0002803079260047,-0.0001220098201883,100.0,16.200000762939453,47.3979722,8.5461636,attack,16.23
1776223733.4771488,2026-04-15T03:28:53.477149,normal_circle,1,47.39812813906984,8.546393971700766,0.1520000100135803,-0.2080000042915344,0.0099999997764825,0.0099999997764825,0.0499999970197677,-0.0677508637309074,-0.0401692800223827,-9.782812118530272,-0.0003356991510372,-0.0002461889525875,-0.0003127240343019,100.0,16.200000762939453,47.3979722,8.5461636,attack,16.336
1776223733.579908,2026-04-15T03:28:53.579908,normal_circle,1,47.398129120003404,8.54639542085224,0.1520000100135803,-0.2080000042915344,0.0099999997764825,0.0099999997764825,0.0499999970197677,-0.0677508637309074,-0.0401692800223827,-9.782812118530272,-0.0003356991510372,-0.0002461889525875,-0.0003127240343019,100.0,16.200000762939453,47.3979722,8.5461636,attack,16.438
1776223733.681341,2026-04-15T03:28:53.681341,normal_circle,1,47.39813008827823,8.546396951302727,0.1520000100135803,-0.2080000042915344,0.0099999997764825,0.0099999997764825,0.0499999970197677,-0.0687115788459777,-0.028709327802062,-9.777735710144045,0.0005100299604237,0.0012566265650093,-0.000971395347733,100.0,16.200000762939453,47.3979722,8.5461637,attack,16.54
1776223733.782924,2026-04-15T03:28:53.782924,normal_circle,1,47.398131057984614,8.546398383868087,0.1520000100135803,-0.2080000042915344,0.0099999997764825,0.0099999997764825,0.0499999970197677,-0.070972129702568,-0.0353117398917675,-9.784119606018066,-0.0006650762516073,8.482028351863846e-05,3.677104541566223e-05,100.0,16.200000762939453,47.3979722,8.5461637,attack,16.641
1776223733.8850758,2026-04-15T03:28:53.885076,normal_circle,1,47.39813203312138,8.546399824455841,0.1520000100135803,-0.2080000042915344,0.0099999997764825,0.0099999997764825,0.0499999970197677,-0.070972129702568,-0.0353117398917675,-9.784119606018066,-0.0006650762516073,8.482028351863846e-05,3.677104541566223e-05,100.0,16.200000762939453,47.3979722,8.5461637,attack,16.744
1776223733.988795,2026-04-15T03:28:53.988795,normal_circle,1,47.39813302322012,8.546401287147205,0.1520000100135803,-0.2080000042915344,0.0099999997764825,0.0099999997764825,0.0499999970197677,-0.0693943873047828,-0.0372129157185554,-9.780961036682127,-8.225311466958374e-05,-0.0004431910347193,-0.0020953402854502,100.0,16.200000762939453,47.3979722,8.5461637,attack,16.847
1776223734.0959766,2026-04-15T03:28:54.095977,normal_circle,1,47.39813404636994,8.546402798665554,0.1520000100135803,-0.2080000042915344,0.0099999997764825,0.0099999997764825,0.0499999970197677,-0.0693943873047828,-0.0372129157185554,-9.780961036682127,-8.225311466958374e-05,-0.0004431910347193,-0.0020953402854502,100.0,16.200000762939453,47.3979722,8.5461637,attack,16.954
1776223734.1994288,2026-04-15T03:28:54.199429,normal_circle,1,47.39813503391964,8.546404257591165,0.1520000100135803,-0.2080000042915344,0.0099999997764825,0.0099999997764825,0.0499999970197677,-0.0627822503447532,-0.0455787666141986,-9.780951499938965,-0.0003245581174269,-8.955592784332111e-05,-0.0011400692164897,100.0,16.200000762939453,47.3979722,8.5461637,attack,17.058
1776223734.3016994,2026-04-15T03:28:54.301699,normal_circle,1,47.398136010189816,8.546405699853334,0.1520000100135803,-0.2090000063180923,0.0099999997764825,0.0099999997764825,0.0499999970197677,-0.0698475539684295,-0.0385968536138534,-9.78695583343506,-3.5639925044961274e-05,-0.0004565923300106,-0.0013079470954835,100.0,16.200000762939453,47.3979722,8.5461637,attack,17.16
1776223734.4050229,2026-04-15T03:28:54.405023,normal_circle,1,47.39813699651051,8.546407156963316,0.1520000100135803,-0.2090000063180923,0.0099999997764825,0.0099999997764825,0.0499999970197677,-0.0691503807902336,-0.039015769958496,-9.778325080871582,-0.0005528726032935,-0.0014593093656003,7.00995879014954e-05,100.0,16.200000762939453,47.3979722,8.5461637,attack,17.263
1776223734.510876,2026-04-15T03:28:54.510876,normal_circle,1,47.39813800697884,8.546408649747057,0.1520000100135803,-0.2080000042915344,0.0099999997764825,0.0099999997764825,0.0399999991059303,-0.066798061132431,-0.0421632342040538,-9.779411315917969,0.0006262959796003,0.0002627867215778,-0.0008081192499957,100.0,16.200000762939453,47.3979722,8.5461637,attack,17.369
1776223734.6125731,2026-04-15T03:28:54.612573,normal_circle,1,47.398138977775396,8.54641008392295,0.1530000120401382,-0.2070000171661377,0.0099999997764825,0.0099999997764825,0.0299999993294477,-0.0676806569099426,-0.0364050082862377,-9.788235664367676,-0.0003739515668712,0.0003566821978893,-0.0004239858826622,100.0,16.200000762939453,47.3979722,8.5461637,attack,17.471
1776223734.715049,2026-04-15T03:28:54.715049,normal_circle,1,47.39813995600515,8.546411429080038,0.1540000140666961,-0.2060000151395797,0.0099999997764825,0.0099999997764825,0.0099999997764825,-0.0635146796703338,-0.0410076081752777,-9.776581764221191,-9.313307236880064e-05,-0.0003743666457012,0.0002387363638263,100.0,16.200000762939453,47.3979722,8.5461636,attack,17.574
1776223734.8208926,2026-04-15T03:28:54.820893,normal_circle,1,47.39814096638244,8.546412921729289,0.1550000011920929,-0.2060000151395797,0.0099999997764825,0.0099999997764825,0.0099999997764825,-0.0666808038949966,-0.0448910966515541,-9.793265342712402,0.0014121014392003,-0.0008615985279902,-0.001036665868014,100.0,16.200000762939453,47.3979722,8.5461636,attack,17.679
1776223734.9242933,2026-04-15T03:28:54.924293,normal_circle,1,47.398141953440536,8.546414379928649,0.1550000011920929,-0.2060000151395797,0.0099999997764825,0.0099999997764825,0.0099999997764825,-0.0666808038949966,-0.0448910966515541,-9.793265342712402,0.0014121014392003,-0.0008615985279902,-0.001036665868014,100.0,16.200000762939453,47.3979722,8.5461636,attack,17.783
1776223735.0265782,2026-04-15T03:28:55.026578,normal_circle,1,47.398142929847275,8.546415822392554,0.1560000032186508,-0.2050000131130218,0.0099999997764825,0.0099999997764825,0.0,-0.0674333870410919,-0.03537492826581,-9.77719497680664,-4.0879494918044657e-05,6.174321606522426e-05,-0.000460221490357,100.0,16.200000762939453,47.3979722,8.5461636,attack,17.885
1776223735.127324,2026-04-15T03:28:55.127324,normal_circle,1,47.39814389156286,8.546417243152959,0.1560000032186508,-0.2050000131130218,0.0099999997764825,0.0099999997764825,0.0,-0.0674333870410919,-0.03537492826581,-9.77719497680664,-4.0879494918044657e-05,6.174321606522426e-05,-0.000460221490357,100.0,16.200000762939453,47.3979722,8.5461636,attack,17.986
1776223735.2283475,2026-04-15T03:28:55.228348,normal_circle,1,47.39814485592764,8.546418667827057,0.1570000052452087,-0.203000009059906,0.0099999997764825,0.0099999997764825,0.0,-0.0671826377511024,-0.0430333502590656,-9.777365684509276,0.0004305719921831,0.0004460184427443,6.400520214810967e-05,100.0,16.200000762939453,47.3979722,8.5461636,attack,18.087
1776223735.3308594,2026-04-15T03:28:55.330859,normal_circle,1,47.39814583450106,8.546420113491848,0.1590000092983245,-0.202000007033348,0.0099999997764825,0.0099999997764825,0.0,-0.0741066858172416,-0.0396479032933712,-9.784098625183104,0.000500080815982,-0.000411281682318,0.0006609231350012,100.0,16.200000762939453,47.3979722,8.5461636,attack,18.189
1776223735.4340212,2026-04-15T03:28:55.434021,normal_circle,1,47.398146819278665,8.546421568322208,0.1590000092983245,-0.202000007033348,0.0099999997764825,0.0099999997764825,0.0,-0.0741066858172416,-0.0396479032933712,-9.784098625183104,0.000500080815982,-0.000411281682318,0.0006609231350012,100.0,16.200000762939453,47.3979722,8.5461636,attack,18.292
1776223735.5351882,2026-04-15T03:28:55.535188,normal_circle,1,47.398147785013556,8.546422995020395,0.1610000133514404,-0.1990000158548355,0.0099999997764825,0.0099999997764825,-0.0099999997764825,-0.0769152119755745,-0.0413995571434497,-9.783839225769045,-0.0007416922017,-0.0002538575790822,-0.0010777458082884,100.0,16.200000762939453,47.3979722,8.5461636,attack,18.394
1776223735.639483,2026-04-15T03:28:55.639483,normal_circle,1,47.39814878060639,8.546424465828293,0.1620000004768371,-0.1980000138282776,0.0099999997764825,0.0099999997764825,-0.0099999997764825,-0.0659866333007812,-0.0341828614473342,-9.78233528137207,0.0013585365377366,0.0009217608603648,-0.000243061222136,100.0,16.200000762939453,47.3979722,8.5461636,attack,18.498
1776223735.7418854,2026-04-15T03:28:55.741885,normal_circle,1,47.39814975813516,8.5464259099498,0.1620000004768371,-0.1980000138282776,0.0099999997764825,0.0099999997764825,-0.0099999997764825,-0.069687619805336,-0.032403253018856,-9.772345542907717,0.0004680411075241,-0.0015847699251025,0.0010480969212949,100.0,16.200000762939453,47.3979722,8.5461636,attack,18.6
1776223735.853642,2026-04-15T03:28:55.853642,normal_circle,1,47.398150824957845,8.546427485986882,0.164000004529953,-0.1960000097751617,0.0099999997764825,0.0099999997764825,-0.0199999995529651,-0.069687619805336,-0.032403253018856,-9.772345542907717,0.0004680411075241,-0.0015847699251025,0.0010480969212949,100.0,16.200000762939453,47.3979722,8.5461636,attack,18.712
1776223735.9548535,2026-04-15T03:28:55.954854,normal_circle,1,47.39815179111833,8.546428913313816,0.164000004529953,-0.1960000097751617,0.0099999997764825,0.0099999997764825,-0.0199999995529651,-0.069687619805336,-0.032403253018856,-9.772345542907717,0.0004680411075241,-0.0015847699251025,0.0010480969212949,100.0,16.200000762939453,47.3979722,8.5461636,attack,18.813
1776223736.0625691,2026-04-15T03:28:56.062569,normal_circle,1,47.398152819366246,8.546430432363666,0.1660000085830688,-0.1940000057220459,0.0099999997764825,0.0099999997764825,-0.0199999995529651,-0.0669233128428459,-0.036189928650856,-9.782315254211426,2.2209602320799604e-05,0.0003992967249359,-8.441213140031323e-05,100.0,16.200000762939453,47.3979722,8.5461636,attack,18.921
1776223736.1650052,2026-04-15T03:28:56.165005,normal_circle,1,47.39815379721592,8.546431876959254,0.1660000085830688,-0.1940000057220459,0.0099999997764825,0.0099999997764825,-0.0199999995529651,-0.0669233128428459,-0.036189928650856,-9.782315254211426,2.2209602320799604e-05,0.0003992967249359,-8.441213140031323e-05,100.0,16.200000762939453,47.3979722,8.5461636,attack,19.023
1776223736.2705488,2026-04-15T03:28:56.270549,normal_circle,1,47.39815480473009,8.54643336537876,0.1690000146627426,-0.1910000145435333,0.0099999997764825,0.0099999997764825,-0.0299999993294477,-0.0721369236707687,-0.0386665686964988,-9.778196334838867,-0.0011072570923715,0.0006529218517243,-0.0003514158888719,100.0,16.200000762939453,47.3979722,8.5461636,attack,19.129
1776223736.3769815,2026-04-15T03:28:56.376982,normal_circle,1,47.39815582073121,8.546434866336197,0.1730000078678131,-0.1870000064373016,0.0099999997764825,0.0099999997764825,-0.0399999991059303,-0.0598182268440723,-0.0330506339669227,-9.78142261505127,0.0009041285375133,1.5590194379910829e-06,0.0001601977855898,100.0,16.200000762939453,47.3979722,8.5461636,attack,19.235
1776223736.4788928,2026-04-15T03:28:56.478893,normal_circle,1,47.39815679357156,8.546436303531413,0.1760000139474868,-0.1850000023841858,0.0099999997764825,0.0,-0.0499999970197677,-0.06387360394001,-0.0320522338151931,-9.775636672973633,0.0003128138487227,-0.0002651746908668,-0.0006224194657988,100.0,16.200000762939453,47.3979722,8.5461636,attack,19.337
1776223736.58101,2026-04-15T03:28:56.581010,normal_circle,1,47.39815776837831,8.546437743631637,0.1820000112056732,-0.1790000051259994,0.0099999997764825,0.0,-0.0599999986588954,-0.067806601524353,-0.0351651310920715,-9.789298057556152,0.0005698906024917,6.507918442366645e-05,-0.0004828975652344,100.0,16.200000762939453,47.3979722,8.5461636,attack,19.439
1776223736.687116,2026-04-15T03:28:56.687116,normal_circle,1,47.39815878125913,8.546439239979392,0.1820000112056732,-0.1790000051259994,0.0099999997764825,0.0,-0.0599999986588954,-0.067806601524353,-0.0351651310920715,-9.789298057556152,0.0005698906024917,6.507918442366645e-05,-0.0004828975652344,100.0,16.200000762939453,47.3979722,8.5461636,attack,19.546
1776223736.7936156,2026-04-15T03:28:56.793616,normal_circle,1,47.39815979789979,8.546440741881629,0.1820000112056732,-0.1790000051259994,0.0099999997764825,0.0,-0.0599999986588954,-0.067806601524353,-0.0351651310920715,-9.789298057556152,0.0005698906024917,6.507918442366645e-05,-0.0004828975652344,100.0,16.200000762939453,47.3979722,8.5461636,attack,19.652
1776223736.89679,2026-04-15T03:28:56.896790,normal_circle,1,47.39816078279802,8.546442196890188,0.1850000023841858,-0.1760000139474868,0.0099999997764825,0.0,-0.0599999986588954,-0.0626713335514068,-0.0339204110205173,-9.78399658203125,-0.0001391045516356,-0.0005080111441202,0.0009179331245832,100.0,16.200000762939453,47.3979722,8.5461636,attack,19.755
1776223736.9992578,2026-04-15T03:28:56.999258,normal_circle,1,47.398161760950394,8.546443641932958,0.1850000023841858,-0.1760000139474868,0.0099999997764825,0.0,-0.0599999986588954,-0.0626713335514068,-0.0339204110205173,-9.78399658203125,-0.0001391045516356,-0.0005080111441202,0.0009179331245832,100.0,16.200000762939453,47.3979722,8.5461636,attack,19.858
1776223737.105382,2026-04-15T03:28:57.105382,normal_circle,1,47.398162774006465,8.54644513853961,0.1850000023841858,-0.1760000139474868,0.0099999997764825,0.0,-0.0599999986588954,-0.0626713335514068,-0.0339204110205173,-9.78399658203125,-0.0001391045516356,-0.0005080111441202,0.0009179331245832,100.0,16.200000762939453,47.3979722,8.5461636,attack,19.964
1776223737.2091365,2026-04-15T03:28:57.209136,normal_circle,1,47.39816376444204,8.54644660172859,0.1880000084638595,-0.1720000058412552,0.0099999997764825,0.0,-0.0700000002980232,-0.0651988834142685,-0.037709292024374,-9.778217315673828,0.0001289383799303,-0.0001410671247867,-0.0003112399717792,100.0,16.200000762939453,47.3979722,8.5461636,attack,20.068
1776223737.3101418,2026-04-15T03:28:57.310142,normal_circle,1,47.398164728633844,8.546448026147154,0.1880000084638595,-0.1720000058412552,0.0099999997764825,0.0,-0.0700000002980232,-0.0651988834142685,-0.037709292024374,-9.778217315673828,0.0001289383799303,-0.0001410671247867,-0.0003112399717792,100.0,16.200000762939453,47.3979722,8.5461636,attack,20.169
1776223737.414086,2026-04-15T03:28:57.414086,normal_circle,1,47.39816572088107,8.546449492012504,0.1910000145435333,-0.1690000146627426,0.0099999997764825,0.0,-0.0700000002980232,-0.0642126873135566,-0.0369662679731845,-9.77392578125,0.0003790835326071,-0.0012076225830242,-0.0003162404173053,100.0,16.200000762939453,47.3979722,8.5461636,attack,20.273
1776223737.5252657,2026-04-15T03:28:57.525265,normal_circle,1,47.39816678219599,8.546451059912878,0.1940000057220459,-0.1670000106096267,0.0099999997764825,0.0,-0.0700000002980232,-0.0690587162971496,-0.0370664522051811,-9.788850784301758,0.0002202279865741,-0.0005934701184742,-0.0003886142512783,100.0,16.200000762939453,47.3979722,8.5461636,attack,20.384
1776223737.6322548,2026-04-15T03:28:57.632255,normal_circle,1,47.398167803509146,8.546452568717868,0.1940000057220459,-0.1670000106096267,0.0099999997764825,0.0,-0.0700000002980232,-0.0690587162971496,-0.0370664522051811,-9.788850784301758,0.0002202279865741,-0.0005934701184742,-0.0003886142512783,100.0,16.200000762939453,47.3979722,8.5461636,attack,20.491
1776223737.7386096,2026-04-15T03:28:57.738610,normal_circle,1,47.39816881876604,8.54645406857584,0.1960000097751617,-0.164000004529953,0.0099999997764825,0.0,-0.0799999982118606,-0.0664490982890129,-0.0345932692289352,-9.782227516174316,-0.0001803371851565,0.0002616994315758,0.0012495385017246,100.0,16.200000762939453,47.3979722,8.5461636,attack,20.597
1776223737.8413255,2026-04-15T03:28:57.841326,normal_circle,1,47.39816979928765,8.546455517118742,0.2010000050067901,-0.1590000092983245,0.0099999997764825,0.0,-0.0799999982118606,-0.0694218277931213,-0.0417104810476303,-9.77798843383789,-3.078281224588864e-05,-0.0006190926069393,-0.0005264253122732,100.0,16.200000762939453,47.3979722,8.5461636,attack,20.7
1776223737.9520762,2026-04-15T03:28:57.952076,normal_circle,1,47.39817085650818,8.546457078970377,0.2010000050067901,-0.1590000092983245,0.0099999997764825,0.0,-0.0799999982118606,-0.0694218277931213,-0.0417104810476303,-9.77798843383789,-3.078281224588864e-05,-0.0006190926069393,-0.0005264253122732,100.0,16.200000762939453,47.3979722,8.5461636,attack,20.811
1776223738.06044,2026-04-15T03:28:58.060440,normal_circle,1,47.398171890944354,8.54645860716226,0.2040000110864639,-0.1570000052452087,0.0099999997764825,0.0,-0.0799999982118606,-0.0680466964840889,-0.0411071367561817,-9.772700309753418,2.05408432520926e-05,-0.0006091690738685,-0.0004836900334339,100.0,16.200000762939453,47.3979722,8.5461636,attack,20.919
1776223738.167013,2026-04-15T03:28:58.167013,normal_circle,1,47.398172908283726,8.546460110096715,0.2040000110864639,-0.1570000052452087,0.0099999997764825,0.0,-0.0799999982118606,-0.0680466964840889,-0.0411071367561817,-9.772700309753418,2.05408432520926e-05,-0.0006091690738685,-0.0004836900334339,100.0,16.200000762939453,47.3979722,8.5461636,attack,21.025
1776223738.2712,2026-04-15T03:28:58.271200,normal_circle,1,47.398173902847844,8.546461579384864,0.2070000171661377,-0.1530000120401382,0.0099999997764825,0.0,-0.0799999982118606,-0.0671082809567451,-0.0382850542664527,-9.780037879943848,0.0005937631358392,5.670762766385451e-05,0.0001514464674983,100.0,16.200000762939453,47.3979722,8.5461636,attack,21.13
1776223738.3730466,2026-04-15T03:28:58.373047,normal_circle,1,47.39817487507141,8.546463015668904,0.2100000083446502,-0.1500000059604644,0.0099999997764825,0.0,-0.089999996125698,-0.0702398866415023,-0.037735179066658,-9.781193733215332,-0.0018631813582032,-3.955408465117216e-05,-0.0002705441438592,100.0,16.200000762939453,47.3979722,8.5461636,attack,21.232
1776223738.476748,2026-04-15T03:28:58.476748,normal_circle,1,47.39817586499946,8.546464478108096,0.2140000164508819,-0.1460000127553939,0.0099999997764825,0.0,-0.089999996125698,-0.073405921459198,-0.0423100888729095,-9.779255867004396,3.970203397329897e-05,0.00015424870071,-0.0005708984099328,100.0,16.200000762939453,47.3979722,8.5461636,attack,21.335
1776223738.579511,2026-04-15T03:28:58.579511,normal_circle,1,47.39817684596943,8.546465927313365,0.2140000164508819,-0.1460000127553939,0.0099999997764825,0.0,-0.089999996125698,-0.07256930321455,-0.0361792370676994,-9.785564422607422,8.664664346724749e-05,0.0002535250387154,-0.0011513829231262,100.0,16.200000762939453,47.3979722,8.5461636,attack,21.438
1776223738.6868489,2026-04-15T03:28:58.686849,normal_circle,1,47.39817787061227,8.546467441037368,0.2190000116825103,-0.1410000026226043,0.0099999997764825,0.0,-0.089999996125698,-0.069053903222084,-0.031453039497137,-9.780776023864746,-0.0010305241448804,9.087152284337208e-05,-0.0002062225103145,100.0,16.200000762939453,47.3979722,8.5461636,attack,21.545
1776223738.7985904,2026-04-15T03:28:58.798590,normal_circle,1,47.398178937291576,8.546469016862627,0.2190000116825103,-0.1410000026226043,0.0099999997764825,0.0,-0.089999996125698,-0.069053903222084,-0.031453039497137,-9.780776023864746,-0.0010305241448804,9.087152284337208e-05,-0.0002062225103145,100.0,16.200000762939453,47.3979722,8.5461636,attack,21.657
1776223738.903344,2026-04-15T03:28:58.903344,normal_circle,1,47.39817993726331,8.546470494139548,0.2190000116825103,-0.1410000026226043,0.0099999997764825,0.0,-0.089999996125698,-0.069053903222084,-0.031453039497137,-9.780776023864746,-0.0010305241448804,9.087152284337208e-05,-0.0002062225103145,100.0,16.200000762939453,47.3979722,8.5461636,attack,21.762
1776223739.0178142,2026-04-15T03:28:59.017814,normal_circle,1,47.39818102999065,8.546472108446066,0.2230000048875808,-0.1380000114440918,0.0099999997764825,0.0,-0.089999996125698,-0.0738972797989845,-0.0344057232141494,-9.781905174255373,0.0006089123780839,0.0001604915596544,-0.000112411507871,100.0,16.200000762939453,47.3979722,8.5461636,attack,21.876
1776223739.119186,2026-04-15T03:28:59.119186,normal_circle,1,47.39818199768057,8.54647353803245,0.2230000048875808,-0.1380000114440918,0.0099999997764825,0.0,-0.089999996125698,-0.0738972797989845,-0.0344057232141494,-9.781905174255373,0.0006089123780839,0.0001604915596544,-0.000112411507871,100.0,16.200000762939453,47.3979722,8.5461636,attack,21.978
1776223739.220652,2026-04-15T03:28:59.220652,normal_circle,1,47.39818296627175,8.546474968950294,0.2250000089406967,-0.135000005364418,0.0099999997764825,0.0,-0.089999996125698,-0.0762287527322769,-0.0352437011897563,-9.782492637634276,-0.0001180959152407,-0.0005414212937466,-0.000170594867086,100.0,16.200000762939453,47.3979722,8.5461636,attack,22.079
1776223739.323722,2026-04-15T03:28:59.323722,normal_circle,1,47.398183950170846,8.546476422482815,0.2290000170469284,-0.1310000121593475,0.0099999997764825,0.0,-0.089999996125698,-0.072541743516922,-0.0428226925432682,-9.77107048034668,0.0004497019399423,0.0004449679690878,6.284494884312153e-05,100.0,16.200000762939453,47.3979722,8.5461636,attack,22.182
1776223739.4288678,2026-04-15T03:28:59.428868,normal_circle,1,47.398184953888766,8.546477905294044,0.231000006198883,-0.1290000081062317,0.0099999997764825,0.0,-0.0999999940395355,-0.0699965804815292,-0.0397009365260601,-9.779060363769531,-0.0007110922015272,-0.0012216286268085,0.0007094643078744,100.0,16.200000762939453,47.3979722,8.5461636,attack,22.287
1776223739.5327084,2026-04-15T03:28:59.532708,normal_circle,1,47.398185945145954,8.546479369696804,0.2350000143051147,-0.1260000020265579,0.0099999997764825,0.0,-0.0999999940395355,-0.0909278243780136,-0.0412445217370986,-9.791500091552734,-0.0003199510392732,0.0014338425826281,0.0004137778887525,100.0,16.200000762939453,47.3979722,8.5461636,attack,22.391
1776223739.6348908,2026-04-15T03:28:59.634891,normal_circle,1,47.398186920574034,8.54648081071493,0.2360000163316726,-0.125,0.0099999997764825,0.0,-0.0999999940395355,-0.1133267432451248,-0.037623357027769,-9.79742431640625,0.0003218139172531,0.0029985758010298,-0.0004570325254462,100.0,16.200000762939453,47.3979722,8.5461636,attack,22.493
1776223739.7436604,2026-04-15T03:28:59.743660,normal_circle,1,47.398187958883845,8.546482344629405,0.2360000163316726,-0.125,0.0099999997764825,0.0,-0.0999999940395355,-0.1133267432451248,-0.037623357027769,-9.79742431640625,0.0003218139172531,0.0029985758010298,-0.0004570325254462,100.0,16.200000762939453,47.3979722,8.5461636,attack,22.602
1776223739.8557956,2026-04-15T03:28:59.855796,normal_circle,1,47.39818902932071,8.546483926005784,0.2380000054836273,-0.1230000033974647,0.0099999997764825,0.0,-0.0999999940395355,-0.1118035465478897,-0.0384412892162799,-9.811214447021484,-0.0001551746099721,0.0050845160149037,-0.0001575256173964,100.0,16.200000762939453,47.3979722,8.5461636,attack,22.714
1776223739.9618523,2026-04-15T03:28:59.961852,normal_circle,1,47.39819004173268,8.546485421660911,0.2380000054836273,-0.1230000033974647,0.0099999997764825,0.0,-0.0999999940395355,-0.1118035465478897,-0.0384412892162799,-9.811214447021484,-0.0001551746099721,0.0050845160149037,-0.0001575256173964,100.0,16.200000762939453,47.3979722,8.5461636,attack,22.82
1776223740.071136,2026-04-15T03:29:00.071136,normal_circle,1,47.3981910849494,8.546486962824456,0.2380000054836273,-0.1230000033974647,0.0099999997764825,0.0,-0.0999999940395355,-0.1118035465478897,-0.0384412892162799,-9.811214447021484,-0.0001551746099721,0.0050845160149037,-0.0001575256173964,100.0,16.200000762939453,47.3979722,8.5461636,attack,22.93
1776223740.1837163,2026-04-15T03:29:00.183717,normal_circle,1,47.398192159635435,8.546488550478205,0.2400000095367431,-0.1200000047683715,0.0099999997764825,0.0,-0.0999999940395355,-0.1567835509777069,-0.0405649505555629,-9.832060813903809,0.0003762150299735,0.0118856001645326,-0.0003703961265273,100.0,16.200000762939453,47.3979722,8.5461636,attack,23.042
1776223740.2869675,2026-04-15T03:29:00.286968,normal_circle,1,47.398193145266525,8.54649000656942,0.2440000176429748,-0.1160000041127204,0.0099999997764825,0.0,-0.0999999940395355,-0.1746536344289779,-0.0433756224811077,-9.844663619995115,-0.0002156139817088,0.0277361720800399,-0.0008862736285664,100.0,16.200000762939453,47.3979722,8.5461636,attack,23.145
1776223740.391008,2026-04-15T03:29:00.391008,normal_circle,1,47.398194138430945,8.546491473789768,0.2440000176429748,-0.1160000041127204,0.0099999997764825,0.0,-0.0999999940395355,-0.1746536344289779,-0.0433756224811077,-9.844663619995115,-0.0002156139817088,0.0277361720800399,-0.0008862736285664,100.0,16.200000762939453,47.3979722,8.5461636,attack,23.249
1776223740.4927454,2026-04-15T03:29:00.492745,normal_circle,1,47.39819510961213,8.546492908533885,0.2460000067949295,-0.1140000075101852,0.0099999997764825,0.0,-0.0999999940395355,-0.1762164235115051,-0.0420255959033966,-9.866470336914062,0.0005104629672132,0.0367945060133934,-0.0009961134055629,100.0,16.200000762939453,47.3979722,8.5461636,attack,23.351
1776223740.6750524,2026-04-15T03:29:00.675052,normal_circle,1,47.39819684990589,8.546495479502353,0.2520000040531158,-0.1080000028014183,0.0099999997764825,0.0,-0.1099999994039535,-0.0729548037052154,-0.0250064171850681,-10.028268814086914,0.0071133379824459,0.090039350092411,0.0051315138116478,100.0,16.200000762939453,47.3979722,8.5461636,attack,23.534
1776223740.7771711,2026-04-15T03:29:00.777171,normal_circle,1,47.398197824726296,8.54649691962275,0.2520000040531158,-0.1080000028014183,0.0099999997764825,0.0,-0.1099999994039535,-0.0729548037052154,-0.0250064171850681,-10.028268814086914,0.0071133379824459,0.090039350092411,0.0051315138116478,100.0,16.200000762939453,47.3979722,8.5461636,attack,23.636
1776223740.880679,2026-04-15T03:29:00.880679,normal_circle,1,47.39819881280628,8.546498379331773,0.2550000250339508,-0.1050000041723251,0.0099999997764825,0.0,-0.1199999973177909,-0.0615540742874145,-0.0477003939449787,-10.090768814086914,0.0149912172928452,0.1067571341991424,0.0064123421907424,100.0,16.200000762939453,47.3979722,8.5461636,attack,23.739
1776223740.9831064,2026-04-15T03:29:00.983106,normal_circle,1,47.39819979057402,8.54649972380632,0.2569999992847442,-0.1030000075697898,0.0099999997764825,0.0,-0.1199999973177909,-0.0694242566823959,-0.0391810983419418,-10.139365196228027,0.0200895257294178,0.1056088134646415,0.0053433328866958,100.0,16.200000762939453,47.3979722,8.5461635,attack,23.842
1776223741.0848536,2026-04-15T03:29:01.084854,normal_circle,1,47.39820076184853,8.54650115868829,0.2569999992847442,-0.1030000075697898,0.0099999997764825,0.0,-0.1199999973177909,-0.0694242566823959,-0.0391810983419418,-10.139365196228027,0.0200895257294178,0.1056088134646415,0.0053433328866958,100.0,16.200000762939453,47.3979722,8.5461635,attack,23.943
1776223741.1868536,2026-04-15T03:29:01.186854,normal_circle,1,47.39820173553552,8.546502597134273,0.2600000202655792,-0.101000003516674,0.0099999997764825,-0.0099999997764825,-0.1299999952316284,-0.0598974376916885,-0.0398696698248386,-10.231427192687988,0.0212744381278753,0.0876992270350456,0.0051221922039985,100.0,16.200000762939453,47.3979722,8.5461635,attack,24.045
1776223741.2942958,2026-04-15T03:29:01.294296,normal_circle,1,47.39820276117294,8.546504112327591,0.2630000114440918,-0.0970000028610229,0.0099999997764825,-0.0099999997764825,-0.1400000005960464,-0.0649671927094459,-0.040498211979866,-10.290321350097656,0.0196623858064413,0.0797842219471931,0.0055243615061044,100.0,16.200000762939453,47.3979722,8.5461635,attack,24.153
1776223741.3981078,2026-04-15T03:29:01.398108,normal_circle,1,47.398203752157016,8.54650557632688,0.2670000195503235,-0.0940000042319297,0.0099999997764825,-0.0099999997764825,-0.1499999910593032,-0.065215066075325,-0.0369205884635448,-10.346714973449709,0.0188188459724187,0.0732703506946563,0.0045853853225708,100.0,16.200000762939453,47.3979722,8.5461635,attack,24.257
1776223741.5015144,2026-04-15T03:29:01.501514,normal_circle,1,47.39820473927201,8.546507034610297,0.2690000236034393,-0.0910000056028366,0.0099999997764825,-0.0099999997764825,-0.1599999964237213,-0.0671174526214599,-0.0298448409885168,-10.389055252075195,0.0155073534697294,0.0627551898360252,0.004512645304203,100.0,16.200000762939453,47.3979722,8.5461635,attack,24.36
1776223741.60807,2026-04-15T03:29:01.608070,normal_circle,1,47.398205756445236,8.546508537299307,0.2720000147819519,-0.0880000069737434,0.0099999997764825,-0.0199999995529651,-0.1700000017881393,-0.0720194205641746,-0.0388018861413002,-10.43918800354004,0.0132622839882969,0.0493896566331386,0.0040352288633584,100.0,16.200000762939453,47.3979722,8.5461635,attack,24.467
1776223741.7135077,2026-04-15T03:29:01.713508,normal_circle,1,47.398206762948895,8.546510024225961,0.2760000228881836,-0.0840000063180923,0.0099999997764825,-0.0199999995529651,-0.1899999976158142,-0.0639747977256774,-0.0336257666349411,-10.473625183105469,0.0102972527965903,0.0365634709596633,0.0038515084888786,100.0,16.200000762939453,47.3979722,8.5461635,attack,24.572
1776223741.81787,2026-04-15T03:29:01.817870,normal_circle,1,47.39820775918582,8.546511495985385,0.2790000140666961,-0.0810000002384185,0.0099999997764825,-0.0199999995529651,-0.199999988079071,-0.0569806396961212,-0.0387989282608032,-10.50106430053711,0.0075255543924868,0.0257342830300331,0.0037281778641045,100.0,16.200000762939453,47.3979722,8.5461635,attack,24.676
1776223741.92373,2026-04-15T03:29:01.923730,normal_circle,1,47.398208769720156,8.546512988866633,0.2790000140666961,-0.0810000002384185,0.0099999997764825,-0.0199999995529651,-0.199999988079071,-0.0569806396961212,-0.0387989282608032,-10.50106430053711,0.0075255543924868,0.0257342830300331,0.0037281778641045,100.0,16.200000762939453,47.3979722,8.5461635,attack,24.782
1776223742.029171,2026-04-15T03:29:02.029171,normal_circle,1,47.398209776255676,8.546514375840358,0.2840000092983246,-0.0760000050067901,0.0,-0.0299999993294477,-0.209999993443489,-0.070828802883625,-0.0427277348935604,-10.504964828491213,0.005443749949336,0.0139260217547416,0.0031020850874483,100.0,16.200000762939453,47.3979722,8.5461634,attack,24.888
1776223742.1361525,2026-04-15T03:29:02.136153,normal_circle,1,47.398210797496,8.546515884537758,0.2840000092983246,-0.0760000050067901,0.0,-0.0299999993294477,-0.209999993443489,-0.070828802883625,-0.0427277348935604,-10.504964828491213,0.005443749949336,0.0139260217547416,0.0031020850874483,100.0,16.200000762939453,47.3979722,8.5461634,attack,24.995
1776223742.2413182,2026-04-15T03:29:02.241318,normal_circle,1,47.398211801402816,8.546517367628054,0.2880000174045563,-0.072000004351139,0.0,-0.0299999993294477,-0.2299999892711639,-0.0657445564866066,-0.040266253054142,-10.53525161743164,0.0012666804250329,0.003946647979319,0.0016633901977911,100.0,16.200000762939453,47.3979722,8.5461634,attack,25.1
1776223742.342141,2026-04-15T03:29:02.342141,normal_circle,1,47.398212763851255,8.546518789471113,0.2880000174045563,-0.072000004351139,0.0,-0.0299999993294477,-0.2299999892711639,-0.0657445564866066,-0.040266253054142,-10.53525161743164,0.0012666804250329,0.003946647979319,0.0016633901977911,100.0,16.200000762939453,47.3979722,8.5461634,attack,25.201
1776223742.443742,2026-04-15T03:29:02.443742,normal_circle,1,47.398213733730614,8.546520222292008,0.2930000126361847,-0.06700000166893,0.0,-0.0399999991059303,-0.2399999946355819,-0.0664239227771759,-0.0334489233791828,-10.567124366760254,-0.0013461650814861,-0.0070244926027953,0.0017481697723269,100.0,16.200000762939453,47.3979722,8.5461634,attack,25.302
1776223742.5551867,2026-04-15T03:29:02.555187,normal_circle,1,47.39821479757638,8.546521793931232,0.2930000126361847,-0.06700000166893,0.0,-0.0399999991059303,-0.2399999946355819,-0.0664239227771759,-0.0334489233791828,-10.567124366760254,-0.0013461650814861,-0.0070244926027953,0.0017481697723269,100.0,16.200000762939453,47.3979722,8.5461634,attack,25.414
1776223742.6594772,2026-04-15T03:29:02.659477,normal_circle,1,47.39821569312825,8.546523264677926,0.2970000207424164,-0.0630000010132789,0.0,-0.0399999991059303,-0.2599999904632568,-0.0666020140051841,-0.0401571393013,-10.59897518157959,-0.0041261934675276,-0.0137637155130505,0.0006192569271661,100.0,16.200000762939453,47.3979721,8.5461634,attack,25.518
1776223742.7692397,2026-04-15T03:29:02.769240,normal_circle,1,47.398216740915046,8.546524812592923,0.2970000207424164,-0.0630000010132789,0.0,-0.0399999991059303,-0.2599999904632568,-0.0666020140051841,-0.0401571393013,-10.59897518157959,-0.0041261934675276,-0.0137637155130505,0.0006192569271661,100.0,16.200000762939453,47.3979721,8.5461634,attack,25.628
1776223742.8731425,2026-04-15T03:29:02.873142,normal_circle,1,47.39821773276625,8.546526277873236,0.3040000200271606,-0.0570000037550926,0.0,-0.0499999970197677,-0.2800000011920929,-0.0719834268093109,-0.0450312197208404,-10.603410720825195,-0.0074274106882512,-0.0192607436329126,0.002478193026036,100.0,16.200000762939453,47.3979721,8.5461634,attack,25.732
1776223742.977203,2026-04-15T03:29:02.977203,normal_circle,1,47.39821872612185,8.546527745376013,0.3080000281333923,-0.0520000010728836,0.0,-0.0499999970197677,-0.2899999916553497,-0.0596223324537277,-0.0398507304489612,-10.626006126403809,-0.0101956333965063,-0.0249522682279348,0.0010804089251905,100.0,16.200000762939453,47.3979721,8.5461634,attack,25.836
1776223743.079276,2026-04-15T03:29:03.079276,normal_circle,1,47.39821970050755,8.546529184854213,0.3080000281333923,-0.0520000010728836,0.0,-0.0499999970197677,-0.2899999916553497,-0.0596223324537277,-0.0398507304489612,-10.626006126403809,-0.0101956333965063,-0.0249522682279348,0.0010804089251905,100.0,16.200000762939453,47.3979721,8.5461634,attack,25.938
1776223743.1867762,2026-04-15T03:29:03.186776,normal_circle,1,47.39822072669802,8.546530600864562,0.3150000274181366,-0.0450000017881393,0.0,-0.0499999970197677,-0.3100000023841858,-0.0634752288460731,-0.0390407890081405,-10.643512725830078,-0.0107228215783834,-0.0308201741427183,-6.941068568266928e-05,100.0,16.200000762939453,47.3979721,8.5461633,attack,26.045
1776223743.292941,2026-04-15T03:29:03.292941,normal_circle,1,47.39822174014328,8.546532098046159,0.320000022649765,-0.0400000028312206,0.0,-0.0599999986588954,-0.3199999928474426,-0.0653547272086143,-0.0330634117126464,-10.658790588378906,-0.0116130802780389,-0.0365062095224857,8.109206100925803e-05,100.0,16.200000762939453,47.3979721,8.5461633,attack,26.151
1776223743.3969078,2026-04-15T03:29:03.396908,normal_circle,1,47.39822273260443,8.546533564227563,0.320000022649765,-0.0400000028312206,0.0,-0.0599999986588954,-0.3199999928474426,-0.0653547272086143,-0.0330634117126464,-10.658790588378906,-0.0116130802780389,-0.0365062095224857,8.109206100925803e-05,100.0,16.200000762939453,47.3979721,8.5461633,attack,26.255
1776223743.502437,2026-04-15T03:29:03.502437,normal_circle,1,47.39822373998205,8.546535052445329,0.328000009059906,-0.032999999821186,0.0,-0.0599999986588954,-0.3400000035762787,-0.0633896142244339,-0.0425497367978096,-10.654260635375977,-0.0124784065410494,-0.0403218269348144,-7.586368155898526e-05,100.0,16.200000762939453,47.3979721,8.5461633,attack,26.361
1776223743.6092446,2026-04-15T03:29:03.609245,normal_circle,1,47.39822475956094,8.546536558688263,0.3360000252723694,-0.0240000002086162,0.0,-0.0599999986588954,-0.3599999845027923,-0.0665278136730194,-0.0435357540845871,-10.6763916015625,-0.0135063612833619,-0.0443414524197578,-0.0012446792097762,100.0,16.200000762939453,47.3979721,8.5461633,attack,26.468
1776223743.7125976,2026-04-15T03:29:03.712598,normal_circle,1,47.398225746163845,8.546537916215163,0.3420000076293945,-0.0180000010877847,0.0,-0.0700000002980232,-0.3799999952316284,-0.0665278136730194,-0.0435357540845871,-10.6763916015625,-0.0135063612833619,-0.0443414524197578,-0.0012446792097762,100.0,16.200000762939453,47.3979721,8.546163199999999,attack,26.571
1776223743.8177104,2026-04-15T03:29:03.817710,normal_circle,1,47.3982267495654,8.546539398559032,0.3420000076293945,-0.0180000010877847,0.0,-0.0700000002980232,-0.3799999952316284,-0.0665278136730194,-0.0435357540845871,-10.6763916015625,-0.0135063612833619,-0.0443414524197578,-0.0012446792097762,100.0,16.200000762939453,47.3979721,8.546163199999999,attack,26.676
1776223743.920127,2026-04-15T03:29:03.920127,normal_circle,1,47.39822772722845,8.546540842878912,0.3420000076293945,-0.0180000010877847,0.0,-0.0700000002980232,-0.3799999952316284,-0.0665278136730194,-0.0435357540845871,-10.6763916015625,-0.0135063612833619,-0.0443414524197578,-0.0012446792097762,100.0,16.200000762939453,47.3979721,8.546163199999999,attack,26.779
1776223744.0259886,2026-04-15T03:29:04.025989,normal_circle,1,47.398228737778716,8.546542335783691,0.348000019788742,-0.0120000001043081,0.0,-0.0700000002980232,-0.3899999856948852,-0.0564082488417625,-0.0432789698243141,-10.659219741821287,-0.0134380087256431,-0.048029288649559,-0.0008192241075448,100.0,16.200000762939453,47.3979721,8.546163199999999,attack,26.884
1776223744.1320238,2026-04-15T03:29:04.132024,normal_circle,1,47.39822974998586,8.54654383113621,0.348000019788742,-0.0120000001043081,0.0,-0.0700000002980232,-0.3899999856948852,-0.0564082488417625,-0.0432789698243141,-10.659219741821287,-0.0134380087256431,-0.048029288649559,-0.0008192241075448,100.0,16.200000762939453,47.3979721,8.546163199999999,attack,26.99
1776223744.239954,2026-04-15T03:29:04.239954,normal_circle,1,47.39823078028211,8.546545353212107,0.3540000021457672,-0.006000000052154,0.0,-0.0700000002980232,-0.3999999761581421,-0.0547791570425033,-0.0437899306416511,-10.660828590393066,-0.0133973760530352,-0.0508663691580295,-0.0012631008867174,100.0,16.200000762939453,47.3979721,8.546163199999999,attack,27.098
1776223744.3426385,2026-04-15T03:29:04.342638,normal_circle,1,47.39823176050331,8.546546801311184,0.3540000021457672,-0.006000000052154,0.0,-0.0700000002980232,-0.3999999761581421,-0.0547791570425033,-0.0437899306416511,-10.660828590393066,-0.0133973760530352,-0.0508663691580295,-0.0012631008867174,100.0,16.200000762939453,47.3979721,8.546163199999999,attack,27.201
1776223744.4448426,2026-04-15T03:29:04.444843,normal_circle,1,47.398232736138496,8.546548242635273,0.3640000224113464,0.0020000000949949,0.0,-0.0700000002980232,-0.4199999868869781,-0.0620639994740486,-0.0320105217397213,-10.673002243041992,-0.0152273084968328,-0.0526776760816574,-0.0029114466160535,100.0,16.200000762939453,47.3979721,8.546163199999999,attack,27.303
1776223744.5498672,2026-04-15T03:29:04.549867,normal_circle,1,47.39823373869797,8.5465496237351,0.3710000216960907,0.0090000005438923,0.0,-0.0799999982118606,-0.4399999976158142,-0.0612409897148609,-0.0332779102027416,-10.679961204528809,-0.0162989683449268,-0.049452044069767,-0.0013819653540849,100.0,16.200000762939453,47.3979721,8.5461631,attack,27.408
1776223744.6530206,2026-04-15T03:29:04.653021,normal_circle,1,47.39823472339592,8.546551078447777,0.3810000121593475,0.0200000014156103,0.0,-0.0799999982118606,-0.4599999785423279,-0.055732611566782,-0.0390802137553691,-10.677465438842772,-0.0138424215838313,-0.0502703376114368,0.0002230451500508,100.0,16.200000762939453,47.3979721,8.5461631,attack,27.511
1776223744.7566175,2026-04-15T03:29:04.756618,normal_circle,1,47.39823571232711,8.54655253941429,0.3880000114440918,0.0270000007003545,0.0,-0.0799999982118606,-0.4699999988079071,-0.06387809664011,-0.0435796529054641,-10.675957679748535,-0.0127244954928755,-0.0522647760808467,-0.0008790791034698,100.0,16.200000762939453,47.3979721,8.5461631,attack,27.615
1776223744.8709106,2026-04-15T03:29:04.870911,normal_circle,1,47.39823680336343,8.546554151222633,0.3920000195503235,0.0310000013560056,0.0,-0.0799999982118606,-0.4799999892711639,-0.0576896667480468,-0.0288393516093492,-10.69009780883789,-0.0131383035331964,-0.0532048605382442,-0.0008841404924169,100.0,16.200000762939453,47.3979721,8.5461631,attack,27.729
1776223744.9718883,2026-04-15T03:29:04.971888,normal_circle,1,47.39823776729123,8.54655557525117,0.3920000195503235,0.0310000013560056,0.0,-0.0799999982118606,-0.4799999892711639,-0.0576896667480468,-0.0288393516093492,-10.69009780883789,-0.0131383035331964,-0.0532048605382442,-0.0008841404924169,100.0,16.200000762939453,47.3979721,8.5461631,attack,27.83
1776223745.075912,2026-04-15T03:29:05.075912,normal_circle,1,47.39823876029634,8.546556942236158,0.4000000059604645,0.038000002503395,0.0,-0.0799999982118606,-0.4899999797344208,-0.0528770126402378,-0.0367477461695671,-10.699970245361328,-0.0131996078416705,-0.0534403994679451,-0.0024980162270367,100.0,16.200000762939453,47.3979721,8.546163,attack,27.934
1776223745.185357,2026-04-15T03:29:05.185357,normal_circle,1,47.39823980505386,8.546558485675963,0.4040000140666961,0.0420000031590461,0.0,-0.0799999982118606,-0.5,-0.05070311576128,-0.0396481975913047,-10.709501266479492,-0.0131075643002986,-0.0530327335000038,-0.0010501686483621,100.0,16.200000762939453,47.3979721,8.546163,attack,28.044
1776223745.288017,2026-04-15T03:29:05.288017,normal_circle,1,47.398240785040635,8.546559933428725,0.4040000140666961,0.0420000031590461,0.0,-0.0799999982118606,-0.5,-0.05070311576128,-0.0396481975913047,-10.709501266479492,-0.0131075643002986,-0.0530327335000038,-0.0010501686483621,100.0,16.200000762939453,47.3979721,8.546163,attack,28.146
1776223745.3938606,2026-04-15T03:29:05.393861,normal_circle,1,47.39824179541793,8.546561426077973,0.4080000221729278,0.0460000038146972,0.0,-0.0799999982118606,-0.5199999809265137,-0.062613196671009,-0.0304954778403043,-10.749048233032228,-0.0124748786911368,-0.0540854036808013,-0.0020169746130704,100.0,16.200000762939453,47.3979721,8.546163,attack,28.252
1776223745.4966798,2026-04-15T03:29:05.496680,normal_circle,1,47.398242776925024,8.546562876076738,0.4200000166893005,0.0580000020563602,0.0,-0.0799999982118606,-0.5299999713897705,-0.0555422008037567,-0.0384243726730346,-10.74055004119873,-0.0096852267161011,-0.0528189539909362,-0.0016579941147938,100.0,16.200000762939453,47.3979721,8.546163,attack,28.355
1776223745.600115,2026-04-15T03:29:05.600115,normal_circle,1,47.39824376431313,8.546564234763624,0.4460000097751617,0.0850000008940696,0.0,-0.089999996125698,-0.5799999833106995,-0.0610801950097084,-0.0396909229457378,-10.81511688232422,-0.0097898552194237,-0.0535295829176902,-0.0025824832264333,100.0,16.200000762939453,47.3979721,8.546162899999999,attack,28.459
1776223745.7031388,2026-04-15T03:29:05.703139,normal_circle,1,47.39824474777297,8.546565687647222,0.4580000340938568,0.0970000028610229,0.0,-0.089999996125698,-0.5999999642372131,-0.0626364350318908,-0.0373928472399711,-10.72308349609375,-0.0099666155874729,-0.0519161447882652,-0.0029162650462239,100.0,16.200000762939453,47.3979721,8.546162899999999,attack,28.562
1776223745.826063,2026-04-15T03:29:05.826063,normal_circle,1,47.39824592120032,8.546567321173356,0.4700000286102295,0.1090000048279762,0.0,-0.089999996125698,-0.5999999642372131,-0.0527148954570293,-0.0381874144077301,-10.682355880737305,-0.0091681815683841,-0.047311995178461,-0.0030418834649026,100.0,16.200000762939453,47.3979721,8.5461628,attack,28.685
1776223745.941436,2026-04-15T03:29:05.941436,normal_circle,1,47.39824702254662,8.546568948212816,0.4700000286102295,0.1090000048279762,0.0,-0.089999996125698,-0.6100000143051147,-0.0527148954570293,-0.0381874144077301,-10.682355880737305,-0.0091681815683841,-0.047311995178461,-0.0030418834649026,100.0,16.200000762939453,47.3979721,8.5461628,attack,28.8
1776223746.0436575,2026-04-15T03:29:06.043658,normal_circle,1,47.398247998347955,8.546570389782351,0.4700000286102295,0.1090000048279762,0.0,-0.089999996125698,-0.6100000143051147,-0.0527148954570293,-0.0381874144077301,-10.682355880737305,-0.0091681815683841,-0.047311995178461,-0.0030418834649026,100.0,16.200000762939453,47.3979721,8.5461628,attack,28.902
1776223746.14534,2026-04-15T03:29:06.145340,normal_circle,1,47.398248969003404,8.546571823749778,0.4700000286102295,0.1090000048279762,0.0,-0.089999996125698,-0.6100000143051147,-0.0527148954570293,-0.0381874144077301,-10.682355880737305,-0.0091681815683841,-0.047311995178461,-0.0030418834649026,100.0,16.200000762939453,47.3979721,8.5461628,attack,29.004
1776223746.2490718,2026-04-15T03:29:06.249072,normal_circle,1,47.39824995922277,8.546573286619338,0.4850000143051147,0.1230000033974647,0.0,-0.089999996125698,-0.6399999856948853,-0.061319638043642,-0.0364843048155307,-10.679529190063477,-0.0082859620451927,-0.0439177379012107,-0.00252504972741,100.0,16.200000762939453,47.3979721,8.5461628,attack,29.108
1776223746.356691,2026-04-15T03:29:06.356691,normal_circle,1,47.39825098654893,8.546574804307463,0.4850000143051147,0.1230000033974647,0.0,-0.089999996125698,-0.6399999856948853,-0.061319638043642,-0.0364843048155307,-10.679529190063477,-0.0082859620451927,-0.0439177379012107,-0.00252504972741,100.0,16.200000762939453,47.3979721,8.5461628,attack,29.215
1776223746.4590533,2026-04-15T03:29:06.459053,normal_circle,1,47.39825196369534,8.546576247864106,0.4950000345706939,0.1340000033378601,0.0,-0.089999996125698,-0.6499999761581421,-0.0596735775470733,-0.0406900607049465,-10.653263092041016,-0.0084668640047311,-0.042774211615324,-0.0035469597205519,100.0,16.200000762939453,47.3979721,8.5461628,attack,29.318
1776223746.561198,2026-04-15T03:29:06.561198,normal_circle,1,47.398252938763825,8.546577688350988,0.4950000345706939,0.1340000033378601,0.0,-0.089999996125698,-0.6499999761581421,-0.0596735775470733,-0.0406900607049465,-10.653263092041016,-0.0084668640047311,-0.042774211615324,-0.0035469597205519,100.0,16.200000762939453,47.3979721,8.5461628,attack,29.42
1776223746.6633697,2026-04-15T03:29:06.663370,normal_circle,1,47.39825391408949,8.546579029217808,0.5060000419616699,0.1440000087022781,0.0,-0.089999996125698,-0.6599999666213989,-0.0505682677030563,-0.0374786406755447,-10.66094970703125,-0.0068687028251588,-0.0440336763858795,-0.0020772526040673,100.0,16.200000762939453,47.3979721,8.5461627,attack,29.522
1776223746.7711172,2026-04-15T03:29:06.771117,normal_circle,1,47.398254942642374,8.5465805487182,0.5060000419616699,0.1440000087022781,0.0,-0.089999996125698,-0.6599999666213989,-0.0505682677030563,-0.0374786406755447,-10.66094970703125,-0.0068687028251588,-0.0440336763858795,-0.0020772526040673,100.0,16.200000762939453,47.3979721,8.5461627,attack,29.63
1776223746.8736098,2026-04-15T03:29:06.873610,normal_circle,1,47.39825592103144,8.546581994110644,0.5060000419616699,0.1440000087022781,0.0,-0.089999996125698,-0.6599999666213989,-0.0505682677030563,-0.0374786406755447,-10.66094970703125,-0.0068687028251588,-0.0440336763858795,-0.0020772526040673,100.0,16.200000762939453,47.3979721,8.5461627,attack,29.732
1776223746.9824424,2026-04-15T03:29:06.982442,normal_circle,1,47.3982569599421,8.546583528912759,0.5220000147819519,0.1600000113248825,0.0,-0.0799999982118606,-0.6800000071525574,-0.0675380751490593,-0.041371863335371,-10.653223037719728,-0.0052156024612486,-0.041382573544979,-0.0022078924812376,100.0,16.200000762939453,47.3979721,8.5461627,attack,29.841
1776223747.0904922,2026-04-15T03:29:07.090492,normal_circle,1,47.39825799138087,8.546585052676518,0.5220000147819519,0.1600000113248825,0.0,-0.0799999982118606,-0.6800000071525574,-0.0675380751490593,-0.041371863335371,-10.653223037719728,-0.0052156024612486,-0.041382573544979,-0.0022078924812376,100.0,16.200000762939453,47.3979721,8.5461627,attack,29.949
1776223747.1945689,2026-04-15T03:29:07.194569,normal_circle,1,47.398258984891235,8.546586520407931,0.5320000052452087,0.1710000038146972,0.0,-0.0799999982118606,-0.699999988079071,-0.0614416934549808,-0.0418752208352088,-10.63917350769043,-0.0046848966740071,-0.040237084031105,-0.0023914081975817,100.0,16.200000762939453,47.3979721,8.5461627,attack,30.053
1776223747.2967017,2026-04-15T03:29:07.296702,normal_circle,1,47.39825995984592,8.5465879607267,0.5320000052452087,0.1710000038146972,0.0,-0.0799999982118606,-0.699999988079071,-0.0614416934549808,-0.0418752208352088,-10.63917350769043,-0.0046848966740071,-0.040237084031105,-0.0023914081975817,100.0,16.200000762939453,47.3979721,8.5461627,attack,30.155
1776223747.4019735,2026-04-15T03:29:07.401974,normal_circle,1,47.39826096476553,8.546589345313206,0.5490000247955322,0.1870000064373016,0.0,-0.0799999982118606,-0.7299999594688416,-0.0654141381382942,-0.041267029941082,-10.635830879211426,-0.0027806207071989,-0.0377141125500202,-0.0026661732699722,100.0,16.200000762939453,47.3979721,8.546162599999999,attack,30.26
1776223747.5048487,2026-04-15T03:29:07.504849,normal_circle,1,47.398261946807466,8.546590796102105,0.5490000247955322,0.1870000064373016,0.0,-0.0799999982118606,-0.7299999594688416,-0.0654141381382942,-0.041267029941082,-10.635830879211426,-0.0027806207071989,-0.0377141125500202,-0.0026661732699722,100.0,16.200000762939453,47.3979721,8.546162599999999,attack,30.363
1776223747.6196952,2026-04-15T03:29:07.619695,normal_circle,1,47.398263043126235,8.546592415714295,0.5600000023841858,0.1990000158548355,0.0099999997764825,-0.0799999982118606,-0.75,-0.0651069730520248,-0.029899924993515,-10.629094123840332,-0.0015884253662079,-0.036609873175621,-0.0038516242057085,100.0,16.200000762939453,47.3979721,8.546162599999999,attack,30.478
1776223747.7219296,2026-04-15T03:29:07.721930,normal_circle,1,47.39826401905047,8.546593857465394,0.578000009059906,0.2160000056028366,0.0099999997764825,-0.0799999982118606,-0.7799999713897705,-0.0607243031263351,-0.0351189449429512,-10.584380149841309,-0.0008466872386634,-0.0360281765460968,-0.0027642382774502,100.0,16.200000762939453,47.3979721,8.546162599999999,attack,30.58
1776223747.8226862,2026-04-15T03:29:07.822686,normal_circle,1,47.398264980868476,8.546595278377099,0.578000009059906,0.2160000056028366,0.0099999997764825,-0.0799999982118606,-0.7799999713897705,-0.0607243031263351,-0.0351189449429512,-10.584380149841309,-0.0008466872386634,-0.0360281765460968,-0.0027642382774502,100.0,16.200000762939453,47.3979721,8.546162599999999,attack,30.681
1776223747.926107,2026-04-15T03:29:07.926107,normal_circle,1,47.39826596811775,8.54659673685889,0.578000009059906,0.2160000056028366,0.0099999997764825,-0.0799999982118606,-0.7799999713897705,-0.0607243031263351,-0.0351189449429512,-10.584380149841309,-0.0008466872386634,-0.0360281765460968,-0.0027642382774502,100.0,16.200000762939453,47.3979721,8.546162599999999,attack,30.785
1776223748.0299408,2026-04-15T03:29:08.029941,normal_circle,1,47.398266959311215,8.546598201167503,0.578000009059906,0.2160000056028366,0.0099999997764825,-0.0799999982118606,-0.7799999713897705,-0.0607243031263351,-0.0351189449429512,-10.584380149841309,-0.0008466872386634,-0.0360281765460968,-0.0027642382774502,100.0,16.200000762939453,47.3979721,8.546162599999999,attack,30.888
1776223748.1319227,2026-04-15T03:29:08.131923,normal_circle,1,47.398267932825235,8.546599639357952,0.5900000333786011,0.2290000170469284,0.0099999997764825,-0.0799999982118606,-0.7999999523162842,-0.0607731491327285,-0.0394038781523704,-10.53485870361328,-0.0012707932619377,-0.0359690859913826,-0.0039727934636175,100.0,16.200000762939453,47.3979721,8.546162599999999,attack,30.99
1776223748.2469633,2026-04-15T03:29:08.246963,normal_circle,1,47.39826903099661,8.546601261707034,0.5900000333786011,0.2290000170469284,0.0099999997764825,-0.0799999982118606,-0.7999999523162842,-0.0607731491327285,-0.0394038781523704,-10.53485870361328,-0.0012707932619377,-0.0359690859913826,-0.0039727934636175,100.0,16.200000762939453,47.3979721,8.546162599999999,attack,31.105
1776223748.3505547,2026-04-15T03:29:08.350555,normal_circle,1,47.39827001987545,8.546602722596214,0.5900000333786011,0.2290000170469284,0.0099999997764825,-0.0799999982118606,-0.7999999523162842,-0.0607731491327285,-0.0394038781523704,-10.53485870361328,-0.0012707932619377,-0.0359690859913826,-0.0039727934636175,100.0,16.200000762939453,47.3979721,8.546162599999999,attack,31.209
1776223748.4681697,2026-04-15T03:29:08.468170,normal_circle,1,47.39827114262234,8.546604281251163,0.6030000448226929,0.2410000115633011,0.0099999997764825,-0.0799999982118606,-0.8100000023841858,-0.0541483238339424,-0.0330013632774353,-10.475518226623535,-0.0009210236021317,-0.0313680917024612,-0.0028052551206201,100.0,16.200000762939453,47.3979721,8.5461625,attack,31.327
1776223748.5913537,2026-04-15T03:29:08.591354,normal_circle,1,47.39827231853045,8.54660601844218,0.6220000386238098,0.2610000073909759,0.0099999997764825,-0.0799999982118606,-0.8299999833106995,-0.0631363466382026,-0.0413945280015468,-10.42930793762207,-0.0013195925857871,-0.0320087410509586,-0.0026937276124954,100.0,16.200000762939453,47.3979721,8.5461625,attack,31.45
1776223748.6949966,2026-04-15T03:29:08.694997,normal_circle,1,47.398273307900894,8.546607480057611,0.6360000371932983,0.2740000188350677,0.0099999997764825,-0.0700000002980232,-0.8499999642372131,-0.057333156466484,-0.0368098393082618,-10.44086742401123,-0.0011999937705695,-0.0291844978928565,-0.0024255514144897,100.0,16.200000762939453,47.3979721,8.5461625,attack,31.553
1776223748.7970605,2026-04-15T03:29:08.797060,normal_circle,1,47.39827428219783,8.546608919404681,0.6360000371932983,0.2740000188350677,0.0099999997764825,-0.0700000002980232,-0.8499999642372131,-0.057333156466484,-0.0368098393082618,-10.44086742401123,-0.0011999937705695,-0.0291844978928565,-0.0024255514144897,100.0,16.200000762939453,47.3979721,8.5461625,attack,31.656
1776223748.8987954,2026-04-15T03:29:08.898795,normal_circle,1,47.398275253353994,8.54661035411181,0.656000018119812,0.2950000166893005,0.0099999997764825,-0.0700000002980232,-0.8700000047683716,-0.0652138516306877,-0.0433020666241645,-10.413676261901855,-0.0010360244195908,-0.0270541422069072,-0.0027438378892838,100.0,16.200000762939453,47.3979721,8.5461625,attack,31.757
1776223749.0109384,2026-04-15T03:29:09.010938,normal_circle,1,47.398276323865964,8.54661193559914,0.656000018119812,0.2950000166893005,0.0099999997764825,-0.0700000002980232,-0.8700000047683716,-0.0652138516306877,-0.0433020666241645,-10.413676261901855,-0.0010360244195908,-0.0270541422069072,-0.0027438378892838,100.0,16.200000762939453,47.3979721,8.5461625,attack,31.869
1776223749.113243,2026-04-15T03:29:09.113243,normal_circle,1,47.3982773004616,8.54661337834211,0.656000018119812,0.2950000166893005,0.0099999997764825,-0.0700000002980232,-0.8700000047683716,-0.0652138516306877,-0.0433020666241645,-10.413676261901855,-0.0010360244195908,-0.0270541422069072,-0.0027438378892838,100.0,16.200000762939453,47.3979721,8.5461625,attack,31.972
1776223749.2169192,2026-04-15T03:29:09.216919,normal_circle,1,47.3982782901484,8.546614840424898,0.656000018119812,0.2950000166893005,0.0099999997764825,-0.0700000002980232,-0.8700000047683716,-0.0652138516306877,-0.0433020666241645,-10.413676261901855,-0.0010360244195908,-0.0270541422069072,-0.0027438378892838,100.0,16.200000762939453,47.3979721,8.5461625,attack,32.075
1776223749.354016,2026-04-15T03:29:09.354016,normal_circle,1,47.39827959886853,8.546616673821589,0.6700000166893005,0.309000015258789,0.0099999997764825,-0.0700000002980232,-0.8799999952316284,-0.0584163442254066,-0.0465209335088729,-10.364164352416992,-0.0014445864362642,-0.0233767125755548,-0.0023773040156811,100.0,16.200000762939453,47.3979721,8.5461624,attack,32.212
1776223749.458818,2026-04-15T03:29:09.458818,normal_circle,1,47.39828059930227,8.546618151781049,0.6920000314712524,0.3310000300407409,0.0099999997764825,-0.0700000002980232,-0.8999999761581421,-0.0584163442254066,-0.0465209335088729,-10.364164352416992,-0.0014445864362642,-0.0233767125755548,-0.0023773040156811,100.0,16.200000762939453,47.3979721,8.5461624,attack,32.317
1776223749.5921352,2026-04-15T03:29:09.592135,normal_circle,1,47.39828187194205,8.54662003187556,0.7070000171661377,0.3450000286102295,0.0099999997764825,-0.0700000002980232,-0.9099999666213988,-0.063206747174263,-0.0317019708454608,-10.385229110717772,-0.0003226361586712,-0.0225321277976036,-0.0030220891349017,100.0,16.200000762939453,47.3979721,8.5461624,attack,32.451
1776223749.697733,2026-04-15T03:29:09.697733,normal_circle,1,47.398282879972854,8.5466215210583,0.7290000319480896,0.3680000305175781,0.0099999997764825,-0.0599999986588954,-0.9300000071525574,-0.0600973963737487,-0.0428404659032821,-10.42562484741211,0.0002771411964204,-0.0202866569161415,-0.0020838652271777,100.0,16.200000762939453,47.3979721,8.5461624,attack,32.556
1776223749.803211,2026-04-15T03:29:09.803211,normal_circle,1,47.39828388686115,8.546623008553178,0.7290000319480896,0.3680000305175781,0.0099999997764825,-0.0599999986588954,-0.9300000071525574,-0.0600973963737487,-0.0428404659032821,-10.42562484741211,0.0002771411964204,-0.0202866569161415,-0.0020838652271777,100.0,16.200000762939453,47.3979721,8.5461624,attack,32.662
1776223749.9098265,2026-04-15T03:29:09.909827,normal_circle,1,47.39828490460791,8.54662451208948,0.7440000176429749,0.3830000162124634,0.0099999997764825,-0.0599999986588954,-0.9399999976158142,-0.0649269297719001,-0.0363916307687759,-10.419732093811035,0.001837529358454,-0.0186410397291183,-0.0033318584319204,100.0,16.200000762939453,47.3979721,8.5461624,attack,32.768
1776223750.013374,2026-04-15T03:29:10.013374,normal_circle,1,47.39828589306798,8.54662597236,0.7440000176429749,0.3830000162124634,0.0099999997764825,-0.0599999986588954,-0.9399999976158142,-0.0649269297719001,-0.0363916307687759,-10.419732093811035,0.001837529358454,-0.0186410397291183,-0.0033318584319204,100.0,16.200000762939453,47.3979721,8.5461624,attack,32.872
1776223750.1165397,2026-04-15T03:29:10.116540,normal_circle,1,47.398286877882,8.54662732724415,0.7600000500679016,0.398000031709671,0.0099999997764825,-0.0599999986588954,-0.949999988079071,-0.0667520761489868,-0.0373633205890655,-10.38283348083496,0.0024707126431167,-0.0153805390000343,-0.0030869694892317,100.0,16.200000762939453,47.3979721,8.546162299999999,attack,32.975
1776223750.2178757,2026-04-15T03:29:10.217876,normal_circle,1,47.39828784523053,8.54662875632619,0.7600000500679016,0.398000031709671,0.0099999997764825,-0.0599999986588954,-0.949999988079071,-0.0667520761489868,-0.0373633205890655,-10.38283348083496,0.0024707126431167,-0.0153805390000343,-0.0030869694892317,100.0,16.200000762939453,47.3979721,8.546162299999999,attack,33.076
1776223750.3212929,2026-04-15T03:29:10.321293,normal_circle,1,47.39828883244566,8.546630214757544,0.7990000247955322,0.4370000064373016,0.0099999997764825,-0.0499999970197677,-0.9799999594688416,-0.0665183067321777,-0.0293898545205593,-10.415690422058104,0.0013009713729843,-0.0126655623316764,-0.0040323073044419,100.0,16.200000762939453,47.3979721,8.546162299999999,attack,33.18
1776223750.4229574,2026-04-15T03:29:10.422957,normal_circle,1,47.398289802930414,8.5466316484728,0.815000057220459,0.453000009059906,0.0099999997764825,-0.0499999970197677,-0.9899999499320984,-0.06296107172966,-0.0309640690684318,-10.434454917907717,0.0024637749884277,-0.0125354612246155,-0.0023234782274812,100.0,16.200000762939453,47.3979721,8.546162299999999,attack,33.281
1776223750.52803,2026-04-15T03:29:10.528030,normal_circle,1,47.39829080594735,8.546633130248445,0.8390000462532043,0.4770000278949737,0.0099999997764825,-0.0499999970197677,-1.0099999904632568,-0.0652185007929802,-0.041028257459402,-10.420849800109863,0.0028207085561007,-0.0109973894432187,-0.002198205795139,100.0,16.200000762939453,47.3979721,8.546162299999999,attack,33.387
1776223750.6327682,2026-04-15T03:29:10.632768,normal_circle,1,47.39829180577342,8.546634607310176,0.8550000190734863,0.4940000176429748,0.0099999997764825,-0.0399999991059303,-1.0199999809265137,-0.0740883499383926,-0.0367787890136241,-10.391558647155762,0.002078283810988,-0.0085413344204425,-0.0028689650353044,100.0,16.200000762939453,47.3979721,8.546162299999999,attack,33.491
1776223750.73384,2026-04-15T03:29:10.733840,normal_circle,1,47.39829277060021,8.546636032666813,0.8720000386238098,0.5100000500679016,0.0099999997764825,-0.0399999991059303,-1.0299999713897705,-0.0612200796604156,-0.0319891832768917,-10.3337984085083,0.0032002571970224,-0.0061562745831906,-0.0014858408831059,100.0,16.200000762939453,47.3979721,8.546162299999999,attack,33.592
1776223750.8370233,2026-04-15T03:29:10.837023,normal_circle,1,47.39829375558266,8.546637487799774,0.8720000386238098,0.5100000500679016,0.0099999997764825,-0.0399999991059303,-1.0299999713897705,-0.0612200796604156,-0.0319891832768917,-10.3337984085083,0.0032002571970224,-0.0061562745831906,-0.0014858408831059,100.0,16.200000762939453,47.3979721,8.546162299999999,attack,33.695
1776223750.9389338,2026-04-15T03:29:10.938934,normal_circle,1,47.398294728416175,8.5466389249849,0.8720000386238098,0.5100000500679016,0.0099999997764825,-0.0399999991059303,-1.0299999713897705,-0.0612200796604156,-0.0319891832768917,-10.3337984085083,0.0032002571970224,-0.0061562745831906,-0.0014858408831059,100.0,16.200000762939453,47.3979721,8.546162299999999,attack,33.797
1776223751.043399,2026-04-15T03:29:11.043399,normal_circle,1,47.3982957256363,8.546640398196825,0.8880000710487366,0.5270000100135803,0.0099999997764825,-0.0399999991059303,-1.0399999618530271,-0.0660287514328956,-0.0385420843958854,-10.246312141418455,0.0044032298028469,-0.0046252054162323,-0.002203402807936,100.0,16.200000762939453,47.3979721,8.546162299999999,attack,33.902
1776223751.148791,2026-04-15T03:29:11.148791,normal_circle,1,47.398296731702985,8.546641884477921,0.9130000472068788,0.5520000457763672,0.0099999997764825,-0.0399999991059303,-1.0499999523162842,-0.060497798025608,-0.0412462949752807,-10.137017250061035,0.0026527538429945,-0.0023834484163671,-0.0018073832616209,100.0,16.200000762939453,47.3979721,8.546162299999999,attack,34.007
1776223751.2499003,2026-04-15T03:29:11.249900,normal_circle,1,47.39829769688709,8.546643310362434,0.9130000472068788,0.5520000457763672,0.0099999997764825,-0.0399999991059303,-1.0499999523162842,-0.060497798025608,-0.0412462949752807,-10.137017250061035,0.0026527538429945,-0.0023834484163671,-0.0018073832616209,100.0,16.200000762939453,47.3979721,8.546162299999999,attack,34.108
1776223751.3528628,2026-04-15T03:29:11.352863,normal_circle,1,47.39829867976202,8.546644662381928,0.9390000700950624,0.5770000219345093,0.0099999997764825,-0.0299999993294477,-1.059999942779541,-0.061081551015377,-0.0360541231930255,-10.01231861114502,0.0038995135109871,-0.0016001296462491,-0.0014848010614514,100.0,16.200000762939453,47.3979721,8.5461622,attack,34.211
1776223751.455393,2026-04-15T03:29:11.455393,normal_circle,1,47.39829965851069,8.546646108305612,0.956000030040741,0.5940000414848328,0.0099999997764825,-0.0299999993294477,-1.059999942779541,-0.0570212677121162,-0.0337526649236679,-9.933016777038574,0.0038276780396699,0.0006635229801759,-0.0019922605715692,100.0,16.200000762939453,47.3979721,8.5461622,attack,34.314
1776223751.558956,2026-04-15T03:29:11.558956,normal_circle,1,47.39830064711642,8.546647568791318,0.9810000658035278,0.6200000047683716,0.0099999997764825,-0.0299999993294477,-1.069999933242798,-0.0689868479967117,-0.0378942489624023,-9.81589412689209,0.0053344806656241,0.0024332741741091,-0.0011123500298708,100.0,16.200000762939453,47.3979721,8.5461622,attack,34.417
1776223751.662179,2026-04-15T03:29:11.662179,normal_circle,1,47.39830163247894,8.54664902448578,0.9980000257492064,0.6370000243186951,0.0099999997764825,-0.0199999995529651,-1.069999933242798,-0.0624469146132469,-0.0321851372718811,-9.766900062561035,0.003675696440041,0.0023782344069331,-0.0019553117454051,100.0,16.200000762939453,47.3979721,8.5461622,attack,34.521
1776223751.7663636,2026-04-15T03:29:11.766364,normal_circle,1,47.3983026270203,8.546650493740303,1.0070000886917114,0.6450000405311584,0.0099999997764825,-0.0199999995529651,-1.069999933242798,-0.071671687066555,-0.0350951701402664,-9.742120742797852,0.0042394679039716,0.003599282586947,-0.0013987483689561,100.0,16.200000762939453,47.3979721,8.5461622,attack,34.625
1776223751.8747067,2026-04-15T03:29:11.874707,normal_circle,1,47.39830366125847,8.546652021639664,1.0070000886917114,0.6450000405311584,0.0099999997764825,-0.0199999995529651,-1.069999933242798,-0.071671687066555,-0.0350951701402664,-9.742120742797852,0.0042394679039716,0.003599282586947,-0.0013987483689561,100.0,16.200000762939453,47.3979721,8.5461622,attack,34.733
1776223751.9775517,2026-04-15T03:29:11.977551,normal_circle,1,47.398304643011365,8.546653472001553,1.0070000886917114,0.6450000405311584,0.0099999997764825,-0.0199999995529651,-1.069999933242798,-0.071671687066555,-0.0350951701402664,-9.742120742797852,0.0042394679039716,0.003599282586947,-0.0013987483689561,100.0,16.200000762939453,47.3979721,8.5461622,attack,34.836
1776223752.0833824,2026-04-15T03:29:12.083382,normal_circle,1,47.39830565326576,8.546654964469239,1.0320000648498535,0.6710000038146973,0.0099999997764825,-0.0199999995529651,-1.069999933242798,-0.0758144184947013,-0.0456622689962387,-9.773619651794434,0.0038564810529351,0.0034352322109043,-0.0012041266309097,100.0,16.200000762939453,47.3979721,8.5461622,attack,34.942
1776223752.1872442,2026-04-15T03:29:12.187244,normal_circle,1,47.39830664472551,8.54665642917124,1.0490000247955322,0.6880000233650208,0.0099999997764825,-0.0199999995529651,-1.069999933242798,-0.0649438723921775,-0.0310326665639877,-9.783879280090332,0.0043469606898725,0.0034469706006348,-0.0014847732381895,100.0,16.200000762939453,47.3979721,8.5461622,attack,35.046
1776223752.2899048,2026-04-15T03:29:12.289905,normal_circle,1,47.39830762471911,8.54665787693409,1.0490000247955322,0.6880000233650208,0.0099999997764825,-0.0199999995529651,-1.069999933242798,-0.0649438723921775,-0.0310326665639877,-9.783879280090332,0.0043469606898725,0.0034469706006348,-0.0014847732381895,100.0,16.200000762939453,47.3979721,8.5461622,attack,35.148
1776223752.3945746,2026-04-15T03:29:12.394575,normal_circle,1,47.398308623891985,8.546659353030849,1.0830000638961792,0.7210000157356262,0.0099999997764825,-0.0099999997764825,-1.069999933242798,-0.0649059638381004,-0.0417957417666912,-9.859404563903809,0.0043617053888738,0.0065826931968331,-0.001359078916721,100.0,16.200000762939453,47.3979721,8.5461622,attack,35.253
1776223752.4977634,2026-04-15T03:29:12.497763,normal_circle,1,47.39830960892678,8.546660808241143,1.1080000400543213,0.7460000514984131,0.0099999997764825,-0.0099999997764825,-1.069999933242798,-0.0626747086644172,-0.0427563861012458,-9.874820709228516,0.0029977159574627,0.0084469197317957,-0.0010148937581107,100.0,16.200000762939453,47.3979721,8.5461622,attack,35.356
1776223752.6001284,2026-04-15T03:29:12.600128,normal_circle,1,47.398310586098226,8.546662251834768,1.125,0.7630000114440918,0.0099999997764825,0.0,-1.069999933242798,-0.0707506909966468,-0.0398447439074516,-9.848139762878418,0.0017897895304486,0.0094457631930708,-0.0025818620342761,100.0,16.200000762939453,47.3979721,8.5461622,attack,35.459
1776223752.708195,2026-04-15T03:29:12.708195,normal_circle,1,47.39831161769631,8.546663775833887,1.125,0.7630000114440918,0.0099999997764825,0.0,-1.069999933242798,-0.0707506909966468,-0.0398447439074516,-9.848139762878418,0.0017897895304486,0.0094457631930708,-0.0025818620342761,100.0,16.200000762939453,47.3979721,8.5461622,attack,35.567
1776223752.8189063,2026-04-15T03:29:12.818906,normal_circle,1,47.39831267454131,8.546665337130744,1.162000060081482,0.8010000586509705,0.0099999997764825,0.0,-1.069999933242798,-0.0662174820899963,-0.042702917009592,-9.846793174743652,0.0022211272735148,0.0107605764642357,-0.0007857970194891,100.0,16.200000762939453,47.3979721,8.5461622,attack,35.677
1776223752.91963,2026-04-15T03:29:12.919630,normal_circle,1,47.39831363604524,8.546666857578455,1.183000087738037,0.8220000267028809,0.0099999997764825,0.0,-1.069999933242798,-0.0722777172923088,-0.0348160304129123,-9.94120979309082,0.0021450142376124,0.0100709944963455,-0.0009950115345418,100.0,16.200000762939453,47.3979721,8.546162299999999,attack,35.778
1776223753.0289052,2026-04-15T03:29:13.028905,normal_circle,1,47.398314679180025,8.546668398620955,1.183000087738037,0.8220000267028809,0.0099999997764825,0.0,-1.069999933242798,-0.0722777172923088,-0.0348160304129123,-9.94120979309082,0.0021450142376124,0.0100709944963455,-0.0009950115345418,100.0,16.200000762939453,47.3979721,8.546162299999999,attack,35.887
1776223753.133835,2026-04-15T03:29:13.133835,normal_circle,1,47.39831568083594,8.546669878385957,1.2000000476837158,0.8390000462532043,0.0099999997764825,0.0,-1.079999923706055,-0.0727824196219444,-0.0330571308732032,-9.884930610656738,0.0009582242928445,0.0109181394800543,-0.0015907911583781,100.0,16.200000762939453,47.3979721,8.546162299999999,attack,35.992
1776223753.236534,2026-04-15T03:29:13.236534,normal_circle,1,47.39831666119597,8.546671326690134,1.221000075340271,0.8600000143051147,0.0,0.0,-1.079999923706055,-0.0642161592841148,-0.0284163691103458,-9.948777198791504,-0.0007204540888778,0.0136484513059258,-0.000553800840862,100.0,16.200000762939453,47.3979721,8.546162299999999,attack,36.095
1776223753.3540895,2026-04-15T03:29:13.354090,normal_circle,1,47.39831778337388,8.546672984504514,1.2380000352859497,0.8760000467300415,0.0,0.0,-1.079999923706055,-0.0694874674081802,-0.0328019559383392,-9.976545333862305,0.0002197461726609,0.0158183854073286,-0.0008538108086213,100.0,16.200000762939453,47.3979721,8.546162299999999,attack,36.213
1776223753.4632604,2026-04-15T03:29:13.463260,normal_circle,1,47.39831882551408,8.5466745240777,1.2540000677108765,0.893000066280365,0.0,0.0,-1.079999923706055,-0.0756023451685905,-0.032982625067234,-9.985101699829102,-9.750860772328453e-05,0.0155408717691898,-4.1837251046672463e-05,100.0,16.200000762939453,47.3979721,8.546162299999999,attack,36.322
1776223753.568781,2026-04-15T03:29:13.568781,normal_circle,1,47.39831983280749,8.546676012171064,1.2790000438690186,0.9180000424385072,0.0,0.0099999997764825,-1.090000033378601,-0.0679882168769836,-0.031975470483303,-9.969893455505373,-0.0011777358595281,0.0158785805106163,-0.0002755524765234,100.0,16.200000762939453,47.3979721,8.546162299999999,attack,36.427
1776223753.6707778,2026-04-15T03:29:13.670778,normal_circle,1,47.398320806464895,8.546677450573334,1.2790000438690186,0.9180000424385072,0.0,0.0099999997764825,-1.090000033378601,-0.0679882168769836,-0.031975470483303,-9.969893455505373,-0.0011777358595281,0.0158785805106163,-0.0002755524765234,100.0,16.200000762939453,47.3979721,8.546162299999999,attack,36.529
1776223753.7729945,2026-04-15T03:29:13.772995,normal_circle,1,47.39832178222071,8.546678892075624,1.3040000200271606,0.9430000185966492,0.0,0.0099999997764825,-1.090000033378601,-0.0668626427650451,-0.0360147096216678,-9.963425636291504,-0.0019402202451601,0.0177440196275711,-0.0008093696087598,100.0,16.200000762939453,47.3979721,8.546162299999999,attack,36.631
1776223753.8787043,2026-04-15T03:29:13.878705,normal_circle,1,47.398322791321206,8.546680382838634,1.312000036239624,0.9510000348091124,0.0,0.0099999997764825,-1.090000033378601,-0.0643603131175041,-0.0390342101454734,-9.980347633361816,-0.0023372948635369,0.0183693096041679,-0.0004752275417558,100.0,16.200000762939453,47.3979721,8.546162299999999,attack,36.737
1776223753.9823165,2026-04-15T03:29:13.982316,normal_circle,1,47.39832378039805,8.546681844020332,1.312000036239624,0.9510000348091124,0.0,0.0099999997764825,-1.090000033378601,-0.0643603131175041,-0.0390342101454734,-9.980347633361816,-0.0023372948635369,0.0183693096041679,-0.0004752275417558,100.0,16.200000762939453,47.3979721,8.546162299999999,attack,36.841
1776223754.0868618,2026-04-15T03:29:14.086862,normal_circle,1,47.39832477838289,8.546683418361983,1.337000012397766,0.9760000705718994,0.0,0.0099999997764825,-1.100000023841858,-0.0706765949726104,-0.0388192012906074,-9.995739936828612,-0.0026798776816576,0.0204915218055248,-0.0005650208331644,100.0,16.200000762939453,47.3979721,8.5461624,attack,36.945
1776223754.1910791,2026-04-15T03:29:14.191079,normal_circle,1,47.39832577323606,8.54668488807714,1.3530000448226929,0.9920000433921814,0.0,0.0199999995529651,-1.100000023841858,-0.0660709887742996,-0.0358548387885093,-10.015717506408691,-0.0048632086254656,0.0204606931656599,-0.0006703345570713,100.0,16.200000762939453,47.3979721,8.5461624,attack,37.05
1776223754.2959642,2026-04-15T03:29:14.295964,normal_circle,1,47.3983267744641,8.546686367210034,1.3530000448226929,0.9920000433921814,0.0,0.0199999995529651,-1.100000023841858,-0.0660709887742996,-0.0358548387885093,-10.015717506408691,-0.0048632086254656,0.0204606931656599,-0.0006703345570713,100.0,16.200000762939453,47.3979721,8.5461624,attack,37.154
1776223754.398322,2026-04-15T03:29:14.398322,normal_circle,1,47.39832775156727,8.546687810702792,1.378000020980835,1.0170000791549685,0.0,0.0199999995529651,-1.100000023841858,-0.0718044713139534,-0.0342177003622055,-9.985000610351562,-0.0070167020894587,0.022453237324953,-0.0002111685171257,100.0,16.200000762939453,47.3979721,8.5461624,attack,37.257
1776223754.5808916,2026-04-15T03:29:14.580892,normal_circle,1,47.39832949436683,8.546690485373123,1.4450000524520874,1.0840001106262207,0.0,0.0299999993294477,-1.1200000047683716,-0.0713103264570236,-0.0384195372462272,-10.06100368499756,-0.0060758711770176,0.0278392508625984,0.000224343209993,100.0,16.200000762939453,47.3979721,8.5461625,attack,37.439
1776223754.6872368,2026-04-15T03:29:14.687237,normal_circle,1,47.398330509532684,8.5466919850966,1.4450000524520874,1.0840001106262207,0.0,0.0299999993294477,-1.1200000047683716,-0.0713103264570236,-0.0384195372462272,-10.06100368499756,-0.0060758711770176,0.0278392508625984,0.000224343209993,100.0,16.200000762939453,47.3979721,8.5461625,attack,37.546
1776223754.7889626,2026-04-15T03:29:14.788963,normal_circle,1,47.39833148060235,8.546693419675963,1.4450000524520874,1.0840001106262207,0.0,0.0299999993294477,-1.1200000047683716,-0.075063481926918,-0.0303971134126186,-10.033490180969238,-0.0041683367453515,0.0288809482008218,0.0007469410775229,100.0,16.200000762939453,47.3979721,8.5461625,attack,37.647
1776223754.8979566,2026-04-15T03:29:14.897957,normal_circle,1,47.39833252105382,8.546694956754338,1.462000012397766,1.1010000705718994,0.0,0.0299999993294477,-1.1200000047683716,-0.075063481926918,-0.0303971134126186,-10.033490180969238,-0.0041683367453515,0.0288809482008218,0.0007469410775229,100.0,16.200000762939453,47.3979721,8.5461625,attack,37.756
1776223755.0016391,2026-04-15T03:29:15.001639,normal_circle,1,47.39833351080206,8.546696418927908,1.4870001077651978,1.1260000467300415,0.0,0.0299999993294477,-1.1200000047683716,-0.0741457194089889,-0.0374412089586257,-10.025683403015137,-0.0051564332097768,0.0285695847123861,-0.0004065495741087,100.0,16.200000762939453,47.3979721,8.5461625,attack,37.86
1776223755.1220253,2026-04-15T03:29:15.122025,normal_circle,1,47.39833466000211,8.546698116662602,1.4870001077651978,1.1260000467300415,0.0,0.0299999993294477,-1.1200000047683716,-0.0741457194089889,-0.0374412089586257,-10.025683403015137,-0.0051564332097768,0.0285695847123861,-0.0004065495741087,100.0,16.200000762939453,47.3979721,8.5461625,attack,37.981
1776223755.225787,2026-04-15T03:29:15.225787,normal_circle,1,47.39833565050596,8.546699579952449,1.5040000677108765,1.1430000066757202,0.0,0.0399999991059303,-1.1299999952316284,-0.061491884291172,-0.0380276925861835,-10.016142845153809,-0.0044932598248124,0.0277301408350467,0.0003042883181478,100.0,16.200000762939453,47.3979721,8.5461625,attack,38.084
1776223755.327713,2026-04-15T03:29:15.327713,normal_circle,1,47.39833662348742,8.546701117356122,1.53000009059906,1.1690000295639038,0.0,0.0399999991059303,-1.1299999952316284,-0.0632893815636634,-0.0353407338261604,-9.986583709716797,-0.0056908470578491,0.0259446669369936,-6.259037036215886e-05,100.0,16.200000762939453,47.3979721,8.546162599999999,attack,38.186
1776223755.490258,2026-04-15T03:29:15.490258,normal_circle,1,47.39833817513371,8.54670340963217,1.5470000505447388,1.186000108718872,0.0,0.0399999991059303,-1.1299999952316284,-0.0733126625418663,-0.0322223976254463,-10.002687454223633,-0.0053961533121764,0.02735854126513,-0.000261885637883,100.0,16.200000762939453,47.3979721,8.546162599999999,attack,38.349
1776223755.5970762,2026-04-15T03:29:15.597076,normal_circle,1,47.398339194815016,8.546704916026407,1.5470000505447388,1.186000108718872,0.0,0.0399999991059303,-1.1299999952316284,-0.0733126625418663,-0.0322223976254463,-10.002687454223633,-0.0053961533121764,0.02735854126513,-0.000261885637883,100.0,16.200000762939453,47.3979721,8.546162599999999,attack,38.456
1776223755.6991878,2026-04-15T03:29:15.699188,normal_circle,1,47.39834016956715,8.546706356045933,1.564000129699707,1.2030000686645508,0.0,0.0399999991059303,-1.1399999856948853,-0.0731416419148445,-0.0415509827435016,-10.005861282348633,-0.005318924318999,0.027575435116887,-0.0007389250677078,100.0,16.200000762939453,47.3979721,8.546162599999999,attack,38.558
1776223755.800944,2026-04-15T03:29:15.800944,normal_circle,1,47.39834114092814,8.546707791055667,1.564000129699707,1.2030000686645508,0.0,0.0399999991059303,-1.1399999856948853,-0.0731416419148445,-0.0415509827435016,-10.005861282348633,-0.005318924318999,0.027575435116887,-0.0007389250677078,100.0,16.200000762939453,47.3979721,8.546162599999999,attack,38.659
1776223755.9177206,2026-04-15T03:29:15.917721,normal_circle,1,47.39834225567057,8.546709437885488,1.590000033378601,1.2290000915527344,0.0,0.0399999991059303,-1.1399999856948853,-0.0729304552078247,-0.0333675742149353,-10.019516944885254,-0.0037639513611793,0.0282500963658094,3.0487746698781848e-05,100.0,16.200000762939453,47.3979721,8.546162599999999,attack,38.776
1776223756.019928,2026-04-15T03:29:16.019928,normal_circle,1,47.39834323133763,8.54671097925665,1.6070001125335691,1.246000051498413,0.0,0.0399999991059303,-1.1399999856948853,-0.0738877579569816,-0.0322997011244297,-10.030632972717283,-0.0040673366747796,0.0260568540543317,-0.0005724696675315,100.0,16.200000762939453,47.3979721,8.5461627,attack,38.878
1776223756.123443,2026-04-15T03:29:16.123443,normal_circle,1,47.39834421948589,8.546712439066539,1.6070001125335691,1.246000051498413,0.0,0.0399999991059303,-1.1399999856948853,-0.0738877579569816,-0.0322997011244297,-10.030632972717283,-0.0040673366747796,0.0260568540543317,-0.0005724696675315,100.0,16.200000762939453,47.3979721,8.5461627,attack,38.982
1776223756.2349982,2026-04-15T03:29:16.234998,normal_circle,1,47.398345284387695,8.546714012265857,1.6250001192092896,1.2630000114440918,0.0,0.0499999970197677,-1.149999976158142,-0.0723552331328392,-0.0348111800849437,-9.989823341369627,-0.0043688858859241,0.0254856888204813,0.0006528099183924,100.0,16.200000762939453,47.3979721,8.5461627,attack,39.093
1776223756.3360922,2026-04-15T03:29:16.336092,normal_circle,1,47.39834624942615,8.546715437935186,1.6420000791549685,1.281000018119812,0.0,0.0499999970197677,-1.149999976158142,-0.0791805759072303,-0.040724791586399,-10.038053512573242,-0.0028455103747546,0.0259732995182275,0.0002813473111018,100.0,16.200000762939453,47.3979721,8.5461627,attack,39.195
1776223756.4397385,2026-04-15T03:29:16.439738,normal_circle,1,47.39834723882845,8.546716899597689,1.6420000791549685,1.281000018119812,0.0,0.0499999970197677,-1.149999976158142,-0.0791805759072303,-0.040724791586399,-10.038053512573242,-0.0028455103747546,0.0259732995182275,0.0002813473111018,100.0,16.200000762939453,47.3979721,8.5461627,attack,39.298
1776223756.5466309,2026-04-15T03:29:16.546631,normal_circle,1,47.39834825921757,8.546718407037591,1.6420000791549685,1.281000018119812,0.0,0.0499999970197677,-1.149999976158142,-0.0791805759072303,-0.040724791586399,-10.038053512573242,-0.0028455103747546,0.0259732995182275,0.0002813473111018,100.0,16.200000762939453,47.3979721,8.5461627,attack,39.405
1776223756.648142,2026-04-15T03:29:16.648142,normal_circle,1,47.398349128238905,8.546719938589847,1.7120001316070557,1.350000023841858,0.0,0.0499999970197677,-1.159999966621399,-0.0721543356776237,-0.0369430892169475,-9.975874900817873,-0.0016349917277693,0.0261650700122118,-0.0010114486794918,100.0,16.200000762939453,47.397972,8.5461628,attack,39.507
1776223756.7540147,2026-04-15T03:29:16.754015,normal_circle,1,47.39835013889387,8.54672143164929,1.7120001316070557,1.350000023841858,0.0,0.0499999970197677,-1.159999966621399,-0.0721543356776237,-0.0369430892169475,-9.975874900817873,-0.0016349917277693,0.0261650700122118,-0.0010114486794918,100.0,16.200000762939453,47.397972,8.5461628,attack,39.612
1776223756.8644102,2026-04-15T03:29:16.864410,normal_circle,1,47.398351192723254,8.546722988491126,1.7380000352859497,1.377000093460083,0.0,0.0499999970197677,-1.159999966621399,-0.0743478015065193,-0.0375476330518722,-10.027819633483888,0.0009496772545389,0.023815469816327,-0.0005911918124184,100.0,16.200000762939453,47.397972,8.5461628,attack,39.723
1776223756.9679732,2026-04-15T03:29:16.967973,normal_circle,1,47.39835218133126,8.546724448980193,1.7380000352859497,1.377000093460083,0.0,0.0499999970197677,-1.159999966621399,-0.0760850459337234,-0.0377569012343883,-10.002507209777832,0.0025952777359634,0.0243211667984724,-3.516563447192311e-05,100.0,16.200000762939453,47.397972,8.5461628,attack,39.826
1776223757.079859,2026-04-15T03:29:17.079859,normal_circle,1,47.3983532493875,8.546726026839623,1.75600004196167,1.3940000534057615,0.0,0.0499999970197677,-1.1699999570846558,-0.0760850459337234,-0.0377569012343883,-10.002507209777832,0.0025952777359634,0.0243211667984724,-3.516563447192311e-05,100.0,16.200000762939453,47.397972,8.5461628,attack,39.938
1776223757.1833246,2026-04-15T03:29:17.183325,normal_circle,1,47.39835423706465,8.546727585953517,1.7820000648498535,1.4210001230239868,0.0,0.0499999970197677,-1.1699999570846558,-0.0708652064204216,-0.0322740226984024,-10.061442375183104,0.0028414134867489,0.0225254315882921,-0.0006173421279527,100.0,16.200000762939453,47.397972,8.546162899999999,attack,40.042
1776223757.28533,2026-04-15T03:29:17.285330,normal_circle,1,47.39835521080399,8.546729024476827,1.7820000648498535,1.4210001230239868,0.0,0.0499999970197677,-1.1699999570846558,-0.0804928243160247,-0.0311217326670885,-10.045438766479492,0.0029476957861334,0.0246402658522129,0.0001370225363643,100.0,16.200000762939453,47.397972,8.546162899999999,attack,40.144
1776223757.3885288,2026-04-15T03:29:17.388529,normal_circle,1,47.39835619593437,8.546730479828334,1.8310000896453855,1.4700000286102295,0.0,0.0499999970197677,-1.1799999475479126,-0.0691042691469192,-0.0308091323822736,-10.036331176757812,0.0017584938323125,0.0229247119277715,-0.0014209356158971,100.0,16.200000762939453,47.397972,8.546162899999999,attack,40.247
1776223757.4977436,2026-04-15T03:29:17.497744,normal_circle,1,47.39835723849334,8.546732020020174,1.849000096321106,1.4870001077651978,0.0,0.0499999970197677,-1.1799999475479126,-0.0672157481312751,-0.0313852429389953,-10.015161514282228,0.0008791418513283,0.0204899776726961,-0.0010211035842075,100.0,16.200000762939453,47.397972,8.546162899999999,attack,40.356
1776223757.598948,2026-04-15T03:29:17.598948,normal_circle,1,47.39835820458555,8.546733547246236,1.8750001192092896,1.5140000581741333,0.0,0.0499999970197677,-1.1899999380111694,-0.068334050476551,-0.0354495644569397,-10.025239944458008,0.0023118869867175,0.0199397690594196,-0.0003452078672125,100.0,16.200000762939453,47.397972,8.546163,attack,40.457
1776223757.7038083,2026-04-15T03:29:17.703808,normal_circle,1,47.3983592055769,8.54673502602945,1.902000069618225,1.5410001277923584,0.0,0.0499999970197677,-1.1899999380111694,-0.0802949517965316,-0.0365001261234283,-10.055526733398438,0.002589815063402,0.0192526616156101,-0.0016103395028039,100.0,16.200000762939453,47.397972,8.546163,attack,40.562
1776223757.8081083,2026-04-15T03:29:17.808108,normal_circle,1,47.39836020121981,8.546736496911313,1.902000069618225,1.5410001277923584,0.0,0.0499999970197677,-1.1899999380111694,-0.0802949517965316,-0.0365001261234283,-10.055526733398438,0.002589815063402,0.0192526616156101,-0.0016103395028039,100.0,16.200000762939453,47.397972,8.546163,attack,40.667
1776223757.9103167,2026-04-15T03:29:17.910317,normal_circle,1,47.39836117689597,8.546737938295921,1.902000069618225,1.5410001277923584,0.0,0.0499999970197677,-1.1899999380111694,-0.0802949517965316,-0.0365001261234283,-10.055526733398438,0.002589815063402,0.0192526616156101,-0.0016103395028039,100.0,16.200000762939453,47.397972,8.546163,attack,40.769
1776223758.0502784,2026-04-15T03:29:18.050278,normal_circle,1,47.3983625129637,8.546739912093727,1.920000076293945,1.559000015258789,0.0,0.0599999986588954,-1.1999999284744265,-0.0718924328684806,-0.0354543216526508,-10.033065795898438,0.0035069440491497,0.01867694593966,5.860698001924902e-05,100.0,16.200000762939453,47.397972,8.546163,attack,40.909
1776223758.1619208,2026-04-15T03:29:18.161921,normal_circle,1,47.39836357869621,8.546741486520274,1.920000076293945,1.559000015258789,0.0,0.0599999986588954,-1.1999999284744265,-0.0718924328684806,-0.0354543216526508,-10.033065795898438,0.0035069440491497,0.01867694593966,5.860698001924902e-05,100.0,16.200000762939453,47.397972,8.546163,attack,41.02
1776223758.2681625,2026-04-15T03:29:18.268162,normal_circle,1,47.398364592874316,8.54674298478452,1.920000076293945,1.559000015258789,0.0,0.0599999986588954,-1.1999999284744265,-0.0718924328684806,-0.0354543216526508,-10.033065795898438,0.0035069440491497,0.01867694593966,5.860698001924902e-05,100.0,16.200000762939453,47.397972,8.546163,attack,41.127
1776223758.3718266,2026-04-15T03:29:18.371827,normal_circle,1,47.39836558244731,8.546744546699191,1.9380000829696653,1.5770000219345093,0.0,0.0599999986588954,-1.1999999284744265,-0.0750826224684715,-0.0444849804043769,-10.033178329467772,0.0028374604880809,0.0180729757994413,3.408313205000013e-05,100.0,16.200000762939453,47.397972,8.5461631,attack,41.23
1776223758.47825,2026-04-15T03:29:18.478250,normal_circle,1,47.39836659835967,8.546746047525493,1.9570001363754272,1.5950000286102295,0.0,0.0499999970197677,-1.1999999284744265,-0.0768996030092239,-0.0351906679570674,-10.023565292358398,0.0006959934253245,0.0174916852265596,-0.0008970324415713,100.0,16.200000762939453,47.397972,8.5461631,attack,41.337
1776223758.5882237,2026-04-15T03:29:18.588224,normal_circle,1,47.39836764816294,8.546747598419463,1.9570001363754272,1.5950000286102295,0.0,0.0499999970197677,-1.1999999284744265,-0.0695972517132759,-0.0346680469810962,-10.000688552856444,0.0011563230073079,0.0164649952203035,-0.00222396873869,100.0,16.200000762939453,47.397972,8.5461631,attack,41.447
1776223758.6907258,2026-04-15T03:29:18.690726,normal_circle,1,47.39836862664305,8.546749043946397,1.9750001430511477,1.6130000352859497,0.0,0.0499999970197677,-1.1999999284744265,-0.0695972517132759,-0.0346680469810962,-10.000688552856444,0.0011563230073079,0.0164649952203035,-0.00222396873869,100.0,16.200000762939453,47.397972,8.5461631,attack,41.549
1776223758.7925894,2026-04-15T03:29:18.792589,normal_circle,1,47.39836959902821,8.546750480469152,2.017000198364258,1.65500009059906,0.0,0.0499999970197677,-1.209999918937683,-0.0792470052838325,-0.0443724654614925,-10.014789581298828,0.0029606325551867,0.0182517040520906,-0.0006211618310771,100.0,16.200000762939453,47.397972,8.5461631,attack,41.651
1776223758.8958807,2026-04-15T03:29:18.895881,normal_circle,1,47.39837058504165,8.546752037125222,2.0350000858306885,1.6740000247955322,0.0,0.0499999970197677,-1.209999918937683,-0.0760310888290405,-0.0421701520681381,-10.008567810058594,0.0038223087321966,0.0156638864427804,-0.0007023788057267,100.0,16.200000762939453,47.397972,8.546163199999999,attack,41.754
1776223758.9979064,2026-04-15T03:29:18.997906,normal_circle,1,47.39837155897444,8.546753475934324,2.0350000858306885,1.6740000247955322,0.0,0.0499999970197677,-1.209999918937683,-0.0760310888290405,-0.0421701520681381,-10.008567810058594,0.0038223087321966,0.0156638864427804,-0.0007023788057267,100.0,16.200000762939453,47.397972,8.546163199999999,attack,41.856
1776223759.1106296,2026-04-15T03:29:19.110630,normal_circle,1,47.398372635023755,8.546755065602072,2.063000202178955,1.701000094413757,0.0,0.0499999970197677,-1.2200000286102295,-0.0688854455947876,-0.0435841903090477,-9.98447036743164,0.0067682531662285,0.0142154488712549,-0.0015651676803827,100.0,16.200000762939453,47.397972,8.546163199999999,attack,41.969
1776223759.2129972,2026-04-15T03:29:19.212997,normal_circle,1,47.39837361222024,8.546756509232681,2.063000202178955,1.701000094413757,0.0,0.0499999970197677,-1.2200000286102295,-0.0688854455947876,-0.0435841903090477,-9.98447036743164,0.0067682531662285,0.0142154488712549,-0.0015651676803827,100.0,16.200000762939453,47.397972,8.546163199999999,attack,42.071
1776223759.314314,2026-04-15T03:29:19.314314,normal_circle,1,47.39837457938441,8.546757938042372,2.0810000896453857,1.7200000286102295,0.0,0.0499999970197677,-1.2200000286102295,-0.0709199607372284,-0.0391764640808105,-9.962457656860352,0.0062047694809734,0.0135226435959339,-0.0008390721050091,100.0,16.200000762939453,47.397972,8.546163199999999,attack,42.173
1776223759.416108,2026-04-15T03:29:19.416108,normal_circle,1,47.398375551105,8.546759373583344,2.1000001430511475,1.7390000820159912,0.0,0.0499999970197677,-1.2200000286102295,-0.0741366744041442,-0.0340154282748699,-10.008899688720703,0.006925577763468,0.0114298230037093,-0.0015922661405056,100.0,16.200000762939453,47.397972,8.546163199999999,attack,42.275
1776223759.5298817,2026-04-15T03:29:19.529882,normal_circle,1,47.39837663718434,8.546760978068646,2.128000020980835,1.7670000791549685,0.0,0.0499999970197677,-1.2300000190734863,-0.0729179382324218,-0.0357608087360858,-10.012619018554688,0.0076334183104336,0.0115702049806714,-0.0019261194393038,100.0,16.200000762939453,47.397972,8.546163199999999,attack,42.388
1776223759.6342354,2026-04-15T03:29:19.634235,normal_circle,1,47.39837773333933,8.54676254970816,2.1470000743865967,1.78600013256073,0.0,0.0499999970197677,-1.2300000190734863,-0.0721409171819686,-0.0329159945249557,-9.992854118347168,0.0076617691665887,0.0128438025712966,-0.0013026323867961,100.0,16.200000762939453,47.3979721,8.5461633,attack,42.493
1776223759.738476,2026-04-15T03:29:19.738476,normal_circle,1,47.39837872841554,8.54676401975282,2.1470000743865967,1.78600013256073,0.0,0.0499999970197677,-1.2300000190734863,-0.0721409171819686,-0.0329159945249557,-9.992854118347168,0.0076617691665887,0.0128438025712966,-0.0013026323867961,100.0,16.200000762939453,47.3979721,8.5461633,attack,42.597
1776223759.8409195,2026-04-15T03:29:19.840919,normal_circle,1,47.39837970633577,8.546765464452635,2.1750001907348637,1.814000129699707,0.0099999997764825,0.0499999970197677,-1.2300000190734863,-0.0700092762708664,-0.0331685170531272,-9.99167823791504,0.0087163699790835,0.0109061934053897,-0.0007244687294587,100.0,16.200000762939453,47.3979721,8.5461633,attack,42.699
1776223759.94892,2026-04-15T03:29:19.948920,normal_circle,1,47.39838073730341,8.546766987520403,2.1750001907348637,1.814000129699707,0.0099999997764825,0.0499999970197677,-1.2300000190734863,-0.0700092762708664,-0.0331685170531272,-9.99167823791504,0.0087163699790835,0.0109061934053897,-0.0007244687294587,100.0,16.200000762939453,47.3979721,8.5461633,attack,42.807
1776223760.049744,2026-04-15T03:29:20.049744,normal_circle,1,47.398381699763235,8.54676840938027,2.1750001907348637,1.814000129699707,0.0099999997764825,0.0499999970197677,-1.2300000190734863,-0.0700092762708664,-0.0331685170531272,-9.99167823791504,0.0087163699790835,0.0109061934053897,-0.0007244687294587,100.0,16.200000762939453,47.3979721,8.5461633,attack,42.908
1776223760.1549263,2026-04-15T03:29:20.154927,normal_circle,1,47.39838270382937,8.546769892705925,2.194000005722046,1.8320001363754272,0.0099999997764825,0.0499999970197677,-1.2400000095367432,-0.0680304616689682,-0.0304098259657621,-9.973438262939451,0.0096315024420619,0.0112815601751208,-0.0008407389977946,100.0,16.200000762939453,47.3979721,8.5461633,attack,43.013
1776223760.2600296,2026-04-15T03:29:20.260030,normal_circle,1,47.3983837071399,8.546771374915302,2.2220001220703125,1.861000061035156,0.0099999997764825,0.0499999970197677,-1.2400000095367432,-0.0764109641313552,-0.0395561978220939,-9.976422309875488,0.0088981334120035,0.0088528087362647,-0.001763206673786,100.0,16.200000762939453,47.3979721,8.5461633,attack,43.119
1776223760.3695722,2026-04-15T03:29:20.369572,normal_circle,1,47.39838475282828,8.546773019730278,2.241000175476074,1.880000114440918,0.0099999997764825,0.0499999970197677,-1.2400000095367432,-0.0798809900879859,-0.0302187874913215,-9.95603370666504,0.0086756143718957,0.0089907497167587,-0.0020139180123806,100.0,16.200000762939453,47.3979721,8.5461634,attack,43.228
1776223760.4714396,2026-04-15T03:29:20.471440,normal_circle,1,47.39838572524985,8.546774456306832,2.259999990463257,1.89900004863739,0.0099999997764825,0.0499999970197677,-1.2400000095367432,-0.0788208618760109,-0.0429235808551311,-10.003729820251465,0.0087735615670681,0.0094376085326075,-0.0004574049962684,100.0,16.200000762939453,47.3979721,8.5461634,attack,43.33
1776223760.5752344,2026-04-15T03:29:20.575234,normal_circle,1,47.398386716070064,8.546775920064032,2.259999990463257,1.89900004863739,0.0099999997764825,0.0499999970197677,-1.2400000095367432,-0.0788208618760109,-0.0429235808551311,-10.003729820251465,0.0087735615670681,0.0094376085326075,-0.0004574049962684,100.0,16.200000762939453,47.3979721,8.5461634,attack,43.434
1776223760.6771286,2026-04-15T03:29:20.677129,normal_circle,1,47.39838768874654,8.546777357017163,2.2890000343322754,1.9280000925064087,0.0099999997764825,0.0499999970197677,-1.25,-0.0660054087638855,-0.0391866713762283,-9.981142044067385,0.0070691327564418,0.0080982074141502,-0.0009244877728633,100.0,16.200000762939453,47.3979721,8.5461634,attack,43.536
1776223760.780197,2026-04-15T03:29:20.780197,normal_circle,1,47.39838867263199,8.546778810529506,2.328000068664551,1.967000126838684,0.0099999997764825,0.0399999991059303,-1.25,-0.0750839188694953,-0.0429807156324386,-9.943641662597656,0.0079996827989816,0.0066814413294196,-0.0010091087315231,100.0,16.200000762939453,47.3979721,8.5461634,attack,43.639
1776223760.88229,2026-04-15T03:29:20.882290,normal_circle,1,47.39838964720659,8.546780250286774,2.3470001220703125,1.986000061035156,0.0099999997764825,0.0399999991059303,-1.2599999904632568,-0.0747418403625488,-0.0385997481644153,-9.970662117004396,0.007824731990695,0.0046283761039376,-0.0008595389081165,100.0,16.200000762939453,47.3979721,8.5461634,attack,43.741
1776223760.9849164,2026-04-15T03:29:20.984916,normal_circle,1,47.398390626874736,8.54678169756882,2.3470001220703125,1.986000061035156,0.0099999997764825,0.0399999991059303,-1.2599999904632568,-0.0747418403625488,-0.0385997481644153,-9.970662117004396,0.007824731990695,0.0046283761039376,-0.0008595389081165,100.0,16.200000762939453,47.3979721,8.5461634,attack,43.843
1776223761.08916,2026-04-15T03:29:21.089160,normal_circle,1,47.39839162197825,8.546783167653826,2.367000102996826,2.005000114440918,0.0099999997764825,0.0399999991059303,-1.2599999904632568,-0.069415345788002,-0.0246465858072042,-9.946842193603516,0.0077914483845233,0.0044364482164382,-0.0006530289538204,100.0,16.200000762939453,47.3979721,8.5461634,attack,43.948
1776223761.1925087,2026-04-15T03:29:21.192509,normal_circle,1,47.39839260854019,8.546784725120208,2.3960001468658447,2.0340001583099365,0.0099999997764825,0.0399999991059303,-1.2599999904632568,-0.0753858834505081,-0.0350530818104743,-9.949666023254396,0.0063962340354919,0.003221693681553,-0.0009904502658173,100.0,16.200000762939453,47.3979721,8.5461635,attack,44.051
1776223761.3619044,2026-04-15T03:29:21.361904,normal_circle,1,47.39839422558312,8.546787114007925,2.454000234603882,2.0930001735687256,0.0099999997764825,0.0399999991059303,-1.2699999809265137,-0.0783475488424301,-0.0387023948132991,-9.993818283081056,0.0070475032553076,0.0012724818661808,-0.0009889716748148,100.0,16.200000762939453,47.3979721,8.5461635,attack,44.22
1776223761.463745,2026-04-15T03:29:21.463745,normal_circle,1,47.398395197749785,8.546788550207904,2.4840002059936523,2.122000217437744,0.0099999997764825,0.0399999991059303,-1.2699999809265137,-0.0740591809153556,-0.031936015933752,-9.987637519836426,0.006789312697947,-0.0002355305623495,-0.0007841821061447,100.0,16.200000762939453,47.3979721,8.5461635,attack,44.322
1776223761.5696585,2026-04-15T03:29:21.569659,normal_circle,1,47.39839620879393,8.546790043842298,2.4840002059936523,2.122000217437744,0.0099999997764825,0.0399999991059303,-1.2699999809265137,-0.0740591809153556,-0.031936015933752,-9.987637519836426,0.006789312697947,-0.0002355305623495,-0.0007841821061447,100.0,16.200000762939453,47.3979721,8.5461635,attack,44.428
1776223761.6718855,2026-04-15T03:29:21.671886,normal_circle,1,47.398397184647614,8.546791485489168,2.503000020980835,2.142000198364258,0.0099999997764825,0.0299999993294477,-1.2699999809265137,-0.0653972551226615,-0.0308143533766269,-9.969919204711914,0.006025462411344,0.0015830639749765,-0.0007235519005917,100.0,16.200000762939453,47.3979721,8.5461635,attack,44.53
1776223761.8097873,2026-04-15T03:29:21.809787,normal_circle,1,47.39839850105129,8.546793430236903,2.503000020980835,2.142000198364258,0.0099999997764825,0.0299999993294477,-1.2699999809265137,-0.0653972551226615,-0.0308143533766269,-9.969919204711914,0.006025462411344,0.0015830639749765,-0.0007235519005917,100.0,16.200000762939453,47.3979721,8.5461635,attack,44.668
1776223761.911924,2026-04-15T03:29:21.911924,normal_circle,1,47.398399476042385,8.54679487060947,2.533000230789185,2.1710000038146973,0.0099999997764825,0.0299999993294477,-1.2799999713897705,-0.0738569498062133,-0.0409669056534767,-9.986946105957031,0.005141147878021,0.0024818468373268,-0.0008592181839048,100.0,16.200000762939453,47.3979721,8.5461635,attack,44.77
1776223762.0256562,2026-04-15T03:29:22.025656,normal_circle,1,47.39840056172572,8.546796574509736,2.562000036239624,2.201000213623047,0.0099999997764825,0.0299999993294477,-1.2799999713897705,-0.0730758383870124,-0.0331296399235725,-9.979571342468262,0.002661857753992,0.0013051866553723,-0.0008789669373072,100.0,16.200000762939453,47.3979721,8.5461636,attack,44.884
1776223762.131771,2026-04-15T03:29:22.131771,normal_circle,1,47.39840157469303,8.546798070985256,2.5820000171661377,2.2210001945495605,0.0099999997764825,0.0299999993294477,-1.2799999713897705,-0.0642502754926681,-0.0350952446460723,-9.975594520568848,0.0021490564104169,-0.0001467523397877,0.0002850460004992,100.0,16.200000762939453,47.3979721,8.5461636,attack,44.99
1776223762.2339118,2026-04-15T03:29:22.233912,normal_circle,1,47.398402549722825,8.54679951141498,2.5820000171661377,2.2210001945495605,0.0099999997764825,0.0299999993294477,-1.2799999713897705,-0.0642502754926681,-0.0350952446460723,-9.975594520568848,0.0021490564104169,-0.0001467523397877,0.0002850460004992,100.0,16.200000762939453,47.3979721,8.5461636,attack,45.092
1776223762.3363678,2026-04-15T03:29:22.336368,normal_circle,1,47.398403527763676,8.546800956292996,2.632000207901001,2.2710001468658447,0.0099999997764825,0.0299999993294477,-1.2899999618530271,-0.0794700756669044,-0.0311388038098812,-9.98215103149414,0.003649785881862,-0.0024346851278096,0.0004992897156625,100.0,16.200000762939453,47.3979721,8.5461636,attack,45.195
1776223762.4431994,2026-04-15T03:29:22.443199,normal_circle,1,47.39840454757243,8.54680246287552,2.682000160217285,2.321000099182129,0.0099999997764825,0.0199999995529651,-1.2899999618530271,-0.0757520347833633,-0.0457871630787849,-9.946626663208008,0.0003058826259803,-0.0026623394805938,0.0010584358824416,100.0,16.200000762939453,47.3979721,8.5461636,attack,45.302
1776223762.5496595,2026-04-15T03:29:22.549660,normal_circle,1,47.39840556383528,8.546803964219617,2.702000141143799,2.3410000801086426,0.0099999997764825,0.0199999995529651,-1.2999999523162842,-0.073952242732048,-0.0447022505104541,-9.956133842468262,-0.0005291009438224,-0.0041944840922951,0.0002826329437084,100.0,16.200000762939453,47.3979721,8.5461636,attack,45.408
1776223762.6519089,2026-04-15T03:29:22.651909,normal_circle,1,47.3984065399029,8.54680540618254,2.702000141143799,2.3410000801086426,0.0099999997764825,0.0199999995529651,-1.2999999523162842,-0.073952242732048,-0.0447022505104541,-9.956133842468262,-0.0005291009438224,-0.0041944840922951,0.0002826329437084,100.0,16.200000762939453,47.3979721,8.5461636,attack,45.51
1776223762.7584882,2026-04-15T03:29:22.758488,normal_circle,1,47.39840755730373,8.546806909207772,2.7320001125335693,2.371000051498413,0.0099999997764825,0.0199999995529651,-1.2999999523162842,-0.0687690824270248,-0.0345797277987003,-9.986004829406738,0.0006788291502743,-0.001757200108841,0.0003757237573154,100.0,16.200000762939453,47.3979721,8.5461636,attack,45.617
1776223762.8682768,2026-04-15T03:29:22.868277,normal_circle,1,47.39840860534087,8.546808457492618,2.7320001125335693,2.371000051498413,0.0099999997764825,0.0199999995529651,-1.2999999523162842,-0.0687690824270248,-0.0345797277987003,-9.986004829406738,0.0006788291502743,-0.001757200108841,0.0003757237573154,100.0,16.200000762939453,47.3979721,8.5461636,attack,45.727
1776223762.971792,2026-04-15T03:29:22.971792,normal_circle,1,47.39840959349141,8.546809917305868,2.752000093460083,2.3910000324249268,0.0099999997764825,0.0199999995529651,-1.2999999523162842,-0.0734693855047226,-0.0369208678603172,-9.950318336486816,0.0004665348678827,-0.0024067678023129,0.0013220639666542,100.0,16.200000762939453,47.3979721,8.5461636,attack,45.83
1776223763.073007,2026-04-15T03:29:23.073007,normal_circle,1,47.398410559686035,8.546811344683233,2.783000230789185,2.4210000038146973,0.0099999997764825,0.0199999995529651,-1.2999999523162842,-0.0815386325120925,-0.0335222221910953,-9.944329261779783,-0.0005630683153867,-0.0064914273098111,0.001573669607751,100.0,16.200000762939453,47.3979721,8.5461636,attack,45.931
1776223763.1786864,2026-04-15T03:29:23.178686,normal_circle,1,47.39841156849521,8.546812835015873,2.783000230789185,2.4210000038146973,0.0099999997764825,0.0199999995529651,-1.2999999523162842,-0.0815386325120925,-0.0335222221910953,-9.944329261779783,-0.0005630683153867,-0.0064914273098111,0.001573669607751,100.0,16.200000762939453,47.3979721,8.5461636,attack,46.037
1776223763.282988,2026-04-15T03:29:23.282988,normal_circle,1,47.39841256415405,8.546814305921275,2.8030002117156982,2.442000150680542,0.0099999997764825,0.0199999995529651,-1.309999942779541,-0.073387399315834,-0.0398186556994915,-9.931256294250488,0.0004301590670365,-0.0071232835762202,0.0004422515630722,100.0,16.200000762939453,47.3979721,8.5461636,attack,46.141
1776223763.387248,2026-04-15T03:29:23.387248,normal_circle,1,47.39841355941461,8.54681577623828,2.824000120162964,2.462000131607056,0.0099999997764825,0.0199999995529651,-1.309999942779541,-0.0729074254631996,-0.0331394225358963,-9.934049606323242,0.0012235592585057,-0.0088175237178802,0.001862802542746,100.0,16.200000762939453,47.3979721,8.5461636,attack,46.246
1776223763.491288,2026-04-15T03:29:23.491288,normal_circle,1,47.39841455257447,8.546817243451901,2.8540000915527344,2.493000030517578,0.0099999997764825,0.0099999997764825,-1.309999942779541,-0.0736128687858581,-0.0393691100180149,-9.939967155456545,0.0010048454860225,-0.0062895948067307,0.0001193654752569,100.0,16.200000762939453,47.3979721,8.5461636,attack,46.35
1776223763.5989208,2026-04-15T03:29:23.598921,normal_circle,1,47.39841558003264,8.546818761335038,2.9050002098083496,2.5440001487731934,0.0099999997764825,0.0099999997764825,-1.319999933242798,-0.0772664695978164,-0.0319397747516632,-9.924996376037598,0.0001412092533428,-0.0057517616078257,0.0006274521583691,100.0,16.200000762939453,47.3979721,8.5461636,attack,46.457
1776223763.7010305,2026-04-15T03:29:23.701030,normal_circle,1,47.39841655476656,8.546820201327666,2.9260001182556152,2.564000129699707,0.0099999997764825,0.0099999997764825,-1.319999933242798,-0.0663723573088646,-0.0281995367258787,-9.915116310119627,0.0023050510790199,-0.0073167644441127,0.0015546471113339,100.0,16.200000762939453,47.3979721,8.5461636,attack,46.56
1776223763.813301,2026-04-15T03:29:23.813301,normal_circle,1,47.398417626496155,8.546821784613815,2.9260001182556152,2.564000129699707,0.0099999997764825,0.0099999997764825,-1.319999933242798,-0.0663723573088646,-0.0281995367258787,-9.915116310119627,0.0023050510790199,-0.0073167644441127,0.0015546471113339,100.0,16.200000762939453,47.3979721,8.5461636,attack,46.672
1776223763.9178827,2026-04-15T03:29:23.917883,normal_circle,1,47.398418624826945,8.54682325946653,2.9560000896453857,2.595000028610229,0.0099999997764825,0.0099999997764825,-1.319999933242798,-0.0800706297159195,-0.0313996188342571,-9.94878101348877,0.00232465704903,-0.0095512513071298,0.001051316736266,100.0,16.200000762939453,47.3979721,8.5461636,attack,46.776
1776223764.0285118,2026-04-15T03:29:24.028512,normal_circle,1,47.39841968088675,8.546824819603401,2.9560000896453857,2.595000028610229,0.0099999997764825,0.0099999997764825,-1.319999933242798,-0.0800706297159195,-0.0313996188342571,-9.94878101348877,0.00232465704903,-0.0095512513071298,0.001051316736266,100.0,16.200000762939453,47.3979721,8.5461636,attack,46.887
1776223764.130184,2026-04-15T03:29:24.130184,normal_circle,1,47.39842065144433,8.546826253426252,2.9770002365112305,2.616000175476074,0.0099999997764825,0.0099999997764825,-1.319999933242798,-0.0664617419242858,-0.0368844717741012,-9.949979782104492,0.0019326261244714,-0.0095978202298283,0.0010100894141942,100.0,16.200000762939453,47.3979721,8.5461636,attack,46.989
1776223764.2459955,2026-04-15T03:29:24.245996,normal_circle,1,47.39842175697607,8.546827886648938,3.008000135421753,2.6470000743865967,0.0099999997764825,0.0,-1.319999933242798,-0.0720150023698806,-0.0280497148633003,-9.94688606262207,0.0028382577002048,-0.0099411439150571,0.000704301171936,100.0,16.200000762939453,47.3979721,8.5461636,attack,47.104
1776223764.3511257,2026-04-15T03:29:24.351126,normal_circle,1,47.39842286054378,8.546829369239516,3.0500001907348637,2.688000202178955,0.0099999997764825,0.0,-1.329999923706055,-0.0729247406125068,-0.0363945066928863,-9.949210166931152,0.0014991469215601,-0.010104889050126,2.1771586034446955e-05,100.0,16.200000762939453,47.3979722,8.5461636,attack,47.21
1776223764.4565954,2026-04-15T03:29:24.456595,normal_circle,1,47.39842386735241,8.546830856616717,3.0810000896453857,2.720000028610229,0.0099999997764825,0.0,-1.329999923706055,-0.073828287422657,-0.0311273857951164,-9.92597484588623,0.0030381591059267,-0.0095302490517497,0.0012923337053507,100.0,16.200000762939453,47.3979722,8.5461636,attack,47.315
1776223764.562204,2026-04-15T03:29:24.562204,normal_circle,1,47.39842487548564,8.546832345950762,3.123000144958496,2.761000156402588,0.0099999997764825,0.0,-1.329999923706055,-0.0715291872620582,-0.0311650224030017,-9.890148162841797,0.0036979282740503,-0.0132015366107225,-0.0001435544108971,100.0,16.200000762939453,47.3979722,8.5461636,attack,47.421
1776223764.6697075,2026-04-15T03:29:24.669708,normal_circle,1,47.39842590171025,8.546833862011548,3.1540000438690186,2.7930002212524414,0.0099999997764825,0.0,-1.3399999141693115,-0.0721549913287162,-0.0340521000325679,-9.910370826721191,0.0041613448411226,-0.0135666755959391,-0.0004396091680973,100.0,16.200000762939453,47.3979722,8.5461636,attack,47.528
1776223764.7723176,2026-04-15T03:29:24.772318,normal_circle,1,47.398426881221354,8.546835309061597,3.186000108718872,2.824000120162964,0.0099999997764825,0.0,-1.3399999141693115,-0.0674067959189415,-0.0430143661797046,-9.940472602844238,0.0039045868907123,-0.0141219878569245,0.001642367336899,100.0,16.200000762939453,47.3979722,8.5461636,attack,47.631
1776223764.8858786,2026-04-15T03:29:24.885879,normal_circle,1,47.39842796526829,8.546836910544393,3.186000108718872,2.824000120162964,0.0099999997764825,0.0,-1.3399999141693115,-0.0674067959189415,-0.0430143661797046,-9.940472602844238,0.0039045868907123,-0.0141219878569245,0.001642367336899,100.0,16.200000762939453,47.3979722,8.5461636,attack,47.744
1776223764.9902935,2026-04-15T03:29:24.990294,normal_circle,1,47.398428962008204,8.546838383046879,3.207000255584717,2.845000028610229,0.0099999997764825,0.0,-1.3399999141693115,-0.0606617331504821,-0.0318530611693859,-9.886271476745604,0.005078749731183,-0.0134190488606691,0.0011431600432842,100.0,16.200000762939453,47.3979722,8.5461636,attack,47.849
1776223765.0956974,2026-04-15T03:29:25.095697,normal_circle,1,47.39842996818868,8.546839869496091,3.2380001544952397,2.877000093460083,0.0099999997764825,0.0,-1.3399999141693115,-0.0726390928030014,-0.0384166277945041,-9.9330415725708,0.0043383371084928,-0.0122738657519221,0.0008685060893185,100.0,16.200000762939453,47.3979722,8.5461636,attack,47.954
1776223765.198017,2026-04-15T03:29:25.198017,normal_circle,1,47.398430944925416,8.546841312447526,3.2380001544952397,2.877000093460083,0.0099999997764825,0.0,-1.3399999141693115,-0.0726390928030014,-0.0384166277945041,-9.9330415725708,0.0043383371084928,-0.0122738657519221,0.0008685060893185,100.0,16.200000762939453,47.3979722,8.5461636,attack,48.056
1776223765.303096,2026-04-15T03:29:25.303096,normal_circle,1,47.39843194800608,8.546842794317316,3.259000062942505,2.898000240325928,0.0099999997764825,0.0,-1.3399999141693115,-0.0758818238973617,-0.039886113256216,-9.933083534240724,0.0070299138315021,-0.0124699296429753,0.0001425484224455,100.0,16.200000762939453,47.3979722,8.5461636,attack,48.162
1776223765.4060829,2026-04-15T03:29:25.406083,normal_circle,1,47.39843293111315,8.546844246679765,3.2800002098083496,2.9190001487731934,0.0099999997764825,0.0,-1.350000023841858,-0.0695912539958953,-0.0312750339508056,-9.914645195007324,0.003435383317992,-0.011323032900691,0.0002613748074509,100.0,16.200000762939453,47.3979722,8.5461636,attack,48.265
1776223765.507853,2026-04-15T03:29:25.507853,normal_circle,1,47.39843390260614,8.546845681884513,3.3330001831054688,2.9720001220703125,0.0099999997764825,0.0,-1.350000023841858,-0.0708116143941879,-0.0332376696169376,-9.919245719909668,0.004534414038062,-0.0111457845196127,0.0006600144552066,100.0,16.200000762939453,47.3979722,8.5461636,attack,48.366
1776223765.6108916,2026-04-15T03:29:25.610892,normal_circle,1,47.3984348862071,8.546847134976574,3.3330001831054688,2.9720001220703125,0.0099999997764825,0.0,-1.350000023841858,-0.0708116143941879,-0.0332376696169376,-9.919245719909668,0.004534414038062,-0.0111457845196127,0.0006600144552066,100.0,16.200000762939453,47.3979722,8.5461636,attack,48.469
1776223765.7290263,2026-04-15T03:29:25.729026,normal_circle,1,47.39843601391552,8.54684880096129,3.376000165939331,3.015000104904175,0.0099999997764825,0.0,-1.350000023841858,-0.0716478899121284,-0.0324500761926174,-9.907296180725098,0.0063736569136381,-0.0133882788941264,0.0001467008987674,100.0,16.200000762939453,47.3979722,8.5461636,attack,48.588
1776223765.831228,2026-04-15T03:29:25.831228,normal_circle,1,47.39843698952795,8.546850242251761,3.376000165939331,3.015000104904175,0.0099999997764825,0.0,-1.350000023841858,-0.0716478899121284,-0.0324500761926174,-9.907296180725098,0.0063736569136381,-0.0133882788941264,0.0001467008987674,100.0,16.200000762939453,47.3979722,8.5461636,attack,48.69
1776223765.936193,2026-04-15T03:29:25.936193,normal_circle,1,47.398437991518435,8.54685172251102,3.3970000743865967,3.0360002517700195,0.0099999997764825,0.0,-1.350000023841858,-0.0633355155587196,-0.0412110835313797,-9.85665512084961,0.0040328088216483,-0.0125830303877592,0.00112420914229,100.0,16.200000762939453,47.3979722,8.5461636,attack,48.795
1776223766.04189,2026-04-15T03:29:26.041890,normal_circle,1,47.39843900049603,8.54685321309247,3.42900013923645,3.068000078201294,0.0099999997764825,0.0,-1.3600000143051147,-0.0707987397909164,-0.0448467284440994,-9.867911338806152,0.0049828900955617,-0.0101391971111297,-0.0001187068701256,100.0,16.200000762939453,47.3979722,8.5461636,attack,48.9
1776223766.145712,2026-04-15T03:29:26.145712,normal_circle,1,47.3984399915757,8.546854677232975,3.42900013923645,3.068000078201294,0.0099999997764825,0.0,-1.3600000143051147,-0.0707987397909164,-0.0448467284440994,-9.867911338806152,0.0049828900955617,-0.0101391971111297,-0.0001187068701256,100.0,16.200000762939453,47.3979722,8.5461636,attack,49.004
1776223766.2480516,2026-04-15T03:29:26.248052,normal_circle,1,47.398440968505895,8.546856120470203,3.450000047683716,3.0890002250671387,0.0099999997764825,0.0,-1.3600000143051147,-0.0649059489369392,-0.0389748476445674,-9.934504508972168,0.0050229532644152,-0.0096081029623746,-0.0002384884137427,100.0,16.200000762939453,47.3979722,8.5461636,attack,49.107
1776223766.3518646,2026-04-15T03:29:26.351865,normal_circle,1,47.398441959499074,8.54685758448294,3.4820001125335693,3.121000051498413,0.0099999997764825,0.0,-1.3600000143051147,-0.0693089142441749,-0.0323705784976482,-9.915077209472656,0.0036845030263066,-0.0102459555491805,0.0002782681840471,100.0,16.200000762939453,47.3979722,8.5461636,attack,49.21
1776223766.4539108,2026-04-15T03:29:26.453911,normal_circle,1,47.3984430336276,8.546859023582524,3.52400016784668,3.1630001068115234,0.0099999997764825,0.0,-1.3600000143051147,-0.0736822709441185,-0.0259387660771608,-9.869022369384766,0.0030299860518425,-0.010456221178174,-0.0005822274251841,100.0,16.200000762939453,47.3979723,8.5461636,attack,49.312
1776223766.5556445,2026-04-15T03:29:26.555644,normal_circle,1,47.39844400477238,8.546860358272848,3.556000232696533,3.195000171661377,0.0099999997764825,0.0,-1.3600000143051147,-0.0737154260277748,-0.0350528433918952,-9.886005401611328,0.0016789990477263,-0.0084068579599261,0.0008766366518102,100.0,16.200000762939453,47.3979723,8.5461635,attack,49.414
1776223766.6614308,2026-04-15T03:29:26.661431,normal_circle,1,47.39844501460345,8.546861850115155,3.577000141143799,3.2160000801086426,0.0099999997764825,0.0,-1.3600000143051147,-0.0638544633984565,-0.029970996081829,-9.898677825927734,0.004611600190401,-0.0075455177575349,0.0002564940368756,100.0,16.200000762939453,47.3979723,8.5461635,attack,49.52
1776223766.764207,2026-04-15T03:29:26.764207,normal_circle,1,47.3984459956986,8.546863299505352,3.609000205993652,3.248000144958496,0.0099999997764825,0.0,-1.3700000047683716,-0.0663684532046318,-0.0382522158324718,-9.895785331726074,0.0040017748251557,-0.0089132655411958,0.000208578290767,100.0,16.200000762939453,47.3979723,8.5461635,attack,49.623
1776223766.8653162,2026-04-15T03:29:26.865316,normal_circle,1,47.398446960882715,8.546864725389872,3.609000205993652,3.248000144958496,0.0099999997764825,0.0,-1.3700000047683716,-0.0663684532046318,-0.0382522158324718,-9.895785331726074,0.0040017748251557,-0.0089132655411958,0.000208578290767,100.0,16.200000762939453,47.3979723,8.5461635,attack,49.724
1776223766.9703217,2026-04-15T03:29:26.970322,normal_circle,1,47.398447963260104,8.54686620622072,3.641000270843506,3.2800002098083496,0.0,0.0,-1.3700000047683716,-0.0695282816886901,-0.0371529422700405,-9.902798652648926,0.002923748223111,-0.0083884429186582,3.981703775934875e-05,100.0,16.200000762939453,47.3979723,8.5461635,attack,49.829
1776223767.0818017,2026-04-15T03:29:27.081802,normal_circle,1,47.39844902744271,8.546867778357566,3.652000188827514,3.2900002002716064,0.0,0.0,-1.3700000047683716,-0.0645793974399566,-0.0333662554621696,-9.91079330444336,0.0025124715175479,-0.0069320779293775,0.0002507686149328,100.0,16.200000762939453,47.3979723,8.5461635,attack,49.94
