timestamp_unix_s,timestamp_iso,scenario,run_id,lat_deg,lon_deg,abs_alt_m,rel_alt_m,vel_n_m_s,vel_e_m_s,vel_d_m_s,accel_x_mps2,accel_y_mps2,accel_z_mps2,gyro_x_rps,gyro_y_rps,gyro_z_rps,battery_remaining_pct,battery_voltage_v
1776230140.95031,2026-04-15T05:15:40.950310,attack_square_gpsinput_drift,02,47.3980653,8.546305199999999,0.07200000435113907,-0.15400001406669617,0.0,0.0,0.11999999731779099,-0.08434882014989853,-0.05312468111515045,-9.747529029846191,0.0006193578010424972,0.0002702650672290474,-0.0008438223740085959,,
1776230141.051857,2026-04-15T05:15:41.051857,attack_square_gpsinput_drift,02,47.3980653,8.546305199999999,0.07200000435113907,-0.15400001406669617,0.0,0.0,0.11999999731779099,-0.08434882014989853,-0.05312468111515045,-9.747529029846191,0.0006193578010424972,0.0002702650672290474,-0.0008438223740085959,,
1776230141.154053,2026-04-15T05:15:41.154053,attack_square_gpsinput_drift,02,47.3980653,8.546305199999999,0.07100000232458115,-0.15400001406669617,0.0,0.0,0.11999999731779099,-0.08332853019237518,-0.05172844976186752,-9.7627534866333,-0.0002928060421254486,0.000893115415237844,-9.308973676525056e-05,,
1776230141.2548535,2026-04-15T05:15:41.254853,attack_square_gpsinput_drift,02,47.3980653,8.546305199999999,0.07100000232458115,-0.15400001406669617,0.0,0.0,0.11999999731779099,-0.08332853019237518,-0.05172844976186752,-9.7627534866333,-0.0002928060421254486,0.000893115415237844,-9.308973676525056e-05,,
1776230141.3613641,2026-04-15T05:15:41.361364,attack_square_gpsinput_drift,02,47.3980653,8.546305199999999,0.07000000029802322,-0.1550000011920929,0.0,0.0,0.11999999731779099,-0.08647052943706512,-0.04683155566453934,-9.759297370910645,-2.450411739118863e-05,-0.0008355757454410195,0.00012810557382181287,,
1776230141.4628828,2026-04-15T05:15:41.462883,attack_square_gpsinput_drift,02,47.3980653,8.546305199999999,0.07000000029802322,-0.1550000011920929,0.0,0.0,0.11999999731779099,-0.07683912664651871,-0.0492483414709568,-9.766324996948242,0.00046394855598919094,4.878737672697753e-05,-0.00023273132683243603,,
1776230141.5647106,2026-04-15T05:15:41.564711,attack_square_gpsinput_drift,02,47.3980653,8.546305199999999,0.0690000057220459,-0.15600000321865082,0.0,0.0,0.11999999731779099,-0.08196967095136642,-0.051045775413513184,-9.759320259094238,-0.0006165779777802527,0.000416100985603407,-0.0009752200567163527,,
1776230141.6670284,2026-04-15T05:15:41.667028,attack_square_gpsinput_drift,02,47.3980653,8.546305199999999,0.0690000057220459,-0.15600000321865082,0.0,0.0,0.11999999731779099,-0.07676486670970917,-0.05128909647464752,-9.751823425292969,0.0004962907987646759,0.00015863921726122499,-0.0005291354609653354,,
1776230141.768074,2026-04-15T05:15:41.768074,attack_square_gpsinput_drift,02,47.3980653,8.546305199999999,0.06800000369548798,-0.15700000524520874,0.0,0.0,0.11999999731779099,-0.07665249705314636,-0.051454879343509674,-9.764324188232422,7.342264143517241e-05,-0.0014161965809762478,-0.0005218583974055946,,
1776230141.8693762,2026-04-15T05:15:41.869376,attack_square_gpsinput_drift,02,47.3980653,8.546305199999999,0.06800000369548798,-0.15700000524520874,0.0,0.0,0.11999999731779099,-0.08354373276233673,-0.04620347172021866,-9.758477210998535,0.00032691453816369176,0.0003446996270213276,0.0002974210074171424,,
1776230141.9717796,2026-04-15T05:15:41.971780,attack_square_gpsinput_drift,02,47.3980653,8.546305199999999,0.06700000166893005,-0.15800000727176666,0.0,0.0,0.11999999731779099,-0.08676105737686157,-0.05193488672375679,-9.750611305236816,0.0002814621548168361,-0.0004357404832262546,-0.001341911149211228,,
1776230142.0780997,2026-04-15T05:15:42.078100,attack_square_gpsinput_drift,02,47.3980653,8.546305199999999,0.06700000166893005,-0.15800000727176666,0.0,0.0,0.11999999731779099,-0.0833171159029007,-0.04857204109430313,-9.754904747009277,0.0008811058360151947,0.0004006417002528906,-0.0006843852461315691,,
1776230142.1807573,2026-04-15T05:15:42.180757,attack_square_gpsinput_drift,02,47.3980653,8.546305199999999,0.06599999964237213,-0.15900000929832458,0.0,0.0,0.11999999731779099,-0.08089517056941986,-0.04655041545629501,-9.765060424804688,-0.000335316319251433,0.00017462752293795347,-0.0008668348309583962,,
1776230142.2837102,2026-04-15T05:15:42.283710,attack_square_gpsinput_drift,02,47.3980653,8.546305199999999,0.06599999964237213,-0.15900000929832458,0.0,0.0,0.11999999731779099,-0.07762975245714188,-0.04487171396613121,-9.75894832611084,0.0008214999688789248,-0.0006184419617056847,-0.0011434662155807018,,
1776230142.3863997,2026-04-15T05:15:42.386400,attack_square_gpsinput_drift,02,47.3980653,8.546305199999999,0.06599999964237213,-0.15900000929832458,0.0,0.0,0.11999999731779099,-0.08126500248908997,-0.044649600982666016,-9.755980491638184,0.0013686236925423145,-0.0010833514388650656,8.801079820841551e-05,,
1776230142.493941,2026-04-15T05:15:42.493941,attack_square_gpsinput_drift,02,47.3980653,8.546305199999999,0.0650000050663948,-0.1600000113248825,0.0,0.0,0.11999999731779099,-0.08126500248908997,-0.044649600982666016,-9.755980491638184,0.0013686236925423145,-0.0010833514388650656,8.801079820841551e-05,,
1776230142.59628,2026-04-15T05:15:42.596280,attack_square_gpsinput_drift,02,47.3980653,8.546305199999999,0.0650000050663948,-0.1600000113248825,0.0,0.0,0.11999999731779099,-0.08534897118806839,-0.04333668574690819,-9.760817527770996,-0.0008911747136153281,-0.0013726387405768037,-0.0011496632359921932,,
1776230142.7156289,2026-04-15T05:15:42.715629,attack_square_gpsinput_drift,02,47.3980653,8.546305199999999,0.06400000303983688,-0.16100001335144043,0.0,0.0,0.11999999731779099,-0.0745793953537941,-0.04456815496087074,-9.76120376586914,-0.0006358264363370836,-0.0003109837416559458,-5.514998338185251e-05,,
1776230142.8169796,2026-04-15T05:15:42.816980,attack_square_gpsinput_drift,02,47.3980653,8.546305199999999,0.06400000303983688,-0.16100001335144043,0.0,0.0,0.11999999731779099,-0.0745793953537941,-0.04456815496087074,-9.76120376586914,-0.0006358264363370836,-0.0003109837416559458,-5.514998338185251e-05,,
1776230142.920839,2026-04-15T05:15:42.920839,attack_square_gpsinput_drift,02,47.3980653,8.546305199999999,0.06400000303983688,-0.16100001335144043,0.0,0.0,0.11999999731779099,-0.08231145888566971,-0.04217064753174782,-9.752443313598633,-0.00046050245873630047,-0.0001581339747644961,-0.00011384047684259713,,
1776230143.024171,2026-04-15T05:15:43.024171,attack_square_gpsinput_drift,02,47.3980653,8.546305199999999,0.06400000303983688,-0.16200000047683716,0.0,0.0,0.11999999731779099,-0.07545742392539978,-0.05072959512472153,-9.758437156677246,0.00043814998934976757,-0.00013353824033401906,0.0008551740320399404,,
1776230143.1260345,2026-04-15T05:15:43.126034,attack_square_gpsinput_drift,02,47.3980653,8.546305199999999,0.06300000101327896,-0.16200000047683716,0.0,0.0,0.11999999731779099,-0.07545742392539978,-0.05072959512472153,-9.758437156677246,0.00043814998934976757,-0.00013353824033401906,0.0008551740320399404,,
1776230143.230613,2026-04-15T05:15:43.230613,attack_square_gpsinput_drift,02,47.3980653,8.546305199999999,0.06300000101327896,-0.16200000047683716,0.0,0.0,0.11999999731779099,-0.07545742392539978,-0.05072959512472153,-9.758437156677246,0.00043814998934976757,-0.00013353824033401906,0.0008551740320399404,,
1776230143.3327212,2026-04-15T05:15:43.332721,attack_square_gpsinput_drift,02,47.3980653,8.546305199999999,0.06200000271201134,-0.164000004529953,0.0,0.0,0.11999999731779099,-0.07661975175142288,-0.049166686832904816,-9.761107444763184,0.00028325646417215466,-6.465065234806389e-05,-0.0002991923247464001,,
1776230143.448971,2026-04-15T05:15:43.448971,attack_square_gpsinput_drift,02,47.3980653,8.546305199999999,0.06100000441074371,-0.164000004529953,0.0,0.0,0.11999999731779099,-0.08579398691654205,-0.04800885170698166,-9.763907432556152,-0.0014221944147720933,0.0001281881850445643,-0.001047967467457056,,
1776230143.550718,2026-04-15T05:15:43.550718,attack_square_gpsinput_drift,02,47.3980653,8.546305199999999,0.06100000441074371,-0.164000004529953,0.0,0.0,0.11999999731779099,-0.08579398691654205,-0.04800885170698166,-9.763907432556152,-0.0014221944147720933,0.0001281881850445643,-0.001047967467457056,,
1776230143.6528955,2026-04-15T05:15:43.652895,attack_square_gpsinput_drift,02,47.3980653,8.546305199999999,0.06100000441074371,-0.164000004529953,0.0,0.0,0.11999999731779099,-0.08470093458890915,-0.04703710228204727,-9.760141372680664,-0.00027472080546431243,-3.645218021119945e-05,0.0009551927214488387,,
1776230143.7552643,2026-04-15T05:15:43.755264,attack_square_gpsinput_drift,02,47.3980653,8.546305199999999,0.06100000441074371,-0.164000004529953,0.0,0.0,0.11999999731779099,-0.07492490112781525,-0.0530104897916317,-9.753249168395996,0.00036707447725348175,3.1593721359968185e-05,-0.000785878743045032,,
1776230143.8608208,2026-04-15T05:15:43.860821,attack_square_gpsinput_drift,02,47.3980653,8.546305199999999,0.06100000441074371,-0.16500000655651093,0.0,0.0,0.11999999731779099,-0.08049587905406952,-0.04645480960607529,-9.757389068603516,0.002057720208540559,-9.53723574639298e-05,-0.000593425938859582,,
1776230143.9699302,2026-04-15T05:15:43.969930,attack_square_gpsinput_drift,02,47.3980653,8.546305199999999,0.06000000238418579,-0.16500000655651093,0.0,0.0,0.11999999731779099,-0.08095889538526535,-0.04638770967721939,-9.762883186340332,-0.0002685225917957723,0.0011651193490251899,-0.0007921393262222409,,
1776230144.0807166,2026-04-15T05:15:44.080717,attack_square_gpsinput_drift,02,47.3980653,8.546305199999999,0.06000000238418579,-0.16500000655651093,0.0,0.0,0.11999999731779099,-0.0814114585518837,-0.05175609886646271,-9.752446174621582,5.044351928518154e-05,-0.0009590090485289693,-0.001082278904505074,,
1776230144.1833432,2026-04-15T05:15:44.183343,attack_square_gpsinput_drift,02,47.3980653,8.546305199999999,0.06000000238418579,-0.16500000655651093,0.0,0.0,0.11999999731779099,-0.08583801984786987,-0.05183255299925804,-9.755054473876953,0.00011480751709314063,0.0002839594963006675,-0.0007210265612229705,,
1776230144.2853782,2026-04-15T05:15:44.285378,attack_square_gpsinput_drift,02,47.3980653,8.546305199999999,0.06000000238418579,-0.16500000655651093,0.0,0.0,0.11999999731779099,-0.07983311265707016,-0.041248444467782974,-9.761529922485352,0.00029742965125478804,-0.00011696141882566735,-0.0002460230025462806,,
1776230144.3872442,2026-04-15T05:15:44.387244,attack_square_gpsinput_drift,02,47.3980653,8.546305199999999,0.06000000238418579,-0.16500000655651093,0.0,0.0,0.11999999731779099,-0.0757979080080986,-0.04613346606492996,-9.765275955200195,-0.0007188246236182749,-0.0005345381796360016,-0.0011557592079043388,,
1776230144.4883215,2026-04-15T05:15:44.488322,attack_square_gpsinput_drift,02,47.3980653,8.546305199999999,0.06000000238418579,-0.16500000655651093,0.0,0.0,0.11999999731779099,-0.0757979080080986,-0.04613346606492996,-9.765275955200195,-0.0007188246236182749,-0.0005345381796360016,-0.0011557592079043388,,
1776230144.5919209,2026-04-15T05:15:44.591921,attack_square_gpsinput_drift,02,47.3980653,8.546305199999999,0.06000000238418579,-0.16500000655651093,0.0,0.0,0.11999999731779099,-0.0789099782705307,-0.041794486343860626,-9.762592315673828,0.0004284654278308153,-0.0005876594223082066,-0.0007140364614315331,,
1776230144.6938696,2026-04-15T05:15:44.693870,attack_square_gpsinput_drift,02,47.3980653,8.546305199999999,0.06000000238418579,-0.16600000858306885,0.0,0.0,0.11999999731779099,-0.08552337437868118,-0.031199412420392036,-9.76418399810791,-0.000431309686973691,-0.00024635138106532395,0.0004575497005134821,,
1776230144.7963305,2026-04-15T05:15:44.796330,attack_square_gpsinput_drift,02,47.3980653,8.546305199999999,0.05900000408291817,-0.16600000858306885,0.0,0.0,0.11999999731779099,-0.07576926052570343,-0.04591343551874161,-9.755970001220703,-0.00032357260352000594,0.0003624149539973587,-0.001141006825491786,,
1776230144.8990524,2026-04-15T05:15:44.899052,attack_square_gpsinput_drift,02,47.3980653,8.546305199999999,0.05900000408291817,-0.16600000858306885,0.0,0.0,0.11999999731779099,-0.07846865803003311,-0.04789586737751961,-9.753849983215332,0.00017250214295927435,0.00038591312477365136,-0.0014573476510122418,,
1776230145.0050886,2026-04-15T05:15:45.005089,attack_square_gpsinput_drift,02,47.3980653,8.546305199999999,0.05900000408291817,-0.16600000858306885,0.0,0.0,0.11999999731779099,-0.08439075201749802,-0.050271596759557724,-9.759337425231934,0.00013386290811467916,-0.0005047542508691549,-0.000904219166841358,,
1776230145.1092622,2026-04-15T05:15:45.109262,attack_square_gpsinput_drift,02,47.3980652,8.546305199999999,0.05900000408291817,-0.16700001060962677,0.0,0.0,0.11999999731779099,-0.08898285776376724,-0.04474383220076561,-9.756060600280762,0.0008736215531826019,0.0004181373806204647,-0.000440077914390713,,
1776230145.2179399,2026-04-15T05:15:45.217940,attack_square_gpsinput_drift,02,47.3980652,8.546305199999999,0.058000002056360245,-0.16700001060962677,0.0,0.0,0.11999999731779099,-0.08189339935779572,-0.046927306801080704,-9.759369850158691,-0.0005065746372565627,-0.0004821642651222646,0.00020566885359585285,,
1776230145.3212612,2026-04-15T05:15:45.321261,attack_square_gpsinput_drift,02,47.3980652,8.546305199999999,0.058000002056360245,-0.16700001060962677,0.0,0.0,0.11999999731779099,-0.08189339935779572,-0.046927306801080704,-9.759369850158691,-0.0005065746372565627,-0.0004821642651222646,0.00020566885359585285,,
1776230145.4247534,2026-04-15T05:15:45.424753,attack_square_gpsinput_drift,02,47.3980652,8.546305199999999,0.058000002056360245,-0.16700001060962677,0.0,0.0,0.11999999731779099,-0.07737606763839722,-0.041836511343717575,-9.762803077697754,-0.00039563028258271515,-0.0002397868229309097,-0.001313576241955161,,
1776230145.52696,2026-04-15T05:15:45.526960,attack_square_gpsinput_drift,02,47.3980652,8.5463053,0.058000002056360245,-0.16700001060962677,0.0,0.0,0.12999999523162842,-0.07207381725311279,-0.04551023244857788,-9.754908561706543,-0.0002903083513956517,-0.0002530030906200409,0.00043457915307953954,,
1776230145.6299777,2026-04-15T05:15:45.629978,attack_square_gpsinput_drift,02,47.3980652,8.5463053,0.058000002056360245,-0.16700001060962677,0.0,0.0,0.12999999523162842,-0.07207381725311279,-0.04551023244857788,-9.754908561706543,-0.0002903083513956517,-0.0002530030906200409,0.00043457915307953954,,
1776230145.7332015,2026-04-15T05:15:45.733202,attack_square_gpsinput_drift,02,47.3980652,8.5463053,0.058000002056360245,-0.16700001060962677,0.0,0.0,0.12999999523162842,-0.06940552592277527,-0.043589621782302856,-9.752182960510254,-0.0011298194294795394,0.000919324578717351,-0.00023143635189626366,,
1776230145.8363059,2026-04-15T05:15:45.836306,attack_square_gpsinput_drift,02,47.3980652,8.5463053,0.058000002056360245,-0.16700001060962677,0.0,0.0,0.12999999523162842,-0.06940552592277527,-0.043589621782302856,-9.752182960510254,-0.0011298194294795394,0.000919324578717351,-0.00023143635189626366,,
1776230145.938307,2026-04-15T05:15:45.938307,attack_square_gpsinput_drift,02,47.3980652,8.5463053,0.058000002056360245,-0.16700001060962677,0.0,0.0,0.12999999523162842,-0.08461931347846985,-0.047677475959062576,-9.764788627624512,0.0005635287961922586,-0.00012871721992269158,-0.0011792448349297047,,
1776230146.0411825,2026-04-15T05:15:46.041183,attack_square_gpsinput_drift,02,47.3980652,8.5463053,0.058000002056360245,-0.16700001060962677,-0.009999999776482582,0.0,0.12999999523162842,-0.08933531492948532,-0.05543581768870354,-9.769783973693848,0.0013177485670894384,-0.0003100471221841872,-0.0010263088624924421,,
1776230146.145933,2026-04-15T05:15:46.145933,attack_square_gpsinput_drift,02,47.3980652,8.5463053,0.058000002056360245,-0.1680000126361847,-0.009999999776482582,0.0,0.12999999523162842,-0.08140663057565689,-0.04891170933842659,-9.758936882019043,-0.00033512135269120336,0.0005549169145524502,-0.0008042986737564206,,
1776230146.250874,2026-04-15T05:15:46.250874,attack_square_gpsinput_drift,02,47.3980652,8.5463053,0.05700000375509262,-0.1680000126361847,-0.009999999776482582,0.0,0.12999999523162842,-0.07470881193876266,-0.0454266220331192,-9.759825706481934,-0.0014042105758562684,0.0003003886668011546,-0.0002005194837693125,,
1776230146.354952,2026-04-15T05:15:46.354952,attack_square_gpsinput_drift,02,47.3980652,8.5463053,0.05700000375509262,-0.1680000126361847,-0.009999999776482582,0.0,0.12999999523162842,-0.07816000282764435,-0.04605499655008316,-9.763712882995605,0.00048497976968064904,-0.0009740651003085077,-0.0010579937370494008,,
1776230146.4567616,2026-04-15T05:15:46.456762,attack_square_gpsinput_drift,02,47.3980652,8.5463053,0.05700000375509262,-0.1680000126361847,-0.009999999776482582,0.0,0.12999999523162842,-0.07225947082042694,-0.05487270653247833,-9.76384449005127,-3.773688149522059e-05,-9.299138037022203e-05,-4.452402936294675e-05,,
1776230146.563861,2026-04-15T05:15:46.563861,attack_square_gpsinput_drift,02,47.3980652,8.5463053,0.05700000375509262,-0.1680000126361847,-0.009999999776482582,0.0,0.12999999523162842,-0.07225947082042694,-0.05487270653247833,-9.76384449005127,-3.773688149522059e-05,-9.299138037022203e-05,-4.452402936294675e-05,,
1776230146.6663377,2026-04-15T05:15:46.666338,attack_square_gpsinput_drift,02,47.3980652,8.5463053,0.05700000375509262,-0.1680000126361847,-0.009999999776482582,0.0,0.12999999523162842,-0.08013070374727249,-0.04374876990914345,-9.755158424377441,-0.0005433883052319288,0.00016770148067735136,-0.0011088309111073613,,
1776230146.7719617,2026-04-15T05:15:46.771962,attack_square_gpsinput_drift,02,47.3980652,8.5463053,0.05700000375509262,-0.1680000126361847,-0.009999999776482582,0.0,0.12999999523162842,-0.07925377786159515,-0.04350699856877327,-9.756972312927246,-0.001169235329143703,-0.0005475189536809921,-0.0003831615613307804,,
1776230146.8763435,2026-04-15T05:15:46.876343,attack_square_gpsinput_drift,02,47.3980652,8.5463053,0.05700000375509262,-0.1680000126361847,-0.009999999776482582,0.0,0.12999999523162842,-0.07825058698654175,-0.05085090175271034,-9.755717277526855,-0.0009282723185606301,-0.0001319073635386303,-0.0008460083627142012,,
1776230146.9859986,2026-04-15T05:15:46.985999,attack_square_gpsinput_drift,02,47.3980652,8.5463054,0.055000003427267075,-0.17000000178813934,-0.009999999776482582,0.0,0.12999999523162842,-0.08570262044668198,-0.04494406655430794,-9.76347541809082,0.0011180919827893376,-0.00017999098054133356,-0.0003983131027780473,,
1776230147.0880175,2026-04-15T05:15:47.088017,attack_square_gpsinput_drift,02,47.3980652,8.5463054,0.05400000140070915,-0.17100000381469727,-0.009999999776482582,0.0,0.12999999523162842,-0.07937758415937424,-0.05533134937286377,-9.766214370727539,5.4346706747310236e-05,-0.0010700714774429798,-0.00010652272612787783,,
1776230147.1919196,2026-04-15T05:15:47.191920,attack_square_gpsinput_drift,02,47.3980652,8.5463054,0.05400000140070915,-0.17100000381469727,-0.009999999776482582,0.0,0.12999999523162842,-0.07824467867612839,-0.05122321844100952,-9.764001846313477,0.0006587791140191257,0.0011217065621167421,-0.0010923740919679403,,
1776230147.2940178,2026-04-15T05:15:47.294018,attack_square_gpsinput_drift,02,47.3980652,8.5463054,0.05400000140070915,-0.1720000058412552,-0.009999999776482582,0.0,0.12999999523162842,-0.07879068702459335,-0.050271935760974884,-9.758516311645508,0.0006076322752051055,-0.00010218820534646511,-2.4047621991485357e-05,,
1776230147.4014275,2026-04-15T05:15:47.401428,attack_square_gpsinput_drift,02,47.3980651,8.5463054,0.05400000140070915,-0.17100000381469727,-0.009999999776482582,0.0,0.12999999523162842,-0.08092780411243439,-0.04500316083431244,-9.753500938415527,0.00021973365801386535,-0.0015303040854632854,-0.0004979211371392012,,
1776230147.509139,2026-04-15T05:15:47.509139,attack_square_gpsinput_drift,02,47.3980651,8.5463054,0.05400000140070915,-0.17100000381469727,-0.009999999776482582,0.0,0.12999999523162842,-0.08092780411243439,-0.04500316083431244,-9.753500938415527,0.00021973365801386535,-0.0015303040854632854,-0.0004979211371392012,,
1776230147.6118236,2026-04-15T05:15:47.611824,attack_square_gpsinput_drift,02,47.3980651,8.5463054,0.055000003427267075,-0.17100000381469727,-0.009999999776482582,0.0,0.12999999523162842,-0.08447642624378204,-0.049370307475328445,-9.764153480529785,0.0011839661747217178,-0.00012246344704180956,-0.000795758212916553,,
1776230147.7157292,2026-04-15T05:15:47.715729,attack_square_gpsinput_drift,02,47.3980651,8.5463054,0.055000003427267075,-0.17000000178813934,-0.009999999776482582,0.0,0.12999999523162842,-0.08184369653463364,-0.05008818209171295,-9.754765510559082,0.0012960480526089668,-7.352522516157478e-06,0.0004818210145458579,,
1776230147.8177452,2026-04-15T05:15:47.817745,attack_square_gpsinput_drift,02,47.3980651,8.5463054,0.0560000017285347,-0.16900001466274261,-0.009999999776482582,0.009999999776482582,0.12999999523162842,-0.07739052921533585,-0.054757580161094666,-9.759666442871094,-0.0005856399657204747,0.0005588029744103551,-0.00036641399492509663,,
1776230147.9200656,2026-04-15T05:15:47.920066,attack_square_gpsinput_drift,02,47.3980651,8.5463054,0.058000002056360245,-0.16700001060962677,-0.009999999776482582,0.009999999776482582,0.12999999523162842,-0.07901862263679504,-0.04529821500182152,-9.761183738708496,0.000674700946547091,-0.0002556122199166566,-0.0005908787134103477,,
1776230148.0221267,2026-04-15T05:15:48.022127,attack_square_gpsinput_drift,02,47.3980651,8.5463054,0.05900000408291817,-0.16600000858306885,-0.009999999776482582,0.009999999776482582,0.11999999731779099,-0.08852824568748474,-0.049152396619319916,-9.756671905517578,0.0007185584981925786,-0.00033068464836105704,-0.00046829148777760565,,
1776230148.1241944,2026-04-15T05:15:48.124194,attack_square_gpsinput_drift,02,47.3980651,8.546305499999999,0.06000000238418579,-0.16600000858306885,-0.009999999776482582,0.009999999776482582,0.11999999731779099,-0.0753975361585617,-0.039216458797454834,-9.766674995422363,-0.00028514445875771344,0.000616039615124464,0.00012569408863782883,,
1776230148.2303903,2026-04-15T05:15:48.230390,attack_square_gpsinput_drift,02,47.3980651,8.546305499999999,0.06000000238418579,-0.16500000655651093,-0.009999999776482582,0.009999999776482582,0.11999999731779099,-0.07941506803035736,-0.0508909747004509,-9.763777732849121,-0.00010876063606701791,0.0006213036831468344,0.0011222513858228922,,
1776230148.332072,2026-04-15T05:15:48.332072,attack_square_gpsinput_drift,02,47.3980651,8.546305499999999,0.06100000441074371,-0.164000004529953,-0.019999999552965164,0.009999999776482582,0.11999999731779099,-0.07941386103630066,-0.0445009246468544,-9.761237144470215,0.00034707723534666,-0.0004404057399369776,0.00024271389702335,,
1776230148.4339418,2026-04-15T05:15:48.433942,attack_square_gpsinput_drift,02,47.3980651,8.546305499999999,0.06100000441074371,-0.16500000655651093,-0.019999999552965164,0.009999999776482582,0.11999999731779099,-0.0818704143166542,-0.045625876635313034,-9.75602912902832,1.938113200594671e-06,-0.0007792327087372541,-0.0009055167902261019,,
1776230148.5348318,2026-04-15T05:15:48.534832,attack_square_gpsinput_drift,02,47.3980651,8.546305499999999,0.06100000441074371,-0.16500000655651093,-0.019999999552965164,0.009999999776482582,0.11999999731779099,-0.0818704143166542,-0.045625876635313034,-9.75602912902832,1.938113200594671e-06,-0.0007792327087372541,-0.0009055167902261019,,
1776230148.6409504,2026-04-15T05:15:48.640950,attack_square_gpsinput_drift,02,47.3980651,8.546305499999999,0.06100000441074371,-0.16500000655651093,-0.019999999552965164,0.009999999776482582,0.11999999731779099,-0.08555116504430771,-0.04777476191520691,-9.757258415222168,-0.0002102863509207964,-0.0013995314948260784,0.0004630361800082028,,
1776230148.743689,2026-04-15T05:15:48.743689,attack_square_gpsinput_drift,02,47.3980651,8.546305499999999,0.06100000441074371,-0.16500000655651093,-0.019999999552965164,0.009999999776482582,0.11999999731779099,-0.08898875117301941,-0.045930348336696625,-9.758703231811523,-0.0002941337297670543,-1.4813871530350298e-05,-0.0005507213645614684,,
1776230148.8487227,2026-04-15T05:15:48.848723,attack_square_gpsinput_drift,02,47.3980651,8.546305499999999,0.06000000238418579,-0.16500000655651093,-0.019999999552965164,0.009999999776482582,0.11999999731779099,-0.08136724680662155,-0.0414612777531147,-9.754860877990723,0.0005878713564015925,-0.0005169680807739496,-0.0008525890298187733,,
1776230148.9519591,2026-04-15T05:15:48.951959,attack_square_gpsinput_drift,02,47.3980651,8.546305499999999,0.06000000238418579,-0.16500000655651093,-0.019999999552965164,0.009999999776482582,0.11999999731779099,-0.07733235508203506,-0.05059048533439636,-9.758306503295898,-0.00020700777531601489,-0.00048360577784478664,9.574310388416052e-05,,
1776230149.062995,2026-04-15T05:15:49.062995,attack_square_gpsinput_drift,02,47.3980651,8.546305499999999,0.06000000238418579,-0.16500000655651093,-0.019999999552965164,0.009999999776482582,0.11999999731779099,-0.068534255027771,-0.04628579691052437,-9.753021240234375,-0.0005666259676218033,0.0008998436969704926,-0.0010630737524479628,,
1776230149.1670265,2026-04-15T05:15:49.167027,attack_square_gpsinput_drift,02,47.3980651,8.546305499999999,0.06000000238418579,-0.16600000858306885,-0.019999999552965164,0.009999999776482582,0.11999999731779099,-0.07193781435489655,-0.044064488261938095,-9.75438404083252,-0.0005508248577825725,5.681897164322436e-06,-0.0005605286569334567,,
1776230149.2699566,2026-04-15T05:15:49.269957,attack_square_gpsinput_drift,02,47.3980651,8.546305499999999,0.06000000238418579,-0.16500000655651093,-0.019999999552965164,0.009999999776482582,0.11999999731779099,-0.08276703208684921,-0.04761926829814911,-9.75871753692627,0.0004147430881857872,0.0004954052856191993,-4.1393504943698645e-05,,
1776230149.3744922,2026-04-15T05:15:49.374492,attack_square_gpsinput_drift,02,47.3980651,8.546305499999999,0.06000000238418579,-0.16500000655651093,-0.019999999552965164,0.009999999776482582,0.11999999731779099,-0.07837764918804169,-0.05081535130739212,-9.761951446533203,0.0006324219284579158,-0.00027339914231561124,-0.0005605447222478688,,
1776230149.475646,2026-04-15T05:15:49.475646,attack_square_gpsinput_drift,02,47.3980651,8.546305499999999,0.06000000238418579,-0.16500000655651093,-0.019999999552965164,0.009999999776482582,0.11999999731779099,-0.07837764918804169,-0.05081535130739212,-9.761951446533203,0.0006324219284579158,-0.00027339914231561124,-0.0005605447222478688,,
1776230149.5766952,2026-04-15T05:15:49.576695,attack_square_gpsinput_drift,02,47.3980651,8.546305499999999,0.06000000238418579,-0.16500000655651093,-0.019999999552965164,0.009999999776482582,0.11999999731779099,-0.07837764918804169,-0.05081535130739212,-9.761951446533203,0.0006324219284579158,-0.00027339914231561124,-0.0005605447222478688,,
1776230149.680895,2026-04-15T05:15:49.680895,attack_square_gpsinput_drift,02,47.3980651,8.546305499999999,0.06000000238418579,-0.16500000655651093,-0.019999999552965164,0.009999999776482582,0.11999999731779099,-0.08053287863731384,-0.048572417348623276,-9.754640579223633,-0.0005646965000778437,0.001148534589447081,-0.0009471068624407053,,
1776230149.7829475,2026-04-15T05:15:49.782948,attack_square_gpsinput_drift,02,47.3980651,8.546305499999999,0.06000000238418579,-0.16500000655651093,-0.019999999552965164,0.009999999776482582,0.11999999731779099,-0.08053586632013321,-0.048388995230197906,-9.759577751159668,-0.0003385130548849702,0.0010152729228138924,-0.0001307825732510537,,
1776230149.8897774,2026-04-15T05:15:49.889777,attack_square_gpsinput_drift,02,47.3980651,8.546305499999999,0.06000000238418579,-0.16500000655651093,-0.019999999552965164,0.009999999776482582,0.11999999731779099,-0.08008936792612076,-0.04649244621396065,-9.759002685546875,0.00019112152222078294,-0.00035448247217573225,-0.0008811287116259336,,
1776230149.9920073,2026-04-15T05:15:49.992007,attack_square_gpsinput_drift,02,47.3980651,8.546305499999999,0.06000000238418579,-0.16600000858306885,-0.019999999552965164,0.009999999776482582,0.11999999731779099,-0.08320903778076172,-0.052089814096689224,-9.755775451660156,0.0006927237845957279,-0.0004439704935066402,-0.001288621686398983,,
1776230150.0958104,2026-04-15T05:15:50.095810,attack_square_gpsinput_drift,02,47.3980651,8.546305499999999,0.05900000408291817,-0.16600000858306885,-0.019999999552965164,0.009999999776482582,0.11999999731779099,-0.08690579980611801,-0.0454123318195343,-9.762479782104492,-0.0005860007368028164,0.0005061159608885646,-0.00038900450454093516,,
1776230150.1978438,2026-04-15T05:15:50.197844,attack_square_gpsinput_drift,02,47.3980651,8.546305499999999,0.05900000408291817,-0.16600000858306885,-0.019999999552965164,0.009999999776482582,0.11999999731779099,-0.08690579980611801,-0.0454123318195343,-9.762479782104492,-0.0005860007368028164,0.0005061159608885646,-0.00038900450454093516,,
1776230150.2998106,2026-04-15T05:15:50.299811,attack_square_gpsinput_drift,02,47.398064999999995,8.546305499999999,0.05900000408291817,-0.16600000858306885,-0.019999999552965164,0.009999999776482582,0.11999999731779099,-0.0857691541314125,-0.04375216364860535,-9.7592134475708,0.0004586822760757059,0.0003369868209119886,-0.0008111486677080393,,
1776230150.402745,2026-04-15T05:15:50.402745,attack_square_gpsinput_drift,02,47.398064999999995,8.546305499999999,0.05900000408291817,-0.16600000858306885,-0.019999999552965164,0.009999999776482582,0.11999999731779099,-0.0857691541314125,-0.04375216364860535,-9.7592134475708,0.0004586822760757059,0.0003369868209119886,-0.0008111486677080393,,
1776230150.5139828,2026-04-15T05:15:50.513983,attack_square_gpsinput_drift,02,47.398064999999995,8.546305499999999,0.05900000408291817,-0.16600000858306885,-0.019999999552965164,0.009999999776482582,0.11999999731779099,-0.07978232204914093,-0.041451819241046906,-9.752680778503418,0.0004937196499668062,2.300240157637745e-05,-0.00066809804411605,,
1776230150.6162589,2026-04-15T05:15:50.616259,attack_square_gpsinput_drift,02,47.398064999999995,8.546305499999999,0.05900000408291817,-0.16600000858306885,-0.019999999552965164,0.009999999776482582,0.11999999731779099,-0.07978232204914093,-0.041451819241046906,-9.752680778503418,0.0004937196499668062,2.300240157637745e-05,-0.00066809804411605,,
1776230150.7209218,2026-04-15T05:15:50.720922,attack_square_gpsinput_drift,02,47.398064999999995,8.546305499999999,0.058000002056360245,-0.16700001060962677,-0.019999999552965164,0.009999999776482582,0.12999999523162842,-0.08182191103696823,-0.04845975339412689,-9.752941131591797,-0.00027890861383639276,-0.00033979315776377916,0.00018580711912363768,,
1776230150.835023,2026-04-15T05:15:50.835023,attack_square_gpsinput_drift,02,47.398064999999995,8.546305499999999,0.058000002056360245,-0.16700001060962677,-0.019999999552965164,0.009999999776482582,0.12999999523162842,-0.08182191103696823,-0.04845975339412689,-9.752941131591797,-0.00027890861383639276,-0.00033979315776377916,0.00018580711912363768,,
1776230150.9367259,2026-04-15T05:15:50.936726,attack_square_gpsinput_drift,02,47.398064999999995,8.546305499999999,0.058000002056360245,-0.16700001060962677,-0.019999999552965164,0.009999999776482582,0.12999999523162842,-0.07683877646923065,-0.04992744326591492,-9.76229476928711,-0.0005433732876554132,-0.0008905275026336312,0.0004074265598319471,,
1776230151.0442827,2026-04-15T05:15:51.044283,attack_square_gpsinput_drift,02,47.398064999999995,8.546305499999999,0.058000002056360245,-0.16700001060962677,-0.019999999552965164,0.009999999776482582,0.12999999523162842,-0.07683877646923065,-0.04992744326591492,-9.76229476928711,-0.0005433732876554132,-0.0008905275026336312,0.0004074265598319471,,
1776230151.1459455,2026-04-15T05:15:51.145946,attack_square_gpsinput_drift,02,47.398064999999995,8.546305499999999,0.058000002056360245,-0.16700001060962677,-0.019999999552965164,0.009999999776482582,0.12999999523162842,-0.07393258064985275,-0.04029630124568939,-9.750039100646973,0.0005427115247584879,0.0003252685710322112,-0.0010013360297307372,,
1776230151.2632287,2026-04-15T05:15:51.263229,attack_square_gpsinput_drift,02,47.398064999999995,8.546305499999999,0.05700000375509262,-0.1680000126361847,-0.019999999552965164,0.009999999776482582,0.12999999523162842,-0.07393258064985275,-0.04029630124568939,-9.750039100646973,0.0005427115247584879,0.0003252685710322112,-0.0010013360297307372,,
1776230151.3673348,2026-04-15T05:15:51.367335,attack_square_gpsinput_drift,02,47.398064999999995,8.546305499999999,0.05700000375509262,-0.1680000126361847,-0.019999999552965164,0.009999999776482582,0.12999999523162842,-0.07962583750486374,-0.049563296139240265,-9.760175704956055,-9.061823948286474e-05,0.00047769799130037427,-0.001246064668521285,,
1776230151.4738896,2026-04-15T05:15:51.473890,attack_square_gpsinput_drift,02,47.398064999999995,8.546305499999999,0.05700000375509262,-0.1680000126361847,-0.019999999552965164,0.009999999776482582,0.12999999523162842,-0.07259710133075714,-0.05122407525777817,-9.756394386291504,-0.0003140272165182978,-0.0003268791188020259,0.00020225928165018559,,
1776230151.576718,2026-04-15T05:15:51.576718,attack_square_gpsinput_drift,02,47.398064999999995,8.546305499999999,0.05700000375509262,-0.16900001466274261,-0.019999999552965164,0.009999999776482582,0.12999999523162842,-0.07705056667327881,-0.044019248336553574,-9.760641098022461,0.0002202894538640976,-0.0002264787908643484,-0.0010550469160079956,,
1776230151.6781328,2026-04-15T05:15:51.678133,attack_square_gpsinput_drift,02,47.398064999999995,8.546305499999999,0.05700000375509262,-0.16900001466274261,-0.019999999552965164,0.009999999776482582,0.12999999523162842,-0.07705056667327881,-0.044019248336553574,-9.760641098022461,0.0002202894538640976,-0.0002264787908643484,-0.0010550469160079956,,
1776230151.7858698,2026-04-15T05:15:51.785870,attack_square_gpsinput_drift,02,47.398064999999995,8.546305499999999,0.05700000375509262,-0.16900001466274261,-0.019999999552965164,0.009999999776482582,0.12999999523162842,-0.08327575027942657,-0.049781735986471176,-9.76125431060791,-2.6245572371408343e-05,-0.00014075631042942405,-0.0007684422889724374,,
1776230151.8940666,2026-04-15T05:15:51.894067,attack_square_gpsinput_drift,02,47.398064999999995,8.546305499999999,0.05700000375509262,-0.16900001466274261,-0.019999999552965164,0.009999999776482582,0.12999999523162842,-0.07339508831501007,-0.044654734432697296,-9.758421897888184,-0.0010184318525716662,-0.000434449000749737,0.00040923606138676405,,
1776230151.9959903,2026-04-15T05:15:51.995990,attack_square_gpsinput_drift,02,47.398064999999995,8.546305499999999,0.05700000375509262,-0.16900001466274261,-0.019999999552965164,0.009999999776482582,0.12999999523162842,-0.08566246926784515,-0.049823883920907974,-9.76674747467041,0.0003903180768247694,-0.0008402958628721535,-0.0004918887279927731,,
1776230152.0992904,2026-04-15T05:15:52.099290,attack_square_gpsinput_drift,02,47.398064999999995,8.546305499999999,0.0560000017285347,-0.16900001466274261,-0.019999999552965164,0.009999999776482582,0.12999999523162842,-0.08455739915370941,-0.04562187194824219,-9.756829261779785,0.0005688329692929983,-0.0008356219041161239,9.347050217911601e-05,,
1776230152.2030349,2026-04-15T05:15:52.203035,attack_square_gpsinput_drift,02,47.398064999999995,8.546305499999999,0.05700000375509262,-0.16900001466274261,-0.019999999552965164,0.009999999776482582,0.12999999523162842,-0.0810316652059555,-0.05103043094277382,-9.766637802124023,0.0007035565795376897,0.00038526207208633423,-0.0006678340723738074,98.0,16.143001556396484
1776230152.304782,2026-04-15T05:15:52.304782,attack_square_gpsinput_drift,02,47.398064999999995,8.546305499999999,0.05700000375509262,-0.1680000126361847,-0.019999999552965164,0.009999999776482582,0.12999999523162842,-0.08138951659202576,-0.04483285918831825,-9.754578590393066,0.0007842021295800805,0.000107029132777825,0.0006718873628415167,98.0,16.143001556396484
1776230152.409983,2026-04-15T05:15:52.409983,attack_square_gpsinput_drift,02,47.398064999999995,8.546305499999999,0.05700000375509262,-0.1680000126361847,-0.019999999552965164,0.009999999776482582,0.11999999731779099,-0.07953159511089325,-0.04669369012117386,-9.757172584533691,0.00031800317810848355,-0.000826965959277004,-0.0003471124218776822,98.0,16.143001556396484
1776230152.5130005,2026-04-15T05:15:52.513000,attack_square_gpsinput_drift,02,47.398064999999995,8.546305499999999,0.05700000375509262,-0.1680000126361847,-0.019999999552965164,0.009999999776482582,0.11999999731779099,-0.09182584285736084,-0.04907962307333946,-9.758208274841309,0.0005734034348279238,-0.00036520574940368533,0.00011659105075523257,98.0,16.143001556396484
1776230152.6150475,2026-04-15T05:15:52.615047,attack_square_gpsinput_drift,02,47.398064999999995,8.546305499999999,0.05700000375509262,-0.1680000126361847,-0.009999999776482582,0.009999999776482582,0.11999999731779099,-0.0850064605474472,-0.04172034189105034,-9.76248836517334,0.0004598164523486048,-0.0009815519442781806,-0.0011490497272461653,98.0,16.143001556396484
1776230152.71686,2026-04-15T05:15:52.716860,attack_square_gpsinput_drift,02,47.398064999999995,8.546305499999999,0.05700000375509262,-0.1680000126361847,-0.009999999776482582,0.009999999776482582,0.11999999731779099,-0.0850064605474472,-0.04172034189105034,-9.76248836517334,0.0004598164523486048,-0.0009815519442781806,-0.0011490497272461653,98.0,16.143001556396484
1776230152.8241324,2026-04-15T05:15:52.824132,attack_square_gpsinput_drift,02,47.398064999999995,8.546305499999999,0.05700000375509262,-0.1680000126361847,-0.009999999776482582,0.009999999776482582,0.11999999731779099,-0.06910298019647598,-0.051236849278211594,-9.760276794433594,-0.0006759737734682858,-0.0003295692440588027,-0.0001685424504103139,98.0,16.143001556396484
1776230152.9262042,2026-04-15T05:15:52.926204,attack_square_gpsinput_drift,02,47.3980651,8.546305499999999,0.05700000375509262,-0.16900001466274261,-0.009999999776482582,0.009999999776482582,0.11999999731779099,-0.0798259973526001,-0.04570849984884262,-9.761805534362793,0.00126499286852777,-0.0005600377917289734,7.059905328787863e-05,98.0,16.143001556396484
1776230153.0330105,2026-04-15T05:15:53.033010,attack_square_gpsinput_drift,02,47.3980651,8.546305499999999,0.05700000375509262,-0.16900001466274261,-0.009999999776482582,0.009999999776482582,0.11999999731779099,-0.07987241446971893,-0.04317377135157585,-9.756582260131836,-0.000405509868869558,-0.000496196560561657,-0.00010815696441568434,98.0,16.143001556396484
1776230153.138119,2026-04-15T05:15:53.138119,attack_square_gpsinput_drift,02,47.3980651,8.546305499999999,0.0560000017285347,-0.16900001466274261,-0.009999999776482582,0.009999999776482582,0.11999999731779099,-0.07646580040454865,-0.03842122480273247,-9.758787155151367,-0.00022886565420776606,0.001083464128896594,-0.00018774988711811602,98.0,16.143001556396484
1776230153.2426698,2026-04-15T05:15:53.242670,attack_square_gpsinput_drift,02,47.3980651,8.5463056,0.05400000140070915,-0.17100000381469727,-0.009999999776482582,0.009999999776482582,0.12999999523162842,-0.07646580040454865,-0.03842122480273247,-9.758787155151367,-0.00022886565420776606,0.001083464128896594,-0.00018774988711811602,98.0,16.143001556396484
1776230153.3454769,2026-04-15T05:15:53.345477,attack_square_gpsinput_drift,02,47.3980651,8.5463056,0.05400000140070915,-0.17100000381469727,-0.009999999776482582,0.009999999776482582,0.12999999523162842,-0.08701887726783752,-0.04739462584257126,-9.756537437438965,3.383297735126689e-05,-7.373775588348508e-06,-0.00043691234895959496,98.0,16.143001556396484
1776230153.4470885,2026-04-15T05:15:53.447088,attack_square_gpsinput_drift,02,47.3980651,8.5463056,0.05400000140070915,-0.17100000381469727,-0.009999999776482582,0.009999999776482582,0.12999999523162842,-0.08082416653633118,-0.0478564128279686,-9.764266967773438,0.0007746519986540079,-0.0011767648393288255,0.0007035172893665731,98.0,16.143001556396484
1776230153.5519812,2026-04-15T05:15:53.551981,attack_square_gpsinput_drift,02,47.3980651,8.5463056,0.05400000140070915,-0.17100000381469727,-0.009999999776482582,0.009999999776482582,0.12999999523162842,-0.08082416653633118,-0.0478564128279686,-9.764266967773438,0.0007746519986540079,-0.0011767648393288255,0.0007035172893665731,98.0,16.143001556396484
1776230153.6549952,2026-04-15T05:15:53.654995,attack_square_gpsinput_drift,02,47.3980651,8.5463056,0.05400000140070915,-0.1720000058412552,-0.009999999776482582,0.009999999776482582,0.12999999523162842,-0.08041466772556305,-0.04781770706176758,-9.754215240478516,-0.0004669494228437543,0.0010957533959299326,-0.0007709917845204473,98.0,16.143001556396484
1776230153.7569976,2026-04-15T05:15:53.756998,attack_square_gpsinput_drift,02,47.3980651,8.5463056,0.05300000309944153,-0.1720000058412552,-0.009999999776482582,0.009999999776482582,0.12999999523162842,-0.08527642488479614,-0.043586794286966324,-9.75950813293457,0.0017765051452443004,-0.0004573421610984951,0.00013830600073561072,98.0,16.143001556396484
1776230153.857995,2026-04-15T05:15:53.857995,attack_square_gpsinput_drift,02,47.3980651,8.5463056,0.05300000309944153,-0.1720000058412552,-0.009999999776482582,0.009999999776482582,0.12999999523162842,-0.08527642488479614,-0.043586794286966324,-9.75950813293457,0.0017765051452443004,-0.0004573421610984951,0.00013830600073561072,98.0,16.143001556396484
1776230153.9599686,2026-04-15T05:15:53.959969,attack_square_gpsinput_drift,02,47.3980651,8.5463056,0.05300000309944153,-0.1720000058412552,-0.009999999776482582,0.009999999776482582,0.12999999523162842,-0.08545537292957306,-0.04656625911593437,-9.762197494506836,0.0009457298438064754,-0.001109702279791236,-0.0010648258030414581,98.0,16.143001556396484
1776230154.0626278,2026-04-15T05:15:54.062628,attack_square_gpsinput_drift,02,47.3980651,8.5463056,0.05300000309944153,-0.1720000058412552,-0.009999999776482582,0.009999999776482582,0.12999999523162842,-0.08655843138694763,-0.03818075358867645,-9.759453773498535,-0.0007514666067436337,0.0005413581384345889,-0.00026419394998811185,98.0,16.143001556396484
1776230154.1662035,2026-04-15T05:15:54.166203,attack_square_gpsinput_drift,02,47.3980651,8.5463056,0.055000003427267075,-0.17100000381469727,-0.009999999776482582,0.009999999776482582,0.11999999731779099,-0.08051066100597382,-0.04293329268693924,-9.759919166564941,0.000850456184707582,0.0004055215395055711,0.0001948075951077044,98.0,16.143001556396484
1776230154.2718318,2026-04-15T05:15:54.271832,attack_square_gpsinput_drift,02,47.3980651,8.5463056,0.055000003427267075,-0.17100000381469727,-0.009999999776482582,0.009999999776482582,0.11999999731779099,-0.08051066100597382,-0.04293329268693924,-9.759919166564941,0.000850456184707582,0.0004055215395055711,0.0001948075951077044,98.0,16.143001556396484
1776230154.3737524,2026-04-15T05:15:54.373752,attack_square_gpsinput_drift,02,47.3980651,8.5463056,0.055000003427267075,-0.17000000178813934,-0.009999999776482582,0.009999999776482582,0.11999999731779099,-0.08486758172512054,-0.04398319870233536,-9.767311096191406,-0.0006728905136696994,-9.513943223282695e-05,-0.00036203337367624044,98.0,16.143001556396484
1776230154.4833877,2026-04-15T05:15:54.483388,attack_square_gpsinput_drift,02,47.3980651,8.5463056,0.055000003427267075,-0.17000000178813934,-0.009999999776482582,0.009999999776482582,0.11999999731779099,-0.07999692857265472,-0.0361621156334877,-9.762466430664062,0.00016601552488282323,-5.753048390033655e-05,-0.00014747315435670316,98.0,16.143001556396484
1776230154.58708,2026-04-15T05:15:54.587080,attack_square_gpsinput_drift,02,47.3980651,8.5463056,0.055000003427267075,-0.17000000178813934,-0.009999999776482582,0.009999999776482582,0.11999999731779099,-0.08519986271858215,-0.05487683042883873,-9.76028060913086,-0.0007742796442471445,-0.0006232642917893827,0.0003465877380222082,98.0,16.143001556396484
1776230154.6990366,2026-04-15T05:15:54.699037,attack_square_gpsinput_drift,02,47.3980651,8.5463056,0.055000003427267075,-0.17000000178813934,-0.009999999776482582,0.009999999776482582,0.11999999731779099,-0.08519986271858215,-0.05487683042883873,-9.76028060913086,-0.0007742796442471445,-0.0006232642917893827,0.0003465877380222082,98.0,16.143001556396484
1776230154.8038971,2026-04-15T05:15:54.803897,attack_square_gpsinput_drift,02,47.3980651,8.5463056,0.055000003427267075,-0.17000000178813934,-0.009999999776482582,0.009999999776482582,0.11999999731779099,-0.07308191806077957,-0.046534061431884766,-9.754464149475098,-0.0006568089593201876,-0.0012325809802860022,0.00016353657701984048,98.0,16.143001556396484
1776230154.9061213,2026-04-15T05:15:54.906121,attack_square_gpsinput_drift,02,47.3980651,8.5463056,0.055000003427267075,-0.17000000178813934,-0.009999999776482582,0.009999999776482582,0.11999999731779099,-0.07308191806077957,-0.046534061431884766,-9.754464149475098,-0.0006568089593201876,-0.0012325809802860022,0.00016353657701984048,98.0,16.143001556396484
1776230155.0109317,2026-04-15T05:15:55.010932,attack_square_gpsinput_drift,02,47.3980651,8.5463056,0.05400000140070915,-0.17100000381469727,-0.009999999776482582,0.009999999776482582,0.11999999731779099,-0.08375895023345947,-0.04236100614070892,-9.759732246398926,-0.0008666858775541186,0.00025172988534905016,-0.00027492508525028825,98.0,16.143001556396484
1776230155.114981,2026-04-15T05:15:55.114981,attack_square_gpsinput_drift,02,47.3980651,8.5463056,0.05400000140070915,-0.17100000381469727,-0.009999999776482582,0.009999999776482582,0.11999999731779099,-0.08375895023345947,-0.04236100614070892,-9.759732246398926,-0.0008666858775541186,0.00025172988534905016,-0.00027492508525028825,98.0,16.143001556396484
1776230155.216846,2026-04-15T05:15:55.216846,attack_square_gpsinput_drift,02,47.3980651,8.5463056,0.05400000140070915,-0.17100000381469727,-0.009999999776482582,0.009999999776482582,0.11999999731779099,-0.08375895023345947,-0.04236100614070892,-9.759732246398926,-0.0008666858775541186,0.00025172988534905016,-0.00027492508525028825,98.0,16.143001556396484
1776230155.318886,2026-04-15T05:15:55.318886,attack_square_gpsinput_drift,02,47.3980651,8.5463056,0.05400000140070915,-0.17100000381469727,-0.009999999776482582,0.009999999776482582,0.11999999731779099,-0.08181217312812805,-0.048828184604644775,-9.76005744934082,0.00010350411321269348,0.0003264354891143739,-0.0005218424485065043,98.0,16.143001556396484
1776230155.4251208,2026-04-15T05:15:55.425121,attack_square_gpsinput_drift,02,47.3980651,8.5463056,0.05300000309944153,-0.1720000058412552,-0.009999999776482582,0.009999999776482582,0.11999999731779099,-0.08217692375183105,-0.0493936762213707,-9.765644073486328,8.241471368819475e-05,-0.0004281424917280674,-4.457042086869478e-05,98.0,16.143001556396484
1776230155.5278378,2026-04-15T05:15:55.527838,attack_square_gpsinput_drift,02,47.3980651,8.5463056,0.05300000309944153,-0.1720000058412552,-0.009999999776482582,0.009999999776482582,0.11999999731779099,-0.08217692375183105,-0.0493936762213707,-9.765644073486328,8.241471368819475e-05,-0.0004281424917280674,-4.457042086869478e-05,98.0,16.143001556396484
1776230155.6320353,2026-04-15T05:15:55.632035,attack_square_gpsinput_drift,02,47.3980651,8.5463056,0.05300000309944153,-0.1730000078678131,-0.009999999776482582,0.009999999776482582,0.11999999731779099,-0.08739782869815826,-0.04722749441862106,-9.759507179260254,-0.0001045887402142398,0.00043537275632843375,0.00033812131732702255,98.0,16.143001556396484
1776230155.7339532,2026-04-15T05:15:55.733953,attack_square_gpsinput_drift,02,47.3980651,8.5463056,0.052000001072883606,-0.1730000078678131,-0.009999999776482582,0.009999999776482582,0.11999999731779099,-0.07646137475967407,-0.04060649499297142,-9.75764274597168,0.0012631823774427176,-0.0003163652727380395,-0.0007305369363166392,98.0,16.143001556396484
1776230155.8351064,2026-04-15T05:15:55.835106,attack_square_gpsinput_drift,02,47.3980651,8.5463056,0.052000001072883606,-0.1730000078678131,-0.009999999776482582,0.009999999776482582,0.11999999731779099,-0.07646137475967407,-0.04060649499297142,-9.75764274597168,0.0012631823774427176,-0.0003163652727380395,-0.0007305369363166392,98.0,16.143001556396484
1776230155.9409707,2026-04-15T05:15:55.940971,attack_square_gpsinput_drift,02,47.3980651,8.5463056,0.052000001072883606,-0.1730000078678131,-0.009999999776482582,0.009999999776482582,0.11999999731779099,-0.08076679706573486,-0.046351999044418335,-9.758943557739258,-0.0006185521488077939,0.0009721984388306737,0.0002348475973121822,98.0,16.143001556396484
1776230156.0468614,2026-04-15T05:15:56.046861,attack_square_gpsinput_drift,02,47.3980651,8.5463056,0.05100000277161598,-0.17400000989437103,-0.009999999776482582,0.009999999776482582,0.11999999731779099,-0.07416987419128418,-0.05341820418834686,-9.760063171386719,-0.001007037004455924,0.000653221330139786,-9.90386470220983e-05,98.0,16.143001556396484
1776230156.1483936,2026-04-15T05:15:56.148394,attack_square_gpsinput_drift,02,47.3980651,8.5463056,0.05100000277161598,-0.17400000989437103,-0.009999999776482582,0.009999999776482582,0.11999999731779099,-0.0807901918888092,-0.05053538456559181,-9.760961532592773,-0.000180030707269907,1.923568925121799e-05,-0.0006919576553627849,98.0,16.143001556396484
1776230156.2587175,2026-04-15T05:15:56.258718,attack_square_gpsinput_drift,02,47.3980651,8.5463056,0.05000000074505806,-0.17500001192092896,-0.009999999776482582,0.009999999776482582,0.11999999731779099,-0.08034023642539978,-0.054883457720279694,-9.75877571105957,-0.0012245774269104004,-0.0010461164638400078,-0.00017793482402339578,98.0,16.143001556396484
1776230156.3616385,2026-04-15T05:15:56.361639,attack_square_gpsinput_drift,02,47.3980651,8.5463056,0.05000000074505806,-0.17500001192092896,-0.009999999776482582,0.009999999776482582,0.11999999731779099,-0.08388568460941315,-0.04862681031227112,-9.756795883178711,0.0007955663604661822,-0.00022762971639167517,3.695447230711579e-05,98.0,16.143001556396484
1776230156.463664,2026-04-15T05:15:56.463664,attack_square_gpsinput_drift,02,47.3980651,8.5463056,0.049000002443790436,-0.17600001394748688,0.0,0.009999999776482582,0.12999999523162842,-0.08310334384441376,-0.04878668114542961,-9.763190269470215,-0.0009885883191600442,-0.0005628993385471404,0.0006959611200727522,98.0,16.143001556396484
1776230156.5650263,2026-04-15T05:15:56.565026,attack_square_gpsinput_drift,02,47.3980651,8.5463056,0.049000002443790436,-0.17600001394748688,0.0,0.009999999776482582,0.12999999523162842,-0.08310334384441376,-0.04878668114542961,-9.763190269470215,-0.0009885883191600442,-0.0005628993385471404,0.0006959611200727522,98.0,16.143001556396484
1776230156.6686485,2026-04-15T05:15:56.668648,attack_square_gpsinput_drift,02,47.3980652,8.5463056,0.049000002443790436,-0.17600001394748688,0.0,0.009999999776482582,0.12999999523162842,-0.08229392766952515,-0.04331560805439949,-9.762507438659668,0.0008688336820341647,-0.0007459463085979223,-0.00032340839970856905,98.0,16.143001556396484
1776230156.7731595,2026-04-15T05:15:56.773160,attack_square_gpsinput_drift,02,47.3980652,8.5463056,0.049000002443790436,-0.17600001394748688,0.0,0.009999999776482582,0.12999999523162842,-0.08229392766952515,-0.04331560805439949,-9.762507438659668,0.0008688336820341647,-0.0007459463085979223,-0.00032340839970856905,98.0,16.143001556396484
1776230156.8748803,2026-04-15T05:15:56.874880,attack_square_gpsinput_drift,02,47.3980652,8.5463056,0.04800000041723251,-0.17800000309944153,0.0,0.009999999776482582,0.12999999523162842,-0.0777684897184372,-0.047490399330854416,-9.759442329406738,-0.0005799923674203455,0.00039528345223516226,-6.131108966656029e-05,98.0,16.143001556396484
1776230156.9766757,2026-04-15T05:15:56.976676,attack_square_gpsinput_drift,02,47.3980652,8.546305499999999,0.04700000211596489,-0.17800000309944153,0.0,0.009999999776482582,0.12999999523162842,-0.07981112599372864,-0.052808474749326706,-9.749848365783691,-0.0013490739511325955,-3.570233820937574e-05,0.0006982767372392118,98.0,16.143001556396484
1776230157.086014,2026-04-15T05:15:57.086014,attack_square_gpsinput_drift,02,47.3980652,8.546305499999999,0.046000003814697266,-0.17900000512599945,0.0,0.009999999776482582,0.12999999523162842,-0.08410561084747314,-0.05030107498168945,-9.761444091796875,0.0002456109505146742,-0.0004435804148670286,0.0006512846448458731,98.0,16.143001556396484
1776230157.1875563,2026-04-15T05:15:57.187556,attack_square_gpsinput_drift,02,47.3980652,8.546305499999999,0.046000003814697266,-0.17900000512599945,0.0,0.009999999776482582,0.12999999523162842,-0.08260640501976013,-0.051310811191797256,-9.76286506652832,-0.00047449994599446654,0.0002873990451917052,0.00028677063528448343,98.0,16.143001556396484
1776230157.2965786,2026-04-15T05:15:57.296579,attack_square_gpsinput_drift,02,47.3980652,8.546305499999999,0.04500000178813934,-0.18000000715255737,0.0,0.009999999776482582,0.12999999523162842,-0.08644209802150726,-0.04139246419072151,-9.758070945739746,0.0012650040443986654,-0.0008649321971461177,-0.002161760115996003,98.0,16.143001556396484
1776230157.400351,2026-04-15T05:15:57.400351,attack_square_gpsinput_drift,02,47.3980652,8.546305499999999,0.04500000178813934,-0.1810000091791153,0.0,0.009999999776482582,0.12999999523162842,-0.08825013041496277,-0.0431295745074749,-9.756157875061035,-0.0006101297913119197,0.001101950416341424,6.89893786329776e-05,98.0,16.143001556396484
1776230157.5037482,2026-04-15T05:15:57.503748,attack_square_gpsinput_drift,02,47.3980652,8.546305499999999,0.04400000348687172,-0.1810000091791153,0.0,0.009999999776482582,0.12999999523162842,-0.08268076181411743,-0.05241270735859871,-9.759034156799316,-0.00040182459633797407,-0.0012900367146357894,0.0004532268503680825,98.0,16.143001556396484
1776230157.6091626,2026-04-15T05:15:57.609163,attack_square_gpsinput_drift,02,47.3980652,8.546305499999999,0.04400000348687172,-0.1810000091791153,0.0,0.009999999776482582,0.12999999523162842,-0.08268076181411743,-0.05241270735859871,-9.759034156799316,-0.00040182459633797407,-0.0012900367146357894,0.0004532268503680825,98.0,16.143001556396484
1776230157.7116477,2026-04-15T05:15:57.711648,attack_square_gpsinput_drift,02,47.3980652,8.546305499999999,0.0430000014603138,-0.18200001120567322,0.0,0.009999999776482582,0.12999999523162842,-0.0902605950832367,-0.0479094423353672,-9.764158248901367,0.0006807169411331415,0.0015336897922679782,-0.00030640081968158484,98.0,16.143001556396484
1776230157.8140614,2026-04-15T05:15:57.814061,attack_square_gpsinput_drift,02,47.3980652,8.546305499999999,0.0430000014603138,-0.18200001120567322,0.0,0.009999999776482582,0.12999999523162842,-0.0902605950832367,-0.0479094423353672,-9.764158248901367,0.0006807169411331415,0.0015336897922679782,-0.00030640081968158484,98.0,16.143001556396484
1776230157.917804,2026-04-15T05:15:57.917804,attack_square_gpsinput_drift,02,47.3980652,8.546305499999999,0.0430000014603138,-0.18200001120567322,0.0,0.009999999776482582,0.12999999523162842,-0.08034053444862366,-0.04528976231813431,-9.768964767456055,0.0001736690173856914,0.0003722667461261153,-0.00019163364777341485,98.0,16.143001556396484
1776230158.0228171,2026-04-15T05:15:58.022817,attack_square_gpsinput_drift,02,47.3980652,8.546305499999999,0.0430000014603138,-0.18300001323223114,0.0,0.009999999776482582,0.12999999523162842,-0.07980841398239136,-0.05829920619726181,-9.77001953125,-0.00039953383384272456,-2.9143229767214507e-05,-0.00013212973135523498,98.0,16.143001556396484
1776230158.1259675,2026-04-15T05:15:58.125968,attack_square_gpsinput_drift,02,47.3980652,8.546305499999999,0.04200000315904617,-0.18300001323223114,0.0,0.009999999776482582,0.12999999523162842,-0.06795111298561096,-0.04837949201464653,-9.759849548339844,-0.0005089457845315337,-0.0003524041676428169,-6.950271199457347e-05,98.0,16.143001556396484
1776230158.2281444,2026-04-15T05:15:58.228144,attack_square_gpsinput_drift,02,47.3980652,8.546305499999999,0.04200000315904617,-0.18400001525878906,0.0,0.009999999776482582,0.12999999523162842,-0.07585527002811432,-0.048216208815574646,-9.766460418701172,-0.0007315141847357154,-0.0009267860441468656,-0.0018475149990990758,98.0,16.143001556396484
1776230158.342069,2026-04-15T05:15:58.342069,attack_square_gpsinput_drift,02,47.3980652,8.546305499999999,0.04100000113248825,-0.18400001525878906,0.0,0.009999999776482582,0.12999999523162842,-0.08370187133550644,-0.054900944232940674,-9.75604248046875,0.0005894117057323456,3.140950866509229e-05,-0.00082112179370597,98.0,16.143001556396484
1776230158.454948,2026-04-15T05:15:58.454948,attack_square_gpsinput_drift,02,47.3980652,8.546305499999999,0.04000000283122063,-0.1850000023841858,0.0,0.009999999776482582,0.12999999523162842,-0.08717399835586548,-0.04545848071575165,-9.761600494384766,0.00013021370978094637,0.00023596599930897355,-0.0005745638627558947,98.0,16.143001556396484
1776230158.557295,2026-04-15T05:15:58.557295,attack_square_gpsinput_drift,02,47.3980652,8.546305499999999,0.04000000283122063,-0.1850000023841858,0.0,0.009999999776482582,0.12999999523162842,-0.08717399835586548,-0.04545848071575165,-9.761600494384766,0.00013021370978094637,0.00023596599930897355,-0.0005745638627558947,98.0,16.143001556396484
1776230158.6603084,2026-04-15T05:15:58.660308,attack_square_gpsinput_drift,02,47.3980652,8.546305499999999,0.04000000283122063,-0.1860000044107437,0.0,0.009999999776482582,0.12999999523162842,-0.07975075393915176,-0.04954523965716362,-9.756892204284668,-4.496662222663872e-05,0.00028716569067910314,-0.000750394887290895,98.0,16.143001556396484
1776230158.763702,2026-04-15T05:15:58.763702,attack_square_gpsinput_drift,02,47.3980652,8.546305499999999,0.039000000804662704,-0.1860000044107437,0.0,0.0,0.12999999523162842,-0.07635632157325745,-0.04056587815284729,-9.759353637695312,0.00029943775734864175,0.0009250806178897619,-0.0003002013545483351,98.0,16.143001556396484
1776230158.8670225,2026-04-15T05:15:58.867023,attack_square_gpsinput_drift,02,47.3980652,8.546305499999999,0.03800000250339508,-0.18700000643730164,0.0,0.0,0.12999999523162842,-0.07741300016641617,-0.045435644686222076,-9.76176929473877,-0.0009573589195497334,-0.0005298641626723111,-0.001994903665035963,98.0,16.143001556396484
1776230158.969076,2026-04-15T05:15:58.969076,attack_square_gpsinput_drift,02,47.3980652,8.546305499999999,0.03700000047683716,-0.18800000846385956,0.0,0.0,0.12999999523162842,-0.08097787946462631,-0.054619912058115005,-9.758952140808105,-0.0007676311652176082,-0.0001829038665164262,-7.35023058950901e-05,98.0,16.143001556396484
1776230159.072697,2026-04-15T05:15:59.072697,attack_square_gpsinput_drift,02,47.3980652,8.546305499999999,0.036000002175569534,-0.18900001049041748,0.0,0.0,0.12999999523162842,-0.07119628041982651,-0.04396721348166466,-9.767976760864258,-0.0006033933605067432,0.0008596341940574348,0.00028693300555460155,98.0,16.143001556396484
1776230159.1759927,2026-04-15T05:15:59.175993,attack_square_gpsinput_drift,02,47.3980652,8.546305499999999,0.036000002175569534,-0.18900001049041748,0.0,0.0,0.12999999523162842,-0.07375669479370117,-0.05120258033275604,-9.764704704284668,-0.00045073297224007547,-2.4067412596195936e-07,-2.700334880501032e-05,98.0,16.143001556396484
1776230159.2772906,2026-04-15T05:15:59.277291,attack_square_gpsinput_drift,02,47.3980652,8.546305499999999,0.03500000014901161,-0.1900000125169754,0.0,0.0,0.12999999523162842,-0.07697546482086182,-0.04633225128054619,-9.766289710998535,0.00039812701288610697,0.0009526661597192287,-0.0002671660913620144,98.0,16.143001556396484
1776230159.377872,2026-04-15T05:15:59.377872,attack_square_gpsinput_drift,02,47.3980652,8.546305499999999,0.03500000014901161,-0.1900000125169754,0.0,0.0,0.12999999523162842,-0.07697546482086182,-0.04633225128054619,-9.766289710998535,0.00039812701288610697,0.0009526661597192287,-0.0002671660913620144,98.0,16.143001556396484
1776230159.4797316,2026-04-15T05:15:59.479732,attack_square_gpsinput_drift,02,47.3980652,8.546305499999999,0.03400000184774399,-0.19100001454353333,0.0,0.0,0.12999999523162842,-0.07171505689620972,-0.04945467785000801,-9.763371467590332,0.00025410816306248307,-0.00042968662455677986,0.0007351381937041879,98.0,16.143001556396484
1776230159.587984,2026-04-15T05:15:59.587984,attack_square_gpsinput_drift,02,47.3980652,8.546305499999999,0.032999999821186066,-0.19200000166893005,0.0,0.0,0.12999999523162842,-0.07615731656551361,-0.046091195195913315,-9.764240264892578,-8.021496614674106e-05,-0.0005046603037044406,-0.0003268981818109751,98.0,16.143001556396484
1776230159.6935723,2026-04-15T05:15:59.693572,attack_square_gpsinput_drift,02,47.3980652,8.546305499999999,0.03200000151991844,-0.19300000369548798,0.0,0.0,0.12999999523162842,-0.0742020308971405,-0.04653079807758331,-9.754621505737305,0.0005908057792112231,4.873048601439223e-05,-0.00025633093900978565,98.0,16.143001556396484
1776230159.7949026,2026-04-15T05:15:59.794903,attack_square_gpsinput_drift,02,47.3980652,8.546305499999999,0.03200000151991844,-0.1940000057220459,0.0,0.0,0.12999999523162842,-0.09155777096748352,-0.05011827126145363,-9.763862609863281,-0.0006912522949278355,-0.00044865012750960886,-0.0009069590596482158,98.0,16.143001556396484
1776230159.8966875,2026-04-15T05:15:59.896688,attack_square_gpsinput_drift,02,47.3980652,8.546305499999999,0.03200000151991844,-0.1940000057220459,0.0,0.0,0.12999999523162842,-0.09155777096748352,-0.05011827126145363,-9.763862609863281,-0.0006912522949278355,-0.00044865012750960886,-0.0009069590596482158,98.0,16.143001556396484
1776230160.0067914,2026-04-15T05:16:00.006791,attack_square_gpsinput_drift,02,47.3980652,8.546305499999999,0.029000001028180122,-0.19600000977516174,0.0,0.0,0.12999999523162842,-0.0764540508389473,-0.04921853542327881,-9.761713981628418,-0.0006011722725816071,-0.0010860792826861143,-0.0013299139682203531,98.0,16.143001556396484
1776230160.1079817,2026-04-15T05:16:00.107982,attack_square_gpsinput_drift,02,47.3980652,8.546305499999999,0.029000001028180122,-0.19600000977516174,0.0,0.0,0.12999999523162842,-0.0764540508389473,-0.04921853542327881,-9.761713981628418,-0.0006011722725816071,-0.0010860792826861143,-0.0013299139682203531,98.0,16.143001556396484
1776230160.2138464,2026-04-15T05:16:00.213846,attack_square_gpsinput_drift,02,47.3980652,8.546305499999999,0.029000001028180122,-0.19700001180171967,0.0,0.0,0.12999999523162842,-0.07743071019649506,-0.044427622109651566,-9.758988380432129,-0.00015437870752066374,0.0008444816339761019,-0.00034511933336034417,98.0,16.143001556396484
1776230160.3161538,2026-04-15T05:16:00.316154,attack_square_gpsinput_drift,02,47.3980652,8.546305499999999,0.029000001028180122,-0.19700001180171967,0.0,0.0,0.12999999523162842,-0.07743071019649506,-0.044427622109651566,-9.758988380432129,-0.00015437870752066374,0.0008444816339761019,-0.00034511933336034417,98.0,16.143001556396484
1776230160.419773,2026-04-15T05:16:00.419773,attack_square_gpsinput_drift,02,47.3980652,8.546305499999999,0.027000000700354576,-0.1980000138282776,0.0,0.0,0.12999999523162842,-0.07651588320732117,-0.041902776807546616,-9.759797096252441,0.0002535824023652822,0.00043880840530619025,-0.0009650905849412084,98.0,16.143001556396484
1776230160.5218472,2026-04-15T05:16:00.521847,attack_square_gpsinput_drift,02,47.3980652,8.546305499999999,0.027000000700354576,-0.1980000138282776,0.0,0.0,0.12999999523162842,-0.07651588320732117,-0.041902776807546616,-9.759797096252441,0.0002535824023652822,0.00043880840530619025,-0.0009650905849412084,98.0,16.143001556396484
1776230160.6266985,2026-04-15T05:16:00.626698,attack_square_gpsinput_drift,02,47.3980652,8.546305499999999,0.027000000700354576,-0.1990000158548355,0.0,0.0,0.12999999523162842,-0.08392231166362762,-0.03886851295828819,-9.759446144104004,0.001037502777762711,-0.0007364613120444119,0.00038852336001582444,98.0,16.143001556396484
1776230160.7331328,2026-04-15T05:16:00.733133,attack_square_gpsinput_drift,02,47.3980652,8.546305499999999,0.027000000700354576,-0.1990000158548355,0.0,0.0,0.12999999523162842,-0.08220278471708298,-0.04608267545700073,-9.752610206604004,0.0013433180283755064,-0.0008495593210682273,-0.0015489321667701006,98.0,16.143001556396484
1776230160.8361955,2026-04-15T05:16:00.836195,attack_square_gpsinput_drift,02,47.3980652,8.546305499999999,0.02500000037252903,-0.20000000298023224,0.0,0.0,0.12999999523162842,-0.08220278471708298,-0.04608267545700073,-9.752610206604004,0.0013433180283755064,-0.0008495593210682273,-0.0015489321667701006,98.0,16.143001556396484
1776230160.9402652,2026-04-15T05:16:00.940265,attack_square_gpsinput_drift,02,47.3980652,8.546305499999999,0.02500000037252903,-0.20100000500679016,0.0,0.0,0.12999999523162842,-0.08281439542770386,-0.05203556269407272,-9.762106895446777,-0.001049628364853561,-0.0002315535966772586,-0.00026162233552895486,98.0,16.143001556396484
1776230161.0431387,2026-04-15T05:16:01.043139,attack_square_gpsinput_drift,02,47.3980652,8.546305499999999,0.024000000208616257,-0.20100000500679016,0.0,0.0,0.12999999523162842,-0.07938849180936813,-0.04517199099063873,-9.757275581359863,0.000708593986928463,-0.00040094650466926396,-0.001013822271488607,98.0,16.143001556396484
1776230161.1487875,2026-04-15T05:16:01.148787,attack_square_gpsinput_drift,02,47.3980653,8.546305499999999,0.023000001907348633,-0.20200000703334808,0.0,0.0,0.12999999523162842,-0.08110955357551575,-0.04526934772729874,-9.765959739685059,0.00010208054300164804,-6.746475992258638e-05,-0.00045315714669413865,98.0,16.143001556396484
1776230161.2501364,2026-04-15T05:16:01.250136,attack_square_gpsinput_drift,02,47.3980653,8.546305499999999,0.023000001907348633,-0.20200000703334808,0.0,0.0,0.12999999523162842,-0.08110955357551575,-0.04526934772729874,-9.765959739685059,0.00010208054300164804,-6.746475992258638e-05,-0.00045315714669413865,98.0,16.143001556396484
1776230161.3531973,2026-04-15T05:16:01.353197,attack_square_gpsinput_drift,02,47.3980653,8.546305499999999,0.02200000174343586,-0.203000009059906,0.0,0.0,0.12999999523162842,-0.0830652043223381,-0.04984215646982193,-9.760442733764648,-0.000601310224737972,-0.0001506660191807896,3.863419988192618e-05,98.0,16.143001556396484
1776230161.4563098,2026-04-15T05:16:01.456310,attack_square_gpsinput_drift,02,47.3980653,8.546305499999999,0.02200000174343586,-0.203000009059906,0.0,0.0,0.12999999523162842,-0.08781283348798752,-0.04930046200752258,-9.765673637390137,0.0006630580755881965,0.0003736467333510518,-0.0008358452469110489,98.0,16.143001556396484
1776230161.5602665,2026-04-15T05:16:01.560266,attack_square_gpsinput_drift,02,47.3980653,8.546305499999999,0.02200000174343586,-0.20400001108646393,0.0,0.0,0.12999999523162842,-0.08781283348798752,-0.04930046200752258,-9.765673637390137,0.0006630580755881965,0.0003736467333510518,-0.0008358452469110489,98.0,16.143001556396484
1776230161.6738672,2026-04-15T05:16:01.673867,attack_square_gpsinput_drift,02,47.3980653,8.546305499999999,0.02200000174343586,-0.20400001108646393,0.0,0.0,0.12999999523162842,-0.08781283348798752,-0.04930046200752258,-9.765673637390137,0.0006630580755881965,0.0003736467333510518,-0.0008358452469110489,98.0,16.143001556396484
1776230161.7772467,2026-04-15T05:16:01.777247,attack_square_gpsinput_drift,02,47.3980653,8.546305499999999,0.021000001579523087,-0.20400001108646393,0.0,0.0,0.12999999523162842,-0.08079469203948975,-0.04956450313329697,-9.759490966796875,0.0013768378412351012,-0.0008259682217612863,-0.0006937168072909117,98.0,16.143001556396484
1776230161.878095,2026-04-15T05:16:01.878095,attack_square_gpsinput_drift,02,47.3980653,8.546305499999999,0.021000001579523087,-0.20400001108646393,0.0,0.0,0.12999999523162842,-0.08079469203948975,-0.04956450313329697,-9.759490966796875,0.0013768378412351012,-0.0008259682217612863,-0.0006937168072909117,98.0,16.143001556396484
1776230161.9798405,2026-04-15T05:16:01.979841,attack_square_gpsinput_drift,02,47.3980653,8.546305499999999,0.020000001415610313,-0.20500001311302185,0.0,0.0,0.12999999523162842,-0.07805833965539932,-0.04528842493891716,-9.75493335723877,-0.0004848069802392274,0.0007690437487326562,-0.0005227375077083707,98.0,16.143001556396484
1776230162.082057,2026-04-15T05:16:02.082057,attack_square_gpsinput_drift,02,47.3980653,8.546305499999999,0.020000001415610313,-0.20500001311302185,0.0,0.0,0.12999999523162842,-0.07805833965539932,-0.04528842493891716,-9.75493335723877,-0.0004848069802392274,0.0007690437487326562,-0.0005227375077083707,98.0,16.143001556396484
1776230162.1836567,2026-04-15T05:16:02.183657,attack_square_gpsinput_drift,02,47.3980653,8.546305499999999,0.018000001087784767,-0.2070000171661377,0.0,0.0,0.12999999523162842,-0.0841217190027237,-0.043940234929323196,-9.757637977600098,-0.00020566428429447114,-0.0005126223550178111,-0.0023524933494627476,98.0,16.143001556396484
1776230162.285919,2026-04-15T05:16:02.285919,attack_square_gpsinput_drift,02,47.3980653,8.546305499999999,0.017000000923871994,-0.20900000631809235,0.0,0.0,0.12999999523162842,-0.07528871297836304,-0.046795062720775604,-9.757144927978516,-0.0007870977860875428,0.0003485164197627455,-0.0007553532486781478,98.0,16.143001556396484
1776230162.4074726,2026-04-15T05:16:02.407473,attack_square_gpsinput_drift,02,47.3980653,8.546305499999999,0.017000000923871994,-0.20900000631809235,0.0,0.0,0.12999999523162842,-0.07528871297836304,-0.046795062720775604,-9.757144927978516,-0.0007870977860875428,0.0003485164197627455,-0.0007553532486781478,98.0,16.143001556396484
1776230162.510739,2026-04-15T05:16:02.510739,attack_square_gpsinput_drift,02,47.3980653,8.546305499999999,0.015000000596046448,-0.21000000834465027,0.0,0.0,0.12999999523162842,-0.08804025501012802,-0.04951953887939453,-9.755248069763184,0.0003968185046687722,6.425803439924493e-05,-0.00044347159564495087,98.0,16.143001556396484
1776230162.6117406,2026-04-15T05:16:02.611741,attack_square_gpsinput_drift,02,47.3980653,8.546305499999999,0.015000000596046448,-0.21000000834465027,0.0,0.0,0.12999999523162842,-0.08804025501012802,-0.04951953887939453,-9.755248069763184,0.0003968185046687722,6.425803439924493e-05,-0.00044347159564495087,98.0,16.143001556396484
1776230162.7158093,2026-04-15T05:16:02.715809,attack_square_gpsinput_drift,02,47.3980653,8.546305499999999,0.014000000432133675,-0.2110000103712082,0.0,0.0,0.12999999523162842,-0.08227408677339554,-0.056273452937603,-9.759425163269043,-0.001282964483834803,-0.0003071590617764741,-0.0009001982398331165,98.0,16.143001556396484
1776230162.82027,2026-04-15T05:16:02.820270,attack_square_gpsinput_drift,02,47.3980653,8.546305499999999,0.014000000432133675,-0.2120000123977661,0.0,0.0,0.12999999523162842,-0.07488887757062912,-0.054041020572185516,-9.751087188720703,-0.00045706387027166784,0.000701676297467202,0.0004065748362336308,98.0,16.143001556396484
1776230162.9223938,2026-04-15T05:16:02.922394,attack_square_gpsinput_drift,02,47.3980653,8.546305499999999,0.013000000268220901,-0.2120000123977661,0.0,0.0,0.14000000059604645,-0.077241450548172,-0.047928586602211,-9.757044792175293,0.00018086808267980814,0.0005592970992438495,-0.0008945439476519823,98.0,16.143001556396484
1776230163.0249035,2026-04-15T05:16:03.024904,attack_square_gpsinput_drift,02,47.3980653,8.546305499999999,0.013000000268220901,-0.21300001442432404,0.0,0.0,0.14000000059604645,-0.08200839906930923,-0.05050747096538544,-9.76086711883545,4.840521796722896e-06,-0.0013627816224470735,0.00012280434020794928,98.0,16.143001556396484
1776230163.1265044,2026-04-15T05:16:03.126504,attack_square_gpsinput_drift,02,47.3980653,8.546305499999999,0.013000000268220901,-0.2120000123977661,0.0,0.0,0.12999999523162842,-0.07343641668558121,-0.03364234045147896,-9.770371437072754,-0.0007907698163762689,-0.0001640364935155958,-0.0001720704894978553,98.0,16.143001556396484
1776230163.228397,2026-04-15T05:16:03.228397,attack_square_gpsinput_drift,02,47.3980653,8.546305499999999,0.013000000268220901,-0.2120000123977661,0.0,0.0,0.12999999523162842,-0.08078653365373611,-0.04618958383798599,-9.759699821472168,0.00033908316981978714,2.6771587727125734e-05,2.124012098647654e-05,98.0,16.143001556396484
1776230163.3325727,2026-04-15T05:16:03.332573,attack_square_gpsinput_drift,02,47.3980653,8.546305499999999,0.012000000104308128,-0.21400001645088196,0.0,0.0,0.12999999523162842,-0.08034619688987732,-0.049770552664995193,-9.759538650512695,-0.00010095717152580619,0.0001375454303342849,-0.00016268773470073938,98.0,16.143001556396484
1776230163.4373403,2026-04-15T05:16:03.437340,attack_square_gpsinput_drift,02,47.3980653,8.546305499999999,0.012000000104308128,-0.21400001645088196,0.0,0.0,0.12999999523162842,-0.08034619688987732,-0.049770552664995193,-9.759538650512695,-0.00010095717152580619,0.0001375454303342849,-0.00016268773470073938,98.0,16.143001556396484
1776230163.5409052,2026-04-15T05:16:03.540905,attack_square_gpsinput_drift,02,47.3980653,8.546305499999999,0.01100000087171793,-0.21400001645088196,0.0,0.0,0.14000000059604645,-0.08525151759386063,-0.046500276774168015,-9.760647773742676,2.474098073435016e-05,0.00046844896860420704,-2.3177097318693995e-05,98.0,16.143001556396484
1776230163.6535227,2026-04-15T05:16:03.653523,attack_square_gpsinput_drift,02,47.3980653,8.546305499999999,0.01100000087171793,-0.2150000035762787,0.0,0.0,0.14000000059604645,-0.08705616742372513,-0.04830034077167511,-9.762724876403809,0.000772732135374099,-0.00041085926932282746,-0.0005056724767200649,98.0,16.143001556396484
1776230163.757944,2026-04-15T05:16:03.757944,attack_square_gpsinput_drift,02,47.3980653,8.546305499999999,0.010000000707805157,-0.2150000035762787,0.0,0.0,0.14000000059604645,-0.07998939603567123,-0.05139616131782532,-9.761493682861328,-0.0005502354470081627,-0.0005752838333137333,-0.00029565245495177805,98.0,16.143001556396484
1776230163.860787,2026-04-15T05:16:03.860787,attack_square_gpsinput_drift,02,47.3980653,8.546305499999999,0.010000000707805157,-0.2160000056028366,0.0,0.0,0.14000000059604645,-0.08263775706291199,-0.04240434989333153,-9.766347885131836,-0.00029124808497726917,-0.00018935151456389576,-0.0006968789966776967,98.0,16.143001556396484
1776230163.9677236,2026-04-15T05:16:03.967724,attack_square_gpsinput_drift,02,47.3980654,8.546305499999999,0.009000000543892384,-0.2160000056028366,0.0,0.0,0.12999999523162842,-0.08709662407636642,-0.043440792709589005,-9.759217262268066,-0.0006609076517634094,0.0009690476581454277,-0.00033289435668848455,98.0,16.143001556396484
1776230164.071234,2026-04-15T05:16:04.071234,attack_square_gpsinput_drift,02,47.3980654,8.546305499999999,0.009000000543892384,-0.2160000056028366,0.0,0.0,0.14000000059604645,-0.08415217697620392,-0.046292901039123535,-9.76282787322998,-0.00010979422222590074,-0.0005282459314912558,-0.00025107793044298887,98.0,16.143001556396484
1776230164.1739712,2026-04-15T05:16:04.173971,attack_square_gpsinput_drift,02,47.3980654,8.546305499999999,0.009000000543892384,-0.21700000762939453,0.0,0.0,0.12999999523162842,-0.08674391359090805,-0.04514710605144501,-9.761225700378418,-0.0007159413653425872,0.0002551405050326139,-0.001270539010874927,98.0,16.143001556396484
1776230164.276381,2026-04-15T05:16:04.276381,attack_square_gpsinput_drift,02,47.3980654,8.546305499999999,0.009000000543892384,-0.21700000762939453,0.0,0.0,0.12999999523162842,-0.08674391359090805,-0.04514710605144501,-9.761225700378418,-0.0007159413653425872,0.0002551405050326139,-0.001270539010874927,98.0,16.143001556396484
1776230164.3787572,2026-04-15T05:16:04.378757,attack_square_gpsinput_drift,02,47.3980654,8.546305499999999,0.00800000037997961,-0.21700000762939453,0.0,0.0,0.14000000059604645,-0.0797823891043663,-0.04842955246567726,-9.757530212402344,-9.998648602049798e-05,-0.0004557160718832165,-0.0004456434107851237,98.0,16.143001556396484
1776230164.4844053,2026-04-15T05:16:04.484405,attack_square_gpsinput_drift,02,47.3980654,8.546305499999999,0.00800000037997961,-0.21700000762939453,0.0,0.0,0.14000000059604645,-0.07634534686803818,-0.04850520193576813,-9.770034790039062,-0.0010749554494395852,-0.00016046568634919822,-0.0008554609376005828,98.0,16.143001556396484
1776230164.586915,2026-04-15T05:16:04.586915,attack_square_gpsinput_drift,02,47.3980654,8.546305499999999,0.006000000052154064,-0.21900001168251038,0.0,0.009999999776482582,0.14000000059604645,-0.07634534686803818,-0.04850520193576813,-9.770034790039062,-0.0010749554494395852,-0.00016046568634919822,-0.0008554609376005828,98.0,16.143001556396484
1776230164.689884,2026-04-15T05:16:04.689884,attack_square_gpsinput_drift,02,47.3980654,8.546305499999999,0.006000000052154064,-0.21900001168251038,0.0,0.009999999776482582,0.14000000059604645,-0.07634534686803818,-0.04850520193576813,-9.770034790039062,-0.0010749554494395852,-0.00016046568634919822,-0.0008554609376005828,98.0,16.143001556396484
1776230164.7921264,2026-04-15T05:16:04.792126,attack_square_gpsinput_drift,02,47.3980654,8.546305499999999,0.006000000052154064,-0.21900001168251038,0.0,0.009999999776482582,0.14000000059604645,-0.07280989736318588,-0.05309730023145676,-9.760109901428223,-0.0005835318588651717,0.0006623730878345668,-0.0004606739094015211,98.0,16.143001556396484
1776230164.8941114,2026-04-15T05:16:04.894111,attack_square_gpsinput_drift,02,47.3980654,8.546305499999999,0.006000000052154064,-0.21900001168251038,0.0,0.009999999776482582,0.14000000059604645,-0.08563554286956787,-0.04444686323404312,-9.762528419494629,0.0006827306351624429,-0.0009375055087730289,-0.0005999691784381866,98.0,16.143001556396484
1776230164.9986537,2026-04-15T05:16:04.998654,attack_square_gpsinput_drift,02,47.3980654,8.546305499999999,0.006000000052154064,-0.21900001168251038,0.0,0.009999999776482582,0.14000000059604645,-0.08563554286956787,-0.04444686323404312,-9.762528419494629,0.0006827306351624429,-0.0009375055087730289,-0.0005999691784381866,98.0,16.143001556396484
1776230165.1044037,2026-04-15T05:16:05.104404,attack_square_gpsinput_drift,02,47.3980654,8.5463056,0.005000000353902578,-0.2200000137090683,0.0,0.009999999776482582,0.12999999523162842,-0.11592552065849304,-0.042606938630342484,-9.7800931930542,8.658543811179698e-05,0.002338636899366975,0.0002357375342398882,98.0,16.143001556396484
1776230165.2571383,2026-04-15T05:16:05.257138,attack_square_gpsinput_drift,02,47.3980654,8.5463056,0.004000000189989805,-0.22100001573562622,0.0,0.0,0.12999999523162842,-0.1768219769001007,-0.03832865133881569,-9.827812194824219,0.001350930891931057,0.012662886641919613,-0.0013501555658876896,95.0,16.08300018310547
1776230165.3645961,2026-04-15T05:16:05.364596,attack_square_gpsinput_drift,02,47.3980654,8.5463056,0.003000000026077032,-0.22200001776218414,0.0,0.0,0.12999999523162842,-0.1790265440940857,-0.048026930540800095,-9.826021194458008,-5.556599717237987e-06,0.022686703130602837,-0.0002664676867425442,95.0,16.08300018310547
1776230165.4699488,2026-04-15T05:16:05.469949,attack_square_gpsinput_drift,02,47.3980654,8.5463056,0.004000000189989805,-0.22200001776218414,0.0,0.0,0.12999999523162842,-0.20948216319084167,-0.04333976283669472,-9.83969783782959,0.0003869450301863253,0.03421686217188835,-0.0005481078405864537,95.0,16.08300018310547
1776230165.5706825,2026-04-15T05:16:05.570683,attack_square_gpsinput_drift,02,47.3980654,8.5463056,0.004000000189989805,-0.22200001776218414,0.0,0.0,0.12999999523162842,-0.20948216319084167,-0.04333976283669472,-9.83969783782959,0.0003869450301863253,0.03421686217188835,-0.0005481078405864537,95.0,16.08300018310547
1776230165.6727774,2026-04-15T05:16:05.672777,attack_square_gpsinput_drift,02,47.3980654,8.5463056,0.004000000189989805,-0.22100001573562622,0.0,0.0,0.12999999523162842,-0.20677462220191956,-0.10349872708320618,-9.87423324584961,-0.005271397531032562,0.051650360226631165,0.0003490885137580335,95.0,16.08300018310547
1776230165.781592,2026-04-15T05:16:05.781592,attack_square_gpsinput_drift,02,47.3980654,8.5463056,0.004000000189989805,-0.22100001573562622,0.0,0.0,0.12999999523162842,-0.20677462220191956,-0.10349872708320618,-9.87423324584961,-0.005271397531032562,0.051650360226631165,0.0003490885137580335,95.0,16.08300018310547
1776230165.8848777,2026-04-15T05:16:05.884878,attack_square_gpsinput_drift,02,47.3980654,8.5463056,0.004000000189989805,-0.22200001776218414,0.0,0.0,0.12999999523162842,-0.20524604618549347,-0.11355866491794586,-9.86600112915039,-0.001493001007474959,0.0630018338561058,-0.007944214157760143,95.0,16.08300018310547
1776230165.9863348,2026-04-15T05:16:05.986335,attack_square_gpsinput_drift,02,47.3980654,8.5463056,0.003000000026077032,-0.22200001776218414,0.0,0.0,0.11999999731779099,-0.18728040158748627,-0.14118333160877228,-9.905614852905273,-0.005929818842560053,0.08227736502885818,-0.015876252204179764,95.0,16.08300018310547
1776230166.0939758,2026-04-15T05:16:06.093976,attack_square_gpsinput_drift,02,47.3980654,8.5463056,0.003000000026077032,-0.22200001776218414,0.0,0.0,0.11999999731779099,-0.0865490734577179,-0.06993533670902252,-10.321884155273438,-0.024153824895620346,0.10836438089609146,-0.01662958413362503,95.0,16.08300018310547
1776230166.1980622,2026-04-15T05:16:06.198062,attack_square_gpsinput_drift,02,47.3980654,8.5463056,0.003000000026077032,-0.22300000488758087,0.0,0.0,0.09999999403953552,-0.06900810450315475,-0.039749693125486374,-10.658907890319824,-0.07514555752277374,0.15837839245796204,-0.017393896356225014,95.0,16.08300018310547
1776230166.300239,2026-04-15T05:16:06.300239,attack_square_gpsinput_drift,02,47.3980654,8.5463056,0.003000000026077032,-0.22200001776218414,0.0,0.0,0.07999999821186066,-0.07447459548711777,-0.04642726480960846,-10.769289016723633,-0.09881585091352463,0.15224163234233856,-0.014373008161783218,95.0,16.08300018310547
1776230166.4019961,2026-04-15T05:16:06.401996,attack_square_gpsinput_drift,02,47.3980654,8.5463056,0.003000000026077032,-0.22200001776218414,0.0,0.0,0.07999999821186066,-0.07447459548711777,-0.04642726480960846,-10.769289016723633,-0.09881585091352463,0.15224163234233856,-0.014373008161783218,95.0,16.08300018310547
1776230166.509801,2026-04-15T05:16:06.509801,attack_square_gpsinput_drift,02,47.3980654,8.5463056,0.003000000026077032,-0.22200001776218414,0.0,-0.009999999776482582,0.05999999865889549,-0.0722656175494194,-0.033752333372831345,-10.78816032409668,-0.0994972363114357,0.13651031255722046,-0.015121396631002426,95.0,16.08300018310547
1776230166.6127276,2026-04-15T05:16:06.612728,attack_square_gpsinput_drift,02,47.3980654,8.5463056,0.004000000189989805,-0.22100001573562622,0.0,-0.009999999776482582,0.03999999910593033,-0.06651612371206284,-0.038225021213293076,-10.787131309509277,-0.09715678542852402,0.12459787726402283,-0.01441897265613079,95.0,16.08300018310547
1776230166.7149196,2026-04-15T05:16:06.714920,attack_square_gpsinput_drift,02,47.3980654,8.5463056,0.004000000189989805,-0.22100001573562622,0.0,-0.009999999776482582,0.03999999910593033,-0.06651612371206284,-0.038225021213293076,-10.787131309509277,-0.09715678542852402,0.12459787726402283,-0.01441897265613079,95.0,16.08300018310547
1776230166.8182933,2026-04-15T05:16:06.818293,attack_square_gpsinput_drift,02,47.3980654,8.5463056,0.005000000353902578,-0.2200000137090683,0.0,-0.009999999776482582,0.029999999329447746,-0.07500651478767395,-0.03876486420631409,-10.763550758361816,-0.0915815457701683,0.11448027938604355,-0.013094738125801086,95.0,16.08300018310547
1776230166.920154,2026-04-15T05:16:06.920154,attack_square_gpsinput_drift,02,47.3980654,8.5463056,0.007000000216066837,-0.21800000965595245,0.0,-0.019999999552965164,0.0,-0.07131955772638321,-0.039942268282175064,-10.773818969726562,-0.08557829260826111,0.09841202944517136,-0.011063244193792343,95.0,16.08300018310547
1776230167.0221374,2026-04-15T05:16:07.022137,attack_square_gpsinput_drift,02,47.3980654,8.546305499999999,0.009000000543892384,-0.2160000056028366,0.0,-0.019999999552965164,-0.009999999776482582,-0.07558958232402802,-0.04606027156114578,-10.768281936645508,-0.07584279030561447,0.07754113525152206,-0.01117855217307806,95.0,16.08300018310547
1776230167.124662,2026-04-15T05:16:07.124662,attack_square_gpsinput_drift,02,47.3980654,8.546305499999999,0.013000000268220901,-0.21300001442432404,0.0,-0.029999999329447746,-0.029999999329447746,-0.07437595725059509,-0.04161953926086426,-10.766707420349121,-0.059661563485860825,0.054163750261068344,-0.010292192921042442,95.0,16.08300018310547
1776230167.2301793,2026-04-15T05:16:07.230179,attack_square_gpsinput_drift,02,47.3980654,8.546305499999999,0.018000001087784767,-0.2070000171661377,0.0,-0.03999999910593033,-0.07000000029802322,-0.07912459224462509,-0.04707283154129982,-10.73874282836914,-0.036612384021282196,0.024555128067731857,-0.006460180971771479,95.0,16.08300018310547
1776230167.3317022,2026-04-15T05:16:07.331702,attack_square_gpsinput_drift,02,47.3980654,8.546305499999999,0.020000001415610313,-0.20500001311302185,0.0,-0.03999999910593033,-0.07000000029802322,-0.07969280332326889,-0.04713526368141174,-10.729024887084961,-0.030576203018426895,0.017006993293762207,-0.0073082116432487965,95.0,16.08300018310547
1776230167.4388208,2026-04-15T05:16:07.438821,attack_square_gpsinput_drift,02,47.3980654,8.546305499999999,0.02500000037252903,-0.20000000298023224,-0.009999999776482582,-0.04999999701976776,-0.09999999403953552,-0.07443242520093918,-0.046040624380111694,-10.720271110534668,-0.018499717116355896,0.004232955630868673,-0.006361807696521282,95.0,16.08300018310547
1776230167.5407019,2026-04-15T05:16:07.540702,attack_square_gpsinput_drift,02,47.3980654,8.546305499999999,0.02500000037252903,-0.20000000298023224,-0.009999999776482582,-0.04999999701976776,-0.09999999403953552,-0.07443242520093918,-0.046040624380111694,-10.720271110534668,-0.018499717116355896,0.004232955630868673,-0.006361807696521282,95.0,16.08300018310547
1776230167.6447809,2026-04-15T05:16:07.644781,attack_square_gpsinput_drift,02,47.3980654,8.546305499999999,0.029000001028180122,-0.19700001180171967,-0.009999999776482582,-0.05999999865889549,-0.11999999731779099,-0.0708269327878952,-0.04969381168484688,-10.730691909790039,-0.005642211064696312,-0.010601487010717392,-0.0063385614193975925,95.0,16.08300018310547
1776230167.7471066,2026-04-15T05:16:07.747107,attack_square_gpsinput_drift,02,47.3980654,8.5463054,0.03500000014901161,-0.1900000125169754,-0.009999999776482582,-0.07000000029802322,-0.14000000059604645,-0.07694323360919952,-0.045389123260974884,-10.703503608703613,0.003069311147555709,-0.01975690759718418,-0.004551001358777285,95.0,16.08300018310547
1776230167.8491473,2026-04-15T05:16:07.849147,attack_square_gpsinput_drift,02,47.3980654,8.5463054,0.04200000315904617,-0.18300001323223114,-0.009999999776482582,-0.07000000029802322,-0.1599999964237213,-0.07847350835800171,-0.04445919394493103,-10.72384262084961,0.010884921066462994,-0.02840733528137207,-0.00369349867105484,95.0,16.08300018310547
1776230167.9509916,2026-04-15T05:16:07.950992,attack_square_gpsinput_drift,02,47.3980654,8.5463054,0.04200000315904617,-0.18300001323223114,-0.009999999776482582,-0.07000000029802322,-0.1599999964237213,-0.07847350835800171,-0.04445919394493103,-10.72384262084961,0.010884921066462994,-0.02840733528137207,-0.00369349867105484,95.0,16.08300018310547
1776230168.0538886,2026-04-15T05:16:08.053889,attack_square_gpsinput_drift,02,47.3980654,8.5463054,0.04800000041723251,-0.1770000010728836,-0.009999999776482582,-0.07999999821186066,-0.17999999225139618,-0.07468148320913315,-0.04755806177854538,-10.69273853302002,0.018407991155982018,-0.03848252817988396,-0.0029704426415264606,95.0,16.08300018310547
1776230168.1579292,2026-04-15T05:16:08.157929,attack_square_gpsinput_drift,02,47.3980654,8.5463053,0.05700000375509262,-0.1680000126361847,-0.009999999776482582,-0.08999999612569809,-0.19999998807907104,-0.08066913485527039,-0.04723091796040535,-10.706094741821289,0.025885794311761856,-0.04635781794786453,-0.003697994165122509,95.0,16.08300018310547
1776230168.2609677,2026-04-15T05:16:08.260968,attack_square_gpsinput_drift,02,47.3980654,8.5463053,0.05700000375509262,-0.1680000126361847,-0.009999999776482582,-0.08999999612569809,-0.19999998807907104,-0.08066913485527039,-0.04723091796040535,-10.706094741821289,0.025885794311761856,-0.04635781794786453,-0.003697994165122509,95.0,16.08300018310547
1776230168.365078,2026-04-15T05:16:08.365078,attack_square_gpsinput_drift,02,47.3980654,8.5463053,0.05700000375509262,-0.1680000126361847,-0.009999999776482582,-0.08999999612569809,-0.19999998807907104,-0.08066913485527039,-0.04723091796040535,-10.706094741821289,0.025885794311761856,-0.04635781794786453,-0.003697994165122509,95.0,16.08300018310547
1776230168.4709423,2026-04-15T05:16:08.470942,attack_square_gpsinput_drift,02,47.3980654,8.546305199999999,0.08100000023841858,-0.14400000870227814,-0.019999999552965164,-0.09999999403953552,-0.25999999046325684,-0.06312469393014908,-0.04933782294392586,-10.6693754196167,0.0418202169239521,-0.06211845204234123,-0.0015766089782118797,95.0,16.08300018310547
1776230168.5730112,2026-04-15T05:16:08.573011,attack_square_gpsinput_drift,02,47.3980653,8.546305199999999,0.08900000154972076,-0.13600000739097595,-0.019999999552965164,-0.10999999940395355,-0.28999999165534973,-0.07974538207054138,-0.046357329934835434,-10.661824226379395,0.041812602430582047,-0.06758669018745422,-0.000899786944501102,95.0,16.08300018310547
1776230168.6830893,2026-04-15T05:16:08.683089,attack_square_gpsinput_drift,02,47.3980653,8.546305199999999,0.08900000154972076,-0.13600000739097595,-0.019999999552965164,-0.10999999940395355,-0.28999999165534973,-0.07974538207054138,-0.046357329934835434,-10.661824226379395,0.041812602430582047,-0.06758669018745422,-0.000899786944501102,95.0,16.08300018310547
1776230168.787724,2026-04-15T05:16:08.787724,attack_square_gpsinput_drift,02,47.3980653,8.546305199999999,0.10100000351667404,-0.12400000542402267,-0.019999999552965164,-0.11999999731779099,-0.29999998211860657,-0.07512646913528442,-0.04370666667819023,-10.653289794921875,0.045141272246837616,-0.07083810865879059,0.00010120059596374631,95.0,16.08300018310547
1776230168.974067,2026-04-15T05:16:08.974067,attack_square_gpsinput_drift,02,47.3980653,8.5463051,0.10900000482797623,-0.11600000411272049,-0.019999999552965164,-0.11999999731779099,-0.3199999928474426,-0.0639268085360527,-0.04298097640275955,-10.614180564880371,0.04538760334253311,-0.07293839007616043,-0.0004582104738801718,95.0,16.08300018310547
1776230169.0760207,2026-04-15T05:16:09.076021,attack_square_gpsinput_drift,02,47.3980653,8.5463051,0.11700000613927841,-0.1080000028014183,-0.019999999552965164,-0.11999999731779099,-0.3400000035762787,-0.07010301947593689,-0.04263003170490265,-10.608786582946777,0.04627995565533638,-0.07278856635093689,7.406971417367458e-05,95.0,16.08300018310547
1776230169.1778233,2026-04-15T05:16:09.177823,attack_square_gpsinput_drift,02,47.3980653,8.5463051,0.11700000613927841,-0.1080000028014183,-0.019999999552965164,-0.11999999731779099,-0.3400000035762787,-0.07010301947593689,-0.04263003170490265,-10.608786582946777,0.04627995565533638,-0.07278856635093689,7.406971417367458e-05,95.0,16.08300018310547
1776230169.2814772,2026-04-15T05:16:09.281477,attack_square_gpsinput_drift,02,47.3980653,8.546305,0.1290000081062317,-0.09600000083446503,-0.019999999552965164,-0.12999999523162842,-0.35999998450279236,-0.07574958354234695,-0.041283171623945236,-10.607007026672363,0.0466180294752121,-0.07515925168991089,9.493849938735366e-05,95.0,16.08300018310547
1776230169.3840263,2026-04-15T05:16:09.384026,attack_square_gpsinput_drift,02,47.3980653,8.546305,0.1290000081062317,-0.09600000083446503,-0.019999999552965164,-0.12999999523162842,-0.35999998450279236,-0.07574958354234695,-0.041283171623945236,-10.607007026672363,0.0466180294752121,-0.07515925168991089,9.493849938735366e-05,95.0,16.08300018310547
1776230169.4875686,2026-04-15T05:16:09.487569,attack_square_gpsinput_drift,02,47.3980653,8.546305,0.1380000114440918,-0.08700000494718552,-0.019999999552965164,-0.12999999523162842,-0.3700000047683716,-0.0664217546582222,-0.03424721956253052,-10.600821495056152,0.04889867454767227,-0.07815320789813995,0.0008923840941861272,95.0,16.08300018310547
1776230169.5910494,2026-04-15T05:16:09.591049,attack_square_gpsinput_drift,02,47.3980653,8.546305,0.1380000114440918,-0.08700000494718552,-0.019999999552965164,-0.12999999523162842,-0.3700000047683716,-0.0664217546582222,-0.03424721956253052,-10.600821495056152,0.04889867454767227,-0.07815320789813995,0.0008923840941861272,95.0,16.08300018310547
1776230169.6987436,2026-04-15T05:16:09.698744,attack_square_gpsinput_drift,02,47.3980653,8.546305,0.1510000079870224,-0.07400000095367432,-0.029999999329447746,-0.14000000059604645,-0.3999999761581421,-0.07293059676885605,-0.04208272323012352,-10.568387985229492,0.04887523874640465,-0.07714253664016724,0.00034883618354797363,95.0,16.08300018310547
1776230169.8000956,2026-04-15T05:16:09.800096,attack_square_gpsinput_drift,02,47.3980653,8.546305,0.1510000079870224,-0.07400000095367432,-0.029999999329447746,-0.14000000059604645,-0.3999999761581421,-0.07293059676885605,-0.04208272323012352,-10.568387985229492,0.04887523874640465,-0.07714253664016724,0.00034883618354797363,95.0,16.08300018310547
1776230169.9028823,2026-04-15T05:16:09.902882,attack_square_gpsinput_drift,02,47.3980653,8.546304899999999,0.16100001335144043,-0.0650000050663948,-0.029999999329447746,-0.14000000059604645,-0.4099999964237213,-0.060333773493766785,-0.03285287320613861,-10.572233200073242,0.048750460147857666,-0.0768374502658844,-0.00023056453210301697,95.0,16.08300018310547
1776230170.0059083,2026-04-15T05:16:10.005908,attack_square_gpsinput_drift,02,47.3980653,8.546304899999999,0.17500001192092896,-0.05000000074505806,-0.029999999329447746,-0.14000000059604645,-0.429999977350235,-0.06911718100309372,-0.038638487458229065,-10.511027336120605,0.04972762241959572,-0.07644204795360565,0.000515562656801194,95.0,16.08300018310547
1776230170.112339,2026-04-15T05:16:10.112339,attack_square_gpsinput_drift,02,47.3980653,8.546304899999999,0.17500001192092896,-0.05000000074505806,-0.029999999329447746,-0.14000000059604645,-0.429999977350235,-0.06863152235746384,-0.039119888097047806,-10.532946586608887,0.04693233594298363,-0.07567477971315384,0.0010286540491506457,95.0,16.08300018310547
1776230170.2153342,2026-04-15T05:16:10.215334,attack_square_gpsinput_drift,02,47.3980652,8.5463048,0.1850000023841858,-0.04000000283122063,-0.029999999329447746,-0.14000000059604645,-0.44999998807907104,-0.06863152235746384,-0.039119888097047806,-10.532946586608887,0.04693233594298363,-0.07567477971315384,0.0010286540491506457,95.0,16.08300018310547
1776230170.3201559,2026-04-15T05:16:10.320156,attack_square_gpsinput_drift,02,47.3980652,8.5463048,0.20000000298023224,-0.02500000037252903,-0.029999999329447746,-0.14999999105930328,-0.4699999988079071,-0.06016842648386955,-0.04029121994972229,-10.54273796081543,0.044601649045944214,-0.07274789363145828,0.0010052209254354239,95.0,16.08300018310547
1776230170.432332,2026-04-15T05:16:10.432332,attack_square_gpsinput_drift,02,47.3980652,8.5463047,0.21300001442432404,-0.013000000268220901,-0.029999999329447746,-0.14999999105930328,-0.47999998927116394,-0.057527024298906326,-0.038185033947229385,-10.521437644958496,0.04540194571018219,-0.07121142745018005,0.0032327030785381794,95.0,16.08300018310547
1776230170.5368085,2026-04-15T05:16:10.536808,attack_square_gpsinput_drift,02,47.3980652,8.5463047,0.22300000488758087,-0.0020000000949949026,-0.029999999329447746,-0.14999999105930328,-0.4899999797344208,-0.07149406522512436,-0.04048728942871094,-10.483687400817871,0.04356183856725693,-0.07143830507993698,0.002104358747601509,95.0,16.08300018310547
1776230170.6402044,2026-04-15T05:16:10.640204,attack_square_gpsinput_drift,02,47.3980652,8.5463046,0.2460000067949295,0.01900000125169754,-0.029999999329447746,-0.14999999105930328,-0.5199999809265137,-0.06977800279855728,-0.03907250240445137,-10.521560668945312,0.04117322340607643,-0.0654459148645401,0.003251647111028433,95.0,16.08300018310547
1776230170.7427745,2026-04-15T05:16:10.742774,attack_square_gpsinput_drift,02,47.3980652,8.5463045,0.25699999928474426,0.03100000135600567,-0.029999999329447746,-0.14999999105930328,-0.5299999713897705,-0.06465395539999008,-0.034231580793857574,-10.524747848510742,0.03883105516433716,-0.06388204544782639,0.0025284085422754288,95.0,16.08300018310547
1776230170.8535037,2026-04-15T05:16:10.853504,attack_square_gpsinput_drift,02,47.3980652,8.5463045,0.26900002360343933,0.0430000014603138,-0.029999999329447746,-0.14999999105930328,-0.550000011920929,-0.06145460903644562,-0.04017253220081329,-10.522171974182129,0.04001481458544731,-0.06310700625181198,0.001866148435510695,95.0,16.08300018310547
1776230170.9591353,2026-04-15T05:16:10.959135,attack_square_gpsinput_drift,02,47.3980652,8.5463044,0.28600001335144043,0.06000000238418579,-0.029999999329447746,-0.14999999105930328,-0.5699999928474426,-0.06356021761894226,-0.037374213337898254,-10.541933059692383,0.03805865719914436,-0.06303814053535461,0.0031600352376699448,95.0,16.08300018310547
1776230171.0624695,2026-04-15T05:16:11.062469,attack_square_gpsinput_drift,02,47.3980652,8.5463044,0.2990000247955322,0.07200000435113907,-0.029999999329447746,-0.14999999105930328,-0.5799999833106995,-0.05879010260105133,-0.042052723467350006,-10.547357559204102,0.036315228790044785,-0.05996577814221382,0.002780577167868614,95.0,16.08300018310547
1776230171.1671362,2026-04-15T05:16:11.167136,attack_square_gpsinput_drift,02,47.3980652,8.5463043,0.31700000166893005,0.09100000560283661,-0.029999999329447746,-0.14999999105930328,-0.5999999642372131,-0.06549166142940521,-0.042090170085430145,-10.502049446105957,0.036762453615665436,-0.058245547115802765,0.002292375545948744,95.0,16.08300018310547
1776230171.2784522,2026-04-15T05:16:11.278452,attack_square_gpsinput_drift,02,47.3980652,8.5463043,0.33100003004074097,0.10500000417232513,-0.029999999329447746,-0.14999999105930328,-0.6100000143051147,-0.06585568189620972,-0.03893518075346947,-10.515914916992188,0.033579062670469284,-0.05459108203649521,0.0024323072284460068,95.0,16.08300018310547
1776230171.3812828,2026-04-15T05:16:11.381283,attack_square_gpsinput_drift,02,47.3980652,8.5463043,0.3440000116825104,0.11800000816583633,-0.029999999329447746,-0.14999999105930328,-0.6299999952316284,-0.048740871250629425,-0.046155378222465515,-10.513345718383789,0.03397846594452858,-0.05354493483901024,0.0028339731507003307,95.0,16.08300018310547
1776230171.483677,2026-04-15T05:16:11.483677,attack_square_gpsinput_drift,02,47.3980652,8.5463043,0.3440000116825104,0.11800000816583633,-0.029999999329447746,-0.14999999105930328,-0.6299999952316284,-0.048740871250629425,-0.046155378222465515,-10.513345718383789,0.03397846594452858,-0.05354493483901024,0.0028339731507003307,95.0,16.08300018310547
1776230171.586722,2026-04-15T05:16:11.586722,attack_square_gpsinput_drift,02,47.3980651,8.5463042,0.36400002241134644,0.1380000114440918,-0.029999999329447746,-0.14000000059604645,-0.6499999761581421,-0.06691265106201172,-0.03882681950926781,-10.540122985839844,0.033426396548748016,-0.050684671849012375,0.0029417069163173437,95.0,16.08300018310547
1776230171.6961985,2026-04-15T05:16:11.696198,attack_square_gpsinput_drift,02,47.3980651,8.5463042,0.36400002241134644,0.1380000114440918,-0.029999999329447746,-0.14000000059604645,-0.6499999761581421,-0.06691265106201172,-0.03882681950926781,-10.540122985839844,0.033426396548748016,-0.050684671849012375,0.0029417069163173437,95.0,16.08300018310547
1776230171.798439,2026-04-15T05:16:11.798439,attack_square_gpsinput_drift,02,47.3980651,8.5463042,0.37800002098083496,0.15200001001358032,-0.029999999329447746,-0.14000000059604645,-0.6599999666213989,-0.06318290531635284,-0.03854559734463692,-10.509086608886719,0.031789932399988174,-0.04772138223052025,0.002744401805102825,95.0,16.08300018310547
1776230171.900649,2026-04-15T05:16:11.900649,attack_square_gpsinput_drift,02,47.3980651,8.5463042,0.37800002098083496,0.15200001001358032,-0.029999999329447746,-0.14000000059604645,-0.6599999666213989,-0.06318290531635284,-0.03854559734463692,-10.509086608886719,0.031789932399988174,-0.04772138223052025,0.002744401805102825,95.0,16.08300018310547
1776230172.009893,2026-04-15T05:16:12.009893,attack_square_gpsinput_drift,02,47.3980651,8.5463041,0.39900001883506775,0.1720000058412552,-0.019999999552965164,-0.14000000059604645,-0.6800000071525574,-0.06868616491556168,-0.03889212757349014,-10.508756637573242,0.030781570822000504,-0.04341629147529602,0.003154585137963295,95.0,16.08300018310547
1776230172.146736,2026-04-15T05:16:12.146736,attack_square_gpsinput_drift,02,47.3980651,8.546304,0.4620000123977661,0.23600001633167267,-0.019999999552965164,-0.12999999523162842,-0.7299999594688416,-0.07014476507902145,-0.029324781149625778,-10.535013198852539,0.026520460844039917,-0.038296688348054886,0.0036469365004450083,95.0,16.08300018310547
1776230172.272797,2026-04-15T05:16:12.272797,attack_square_gpsinput_drift,02,47.3980651,8.5463039,0.47700002789497375,0.2510000169277191,-0.019999999552965164,-0.12999999523162842,-0.75,-0.06807614117860794,-0.041533734649419785,-10.498175621032715,0.026293637230992317,-0.035659030079841614,0.003903899574652314,95.0,16.08300018310547
1776230172.3735886,2026-04-15T05:16:12.373589,attack_square_gpsinput_drift,02,47.3980651,8.5463039,0.47700002789497375,0.2510000169277191,-0.019999999552965164,-0.12999999523162842,-0.75,-0.06807614117860794,-0.041533734649419785,-10.498175621032715,0.026293637230992317,-0.035659030079841614,0.003903899574652314,95.0,16.08300018310547
1776230172.4757018,2026-04-15T05:16:12.475702,attack_square_gpsinput_drift,02,47.3980651,8.5463039,0.49900001287460327,0.27300000190734863,-0.019999999552965164,-0.11999999731779099,-0.7699999809265137,-0.06875310093164444,-0.0379813052713871,-10.578397750854492,0.024697937071323395,-0.03348109498620033,0.002186783356592059,95.0,16.08300018310547
1776230172.5768023,2026-04-15T05:16:12.576802,attack_square_gpsinput_drift,02,47.3980651,8.5463039,0.49900001287460327,0.27300000190734863,-0.019999999552965164,-0.11999999731779099,-0.7699999809265137,-0.06875310093164444,-0.0379813052713871,-10.578397750854492,0.024697937071323395,-0.03348109498620033,0.002186783356592059,95.0,16.08300018310547
1776230172.6825073,2026-04-15T05:16:12.682507,attack_square_gpsinput_drift,02,47.3980651,8.5463038,0.51500004529953,0.2880000174045563,-0.019999999552965164,-0.11999999731779099,-0.7799999713897705,-0.06630212068557739,-0.03959819674491882,-10.560059547424316,0.021624289453029633,-0.03182259574532509,0.0027592892292886972,95.0,16.08300018310547
1776230172.7859251,2026-04-15T05:16:12.785925,attack_square_gpsinput_drift,02,47.3980651,8.5463038,0.51500004529953,0.2880000174045563,-0.019999999552965164,-0.11999999731779099,-0.7799999713897705,-0.06630212068557739,-0.03959819674491882,-10.560059547424316,0.021624289453029633,-0.03182259574532509,0.0027592892292886972,95.0,16.08300018310547
1776230172.889039,2026-04-15T05:16:12.889039,attack_square_gpsinput_drift,02,47.3980651,8.5463038,0.5380000472068787,0.3110000193119049,-0.019999999552965164,-0.11999999731779099,-0.7999999523162842,-0.06510736048221588,-0.043315500020980835,-10.520552635192871,0.01903163082897663,-0.02765280194580555,0.0012301064562052488,95.0,16.08300018310547
1776230172.9943075,2026-04-15T05:16:12.994308,attack_square_gpsinput_drift,02,47.3980651,8.5463038,0.5530000329017639,0.3270000219345093,-0.019999999552965164,-0.10999999940395355,-0.8100000023841858,-0.06993596255779266,-0.03606996685266495,-10.514533996582031,0.019239002838730812,-0.025766324251890182,0.0032854117453098297,95.0,16.08300018310547
1776230173.0978417,2026-04-15T05:16:13.097842,attack_square_gpsinput_drift,02,47.3980651,8.5463037,0.5940000414848328,0.3680000305175781,-0.019999999552965164,-0.09999999403953552,-0.8399999737739563,-0.06579660624265671,-0.03387461602687836,-10.534978866577148,0.01584947109222412,-0.018641898408532143,0.0032188270706683397,95.0,16.08300018310547
1776230173.221669,2026-04-15T05:16:13.221669,attack_square_gpsinput_drift,02,47.3980651,8.5463037,0.6260000467300415,0.39900001883506775,-0.019999999552965164,-0.09999999403953552,-0.8700000047683716,-0.06886866688728333,-0.040974151343107224,-10.538501739501953,0.01325558964163065,-0.016669124364852905,0.002493849489837885,95.0,16.08300018310547
1776230173.3339787,2026-04-15T05:16:13.333979,attack_square_gpsinput_drift,02,47.3980651,8.5463036,0.6420000195503235,0.41600000858306885,-0.009999999776482582,-0.08999999612569809,-0.8799999952316284,-0.06985512375831604,-0.04119694605469704,-10.505136489868164,0.012658530846238136,-0.014603556133806705,0.0017082085832953453,95.0,16.08300018310547
1776230173.437041,2026-04-15T05:16:13.437041,attack_square_gpsinput_drift,02,47.3980651,8.5463036,0.6420000195503235,0.41600000858306885,-0.009999999776482582,-0.08999999612569809,-0.8799999952316284,-0.06985512375831604,-0.04119694605469704,-10.505136489868164,0.012658530846238136,-0.014603556133806705,0.0017082085832953453,95.0,16.08300018310547
1776230173.542023,2026-04-15T05:16:13.542023,attack_square_gpsinput_drift,02,47.3980651,8.5463036,0.659000039100647,0.43300002813339233,-0.009999999776482582,-0.08999999612569809,-0.8899999856948853,-0.06823839247226715,-0.039518360048532486,-10.501376152038574,0.010857924818992615,-0.0117951026186347,0.003256778931245208,95.0,16.08300018310547
1776230173.6468308,2026-04-15T05:16:13.646831,attack_square_gpsinput_drift,02,47.3980651,8.5463036,0.659000039100647,0.43300002813339233,-0.009999999776482582,-0.08999999612569809,-0.8899999856948853,-0.06823839247226715,-0.039518360048532486,-10.501376152038574,0.010857924818992615,-0.0117951026186347,0.003256778931245208,95.0,16.08300018310547
1776230173.7554123,2026-04-15T05:16:13.755412,attack_square_gpsinput_drift,02,47.3980651,8.5463036,0.6850000619888306,0.4580000340938568,-0.009999999776482582,-0.07999999821186066,-0.9099999666213989,-0.0647553950548172,-0.04357926547527313,-10.475835800170898,0.010749750770628452,-0.008542196825146675,0.0033673204015940428,95.0,16.08300018310547
1776230173.8571453,2026-04-15T05:16:13.857145,attack_square_gpsinput_drift,02,47.3980651,8.5463036,0.6850000619888306,0.4580000340938568,-0.009999999776482582,-0.07999999821186066,-0.9099999666213989,-0.0647553950548172,-0.04357926547527313,-10.475835800170898,0.010749750770628452,-0.008542196825146675,0.0033673204015940428,95.0,16.08300018310547
1776230173.9602323,2026-04-15T05:16:13.960232,attack_square_gpsinput_drift,02,47.3980651,8.5463035,0.7100000381469727,0.484000027179718,-0.009999999776482582,-0.07999999821186066,-0.9300000071525574,-0.06718093901872635,-0.04459372162818909,-10.49622631072998,0.008753282018005848,-0.005442596971988678,0.002838985761627555,95.0,16.08300018310547
1776230174.0627491,2026-04-15T05:16:14.062749,attack_square_gpsinput_drift,02,47.3980651,8.5463035,0.7100000381469727,0.484000027179718,-0.009999999776482582,-0.07999999821186066,-0.9300000071525574,-0.06718093901872635,-0.04459372162818909,-10.49622631072998,0.008753282018005848,-0.005442596971988678,0.002838985761627555,95.0,16.08300018310547
1776230174.1699154,2026-04-15T05:16:14.169915,attack_square_gpsinput_drift,02,47.3980651,8.5463035,0.7280000448226929,0.5020000338554382,-0.009999999776482582,-0.07000000029802322,-0.9399999976158142,-0.06955333054065704,-0.046500541269779205,-10.477818489074707,0.007370367180556059,-0.004905347246676683,0.0034000996965914965,95.0,16.08300018310547
1776230174.2741106,2026-04-15T05:16:14.274111,attack_square_gpsinput_drift,02,47.3980651,8.5463035,0.7550000548362732,0.527999997138977,-0.009999999776482582,-0.07000000029802322,-0.9599999785423279,-0.06804986298084259,-0.04045240208506584,-10.502897262573242,0.005171919707208872,-0.005540614482015371,0.0019452027045190334,95.0,16.08300018310547
1776230174.3785787,2026-04-15T05:16:14.378579,attack_square_gpsinput_drift,02,47.3980651,8.5463035,0.7550000548362732,0.527999997138977,-0.009999999776482582,-0.07000000029802322,-0.9599999785423279,-0.06804986298084259,-0.04045240208506584,-10.502897262573242,0.005171919707208872,-0.005540614482015371,0.0019452027045190334,95.0,16.08300018310547
1776230174.4850652,2026-04-15T05:16:14.485065,attack_square_gpsinput_drift,02,47.3980651,8.5463035,0.7720000147819519,0.5460000038146973,-0.009999999776482582,-0.07000000029802322,-0.9699999690055847,-0.07248599827289581,-0.03668917343020439,-10.477630615234375,0.004442885518074036,-0.0015277726342901587,0.0018631217535585165,95.0,16.08300018310547
1776230174.5888588,2026-04-15T05:16:14.588859,attack_square_gpsinput_drift,02,47.3980651,8.5463035,0.7720000147819519,0.5460000038146973,-0.009999999776482582,-0.07000000029802322,-0.9699999690055847,-0.07248599827289581,-0.03668917343020439,-10.477630615234375,0.004442885518074036,-0.0015277726342901587,0.0018631217535585165,95.0,16.08300018310547
1776230174.6924548,2026-04-15T05:16:14.692455,attack_square_gpsinput_drift,02,47.3980651,8.5463034,0.8010000586509705,0.5740000009536743,-0.009999999776482582,-0.05999999865889549,-0.9899999499320984,-0.062484368681907654,-0.044360630214214325,-10.475506782531738,0.001535596325993538,0.00014499567623715848,0.002655765740200877,95.0,16.08300018310547
1776230174.8018107,2026-04-15T05:16:14.801811,attack_square_gpsinput_drift,02,47.3980651,8.5463034,0.8200000524520874,0.593000054359436,-0.009999999776482582,-0.05999999865889549,-1.0,-0.07586375623941422,-0.048180293291807175,-10.472386360168457,-0.00031786179170012474,-0.002007107250392437,0.0018837477546185255,95.0,16.08300018310547
1776230174.9042606,2026-04-15T05:16:14.904261,attack_square_gpsinput_drift,02,47.3980651,8.5463034,0.8200000524520874,0.593000054359436,-0.009999999776482582,-0.05999999865889549,-1.0,-0.07586375623941422,-0.048180293291807175,-10.472386360168457,-0.00031786179170012474,-0.002007107250392437,0.0018837477546185255,95.0,16.08300018310547
1776230175.0107253,2026-04-15T05:16:15.010725,attack_square_gpsinput_drift,02,47.3980651,8.5463034,0.8200000524520874,0.593000054359436,-0.009999999776482582,-0.05999999865889549,-1.0,-0.07586375623941422,-0.048180293291807175,-10.472386360168457,-0.00031786179170012474,-0.002007107250392437,0.0018837477546185255,95.0,16.08300018310547
1776230175.1136198,2026-04-15T05:16:15.113620,attack_square_gpsinput_drift,02,47.3980651,8.5463034,0.8670000433921814,0.6410000324249268,-0.009999999776482582,-0.04999999701976776,-1.0299999713897705,-0.07289758324623108,-0.03784671425819397,-10.478415489196777,-0.002937457524240017,0.0011740955524146557,0.002727184444665909,95.0,16.08300018310547
1776230175.2159555,2026-04-15T05:16:15.215955,attack_square_gpsinput_drift,02,47.3980651,8.5463034,0.8860000371932983,0.6600000262260437,-0.009999999776482582,-0.03999999910593033,-1.0399999618530273,-0.06946267932653427,-0.03201879933476448,-10.538805961608887,-0.003671098966151476,0.0025677511002868414,0.0021945766638964415,95.0,16.08300018310547
1776230175.3170722,2026-04-15T05:16:15.317072,attack_square_gpsinput_drift,02,47.3980651,8.5463034,0.8860000371932983,0.6600000262260437,-0.009999999776482582,-0.03999999910593033,-1.0399999618530273,-0.06946267932653427,-0.03201879933476448,-10.538805961608887,-0.003671098966151476,0.0025677511002868414,0.0021945766638964415,95.0,16.08300018310547
1776230175.4192824,2026-04-15T05:16:15.419282,attack_square_gpsinput_drift,02,47.3980651,8.5463034,0.9150000214576721,0.6890000104904175,-0.009999999776482582,-0.03999999910593033,-1.059999942779541,-0.07564257830381393,-0.04235059767961502,-10.498069763183594,-0.0029291952960193157,0.002016394631937146,0.0025728766340762377,95.0,16.08300018310547
1776230175.5260832,2026-04-15T05:16:15.526083,attack_square_gpsinput_drift,02,47.3980651,8.5463033,0.9350000619888306,0.7080000042915344,-0.009999999776482582,-0.029999999329447746,-1.0699999332427979,-0.07321195304393768,-0.043606992810964584,-10.496317863464355,-0.0015479200519621372,0.004150167107582092,0.002449244959279895,95.0,16.08300018310547
1776230175.634139,2026-04-15T05:16:15.634139,attack_square_gpsinput_drift,02,47.398064999999995,8.5463033,0.9540000557899475,0.7280000448226929,0.0,-0.029999999329447746,-1.0799999237060547,-0.07930705696344376,-0.04811616241931915,-10.487510681152344,-0.0038976066280156374,0.004724179860204458,0.0036163220647722483,95.0,16.08300018310547
1776230175.7383265,2026-04-15T05:16:15.738327,attack_square_gpsinput_drift,02,47.398064999999995,8.5463033,0.9540000557899475,0.7280000448226929,0.0,-0.029999999329447746,-1.0799999237060547,-0.07930705696344376,-0.04811616241931915,-10.487510681152344,-0.0038976066280156374,0.004724179860204458,0.0036163220647722483,95.0,16.08300018310547
1776230175.8408995,2026-04-15T05:16:15.840899,attack_square_gpsinput_drift,02,47.398064999999995,8.5463033,0.9540000557899475,0.7280000448226929,0.0,-0.029999999329447746,-1.0799999237060547,-0.06895387917757034,-0.039265282452106476,-10.46234130859375,-0.0051475949585437775,0.006247338838875294,0.0019527547992765903,95.0,16.08300018310547
1776230175.9455783,2026-04-15T05:16:15.945578,attack_square_gpsinput_drift,02,47.398064999999995,8.5463033,0.984000027179718,0.7580000162124634,0.0,-0.019999999552965164,-1.100000023841858,-0.06895387917757034,-0.039265282452106476,-10.46234130859375,-0.0051475949585437775,0.006247338838875294,0.0019527547992765903,95.0,16.08300018310547
1776230176.0546014,2026-04-15T05:16:16.054601,attack_square_gpsinput_drift,02,47.398064999999995,8.5463033,1.0040000677108765,0.7780000567436218,0.0,-0.019999999552965164,-1.1100000143051147,-0.06268558651208878,-0.045659370720386505,-10.373440742492676,-0.005349821876734495,0.007956746965646744,0.0028602397069334984,95.0,16.08300018310547
1776230176.1569173,2026-04-15T05:16:16.156917,attack_square_gpsinput_drift,02,47.398064999999995,8.5463033,1.0040000677108765,0.7780000567436218,0.0,-0.019999999552965164,-1.1100000143051147,-0.06268558651208878,-0.045659370720386505,-10.373440742492676,-0.005349821876734495,0.007956746965646744,0.0028602397069334984,95.0,16.08300018310547
1776230176.261141,2026-04-15T05:16:16.261141,attack_square_gpsinput_drift,02,47.398064999999995,8.5463033,1.0250000953674316,0.7990000247955322,0.0,-0.019999999552965164,-1.1200000047683716,-0.07660254091024399,-0.039727095514535904,-10.28369140625,-0.006731383502483368,0.009391478262841702,0.0022245810832828283,95.0,16.08300018310547
1776230176.368737,2026-04-15T05:16:16.368737,attack_square_gpsinput_drift,02,47.398064999999995,8.5463033,1.0450000762939453,0.8190000653266907,0.0,-0.009999999776482582,-1.1299999952316284,-0.07741609215736389,-0.04577169567346573,-10.193208694458008,-0.007955188862979412,0.011154106818139553,0.00037405735929496586,95.0,16.08300018310547
1776230176.4749858,2026-04-15T05:16:16.474986,attack_square_gpsinput_drift,02,47.398064999999995,8.5463033,1.0660001039505005,0.8400000333786011,0.0,-0.009999999776482582,-1.1299999952316284,-0.07440456002950668,-0.04509463906288147,-10.118352890014648,-0.008107634261250496,0.011022081598639488,0.0030330170411616564,95.0,16.08300018310547
1776230176.5778987,2026-04-15T05:16:16.577899,attack_square_gpsinput_drift,02,47.398064999999995,8.5463033,1.1110000610351562,0.8850000500679016,0.0,0.0,-1.1399999856948853,-0.06281470507383347,-0.043411482125520706,-9.913079261779785,-0.007002963684499264,0.0073753464967012405,0.0010158298537135124,95.0,16.08300018310547
1776230176.6800616,2026-04-15T05:16:16.680062,attack_square_gpsinput_drift,02,47.398064999999995,8.5463033,1.1110000610351562,0.8850000500679016,0.0,0.0,-1.1399999856948853,-0.06281470507383347,-0.043411482125520706,-9.913079261779785,-0.007002963684499264,0.0073753464967012405,0.0010158298537135124,95.0,16.08300018310547
1776230176.7817647,2026-04-15T05:16:16.781765,attack_square_gpsinput_drift,02,47.398064999999995,8.5463033,1.1320000886917114,0.9050000309944153,0.0,0.0,-1.1399999856948853,-0.07597954571247101,-0.04507659375667572,-9.820146560668945,-0.005591744557023048,0.00800557155162096,0.0013814062112942338,95.0,16.08300018310547
1776230176.890617,2026-04-15T05:16:16.890617,attack_square_gpsinput_drift,02,47.398064999999995,8.5463033,1.1630001068115234,0.937000036239624,0.0,0.0,-1.1399999856948853,-0.08632045984268188,-0.04273921251296997,-9.757113456726074,-0.004888481460511684,0.008376620709896088,0.0015002882573753595,95.0,16.08300018310547
1776230176.9920163,2026-04-15T05:16:16.992016,attack_square_gpsinput_drift,02,47.398064999999995,8.5463033,1.1630001068115234,0.937000036239624,0.0,0.0,-1.1399999856948853,-0.08632045984268188,-0.04273921251296997,-9.757113456726074,-0.004888481460511684,0.008376620709896088,0.0015002882573753595,95.0,16.08300018310547
1776230177.0938041,2026-04-15T05:16:17.093804,attack_square_gpsinput_drift,02,47.398064999999995,8.5463033,1.184000015258789,0.9580000638961792,0.0,0.0,-1.1399999856948853,-0.08192085474729538,-0.0425681434571743,-9.760268211364746,-0.005187751725316048,0.008306054398417473,0.0011560785351321101,95.0,16.08300018310547
1776230177.1958723,2026-04-15T05:16:17.195872,attack_square_gpsinput_drift,02,47.398064999999995,8.5463033,1.215000033378601,0.9890000224113464,0.0,0.0,-1.1399999856948853,-0.07846879959106445,-0.04865965247154236,-9.748437881469727,-0.006161323748528957,0.010119290091097355,0.00150324369315058,95.0,16.08300018310547
1776230177.2991993,2026-04-15T05:16:17.299199,attack_square_gpsinput_drift,02,47.398064999999995,8.5463033,1.2370001077651978,1.0099999904632568,0.0,0.009999999776482582,-1.1399999856948853,-0.07470212131738663,-0.04479097202420235,-9.794357299804688,-0.007976365275681019,0.008763546124100685,0.002138680312782526,95.0,16.08300018310547
1776230177.4009454,2026-04-15T05:16:17.400945,attack_square_gpsinput_drift,02,47.398064999999995,8.5463033,1.2680000066757202,1.0420000553131104,0.0,0.009999999776482582,-1.149999976158142,-0.07134927064180374,-0.04624246433377266,-9.797565460205078,-0.010691179893910885,0.010280195623636246,0.0016841772012412548,95.0,16.08300018310547
1776230177.5077143,2026-04-15T05:16:17.507714,attack_square_gpsinput_drift,02,47.398064999999995,8.5463033,1.2790000438690186,1.0530000925064087,0.0,0.009999999776482582,-1.149999976158142,-0.07380361109972,-0.0425407811999321,-9.828718185424805,-0.010147226974368095,0.010920168831944466,0.0029183742590248585,95.0,16.08300018310547
1776230177.6100013,2026-04-15T05:16:17.610001,attack_square_gpsinput_drift,02,47.398064999999995,8.5463033,1.290000081062317,1.0640000104904175,0.0,0.009999999776482582,-1.149999976158142,-0.0828520879149437,-0.04726337641477585,-9.835535049438477,-0.009868358261883259,0.011507567018270493,0.001574844354763627,95.0,16.08300018310547
1776230177.7186224,2026-04-15T05:16:17.718622,attack_square_gpsinput_drift,02,47.398064999999995,8.5463033,1.290000081062317,1.0640000104904175,0.0,0.009999999776482582,-1.149999976158142,-0.0828520879149437,-0.04726337641477585,-9.835535049438477,-0.009868358261883259,0.011507567018270493,0.001574844354763627,95.0,16.08300018310547
1776230177.8249807,2026-04-15T05:16:17.824981,attack_square_gpsinput_drift,02,47.398064999999995,8.5463033,1.3130000829696655,1.0860000848770142,0.0,0.019999999552965164,-1.149999976158142,-0.07478713989257812,-0.040717244148254395,-9.867382049560547,-0.009727749973535538,0.011945297010242939,0.002597930608317256,95.0,16.08300018310547
1776230177.9318902,2026-04-15T05:16:17.931890,attack_square_gpsinput_drift,02,47.398064999999995,8.5463033,1.3620001077651978,1.1360000371932983,0.0,0.019999999552965164,-1.149999976158142,-0.08035910874605179,-0.052239254117012024,-9.925929069519043,-0.009582347236573696,0.012697638012468815,0.0017820410430431366,95.0,16.08300018310547
1776230178.0350268,2026-04-15T05:16:18.035027,attack_square_gpsinput_drift,02,47.398064999999995,8.5463033,1.3880000114440918,1.162000060081482,0.0,0.029999999329447746,-1.159999966621399,-0.08789979666471481,-0.04642737656831741,-9.907743453979492,-0.01057096105068922,0.011235971003770828,0.0021508296485990286,95.0,16.08300018310547
1776230178.140356,2026-04-15T05:16:18.140356,attack_square_gpsinput_drift,02,47.398064999999995,8.5463033,1.4310001134872437,1.2050000429153442,0.0,0.029999999329447746,-1.159999966621399,-0.08638478070497513,-0.0513933040201664,-9.881962776184082,-0.012212388217449188,0.011378723196685314,0.0015816211234778166,95.0,16.08300018310547
1776230178.2452185,2026-04-15T05:16:18.245219,attack_square_gpsinput_drift,02,47.398064999999995,8.5463034,1.467000126838684,1.2410000562667847,0.0,0.03999999910593033,-1.159999966621399,-0.08132560551166534,-0.05053943023085594,-9.931368827819824,-0.013064918108284473,0.012240639887750149,0.002802559407427907,95.0,16.08300018310547
1776230178.3509712,2026-04-15T05:16:18.350971,attack_square_gpsinput_drift,02,47.398064999999995,8.5463034,1.467000126838684,1.2410000562667847,0.0,0.03999999910593033,-1.159999966621399,-0.08132560551166534,-0.05053943023085594,-9.931368827819824,-0.013064918108284473,0.012240639887750149,0.002802559407427907,95.0,16.08300018310547
1776230178.459732,2026-04-15T05:16:18.459732,attack_square_gpsinput_drift,02,47.398064999999995,8.5463034,1.4980000257492065,1.2720000743865967,0.0,0.03999999910593033,-1.1699999570846558,-0.08041492849588394,-0.04796335846185684,-9.88111686706543,-0.01331053115427494,0.01388320792466402,0.002213282510638237,95.0,16.08300018310547
1776230178.5630264,2026-04-15T05:16:18.563026,attack_square_gpsinput_drift,02,47.398064999999995,8.5463034,1.5090000629425049,1.2820000648498535,0.0,0.03999999910593033,-1.1699999570846558,-0.07334254682064056,-0.046277567744255066,-9.882635116577148,-0.013422978110611439,0.01376808900386095,0.000870916061103344,92.0,16.023000717163086
1776230178.6659899,2026-04-15T05:16:18.665990,attack_square_gpsinput_drift,02,47.398064999999995,8.5463034,1.5410001277923584,1.315000057220459,0.0,0.04999999701976776,-1.1699999570846558,-0.08450722694396973,-0.050679761916399,-9.946684837341309,-0.014965028502047062,0.016608070582151413,0.0004667401371989399,92.0,16.023000717163086
1776230178.7670338,2026-04-15T05:16:18.767034,attack_square_gpsinput_drift,02,47.398064999999995,8.5463034,1.5520000457763672,1.3260000944137573,0.0,0.04999999701976776,-1.1699999570846558,-0.08143589645624161,-0.052208948880434036,-9.933914184570312,-0.012913915328681469,0.01882089674472809,0.000793405226431787,92.0,16.023000717163086
1776230178.8696866,2026-04-15T05:16:18.869687,attack_square_gpsinput_drift,02,47.398064999999995,8.5463034,1.596000075340271,1.3700001239776611,0.0,0.04999999701976776,-1.1999999284744263,-0.0777190625667572,-0.05224698409438133,-9.899572372436523,-0.014326301403343678,0.019832557067275047,0.0013172143371775746,92.0,16.023000717163086
1776230178.9759626,2026-04-15T05:16:18.975963,attack_square_gpsinput_drift,02,47.398064999999995,8.5463034,1.596000075340271,1.3700001239776611,0.0,0.04999999701976776,-1.1999999284744263,-0.0777190625667572,-0.05224698409438133,-9.899572372436523,-0.014326301403343678,0.019832557067275047,0.0013172143371775746,92.0,16.023000717163086
1776230179.078167,2026-04-15T05:16:19.078167,attack_square_gpsinput_drift,02,47.398064999999995,8.5463034,1.6180000305175781,1.3920000791549683,0.0,0.04999999701976776,-1.2200000286102295,-0.09053117781877518,-0.05557484179735184,-9.812398910522461,-0.015808308497071266,0.019145658239722252,0.0011123517761006951,92.0,16.023000717163086
1776230179.1846108,2026-04-15T05:16:19.184611,attack_square_gpsinput_drift,02,47.398064999999995,8.5463034,1.6400001049041748,1.4140000343322754,0.0,0.05999999865889549,-1.2300000190734863,-0.07909267395734787,-0.045520979911088943,-9.776758193969727,-0.014622999355196953,0.01867031119763851,0.0018805918516591191,92.0,16.023000717163086
1776230179.2896376,2026-04-15T05:16:19.289638,attack_square_gpsinput_drift,02,47.398064999999995,8.5463035,1.6730000972747803,1.446000099182129,0.0,0.05999999865889549,-1.2400000095367432,-0.0872921273112297,-0.05309999734163284,-9.736659049987793,-0.014582899399101734,0.018127089366316795,0.0012280158698558807,92.0,16.023000717163086
1776230179.3928885,2026-04-15T05:16:19.392889,attack_square_gpsinput_drift,02,47.398064999999995,8.5463035,1.6950000524520874,1.4690001010894775,0.0,0.05999999865889549,-1.2400000095367432,-0.08158979564905167,-0.04247545823454857,-9.716129302978516,-0.013762010261416435,0.018501849845051765,0.0013740835711359978,92.0,16.023000717163086
1776230179.494709,2026-04-15T05:16:19.494709,attack_square_gpsinput_drift,02,47.398064999999995,8.5463035,1.6950000524520874,1.4690001010894775,0.0,0.05999999865889549,-1.2400000095367432,-0.08020037412643433,-0.05165408179163933,-9.662158966064453,-0.016061345115303993,0.01896715722978115,0.0021772105246782303,92.0,16.023000717163086
1776230179.5962837,2026-04-15T05:16:19.596284,attack_square_gpsinput_drift,02,47.398064999999995,8.5463035,1.7500001192092896,1.5240000486373901,0.0,0.07000000029802322,-1.25,-0.08540736138820648,-0.055037952959537506,-9.657934188842773,-0.01275233831256628,0.020352277904748917,0.0008307823445647955,92.0,16.023000717163086
1776230179.6987257,2026-04-15T05:16:19.698726,attack_square_gpsinput_drift,02,47.398064999999995,8.5463035,1.7500001192092896,1.5240000486373901,0.0,0.07000000029802322,-1.25,-0.08540736138820648,-0.055037952959537506,-9.657934188842773,-0.01275233831256628,0.020352277904748917,0.0008307823445647955,92.0,16.023000717163086
1776230179.8009293,2026-04-15T05:16:19.800929,attack_square_gpsinput_drift,02,47.398064999999995,8.5463035,1.7720000743865967,1.5460001230239868,0.0,0.07000000029802322,-1.2599999904632568,-0.08130161464214325,-0.0442064069211483,-9.651498794555664,-0.012158459052443504,0.02005741558969021,0.002164676785469055,92.0,16.023000717163086
1776230179.9038022,2026-04-15T05:16:19.903802,attack_square_gpsinput_drift,02,47.398064999999995,8.5463036,1.8070000410079956,1.5810000896453857,0.0,0.07000000029802322,-1.2599999904632568,-0.08771122992038727,-0.04526204615831375,-9.587234497070312,-0.01267983578145504,0.01965229958295822,0.0007545166881754994,92.0,16.023000717163086
1776230180.0050328,2026-04-15T05:16:20.005033,attack_square_gpsinput_drift,02,47.398064999999995,8.5463036,1.8310000896453857,1.6040000915527344,0.0,0.07000000029802322,-1.2599999904632568,-0.07601331919431686,-0.052512675523757935,-9.594551086425781,-0.012634159997105598,0.018380729481577873,0.0018963620532304049,92.0,16.023000717163086
1776230180.108129,2026-04-15T05:16:20.108129,attack_square_gpsinput_drift,02,47.398064999999995,8.5463036,1.8540000915527344,1.628000020980835,0.0,0.07000000029802322,-1.2699999809265137,-0.08130083978176117,-0.05182816460728645,-9.62142562866211,-0.013545756228268147,0.019138148054480553,0.00010109451250173151,92.0,16.023000717163086
1776230180.2099648,2026-04-15T05:16:20.209965,attack_square_gpsinput_drift,02,47.398064999999995,8.5463036,1.8990000486373901,1.6730000972747803,0.0,0.07999999821186066,-1.2699999809265137,-0.0890541523694992,-0.04330107942223549,-9.61655044555664,-0.013731623999774456,0.01997184380888939,0.0006127720698714256,92.0,16.023000717163086
1776230180.313022,2026-04-15T05:16:20.313022,attack_square_gpsinput_drift,02,47.398064999999995,8.5463037,1.9220000505447388,1.696000099182129,0.009999999776482582,0.07999999821186066,-1.2699999809265137,-0.07802211493253708,-0.05002741143107414,-9.581367492675781,-0.01319137867540121,0.020162496715784073,0.0009722363902255893,92.0,16.023000717163086
1776230180.4182255,2026-04-15T05:16:20.418226,attack_square_gpsinput_drift,02,47.398064999999995,8.5463037,1.9220000505447388,1.696000099182129,0.009999999776482582,0.07999999821186066,-1.2699999809265137,-0.07802211493253708,-0.05002741143107414,-9.581367492675781,-0.01319137867540121,0.020162496715784073,0.0009722363902255893,92.0,16.023000717163086
1776230180.5306711,2026-04-15T05:16:20.530671,attack_square_gpsinput_drift,02,47.398064999999995,8.5463037,1.9570001363754272,1.7300001382827759,0.009999999776482582,0.07999999821186066,-1.2699999809265137,-0.089714415371418,-0.05223398655653,-9.62592887878418,-0.013524604961276054,0.01991421729326248,0.0001505925611127168,92.0,16.023000717163086
1776230180.6320753,2026-04-15T05:16:20.632075,attack_square_gpsinput_drift,02,47.398064999999995,8.5463037,1.968000054359436,1.7420001029968262,0.009999999776482582,0.07999999821186066,-1.2699999809265137,-0.08628340810537338,-0.05157291144132614,-9.626293182373047,-0.013147040270268917,0.01937311887741089,0.0017604357562959194,92.0,16.023000717163086
1776230180.7503338,2026-04-15T05:16:20.750334,attack_square_gpsinput_drift,02,47.398064999999995,8.5463037,2.002000093460083,1.7760001420974731,0.009999999776482582,0.07999999821186066,-1.2699999809265137,-0.0818251520395279,-0.05341725051403046,-9.631753921508789,-0.013562770560383797,0.019691364839673042,0.0004941904917359352,92.0,16.023000717163086
1776230180.8524454,2026-04-15T05:16:20.852445,attack_square_gpsinput_drift,02,47.398064999999995,8.5463038,2.0360000133514404,1.8100000619888306,0.009999999776482582,0.07999999821186066,-1.2699999809265137,-0.08848383277654648,-0.050725407898426056,-9.647077560424805,-0.01202748715877533,0.0192806888371706,0.0006864912575110793,92.0,16.023000717163086
1776230180.9537277,2026-04-15T05:16:20.953728,attack_square_gpsinput_drift,02,47.398064999999995,8.5463038,2.058000087738037,1.8320001363754272,0.009999999776482582,0.08999999612569809,-1.2699999809265137,-0.08776044100522995,-0.04307914897799492,-9.660112380981445,-0.01052714604884386,0.02030177228152752,7.829762762412429e-05,92.0,16.023000717163086
1776230181.0598638,2026-04-15T05:16:21.059864,attack_square_gpsinput_drift,02,47.398064999999995,8.5463038,2.0810000896453857,1.8550001382827759,0.009999999776482582,0.08999999612569809,-1.2699999809265137,-0.08492786437273026,-0.04961926117539406,-9.679999351501465,-0.011032933369278908,0.02052798680961132,0.00046842804295010865,92.0,16.023000717163086
1776230181.169683,2026-04-15T05:16:21.169683,attack_square_gpsinput_drift,02,47.398064999999995,8.5463038,2.116000175476074,1.8900001049041748,0.009999999776482582,0.08999999612569809,-1.2699999809265137,-0.08959775418043137,-0.05325886607170105,-9.654077529907227,-0.012586355209350586,0.020553605630993843,0.0018264895770698786,92.0,16.023000717163086
1776230181.2768447,2026-04-15T05:16:21.276845,attack_square_gpsinput_drift,02,47.398064999999995,8.5463039,2.139000177383423,1.912000060081482,0.009999999776482582,0.08999999612569809,-1.2699999809265137,-0.08272107690572739,-0.05524200201034546,-9.646510124206543,-0.012948809191584587,0.018769338726997375,-0.0002697851450648159,92.0,16.023000717163086
1776230181.3799176,2026-04-15T05:16:21.379918,attack_square_gpsinput_drift,02,47.398064999999995,8.5463039,2.139000177383423,1.912000060081482,0.009999999776482582,0.08999999612569809,-1.2699999809265137,-0.08272107690572739,-0.05524200201034546,-9.646510124206543,-0.012948809191584587,0.018769338726997375,-0.0002697851450648159,92.0,16.023000717163086
1776230181.4848635,2026-04-15T05:16:21.484864,attack_square_gpsinput_drift,02,47.398064999999995,8.5463039,2.1720001697540283,1.946000099182129,0.009999999776482582,0.08999999612569809,-1.2699999809265137,-0.09215012192726135,-0.05003375560045242,-9.696130752563477,-0.011517644859850407,0.01768137514591217,0.00040566021925769746,92.0,16.023000717163086
1776230181.588882,2026-04-15T05:16:21.588882,attack_square_gpsinput_drift,02,47.398064999999995,8.5463039,2.1720001697540283,1.946000099182129,0.009999999776482582,0.08999999612569809,-1.2699999809265137,-0.09215012192726135,-0.05003375560045242,-9.696130752563477,-0.011517644859850407,0.01768137514591217,0.00040566021925769746,92.0,16.023000717163086
1776230181.691182,2026-04-15T05:16:21.691182,attack_square_gpsinput_drift,02,47.398064999999995,8.5463039,2.1720001697540283,1.946000099182129,0.009999999776482582,0.08999999612569809,-1.2699999809265137,-0.09215012192726135,-0.05003375560045242,-9.696130752563477,-0.011517644859850407,0.01768137514591217,0.00040566021925769746,92.0,16.023000717163086
1776230181.7952845,2026-04-15T05:16:21.795285,attack_square_gpsinput_drift,02,47.398064999999995,8.546304,2.2269999980926514,2.001000165939331,0.009999999776482582,0.08999999612569809,-1.2699999809265137,-0.08017486333847046,-0.05105835199356079,-9.763038635253906,-0.011223184876143932,0.018326444551348686,0.0011706043733283877,92.0,16.023000717163086
1776230181.9009526,2026-04-15T05:16:21.900953,attack_square_gpsinput_drift,02,47.398064999999995,8.546304,2.261000156402588,2.0340001583099365,0.009999999776482582,0.08999999612569809,-1.2699999809265137,-0.08151157945394516,-0.0532834567129612,-9.766679763793945,-0.010952487587928772,0.01868356391787529,0.0002907746529672295,92.0,16.023000717163086
1776230182.0050802,2026-04-15T05:16:22.005080,attack_square_gpsinput_drift,02,47.398064999999995,8.546304,2.2829999923706055,2.057000160217285,0.009999999776482582,0.08999999612569809,-1.2699999809265137,-0.0825130045413971,-0.05426323413848877,-9.749098777770996,-0.009651931002736092,0.01830664835870266,0.0010392372496426105,92.0,16.023000717163086
1776230182.107245,2026-04-15T05:16:22.107245,attack_square_gpsinput_drift,02,47.398064999999995,8.546304,2.2829999923706055,2.057000160217285,0.009999999776482582,0.08999999612569809,-1.2699999809265137,-0.09241652488708496,-0.05411596968770027,-9.796110153198242,-0.009717646986246109,0.017446890473365784,0.0011161740403622389,92.0,16.023000717163086
1776230182.2109947,2026-04-15T05:16:22.210995,attack_square_gpsinput_drift,02,47.398064999999995,8.5463041,2.3390002250671387,2.111999988555908,0.009999999776482582,0.08999999612569809,-1.2699999809265137,-0.08725956082344055,-0.049463771283626556,-9.751934051513672,-0.008879960514605045,0.017615394666790962,0.0015373012283816934,92.0,16.023000717163086
1776230182.3351448,2026-04-15T05:16:22.335145,attack_square_gpsinput_drift,02,47.398064999999995,8.5463041,2.372000217437744,2.1460001468658447,0.009999999776482582,0.08999999612569809,-1.2699999809265137,-0.0957990288734436,-0.04824034869670868,-9.771992683410645,-0.008053007535636425,0.015612879768013954,0.0010095132747665048,92.0,16.023000717163086
1776230182.4450135,2026-04-15T05:16:22.445014,attack_square_gpsinput_drift,02,47.398064999999995,8.5463041,2.372000217437744,2.1460001468658447,0.009999999776482582,0.08999999612569809,-1.2699999809265137,-0.0957990288734436,-0.04824034869670868,-9.771992683410645,-0.008053007535636425,0.015612879768013954,0.0010095132747665048,92.0,16.023000717163086
1776230182.5481055,2026-04-15T05:16:22.548105,attack_square_gpsinput_drift,02,47.398064999999995,8.5463041,2.3940000534057617,2.1680002212524414,0.009999999776482582,0.08999999612569809,-1.2699999809265137,-0.08230489492416382,-0.056595124304294586,-9.778876304626465,-0.009613454341888428,0.014987640082836151,0.001587473787367344,92.0,16.023000717163086
1776230182.6530333,2026-04-15T05:16:22.653033,attack_square_gpsinput_drift,02,47.398064999999995,8.5463041,2.427000045776367,2.201000213623047,0.009999999776482582,0.08999999612569809,-1.2699999809265137,-0.10324342548847198,-0.06165438890457153,-9.820758819580078,-0.0070762331597507,0.01482818741351366,0.0009422567673027515,92.0,16.023000717163086
1776230182.7541995,2026-04-15T05:16:22.754200,attack_square_gpsinput_drift,02,47.398064999999995,8.5463041,2.427000045776367,2.201000213623047,0.009999999776482582,0.08999999612569809,-1.2699999809265137,-0.10324342548847198,-0.06165438890457153,-9.820758819580078,-0.0070762331597507,0.01482818741351366,0.0009422567673027515,92.0,16.023000717163086
1776230182.857726,2026-04-15T05:16:22.857726,attack_square_gpsinput_drift,02,47.3980651,8.5463041,2.450000047683716,2.2230000495910645,0.009999999776482582,0.08999999612569809,-1.2699999809265137,-0.08830679953098297,-0.04539146274328232,-9.808661460876465,-0.007057879585772753,0.01367154810577631,0.0016513578593730927,92.0,16.023000717163086
1776230182.9611804,2026-04-15T05:16:22.961180,attack_square_gpsinput_drift,02,47.3980651,8.5463042,2.4720001220703125,2.246000051498413,0.009999999776482582,0.08999999612569809,-1.2799999713897705,-0.09229588508605957,-0.05063416436314583,-9.818216323852539,-0.006374980788677931,0.012228110805153847,0.0007456868188455701,92.0,16.023000717163086
1776230183.0637777,2026-04-15T05:16:23.063778,attack_square_gpsinput_drift,02,47.3980651,8.5463042,2.505000114440918,2.2790000438690186,0.009999999776482582,0.08999999612569809,-1.2799999713897705,-0.09411163628101349,-0.057378314435482025,-9.836860656738281,-0.0050547500140964985,0.010816988535225391,0.0003844080783892423,92.0,16.023000717163086
1776230183.1651828,2026-04-15T05:16:23.165183,attack_square_gpsinput_drift,02,47.3980651,8.5463042,2.5370001792907715,2.311000108718872,0.009999999776482582,0.08999999612569809,-1.2799999713897705,-0.09173405170440674,-0.04892212897539139,-9.86395263671875,-0.005498494952917099,0.008399464190006256,0.0004917217884212732,92.0,16.023000717163086
1776230183.272054,2026-04-15T05:16:23.272054,attack_square_gpsinput_drift,02,47.3980651,8.5463043,2.6020002365112305,2.375,0.009999999776482582,0.08999999612569809,-1.2799999713897705,-0.08813448250293732,-0.04262963682413101,-9.847240447998047,-0.005998760927468538,0.008094647899270058,0.0003211955481674522,92.0,16.023000717163086
1776230183.3768225,2026-04-15T05:16:23.376822,attack_square_gpsinput_drift,02,47.3980651,8.5463043,2.6020002365112305,2.375,0.009999999776482582,0.08999999612569809,-1.2799999713897705,-0.08813448250293732,-0.04262963682413101,-9.847240447998047,-0.005998760927468538,0.008094647899270058,0.0003211955481674522,92.0,16.023000717163086
1776230183.4874434,2026-04-15T05:16:23.487443,attack_square_gpsinput_drift,02,47.3980651,8.5463043,2.623000144958496,2.3970000743865967,0.009999999776482582,0.08999999612569809,-1.2799999713897705,-0.0907449871301651,-0.054910946637392044,-9.843017578125,-0.005830083973705769,0.008742846548557281,0.00048655326827429235,92.0,16.023000717163086
1776230183.5929027,2026-04-15T05:16:23.592903,attack_square_gpsinput_drift,02,47.3980651,8.5463043,2.623000144958496,2.3970000743865967,0.009999999776482582,0.08999999612569809,-1.2799999713897705,-0.0907449871301651,-0.054910946637392044,-9.843017578125,-0.005830083973705769,0.008742846548557281,0.00048655326827429235,92.0,16.023000717163086
1776230183.6974514,2026-04-15T05:16:23.697451,attack_square_gpsinput_drift,02,47.3980651,8.5463043,2.6610000133514404,2.43500018119812,0.009999999776482582,0.08999999612569809,-1.2899999618530273,-0.09540250897407532,-0.0592477060854435,-9.876723289489746,-0.004979136865586042,0.00794909242540598,0.0014071171171963215,92.0,16.023000717163086
1776230183.7993731,2026-04-15T05:16:23.799373,attack_square_gpsinput_drift,02,47.3980651,8.5463043,2.6610000133514404,2.43500018119812,0.009999999776482582,0.08999999612569809,-1.2899999618530273,-0.09540250897407532,-0.0592477060854435,-9.876723289489746,-0.004979136865586042,0.00794909242540598,0.0014071171171963215,92.0,16.023000717163086
1776230183.902564,2026-04-15T05:16:23.902564,attack_square_gpsinput_drift,02,47.3980651,8.5463043,2.693000078201294,2.4670000076293945,0.009999999776482582,0.08999999612569809,-1.2899999618530273,-0.08567231893539429,-0.049648817628622055,-9.872048377990723,-0.0040516541339457035,0.007677866145968437,0.0011118972906842828,92.0,16.023000717163086
1776230184.006392,2026-04-15T05:16:24.006392,attack_square_gpsinput_drift,02,47.3980651,8.5463044,2.748000144958496,2.5220000743865967,0.009999999776482582,0.07999999821186066,-1.2899999618530273,-0.08940771222114563,-0.04642752557992935,-9.876227378845215,-0.004452238790690899,0.005762285087257624,0.0017648441717028618,92.0,16.023000717163086
1776230184.1141658,2026-04-15T05:16:24.114166,attack_square_gpsinput_drift,02,47.3980651,8.5463044,2.7700002193450928,2.5430002212524414,0.009999999776482582,0.07999999821186066,-1.2899999618530273,-0.08940771222114563,-0.04642752557992935,-9.876227378845215,-0.004452238790690899,0.005762285087257624,0.0017648441717028618,92.0,16.023000717163086
1776230184.2218847,2026-04-15T05:16:24.221885,attack_square_gpsinput_drift,02,47.3980651,8.5463044,2.7700002193450928,2.5430002212524414,0.009999999776482582,0.07999999821186066,-1.2899999618530273,-0.08940771222114563,-0.04642752557992935,-9.876227378845215,-0.004452238790690899,0.005762285087257624,0.0017648441717028618,92.0,16.023000717163086
1776230184.3241274,2026-04-15T05:16:24.324127,attack_square_gpsinput_drift,02,47.3980651,8.5463044,2.7920000553131104,2.56600022315979,0.009999999776482582,0.07999999821186066,-1.2999999523162842,-0.0893343836069107,-0.04893513396382332,-9.846145629882812,-0.005459727253764868,0.006816706154495478,0.00016062948270700872,92.0,16.023000717163086
1776230184.4258327,2026-04-15T05:16:24.425833,attack_square_gpsinput_drift,02,47.3980651,8.5463044,2.7920000553131104,2.56600022315979,0.009999999776482582,0.07999999821186066,-1.2999999523162842,-0.0893343836069107,-0.04893513396382332,-9.846145629882812,-0.005459727253764868,0.006816706154495478,0.00016062948270700872,92.0,16.023000717163086
1776230184.5329733,2026-04-15T05:16:24.532973,attack_square_gpsinput_drift,02,47.3980651,8.5463044,2.7920000553131104,2.56600022315979,0.009999999776482582,0.07999999821186066,-1.2999999523162842,-0.0893343836069107,-0.04893513396382332,-9.846145629882812,-0.005459727253764868,0.006816706154495478,0.00016062948270700872,92.0,16.023000717163086
1776230184.637237,2026-04-15T05:16:24.637237,attack_square_gpsinput_drift,02,47.3980651,8.5463044,2.825000047683716,2.5990002155303955,0.009999999776482582,0.07999999821186066,-1.2999999523162842,-0.08667001873254776,-0.05495872348546982,-9.878814697265625,-0.004979778081178665,0.005002872087061405,-0.0007734977407380939,92.0,16.023000717163086
1776230184.7398713,2026-04-15T05:16:24.739871,attack_square_gpsinput_drift,02,47.3980651,8.5463044,2.825000047683716,2.5990002155303955,0.009999999776482582,0.07999999821186066,-1.2999999523162842,-0.08667001873254776,-0.05495872348546982,-9.878814697265625,-0.004979778081178665,0.005002872087061405,-0.0007734977407380939,92.0,16.023000717163086
1776230184.8487792,2026-04-15T05:16:24.848779,attack_square_gpsinput_drift,02,47.3980651,8.5463045,2.8470001220703125,2.621000051498413,0.009999999776482582,0.07999999821186066,-1.309999942779541,-0.09404519945383072,-0.05275013670325279,-9.818089485168457,-0.004429010208696127,0.004290315788239241,0.00033652959973551333,92.0,16.023000717163086
1776230184.9514189,2026-04-15T05:16:24.951419,attack_square_gpsinput_drift,02,47.3980651,8.5463045,2.9010000228881836,2.6750001907348633,0.009999999776482582,0.07999999821186066,-1.309999942779541,-0.08978570252656937,-0.055748701095581055,-9.838298797607422,-0.0033349101431667805,0.003112032311037183,0.0015678401105105877,92.0,16.023000717163086
1776230185.085939,2026-04-15T05:16:25.085939,attack_square_gpsinput_drift,02,47.3980651,8.5463046,3.0200002193450928,2.7940001487731934,0.009999999776482582,0.07000000029802322,-1.3199999332427979,-0.09594212472438812,-0.05345444008708,-9.829986572265625,-0.004695184528827667,0.004579999949783087,0.0003000105789396912,92.0,16.023000717163086
1776230185.1870267,2026-04-15T05:16:25.187027,attack_square_gpsinput_drift,02,47.3980651,8.5463046,3.0200002193450928,2.7940001487731934,0.009999999776482582,0.07000000029802322,-1.3199999332427979,-0.09594212472438812,-0.05345444008708,-9.829986572265625,-0.004695184528827667,0.004579999949783087,0.0003000105789396912,92.0,16.023000717163086
1776230185.2887769,2026-04-15T05:16:25.288777,attack_square_gpsinput_drift,02,47.3980651,8.5463046,3.0420000553131104,2.81600022315979,0.009999999776482582,0.07000000029802322,-1.3199999332427979,-0.08591429889202118,-0.06153783202171326,-9.81576919555664,-0.0042291502468287945,0.0042648920789361,0.0004472731670830399,92.0,16.023000717163086
1776230185.3953278,2026-04-15T05:16:25.395328,attack_square_gpsinput_drift,02,47.3980651,8.5463046,3.075000047683716,2.8480000495910645,0.009999999776482582,0.07000000029802322,-1.3299999237060547,-0.0820765495300293,-0.048424895852804184,-9.836202621459961,-0.004849952179938555,0.0035480456426739693,0.00038073243922553957,92.0,16.023000717163086
1776230185.4967427,2026-04-15T05:16:25.496743,attack_square_gpsinput_drift,02,47.3980651,8.5463046,3.075000047683716,2.8480000495910645,0.009999999776482582,0.07000000029802322,-1.3299999237060547,-0.0820765495300293,-0.048424895852804184,-9.836202621459961,-0.004849952179938555,0.0035480456426739693,0.00038073243922553957,92.0,16.023000717163086
1776230185.6062653,2026-04-15T05:16:25.606265,attack_square_gpsinput_drift,02,47.3980651,8.5463046,3.0860002040863037,2.8590002059936523,0.009999999776482582,0.07000000029802322,-1.3299999237060547,-0.08887934684753418,-0.0507451593875885,-9.790294647216797,-0.003718974534422159,0.0031310038175433874,-4.013130092062056e-05,92.0,16.023000717163086
1776230185.7113547,2026-04-15T05:16:25.711355,attack_square_gpsinput_drift,02,47.3980651,8.5463047,3.118000030517578,2.892000198364258,0.009999999776482582,0.07000000029802322,-1.3299999237060547,-0.09215051680803299,-0.053935740143060684,-9.807220458984375,-0.002622622763738036,0.00284151965752244,-1.8352584447711706e-06,92.0,16.023000717163086
1776230185.8169959,2026-04-15T05:16:25.816996,attack_square_gpsinput_drift,02,47.3980651,8.5463047,3.118000030517578,2.892000198364258,0.009999999776482582,0.07000000029802322,-1.3299999237060547,-0.09215051680803299,-0.053935740143060684,-9.807220458984375,-0.002622622763738036,0.00284151965752244,-1.8352584447711706e-06,92.0,16.023000717163086
1776230185.9227743,2026-04-15T05:16:25.922774,attack_square_gpsinput_drift,02,47.3980651,8.5463047,3.1740002632141113,2.948000192642212,0.009999999776482582,0.07000000029802322,-1.3299999237060547,-0.09898360073566437,-0.05495757982134819,-9.842447280883789,-0.0016110122669488192,0.0035788489039987326,0.001447563525289297,92.0,16.023000717163086
1776230186.0379024,2026-04-15T05:16:26.037902,attack_square_gpsinput_drift,02,47.3980651,8.5463048,3.2800002098083496,3.05400013923645,0.009999999776482582,0.05999999865889549,-1.3399999141693115,-0.09168356657028198,-0.046284571290016174,-9.817697525024414,-0.0018948502838611603,0.001932437182404101,0.0008303425274789333,92.0,16.023000717163086
1776230186.1408806,2026-04-15T05:16:26.140881,attack_square_gpsinput_drift,02,47.3980651,8.5463048,3.2800002098083496,3.05400013923645,0.009999999776482582,0.05999999865889549,-1.3399999141693115,-0.09168356657028198,-0.046284571290016174,-9.817697525024414,-0.0018948502838611603,0.001932437182404101,0.0008303425274789333,92.0,16.023000717163086
1776230186.2491283,2026-04-15T05:16:26.249128,attack_square_gpsinput_drift,02,47.3980651,8.5463048,3.313000202178955,3.0870001316070557,0.009999999776482582,0.05999999865889549,-1.3399999141693115,-0.0854736715555191,-0.05391795188188553,-9.844146728515625,-0.0022453840356320143,0.0017693982226774096,0.001269335625693202,92.0,16.023000717163086
1776230186.3626273,2026-04-15T05:16:26.362627,attack_square_gpsinput_drift,02,47.3980651,8.5463048,3.3350002765655518,3.1090002059936523,0.009999999776482582,0.05999999865889549,-1.3399999141693115,-0.08649949729442596,-0.043357014656066895,-9.829192161560059,-0.0011630886001512408,0.0011176720727235079,0.00022592037566937506,92.0,16.023000717163086
1776230186.4709508,2026-04-15T05:16:26.470951,attack_square_gpsinput_drift,02,47.3980651,8.5463048,3.3350002765655518,3.1090002059936523,0.009999999776482582,0.05999999865889549,-1.3399999141693115,-0.0778835117816925,-0.05090795457363129,-9.807549476623535,-0.0009344848222099245,0.003037943271920085,0.001335760811343789,92.0,16.023000717163086
1776230186.573056,2026-04-15T05:16:26.573056,attack_square_gpsinput_drift,02,47.3980651,8.5463048,3.373000144958496,3.1470000743865967,0.009999999776482582,0.05999999865889549,-1.3399999141693115,-0.0778835117816925,-0.05090795457363129,-9.807549476623535,-0.0009344848222099245,0.003037943271920085,0.001335760811343789,92.0,16.023000717163086
1776230186.6935477,2026-04-15T05:16:26.693548,attack_square_gpsinput_drift,02,47.3980651,8.5463048,3.373000144958496,3.1470000743865967,0.009999999776482582,0.05999999865889549,-1.3399999141693115,-0.0778835117816925,-0.05090795457363129,-9.807549476623535,-0.0009344848222099245,0.003037943271920085,0.001335760811343789,92.0,16.023000717163086
1776230186.7960906,2026-04-15T05:16:26.796091,attack_square_gpsinput_drift,02,47.3980651,8.5463048,3.3950002193450928,3.1690001487731934,0.009999999776482582,0.05999999865889549,-1.3399999141693115,-0.08062002062797546,-0.05555390939116478,-9.832504272460938,-0.00018048027413897216,0.003900728886947036,0.000659144832752645,92.0,16.023000717163086
1776230186.9012434,2026-04-15T05:16:26.901243,attack_square_gpsinput_drift,02,47.3980651,8.5463048,3.3950002193450928,3.1690001487731934,0.009999999776482582,0.05999999865889549,-1.3399999141693115,-0.08062002062797546,-0.05555390939116478,-9.832504272460938,-0.00018048027413897216,0.003900728886947036,0.000659144832752645,92.0,16.023000717163086
1776230187.0079143,2026-04-15T05:16:27.007914,attack_square_gpsinput_drift,02,47.3980651,8.5463048,3.3950002193450928,3.1690001487731934,0.009999999776482582,0.05999999865889549,-1.3399999141693115,-0.08062002062797546,-0.05555390939116478,-9.832504272460938,-0.00018048027413897216,0.003900728886947036,0.000659144832752645,92.0,16.023000717163086
1776230187.1100779,2026-04-15T05:16:27.110078,attack_square_gpsinput_drift,02,47.3980651,8.5463048,3.4170000553131104,3.19100022315979,0.009999999776482582,0.05999999865889549,-1.3399999141693115,-0.08121509850025177,-0.04748842120170593,-9.804683685302734,-0.0006009096396155655,0.002893236465752125,0.0016090228455141187,92.0,16.023000717163086
1776230187.2152467,2026-04-15T05:16:27.215247,attack_square_gpsinput_drift,02,47.3980651,8.5463048,3.4170000553131104,3.19100022315979,0.009999999776482582,0.05999999865889549,-1.3399999141693115,-0.08121509850025177,-0.04748842120170593,-9.804683685302734,-0.0006009096396155655,0.002893236465752125,0.0016090228455141187,92.0,16.023000717163086
1776230187.3227143,2026-04-15T05:16:27.322714,attack_square_gpsinput_drift,02,47.3980651,8.546304899999999,3.445000171661377,3.2190001010894775,0.009999999776482582,0.05999999865889549,-1.3399999141693115,-0.08592258393764496,-0.0511498749256134,-9.884122848510742,0.0011536740930750966,0.0034191429149359465,0.00016206616419367492,92.0,16.023000717163086
1776230187.4257421,2026-04-15T05:16:27.425742,attack_square_gpsinput_drift,02,47.3980651,8.546304899999999,3.4780001640319824,3.252000093460083,0.009999999776482582,0.05999999865889549,-1.350000023841858,-0.08764198422431946,-0.05561981350183487,-9.915769577026367,0.0016067491378635168,0.0032655533868819475,0.0006234954344108701,92.0,16.023000717163086
1776230187.527716,2026-04-15T05:16:27.527716,attack_square_gpsinput_drift,02,47.3980651,8.546304899999999,3.4780001640319824,3.252000093460083,0.009999999776482582,0.05999999865889549,-1.350000023841858,-0.08764198422431946,-0.05561981350183487,-9.915769577026367,0.0016067491378635168,0.0032655533868819475,0.0006234954344108701,92.0,16.023000717163086
1776230187.628945,2026-04-15T05:16:27.628945,attack_square_gpsinput_drift,02,47.3980651,8.546304899999999,3.500000238418579,3.2740001678466797,0.009999999776482582,0.05999999865889549,-1.350000023841858,-0.08665478229522705,-0.0564393475651741,-9.839029312133789,0.0018542093457654119,0.0021657345350831747,0.0003389710618648678,92.0,16.023000717163086
1776230187.7358744,2026-04-15T05:16:27.735874,attack_square_gpsinput_drift,02,47.3980651,8.546304899999999,3.500000238418579,3.2740001678466797,0.009999999776482582,0.05999999865889549,-1.350000023841858,-0.08665478229522705,-0.0564393475651741,-9.839029312133789,0.0018542093457654119,0.0021657345350831747,0.0003389710618648678,92.0,16.023000717163086
1776230187.8416605,2026-04-15T05:16:27.841660,attack_square_gpsinput_drift,02,47.3980651,8.546304899999999,3.500000238418579,3.2740001678466797,0.009999999776482582,0.05999999865889549,-1.350000023841858,-0.08665478229522705,-0.0564393475651741,-9.839029312133789,0.0018542093457654119,0.0021657345350831747,0.0003389710618648678,92.0,16.023000717163086
1776230187.947025,2026-04-15T05:16:27.947025,attack_square_gpsinput_drift,02,47.3980651,8.546304899999999,3.500000238418579,3.2740001678466797,0.009999999776482582,0.05999999865889549,-1.350000023841858,-0.08665478229522705,-0.0564393475651741,-9.839029312133789,0.0018542093457654119,0.0021657345350831747,0.0003389710618648678,92.0,16.023000717163086
1776230188.0490456,2026-04-15T05:16:28.049046,attack_square_gpsinput_drift,02,47.3980651,8.546304899999999,3.500000238418579,3.2740001678466797,0.009999999776482582,0.05999999865889549,-1.350000023841858,-0.08665478229522705,-0.0564393475651741,-9.839029312133789,0.0018542093457654119,0.0021657345350831747,0.0003389710618648678,92.0,16.023000717163086
1776230188.151896,2026-04-15T05:16:28.151896,attack_square_gpsinput_drift,02,47.3980651,8.546304899999999,3.556000232696533,3.330000162124634,0.009999999776482582,0.04999999701976776,-1.350000023841858,-0.09056650102138519,-0.03998540714383125,-9.844106674194336,0.0009940008167177439,0.0015460284193977714,0.0005967970937490463,92.0,16.023000717163086
1776230188.3149638,2026-04-15T05:16:28.314964,attack_square_gpsinput_drift,02,47.3980651,8.546304899999999,3.556000232696533,3.330000162124634,0.009999999776482582,0.04999999701976776,-1.350000023841858,-0.09056650102138519,-0.03998540714383125,-9.844106674194336,0.0009940008167177439,0.0015460284193977714,0.0005967970937490463,92.0,16.023000717163086
1776230188.4178581,2026-04-15T05:16:28.417858,attack_square_gpsinput_drift,02,47.3980651,8.546304899999999,3.556000232696533,3.330000162124634,0.009999999776482582,0.04999999701976776,-1.350000023841858,-0.09056650102138519,-0.03998540714383125,-9.844106674194336,0.0009940008167177439,0.0015460284193977714,0.0005967970937490463,92.0,16.023000717163086
1776230188.5230963,2026-04-15T05:16:28.523096,attack_square_gpsinput_drift,02,47.3980651,8.546304899999999,3.578000068664551,3.3520002365112305,0.009999999776482582,0.04999999701976776,-1.350000023841858,-0.09321846067905426,-0.05126633495092392,-9.883877754211426,0.0007899419870227575,0.0009156418382190168,0.0006944817723706365,92.0,16.023000717163086
1776230188.626869,2026-04-15T05:16:28.626869,attack_square_gpsinput_drift,02,47.3980651,8.546304899999999,3.578000068664551,3.3520002365112305,0.009999999776482582,0.04999999701976776,-1.350000023841858,-0.09321846067905426,-0.05126633495092392,-9.883877754211426,0.0007899419870227575,0.0009156418382190168,0.0006944817723706365,92.0,16.023000717163086
1776230188.7296576,2026-04-15T05:16:28.729658,attack_square_gpsinput_drift,02,47.3980651,8.546304899999999,3.6010000705718994,3.375000238418579,0.009999999776482582,0.04999999701976776,-1.350000023841858,-0.08822546899318695,-0.045972589403390884,-9.8561372756958,0.0007402670453302562,0.0011664575431495905,0.0010741070145741105,92.0,16.023000717163086
1776230188.8319497,2026-04-15T05:16:28.831950,attack_square_gpsinput_drift,02,47.3980651,8.546304899999999,3.6010000705718994,3.375000238418579,0.009999999776482582,0.04999999701976776,-1.350000023841858,-0.08822546899318695,-0.045972589403390884,-9.8561372756958,0.0007402670453302562,0.0011664575431495905,0.0010741070145741105,92.0,16.023000717163086
1776230188.9353294,2026-04-15T05:16:28.935329,attack_square_gpsinput_drift,02,47.3980651,8.546305,3.634000062942505,3.4080002307891846,0.009999999776482582,0.04999999701976776,-1.350000023841858,-0.08600203692913055,-0.05699397996068001,-9.874113082885742,0.0013147399295121431,-0.000749781436752528,0.00016020864131860435,92.0,16.023000717163086
1776230189.0395246,2026-04-15T05:16:29.039525,attack_square_gpsinput_drift,02,47.3980651,8.546305,3.634000062942505,3.4080002307891846,0.009999999776482582,0.04999999701976776,-1.350000023841858,-0.08600203692913055,-0.05699397996068001,-9.874113082885742,0.0013147399295121431,-0.000749781436752528,0.00016020864131860435,92.0,16.023000717163086
1776230189.141113,2026-04-15T05:16:29.141113,attack_square_gpsinput_drift,02,47.3980651,8.546305,3.6570000648498535,3.431000232696533,0.009999999776482582,0.04999999701976776,-1.3600000143051147,-0.08727583289146423,-0.05353090912103653,-9.868127822875977,0.0013750920770689845,-0.0017804901581257582,0.00045201348257251084,92.0,16.023000717163086
1776230189.244844,2026-04-15T05:16:29.244844,attack_square_gpsinput_drift,02,47.3980651,8.546305,3.67900013923645,3.453000068664551,0.009999999776482582,0.04999999701976776,-1.3600000143051147,-0.08875735104084015,-0.05617930740118027,-9.831472396850586,0.0009222393855452538,-0.0023051570169627666,0.0002845608105417341,92.0,16.023000717163086
1776230189.3502398,2026-04-15T05:16:29.350240,attack_square_gpsinput_drift,02,47.3980651,8.546305,3.7130000591278076,3.4870002269744873,0.009999999776482582,0.04999999701976776,-1.3600000143051147,-0.09134188294410706,-0.05093681812286377,-9.890110969543457,0.001976106548681855,-0.0016615864587947726,0.0001364839554298669,92.0,16.023000717163086
1776230189.452005,2026-04-15T05:16:29.452005,attack_square_gpsinput_drift,02,47.3980651,8.546305,3.7350001335144043,3.509000062942505,0.009999999776482582,0.03999999910593033,-1.3600000143051147,-0.08095413446426392,-0.04877631366252899,-9.874669075012207,0.002724297344684601,0.00018818539683707058,0.00033225552760995924,92.0,16.023000717163086
1776230189.5625458,2026-04-15T05:16:29.562546,attack_square_gpsinput_drift,02,47.3980651,8.546305,3.758000135421753,3.5320000648498535,0.009999999776482582,0.03999999910593033,-1.3600000143051147,-0.0889304131269455,-0.05387713760137558,-9.846298217773438,0.0027797678485512733,0.002187813399359584,0.00013850911636836827,92.0,16.023000717163086
1776230189.664894,2026-04-15T05:16:29.664894,attack_square_gpsinput_drift,02,47.3980651,8.546305,3.758000135421753,3.5320000648498535,0.009999999776482582,0.03999999910593033,-1.3600000143051147,-0.0889304131269455,-0.05387713760137558,-9.846298217773438,0.0027797678485512733,0.002187813399359584,0.00013850911636836827,92.0,16.023000717163086
1776230189.7680752,2026-04-15T05:16:29.768075,attack_square_gpsinput_drift,02,47.3980651,8.546305,3.7910001277923584,3.565000057220459,0.009999999776482582,0.03999999910593033,-1.3600000143051147,-0.08810098469257355,-0.05011485517024994,-9.8648681640625,0.002766531193628907,0.0006708790315315127,0.000395871204091236,92.0,16.023000717163086
1776230189.8692281,2026-04-15T05:16:29.869228,attack_square_gpsinput_drift,02,47.3980651,8.546305,3.814000129699707,3.5880000591278076,0.009999999776482582,0.03999999910593033,-1.3600000143051147,-0.08712002635002136,-0.05094992741942406,-9.862170219421387,0.00399807607755065,0.0008273227140307426,0.0010666658636182547,92.0,16.023000717163086
1776230189.9724624,2026-04-15T05:16:29.972462,attack_square_gpsinput_drift,02,47.3980651,8.546305,3.814000129699707,3.5880000591278076,0.009999999776482582,0.03999999910593033,-1.3600000143051147,-0.08712002635002136,-0.05094992741942406,-9.862170219421387,0.00399807607755065,0.0008273227140307426,0.0010666658636182547,92.0,16.023000717163086
1776230190.0771234,2026-04-15T05:16:30.077123,attack_square_gpsinput_drift,02,47.3980651,8.5463051,3.8590002059936523,3.633000135421753,0.009999999776482582,0.03999999910593033,-1.3700000047683716,-0.09110666811466217,-0.04854350909590721,-9.851298332214355,0.0034220214001834393,0.0008616714621894062,0.00045122767915017903,92.0,16.023000717163086
1776230190.1785512,2026-04-15T05:16:30.178551,attack_square_gpsinput_drift,02,47.3980651,8.5463051,3.881000280380249,3.6550002098083496,0.009999999776482582,0.03999999910593033,-1.3700000047683716,-0.09110666811466217,-0.04854350909590721,-9.851298332214355,0.0034220214001834393,0.0008616714621894062,0.00045122767915017903,92.0,16.023000717163086
1776230190.2823374,2026-04-15T05:16:30.282337,attack_square_gpsinput_drift,02,47.3980651,8.5463051,3.9040002822875977,3.6770002841949463,0.009999999776482582,0.03999999910593033,-1.3700000047683716,-0.08607493340969086,-0.04992327839136124,-9.89309310913086,0.0026487885043025017,0.0008349452400580049,0.0003725615388248116,92.0,16.023000717163086
1776230190.3842483,2026-04-15T05:16:30.384248,attack_square_gpsinput_drift,02,47.3980651,8.5463051,3.9260001182556152,3.700000286102295,0.009999999776482582,0.03999999910593033,-1.3700000047683716,-0.08068645000457764,-0.05347142368555069,-9.855542182922363,0.0021152165718376637,0.0013011532137170434,0.0004311227530706674,92.0,16.023000717163086
1776230190.491221,2026-04-15T05:16:30.491221,attack_square_gpsinput_drift,02,47.3980651,8.5463051,3.9260001182556152,3.700000286102295,0.009999999776482582,0.03999999910593033,-1.3700000047683716,-0.08068645000457764,-0.05347142368555069,-9.855542182922363,0.0021152165718376637,0.0013011532137170434,0.0004311227530706674,92.0,16.023000717163086
1776230190.5950625,2026-04-15T05:16:30.595062,attack_square_gpsinput_drift,02,47.3980651,8.5463051,3.9590001106262207,3.7330002784729004,0.009999999776482582,0.03999999910593033,-1.3700000047683716,-0.08436380326747894,-0.05302982032299042,-9.91526985168457,0.0015227504773065448,0.0036233337596058846,0.0016663860296830535,92.0,16.023000717163086
1776230190.713932,2026-04-15T05:16:30.713932,attack_square_gpsinput_drift,02,47.3980651,8.5463051,3.9590001106262207,3.7330002784729004,0.009999999776482582,0.03999999910593033,-1.3700000047683716,-0.08436380326747894,-0.05302982032299042,-9.91526985168457,0.0015227504773065448,0.0036233337596058846,0.0016663860296830535,92.0,16.023000717163086
1776230190.81994,2026-04-15T05:16:30.819940,attack_square_gpsinput_drift,02,47.3980651,8.5463051,3.9820001125335693,3.756000280380249,0.009999999776482582,0.03999999910593033,-1.3700000047683716,-0.09500764310359955,-0.0517636239528656,-9.864763259887695,0.0006868079071864486,0.0030922696460038424,0.000494998530484736,92.0,16.023000717163086
1776230190.9234862,2026-04-15T05:16:30.923486,attack_square_gpsinput_drift,02,47.3980651,8.5463051,3.9820001125335693,3.756000280380249,0.009999999776482582,0.03999999910593033,-1.3700000047683716,-0.09500764310359955,-0.0517636239528656,-9.864763259887695,0.0006868079071864486,0.0030922696460038424,0.000494998530484736,92.0,16.023000717163086
1776230191.0252352,2026-04-15T05:16:31.025235,attack_square_gpsinput_drift,02,47.3980651,8.5463051,4.015000343322754,3.7890002727508545,0.009999999776482582,0.03999999910593033,-1.3700000047683716,-0.08792191743850708,-0.04568587988615036,-9.892553329467773,0.0005960620474070311,0.0033847857266664505,0.0010132157476618886,92.0,16.023000717163086
1776230191.128256,2026-04-15T05:16:31.128256,attack_square_gpsinput_drift,02,47.3980651,8.5463051,4.015000343322754,3.7890002727508545,0.009999999776482582,0.03999999910593033,-1.3700000047683716,-0.08792191743850708,-0.04568587988615036,-9.892553329467773,0.0005960620474070311,0.0033847857266664505,0.0010132157476618886,92.0,16.023000717163086
1776230191.229754,2026-04-15T05:16:31.229754,attack_square_gpsinput_drift,02,47.3980651,8.546305199999999,4.077000141143799,3.8510000705718994,0.009999999776482582,0.029999999329447746,-1.3799999952316284,-0.08577318489551544,-0.04330297186970711,-9.904123306274414,0.0019168318249285221,0.0014761458151042461,0.0004152926558163017,92.0,16.023000717163086
1776230191.3322744,2026-04-15T05:16:31.332274,attack_square_gpsinput_drift,02,47.3980651,8.546305199999999,4.111000061035156,3.885000228881836,0.009999999776482582,0.029999999329447746,-1.3799999952316284,-0.0873415619134903,-0.05415244773030281,-9.832196235656738,0.0016201308462768793,0.0032244392205029726,-0.0009201482171192765,92.0,16.023000717163086
1776230191.438089,2026-04-15T05:16:31.438089,attack_square_gpsinput_drift,02,47.3980651,8.546305199999999,4.133000373840332,3.9070003032684326,0.009999999776482582,0.029999999329447746,-1.3799999952316284,-0.08789631724357605,-0.04107857495546341,-9.872045516967773,-0.0003381907590664923,0.0005368275451473892,-0.0002580474247224629,92.0,16.023000717163086
1776230191.5408528,2026-04-15T05:16:31.540853,attack_square_gpsinput_drift,02,47.3980651,8.546305199999999,4.133000373840332,3.9070003032684326,0.009999999776482582,0.029999999329447746,-1.3799999952316284,-0.08789631724357605,-0.04107857495546341,-9.872045516967773,-0.0003381907590664923,0.0005368275451473892,-0.0002580474247224629,92.0,16.023000717163086
1776230191.645116,2026-04-15T05:16:31.645116,attack_square_gpsinput_drift,02,47.3980651,8.546305199999999,4.1670002937316895,3.94100022315979,0.009999999776482582,0.029999999329447746,-1.3799999952316284,-0.07967077195644379,-0.05438491702079773,-9.83537483215332,-0.00012364347639959306,-0.0005710829282179475,0.0005074633518233895,92.0,16.023000717163086
1776230191.752325,2026-04-15T05:16:31.752325,attack_square_gpsinput_drift,02,47.3980651,8.546305199999999,4.1670002937316895,3.94100022315979,0.009999999776482582,0.029999999329447746,-1.3799999952316284,-0.07967077195644379,-0.05438491702079773,-9.83537483215332,-0.00012364347639959306,-0.0005710829282179475,0.0005074633518233895,92.0,16.023000717163086
1776230191.872223,2026-04-15T05:16:31.872223,attack_square_gpsinput_drift,02,47.3980651,8.546305199999999,4.1670002937316895,3.94100022315979,0.009999999776482582,0.029999999329447746,-1.3799999952316284,-0.07967077195644379,-0.05438491702079773,-9.83537483215332,-0.00012364347639959306,-0.0005710829282179475,0.0005074633518233895,92.0,16.023000717163086
1776230191.9788866,2026-04-15T05:16:31.978887,attack_square_gpsinput_drift,02,47.3980651,8.546305199999999,4.201000213623047,3.9750001430511475,0.009999999776482582,0.029999999329447746,-1.3799999952316284,-0.0865335464477539,-0.050288259983062744,-9.862564086914062,-0.0010124394902959466,0.0006700226222164929,-0.00015629561676178128,92.0,16.023000717163086
1776230192.0799856,2026-04-15T05:16:32.079986,attack_square_gpsinput_drift,02,47.3980651,8.546305199999999,4.201000213623047,3.9750001430511475,0.009999999776482582,0.029999999329447746,-1.3799999952316284,-0.0865335464477539,-0.050288259983062744,-9.862564086914062,-0.0010124394902959466,0.0006700226222164929,-0.00015629561676178128,92.0,16.023000717163086
1776230192.1823146,2026-04-15T05:16:32.182315,attack_square_gpsinput_drift,02,47.3980651,8.546305199999999,4.223999977111816,3.998000144958496,0.009999999776482582,0.029999999329447746,-1.3799999952316284,-0.08393977582454681,-0.04952947050333023,-9.88187026977539,-0.002270780736580491,0.0008997985278256238,-0.00035833194851875305,92.0,16.023000717163086
1776230192.28641,2026-04-15T05:16:32.286410,attack_square_gpsinput_drift,02,47.3980651,8.546305199999999,4.223999977111816,3.998000144958496,0.009999999776482582,0.029999999329447746,-1.3799999952316284,-0.08393977582454681,-0.04952947050333023,-9.88187026977539,-0.002270780736580491,0.0008997985278256238,-0.00035833194851875305,92.0,16.023000717163086
1776230192.41764,2026-04-15T05:16:32.417640,attack_square_gpsinput_drift,02,47.3980651,8.546305199999999,4.235000133514404,4.009000301361084,0.009999999776482582,0.029999999329447746,-1.3799999952316284,-0.07893741130828857,-0.045823849737644196,-9.880915641784668,-0.0017594409873709083,0.002775724744424224,-0.0003847939660772681,89.0,15.962000846862793
1776230192.522146,2026-04-15T05:16:32.522146,attack_square_gpsinput_drift,02,47.3980651,8.546305199999999,4.235000133514404,4.009000301361084,0.009999999776482582,0.029999999329447746,-1.3799999952316284,-0.07893741130828857,-0.045823849737644196,-9.880915641784668,-0.0017594409873709083,0.002775724744424224,-0.0003847939660772681,89.0,15.962000846862793
1776230192.6319134,2026-04-15T05:16:32.631913,attack_square_gpsinput_drift,02,47.3980651,8.546305199999999,4.269999980926514,4.043000221252441,0.009999999776482582,0.029999999329447746,-1.3899999856948853,-0.07504455745220184,-0.04894619807600975,-9.851041793823242,-0.0014694776618853211,-0.0005927933380007744,0.0004834839783143252,89.0,15.962000846862793
1776230192.7390447,2026-04-15T05:16:32.739045,attack_square_gpsinput_drift,02,47.3980651,8.546305199999999,4.2920002937316895,4.065999984741211,0.009999999776482582,0.029999999329447746,-1.3899999856948853,-0.08478830754756927,-0.048860542476177216,-9.808335304260254,-0.0010355748236179352,0.0003593634464778006,0.000689175445586443,89.0,15.962000846862793
1776230192.8458774,2026-04-15T05:16:32.845877,attack_square_gpsinput_drift,02,47.3980651,8.546305199999999,4.2920002937316895,4.065999984741211,0.009999999776482582,0.029999999329447746,-1.3899999856948853,-0.08478830754756927,-0.048860542476177216,-9.808335304260254,-0.0010355748236179352,0.0003593634464778006,0.000689175445586443,89.0,15.962000846862793
1776230192.952885,2026-04-15T05:16:32.952885,attack_square_gpsinput_drift,02,47.3980651,8.5463053,4.360000133514404,4.134000301361084,0.009999999776482582,0.019999999552965164,-1.3899999856948853,-0.07875843346118927,-0.05176045745611191,-9.862241744995117,-0.00235743704251945,-0.0019093480659648776,-1.9536353647708893e-05,89.0,15.962000846862793
1776230193.0550327,2026-04-15T05:16:33.055033,attack_square_gpsinput_drift,02,47.3980651,8.5463053,4.383000373840332,4.1570000648498535,0.009999999776482582,0.019999999552965164,-1.3899999856948853,-0.08953851461410522,-0.04804544150829315,-9.897679328918457,-0.0013241112465038896,-0.0006376207456924021,-0.00013915238378103822,89.0,15.962000846862793
1776230193.1601691,2026-04-15T05:16:33.160169,attack_square_gpsinput_drift,02,47.3980651,8.5463053,4.406000137329102,4.180000305175781,0.009999999776482582,0.019999999552965164,-1.3899999856948853,-0.09072430431842804,-0.04937456175684929,-9.851917266845703,-0.0018342199036851525,0.0010301718721166253,0.00021174128050915897,89.0,15.962000846862793
1776230193.2648041,2026-04-15T05:16:33.264804,attack_square_gpsinput_drift,02,47.3980651,8.5463053,4.451000213623047,4.225000381469727,0.009999999776482582,0.019999999552965164,-1.3899999856948853,-0.08442580699920654,-0.04942900687456131,-9.916601181030273,-0.001261817174963653,-0.003933212254196405,-0.0006481109885498881,89.0,15.962000846862793
1776230193.3680966,2026-04-15T05:16:33.368097,attack_square_gpsinput_drift,02,47.3980651,8.5463053,4.473999977111816,4.248000144958496,0.009999999776482582,0.019999999552965164,-1.3899999856948853,-0.08344756066799164,-0.05134968459606171,-9.902030944824219,-0.0030844290740787983,-0.005653354339301586,-0.0007855681469663978,89.0,15.962000846862793
1776230193.4708939,2026-04-15T05:16:33.470894,attack_square_gpsinput_drift,02,47.3980651,8.5463053,4.514000415802002,4.288000106811523,0.009999999776482582,0.019999999552965164,-1.399999976158142,-0.09103336930274963,-0.0457683801651001,-9.835744857788086,-0.0003996418963652104,-0.003561065997928381,-4.599656676873565e-06,89.0,15.962000846862793
1776230193.572768,2026-04-15T05:16:33.572768,attack_square_gpsinput_drift,02,47.3980651,8.5463053,4.5420002937316895,4.315999984741211,0.009999999776482582,0.019999999552965164,-1.399999976158142,-0.08460131287574768,-0.05315403640270233,-9.810800552368164,0.0011313613504171371,-0.0029207360930740833,-0.0010488210245966911,89.0,15.962000846862793
1776230193.6789315,2026-04-15T05:16:33.678931,attack_square_gpsinput_drift,02,47.3980651,8.5463053,4.5420002937316895,4.315999984741211,0.009999999776482582,0.019999999552965164,-1.399999976158142,-0.08460131287574768,-0.05315403640270233,-9.810800552368164,0.0011313613504171371,-0.0029207360930740833,-0.0010488210245966911,89.0,15.962000846862793
1776230193.7806494,2026-04-15T05:16:33.780649,attack_square_gpsinput_drift,02,47.3980651,8.5463053,4.565000057220459,4.339000225067139,0.009999999776482582,0.019999999552965164,-1.399999976158142,-0.08108153939247131,-0.05098171904683113,-9.899977684020996,-0.0005330002750270069,-0.0022138094063848257,-0.0008332486031576991,89.0,15.962000846862793
1776230193.8830822,2026-04-15T05:16:33.883082,attack_square_gpsinput_drift,02,47.3980651,8.5463053,4.565000057220459,4.339000225067139,0.009999999776482582,0.019999999552965164,-1.399999976158142,-0.08108153939247131,-0.05098171904683113,-9.899977684020996,-0.0005330002750270069,-0.0022138094063848257,-0.0008332486031576991,89.0,15.962000846862793
1776230193.985294,2026-04-15T05:16:33.985294,attack_square_gpsinput_drift,02,47.3980651,8.5463053,4.611999988555908,4.386000156402588,0.009999999776482582,0.019999999552965164,-1.399999976158142,-0.07847078144550323,-0.055997639894485474,-9.87963581085205,0.0001962164242286235,-0.0018408907344564795,0.00041896846960298717,89.0,15.962000846862793
1776230194.093641,2026-04-15T05:16:34.093641,attack_square_gpsinput_drift,02,47.3980651,8.5463053,4.647000312805176,4.420000076293945,0.009999999776482582,0.009999999776482582,-1.399999976158142,-0.08351288735866547,-0.0418364554643631,-9.907161712646484,-0.00012275940389372408,-0.0017727920785546303,-0.00045344518730416894,89.0,15.962000846862793
1776230194.196036,2026-04-15T05:16:34.196036,attack_square_gpsinput_drift,02,47.3980651,8.5463054,4.692000389099121,4.466000080108643,0.009999999776482582,0.009999999776482582,-1.409999966621399,-0.07709623873233795,-0.043335556983947754,-9.872668266296387,0.0006480562151409686,-0.0005466099828481674,0.00016389528173021972,89.0,15.962000846862793
1776230194.3028295,2026-04-15T05:16:34.302830,attack_square_gpsinput_drift,02,47.3980651,8.5463054,4.703999996185303,4.478000164031982,0.009999999776482582,0.009999999776482582,-1.409999966621399,-0.08033101260662079,-0.04958169907331467,-9.904109001159668,0.0004953243187628686,-0.001751236617565155,0.0008161206496879458,89.0,15.962000846862793
1776230194.4065409,2026-04-15T05:16:34.406541,attack_square_gpsinput_drift,02,47.3980651,8.5463054,4.738000392913818,4.51200008392334,0.009999999776482582,0.009999999776482582,-1.409999966621399,-0.08377954363822937,-0.04704420268535614,-9.882615089416504,-0.0005443252739496529,-0.002213891828432679,0.00018686844850890338,89.0,15.962000846862793
1776230194.508895,2026-04-15T05:16:34.508895,attack_square_gpsinput_drift,02,47.3980652,8.5463054,4.76200008392334,4.535000324249268,0.009999999776482582,0.009999999776482582,-1.409999966621399,-0.0885336846113205,-0.05593620985746384,-9.8489408493042,0.0002441770047880709,-0.0017952672205865383,-0.0003680708759929985,89.0,15.962000846862793
1776230194.6144047,2026-04-15T05:16:34.614405,attack_square_gpsinput_drift,02,47.3980652,8.5463054,4.76200008392334,4.535000324249268,0.009999999776482582,0.009999999776482582,-1.409999966621399,-0.0885336846113205,-0.05593620985746384,-9.8489408493042,0.0002441770047880709,-0.0017952672205865383,-0.0003680708759929985,89.0,15.962000846862793
1776230194.7259047,2026-04-15T05:16:34.725905,attack_square_gpsinput_drift,02,47.3980652,8.5463054,4.796000003814697,4.570000171661377,0.009999999776482582,0.009999999776482582,-1.409999966621399,-0.08781668543815613,-0.04993326961994171,-9.885910987854004,-0.0007073035230860114,-0.0010766144841909409,-0.0004284592578187585,89.0,15.962000846862793
1776230194.8380053,2026-04-15T05:16:34.838005,attack_square_gpsinput_drift,02,47.3980652,8.5463054,4.860000133514404,4.634000301361084,0.009999999776482582,0.009999999776482582,-1.409999966621399,-0.087416872382164,-0.049053847789764404,-9.87098503112793,0.0003638780617620796,-0.0015623304061591625,2.912603667937219e-05,89.0,15.962000846862793
1776230194.951562,2026-04-15T05:16:34.951562,attack_square_gpsinput_drift,02,47.3980652,8.5463054,4.883000373840332,4.6570000648498535,0.009999999776482582,0.009999999776482582,-1.409999966621399,-0.08463189005851746,-0.05459170043468475,-9.906413078308105,0.0023786560632288456,-0.0017705612117424607,-0.001065626973286271,89.0,15.962000846862793
1776230195.0568213,2026-04-15T05:16:35.056821,attack_square_gpsinput_drift,02,47.3980652,8.5463054,4.906000137329102,4.680000305175781,0.009999999776482582,0.009999999776482582,-1.409999966621399,-0.08463189005851746,-0.05459170043468475,-9.906413078308105,0.0023786560632288456,-0.0017705612117424607,-0.001065626973286271,89.0,15.962000846862793
1776230195.1590846,2026-04-15T05:16:35.159085,attack_square_gpsinput_drift,02,47.3980652,8.5463054,4.929000377655029,4.703000068664551,0.009999999776482582,0.009999999776482582,-1.4199999570846558,-0.0833393782377243,-0.047646135091781616,-9.866072654724121,0.0018046875484287739,-0.002943700645118952,-0.001528239226900041,89.0,15.962000846862793
1776230195.260926,2026-04-15T05:16:35.260926,attack_square_gpsinput_drift,02,47.3980652,8.5463054,4.929000377655029,4.703000068664551,0.009999999776482582,0.009999999776482582,-1.4199999570846558,-0.0833393782377243,-0.047646135091781616,-9.866072654724121,0.0018046875484287739,-0.002943700645118952,-0.001528239226900041,89.0,15.962000846862793
1776230195.3649468,2026-04-15T05:16:35.364947,attack_square_gpsinput_drift,02,47.3980652,8.5463054,4.952000141143799,4.7260003089904785,0.009999999776482582,0.009999999776482582,-1.4199999570846558,-0.08112674951553345,-0.046654410660266876,-9.826504707336426,0.0013116326881572604,-0.001348464167676866,-3.704021219164133e-05,89.0,15.962000846862793
1776230195.4670272,2026-04-15T05:16:35.467027,attack_square_gpsinput_drift,02,47.3980652,8.5463054,4.952000141143799,4.7260003089904785,0.009999999776482582,0.009999999776482582,-1.4199999570846558,-0.08112674951553345,-0.046654410660266876,-9.826504707336426,0.0013116326881572604,-0.001348464167676866,-3.704021219164133e-05,89.0,15.962000846862793
1776230195.5832808,2026-04-15T05:16:35.583281,attack_square_gpsinput_drift,02,47.3980652,8.5463054,4.987000465393066,4.761000156402588,0.009999999776482582,0.0,-1.4199999570846558,-0.08148585259914398,-0.047509271651506424,-9.851388931274414,0.0020054318010807037,-0.0013690432533621788,-0.0004005905066151172,89.0,15.962000846862793
1776230195.686136,2026-04-15T05:16:35.686136,attack_square_gpsinput_drift,02,47.3980652,8.5463054,5.022000312805176,4.796000003814697,0.009999999776482582,0.0,-1.4199999570846558,-0.08045835793018341,-0.05302010104060173,-9.880846977233887,0.0033792518079280853,-0.002867053495720029,0.00032420255593024194,89.0,15.962000846862793
1776230195.7922864,2026-04-15T05:16:35.792286,attack_square_gpsinput_drift,02,47.3980652,8.5463054,5.045000076293945,4.819000244140625,0.009999999776482582,0.0,-1.4199999570846558,-0.08626288175582886,-0.05781077593564987,-9.850226402282715,0.0024390514008700848,-0.0037851769011467695,-0.00024364434648305178,89.0,15.962000846862793
1776230195.899448,2026-04-15T05:16:35.899448,attack_square_gpsinput_drift,02,47.3980652,8.5463054,5.045000076293945,4.819000244140625,0.009999999776482582,0.0,-1.4199999570846558,-0.08626288175582886,-0.05781077593564987,-9.850226402282715,0.0024390514008700848,-0.0037851769011467695,-0.00024364434648305178,89.0,15.962000846862793
1776230196.0106258,2026-04-15T05:16:36.010626,attack_square_gpsinput_drift,02,47.3980652,8.5463054,5.086000442504883,4.860000133514404,0.009999999776482582,0.0,-1.4199999570846558,-0.07706145942211151,-0.04721640422940254,-9.852826118469238,0.004598905332386494,-0.0016172437462955713,0.0002953704388346523,89.0,15.962000846862793
1776230196.1130106,2026-04-15T05:16:36.113011,attack_square_gpsinput_drift,02,47.3980652,8.5463054,5.109000205993652,4.883000373840332,0.009999999776482582,0.0,-1.4199999570846558,-0.08190041780471802,-0.050694938749074936,-9.855567932128906,0.0036669629625976086,-0.000692768779117614,-0.000959624070674181,89.0,15.962000846862793
1776230196.2178092,2026-04-15T05:16:36.217809,attack_square_gpsinput_drift,02,47.3980652,8.5463054,5.144000053405762,4.918000221252441,0.009999999776482582,0.0,-1.4199999570846558,-0.08351275324821472,-0.04956403002142906,-9.862872123718262,0.002245022915303707,-0.0009889899520203471,-8.272076956927776e-05,89.0,15.962000846862793
1776230196.3205135,2026-04-15T05:16:36.320513,attack_square_gpsinput_drift,02,47.3980652,8.5463054,5.191000461578369,4.965000152587891,0.009999999776482582,0.0,-1.4199999570846558,-0.08587245643138885,-0.048500388860702515,-9.879721641540527,0.0023827790282666683,-0.00024333986220881343,-0.0001190930197481066,89.0,15.962000846862793
1776230196.422642,2026-04-15T05:16:36.422642,attack_square_gpsinput_drift,02,47.3980652,8.5463054,5.191000461578369,4.965000152587891,0.009999999776482582,0.0,-1.4299999475479126,-0.08587245643138885,-0.048500388860702515,-9.879721641540527,0.0023827790282666683,-0.00024333986220881343,-0.0001190930197481066,89.0,15.962000846862793
1776230196.5379813,2026-04-15T05:16:36.537981,attack_square_gpsinput_drift,02,47.3980652,8.546305499999999,5.2260003089904785,5.0,0.009999999776482582,0.0,-1.4299999475479126,-0.08446100354194641,-0.05003467947244644,-9.847978591918945,0.0028470205143094063,0.000593442062381655,0.00040371486102230847,89.0,15.962000846862793
1776230196.6443794,2026-04-15T05:16:36.644379,attack_square_gpsinput_drift,02,47.3980652,8.546305499999999,5.250000476837158,5.023000240325928,0.009999999776482582,0.0,-1.4299999475479126,-0.08520987629890442,-0.05073791742324829,-9.87156867980957,0.003270174842327833,0.0012056654086336493,-6.773718632757664e-05,89.0,15.962000846862793
1776230196.7491984,2026-04-15T05:16:36.749198,attack_square_gpsinput_drift,02,47.3980652,8.546305499999999,5.285000324249268,5.059000015258789,0.009999999776482582,0.0,-1.4299999475479126,-0.08676837384700775,-0.04869778826832771,-9.847939491271973,0.0026393530424684286,0.00216358108446002,-0.0011388288112357259,89.0,15.962000846862793
1776230196.853851,2026-04-15T05:16:36.853851,attack_square_gpsinput_drift,02,47.3980652,8.546305499999999,5.285000324249268,5.059000015258789,0.009999999776482582,0.0,-1.4299999475479126,-0.08676837384700775,-0.04869778826832771,-9.847939491271973,0.0026393530424684286,0.00216358108446002,-0.0011388288112357259,89.0,15.962000846862793
1776230196.9558218,2026-04-15T05:16:36.955822,attack_square_gpsinput_drift,02,47.3980652,8.546305499999999,5.309000015258789,5.082000255584717,0.009999999776482582,0.0,-1.4299999475479126,-0.08535066246986389,-0.04563654214143753,-9.836461067199707,0.0012367265298962593,0.000877750338986516,4.21068980358541e-05,89.0,15.962000846862793
1776230197.0581207,2026-04-15T05:16:37.058121,attack_square_gpsinput_drift,02,47.3980652,8.546305499999999,5.344000339508057,5.118000030517578,0.009999999776482582,0.0,-1.4299999475479126,-0.08451278507709503,-0.04480620473623276,-9.827197074890137,0.0017816700274124742,0.0015414628433063626,0.00080159364733845,89.0,15.962000846862793
1776230197.1672628,2026-04-15T05:16:37.167263,attack_square_gpsinput_drift,02,47.3980652,8.546305499999999,5.3560004234313965,5.130000114440918,0.009999999776482582,0.0,-1.4299999475479126,-0.08455395698547363,-0.044090207666158676,-9.825665473937988,0.0026076233480125666,0.002166453283280134,0.0003743878041859716,89.0,15.962000846862793
1776230197.275068,2026-04-15T05:16:37.275068,attack_square_gpsinput_drift,02,47.3980652,8.546305499999999,5.380000114440918,5.154000282287598,0.009999999776482582,0.0,-1.4299999475479126,-0.08404608070850372,-0.05105895921587944,-9.808384895324707,0.0014676880091428757,0.0006223295349627733,-0.0009446475887671113,89.0,15.962000846862793
1776230197.3784986,2026-04-15T05:16:37.378499,attack_square_gpsinput_drift,02,47.3980652,8.546305499999999,5.392000198364258,5.1660003662109375,0.009999999776482582,0.0,-1.4299999475479126,-0.08542126417160034,-0.04294286295771599,-9.891362190246582,0.002176303882151842,0.002375207142904401,-0.0003061452298425138,89.0,15.962000846862793
1776230197.4813397,2026-04-15T05:16:37.481340,attack_square_gpsinput_drift,02,47.3980652,8.546305499999999,5.456000328063965,5.230000019073486,0.009999999776482582,0.0,-1.4399999380111694,-0.08207465708255768,-0.042424269020557404,-9.875579833984375,0.0019385794876143336,0.002148519968613982,-0.0007504901150241494,89.0,15.962000846862793
1776230197.5827415,2026-04-15T05:16:37.582741,attack_square_gpsinput_drift,02,47.3980652,8.546305499999999,5.456000328063965,5.230000019073486,0.009999999776482582,0.0,-1.4399999380111694,-0.08840669691562653,-0.046675097197294235,-9.823513984680176,0.001638613874092698,0.0028450232930481434,-0.0004459691990632564,89.0,15.962000846862793
1776230197.688872,2026-04-15T05:16:37.688872,attack_square_gpsinput_drift,02,47.3980652,8.546305499999999,5.492000102996826,5.266000270843506,0.009999999776482582,0.0,-1.4399999380111694,-0.08840669691562653,-0.046675097197294235,-9.823513984680176,0.001638613874092698,0.0028450232930481434,-0.0004459691990632564,89.0,15.962000846862793
1776230197.7929215,2026-04-15T05:16:37.792922,attack_square_gpsinput_drift,02,47.3980652,8.546305499999999,5.516000270843506,5.2900004386901855,0.009999999776482582,0.0,-1.4399999380111694,-0.08357568085193634,-0.051794327795505524,-9.807915687561035,0.000916911696549505,0.003957867622375488,-0.0010599511442705989,89.0,15.962000846862793
1776230197.905217,2026-04-15T05:16:37.905217,attack_square_gpsinput_drift,02,47.3980652,8.546305499999999,5.563000202178955,5.337000370025635,0.009999999776482582,0.0,-1.4399999380111694,-0.07996629178524017,-0.04487144947052002,-9.851630210876465,0.00010357891005696729,0.0028664865531027317,0.0001999095838982612,89.0,15.962000846862793
1776230198.0308924,2026-04-15T05:16:38.030892,attack_square_gpsinput_drift,02,47.3980652,8.546305499999999,5.635000228881836,5.409000396728516,0.009999999776482582,0.0,-1.4399999380111694,-0.07590027153491974,-0.04318233206868172,-9.829924583435059,-0.0003023257595486939,0.0011912189656868577,-2.5925401132553816e-05,89.0,15.962000846862793
1776230198.1346748,2026-04-15T05:16:38.134675,attack_square_gpsinput_drift,02,47.3980652,8.546305499999999,5.659000396728516,5.433000087738037,0.009999999776482582,0.0,-1.4399999380111694,-0.08052955567836761,-0.047870244830846786,-9.832524299621582,-0.0008370859432034194,0.0014352303696796298,-0.00040193888708017766,89.0,15.962000846862793
1776230198.2400403,2026-04-15T05:16:38.240040,attack_square_gpsinput_drift,02,47.3980652,8.546305499999999,5.659000396728516,5.433000087738037,0.009999999776482582,0.0,-1.4399999380111694,-0.08052955567836761,-0.047870244830846786,-9.832524299621582,-0.0008370859432034194,0.0014352303696796298,-0.00040193888708017766,89.0,15.962000846862793
1776230198.3438897,2026-04-15T05:16:38.343890,attack_square_gpsinput_drift,02,47.3980652,8.5463056,5.683000087738037,5.457000255584717,0.009999999776482582,0.0,-1.4499999284744263,-0.0758245587348938,-0.038444485515356064,-9.844579696655273,-0.0001180840699817054,0.00040549575351178646,0.0001400721084792167,89.0,15.962000846862793
1776230198.4481502,2026-04-15T05:16:38.448150,attack_square_gpsinput_drift,02,47.3980652,8.5463056,5.683000087738037,5.457000255584717,0.009999999776482582,0.0,-1.4499999284744263,-0.0758245587348938,-0.038444485515356064,-9.844579696655273,-0.0001180840699817054,0.00040549575351178646,0.0001400721084792167,89.0,15.962000846862793
1776230198.5508988,2026-04-15T05:16:38.550899,attack_square_gpsinput_drift,02,47.3980652,8.5463056,5.719000339508057,5.493000030517578,0.009999999776482582,0.0,-1.459999918937683,-0.0779089406132698,-0.05357301980257034,-9.8104887008667,0.0012839604169130325,0.0034232460893690586,0.0008400151273235679,89.0,15.962000846862793
1776230198.6522965,2026-04-15T05:16:38.652297,attack_square_gpsinput_drift,02,47.3980652,8.5463056,5.743000507354736,5.516000270843506,0.009999999776482582,0.0,-1.459999918937683,-0.08149681240320206,-0.05589790269732475,-9.77951717376709,0.00016320336726494133,0.003697168780490756,0.0008732406422495842,89.0,15.962000846862793
1776230198.7549164,2026-04-15T05:16:38.754916,attack_square_gpsinput_drift,02,47.3980652,8.5463056,5.766000270843506,5.5400004386901855,0.009999999776482582,0.0,-1.46999990940094,-0.0772450864315033,-0.05220123380422592,-9.758696556091309,-0.0011978440452367067,0.00451733497902751,0.00017729095998220146,89.0,15.962000846862793
1776230198.8619556,2026-04-15T05:16:38.861956,attack_square_gpsinput_drift,02,47.3980652,8.5463056,5.766000270843506,5.5400004386901855,0.009999999776482582,0.0,-1.46999990940094,-0.0772450864315033,-0.05220123380422592,-9.758696556091309,-0.0011978440452367067,0.00451733497902751,0.00017729095998220146,89.0,15.962000846862793
1776230198.9650886,2026-04-15T05:16:38.965089,attack_square_gpsinput_drift,02,47.3980652,8.5463056,5.802000045776367,5.576000213623047,0.009999999776482582,0.0,-1.46999990940094,-0.0831870585680008,-0.050952233374118805,-9.737618446350098,-0.0015805333387106657,0.005338466260582209,0.00041062748641707003,89.0,15.962000846862793
1776230199.0731356,2026-04-15T05:16:39.073136,attack_square_gpsinput_drift,02,47.3980652,8.5463056,5.826000213623047,5.600000381469727,0.009999999776482582,0.0,-1.46999990940094,-0.07425590604543686,-0.045401573181152344,-9.700952529907227,-0.0012872040970250964,0.004378234036266804,0.0003468930663075298,89.0,15.962000846862793
1776230199.1783142,2026-04-15T05:16:39.178314,attack_square_gpsinput_drift,02,47.3980653,8.5463056,5.839000225067139,5.612000465393066,0.009999999776482582,0.0,-1.46999990940094,-0.08485674858093262,-0.04956699535250664,-9.68163013458252,0.0001238490513060242,0.005557875148952007,0.00038552828482352197,89.0,15.962000846862793
1776230199.2808776,2026-04-15T05:16:39.280878,attack_square_gpsinput_drift,02,47.3980653,8.5463056,5.875000476837158,5.64900016784668,0.009999999776482582,0.0,-1.4800000190734863,-0.07801814377307892,-0.043958041816949844,-9.684415817260742,0.0005132437217980623,0.006084212101995945,0.0007220909465104342,89.0,15.962000846862793
1776230199.3842332,2026-04-15T05:16:39.384233,attack_square_gpsinput_drift,02,47.3980653,8.5463056,5.89900016784668,5.673000335693359,0.009999999776482582,0.0,-1.4800000190734863,-0.08402251452207565,-0.048175837844610214,-9.696825981140137,-0.0005646281642839313,0.007341573014855385,-0.00012096282443962991,89.0,15.962000846862793
1776230199.4861593,2026-04-15T05:16:39.486159,attack_square_gpsinput_drift,02,47.3980653,8.5463056,5.936000347137451,5.710000038146973,0.009999999776482582,0.0,-1.4800000190734863,-0.09342513233423233,-0.04796413332223892,-9.655303001403809,-0.0006472308305092156,0.005779534578323364,-0.00020155601669102907,89.0,15.962000846862793
1776230199.5891564,2026-04-15T05:16:39.589156,attack_square_gpsinput_drift,02,47.3980653,8.5463056,5.9720001220703125,5.746000289916992,0.009999999776482582,0.0,-1.4800000190734863,-0.07904833555221558,-0.04123947396874428,-9.670437812805176,0.0006176687311381102,0.0063667986541986465,4.75119159091264e-05,89.0,15.962000846862793
1776230199.691337,2026-04-15T05:16:39.691337,attack_square_gpsinput_drift,02,47.3980653,8.5463056,5.9720001220703125,5.746000289916992,0.009999999776482582,0.0,-1.4800000190734863,-0.07904833555221558,-0.04123947396874428,-9.670437812805176,0.0006176687311381102,0.0063667986541986465,4.75119159091264e-05,89.0,15.962000846862793
1776230199.794477,2026-04-15T05:16:39.794477,attack_square_gpsinput_drift,02,47.3980653,8.5463056,6.009000301361084,5.783000469207764,0.009999999776482582,0.0,-1.4800000190734863,-0.08081242442131042,-0.04854992404580116,-9.633697509765625,0.0023491252213716507,0.0062797218561172485,0.00010075137834064662,89.0,15.962000846862793
1776230199.9022298,2026-04-15T05:16:39.902230,attack_square_gpsinput_drift,02,47.3980653,8.5463056,6.033000469207764,5.807000160217285,0.009999999776482582,0.0,-1.4800000190734863,-0.075469471514225,-0.052924782037734985,-9.642728805541992,0.002606005175039172,0.0053236824460327625,-0.00014143626322038472,89.0,15.962000846862793
1776230200.0070834,2026-04-15T05:16:40.007083,attack_square_gpsinput_drift,02,47.3980653,8.5463056,6.070000171661377,5.844000339508057,0.009999999776482582,0.0,-1.4800000190734863,-0.08697493374347687,-0.05149693042039871,-9.661149024963379,0.002565045142546296,0.004160124342888594,0.0006215913454070687,89.0,15.962000846862793
1776230200.1112144,2026-04-15T05:16:40.111214,attack_square_gpsinput_drift,02,47.3980653,8.5463056,6.095000267028809,5.868000507354736,0.009999999776482582,0.0,-1.46999990940094,-0.07781286537647247,-0.05189039558172226,-9.682354927062988,0.003880695439875126,0.004477580077946186,0.0004950645379722118,89.0,15.962000846862793
1776230200.2164211,2026-04-15T05:16:40.216421,attack_square_gpsinput_drift,02,47.3980653,8.5463056,6.119000434875488,5.89300012588501,0.009999999776482582,0.0,-1.46999990940094,-0.07876502722501755,-0.04003653675317764,-9.664254188537598,0.00412607891485095,0.004272755701094866,0.0005638619186356664,89.0,15.962000846862793
1776230200.318874,2026-04-15T05:16:40.318874,attack_square_gpsinput_drift,02,47.3980653,8.5463057,6.156000137329102,5.930000305175781,0.009999999776482582,0.0,-1.46999990940094,-0.08004885911941528,-0.042328961193561554,-9.707015991210938,0.0026733283884823322,0.0039423126727342606,0.000607712659984827,89.0,15.962000846862793
1776230200.4350314,2026-04-15T05:16:40.435031,attack_square_gpsinput_drift,02,47.3980653,8.5463057,6.180000305175781,5.954000473022461,0.009999999776482582,0.0,-1.46999990940094,-0.07527196407318115,-0.043369993567466736,-9.718984603881836,0.0027619265019893646,0.0040828268975019455,0.0005171081284061074,89.0,15.962000846862793
1776230200.5406442,2026-04-15T05:16:40.540644,attack_square_gpsinput_drift,02,47.3980653,8.5463057,6.218000411987305,5.991000175476074,0.009999999776482582,0.0,-1.46999990940094,-0.07881436496973038,-0.05483290180563927,-9.713615417480469,0.003096323926001787,0.004137173295021057,0.0009343804558739066,89.0,15.962000846862793
1776230200.6446345,2026-04-15T05:16:40.644634,attack_square_gpsinput_drift,02,47.3980653,8.5463057,6.218000411987305,5.991000175476074,0.009999999776482582,0.0,-1.46999990940094,-0.07881436496973038,-0.05483290180563927,-9.713615417480469,0.003096323926001787,0.004137173295021057,0.0009343804558739066,89.0,15.962000846862793
1776230200.7493706,2026-04-15T05:16:40.749371,attack_square_gpsinput_drift,02,47.3980653,8.5463057,6.242000102996826,6.016000270843506,0.009999999776482582,0.0,-1.46999990940094,-0.08489368110895157,-0.04799438640475273,-9.67911434173584,0.002585936803370714,0.0046947672963142395,-0.00039810649468563497,89.0,15.962000846862793
1776230200.8536434,2026-04-15T05:16:40.853643,attack_square_gpsinput_drift,02,47.3980653,8.5463057,6.242000102996826,6.016000270843506,0.009999999776482582,0.0,-1.46999990940094,-0.08489368110895157,-0.04799438640475273,-9.67911434173584,0.002585936803370714,0.0046947672963142395,-0.00039810649468563497,89.0,15.962000846862793
1776230200.9571786,2026-04-15T05:16:40.957179,attack_square_gpsinput_drift,02,47.3980653,8.5463057,6.267000198364258,6.0410003662109375,0.009999999776482582,0.0,-1.46999990940094,-0.07282271981239319,-0.04246014729142189,-9.718535423278809,0.002811282407492399,0.005031604319810867,-0.00020888313883915544,89.0,15.962000846862793
1776230201.0602021,2026-04-15T05:16:41.060202,attack_square_gpsinput_drift,02,47.3980653,8.5463057,6.316000461578369,6.090000152587891,0.009999999776482582,0.0,-1.46999990940094,-0.07694893330335617,-0.03975025191903114,-9.718143463134766,0.003394593484699726,0.002253985032439232,-0.0007849790854379535,89.0,15.962000846862793
1776230201.1670887,2026-04-15T05:16:41.167089,attack_square_gpsinput_drift,02,47.3980653,8.5463057,6.328000068664551,6.1020002365112305,0.009999999776482582,0.0,-1.46999990940094,-0.08745402097702026,-0.04393889382481575,-9.70071792602539,0.0035040511284023523,0.002994145732372999,-0.0006893802201375365,89.0,15.962000846862793
1776230201.2693892,2026-04-15T05:16:41.269389,attack_square_gpsinput_drift,02,47.3980653,8.5463057,6.328000068664551,6.1020002365112305,0.009999999776482582,0.0,-1.46999990940094,-0.08745402097702026,-0.04393889382481575,-9.70071792602539,0.0035040511284023523,0.002994145732372999,-0.0006893802201375365,89.0,15.962000846862793
1776230201.3712282,2026-04-15T05:16:41.371228,attack_square_gpsinput_drift,02,47.3980653,8.5463057,6.402000427246094,6.176000118255615,0.009999999776482582,-0.009999999776482582,-1.46999990940094,-0.08890965580940247,-0.04194391518831253,-9.759657859802246,0.004131682682782412,0.002876673126593232,-0.0018081034068018198,89.0,15.962000846862793
1776230201.4739783,2026-04-15T05:16:41.473978,attack_square_gpsinput_drift,02,47.3980654,8.5463057,6.426000118255615,6.200000286102295,0.0,-0.009999999776482582,-1.46999990940094,-0.07926490157842636,-0.042717013508081436,-9.76797866821289,0.004531461745500565,0.0016535872127860785,0.00014111862401477993,89.0,15.962000846862793
1776230201.582849,2026-04-15T05:16:41.582849,attack_square_gpsinput_drift,02,47.3980654,8.5463057,6.426000118255615,6.200000286102295,0.0,-0.009999999776482582,-1.46999990940094,-0.07926490157842636,-0.042717013508081436,-9.76797866821289,0.004531461745500565,0.0016535872127860785,0.00014111862401477993,89.0,15.962000846862793
1776230201.684518,2026-04-15T05:16:41.684518,attack_square_gpsinput_drift,02,47.3980654,8.5463057,6.463000297546387,6.236000061035156,0.0,-0.009999999776482582,-1.46999990940094,-0.08098729699850082,-0.05016559362411499,-9.728550910949707,0.0033865957520902157,0.0019796707201749086,-0.00102814263664186,89.0,15.962000846862793
1776230201.7899685,2026-04-15T05:16:41.789968,attack_square_gpsinput_drift,02,47.3980654,8.5463057,6.487000465393066,6.261000156402588,0.0,-0.009999999776482582,-1.46999990940094,-0.07424108684062958,-0.05312526598572731,-9.741119384765625,0.0023975451476871967,0.0011100316187366843,-0.0005657364963553846,89.0,15.962000846862793
1776230201.8983157,2026-04-15T05:16:41.898316,attack_square_gpsinput_drift,02,47.3980654,8.5463057,6.487000465393066,6.261000156402588,0.0,-0.009999999776482582,-1.46999990940094,-0.07424108684062958,-0.05312526598572731,-9.741119384765625,0.0023975451476871967,0.0011100316187366843,-0.0005657364963553846,89.0,15.962000846862793
1776230201.9999177,2026-04-15T05:16:41.999918,attack_square_gpsinput_drift,02,47.3980654,8.5463057,6.523000240325928,6.297000408172607,0.0,-0.009999999776482582,-1.46999990940094,-0.07336804270744324,-0.052889831364154816,-9.754704475402832,0.001248271088115871,0.00044738216092810035,-0.000587015354540199,89.0,15.962000846862793
1776230202.1018786,2026-04-15T05:16:42.101879,attack_square_gpsinput_drift,02,47.3980654,8.5463057,6.559000492095947,6.333000183105469,0.0,-0.009999999776482582,-1.46999990940094,-0.08347849547863007,-0.0560537725687027,-9.731633186340332,0.0010416603181511164,0.0007893559522926807,0.00031347476760856807,89.0,15.962000846862793
1776230202.2063615,2026-04-15T05:16:42.206362,attack_square_gpsinput_drift,02,47.3980654,8.5463057,6.584000110626221,6.357000350952148,0.0,-0.009999999776482582,-1.46999990940094,-0.07711482048034668,-0.05254610627889633,-9.820633888244629,0.0010301008587703109,0.000994820729829371,-0.00043402236769907176,89.0,15.962000846862793
1776230202.3096724,2026-04-15T05:16:42.309672,attack_square_gpsinput_drift,02,47.3980654,8.5463057,6.64400053024292,6.418000221252441,0.0,-0.009999999776482582,-1.46999990940094,-0.07839754968881607,-0.044512826949357986,-9.746767044067383,0.0003065201744902879,-0.0011063915444537997,-0.00013147620484232903,89.0,15.962000846862793
1776230202.4142253,2026-04-15T05:16:42.414225,attack_square_gpsinput_drift,02,47.3980654,8.5463057,6.64400053024292,6.418000221252441,0.0,-0.009999999776482582,-1.46999990940094,-0.07839754968881607,-0.044512826949357986,-9.746767044067383,0.0003065201744902879,-0.0011063915444537997,-0.00013147620484232903,89.0,15.962000846862793
1776230202.5167687,2026-04-15T05:16:42.516769,attack_square_gpsinput_drift,02,47.3980654,8.5463057,6.691000461578369,6.465000152587891,0.0,-0.009999999776482582,-1.459999918937683,-0.07963566482067108,-0.053764984011650085,-9.756142616271973,-0.00041110615711659193,0.0005174432881176472,4.8903137212619185e-05,89.0,15.962000846862793
1776230202.6192458,2026-04-15T05:16:42.619246,attack_square_gpsinput_drift,02,47.3980654,8.5463057,6.691000461578369,6.465000152587891,0.0,-0.009999999776482582,-1.459999918937683,-0.07963566482067108,-0.053764984011650085,-9.756142616271973,-0.00041110615711659193,0.0005174432881176472,4.8903137212619185e-05,89.0,15.962000846862793
1776230202.724221,2026-04-15T05:16:42.724221,attack_square_gpsinput_drift,02,47.3980654,8.5463057,6.7270002365112305,6.50100040435791,0.0,-0.009999999776482582,-1.459999918937683,-0.07879138737916946,-0.04799814894795418,-9.775799751281738,-0.0005094457301311195,-0.0022823787294328213,0.00027487051556818187,89.0,15.962000846862793
1776230202.8280635,2026-04-15T05:16:42.828063,attack_square_gpsinput_drift,02,47.3980654,8.5463057,6.76300048828125,6.5370001792907715,0.0,-0.009999999776482582,-1.459999918937683,-0.07833010703325272,-0.04636194556951523,-9.764100074768066,-0.0007690018392167985,-0.0033179367892444134,-0.0012297348584979773,89.0,15.962000846862793
1776230202.9311109,2026-04-15T05:16:42.931111,attack_square_gpsinput_drift,02,47.3980654,8.5463057,6.7870001792907715,6.561000347137451,0.0,-0.009999999776482582,-1.459999918937683,-0.07737400382757187,-0.04269285500049591,-9.804058074951172,-0.0016010411782190204,-0.004592830780893564,0.0004123919934500009,89.0,15.962000846862793
1776230203.0327861,2026-04-15T05:16:43.032786,attack_square_gpsinput_drift,02,47.3980654,8.5463057,6.823000431060791,6.5970001220703125,0.0,-0.009999999776482582,-1.459999918937683,-0.08305379003286362,-0.04405340179800987,-9.776995658874512,-0.0015262069646269083,-0.005139155779033899,-0.0004069413407705724,89.0,15.962000846862793
1776230203.1346774,2026-04-15T05:16:43.134677,attack_square_gpsinput_drift,02,47.3980654,8.5463057,6.8470001220703125,6.621000289916992,0.0,-0.009999999776482582,-1.459999918937683,-0.07554752379655838,-0.0370757095515728,-9.802946090698242,0.00014551937056239694,-0.0036371322348713875,-8.980516577139497e-05,89.0,15.962000846862793
1776230203.2377803,2026-04-15T05:16:43.237780,attack_square_gpsinput_drift,02,47.3980654,8.5463057,6.883000373840332,6.657000541687012,0.0,-0.009999999776482582,-1.459999918937683,-0.0808187872171402,-0.04753504693508148,-9.794363975524902,-0.0007446234812960029,-0.0038857285398989916,-0.0005888557061553001,89.0,15.962000846862793
1776230203.3649638,2026-04-15T05:16:43.364964,attack_square_gpsinput_drift,02,47.3980654,8.5463057,6.883000373840332,6.657000541687012,0.0,-0.009999999776482582,-1.459999918937683,-0.0808187872171402,-0.04753504693508148,-9.794363975524902,-0.0007446234812960029,-0.0038857285398989916,-0.0005888557061553001,89.0,15.962000846862793
1776230203.4702485,2026-04-15T05:16:43.470248,attack_square_gpsinput_drift,02,47.3980654,8.5463057,6.907000541687012,6.681000232696533,0.0,-0.009999999776482582,-1.46999990940094,-0.07346232980489731,-0.05192267894744873,-9.817275047302246,-0.0025229137390851974,-0.004663586616516113,-9.842231520451605e-05,89.0,15.962000846862793
1776230203.573167,2026-04-15T05:16:43.573167,attack_square_gpsinput_drift,02,47.3980654,8.5463057,6.907000541687012,6.681000232696533,0.0,-0.009999999776482582,-1.46999990940094,-0.07346232980489731,-0.05192267894744873,-9.817275047302246,-0.0025229137390851974,-0.004663586616516113,-9.842231520451605e-05,89.0,15.962000846862793
1776230203.6766663,2026-04-15T05:16:43.676666,attack_square_gpsinput_drift,02,47.3980654,8.5463057,6.931000232696533,6.705000400543213,0.0,-0.009999999776482582,-1.46999990940094,-0.07948443293571472,-0.05076611414551735,-9.84913158416748,-0.002683334518224001,-0.007080345880240202,0.0005502259591594338,89.0,15.962000846862793
1776230203.7779696,2026-04-15T05:16:43.777970,attack_square_gpsinput_drift,02,47.3980653,8.5463057,6.955000400543213,6.728000164031982,0.0,-0.009999999776482582,-1.46999990940094,-0.07773766666650772,-0.045937780290842056,-9.791417121887207,-0.005206308793276548,-0.007284972351044416,-0.00038520561065524817,89.0,15.962000846862793
1776230203.8788533,2026-04-15T05:16:43.878853,attack_square_gpsinput_drift,02,47.3980653,8.5463057,6.978000164031982,6.752000331878662,0.0,-0.009999999776482582,-1.46999990940094,-0.07881665229797363,-0.0448993556201458,-9.800528526306152,-0.007023965939879417,-0.004050774034112692,-0.0008342035580426455,89.0,15.962000846862793
1776230203.9830627,2026-04-15T05:16:43.983063,attack_square_gpsinput_drift,02,47.3980653,8.5463057,7.038000106811523,6.812000274658203,0.0,-0.019999999552965164,-1.4800000190734863,-0.07227080315351486,-0.044921666383743286,-9.791735649108887,-0.006788930855691433,-0.001702115056104958,-0.0009340007090941072,89.0,15.962000846862793
1776230204.0886679,2026-04-15T05:16:44.088668,attack_square_gpsinput_drift,02,47.3980653,8.5463057,7.080000400543213,6.854000091552734,0.0,-0.019999999552965164,-1.4800000190734863,-0.0745859444141388,-0.044172581285238266,-9.784932136535645,-0.006542462855577469,-0.005926217418164015,-0.0007980301743373275,89.0,15.962000846862793
1776230204.1940129,2026-04-15T05:16:44.194013,attack_square_gpsinput_drift,02,47.3980653,8.5463057,7.146000385284424,6.919000148773193,0.0,-0.019999999552965164,-1.4800000190734863,-0.07455012202262878,-0.04328903183341026,-9.724666595458984,-0.004951246548444033,-0.006095438729971647,-0.00016757384582888335,85.0,15.902000427246094
1776230204.2977765,2026-04-15T05:16:44.297776,attack_square_gpsinput_drift,02,47.3980653,8.5463057,7.1700005531311035,6.943000316619873,0.0,-0.019999999552965164,-1.4800000190734863,-0.07612160593271255,-0.047561682760715485,-9.708767890930176,-0.002552279271185398,-0.006264820229262114,0.0003140532353427261,85.0,15.902000427246094
1776230204.4095652,2026-04-15T05:16:44.409565,attack_square_gpsinput_drift,02,47.3980653,8.5463057,7.206000328063965,6.979000568389893,0.0,-0.019999999552965164,-1.4800000190734863,-0.07237690687179565,-0.043593812733888626,-9.74631404876709,-0.003215281292796135,-0.006527373101562262,-0.000524448580108583,85.0,15.902000427246094
1776230204.5151904,2026-04-15T05:16:44.515190,attack_square_gpsinput_drift,02,47.3980653,8.5463057,7.229000568389893,7.003000259399414,0.0,-0.019999999552965164,-1.4800000190734863,-0.07298175990581512,-0.04572258144617081,-9.7462739944458,-0.0028274180367588997,-0.006496048998087645,0.0003863807360175997,85.0,15.902000427246094
1776230204.6172163,2026-04-15T05:16:44.617216,attack_square_gpsinput_drift,02,47.3980653,8.5463057,7.265000343322754,7.039000511169434,0.0,-0.019999999552965164,-1.4800000190734863,-0.07288960367441177,-0.038067013025283813,-9.77734661102295,-0.003502743551507592,-0.008599824272096157,-0.0007672150968573987,85.0,15.902000427246094
1776230204.7188787,2026-04-15T05:16:44.718879,attack_square_gpsinput_drift,02,47.3980653,8.5463057,7.289000511169434,7.063000202178955,0.0,-0.019999999552965164,-1.4800000190734863,-0.07450619339942932,-0.05004756152629852,-9.762539863586426,-0.00232724123634398,-0.008988612331449986,-0.0004777597787324339,85.0,15.902000427246094
1776230204.8204796,2026-04-15T05:16:44.820480,attack_square_gpsinput_drift,02,47.3980653,8.5463057,7.314000129699707,7.087000370025635,0.0,-0.019999999552965164,-1.4800000190734863,-0.08210043609142303,-0.04351205378770828,-9.766364097595215,-0.0037403511814773083,-0.01039271242916584,0.00037066536606289446,85.0,15.902000427246094
1776230204.9227712,2026-04-15T05:16:44.922771,attack_square_gpsinput_drift,02,47.3980653,8.5463057,7.338000297546387,7.112000465393066,0.0,-0.019999999552965164,-1.4800000190734863,-0.0697605237364769,-0.03773105517029762,-9.78345012664795,-0.0018216519383713603,-0.00920096319168806,-9.107848745770752e-05,85.0,15.902000427246094
1776230205.0239747,2026-04-15T05:16:45.023975,attack_square_gpsinput_drift,02,47.3980653,8.5463057,7.398000240325928,7.172000408172607,-0.009999999776482582,-0.019999999552965164,-1.4800000190734863,-0.07674373686313629,-0.04687462002038956,-9.753320693969727,-0.002650541951879859,-0.009825608693063259,0.0003898893191944808,85.0,15.902000427246094
1776230205.1258194,2026-04-15T05:16:45.125819,attack_square_gpsinput_drift,02,47.3980653,8.5463057,7.422000408172607,7.196000576019287,-0.009999999776482582,-0.019999999552965164,-1.4800000190734863,-0.08149486035108566,-0.04927699640393257,-9.747678756713867,-0.003689164062961936,-0.011076823808252811,-3.215664764866233e-05,85.0,15.902000427246094
1776230205.2278419,2026-04-15T05:16:45.227842,attack_square_gpsinput_drift,02,47.3980653,8.5463057,7.499000549316406,7.273000240325928,-0.009999999776482582,-0.019999999552965164,-1.4800000190734863,-0.08450854569673538,-0.04570452868938446,-9.804977416992188,-0.004857372958213091,-0.010225188918411732,-0.0010426039807498455,85.0,15.902000427246094
1776230205.3300338,2026-04-15T05:16:45.330034,attack_square_gpsinput_drift,02,47.3980652,8.5463057,7.523000240325928,7.297000408172607,-0.009999999776482582,-0.019999999552965164,-1.4800000190734863,-0.06968962401151657,-0.03771745413541794,-9.737887382507324,-0.005056004971265793,-0.009211396798491478,0.0004565446579363197,85.0,15.902000427246094
1776230205.431824,2026-04-15T05:16:45.431824,attack_square_gpsinput_drift,02,47.3980652,8.5463057,7.559000492095947,7.333000183105469,-0.009999999776482582,-0.019999999552965164,-1.4800000190734863,-0.07348039746284485,-0.045581985265016556,-9.760552406311035,-0.0028265269938856363,-0.010031482204794884,0.0007592582842335105,85.0,15.902000427246094
1776230205.537154,2026-04-15T05:16:45.537154,attack_square_gpsinput_drift,02,47.3980652,8.5463057,7.583000183105469,7.357000350952148,-0.009999999776482582,-0.019999999552965164,-1.4800000190734863,-0.0873236209154129,-0.0416298434138298,-9.751696586608887,-0.0031879425514489412,-0.010193003341555595,-0.0008613222744315863,85.0,15.902000427246094
1776230205.6386054,2026-04-15T05:16:45.638605,attack_square_gpsinput_drift,02,47.3980652,8.5463057,7.607000350952148,7.381000518798828,-0.009999999776482582,-0.019999999552965164,-1.4800000190734863,-0.0801072046160698,-0.04969986528158188,-9.77412223815918,-0.002567570423707366,-0.009837712161242962,0.0002610516094136983,85.0,15.902000427246094
1776230205.7427268,2026-04-15T05:16:45.742727,attack_square_gpsinput_drift,02,47.3980652,8.5463056,7.64900016784668,7.423000335693359,-0.009999999776482582,-0.019999999552965164,-1.4800000190734863,-0.07556911557912827,-0.04485493525862694,-9.838157653808594,-0.00325183616951108,-0.009234784170985222,0.00020183619926683605,85.0,15.902000427246094
1776230205.8459117,2026-04-15T05:16:45.845912,attack_square_gpsinput_drift,02,47.3980652,8.5463056,7.673000335693359,7.446000576019287,-0.009999999776482582,-0.019999999552965164,-1.4800000190734863,-0.06785140186548233,-0.042233906686306,-9.750692367553711,-0.0031728039029985666,-0.009649171493947506,0.0003183157241437584,85.0,15.902000427246094
1776230205.9466116,2026-04-15T05:16:45.946612,attack_square_gpsinput_drift,02,47.3980652,8.5463056,7.7330002784729,7.506000518798828,-0.009999999776482582,-0.019999999552965164,-1.46999990940094,-0.07486996799707413,-0.04651741683483124,-9.60814380645752,-0.0018408515024930239,-0.010137307457625866,-0.00027131492970511317,85.0,15.902000427246094
1776230206.0478995,2026-04-15T05:16:46.047899,attack_square_gpsinput_drift,02,47.3980652,8.5463056,7.756000518798828,7.53000020980835,-0.009999999776482582,-0.029999999329447746,-1.46999990940094,-0.0790538638830185,-0.04556960612535477,-9.553939819335938,-0.0023774949368089437,-0.01046628039330244,-0.0006100763566792011,85.0,15.902000427246094
1776230206.149806,2026-04-15T05:16:46.149806,attack_square_gpsinput_drift,02,47.3980652,8.5463056,7.78000020980835,7.554000377655029,-0.009999999776482582,-0.029999999329447746,-1.46999990940094,-0.07563473284244537,-0.05033520981669426,-9.483077049255371,-0.0011289998656138778,-0.0075504290871322155,0.0013738326961174607,85.0,15.902000427246094
1776230206.2640195,2026-04-15T05:16:46.264019,attack_square_gpsinput_drift,02,47.3980652,8.5463056,7.804000377655029,7.578000545501709,-0.009999999776482582,-0.029999999329447746,-1.459999918937683,-0.07076612114906311,-0.040223654359579086,-9.352545738220215,-0.001663133269175887,-0.00706243421882391,-0.0006990107940509915,85.0,15.902000427246094
1776230206.3669043,2026-04-15T05:16:46.366904,attack_square_gpsinput_drift,02,47.3980652,8.5463056,7.827000141143799,7.6010003089904785,-0.009999999776482582,-0.029999999329447746,-1.4399999380111694,-0.07680822908878326,-0.044954635202884674,-9.229869842529297,-0.0012038066051900387,-0.00624483497813344,5.6998105719685555e-05,85.0,15.902000427246094
1776230206.4745536,2026-04-15T05:16:46.474554,attack_square_gpsinput_drift,02,47.3980652,8.5463056,7.874000549316406,7.648000240325928,-0.009999999776482582,-0.029999999329447746,-1.4299999475479126,-0.0723801702260971,-0.045276641845703125,-9.19061279296875,-0.0026349080726504326,-0.006753250025212765,-0.0009736472275108099,85.0,15.902000427246094
1776230206.5775032,2026-04-15T05:16:46.577503,attack_square_gpsinput_drift,02,47.3980652,8.5463056,7.897000312805176,7.6710004806518555,-0.009999999776482582,-0.029999999329447746,-1.4199999570846558,-0.06779462844133377,-0.05428135395050049,-9.178061485290527,-0.0026235459372401237,-0.008083377033472061,-0.0010260128183290362,85.0,15.902000427246094
1776230206.678571,2026-04-15T05:16:46.678571,attack_square_gpsinput_drift,02,47.3980652,8.5463056,7.9200005531311035,7.693000316619873,-0.009999999776482582,-0.029999999329447746,-1.409999966621399,-0.07578465342521667,-0.04405151680111885,-9.204935073852539,-0.002070527756586671,-0.007319668773561716,0.0012568774400278926,85.0,15.902000427246094
1776230206.77979,2026-04-15T05:16:46.779790,attack_square_gpsinput_drift,02,47.3980652,8.5463056,7.959000587463379,7.7330002784729,0.0,-0.029999999329447746,-1.399999976158142,-0.07198439538478851,-0.03783852607011795,-9.178240776062012,-0.001213592360727489,-0.008388162590563297,0.0004628229944501072,85.0,15.902000427246094
1776230206.8839226,2026-04-15T05:16:46.883923,attack_square_gpsinput_drift,02,47.3980652,8.5463056,8.015000343322754,7.788000583648682,0.0,-0.029999999329447746,-1.3700000047683716,-0.07398337125778198,-0.04597873613238335,-9.257528305053711,-0.0005395282641984522,-0.004967556335031986,0.0011367873521521688,85.0,15.902000427246094
1776230206.9855444,2026-04-15T05:16:46.985544,attack_square_gpsinput_drift,02,47.3980651,8.5463056,8.058000564575195,7.832000255584717,0.0,-0.029999999329447746,-1.3600000143051147,-0.07299722731113434,-0.04486047476530075,-9.312809944152832,-0.00031861229217611253,-0.005739373154938221,0.0005816791672259569,85.0,15.902000427246094
1776230207.0869222,2026-04-15T05:16:47.086922,attack_square_gpsinput_drift,02,47.3980651,8.5463056,8.079999923706055,7.853000164031982,0.0,-0.029999999329447746,-1.350000023841858,-0.07341920584440231,-0.04106859117746353,-9.314922332763672,-0.0009008541819639504,-0.007243584841489792,0.0020429114811122417,85.0,15.902000427246094
1776230207.190162,2026-04-15T05:16:47.190162,attack_square_gpsinput_drift,02,47.3980651,8.5463056,8.101000785827637,7.875000476837158,0.0,-0.029999999329447746,-1.3399999141693115,-0.07916656136512756,-0.04661101475358009,-9.286965370178223,-0.0007485805545002222,-0.0055051445960998535,0.0015276907943189144,85.0,15.902000427246094
1776230207.2941208,2026-04-15T05:16:47.294121,attack_square_gpsinput_drift,02,47.3980651,8.5463056,8.101000785827637,7.875000476837158,0.0,-0.029999999329447746,-1.3399999141693115,-0.07916656136512756,-0.04661101475358009,-9.286965370178223,-0.0007485805545002222,-0.0055051445960998535,0.0015276907943189144,85.0,15.902000427246094
1776230207.3982656,2026-04-15T05:16:47.398266,attack_square_gpsinput_drift,02,47.3980651,8.5463056,8.101000785827637,7.875000476837158,0.0,-0.029999999329447746,-1.3399999141693115,-0.06968080252408981,-0.04598061367869377,-9.275933265686035,-0.00039166142232716084,-0.005826056469231844,0.00017430147272534668,85.0,15.902000427246094
1776230207.5016456,2026-04-15T05:16:47.501646,attack_square_gpsinput_drift,02,47.3980651,8.546305499999999,8.1850004196167,7.959000587463379,0.0,-0.029999999329447746,-1.309999942779541,-0.08478435128927231,-0.05056418105959892,-9.316402435302734,0.0024050045758485794,-0.006403716281056404,0.0012408873299136758,85.0,15.902000427246094
1776230207.6060994,2026-04-15T05:16:47.606099,attack_square_gpsinput_drift,02,47.3980651,8.546305499999999,8.206000328063965,7.979000568389893,0.0,-0.029999999329447746,-1.2899999618530273,-0.07193992286920547,-0.04663383588194847,-9.318479537963867,0.0027682881336659193,-0.006553507875651121,0.00029832989093847573,85.0,15.902000427246094
1776230207.7093909,2026-04-15T05:16:47.709391,attack_square_gpsinput_drift,02,47.3980651,8.546305499999999,8.236000061035156,8.010000228881836,0.0,-0.029999999329447746,-1.2899999618530273,-0.0739797055721283,-0.04294850304722786,-9.318143844604492,0.0024859614204615355,-0.00655735656619072,-0.00018974044360220432,85.0,15.902000427246094
1776230207.8121533,2026-04-15T05:16:47.812153,attack_square_gpsinput_drift,02,47.3980651,8.546305499999999,8.266000747680664,8.039999961853027,0.0,-0.029999999329447746,-1.2699999809265137,-0.07650665193796158,-0.051594335585832596,-9.314367294311523,0.0019428633386269212,-0.0059014069847762585,0.00202863197773695,85.0,15.902000427246094
1776230207.97071,2026-04-15T05:16:47.970710,attack_square_gpsinput_drift,02,47.3980651,8.546305499999999,8.28700065612793,8.0600004196167,0.0,-0.029999999329447746,-1.2699999809265137,-0.07471520453691483,-0.038756199181079865,-9.369043350219727,0.001517457072623074,-0.005415473133325577,0.00048346028779633343,85.0,15.902000427246094
1776230208.0745897,2026-04-15T05:16:48.074590,attack_square_gpsinput_drift,02,47.3980651,8.546305499999999,8.315999984741211,8.09000015258789,0.0,-0.029999999329447746,-1.2599999904632568,-0.07678695023059845,-0.03577055782079697,-9.360488891601562,0.0036204741336405277,-0.004636392462998629,-0.00032933877082541585,85.0,15.902000427246094
1776230208.1763065,2026-04-15T05:16:48.176306,attack_square_gpsinput_drift,02,47.3980651,8.546305499999999,8.315999984741211,8.09000015258789,0.0,-0.029999999329447746,-1.2599999904632568,-0.07678695023059845,-0.03577055782079697,-9.360488891601562,0.0036204741336405277,-0.004636392462998629,-0.00032933877082541585,85.0,15.902000427246094
1776230208.2778096,2026-04-15T05:16:48.277810,attack_square_gpsinput_drift,02,47.3980651,8.546305499999999,8.346000671386719,8.120000839233398,0.0,-0.029999999329447746,-1.25,-0.06862413883209229,-0.051334198564291,-9.426881790161133,0.0033095963299274445,-0.005858317017555237,0.0009905688930302858,85.0,15.902000427246094
1776230208.3807507,2026-04-15T05:16:48.380751,attack_square_gpsinput_drift,02,47.3980651,8.546305499999999,8.37600040435791,8.14900016784668,0.0,-0.029999999329447746,-1.2400000095367432,-0.07593557983636856,-0.04491053521633148,-9.410032272338867,0.003215981647372246,-0.005124450661242008,0.0010693796211853623,85.0,15.902000427246094
1776230208.4827533,2026-04-15T05:16:48.482753,attack_square_gpsinput_drift,02,47.3980651,8.546305499999999,8.37600040435791,8.14900016784668,0.0,-0.029999999329447746,-1.2400000095367432,-0.07593557983636856,-0.04491053521633148,-9.410032272338867,0.003215981647372246,-0.005124450661242008,0.0010693796211853623,85.0,15.902000427246094
1776230208.586056,2026-04-15T05:16:48.586056,attack_square_gpsinput_drift,02,47.3980651,8.546305499999999,8.395000457763672,8.169000625610352,0.0,-0.029999999329447746,-1.2300000190734863,-0.06682337820529938,-0.04595294967293739,-9.396821975708008,0.002424841746687889,-0.005295492708683014,-0.00018993447883985937,85.0,15.902000427246094
1776230208.6959288,2026-04-15T05:16:48.695929,attack_square_gpsinput_drift,02,47.3980651,8.546305499999999,8.405000686645508,8.179000854492188,0.0,-0.029999999329447746,-1.2300000190734863,-0.0689130499958992,-0.039756420999765396,-9.362435340881348,0.003864385187625885,-0.004411843605339527,0.0009668514830991626,85.0,15.902000427246094
1776230208.8080833,2026-04-15T05:16:48.808083,attack_square_gpsinput_drift,02,47.3980651,8.5463054,8.449000358581543,8.222000122070312,0.0,-0.029999999329447746,-1.209999918937683,-0.07131537795066833,-0.046061623841524124,-9.418201446533203,0.0033608335070312023,-0.005158344283699989,-0.00010147932334803045,85.0,15.902000427246094
1776230208.9131613,2026-04-15T05:16:48.913161,attack_square_gpsinput_drift,02,47.3980651,8.5463054,8.496000289916992,8.270000457763672,0.0,-0.029999999329447746,-1.1899999380111694,-0.07732661068439484,-0.04510366916656494,-9.353170394897461,0.004165054298937321,-0.004748573061078787,-0.00027289529680274427,85.0,15.902000427246094
1776230209.02149,2026-04-15T05:16:49.021490,attack_square_gpsinput_drift,02,47.3980651,8.5463054,8.534000396728516,8.307000160217285,0.0,-0.029999999329447746,-1.1799999475479126,-0.07284046709537506,-0.04422013461589813,-9.39591121673584,0.004548666533082724,-0.00450613908469677,0.0005371104925870895,85.0,15.902000427246094
1776230209.129347,2026-04-15T05:16:49.129347,attack_square_gpsinput_drift,02,47.3980651,8.5463054,8.552000045776367,8.326000213623047,0.0,-0.029999999329447746,-1.1699999570846558,-0.07575596868991852,-0.052410587668418884,-9.373430252075195,0.003224870190024376,-0.004698543343693018,-0.0010959361679852009,85.0,15.902000427246094
1776230209.2323725,2026-04-15T05:16:49.232373,attack_square_gpsinput_drift,02,47.3980651,8.5463054,8.580000877380371,8.354000091552734,0.0,-0.029999999329447746,-1.159999966621399,-0.06986110657453537,-0.04424004256725311,-9.371309280395508,0.004117864184081554,-0.006487326696515083,-0.0004738690913654864,85.0,15.902000427246094
1776230209.3342671,2026-04-15T05:16:49.334267,attack_square_gpsinput_drift,02,47.3980651,8.5463054,8.580000877380371,8.354000091552734,0.0,-0.029999999329447746,-1.159999966621399,-0.06986110657453537,-0.04424004256725311,-9.371309280395508,0.004117864184081554,-0.006487326696515083,-0.0004738690913654864,85.0,15.902000427246094
1776230209.4372797,2026-04-15T05:16:49.437280,attack_square_gpsinput_drift,02,47.3980651,8.5463054,8.60300064086914,8.37700080871582,0.0,-0.029999999329447746,-1.149999976158142,-0.07219552248716354,-0.044302597641944885,-9.406486511230469,0.004779208917170763,-0.005405985284596682,-0.0003728956507984549,85.0,15.902000427246094
1776230209.5386286,2026-04-15T05:16:49.538629,attack_square_gpsinput_drift,02,47.3980651,8.5463054,8.60300064086914,8.37700080871582,0.0,-0.029999999329447746,-1.149999976158142,-0.07219552248716354,-0.044302597641944885,-9.406486511230469,0.004779208917170763,-0.005405985284596682,-0.0003728956507984549,85.0,15.902000427246094
1776230209.6410322,2026-04-15T05:16:49.641032,attack_square_gpsinput_drift,02,47.3980651,8.5463053,8.630000114440918,8.404000282287598,0.0,-0.029999999329447746,-1.1399999856948853,-0.07791008800268173,-0.040855664759874344,-9.377240180969238,0.004676865879446268,-0.0033414182253181934,3.1568255508318543e-05,85.0,15.902000427246094
1776230209.7462084,2026-04-15T05:16:49.746208,attack_square_gpsinput_drift,02,47.3980651,8.5463053,8.657000541687012,8.431000709533691,0.0,-0.029999999329447746,-1.1299999952316284,-0.07519928365945816,-0.05297662690281868,-9.384237289428711,0.00576730677857995,-0.002554834121838212,-0.001244842540472746,85.0,15.902000427246094
1776230209.8474705,2026-04-15T05:16:49.847471,attack_square_gpsinput_drift,02,47.3980651,8.5463053,8.675000190734863,8.449000358581543,0.0,-0.029999999329447746,-1.1200000047683716,-0.077945277094841,-0.03975503891706467,-9.364086151123047,0.005846301559358835,-0.001378278830088675,0.0010980569059029222,85.0,15.902000427246094
1776230209.9599316,2026-04-15T05:16:49.959932,attack_square_gpsinput_drift,02,47.3980651,8.5463053,8.693000793457031,8.467000007629395,0.0,-0.029999999329447746,-1.1200000047683716,-0.07438400387763977,-0.04481670632958412,-9.353002548217773,0.006285105831921101,-0.003336555790156126,-0.0014604032039642334,85.0,15.902000427246094
1776230210.077819,2026-04-15T05:16:50.077819,attack_square_gpsinput_drift,02,47.3980651,8.5463053,8.693000793457031,8.467000007629395,0.0,-0.029999999329447746,-1.1200000047683716,-0.07438400387763977,-0.04481670632958412,-9.353002548217773,0.006285105831921101,-0.003336555790156126,-0.0014604032039642334,85.0,15.902000427246094
1776230210.180646,2026-04-15T05:16:50.180646,attack_square_gpsinput_drift,02,47.3980651,8.5463053,8.720000267028809,8.493000030517578,0.0,-0.029999999329447746,-1.1100000143051147,-0.08326353132724762,-0.05111684650182724,-9.390313148498535,0.0070626880042254925,-0.0015488829230889678,-0.00013190516619943082,85.0,15.902000427246094
1776230210.2817762,2026-04-15T05:16:50.281776,attack_square_gpsinput_drift,02,47.3980651,8.5463053,8.737000465393066,8.511000633239746,0.0,-0.019999999552965164,-1.100000023841858,-0.08371987193822861,-0.04210154712200165,-9.381877899169922,0.007485682610422373,0.00023852178128436208,5.206456989981234e-05,85.0,15.902000427246094
1776230210.3903162,2026-04-15T05:16:50.390316,attack_square_gpsinput_drift,02,47.3980651,8.5463053,8.737000465393066,8.511000633239746,0.0,-0.019999999552965164,-1.100000023841858,-0.08371987193822861,-0.04210154712200165,-9.381877899169922,0.007485682610422373,0.00023852178128436208,5.206456989981234e-05,85.0,15.902000427246094
1776230210.4930909,2026-04-15T05:16:50.493091,attack_square_gpsinput_drift,02,47.3980651,8.5463053,8.772000312805176,8.546000480651855,0.0,-0.019999999552965164,-1.0799999237060547,-0.06932814419269562,-0.05187910795211792,-9.40458869934082,0.008279978297650814,-0.0014685173518955708,-0.0005513065261766315,85.0,15.902000427246094
1776230210.6032572,2026-04-15T05:16:50.603257,attack_square_gpsinput_drift,02,47.3980651,8.5463053,8.780000686645508,8.554000854492188,0.0,-0.019999999552965164,-1.0799999237060547,-0.07801666110754013,-0.04748828336596489,-9.377115249633789,0.008309097960591316,-0.0017058311495929956,0.00026665860787034035,85.0,15.902000427246094
1776230210.7079067,2026-04-15T05:16:50.707907,attack_square_gpsinput_drift,02,47.3980651,8.5463053,8.780000686645508,8.554000854492188,0.0,-0.019999999552965164,-1.0799999237060547,-0.07801666110754013,-0.04748828336596489,-9.377115249633789,0.008309097960591316,-0.0017058311495929956,0.00026665860787034035,85.0,15.902000427246094
1776230210.8199532,2026-04-15T05:16:50.819953,attack_square_gpsinput_drift,02,47.3980651,8.5463053,8.806000709533691,8.580000877380371,0.0,-0.019999999552965164,-1.0699999332427979,-0.08258604258298874,-0.04735814779996872,-9.386935234069824,0.006505684461444616,-0.0006254234467633069,-0.0005903329001739621,85.0,15.902000427246094
1776230210.9242594,2026-04-15T05:16:50.924259,attack_square_gpsinput_drift,02,47.3980651,8.5463053,8.822999954223633,8.597000122070312,0.0,-0.019999999552965164,-1.059999942779541,-0.07979626953601837,-0.0436258390545845,-9.383064270019531,0.006401544436812401,0.00033546247868798673,-0.00010870894766412675,85.0,15.902000427246094
1776230211.0261374,2026-04-15T05:16:51.026137,attack_square_gpsinput_drift,02,47.3980651,8.546305199999999,8.848000526428223,8.622000694274902,0.009999999776482582,-0.019999999552965164,-1.0499999523162842,-0.07583149522542953,-0.03656458854675293,-9.376632690429688,0.0070018889382481575,-0.00035726226633414626,-0.00026623549638316035,85.0,15.902000427246094
1776230211.1296256,2026-04-15T05:16:51.129626,attack_square_gpsinput_drift,02,47.3980651,8.546305199999999,8.86500072479248,8.638999938964844,0.009999999776482582,-0.019999999552965164,-1.0499999523162842,-0.06813935935497284,-0.039541102945804596,-9.402523040771484,0.006153256632387638,0.000487100041937083,-0.00048317539039999247,85.0,15.902000427246094
1776230211.2306893,2026-04-15T05:16:51.230689,attack_square_gpsinput_drift,02,47.3980651,8.546305199999999,8.86500072479248,8.638999938964844,0.009999999776482582,-0.019999999552965164,-1.0499999523162842,-0.06813935935497284,-0.039541102945804596,-9.402523040771484,0.006153256632387638,0.000487100041937083,-0.00048317539039999247,85.0,15.902000427246094
1776230211.3321497,2026-04-15T05:16:51.332150,attack_square_gpsinput_drift,02,47.3980651,8.546305199999999,8.881000518798828,8.655000686645508,0.009999999776482582,-0.019999999552965164,-1.0399999618530273,-0.07528771460056305,-0.03978130593895912,-9.401936531066895,0.0035890545696020126,-0.00032039062352851033,-0.0011034075869247317,85.0,15.902000427246094
1776230211.4431298,2026-04-15T05:16:51.443130,attack_square_gpsinput_drift,02,47.3980651,8.546305199999999,8.881000518798828,8.655000686645508,0.009999999776482582,-0.019999999552965164,-1.0399999618530273,-0.07504460215568542,-0.044260263442993164,-9.391441345214844,0.0034705186262726784,-0.0016480415361002088,-0.00012232406879775226,85.0,15.902000427246094
1776230211.5470176,2026-04-15T05:16:51.547018,attack_square_gpsinput_drift,02,47.3980651,8.546305199999999,8.906000137329102,8.680000305175781,0.009999999776482582,-0.019999999552965164,-1.0299999713897705,-0.07504460215568542,-0.044260263442993164,-9.391441345214844,0.0034705186262726784,-0.0016480415361002088,-0.00012232406879775226,85.0,15.902000427246094
1776230211.6501997,2026-04-15T05:16:51.650200,attack_square_gpsinput_drift,02,47.3980651,8.546305199999999,8.92300033569336,8.696000099182129,0.009999999776482582,-0.019999999552965164,-1.0199999809265137,-0.07342793792486191,-0.048595868051052094,-9.386768341064453,0.0023864407557994127,-0.0019271505298092961,-0.00058464624453336,85.0,15.902000427246094
1776230211.7608776,2026-04-15T05:16:51.760878,attack_square_gpsinput_drift,02,47.3980651,8.546305199999999,8.92300033569336,8.696000099182129,0.009999999776482582,-0.019999999552965164,-1.0199999809265137,-0.07342793792486191,-0.048595868051052094,-9.386768341064453,0.0023864407557994127,-0.0019271505298092961,-0.00058464624453336,85.0,15.902000427246094
1776230211.8645275,2026-04-15T05:16:51.864527,attack_square_gpsinput_drift,02,47.3980651,8.546305199999999,8.951000213623047,8.725000381469727,0.009999999776482582,-0.019999999552965164,-1.0099999904632568,-0.0784427672624588,-0.044264256954193115,-9.403578758239746,0.0034288205206394196,-0.002767653204500675,-0.0005643856129609048,85.0,15.902000427246094
1776230211.9686594,2026-04-15T05:16:51.968659,attack_square_gpsinput_drift,02,47.3980651,8.546305199999999,8.951000213623047,8.725000381469727,0.009999999776482582,-0.019999999552965164,-1.0099999904632568,-0.0784427672624588,-0.044264256954193115,-9.403578758239746,0.0034288205206394196,-0.002767653204500675,-0.0005643856129609048,85.0,15.902000427246094
1776230212.080911,2026-04-15T05:16:52.080911,attack_square_gpsinput_drift,02,47.3980651,8.546305199999999,8.951000213623047,8.725000381469727,0.009999999776482582,-0.019999999552965164,-1.0099999904632568,-0.0784427672624588,-0.044264256954193115,-9.403578758239746,0.0034288205206394196,-0.002767653204500675,-0.0005643856129609048,85.0,15.902000427246094
1776230212.1827734,2026-04-15T05:16:52.182773,attack_square_gpsinput_drift,02,47.3980651,8.546305199999999,8.991000175476074,8.765000343322754,0.009999999776482582,-0.019999999552965164,-0.9899999499320984,-0.07533792406320572,-0.04735919088125229,-9.388509750366211,0.0033122927416116,-0.00048001817776821554,-0.0004354853881523013,85.0,15.902000427246094
1776230212.2873201,2026-04-15T05:16:52.287320,attack_square_gpsinput_drift,02,47.3980651,8.546305199999999,9.006999969482422,8.780000686645508,0.009999999776482582,-0.019999999552965164,-0.9799999594688416,-0.07323835790157318,-0.042464591562747955,-9.396486282348633,0.0027307160198688507,-0.0003909063816536218,-0.0004621152183972299,85.0,15.902000427246094
1776230212.3909988,2026-04-15T05:16:52.390999,attack_square_gpsinput_drift,02,47.3980651,8.546305199999999,9.006999969482422,8.780000686645508,0.009999999776482582,-0.019999999552965164,-0.9799999594688416,-0.07323835790157318,-0.042464591562747955,-9.396486282348633,0.0027307160198688507,-0.0003909063816536218,-0.0004621152183972299,85.0,15.902000427246094
1776230212.4957163,2026-04-15T05:16:52.495716,attack_square_gpsinput_drift,02,47.3980651,8.546305199999999,9.030000686645508,8.804000854492188,0.009999999776482582,-0.019999999552965164,-0.9799999594688416,-0.08030860871076584,-0.04642246291041374,-9.394230842590332,0.0048831854946911335,0.00045807420974597335,-0.00027320004301145673,85.0,15.902000427246094
1776230212.5981128,2026-04-15T05:16:52.598113,attack_square_gpsinput_drift,02,47.3980651,8.546305199999999,9.030000686645508,8.804000854492188,0.009999999776482582,-0.019999999552965164,-0.9799999594688416,-0.08030860871076584,-0.04642246291041374,-9.394230842590332,0.0048831854946911335,0.00045807420974597335,-0.00027320004301145673,85.0,15.902000427246094
1776230212.700413,2026-04-15T05:16:52.700413,attack_square_gpsinput_drift,02,47.3980651,8.546305199999999,9.045000076293945,8.819000244140625,0.009999999776482582,-0.019999999552965164,-0.9699999690055847,-0.07696142047643661,-0.044910043478012085,-9.370255470275879,0.002082748571410775,8.794342284090817e-05,-0.0004182643024250865,85.0,15.902000427246094
1776230212.8061073,2026-04-15T05:16:52.806107,attack_square_gpsinput_drift,02,47.3980651,8.546305199999999,9.045000076293945,8.819000244140625,0.009999999776482582,-0.019999999552965164,-0.9699999690055847,-0.07696142047643661,-0.044910043478012085,-9.370255470275879,0.002082748571410775,8.794342284090817e-05,-0.0004182643024250865,85.0,15.902000427246094
1776230212.9087212,2026-04-15T05:16:52.908721,attack_square_gpsinput_drift,02,47.3980651,8.5463051,9.088000297546387,8.861000061035156,0.009999999776482582,-0.019999999552965164,-0.949999988079071,-0.06573080271482468,-0.04496069252490997,-9.519807815551758,0.0016352263046428561,-0.0003057779686059803,-0.001406086259521544,85.0,15.902000427246094
1776230213.0201657,2026-04-15T05:16:53.020166,attack_square_gpsinput_drift,02,47.3980651,8.5463051,9.10300064086914,8.87600040435791,0.009999999776482582,-0.019999999552965164,-0.949999988079071,-0.07693452388048172,-0.04117313772439957,-9.49486255645752,0.0028640804812312126,-0.0005854987539350986,0.0002498082467354834,85.0,15.902000427246094
1776230213.122973,2026-04-15T05:16:53.122973,attack_square_gpsinput_drift,02,47.3980651,8.5463051,9.118000030517578,8.891000747680664,0.009999999776482582,-0.009999999776482582,-0.9399999976158142,-0.07711441069841385,-0.04000978171825409,-9.442662239074707,0.0025744556915014982,-0.0007439704495482147,-0.00014133764489088207,85.0,15.902000427246094
1776230213.2297328,2026-04-15T05:16:53.229733,attack_square_gpsinput_drift,02,47.3980651,8.5463051,9.118000030517578,8.891000747680664,0.009999999776482582,-0.009999999776482582,-0.9399999976158142,-0.07711441069841385,-0.04000978171825409,-9.442662239074707,0.0025744556915014982,-0.0007439704495482147,-0.00014133764489088207,85.0,15.902000427246094
1776230213.355091,2026-04-15T05:16:53.355091,attack_square_gpsinput_drift,02,47.3980651,8.5463051,9.131999969482422,8.906000137329102,0.009999999776482582,-0.009999999776482582,-0.9399999976158142,-0.08286791294813156,-0.03692216798663139,-9.423765182495117,0.003353018779307604,-0.0010478685144335032,0.00027439265977591276,85.0,15.902000427246094
1776230213.46419,2026-04-15T05:16:53.464190,attack_square_gpsinput_drift,02,47.3980651,8.5463051,9.147000312805176,8.921000480651855,0.009999999776482582,-0.009999999776482582,-0.9300000071525574,-0.07686097919940948,-0.04447823390364647,-9.345378875732422,0.0030261781066656113,0.002307945629581809,0.000313617754727602,85.0,15.902000427246094
1776230213.5665672,2026-04-15T05:16:53.566567,attack_square_gpsinput_drift,02,47.3980651,8.5463051,9.169000625610352,8.943000793457031,0.009999999776482582,-0.009999999776482582,-0.9199999570846558,-0.07534053176641464,-0.04731346666812897,-9.351337432861328,0.0027427179738879204,-0.0016644784482195973,-0.00021141105389688164,85.0,15.902000427246094
1776230213.6888106,2026-04-15T05:16:53.688811,attack_square_gpsinput_drift,02,47.3980651,8.5463051,9.194000244140625,8.968000411987305,0.009999999776482582,-0.009999999776482582,-0.8999999761581421,-0.07716075330972672,-0.04067235440015793,-9.397254943847656,0.0015914806863293052,-0.0017383303493261337,0.0002389554283581674,85.0,15.902000427246094
1776230213.794281,2026-04-15T05:16:53.794281,attack_square_gpsinput_drift,02,47.3980651,8.5463051,9.194000244140625,8.968000411987305,0.009999999776482582,-0.009999999776482582,-0.8999999761581421,-0.07716075330972672,-0.04067235440015793,-9.397254943847656,0.0015914806863293052,-0.0017383303493261337,0.0002389554283581674,85.0,15.902000427246094
1776230213.8979425,2026-04-15T05:16:53.897943,attack_square_gpsinput_drift,02,47.3980651,8.5463051,9.208000183105469,8.982000350952148,0.009999999776482582,-0.009999999776482582,-0.8999999761581421,-0.07782255858182907,-0.044824086129665375,-9.400005340576172,0.0018527553183957934,-0.001134508172981441,0.0006304518319666386,85.0,15.902000427246094
1776230214.002883,2026-04-15T05:16:54.002883,attack_square_gpsinput_drift,02,47.3980651,8.5463051,9.229000091552734,9.003000259399414,0.009999999776482582,-0.009999999776482582,-0.8899999856948853,-0.0767119750380516,-0.04105213284492493,-9.353254318237305,3.6548502976074815e-05,-0.0020495527423918247,0.000523805501870811,85.0,15.902000427246094
1776230214.1047592,2026-04-15T05:16:54.104759,attack_square_gpsinput_drift,02,47.3980651,8.5463051,9.243000030517578,9.017000198364258,0.009999999776482582,-0.009999999776482582,-0.8899999856948853,-0.08324933797121048,-0.04065084084868431,-9.361283302307129,0.00014313950669020414,-0.003145939903333783,-0.0005332020809873939,85.0,15.902000427246094
1776230214.2060196,2026-04-15T05:16:54.206020,attack_square_gpsinput_drift,02,47.3980651,8.5463051,9.243000030517578,9.017000198364258,0.009999999776482582,-0.009999999776482582,-0.8899999856948853,-0.08324933797121048,-0.04065084084868431,-9.361283302307129,0.00014313950669020414,-0.003145939903333783,-0.0005332020809873939,85.0,15.902000427246094
1776230214.3135753,2026-04-15T05:16:54.313575,attack_square_gpsinput_drift,02,47.3980651,8.5463051,9.243000030517578,9.017000198364258,0.009999999776482582,-0.009999999776482582,-0.8899999856948853,-0.08324933797121048,-0.04065084084868431,-9.361283302307129,0.00014313950669020414,-0.003145939903333783,-0.0005332020809873939,85.0,15.902000427246094
1776230214.416208,2026-04-15T05:16:54.416208,attack_square_gpsinput_drift,02,47.3980651,8.5463051,9.26400089263916,9.03700065612793,0.009999999776482582,-0.009999999776482582,-0.8799999952316284,-0.07977256923913956,-0.034928612411022186,-9.348918914794922,-0.00042631098767742515,-0.002309404080733657,0.000552223005797714,85.0,15.902000427246094
1776230214.5219312,2026-04-15T05:16:54.521931,attack_square_gpsinput_drift,02,47.3980651,8.5463051,9.26400089263916,9.03700065612793,0.009999999776482582,-0.009999999776482582,-0.8799999952316284,-0.07977256923913956,-0.034928612411022186,-9.348918914794922,-0.00042631098767742515,-0.002309404080733657,0.000552223005797714,85.0,15.902000427246094
1776230214.62503,2026-04-15T05:16:54.625030,attack_square_gpsinput_drift,02,47.3980651,8.5463051,9.277000427246094,9.051000595092773,0.009999999776482582,-0.009999999776482582,-0.8700000047683716,-0.07725993543863297,-0.04438547044992447,-9.339743614196777,-0.0009593093418516219,-0.0028138086199760437,-0.0004332540847826749,85.0,15.902000427246094
1776230214.7296956,2026-04-15T05:16:54.729696,attack_square_gpsinput_drift,02,47.3980651,8.5463051,9.277000427246094,9.051000595092773,0.009999999776482582,-0.009999999776482582,-0.8700000047683716,-0.07725993543863297,-0.04438547044992447,-9.339743614196777,-0.0009593093418516219,-0.0028138086199760437,-0.0004332540847826749,85.0,15.902000427246094
1776230214.8325598,2026-04-15T05:16:54.832560,attack_square_gpsinput_drift,02,47.3980651,8.5463051,9.291000366210938,9.065000534057617,0.009999999776482582,-0.009999999776482582,-0.8700000047683716,-0.07340492308139801,-0.048769477754831314,-9.3349609375,-2.3361684725387022e-05,-0.0034744266886264086,-0.0008173855021595955,85.0,15.902000427246094
1776230214.9401875,2026-04-15T05:16:54.940187,attack_square_gpsinput_drift,02,47.3980651,8.5463051,9.291000366210938,9.065000534057617,0.009999999776482582,-0.009999999776482582,-0.8700000047683716,-0.07340492308139801,-0.048769477754831314,-9.3349609375,-2.3361684725387022e-05,-0.0034744266886264086,-0.0008173855021595955,85.0,15.902000427246094
1776230215.0839555,2026-04-15T05:16:55.083956,attack_square_gpsinput_drift,02,47.3980651,8.5463051,9.291000366210938,9.065000534057617,0.009999999776482582,-0.009999999776482582,-0.8700000047683716,-0.07340492308139801,-0.048769477754831314,-9.3349609375,-2.3361684725387022e-05,-0.0034744266886264086,-0.0008173855021595955,85.0,15.902000427246094
1776230215.1931329,2026-04-15T05:16:55.193133,attack_square_gpsinput_drift,02,47.3980651,8.5463051,9.291000366210938,9.065000534057617,0.009999999776482582,-0.009999999776482582,-0.8700000047683716,-0.07340492308139801,-0.048769477754831314,-9.3349609375,-2.3361684725387022e-05,-0.0034744266886264086,-0.0008173855021595955,85.0,15.902000427246094
1776230215.296264,2026-04-15T05:16:55.296264,attack_square_gpsinput_drift,02,47.3980651,8.546305,9.305000305175781,9.07800006866455,0.009999999776482582,-0.009999999776482582,-0.85999995470047,-0.08156034350395203,-0.055315062403678894,-9.345210075378418,-0.001710621640086174,-0.004694345407187939,4.182831617072225e-06,85.0,15.902000427246094
1776230215.3989205,2026-04-15T05:16:55.398921,attack_square_gpsinput_drift,02,47.3980651,8.546305,9.31100082397461,9.085000038146973,0.009999999776482582,-0.009999999776482582,-0.85999995470047,-0.08453022688627243,-0.051224708557128906,-9.341158866882324,-0.0012881990987807512,-0.0033891918137669563,0.000354561023414135,85.0,15.902000427246094
1776230215.5022044,2026-04-15T05:16:55.502204,attack_square_gpsinput_drift,02,47.3980651,8.546305,9.31100082397461,9.085000038146973,0.009999999776482582,-0.009999999776482582,-0.85999995470047,-0.08453022688627243,-0.051224708557128906,-9.341158866882324,-0.0012881990987807512,-0.0033891918137669563,0.000354561023414135,85.0,15.902000427246094
1776230215.623803,2026-04-15T05:16:55.623803,attack_square_gpsinput_drift,02,47.3980651,8.546305,9.332000732421875,9.106000900268555,0.009999999776482582,-0.009999999776482582,-0.8499999642372131,-0.08693695068359375,-0.04314950108528137,-9.332569122314453,-0.0021351128816604614,-0.001338472357019782,-0.0003798291436396539,85.0,15.902000427246094
1776230215.7300155,2026-04-15T05:16:55.730016,attack_square_gpsinput_drift,02,47.3980651,8.546305,9.332000732421875,9.106000900268555,0.009999999776482582,-0.009999999776482582,-0.8499999642372131,-0.08693695068359375,-0.04314950108528137,-9.332569122314453,-0.0021351128816604614,-0.001338472357019782,-0.0003798291436396539,85.0,15.902000427246094
1776230215.8317213,2026-04-15T05:16:55.831721,attack_square_gpsinput_drift,02,47.3980651,8.546305,9.355000495910645,9.129000663757324,0.009999999776482582,-0.009999999776482582,-0.8399999737739563,-0.08062050491571426,-0.046094123274087906,-9.304800987243652,-0.0018235761672258377,-0.0010683982400223613,-0.0001526116393506527,85.0,15.902000427246094
1776230215.9333627,2026-04-15T05:16:55.933363,attack_square_gpsinput_drift,02,47.3980651,8.546305,9.355000495910645,9.129000663757324,0.009999999776482582,-0.009999999776482582,-0.8399999737739563,-0.08062050491571426,-0.046094123274087906,-9.304800987243652,-0.0018235761672258377,-0.0010683982400223613,-0.0001526116393506527,85.0,15.902000427246094
1776230216.036654,2026-04-15T05:16:56.036654,attack_square_gpsinput_drift,02,47.3980651,8.546305,9.375,9.14900016784668,0.009999999776482582,-0.009999999776482582,-0.8299999833106995,-0.08264363557100296,-0.03494212403893471,-9.302336692810059,-0.0017274401616305113,-0.000911244482267648,4.9633352318778634e-05,85.0,15.902000427246094
1776230216.138174,2026-04-15T05:16:56.138174,attack_square_gpsinput_drift,02,47.3980651,8.546305,9.38800048828125,9.16200065612793,0.009999999776482582,-0.009999999776482582,-0.8199999928474426,-0.08200173825025558,-0.043586429208517075,-9.356801986694336,-0.0025354705285280943,-0.0011219036532565951,0.0001201884588226676,85.0,15.902000427246094
1776230216.2420077,2026-04-15T05:16:56.242008,attack_square_gpsinput_drift,02,47.3980651,8.546305,9.407999992370605,9.182000160217285,0.009999999776482582,0.0,-0.8100000023841858,-0.07746569812297821,-0.04551604017615318,-9.314196586608887,-0.0028200906235724688,-0.001294104615226388,-4.009390249848366e-05,85.0,15.902000427246094
1776230216.3450727,2026-04-15T05:16:56.345073,attack_square_gpsinput_drift,02,47.3980651,8.546305,9.421000480651855,9.195000648498535,0.009999999776482582,0.0,-0.7999999523162842,-0.0755050852894783,-0.04238756746053696,-9.303983688354492,-0.00022994604660198092,0.0006326512084342539,-0.00030847976449877024,85.0,15.902000427246094
1776230216.4479945,2026-04-15T05:16:56.447994,attack_square_gpsinput_drift,02,47.3980651,8.546305,9.434000015258789,9.208000183105469,0.009999999776482582,0.0,-0.7999999523162842,-0.08022798597812653,-0.04291417449712753,-9.297846794128418,-0.00026142733986489475,0.0008248273516073823,-0.0005326225655153394,85.0,15.902000427246094
1776230216.5508003,2026-04-15T05:16:56.550800,attack_square_gpsinput_drift,02,47.3980651,8.546305,9.45300006866455,9.22700023651123,0.009999999776482582,0.0,-0.7799999713897705,-0.08585363626480103,-0.04604179412126541,-9.323440551757812,0.0006009835633449256,0.0014160869177430868,-0.0010083189699798822,82.0,15.842000961303711
1776230216.656694,2026-04-15T05:16:56.656694,attack_square_gpsinput_drift,02,47.3980651,8.546305,9.45300006866455,9.22700023651123,0.009999999776482582,0.0,-0.7799999713897705,-0.08585363626480103,-0.04604179412126541,-9.323440551757812,0.0006009835633449256,0.0014160869177430868,-0.0010083189699798822,82.0,15.842000961303711
1776230216.7587047,2026-04-15T05:16:56.758705,attack_square_gpsinput_drift,02,47.3980651,8.546305,9.472000122070312,9.246000289916992,0.009999999776482582,0.0,-0.7699999809265137,-0.0718427374958992,-0.04766019061207771,-9.31212043762207,0.0004095547483302653,-8.55709076859057e-05,0.0003401006106287241,82.0,15.842000961303711
1776230216.8615944,2026-04-15T05:16:56.861594,attack_square_gpsinput_drift,02,47.3980651,8.546305,9.484000205993652,9.258000373840332,0.009999999776482582,0.0,-0.7699999809265137,-0.08300652354955673,-0.053045615553855896,-9.287130355834961,0.00034370910725556314,0.0006967448862269521,-0.0007139957742765546,82.0,15.842000961303711
1776230216.9640474,2026-04-15T05:16:56.964047,attack_square_gpsinput_drift,02,47.398064999999995,8.546305,9.497000694274902,9.270000457763672,0.009999999776482582,0.0,-0.7599999904632568,-0.08051829785108566,-0.04291698709130287,-9.282456398010254,-0.0022042766213417053,0.003190587507560849,-0.0009043068857863545,82.0,15.842000961303711
1776230217.0662124,2026-04-15T05:16:57.066212,attack_square_gpsinput_drift,02,47.398064999999995,8.546305,9.521000862121582,9.295000076293945,0.009999999776482582,0.0,-0.7400000095367432,-0.08624871075153351,-0.05625184625387192,-9.31210994720459,-0.002666726941242814,-0.021212486550211906,-0.00032590123009867966,82.0,15.842000961303711
1776230217.169809,2026-04-15T05:16:57.169809,attack_square_gpsinput_drift,02,47.398064999999995,8.546305,9.54800033569336,9.321000099182129,0.009999999776482582,0.0,-0.7299999594688416,-0.09008270502090454,-0.04724421352148056,-9.344253540039062,-0.007132266648113728,-0.08738692849874496,-0.0013110153377056122,82.0,15.842000961303711
1776230217.2711372,2026-04-15T05:16:57.271137,attack_square_gpsinput_drift,02,47.398064999999995,8.546305,9.54800033569336,9.321000099182129,0.009999999776482582,0.0,-0.7299999594688416,-0.09008270502090454,-0.04724421352148056,-9.344253540039062,-0.007132266648113728,-0.08738692849874496,-0.0013110153377056122,82.0,15.842000961303711
1776230217.3731942,2026-04-15T05:16:57.373194,attack_square_gpsinput_drift,02,47.398064999999995,8.546305,9.559000015258789,9.333000183105469,0.009999999776482582,0.0,-0.7199999690055847,-0.09293477237224579,-0.04808967933058739,-9.371718406677246,-0.012030179612338543,-0.16930538415908813,-0.0026300433091819286,82.0,15.842000961303711
1776230217.4769733,2026-04-15T05:16:57.476973,attack_square_gpsinput_drift,02,47.398064999999995,8.546305,9.571000099182129,9.345000267028809,0.009999999776482582,0.0,-0.7099999785423279,-0.09426723420619965,-0.043241824954748154,-9.376986503601074,-0.012975816614925861,-0.20644715428352356,-0.0040821051225066185,82.0,15.842000961303711
1776230217.5790517,2026-04-15T05:16:57.579052,attack_square_gpsinput_drift,02,47.398064999999995,8.546305,9.571000099182129,9.345000267028809,0.009999999776482582,0.0,-0.7099999785423279,-0.09426723420619965,-0.043241824954748154,-9.376986503601074,-0.012975816614925861,-0.20644715428352356,-0.0040821051225066185,82.0,15.842000961303711
1776230217.6807685,2026-04-15T05:16:57.680768,attack_square_gpsinput_drift,02,47.398064999999995,8.546305,9.588000297546387,9.362000465393066,0.009999999776482582,0.0,-0.699999988079071,-0.09768883138895035,-0.03660503029823303,-9.395496368408203,-0.01585601456463337,-0.24442487955093384,-0.005374409258365631,82.0,15.842000961303711
1776230217.7977576,2026-04-15T05:16:57.797758,attack_square_gpsinput_drift,02,47.398064999999995,8.546305,9.588000297546387,9.362000465393066,0.009999999776482582,0.0,-0.699999988079071,-0.09768883138895035,-0.03660503029823303,-9.395496368408203,-0.01585601456463337,-0.24442487955093384,-0.005374409258365631,82.0,15.842000961303711
1776230217.9010618,2026-04-15T05:16:57.901062,attack_square_gpsinput_drift,02,47.398064999999995,8.546305,9.605000495910645,9.379000663757324,0.019999999552965164,0.0,-0.6899999976158142,-0.09710324555635452,-0.03859610855579376,-9.40046215057373,-0.022573605179786682,-0.28581032156944275,-0.008220567367970943,82.0,15.842000961303711
1776230218.0228329,2026-04-15T05:16:58.022833,attack_square_gpsinput_drift,02,47.398064999999995,8.546305,9.622000694274902,9.396000862121582,0.019999999552965164,0.0,-0.6800000071525574,-0.09889750927686691,-0.040524061769247055,-9.43622875213623,-0.028308285400271416,-0.3459272086620331,-0.012474115006625652,82.0,15.842000961303711
1776230218.1349375,2026-04-15T05:16:58.134938,attack_square_gpsinput_drift,02,47.398064999999995,8.546305,9.62700080871582,9.401000022888184,0.019999999552965164,0.009999999776482582,-0.6800000071525574,-0.0871497169137001,-0.04720383509993553,-9.460305213928223,-0.029136810451745987,-0.37225693464279175,-0.01493110042065382,82.0,15.842000961303711
1776230218.2371373,2026-04-15T05:16:58.237137,attack_square_gpsinput_drift,02,47.398064999999995,8.546305,9.63800048828125,9.41200065612793,0.029999999329447746,0.009999999776482582,-0.6699999570846558,-0.09957430511713028,-0.03366382047533989,-9.467293739318848,-0.03189331293106079,-0.3920900821685791,-0.01764020510017872,82.0,15.842000961303711
1776230218.3440223,2026-04-15T05:16:58.344022,attack_square_gpsinput_drift,02,47.398064999999995,8.546305,9.64900016784668,9.42300033569336,0.029999999329447746,0.009999999776482582,-0.6699999570846558,-0.10414016246795654,-0.04337242990732193,-9.512593269348145,-0.0351233072578907,-0.4271450638771057,-0.021619727835059166,82.0,15.842000961303711
1776230218.446091,2026-04-15T05:16:58.446091,attack_square_gpsinput_drift,02,47.398064999999995,8.546305,9.665000915527344,9.439000129699707,0.03999999910593033,0.019999999552965164,-0.6699999570846558,-0.10391932725906372,-0.041335172951221466,-9.53410530090332,-0.03706906735897064,-0.44731804728507996,-0.023545360192656517,82.0,15.842000961303711
1776230218.556247,2026-04-15T05:16:58.556247,attack_square_gpsinput_drift,02,47.3980651,8.5463051,9.676000595092773,9.450000762939453,0.03999999910593033,0.029999999329447746,-0.6699999570846558,-0.1074380874633789,-0.04568548500537872,-9.539462089538574,-0.039374351501464844,-0.47376638650894165,-0.028039932250976562,82.0,15.842000961303711
1776230218.6579347,2026-04-15T05:16:58.657935,attack_square_gpsinput_drift,02,47.3980651,8.5463051,9.676000595092773,9.450000762939453,0.03999999910593033,0.029999999329447746,-0.6699999570846558,-0.1074380874633789,-0.04568548500537872,-9.539462089538574,-0.039374351501464844,-0.47376638650894165,-0.028039932250976562,82.0,15.842000961303711
1776230218.7593093,2026-04-15T05:16:58.759309,attack_square_gpsinput_drift,02,47.3980651,8.5463051,9.692000389099121,9.4660005569458,0.04999999701976776,0.03999999910593033,-0.6699999570846558,-0.10867567360401154,-0.03830323740839958,-9.515823364257812,-0.042455196380615234,-0.4965744912624359,-0.035601966083049774,82.0,15.842000961303711
1776230218.8668797,2026-04-15T05:16:58.866880,attack_square_gpsinput_drift,02,47.3980651,8.5463051,9.692000389099121,9.4660005569458,0.04999999701976776,0.03999999910593033,-0.6699999570846558,-0.10867567360401154,-0.03830323740839958,-9.515823364257812,-0.042455196380615234,-0.4965744912624359,-0.035601966083049774,82.0,15.842000961303711
1776230218.969701,2026-04-15T05:16:58.969701,attack_square_gpsinput_drift,02,47.3980651,8.5463051,9.70300006866455,9.47700023651123,0.05999999865889549,0.04999999701976776,-0.6699999570846558,-0.10882092267274857,-0.04254171997308731,-9.528882026672363,-0.046316202729940414,-0.5172375440597534,-0.04030761122703552,82.0,15.842000961303711
1776230219.0719123,2026-04-15T05:16:59.071912,attack_square_gpsinput_drift,02,47.3980651,8.5463051,9.725000381469727,9.499000549316406,0.07999999821186066,0.07000000029802322,-0.6699999570846558,-0.11532045155763626,-0.045599862933158875,-9.54946231842041,-0.051756516098976135,-0.5584695935249329,-0.05000503361225128,82.0,15.842000961303711
1776230219.1746244,2026-04-15T05:16:59.174624,attack_square_gpsinput_drift,02,47.3980651,8.5463051,9.736000061035156,9.509000778198242,0.08999999612569809,0.07999999821186066,-0.6699999570846558,-0.1100357323884964,-0.042774926871061325,-9.544316291809082,-0.05215105041861534,-0.5682500004768372,-0.056459955871105194,82.0,15.842000961303711
1776230219.2787097,2026-04-15T05:16:59.278710,attack_square_gpsinput_drift,02,47.3980651,8.546305199999999,9.75200080871582,9.526000022888184,0.10999999940395355,0.09999999403953552,-0.6599999666213989,-0.12640076875686646,-0.03981275483965874,-9.50780963897705,-0.05096076801419258,-0.5581502914428711,-0.0611899308860302,82.0,15.842000961303711
1776230219.3797455,2026-04-15T05:16:59.379745,attack_square_gpsinput_drift,02,47.3980651,8.546305199999999,9.75200080871582,9.526000022888184,0.10999999940395355,0.09999999403953552,-0.6599999666213989,-0.12640076875686646,-0.03981275483965874,-9.50780963897705,-0.05096076801419258,-0.5581502914428711,-0.0611899308860302,82.0,15.842000961303711
1776230219.4809315,2026-04-15T05:16:59.480932,attack_square_gpsinput_drift,02,47.3980651,8.546305199999999,9.76300048828125,9.53700065612793,0.12999999523162842,0.10999999940395355,-0.6599999666213989,-0.11966373026371002,-0.045912642031908035,-9.547825813293457,-0.05098768696188927,-0.5478283762931824,-0.07162702083587646,82.0,15.842000961303711
1776230219.5851488,2026-04-15T05:16:59.585149,attack_square_gpsinput_drift,02,47.3980651,8.546305199999999,9.76300048828125,9.53700065612793,0.12999999523162842,0.10999999940395355,-0.6599999666213989,-0.11966373026371002,-0.045912642031908035,-9.547825813293457,-0.05098768696188927,-0.5478283762931824,-0.07162702083587646,82.0,15.842000961303711
1776230219.6867974,2026-04-15T05:16:59.686797,attack_square_gpsinput_drift,02,47.3980652,8.5463053,9.790000915527344,9.564000129699707,0.17000000178813934,0.14999999105930328,-0.6499999761581421,-0.12546497583389282,-0.04252561926841736,-9.578141212463379,-0.050548188388347626,-0.5716974139213562,-0.08645909279584885,82.0,15.842000961303711
1776230219.7898996,2026-04-15T05:16:59.789900,attack_square_gpsinput_drift,02,47.3980652,8.5463053,9.790000915527344,9.564000129699707,0.17000000178813934,0.14999999105930328,-0.6499999761581421,-0.12546497583389282,-0.04252561926841736,-9.578141212463379,-0.050548188388347626,-0.5716974139213562,-0.08645909279584885,82.0,15.842000961303711
1776230219.8956065,2026-04-15T05:16:59.895607,attack_square_gpsinput_drift,02,47.3980652,8.5463054,9.807000160217285,9.580000877380371,0.1899999976158142,0.17000000178813934,-0.6399999856948853,-0.11968353390693665,-0.03970734402537346,-9.603852272033691,-0.049268580973148346,-0.5825106501579285,-0.09294795244932175,82.0,15.842000961303711
1776230219.9991112,2026-04-15T05:16:59.999111,attack_square_gpsinput_drift,02,47.3980652,8.5463054,9.812000274658203,9.586000442504883,0.19999998807907104,0.17999999225139618,-0.6399999856948853,-0.12943464517593384,-0.03790702298283577,-9.612018585205078,-0.046980999410152435,-0.5837477445602417,-0.09612400829792023,82.0,15.842000961303711
1776230220.1003442,2026-04-15T05:17:00.100344,attack_square_gpsinput_drift,02,47.3980653,8.5463054,9.818000793457031,9.5910005569458,0.20999999344348907,0.1899999976158142,-0.6399999856948853,-0.13334538042545319,-0.03401746228337288,-9.589442253112793,-0.0463634617626667,-0.580133318901062,-0.1009744256734848,82.0,15.842000961303711
1776230220.2145522,2026-04-15T05:17:00.214552,attack_square_gpsinput_drift,02,47.3980653,8.5463054,9.82300090789795,9.597000122070312,0.2199999988079071,0.19999998807907104,-0.6399999856948853,-0.13564030826091766,-0.03651288151741028,-9.588790893554688,-0.04458150640130043,-0.5683956742286682,-0.10375186800956726,82.0,15.842000961303711
1776230220.3167667,2026-04-15T05:17:00.316767,attack_square_gpsinput_drift,02,47.3980655,8.5463057,9.870000839233398,9.644000053405762,0.32999998331069946,0.29999998211860657,-0.6200000047683716,-0.1560499370098114,-0.040232159197330475,-9.85591983795166,-0.03363241255283356,-0.681040346622467,-0.12717688083648682,82.0,15.842000961303711
1776230220.4236815,2026-04-15T05:17:00.423681,attack_square_gpsinput_drift,02,47.3980655,8.5463057,9.875,9.64900016784668,0.3400000035762787,0.3100000023841858,-0.6200000047683716,-0.14634954929351807,-0.04180154204368591,-9.883646965026855,-0.03309525549411774,-0.6763288378715515,-0.1305127888917923,82.0,15.842000961303711
1776230220.52585,2026-04-15T05:17:00.525850,attack_square_gpsinput_drift,02,47.3980655,8.5463057,9.875,9.64900016784668,0.3400000035762787,0.3100000023841858,-0.6200000047683716,-0.14634954929351807,-0.04180154204368591,-9.883646965026855,-0.03309525549411774,-0.6763288378715515,-0.1305127888917923,82.0,15.842000961303711
1776230220.6292443,2026-04-15T05:17:00.629244,attack_square_gpsinput_drift,02,47.398065599999995,8.5463059,9.896000862121582,9.670000076293945,0.38999998569488525,0.35999998450279236,-0.6200000047683716,-0.1481962651014328,-0.044669218361377716,-9.857962608337402,-0.027098843827843666,-0.6297237873077393,-0.13438674807548523,82.0,15.842000961303711
1776230220.7314188,2026-04-15T05:17:00.731419,attack_square_gpsinput_drift,02,47.398065599999995,8.5463059,9.896000862121582,9.670000076293945,0.38999998569488525,0.35999998450279236,-0.6200000047683716,-0.1481962651014328,-0.044669218361377716,-9.857962608337402,-0.027098843827843666,-0.6297237873077393,-0.13438674807548523,82.0,15.842000961303711
1776230220.8341153,2026-04-15T05:17:00.834115,attack_square_gpsinput_drift,02,47.3980657,8.546306,9.906000137329102,9.680000305175781,0.41999998688697815,0.38999998569488525,-0.6100000143051147,-0.15826106071472168,-0.04119117185473442,-9.89220142364502,-0.017300374805927277,-0.6056244373321533,-0.13899385929107666,82.0,15.842000961303711
1776230220.9378479,2026-04-15T05:17:00.937848,attack_square_gpsinput_drift,02,47.3980657,8.546306099999999,9.917000770568848,9.690000534057617,0.44999998807907104,0.41999998688697815,-0.6100000143051147,-0.1638314574956894,-0.0423203743994236,-9.828760147094727,-0.006229235325008631,-0.594854474067688,-0.13960817456245422,82.0,15.842000961303711
1776230221.038799,2026-04-15T05:17:01.038799,attack_square_gpsinput_drift,02,47.3980659,8.5463062,9.932000160217285,9.706000328063965,0.5,0.4699999988079071,-0.5999999642372131,-0.1636503040790558,-0.038979046046733856,-9.845487594604492,-0.0005673745763488114,-0.5706475377082825,-0.14258968830108643,82.0,15.842000961303711
1776230221.1404948,2026-04-15T05:17:01.140495,attack_square_gpsinput_drift,02,47.3980659,8.546306399999999,9.942000389099121,9.71500015258789,0.5299999713897705,0.5,-0.5999999642372131,-0.1713474988937378,-0.037585265934467316,-9.873688697814941,0.0034915537107735872,-0.5589874982833862,-0.14335089921951294,82.0,15.842000961303711
1776230221.2469668,2026-04-15T05:17:01.246967,attack_square_gpsinput_drift,02,47.3980659,8.546306399999999,9.942000389099121,9.71500015258789,0.5299999713897705,0.5,-0.5999999642372131,-0.1713474988937378,-0.037585265934467316,-9.873688697814941,0.0034915537107735872,-0.5589874982833862,-0.14335089921951294,82.0,15.842000961303711
1776230221.3522415,2026-04-15T05:17:01.352242,attack_square_gpsinput_drift,02,47.3980661,8.5463066,9.956000328063965,9.730000495910645,0.5799999833106995,0.550000011920929,-0.5999999642372131,-0.17826086282730103,-0.03765835240483284,-9.951787948608398,0.010102936998009682,-0.5633962154388428,-0.14247511327266693,82.0,15.842000961303711
1776230221.4580727,2026-04-15T05:17:01.458073,attack_square_gpsinput_drift,02,47.398066199999995,8.546306699999999,9.9660005569458,9.73900032043457,0.6200000047683716,0.5799999833106995,-0.6100000143051147,-0.19229824841022491,-0.05053246021270752,-9.94268798828125,0.015023548156023026,-0.5682173371315002,-0.14167441427707672,82.0,15.842000961303711
1776230221.558976,2026-04-15T05:17:01.558976,attack_square_gpsinput_drift,02,47.398066199999995,8.546306699999999,9.9660005569458,9.73900032043457,0.6200000047683716,0.5799999833106995,-0.6100000143051147,-0.19229824841022491,-0.05053246021270752,-9.94268798828125,0.015023548156023026,-0.5682173371315002,-0.14167441427707672,82.0,15.842000961303711
1776230221.6608407,2026-04-15T05:17:01.660841,attack_square_gpsinput_drift,02,47.398066299999996,8.5463069,9.980000495910645,9.754000663757324,0.6699999570846558,0.6399999856948853,-0.6100000143051147,-0.18734577298164368,-0.036837849766016006,-9.921160697937012,0.018877331167459488,-0.5560722947120667,-0.14094936847686768,82.0,15.842000961303711
1776230221.7627265,2026-04-15T05:17:01.762727,attack_square_gpsinput_drift,02,47.398066299999996,8.5463069,9.980000495910645,9.754000663757324,0.6699999570846558,0.6399999856948853,-0.6100000143051147,-0.18734577298164368,-0.036837849766016006,-9.921160697937012,0.018877331167459488,-0.5560722947120667,-0.14094936847686768,82.0,15.842000961303711
1776230221.8668728,2026-04-15T05:17:01.866873,attack_square_gpsinput_drift,02,47.3980664,8.5463071,9.99000072479248,9.76400089263916,0.7099999785423279,0.6699999570846558,-0.6100000143051147,-0.2011907398700714,-0.03755392134189606,-9.94449234008789,0.024349022656679153,-0.5465869307518005,-0.13734900951385498,82.0,15.842000961303711
1776230221.9701414,2026-04-15T05:17:01.970141,attack_square_gpsinput_drift,02,47.3980666,8.5463073,10.005000114440918,9.779000282287598,0.7699999809265137,0.7299999594688416,-0.6100000143051147,-0.2141023427248001,-0.0488831102848053,-9.916773796081543,0.0323697105050087,-0.5472725629806519,-0.1327967494726181,82.0,15.842000961303711
1776230222.0738204,2026-04-15T05:17:02.073820,attack_square_gpsinput_drift,02,47.398066799999995,8.5463075,10.015000343322754,9.789000511169434,0.8100000023841858,0.7699999809265137,-0.6100000143051147,-0.2105599343776703,-0.04325232282280922,-9.9078950881958,0.03507618233561516,-0.5400920510292053,-0.12944002449512482,82.0,15.842000961303711
1776230222.1785092,2026-04-15T05:17:02.178509,attack_square_gpsinput_drift,02,47.398066899999996,8.5463077,10.02500057220459,9.79900074005127,0.8499999642372131,0.8100000023841858,-0.5999999642372131,-0.20526811480522156,-0.036773279309272766,-9.870755195617676,0.03514784201979637,-0.5198917388916016,-0.12527401745319366,82.0,15.842000961303711
1776230222.2859523,2026-04-15T05:17:02.285952,attack_square_gpsinput_drift,02,47.3980671,8.546308,10.039000511169434,9.813000679016113,0.9099999666213989,0.8700000047683716,-0.5999999642372131,-0.22203770279884338,-0.041417647153139114,-9.784467697143555,0.036617230623960495,-0.4759819209575653,-0.11869944632053375,82.0,15.842000961303711
1776230222.3980582,2026-04-15T05:17:02.398058,attack_square_gpsinput_drift,02,47.3980672,8.5463081,10.044000625610352,9.818000793457031,0.9300000071525574,0.8899999856948853,-0.5899999737739563,-0.2197311520576477,-0.04373876377940178,-9.76212215423584,0.03610419109463692,-0.44574615359306335,-0.11561118066310883,82.0,15.842000961303711
1776230222.4992492,2026-04-15T05:17:02.499249,attack_square_gpsinput_drift,02,47.3980672,8.5463081,10.044000625610352,9.818000793457031,0.9300000071525574,0.8899999856948853,-0.5899999737739563,-0.2197311520576477,-0.04373876377940178,-9.76212215423584,0.03610419109463692,-0.44574615359306335,-0.11561118066310883,82.0,15.842000961303711
1776230222.6016276,2026-04-15T05:17:02.601628,attack_square_gpsinput_drift,02,47.398067499999996,8.5463086,10.063000679016113,9.837000846862793,1.0199999809265137,0.9799999594688416,-0.5699999928474426,-0.2273726761341095,-0.04949121177196503,-9.762444496154785,0.03609234839677811,-0.3777972459793091,-0.10469910502433777,82.0,15.842000961303711
1776230222.7052152,2026-04-15T05:17:02.705215,attack_square_gpsinput_drift,02,47.398067499999996,8.5463086,10.063000679016113,9.837000846862793,1.0199999809265137,0.9799999594688416,-0.5699999928474426,-0.2273726761341095,-0.04949121177196503,-9.762444496154785,0.03609234839677811,-0.3777972459793091,-0.10469910502433777,82.0,15.842000961303711
1776230222.8087802,2026-04-15T05:17:02.808780,attack_square_gpsinput_drift,02,47.3980678,8.5463091,10.082000732421875,9.855000495910645,1.100000023841858,1.059999942779541,-0.550000011920929,-0.23691318929195404,-0.04674443602561951,-9.737552642822266,0.03708603233098984,-0.3617858290672302,-0.09878279268741608,82.0,15.842000961303711
1776230222.9123561,2026-04-15T05:17:02.912356,attack_square_gpsinput_drift,02,47.398067999999995,8.546309299999999,10.0910005569458,9.86400032043457,1.149999976158142,1.1100000143051147,-0.5399999618530273,-0.23766756057739258,-0.048581160604953766,-9.685482025146484,0.035588424652814865,-0.3167415261268616,-0.0910598635673523,82.0,15.842000961303711
1776230223.013922,2026-04-15T05:17:03.013922,attack_square_gpsinput_drift,02,47.398067999999995,8.546309299999999,10.0910005569458,9.86400032043457,1.149999976158142,1.1100000143051147,-0.5399999618530273,-0.23766756057739258,-0.048581160604953766,-9.685482025146484,0.035588424652814865,-0.3167415261268616,-0.0910598635673523,82.0,15.842000961303711
1776230223.1150885,2026-04-15T05:17:03.115088,attack_square_gpsinput_drift,02,47.3980684,8.546309899999999,10.108000755310059,9.881000518798828,1.2400000095367432,1.1999999284744263,-0.5099999904632568,-0.2511075437068939,-0.03908718004822731,-9.67177963256836,0.033611226826906204,-0.24017731845378876,-0.07851681858301163,82.0,15.842000961303711
1776230223.217944,2026-04-15T05:17:03.217944,attack_square_gpsinput_drift,02,47.3980688,8.5463104,10.122000694274902,9.895000457763672,1.3199999332427979,1.2799999713897705,-0.4899999797344208,-0.2667507529258728,-0.043035898357629776,-9.727813720703125,0.031405750662088394,-0.22187213599681854,-0.06922895461320877,82.0,15.842000961303711
1776230223.3192024,2026-04-15T05:17:03.319202,attack_square_gpsinput_drift,02,47.398069,8.5463107,10.129000663757324,9.903000831604004,1.3600000143051147,1.3299999237060547,-0.47999998927116394,-0.2718242108821869,-0.04978146404027939,-9.717453002929688,0.028154755011200905,-0.2036675661802292,-0.06074363365769386,82.0,15.842000961303711
1776230223.4208474,2026-04-15T05:17:03.420847,attack_square_gpsinput_drift,02,47.398069,8.5463107,10.129000663757324,9.903000831604004,1.3600000143051147,1.3299999237060547,-0.47999998927116394,-0.2718242108821869,-0.04978146404027939,-9.717453002929688,0.028154755011200905,-0.2036675661802292,-0.06074363365769386,82.0,15.842000961303711
1776230223.5259807,2026-04-15T05:17:03.525981,attack_square_gpsinput_drift,02,47.398069299999996,8.5463112,10.140000343322754,9.914000511169434,1.4399999380111694,1.399999976158142,-0.4599999785423279,-0.2836557924747467,-0.04376288503408432,-9.711999893188477,0.024043207988142967,-0.15247976779937744,-0.05096578225493431,82.0,15.842000961303711
1776230223.6292243,2026-04-15T05:17:03.629224,attack_square_gpsinput_drift,02,47.3980696,8.5463115,10.147000312805176,9.921000480651855,1.4800000190734863,1.4499999284744263,-0.4399999976158142,-0.2833453118801117,-0.0431404747068882,-9.751745223999023,0.02031451091170311,-0.12585456669330597,-0.04512002691626549,82.0,15.842000961303711
1776230223.731156,2026-04-15T05:17:03.731156,attack_square_gpsinput_drift,02,47.39807,8.5463121,10.157000541687012,9.931000709533691,1.5499999523162842,1.5199999809265137,-0.41999998688697815,-0.2973259687423706,-0.0525389239192009,-9.76942253112793,0.01791604794561863,-0.10830596089363098,-0.03692863509058952,82.0,15.842000961303711
1776230223.8328643,2026-04-15T05:17:03.832864,attack_square_gpsinput_drift,02,47.39807,8.5463121,10.157000541687012,9.931000709533691,1.5499999523162842,1.5199999809265137,-0.41999998688697815,-0.2973259687423706,-0.0525389239192009,-9.76942253112793,0.01791604794561863,-0.10830596089363098,-0.03692863509058952,82.0,15.842000961303711
1776230223.933997,2026-04-15T05:17:03.933997,attack_square_gpsinput_drift,02,47.3980702,8.546312499999999,10.163000106811523,9.937000274658203,1.5999999046325684,1.5699999332427979,-0.4099999964237213,-0.3060254454612732,-0.050532348453998566,-9.776946067810059,0.014852510765194893,-0.09328211843967438,-0.029903139919042587,82.0,15.842000961303711
1776230224.0350554,2026-04-15T05:17:04.035055,attack_square_gpsinput_drift,02,47.398070499999996,8.546312799999999,10.169000625610352,9.943000793457031,1.649999976158142,1.6200000047683716,-0.3999999761581421,-0.3103060722351074,-0.03906625881791115,-9.767202377319336,0.008172222413122654,-0.03945483639836311,-0.016171323135495186,82.0,15.842000961303711
1776230224.13704,2026-04-15T05:17:04.137040,attack_square_gpsinput_drift,02,47.3980712,8.5463138,10.183000564575195,9.957000732421875,1.7699999809265137,1.7400000095367432,-0.35999998450279236,-0.33288878202438354,-0.05440188944339752,-9.848844528198242,0.005933851469308138,-0.029162023216485977,-0.009272363968193531,82.0,15.842000961303711
1776230224.2398915,2026-04-15T05:17:04.239892,attack_square_gpsinput_drift,02,47.398071599999994,8.5463145,10.190000534057617,9.964000701904297,1.8399999141693115,1.809999942779541,-0.3400000035762787,-0.33965378999710083,-0.05416135862469673,-9.873628616333008,0.004762665368616581,-0.026122838258743286,-0.00349331833422184,82.0,15.842000961303711
1776230224.3418868,2026-04-15T05:17:04.341887,attack_square_gpsinput_drift,02,47.3980719,8.5463149,10.195000648498535,9.969000816345215,1.8899999856948853,1.8600000143051147,-0.32999998331069946,-0.35171106457710266,-0.047886572778224945,-9.887933731079102,0.002980966353788972,-0.020557377487421036,0.001648435601964593,82.0,15.842000961303711
1776230224.4438505,2026-04-15T05:17:04.443851,attack_square_gpsinput_drift,02,47.3980719,8.5463149,10.195000648498535,9.969000816345215,1.8899999856948853,1.8600000143051147,-0.32999998331069946,-0.35171106457710266,-0.047886572778224945,-9.887933731079102,0.002980966353788972,-0.020557377487421036,0.001648435601964593,82.0,15.842000961303711
1776230224.5451407,2026-04-15T05:17:04.545141,attack_square_gpsinput_drift,02,47.398072199999994,8.5463154,10.199000358581543,9.973000526428223,1.9399999380111694,1.909999966621399,-0.3199999928474426,-0.3575483560562134,-0.052215173840522766,-9.918977737426758,0.0008430143934674561,-0.001499241916462779,0.008304297924041748,82.0,15.842000961303711
1776230224.647662,2026-04-15T05:17:04.647662,attack_square_gpsinput_drift,02,47.398072199999994,8.5463154,10.199000358581543,9.973000526428223,1.9399999380111694,1.909999966621399,-0.3199999928474426,-0.3575483560562134,-0.052215173840522766,-9.918977737426758,0.0008430143934674561,-0.001499241916462779,0.008304297924041748,82.0,15.842000961303711
1776230224.7502072,2026-04-15T05:17:04.750207,attack_square_gpsinput_drift,02,47.3980727,8.5463161,10.206000328063965,9.979000091552734,2.0199999809265137,1.9900000095367432,-0.29999998211860657,-0.3684671223163605,-0.055392250418663025,-10.000847816467285,-0.0009964372729882598,-0.0008190124062821269,0.013735701330006123,82.0,15.842000961303711
1776230224.8528914,2026-04-15T05:17:04.852891,attack_square_gpsinput_drift,02,47.3980732,8.5463168,10.211000442504883,9.985000610351562,2.0899999141693115,2.059999942779541,-0.2800000011920929,-0.3906412720680237,-0.055094461888074875,-10.010766983032227,0.001556582748889923,0.0028457073494791985,0.025676311925053596,82.0,15.842000961303711
1776230224.956848,2026-04-15T05:17:04.956848,attack_square_gpsinput_drift,02,47.3980739,8.546317799999999,10.218000411987305,9.992000579833984,2.190000057220459,2.1599998474121094,-0.25999999046325684,-0.3840368390083313,-0.046015750616788864,-10.013141632080078,-0.0008756336756050587,0.024453261867165565,0.028232097625732422,82.0,15.842000961303711
1776230225.0592017,2026-04-15T05:17:05.059202,attack_square_gpsinput_drift,02,47.398074099999995,8.546318,10.220000267028809,9.993000030517578,2.2100000381469727,2.190000057220459,-0.25999999046325684,-0.39793798327445984,-0.04836336523294449,-10.003815650939941,-0.0034726362209767103,0.03871511295437813,0.03211794048547745,82.0,15.842000961303711
1776230225.1607084,2026-04-15T05:17:05.160708,attack_square_gpsinput_drift,02,47.3980751,8.5463195,10.230000495910645,10.004000663757324,2.359999895095825,2.3299999237060547,-0.2199999988079071,-0.41735517978668213,-0.05775294452905655,-9.983582496643066,-0.0053294505923986435,0.06306345015764236,0.03967079520225525,82.0,15.842000961303711
1776230225.2641149,2026-04-15T05:17:05.264115,attack_square_gpsinput_drift,02,47.398075299999995,8.5463198,10.231000900268555,10.005000114440918,2.379999876022339,2.3499999046325684,-0.2199999988079071,-0.4209107458591461,-0.048769112676382065,-9.958625793457031,-0.0038107079453766346,0.0833059549331665,0.04353351518511772,82.0,15.842000961303711
1776230225.366461,2026-04-15T05:17:05.366461,attack_square_gpsinput_drift,02,47.398075299999995,8.5463198,10.231000900268555,10.005000114440918,2.379999876022339,2.3499999046325684,-0.2199999988079071,-0.4209107458591461,-0.048769112676382065,-9.958625793457031,-0.0038107079453766346,0.0833059549331665,0.04353351518511772,82.0,15.842000961303711
1776230225.472997,2026-04-15T05:17:05.472997,attack_square_gpsinput_drift,02,47.3980757,8.5463203,10.233000755310059,10.007000923156738,2.429999828338623,2.3999998569488525,-0.19999998807907104,-0.432833731174469,-0.046648818999528885,-9.899667739868164,-0.0006710668676532805,0.12082889676094055,0.04664396122097969,82.0,15.842000961303711
1776230225.5766702,2026-04-15T05:17:05.576670,attack_square_gpsinput_drift,02,47.3980757,8.5463203,10.233000755310059,10.007000923156738,2.429999828338623,2.3999998569488525,-0.19999998807907104,-0.432833731174469,-0.046648818999528885,-9.899667739868164,-0.0006710668676532805,0.12082889676094055,0.04664396122097969,82.0,15.842000961303711
1776230225.6826048,2026-04-15T05:17:05.682605,attack_square_gpsinput_drift,02,47.3980761,8.5463209,10.235000610351562,10.009000778198242,2.4800000190734863,2.450000047683716,-0.1899999976158142,-0.4451304078102112,-0.04983627051115036,-9.879375457763672,0.0008597613195888698,0.17903050780296326,0.049979403614997864,82.0,15.842000961303711
1776230225.7836697,2026-04-15T05:17:05.783670,attack_square_gpsinput_drift,02,47.3980761,8.5463209,10.235000610351562,10.009000778198242,2.4800000190734863,2.450000047683716,-0.1899999976158142,-0.4451304078102112,-0.04983627051115036,-9.879375457763672,0.0008597613195888698,0.17903050780296326,0.049979403614997864,82.0,15.842000961303711
1776230225.8858955,2026-04-15T05:17:05.885895,attack_square_gpsinput_drift,02,47.3980767,8.5463218,10.238000869750977,10.01200008392334,2.549999952316284,2.5199999809265137,-0.17000000178813934,-0.44572073221206665,-0.047346897423267365,-9.825288772583008,-0.0006291942554526031,0.23044782876968384,0.05122952535748482,82.0,15.842000961303711
1776230225.987776,2026-04-15T05:17:05.987776,attack_square_gpsinput_drift,02,47.3980773,8.5463227,10.24000072479248,10.01400089263916,2.619999885559082,2.5899999141693115,-0.14999999105930328,-0.4546451270580292,-0.05793633311986923,-9.788044929504395,-0.0011570792412385345,0.2662407457828522,0.05411044508218765,82.0,15.842000961303711
1776230226.0926843,2026-04-15T05:17:06.092684,attack_square_gpsinput_drift,02,47.3980773,8.5463227,10.24000072479248,10.01400089263916,2.619999885559082,2.5899999141693115,-0.14999999105930328,-0.4546451270580292,-0.05793633311986923,-9.788044929504395,-0.0011570792412385345,0.2662407457828522,0.05411044508218765,82.0,15.842000961303711
1776230226.194889,2026-04-15T05:17:06.194889,attack_square_gpsinput_drift,02,47.3980773,8.5463227,10.24000072479248,10.01400089263916,2.619999885559082,2.5899999141693115,-0.14999999105930328,-0.4546451270580292,-0.05793633311986923,-9.788044929504395,-0.0011570792412385345,0.2662407457828522,0.05411044508218765,82.0,15.842000961303711
1776230226.297943,2026-04-15T05:17:06.297943,attack_square_gpsinput_drift,02,47.3980786,8.546324499999999,10.243000030517578,10.017000198364258,2.75,2.7300000190734863,-0.10999999940395355,-0.47353124618530273,-0.04224131256341934,-9.735897064208984,0.0022761512082070112,0.3480338454246521,0.05922985449433327,82.0,15.842000961303711
1776230226.4067006,2026-04-15T05:17:06.406701,attack_square_gpsinput_drift,02,47.3980793,8.5463255,10.243000030517578,10.017000198364258,2.819999933242798,2.7899999618530273,-0.09999999403953552,-0.48884230852127075,-0.0473744235932827,-9.756771087646484,0.00289511657319963,0.36055195331573486,0.058956895023584366,82.0,15.842000961303711
1776230226.5097668,2026-04-15T05:17:06.509767,attack_square_gpsinput_drift,02,47.3980793,8.5463255,10.243000030517578,10.017000198364258,2.819999933242798,2.7899999618530273,-0.09999999403953552,-0.48884230852127075,-0.0473744235932827,-9.756771087646484,0.00289511657319963,0.36055195331573486,0.058956895023584366,82.0,15.842000961303711
1776230226.6163623,2026-04-15T05:17:06.616362,attack_square_gpsinput_drift,02,47.3980798,8.5463261,10.243000030517578,10.016000747680664,2.869999885559082,2.8399999141693115,-0.08999999612569809,-0.49220389127731323,-0.050218649208545685,-9.750465393066406,0.0016618750523775816,0.36521798372268677,0.0626288503408432,82.0,15.842000961303711
1776230226.7242591,2026-04-15T05:17:06.724259,attack_square_gpsinput_drift,02,47.3980798,8.5463261,10.243000030517578,10.016000747680664,2.869999885559082,2.8399999141693115,-0.08999999612569809,-0.49220389127731323,-0.050218649208545685,-9.750465393066406,0.0016618750523775816,0.36521798372268677,0.0626288503408432,82.0,15.842000961303711
1776230226.8291225,2026-04-15T05:17:06.829123,attack_square_gpsinput_drift,02,47.3980804,8.5463271,10.243000030517578,10.017000198364258,2.929999828338623,2.8999998569488525,-0.07999999821186066,-0.4993743896484375,-0.04610636085271835,-9.691624641418457,0.00466676102951169,0.3906845450401306,0.060900092124938965,82.0,15.842000961303711
1776230226.9323232,2026-04-15T05:17:06.932323,attack_square_gpsinput_drift,02,47.3980804,8.5463271,10.243000030517578,10.017000198364258,2.929999828338623,2.8999998569488525,-0.07999999821186066,-0.4993743896484375,-0.04610636085271835,-9.691624641418457,0.00466676102951169,0.3906845450401306,0.060900092124938965,82.0,15.842000961303711
1776230227.0350134,2026-04-15T05:17:07.035013,attack_square_gpsinput_drift,02,47.3980804,8.5463271,10.243000030517578,10.017000198364258,2.929999828338623,2.8999998569488525,-0.07999999821186066,-0.4993743896484375,-0.04610636085271835,-9.691624641418457,0.00466676102951169,0.3906845450401306,0.060900092124938965,82.0,15.842000961303711
1776230227.1394281,2026-04-15T05:17:07.139428,attack_square_gpsinput_drift,02,47.3980811,8.5463281,10.243000030517578,10.016000747680664,3.009999990463257,2.9800000190734863,-0.05999999865889549,-0.5066044926643372,-0.04633388668298721,-9.66280460357666,0.0059065488167107105,0.4255518615245819,0.06084761023521423,82.0,15.842000961303711
1776230227.2409315,2026-04-15T05:17:07.240932,attack_square_gpsinput_drift,02,47.3980819,8.5463291,10.242000579833984,10.016000747680664,3.049999952316284,3.0199999809265137,-0.04999999701976776,-0.5190987586975098,-0.03955424949526787,-9.619588851928711,0.007311228197067976,0.4670336842536926,0.06217614561319351,82.0,15.842000961303711
1776230227.3490188,2026-04-15T05:17:07.349019,attack_square_gpsinput_drift,02,47.3980819,8.5463291,10.242000579833984,10.016000747680664,3.049999952316284,3.0199999809265137,-0.04999999701976776,-0.5190987586975098,-0.03955424949526787,-9.619588851928711,0.007311228197067976,0.4670336842536926,0.06217614561319351,82.0,15.842000961303711
1776230227.4567845,2026-04-15T05:17:07.456784,attack_square_gpsinput_drift,02,47.3980819,8.5463291,10.242000579833984,10.016000747680664,3.049999952316284,3.0199999809265137,-0.04999999701976776,-0.5190987586975098,-0.03955424949526787,-9.619588851928711,0.007311228197067976,0.4670336842536926,0.06217614561319351,82.0,15.842000961303711
1776230227.5759392,2026-04-15T05:17:07.575939,attack_square_gpsinput_drift,02,47.3980819,8.5463291,10.242000579833984,10.016000747680664,3.049999952316284,3.0199999809265137,-0.04999999701976776,-0.5190987586975098,-0.03955424949526787,-9.619588851928711,0.007311228197067976,0.4670336842536926,0.06217614561319351,82.0,15.842000961303711
1776230227.6941485,2026-04-15T05:17:07.694149,attack_square_gpsinput_drift,02,47.3980819,8.5463291,10.242000579833984,10.016000747680664,3.049999952316284,3.0199999809265137,-0.04999999701976776,-0.5190987586975098,-0.03955424949526787,-9.619588851928711,0.007311228197067976,0.4670336842536926,0.06217614561319351,82.0,15.842000961303711
1776230227.8386755,2026-04-15T05:17:07.838675,attack_square_gpsinput_drift,02,47.3980823,8.546329799999999,10.241000175476074,10.015000343322754,3.0899999141693115,3.059999942779541,-0.029999999329447746,-0.5231980681419373,-0.050315625965595245,-9.618268966674805,0.00768830394372344,0.4941144287586212,0.0622834786772728,82.0,15.842000961303711
1776230228.0559545,2026-04-15T05:17:08.055954,attack_square_gpsinput_drift,02,47.3980823,8.546329799999999,10.241000175476074,10.015000343322754,3.0899999141693115,3.059999942779541,-0.029999999329447746,-0.5231980681419373,-0.050315625965595245,-9.618268966674805,0.00768830394372344,0.4941144287586212,0.0622834786772728,82.0,15.842000961303711
1776230228.1760402,2026-04-15T05:17:08.176040,attack_square_gpsinput_drift,02,47.3980823,8.546329799999999,10.241000175476074,10.015000343322754,3.0899999141693115,3.059999942779541,-0.029999999329447746,-0.5231980681419373,-0.050315625965595245,-9.618268966674805,0.00768830394372344,0.4941144287586212,0.0622834786772728,82.0,15.842000961303711
1776230228.2801793,2026-04-15T05:17:08.280179,attack_square_gpsinput_drift,02,47.3980823,8.546329799999999,10.241000175476074,10.015000343322754,3.0899999141693115,3.059999942779541,-0.029999999329447746,-0.5231980681419373,-0.050315625965595245,-9.618268966674805,0.00768830394372344,0.4941144287586212,0.0622834786772728,82.0,15.842000961303711
1776230228.3816347,2026-04-15T05:17:08.381635,attack_square_gpsinput_drift,02,47.3980831,8.5463308,10.24000072479248,10.01400089263916,3.1499998569488525,3.109999895095825,-0.019999999552965164,-0.5391030311584473,-0.036025844514369965,-9.592278480529785,0.009866256266832352,0.5259480476379395,0.06032711640000343,82.0,15.842000961303711
1776230228.4848113,2026-04-15T05:17:08.484811,attack_square_gpsinput_drift,02,47.3980831,8.5463308,10.24000072479248,10.01400089263916,3.1499998569488525,3.109999895095825,-0.019999999552965164,-0.5391030311584473,-0.036025844514369965,-9.592278480529785,0.009866256266832352,0.5259480476379395,0.06032711640000343,82.0,15.842000961303711
1776230228.6440184,2026-04-15T05:17:08.644018,attack_square_gpsinput_drift,02,47.3980831,8.5463308,10.24000072479248,10.01400089263916,3.1499998569488525,3.109999895095825,-0.019999999552965164,-0.5391030311584473,-0.036025844514369965,-9.592278480529785,0.009866256266832352,0.5259480476379395,0.06032711640000343,82.0,15.842000961303711
1776230228.746263,2026-04-15T05:17:08.746263,attack_square_gpsinput_drift,02,47.3980836,8.546331499999999,10.23900032043457,10.01300048828125,3.179999828338623,3.1499998569488525,-0.009999999776482582,-0.5404910445213318,-0.05317572504281998,-9.6001558303833,0.008908682502806187,0.5437644720077515,0.0601578950881958,82.0,15.842000961303711
1776230228.8488612,2026-04-15T05:17:08.848861,attack_square_gpsinput_drift,02,47.3980836,8.546331499999999,10.23900032043457,10.01300048828125,3.179999828338623,3.1499998569488525,-0.009999999776482582,-0.5404910445213318,-0.05317572504281998,-9.6001558303833,0.008908682502806187,0.5437644720077515,0.0601578950881958,82.0,15.842000961303711
1776230228.9531653,2026-04-15T05:17:08.953165,attack_square_gpsinput_drift,02,47.3980836,8.546331499999999,10.23900032043457,10.01300048828125,3.179999828338623,3.1499998569488525,-0.009999999776482582,-0.5404910445213318,-0.05317572504281998,-9.6001558303833,0.008908682502806187,0.5437644720077515,0.0601578950881958,82.0,15.842000961303711
1776230229.0739264,2026-04-15T05:17:09.073926,attack_square_gpsinput_drift,02,47.3980841,8.5463322,10.238000869750977,10.01200008392334,3.2200000286102295,3.179999828338623,0.0,-0.5431728959083557,-0.051672156900167465,-9.594025611877441,0.010865233838558197,0.5507792830467224,0.05935293063521385,82.0,15.842000961303711
1776230229.174936,2026-04-15T05:17:09.174936,attack_square_gpsinput_drift,02,47.3980841,8.5463322,10.238000869750977,10.01200008392334,3.2200000286102295,3.179999828338623,0.0,-0.5431728959083557,-0.051672156900167465,-9.594025611877441,0.010865233838558197,0.5507792830467224,0.05935293063521385,82.0,15.842000961303711
1776230229.2778225,2026-04-15T05:17:09.277822,attack_square_gpsinput_drift,02,47.3980841,8.5463322,10.238000869750977,10.01200008392334,3.2200000286102295,3.179999828338623,0.0,-0.5431728959083557,-0.051672156900167465,-9.594025611877441,0.010865233838558197,0.5507792830467224,0.05935293063521385,82.0,15.842000961303711
1776230229.3820283,2026-04-15T05:17:09.382028,attack_square_gpsinput_drift,02,47.3980846,8.546332999999999,10.237000465393066,10.010000228881836,3.25,3.2100000381469727,0.0,-0.558006763458252,-0.049096912145614624,-9.588994026184082,0.011622096411883831,0.5557975769042969,0.05932033061981201,82.0,15.842000961303711
1776230229.490096,2026-04-15T05:17:09.490096,attack_square_gpsinput_drift,02,47.3980846,8.546332999999999,10.237000465393066,10.010000228881836,3.25,3.2100000381469727,0.0,-0.558006763458252,-0.049096912145614624,-9.588994026184082,0.011622096411883831,0.5557975769042969,0.05932033061981201,82.0,15.842000961303711
1776230229.5979705,2026-04-15T05:17:09.597970,attack_square_gpsinput_drift,02,47.3980853,8.5463341,10.234000205993652,10.008000373840332,3.299999952316284,3.259999990463257,0.009999999776482582,-0.5580624938011169,-0.041582949459552765,-9.584622383117676,0.013203912414610386,0.557647705078125,0.05846674367785454,82.0,15.842000961303711
1776230229.7029388,2026-04-15T05:17:09.702939,attack_square_gpsinput_drift,02,47.3980853,8.5463341,10.234000205993652,10.008000373840332,3.299999952316284,3.259999990463257,0.009999999776482582,-0.5580624938011169,-0.041582949459552765,-9.584622383117676,0.013203912414610386,0.557647705078125,0.05846674367785454,82.0,15.842000961303711
1776230229.8932734,2026-04-15T05:17:09.893273,attack_square_gpsinput_drift,02,47.3980853,8.5463341,10.234000205993652,10.008000373840332,3.299999952316284,3.259999990463257,0.009999999776482582,-0.5580624938011169,-0.041582949459552765,-9.584622383117676,0.013203912414610386,0.557647705078125,0.05846674367785454,82.0,15.842000961303711
1776230229.9971097,2026-04-15T05:17:09.997110,attack_square_gpsinput_drift,02,47.3980853,8.5463341,10.234000205993652,10.008000373840332,3.299999952316284,3.259999990463257,0.009999999776482582,-0.5580624938011169,-0.041582949459552765,-9.584622383117676,0.013203912414610386,0.557647705078125,0.05846674367785454,82.0,15.842000961303711
1776230230.1070518,2026-04-15T05:17:10.107052,attack_square_gpsinput_drift,02,47.3980853,8.5463341,10.234000205993652,10.008000373840332,3.299999952316284,3.259999990463257,0.009999999776482582,-0.5580624938011169,-0.041582949459552765,-9.584622383117676,0.013203912414610386,0.557647705078125,0.05846674367785454,82.0,15.842000961303711
1776230230.2539663,2026-04-15T05:17:10.253966,attack_square_gpsinput_drift,02,47.3980853,8.5463341,10.234000205993652,10.008000373840332,3.299999952316284,3.259999990463257,0.009999999776482582,-0.5580624938011169,-0.041582949459552765,-9.584622383117676,0.013203912414610386,0.557647705078125,0.05846674367785454,82.0,15.842000961303711
1776230230.3758924,2026-04-15T05:17:10.375892,attack_square_gpsinput_drift,02,47.398086199999995,8.546335299999999,10.232000350952148,10.006000518798828,3.359999895095825,3.309999942779541,0.029999999329447746,-0.565380334854126,-0.04344812035560608,-9.589662551879883,0.01682569645345211,0.5511510968208313,0.05594745650887489,82.0,15.842000961303711
1776230230.4769535,2026-04-15T05:17:10.476954,attack_square_gpsinput_drift,02,47.398086199999995,8.546335299999999,10.232000350952148,10.006000518798828,3.359999895095825,3.309999942779541,0.029999999329447746,-0.565380334854126,-0.04344812035560608,-9.589662551879883,0.01682569645345211,0.5511510968208313,0.05594745650887489,82.0,15.842000961303711
1776230230.6389863,2026-04-15T05:17:10.638986,attack_square_gpsinput_drift,02,47.398086199999995,8.546335299999999,10.232000350952148,10.006000518798828,3.359999895095825,3.309999942779541,0.029999999329447746,-0.565380334854126,-0.04344812035560608,-9.589662551879883,0.01682569645345211,0.5511510968208313,0.05594745650887489,82.0,15.842000961303711
1776230230.9128952,2026-04-15T05:17:10.912895,attack_square_gpsinput_drift,02,47.398086199999995,8.546335299999999,10.232000350952148,10.006000518798828,3.359999895095825,3.309999942779541,0.029999999329447746,-0.565380334854126,-0.04344812035560608,-9.589662551879883,0.01682569645345211,0.5511510968208313,0.05594745650887489,82.0,15.842000961303711
