timestamp_unix_s,timestamp_iso,scenario,run_id,lat_deg,lon_deg,abs_alt_m,rel_alt_m,vel_n_m_s,vel_e_m_s,vel_d_m_s,accel_x_mps2,accel_y_mps2,accel_z_mps2,gyro_x_rps,gyro_y_rps,gyro_z_rps,battery_remaining_pct,battery_voltage_v,true_lat_deg,true_lon_deg,label,attack_elapsed_s
1776895445.731315,2026-04-22T22:04:05.731315,out_back_fast_10s,1,,,,,,,,,,,,,,,,,,normal,0.0
1776895445.8392708,2026-04-22T22:04:05.839271,out_back_fast_10s,1,,,,,,,,,,,,,,,,,,normal,0.0
1776895445.955374,2026-04-22T22:04:05.955374,out_back_fast_10s,1,,,,,,,,,,,,,,,,,,normal,0.0
1776895446.0607548,2026-04-22T22:04:06.060755,out_back_fast_10s,1,,,,,,,,,,,,,,,,,,normal,0.0
1776895446.1623626,2026-04-22T22:04:06.162363,out_back_fast_10s,1,,,,,,,,-0.096712626516819,-0.0011058254167437,-9.763246536254885,0.0003060980816371,-0.0001095509360311,-0.0002615206467453,,,,,normal,0.0
1776895446.263718,2026-04-22T22:04:06.263718,out_back_fast_10s,1,,,,,,,,-0.096712626516819,-0.0011058254167437,-9.763246536254885,0.0003060980816371,-0.0001095509360311,-0.0002615206467453,,,,,normal,0.0
1776895446.3693063,2026-04-22T22:04:06.369306,out_back_fast_10s,1,,,,,,,,-0.096712626516819,-0.0011058254167437,-9.763246536254885,0.0003060980816371,-0.0001095509360311,-0.0002615206467453,,,,,normal,0.0
1776895446.4716322,2026-04-22T22:04:06.471632,out_back_fast_10s,1,,,,,,,,-0.096712626516819,-0.0011058254167437,-9.763246536254885,0.0003060980816371,-0.0001095509360311,-0.0002615206467453,,,,,normal,0.0
1776895446.5743043,2026-04-22T22:04:06.574304,out_back_fast_10s,1,47.3979704,8.5461637,0.2990000247955322,0.0870000049471855,0.0,0.0,0.0099999997764825,-0.096712626516819,-0.0011058254167437,-9.763246536254885,0.0003060980816371,-0.0001095509360311,-0.0002615206467453,,,47.3979704,8.5461637,normal,0.0
1776895446.6753037,2026-04-22T22:04:06.675303,out_back_fast_10s,1,47.3979704,8.5461637,0.2990000247955322,0.0870000049471855,0.0,0.0,0.0099999997764825,-0.096712626516819,-0.0011058254167437,-9.763246536254885,0.0003060980816371,-0.0001095509360311,-0.0002615206467453,,,47.3979704,8.5461637,normal,0.0
1776895446.778839,2026-04-22T22:04:06.778839,out_back_fast_10s,1,47.3979704,8.5461637,0.2990000247955322,0.0870000049471855,0.0,0.0,0.0099999997764825,-0.0922101214528083,-0.0055748270824551,-9.761550903320312,-0.0003060262242797,-0.0012672782177105,5.295965820550919e-06,,,47.3979704,8.5461637,normal,0.0
1776895446.882675,2026-04-22T22:04:06.882675,out_back_fast_10s,1,47.3979704,8.5461637,0.2990000247955322,0.0870000049471855,0.0,0.0,0.0099999997764825,-0.0922101214528083,-0.0055748270824551,-9.761550903320312,-0.0003060262242797,-0.0012672782177105,5.295965820550919e-06,,,47.3979704,8.5461637,normal,0.0
1776895446.9850874,2026-04-22T22:04:06.985087,out_back_fast_10s,1,47.3979704,8.5461637,0.2990000247955322,0.0870000049471855,0.0,0.0,0.0099999997764825,-0.0922101214528083,-0.0055748270824551,-9.761550903320312,-0.0003060262242797,-0.0012672782177105,5.295965820550919e-06,,,47.3979704,8.5461637,normal,0.0
1776895447.0908113,2026-04-22T22:04:07.090811,out_back_fast_10s,1,47.3979704,8.5461637,0.2990000247955322,0.0870000049471855,0.0,0.0,0.0099999997764825,-0.0922101214528083,-0.0055748270824551,-9.761550903320312,-0.0003060262242797,-0.0012672782177105,5.295965820550919e-06,,,47.3979704,8.5461637,normal,0.0
1776895447.20264,2026-04-22T22:04:07.202640,out_back_fast_10s,1,47.3979704,8.5461637,0.2930000126361847,0.0820000022649765,0.0,0.0,0.0099999997764825,-0.0922101214528083,-0.0055748270824551,-9.761550903320312,-0.0003060262242797,-0.0012672782177105,5.295965820550919e-06,,,47.3979704,8.5461637,normal,0.0
1776895447.3047886,2026-04-22T22:04:07.304789,out_back_fast_10s,1,47.3979704,8.5461637,0.2930000126361847,0.0820000022649765,0.0,0.0,0.0099999997764825,-0.0922101214528083,-0.0055748270824551,-9.761550903320312,-0.0003060262242797,-0.0012672782177105,5.295965820550919e-06,,,47.3979704,8.5461637,normal,0.0
1776895447.4072404,2026-04-22T22:04:07.407240,out_back_fast_10s,1,47.3979704,8.5461637,0.2930000126361847,0.0820000022649765,0.0,0.0,0.0099999997764825,-0.0897638574242591,-0.0007879743352532,-9.755056381225586,-0.0009070229716598,-0.0001671324425842,-0.0005166144692339,,,47.3979704,8.5461637,normal,0.0
1776895447.5144496,2026-04-22T22:04:07.514450,out_back_fast_10s,1,47.3979704,8.5461637,0.2930000126361847,0.0820000022649765,0.0,0.0,0.0099999997764825,-0.0897638574242591,-0.0007879743352532,-9.755056381225586,-0.0009070229716598,-0.0001671324425842,-0.0005166144692339,,,47.3979704,8.5461637,normal,0.0
1776895447.6164198,2026-04-22T22:04:07.616420,out_back_fast_10s,1,47.3979704,8.5461637,0.2930000126361847,0.0820000022649765,0.0,0.0,0.0099999997764825,-0.0897638574242591,-0.0007879743352532,-9.755056381225586,-0.0009070229716598,-0.0001671324425842,-0.0005166144692339,,,47.3979704,8.5461637,normal,0.0
1776895447.71831,2026-04-22T22:04:07.718310,out_back_fast_10s,1,47.3979704,8.5461637,0.2850000262260437,0.0,0.0,0.0,0.0199999995529651,-0.0897638574242591,-0.0007879743352532,-9.755056381225586,-0.0009070229716598,-0.0001671324425842,-0.0005166144692339,,,47.3979704,8.5461637,normal,0.0
1776895447.819429,2026-04-22T22:04:07.819429,out_back_fast_10s,1,47.3979704,8.5461637,0.2850000262260437,0.0,0.0,0.0,0.0199999995529651,-0.0897638574242591,-0.0007879743352532,-9.755056381225586,-0.0009070229716598,-0.0001671324425842,-0.0005166144692339,,,47.3979704,8.5461637,normal,0.0
1776895447.921589,2026-04-22T22:04:07.921589,out_back_fast_10s,1,47.3979704,8.5461637,0.2850000262260437,0.0,0.0,0.0,0.0199999995529651,-0.0953461229801178,-0.0008022971451282,-9.759932518005373,0.000437772629084,0.0007175076170824,-0.000595242716372,,,47.3979704,8.5461637,normal,0.0
1776895448.0241106,2026-04-22T22:04:08.024111,out_back_fast_10s,1,47.3979704,8.5461637,0.2850000262260437,0.0,0.0,0.0,0.0199999995529651,-0.0953461229801178,-0.0008022971451282,-9.759932518005373,0.000437772629084,0.0007175076170824,-0.000595242716372,100.0,16.19700050354004,47.3979704,8.5461637,normal,0.0
1776895448.126722,2026-04-22T22:04:08.126722,out_back_fast_10s,1,47.3979704,8.5461637,0.2850000262260437,0.0,0.0,0.0,0.0199999995529651,-0.0953461229801178,-0.0008022971451282,-9.759932518005373,0.000437772629084,0.0007175076170824,-0.000595242716372,100.0,16.19700050354004,47.3979704,8.5461637,normal,0.0
1776895448.2285478,2026-04-22T22:04:08.228548,out_back_fast_10s,1,47.3979704,8.5461636,0.2750000059604645,-0.0090000005438923,0.0,0.0,0.0099999997764825,-0.0890625566244125,-0.00848816242069,-9.754764556884766,-0.0011328215477988,0.000825944065582,-0.00034078839235,100.0,16.19700050354004,47.3979704,8.5461636,normal,0.0
1776895448.330435,2026-04-22T22:04:08.330435,out_back_fast_10s,1,47.3979704,8.5461636,0.2750000059604645,-0.0090000005438923,0.0,0.0,0.0099999997764825,-0.0890625566244125,-0.00848816242069,-9.754764556884766,-0.0011328215477988,0.000825944065582,-0.00034078839235,100.0,16.19700050354004,47.3979704,8.5461636,normal,0.0
1776895448.432294,2026-04-22T22:04:08.432294,out_back_fast_10s,1,47.3979704,8.5461636,0.2720000147819519,-0.0120000001043081,0.0099999997764825,0.0,0.0099999997764825,-0.0890625566244125,-0.00848816242069,-9.754764556884766,-0.0011328215477988,0.000825944065582,-0.00034078839235,100.0,16.19700050354004,47.3979704,8.5461636,normal,0.0
1776895448.5330987,2026-04-22T22:04:08.533099,out_back_fast_10s,1,47.3979704,8.5461636,0.2720000147819519,-0.0120000001043081,0.0099999997764825,0.0,0.0099999997764825,-0.0949461162090301,-0.0044498303905129,-9.757347106933594,0.0005312542780302,-0.0005126838805153,-6.345799192786217e-05,100.0,16.19700050354004,47.3979704,8.5461636,normal,0.0
1776895448.6383724,2026-04-22T22:04:08.638372,out_back_fast_10s,1,47.3979704,8.5461636,0.2720000147819519,-0.0120000001043081,0.0099999997764825,0.0,0.0099999997764825,-0.0949461162090301,-0.0044498303905129,-9.757347106933594,0.0005312542780302,-0.0005126838805153,-6.345799192786217e-05,100.0,16.19700050354004,47.3979704,8.5461636,normal,0.0
1776895448.7408671,2026-04-22T22:04:08.740867,out_back_fast_10s,1,47.3979704,8.5461636,0.270000010728836,-0.0140000004321336,0.0099999997764825,0.0,0.0099999997764825,-0.0949461162090301,-0.0044498303905129,-9.757347106933594,0.0005312542780302,-0.0005126838805153,-6.345799192786217e-05,100.0,16.19700050354004,47.3979704,8.5461636,normal,0.0
1776895448.841499,2026-04-22T22:04:08.841499,out_back_fast_10s,1,47.3979704,8.5461636,0.270000010728836,-0.0140000004321336,0.0099999997764825,0.0,0.0099999997764825,-0.0949461162090301,-0.0044498303905129,-9.757347106933594,0.0005312542780302,-0.0005126838805153,-6.345799192786217e-05,100.0,16.19700050354004,47.3979704,8.5461636,normal,0.0
1776895448.949451,2026-04-22T22:04:08.949451,out_back_fast_10s,1,47.3979704,8.5461636,0.270000010728836,-0.0140000004321336,0.0099999997764825,0.0,0.0099999997764825,-0.0990220978856086,-0.0014166170731186,-9.763505935668944,0.0004336666024755,0.0001114351398427,-0.0015302395913749,100.0,16.19700050354004,47.3979704,8.5461636,normal,0.0
1776895449.0511503,2026-04-22T22:04:09.051150,out_back_fast_10s,1,47.3979704,8.5461636,0.270000010728836,-0.0140000004321336,0.0099999997764825,0.0,0.0099999997764825,-0.0990220978856086,-0.0014166170731186,-9.763505935668944,0.0004336666024755,0.0001114351398427,-0.0015302395913749,100.0,16.19700050354004,47.3979704,8.5461636,normal,0.0
1776895449.15283,2026-04-22T22:04:09.152830,out_back_fast_10s,1,47.3979705,8.5461636,0.2690000236034393,-0.0160000007599592,0.0099999997764825,0.0,0.0199999995529651,-0.0990220978856086,-0.0014166170731186,-9.763505935668944,0.0004336666024755,0.0001114351398427,-0.0015302395913749,100.0,16.19700050354004,47.3979705,8.5461636,normal,0.0
1776895449.2554655,2026-04-22T22:04:09.255466,out_back_fast_10s,1,47.3979705,8.5461636,0.2690000236034393,-0.0160000007599592,0.0099999997764825,0.0,0.0199999995529651,-0.0934093967080116,0.0012014862149953,-9.75473976135254,5.5780190450605005e-05,0.0004317574203014,-0.0003563365899026,100.0,16.19700050354004,47.3979705,8.5461636,normal,0.0
1776895449.356272,2026-04-22T22:04:09.356272,out_back_fast_10s,1,47.3979705,8.5461635,0.2670000195503235,-0.0180000010877847,0.0099999997764825,0.0,0.0199999995529651,-0.0934093967080116,0.0012014862149953,-9.75473976135254,5.5780190450605005e-05,0.0004317574203014,-0.0003563365899026,100.0,16.19700050354004,47.3979705,8.5461635,normal,0.0
1776895449.4605396,2026-04-22T22:04:09.460540,out_back_fast_10s,1,47.3979705,8.5461635,0.2670000195503235,-0.0180000010877847,0.0099999997764825,0.0,0.0199999995529651,-0.0934093967080116,0.0012014862149953,-9.75473976135254,5.5780190450605005e-05,0.0004317574203014,-0.0003563365899026,100.0,16.19700050354004,47.3979705,8.5461635,normal,0.0
1776895449.5621734,2026-04-22T22:04:09.562173,out_back_fast_10s,1,47.3979705,8.5461635,0.2670000195503235,-0.0180000010877847,0.0099999997764825,0.0,0.0199999995529651,-0.1029348969459533,-0.0091105094179511,-9.754207611083984,0.000739574781619,6.552073318744078e-05,-0.0002461893600411,100.0,16.19700050354004,47.3979705,8.5461635,normal,0.0
1776895449.6632535,2026-04-22T22:04:09.663254,out_back_fast_10s,1,47.3979705,8.5461635,0.2670000195503235,-0.0180000010877847,0.0099999997764825,0.0,0.0199999995529651,-0.1029348969459533,-0.0091105094179511,-9.754207611083984,0.000739574781619,6.552073318744078e-05,-0.0002461893600411,100.0,16.19700050354004,47.3979705,8.5461635,normal,0.0
1776895449.7644498,2026-04-22T22:04:09.764450,out_back_fast_10s,1,47.3979705,8.5461635,0.2639999985694885,-0.021000001579523,0.0099999997764825,-0.0099999997764825,0.0199999995529651,-0.1029348969459533,-0.0091105094179511,-9.754207611083984,0.000739574781619,6.552073318744078e-05,-0.0002461893600411,100.0,16.19700050354004,47.3979705,8.5461635,normal,0.0
1776895449.867146,2026-04-22T22:04:09.867146,out_back_fast_10s,1,47.3979705,8.5461635,0.2639999985694885,-0.021000001579523,0.0099999997764825,-0.0099999997764825,0.0199999995529651,-0.1029348969459533,-0.0091105094179511,-9.754207611083984,0.000739574781619,6.552073318744078e-05,-0.0002461893600411,100.0,16.19700050354004,47.3979705,8.5461635,normal,0.0
1776895449.969287,2026-04-22T22:04:09.969287,out_back_fast_10s,1,47.3979705,8.5461635,0.2639999985694885,-0.021000001579523,0.0099999997764825,-0.0099999997764825,0.0199999995529651,-0.1006075143814086,-0.0050485162064433,-9.768340110778809,-5.586501356447116e-05,-0.0004120761004742,-3.841076977550984e-05,100.0,16.19700050354004,47.3979705,8.5461635,normal,0.0
1776895450.0710576,2026-04-22T22:04:10.071058,out_back_fast_10s,1,47.3979705,8.5461635,0.2639999985694885,-0.021000001579523,0.0099999997764825,-0.0099999997764825,0.0199999995529651,-0.1006075143814086,-0.0050485162064433,-9.768340110778809,-5.586501356447116e-05,-0.0004120761004742,-3.841076977550984e-05,100.0,16.19700050354004,47.3979705,8.5461635,normal,0.0
1776895450.1734242,2026-04-22T22:04:10.173424,out_back_fast_10s,1,47.3979706,8.5461635,0.2610000073909759,-0.0230000019073486,0.0099999997764825,-0.0099999997764825,0.0099999997764825,-0.1006075143814086,-0.0050485162064433,-9.768340110778809,-5.586501356447116e-05,-0.0004120761004742,-3.841076977550984e-05,100.0,16.19700050354004,47.3979706,8.5461635,normal,0.0
1776895450.275442,2026-04-22T22:04:10.275442,out_back_fast_10s,1,47.3979706,8.5461635,0.2610000073909759,-0.0230000019073486,0.0099999997764825,-0.0099999997764825,0.0099999997764825,-0.1006075143814086,-0.0050485162064433,-9.768340110778809,-5.586501356447116e-05,-0.0004120761004742,-3.841076977550984e-05,100.0,16.19700050354004,47.3979706,8.5461635,normal,0.0
1776895450.3777723,2026-04-22T22:04:10.377772,out_back_fast_10s,1,47.3979706,8.5461635,0.2610000073909759,-0.0230000019073486,0.0099999997764825,-0.0099999997764825,0.0099999997764825,-0.0986088439822197,-0.004437412135303,-9.76344108581543,-0.0010796282440423,-0.0005038020317442,-0.0004599481762852,100.0,16.19700050354004,47.3979706,8.5461635,normal,0.0
1776895450.4833288,2026-04-22T22:04:10.483329,out_back_fast_10s,1,47.3979706,8.5461635,0.2610000073909759,-0.0230000019073486,0.0099999997764825,0.0,0.0099999997764825,-0.0986088439822197,-0.004437412135303,-9.76344108581543,-0.0010796282440423,-0.0005038020317442,-0.0004599481762852,100.0,16.19700050354004,47.3979706,8.5461635,normal,0.0
1776895450.5853777,2026-04-22T22:04:10.585378,out_back_fast_10s,1,47.3979706,8.5461635,0.2610000073909759,-0.0230000019073486,0.0099999997764825,0.0,0.0099999997764825,-0.0986088439822197,-0.004437412135303,-9.76344108581543,-0.0010796282440423,-0.0005038020317442,-0.0004599481762852,100.0,16.19700050354004,47.3979706,8.5461635,normal,0.0
1776895450.687189,2026-04-22T22:04:10.687189,out_back_fast_10s,1,47.3979706,8.5461635,0.2610000073909759,-0.0230000019073486,0.0099999997764825,0.0,0.0099999997764825,-0.0988225787878036,-0.0152885997667908,-9.752671241760254,0.0005080850096419,0.0001588153390912,-0.0003658847417682,100.0,16.19700050354004,47.3979706,8.5461635,normal,0.0
1776895450.788685,2026-04-22T22:04:10.788685,out_back_fast_10s,1,47.3979706,8.5461635,0.262000024318695,-0.0230000019073486,0.0099999997764825,0.0,0.0,-0.0988225787878036,-0.0152885997667908,-9.752671241760254,0.0005080850096419,0.0001588153390912,-0.0003658847417682,100.0,16.19700050354004,47.3979706,8.5461635,normal,0.0
1776895450.891274,2026-04-22T22:04:10.891274,out_back_fast_10s,1,47.3979706,8.5461635,0.262000024318695,-0.0230000019073486,0.0099999997764825,0.0,0.0,-0.0988225787878036,-0.0152885997667908,-9.752671241760254,0.0005080850096419,0.0001588153390912,-0.0003658847417682,100.0,16.19700050354004,47.3979706,8.5461635,normal,0.0
1776895450.9927762,2026-04-22T22:04:10.992776,out_back_fast_10s,1,47.3979706,8.5461635,0.262000024318695,-0.0230000019073486,0.0099999997764825,0.0,0.0,-0.0945822820067405,-0.0028858901932835,-9.757555961608888,-5.759832856711e-05,0.0014311771374195,-0.0008505367441102,100.0,16.19700050354004,47.3979706,8.5461635,normal,0.0
1776895451.0943575,2026-04-22T22:04:11.094357,out_back_fast_10s,1,47.3979707,8.5461636,0.2639999985694885,-0.0200000014156103,0.0099999997764825,0.0,0.0,-0.0945822820067405,-0.0028858901932835,-9.757555961608888,-5.759832856711e-05,0.0014311771374195,-0.0008505367441102,100.0,16.19700050354004,47.3979707,8.5461636,normal,0.0
1776895451.2117062,2026-04-22T22:04:11.211706,out_back_fast_10s,1,47.3979707,8.5461636,0.2639999985694885,-0.0200000014156103,0.0099999997764825,0.0,0.0,-0.1018598303198814,-0.0075130062177777,-9.750967979431152,0.0003729996969923,-0.000287114206003,-0.0006651717121712,99.0,16.1560001373291,47.3979707,8.5461636,normal,0.0
1776895451.3172743,2026-04-22T22:04:11.317274,out_back_fast_10s,1,47.3979707,8.5461636,0.2639999985694885,-0.0200000014156103,0.0099999997764825,0.0,0.0,-0.1018598303198814,-0.0075130062177777,-9.750967979431152,0.0003729996969923,-0.000287114206003,-0.0006651717121712,99.0,16.1560001373291,47.3979707,8.5461636,normal,0.0
1776895451.4262998,2026-04-22T22:04:11.426300,out_back_fast_10s,1,47.3979707,8.5461636,0.2680000066757202,-0.0170000009238719,0.0099999997764825,0.0,0.0,-0.1018598303198814,-0.0075130062177777,-9.750967979431152,0.0003729996969923,-0.000287114206003,-0.0006651717121712,99.0,16.1560001373291,47.3979707,8.5461636,normal,0.0
1776895451.5274456,2026-04-22T22:04:11.527446,out_back_fast_10s,1,47.3979707,8.5461636,0.2680000066757202,-0.0170000009238719,0.0099999997764825,0.0,0.0,-0.1018598303198814,-0.0075130062177777,-9.750967979431152,0.0003729996969923,-0.000287114206003,-0.0006651717121712,99.0,16.1560001373291,47.3979707,8.5461636,normal,0.0
1776895451.63352,2026-04-22T22:04:11.633520,out_back_fast_10s,1,47.3979707,8.5461636,0.2680000066757202,-0.0170000009238719,0.0099999997764825,0.0,0.0,-0.0972791761159896,-0.0109557481482625,-9.75734806060791,-0.0004647131718229,-0.0004207644669804,-0.0002795950858853,99.0,16.1560001373291,47.3979707,8.5461636,normal,0.0
1776895451.736173,2026-04-22T22:04:11.736173,out_back_fast_10s,1,47.3979707,8.5461636,0.2680000066757202,-0.0170000009238719,0.0099999997764825,0.0,0.0,-0.0972791761159896,-0.0109557481482625,-9.75734806060791,-0.0004647131718229,-0.0004207644669804,-0.0002795950858853,99.0,16.1560001373291,47.3979707,8.5461636,normal,0.0
1776895451.8376126,2026-04-22T22:04:11.837613,out_back_fast_10s,1,47.3979707,8.5461636,0.2710000276565552,-0.0140000004321336,0.0099999997764825,0.0,0.0,-0.0972791761159896,-0.0109557481482625,-9.75734806060791,-0.0004647131718229,-0.0004207644669804,-0.0002795950858853,99.0,16.1560001373291,47.3979707,8.5461636,normal,0.0
1776895451.9411535,2026-04-22T22:04:11.941154,out_back_fast_10s,1,47.3979707,8.5461636,0.2710000276565552,-0.0140000004321336,0.0099999997764825,0.0,0.0,-0.10349602997303,-0.0049297781661152,-9.766077041625977,-0.0002262446505483,-0.0005242564366199,-3.555120201781392e-05,99.0,16.1560001373291,47.3979707,8.5461636,normal,0.0
1776895452.0430503,2026-04-22T22:04:12.043051,out_back_fast_10s,1,47.3979707,8.5461636,0.2710000276565552,-0.0140000004321336,0.0099999997764825,0.0,0.0,-0.10349602997303,-0.0049297781661152,-9.766077041625977,-0.0002262446505483,-0.0005242564366199,-3.555120201781392e-05,99.0,16.1560001373291,47.3979707,8.5461636,normal,0.0
1776895452.1478472,2026-04-22T22:04:12.147847,out_back_fast_10s,1,47.3979707,8.5461636,0.2730000019073486,-0.0120000001043081,0.0099999997764825,0.0,0.0,-0.10349602997303,-0.0049297781661152,-9.766077041625977,-0.0002262446505483,-0.0005242564366199,-3.555120201781392e-05,99.0,16.1560001373291,47.3979707,8.5461636,normal,0.0
1776895452.2489798,2026-04-22T22:04:12.248980,out_back_fast_10s,1,47.3979707,8.5461636,0.2730000019073486,-0.0120000001043081,0.0099999997764825,0.0,0.0,-0.0934086367487907,-0.0108238803222775,-9.762566566467283,-0.0003345918375998,0.0004522331873886,-0.0002371217997279,99.0,16.1560001373291,47.3979707,8.5461636,normal,0.0
1776895452.349522,2026-04-22T22:04:12.349522,out_back_fast_10s,1,47.3979707,8.5461636,0.2730000019073486,-0.0120000001043081,0.0099999997764825,0.0,0.0,-0.0934086367487907,-0.0108238803222775,-9.762566566467283,-0.0003345918375998,0.0004522331873886,-0.0002371217997279,99.0,16.1560001373291,47.3979707,8.5461636,normal,0.0
1776895452.4509504,2026-04-22T22:04:12.450950,out_back_fast_10s,1,47.3979706,8.5461636,0.2730000019073486,-0.0120000001043081,0.0099999997764825,0.0,0.0,-0.0934086367487907,-0.0108238803222775,-9.762566566467283,-0.0003345918375998,0.0004522331873886,-0.0002371217997279,99.0,16.1560001373291,47.3979706,8.5461636,normal,0.0
1776895452.5535152,2026-04-22T22:04:12.553515,out_back_fast_10s,1,47.3979706,8.5461636,0.2730000019073486,-0.0120000001043081,0.0099999997764825,0.0,0.0,-0.0897970795631408,-0.0080686258152127,-9.75803279876709,0.0004114269686397,0.0005906000151298,-0.0008683408377692,99.0,16.1560001373291,47.3979706,8.5461636,normal,0.0
1776895452.6542065,2026-04-22T22:04:12.654206,out_back_fast_10s,1,47.3979706,8.5461636,0.2730000019073486,-0.0120000001043081,0.0099999997764825,0.0,0.0,-0.0897970795631408,-0.0080686258152127,-9.75803279876709,0.0004114269686397,0.0005906000151298,-0.0008683408377692,99.0,16.1560001373291,47.3979706,8.5461636,normal,0.0
1776895452.7564492,2026-04-22T22:04:12.756449,out_back_fast_10s,1,47.3979706,8.5461636,0.2720000147819519,-0.0130000002682209,0.0099999997764825,0.0,0.0,-0.0897970795631408,-0.0080686258152127,-9.75803279876709,0.0004114269686397,0.0005906000151298,-0.0008683408377692,99.0,16.1560001373291,47.3979706,8.5461636,normal,0.0
1776895452.8572755,2026-04-22T22:04:12.857275,out_back_fast_10s,1,47.3979706,8.5461636,0.2720000147819519,-0.0130000002682209,0.0099999997764825,0.0,0.0,-0.0897970795631408,-0.0080686258152127,-9.75803279876709,0.0004114269686397,0.0005906000151298,-0.0008683408377692,99.0,16.1560001373291,47.3979706,8.5461636,normal,0.0
1776895452.9585326,2026-04-22T22:04:12.958533,out_back_fast_10s,1,47.3979706,8.5461636,0.2720000147819519,-0.0130000002682209,0.0099999997764825,0.0,0.0,-0.0920391231775283,-0.006847090087831,-9.764084815979004,0.0005529216141439,-0.0004152645124122,-0.0007373994449153,99.0,16.1560001373291,47.3979706,8.5461636,normal,0.0
1776895453.0600066,2026-04-22T22:04:13.060007,out_back_fast_10s,1,47.3979706,8.5461636,0.270000010728836,-0.0150000005960464,0.0099999997764825,0.0,0.0,-0.0920391231775283,-0.006847090087831,-9.764084815979004,0.0005529216141439,-0.0004152645124122,-0.0007373994449153,99.0,16.1560001373291,47.3979706,8.5461636,normal,0.0
1776895453.161132,2026-04-22T22:04:13.161132,out_back_fast_10s,1,47.3979706,8.5461636,0.270000010728836,-0.0150000005960464,0.0099999997764825,0.0,0.0,-0.1012023985385894,-0.0024942746385931,-9.76611614227295,0.0002502060960978,0.0006138430908322,-0.0001730021613184,99.0,16.1560001373291,47.3979706,8.5461636,normal,0.0
1776895453.2619898,2026-04-22T22:04:13.261990,out_back_fast_10s,1,47.3979706,8.5461636,0.270000010728836,-0.0150000005960464,0.0099999997764825,0.0,0.0,-0.1012023985385894,-0.0024942746385931,-9.76611614227295,0.0002502060960978,0.0006138430908322,-0.0001730021613184,99.0,16.1560001373291,47.3979706,8.5461636,normal,0.0
1776895453.3642628,2026-04-22T22:04:13.364263,out_back_fast_10s,1,47.3979706,8.5461636,0.2680000066757202,-0.0170000009238719,0.0,0.0,0.0099999997764825,-0.1012023985385894,-0.0024942746385931,-9.76611614227295,0.0002502060960978,0.0006138430908322,-0.0001730021613184,99.0,16.1560001373291,47.3979706,8.5461636,normal,0.0
1776895453.4651306,2026-04-22T22:04:13.465131,out_back_fast_10s,1,47.3979706,8.5461636,0.2680000066757202,-0.0170000009238719,0.0,0.0,0.0099999997764825,-0.1012023985385894,-0.0024942746385931,-9.76611614227295,0.0002502060960978,0.0006138430908322,-0.0001730021613184,99.0,16.1560001373291,47.3979706,8.5461636,normal,0.0
1776895453.5663776,2026-04-22T22:04:13.566378,out_back_fast_10s,1,47.3979706,8.5461636,0.2680000066757202,-0.0170000009238719,0.0,0.0,0.0099999997764825,-0.0985814481973648,-0.0057952227070927,-9.757556915283203,0.0005824207328259,-0.0005334805464372,-0.0007527194684371,99.0,16.1560001373291,47.3979706,8.5461636,normal,0.0
1776895453.67047,2026-04-22T22:04:13.670470,out_back_fast_10s,1,47.3979705,8.5461636,0.2639999985694885,-0.0200000014156103,0.0,0.0,0.0099999997764825,-0.0985814481973648,-0.0057952227070927,-9.757556915283203,0.0005824207328259,-0.0005334805464372,-0.0007527194684371,99.0,16.1560001373291,47.3979705,8.5461636,normal,0.0
1776895453.772547,2026-04-22T22:04:13.772547,out_back_fast_10s,1,47.3979705,8.5461636,0.2639999985694885,-0.0200000014156103,0.0,0.0,0.0099999997764825,-0.0994858294725418,-0.0069888764992356,-9.76427936553955,-4.493983942666091e-05,0.0002879191306419,-0.0008163306047208,99.0,16.1560001373291,47.3979705,8.5461636,normal,0.0
1776895453.87315,2026-04-22T22:04:13.873150,out_back_fast_10s,1,47.3979705,8.5461636,0.2639999985694885,-0.0200000014156103,0.0,0.0,0.0099999997764825,-0.0994858294725418,-0.0069888764992356,-9.76427936553955,-4.493983942666091e-05,0.0002879191306419,-0.0008163306047208,99.0,16.1560001373291,47.3979705,8.5461636,normal,0.0
1776895453.9752753,2026-04-22T22:04:13.975275,out_back_fast_10s,1,47.3979705,8.5461636,0.2639999985694885,-0.0200000014156103,0.0,0.0,0.0099999997764825,-0.0994858294725418,-0.0069888764992356,-9.76427936553955,-4.493983942666091e-05,0.0002879191306419,-0.0008163306047208,99.0,16.1560001373291,47.3979705,8.5461636,normal,0.0
1776895454.077561,2026-04-22T22:04:14.077561,out_back_fast_10s,1,47.3979705,8.5461637,0.2600000202655792,-0.025000000372529,0.0,0.0,0.0199999995529651,-0.0994858294725418,-0.0069888764992356,-9.76427936553955,-4.493983942666091e-05,0.0002879191306419,-0.0008163306047208,99.0,16.1560001373291,47.3979705,8.5461637,normal,0.0
1776895454.1800714,2026-04-22T22:04:14.180071,out_back_fast_10s,1,47.3979705,8.5461637,0.2600000202655792,-0.025000000372529,0.0,0.0,0.0199999995529651,-0.0950207263231277,-0.0058705573901534,-9.75741195678711,-2.623315231176093e-05,0.0007011393900029,0.0006604012451134,99.0,16.1560001373291,47.3979705,8.5461637,normal,0.0
1776895454.280697,2026-04-22T22:04:14.280697,out_back_fast_10s,1,47.3979705,8.5461637,0.2540000081062317,-0.0300000011920928,0.0,0.0,0.0099999997764825,-0.0950207263231277,-0.0058705573901534,-9.75741195678711,-2.623315231176093e-05,0.0007011393900029,0.0006604012451134,99.0,16.1560001373291,47.3979705,8.5461637,normal,0.0
1776895454.3840292,2026-04-22T22:04:14.384029,out_back_fast_10s,1,47.3979705,8.5461637,0.2540000081062317,-0.0300000011920928,0.0,0.0,0.0099999997764825,-0.0950207263231277,-0.0058705573901534,-9.75741195678711,-2.623315231176093e-05,0.0007011393900029,0.0006604012451134,99.0,16.1560001373291,47.3979705,8.5461637,normal,0.0
1776895454.4847376,2026-04-22T22:04:14.484738,out_back_fast_10s,1,47.3979705,8.5461637,0.2540000081062317,-0.0300000011920928,0.0,0.0,0.0099999997764825,-0.0950207263231277,-0.0058705573901534,-9.75741195678711,-2.623315231176093e-05,0.0007011393900029,0.0006604012451134,99.0,16.1560001373291,47.3979705,8.5461637,normal,0.0
1776895454.5875902,2026-04-22T22:04:14.587590,out_back_fast_10s,1,47.3979705,8.5461637,0.2540000081062317,-0.0300000011920928,0.0,0.0,0.0099999997764825,-0.1020198315382003,-0.0134346717968583,-9.755898475646973,0.0007830170798115,-0.0003005466714967,-0.000881832675077,97.0,16.115001678466797,47.3979705,8.5461637,normal,0.0
1776895454.6886623,2026-04-22T22:04:14.688663,out_back_fast_10s,1,47.3979705,8.5461637,0.2540000081062317,-0.0300000011920928,0.0,0.0,0.0099999997764825,-0.1020198315382003,-0.0134346717968583,-9.755898475646973,0.0007830170798115,-0.0003005466714967,-0.000881832675077,97.0,16.115001678466797,47.3979705,8.5461637,normal,0.0
1776895454.7899902,2026-04-22T22:04:14.789990,out_back_fast_10s,1,47.3979705,8.5461638,0.2550000250339508,-0.0300000011920928,0.0,0.0,0.0,-0.1020198315382003,-0.0134346717968583,-9.755898475646973,0.0007830170798115,-0.0003005466714967,-0.000881832675077,97.0,16.115001678466797,47.3979705,8.5461638,normal,0.0
1776895454.892593,2026-04-22T22:04:14.892593,out_back_fast_10s,1,47.3979705,8.5461638,0.2550000250339508,-0.0300000011920928,0.0,0.0,0.0,-0.1014595180749893,-0.0045420220121741,-9.760793685913086,0.0003224721294827,-0.0005652435938827,-0.0001723526220303,97.0,16.115001678466797,47.3979705,8.5461638,normal,0.0
1776895454.9983373,2026-04-22T22:04:14.998337,out_back_fast_10s,1,47.3979705,8.5461638,0.2550000250339508,-0.0300000011920928,0.0,0.0,0.0,-0.1014595180749893,-0.0045420220121741,-9.760793685913086,0.0003224721294827,-0.0005652435938827,-0.0001723526220303,97.0,16.115001678466797,47.3979705,8.5461638,normal,0.0
1776895455.1019008,2026-04-22T22:04:15.101901,out_back_fast_10s,1,47.3979705,8.5461638,0.2569999992847442,-0.0270000007003545,0.0,0.0,-0.0099999997764825,-0.1014595180749893,-0.0045420220121741,-9.760793685913086,0.0003224721294827,-0.0005652435938827,-0.0001723526220303,97.0,16.115001678466797,47.3979705,8.5461638,normal,0.0
1776895455.20305,2026-04-22T22:04:15.203050,out_back_fast_10s,1,47.3979705,8.5461638,0.2569999992847442,-0.0270000007003545,0.0,0.0,-0.0099999997764825,-0.1014595180749893,-0.0045420220121741,-9.760793685913086,0.0003224721294827,-0.0005652435938827,-0.0001723526220303,97.0,16.115001678466797,47.3979705,8.5461638,normal,0.0
1776895455.307491,2026-04-22T22:04:15.307491,out_back_fast_10s,1,47.3979705,8.5461638,0.2569999992847442,-0.0270000007003545,0.0,0.0,-0.0099999997764825,-0.0883530527353286,-0.0083809429779648,-9.762293815612791,0.0013117825146764,0.0007229957263916,-0.0005622085300274,97.0,16.115001678466797,47.3979705,8.5461638,normal,0.0
1776895455.4087107,2026-04-22T22:04:15.408711,out_back_fast_10s,1,47.3979705,8.5461638,0.2569999992847442,-0.0270000007003545,0.0,0.0,-0.0099999997764825,-0.0883530527353286,-0.0083809429779648,-9.762293815612791,0.0013117825146764,0.0007229957263916,-0.0005622085300274,97.0,16.115001678466797,47.3979705,8.5461638,normal,0.0
1776895455.511269,2026-04-22T22:04:15.511269,out_back_fast_10s,1,47.3979704,8.5461638,0.2600000202655792,-0.0240000002086162,0.0,0.0,-0.0199999995529651,-0.0883530527353286,-0.0083809429779648,-9.762293815612791,0.0013117825146764,0.0007229957263916,-0.0005622085300274,97.0,16.115001678466797,47.3979704,8.5461638,normal,0.0
1776895455.6123407,2026-04-22T22:04:15.612341,out_back_fast_10s,1,47.3979704,8.5461638,0.2600000202655792,-0.0240000002086162,0.0,0.0,-0.0199999995529651,-0.0883530527353286,-0.0083809429779648,-9.762293815612791,0.0013117825146764,0.0007229957263916,-0.0005622085300274,97.0,16.115001678466797,47.3979704,8.5461638,normal,0.0
1776895455.7154503,2026-04-22T22:04:15.715451,out_back_fast_10s,1,47.3979704,8.5461638,0.2600000202655792,-0.0240000002086162,0.0,0.0,-0.0199999995529651,-0.0972708910703659,-0.0002006636932492,-9.753822326660156,0.0005444128182716,0.0002417989162495,0.0004634413053281,97.0,16.115001678466797,47.3979704,8.5461638,normal,0.0
1776895455.8183198,2026-04-22T22:04:15.818320,out_back_fast_10s,1,47.39797123054452,8.546165026978892,0.2600000202655792,-0.0240000002086162,0.0,0.0,-0.0199999995529651,-0.0972708910703659,-0.0002006636932492,-9.753822326660156,0.0005444128182716,0.0002417989162495,0.0004634413053281,97.0,16.115001678466797,47.3979704,8.5461638,attack,0.087
1776895455.9236157,2026-04-22T22:04:15.923615,out_back_fast_10s,1,47.397972235694,8.54616661190494,0.2630000114440918,-0.0220000017434358,0.0,0.0,-0.0299999993294477,-0.0972708910703659,-0.0002006636932492,-9.753822326660156,0.0005444128182716,0.0002417989162495,0.0004634413053281,97.0,16.115001678466797,47.3979704,8.5461639,attack,0.192
1776895456.0263257,2026-04-22T22:04:16.026326,out_back_fast_10s,1,47.39797321615872,8.546168060363735,0.2630000114440918,-0.0220000017434358,0.0,0.0,-0.0299999993294477,-0.0878760367631912,-0.0090663228183984,-9.74954605102539,0.000185321943718,0.0002248533273814,-0.0005741450004279,97.0,16.115001678466797,47.3979704,8.5461639,attack,0.295
1776895456.1274717,2026-04-22T22:04:16.127472,out_back_fast_10s,1,47.39797418169332,8.546169486765994,0.2630000114440918,-0.0220000017434358,0.0,0.0,-0.0299999993294477,-0.0878760367631912,-0.0090663228183984,-9.74954605102539,0.000185321943718,0.0002248533273814,-0.0005741450004279,97.0,16.115001678466797,47.3979704,8.5461639,attack,0.396
1776895456.228369,2026-04-22T22:04:16.228369,out_back_fast_10s,1,47.39797514485413,8.546170909661397,0.2650000154972076,-0.0190000012516975,0.0,0.0,-0.0299999993294477,-0.0878760367631912,-0.0090663228183984,-9.74954605102539,0.000185321943718,0.0002248533273814,-0.0005741450004279,97.0,16.115001678466797,47.3979704,8.5461639,attack,0.497
1776895456.3343897,2026-04-22T22:04:16.334390,out_back_fast_10s,1,47.39797615692244,8.546172404808768,0.2650000154972076,-0.0190000012516975,0.0,0.0,-0.0299999993294477,-0.099659651517868,-0.0091477967798709,-9.761062622070312,0.0001545347331557,-0.0009148166864179,-0.0002868106821551,97.0,16.115001678466797,47.3979704,8.5461639,attack,0.603
1776895456.4353817,2026-04-22T22:04:16.435382,out_back_fast_10s,1,47.397977120986795,8.546173829038997,0.2650000154972076,-0.0190000012516975,0.0,0.0,-0.0299999993294477,-0.099659651517868,-0.0091477967798709,-9.761062622070312,0.0001545347331557,-0.0009148166864179,-0.0002868106821551,97.0,16.115001678466797,47.3979704,8.5461639,attack,0.704
1776895456.5366309,2026-04-22T22:04:16.536631,out_back_fast_10s,1,47.39797808750687,8.54617525689712,0.2670000195503235,-0.0180000010877847,0.0,0.0,-0.0299999993294477,-0.099659651517868,-0.0091477967798709,-9.761062622070312,0.0001545347331557,-0.0009148166864179,-0.0002868106821551,97.0,16.115001678466797,47.3979704,8.5461639,attack,0.805
1776895456.6383498,2026-04-22T22:04:16.638350,out_back_fast_10s,1,47.39797905851054,8.54617669137893,0.2670000195503235,-0.0180000010877847,0.0,0.0,-0.0299999993294477,-0.0950243845582008,-0.0160356611013412,-9.749614715576172,-0.0006805752054788,-0.0013846379006281,-0.0002819854998961,97.0,16.115001678466797,47.3979704,8.5461639,attack,0.907
1776895456.7435772,2026-04-22T22:04:16.743577,out_back_fast_10s,1,47.39798006300683,8.546178175340007,0.2670000195503235,-0.0180000010877847,0.0,0.0,-0.0299999993294477,-0.0950243845582008,-0.0160356611013412,-9.749614715576172,-0.0006805752054788,-0.0013846379006281,-0.0002819854998961,97.0,16.115001678466797,47.3979704,8.5461639,attack,1.012
1776895456.8445013,2026-04-22T22:04:16.844501,out_back_fast_10s,1,47.39798102642254,8.546179598611985,0.2670000195503235,-0.0180000010877847,0.0,0.0,-0.0299999993294477,-0.0950243845582008,-0.0160356611013412,-9.749614715576172,-0.0006805752054788,-0.0013846379006281,-0.0002819854998961,97.0,16.115001678466797,47.3979704,8.5461639,attack,1.113
1776895456.9482331,2026-04-22T22:04:16.948233,out_back_fast_10s,1,47.397982016641905,8.546181061481498,0.2670000195503235,-0.0180000010877847,0.0,0.0,-0.0199999995529651,-0.0950243845582008,-0.0160356611013412,-9.749614715576172,-0.0006805752054788,-0.0013846379006281,-0.0002819854998961,97.0,16.115001678466797,47.3979704,8.5461639,attack,1.217
1776895457.0504658,2026-04-22T22:04:17.050466,out_back_fast_10s,1,47.39798299255021,8.546182503209014,0.2670000195503235,-0.0180000010877847,0.0,0.0,-0.0199999995529651,-0.0950243845582008,-0.0160356611013412,-9.749614715576172,-0.0006805752054788,-0.0013846379006281,-0.0002819854998961,97.0,16.115001678466797,47.3979704,8.5461639,attack,1.319
1776895457.1527078,2026-04-22T22:04:17.152708,out_back_fast_10s,1,47.39798396854727,8.546183945067659,0.2670000195503235,-0.0180000010877847,0.0,0.0,-0.0199999995529651,-0.097601294517517,0.0010589733719825,-9.754209518432615,0.0003782213316299,-0.0007669104961678,-0.0004904902307316,97.0,16.115001678466797,47.3979704,8.5461639,attack,1.421
1776895457.2560174,2026-04-22T22:04:17.256017,out_back_fast_10s,1,47.39798495473596,8.54618540198258,0.2670000195503235,-0.0180000010877847,0.0,0.0,-0.0199999995529651,-0.097601294517517,0.0010589733719825,-9.754209518432615,0.0003782213316299,-0.0007669104961678,-0.0004904902307316,97.0,16.115001678466797,47.3979704,8.5461639,attack,1.525
1776895457.3593478,2026-04-22T22:04:17.359348,out_back_fast_10s,1,47.397985941122656,8.54618685919002,0.2650000154972076,-0.0190000012516975,0.0,0.0,-0.0199999995529651,-0.097601294517517,0.0010589733719825,-9.754209518432615,0.0003782213316299,-0.0007669104961678,-0.0004904902307316,97.0,16.115001678466797,47.3979704,8.5461639,attack,1.628
1776895457.4601848,2026-04-22T22:04:17.460185,out_back_fast_10s,1,47.397986903707654,8.546188281234766,0.2650000154972076,-0.0190000012516975,0.0,0.0,-0.0199999995529651,-0.097601294517517,0.0010589733719825,-9.754209518432615,0.0003782213316299,-0.0007669104961678,-0.0004904902307316,97.0,16.115001678466797,47.3979704,8.5461639,attack,1.729
1776895457.5622325,2026-04-22T22:04:17.562232,out_back_fast_10s,1,47.39798787784983,8.546189720353157,0.2650000154972076,-0.0190000012516975,0.0,0.0,-0.0199999995529651,-0.100786805152893,-0.0018660649657249,-9.753714561462402,0.0010128987487405,0.0016419718740507,-0.0002868049195967,97.0,16.115001678466797,47.3979704,8.5461639,attack,1.831
1776895457.664624,2026-04-22T22:04:17.664624,out_back_fast_10s,1,47.3979888552739,8.546191164319948,0.2630000114440918,-0.021000001579523,0.0,0.0,-0.0099999997764825,-0.100786805152893,-0.0018660649657249,-9.753714561462402,0.0010128987487405,0.0016419718740507,-0.0002868049195967,97.0,16.115001678466797,47.3979704,8.5461639,attack,1.933
1776895457.7691853,2026-04-22T22:04:17.769185,out_back_fast_10s,1,47.39798985341124,8.546192638886824,0.2630000114440918,-0.021000001579523,0.0,0.0,-0.0099999997764825,-0.100786805152893,-0.0018660649657249,-9.753714561462402,0.0010128987487405,0.0016419718740507,-0.0002868049195967,97.0,16.115001678466797,47.3979704,8.5461639,attack,2.038
1776895457.8703766,2026-04-22T22:04:17.870377,out_back_fast_10s,1,47.397990819378265,8.546194065927914,0.2630000114440918,-0.021000001579523,0.0,0.0,-0.0099999997764825,-0.0952746793627739,-0.0102703385055065,-9.760231018066406,0.0006211786530911,0.0020892082247883,-0.0002417532668914,97.0,16.115001678466797,47.3979704,8.5461639,attack,2.139
1776895457.9716666,2026-04-22T22:04:17.971667,out_back_fast_10s,1,47.397991786287534,8.546195494360987,0.2630000114440918,-0.021000001579523,0.0,0.0,-0.0099999997764825,-0.0952746793627739,-0.0102703385055065,-9.760231018066406,0.0006211786530911,0.0020892082247883,-0.0002417532668914,97.0,16.115001678466797,47.3979704,8.5461639,attack,2.24
1776895458.084384,2026-04-22T22:04:18.084384,out_back_fast_10s,1,47.39799276228223,8.546197083947929,0.2610000073909759,-0.0230000019073486,0.0,0.0,0.0,-0.0952746793627739,-0.0102703385055065,-9.760231018066406,0.0006211786530911,0.0020892082247883,-0.0002417532668914,97.0,16.115001678466797,47.3979703,8.5461639,attack,2.353
1776895458.186102,2026-04-22T22:04:18.186102,out_back_fast_10s,1,47.39799373327679,8.546198518416286,0.2610000073909759,-0.0230000019073486,0.0,0.0,0.0,-0.2280127704143524,-0.0054439343512058,-9.845407485961914,-0.0001073180756065,0.0293334014713764,-0.0008770751883275,95.0,16.075000762939453,47.3979703,8.5461639,attack,2.455
1776895458.288858,2026-04-22T22:04:18.288858,out_back_fast_10s,1,47.39799471418077,8.546199967523998,0.2590000033378601,-0.025000000372529,0.0,-0.0099999997764825,0.0,-0.2280127704143524,-0.0054439343512058,-9.845407485961914,-0.0001073180756065,0.0293334014713764,-0.0008770751883275,95.0,16.075000762939453,47.3979703,8.5461639,attack,2.558
1776895458.4195435,2026-04-22T22:04:18.419544,out_back_fast_10s,1,47.397995961698804,8.546201810505634,0.2590000033378601,-0.025000000372529,0.0,-0.0099999997764825,0.0,-0.2280127704143524,-0.0054439343512058,-9.845407485961914,-0.0001073180756065,0.0293334014713764,-0.0008770751883275,95.0,16.075000762939453,47.3979703,8.5461639,attack,2.688
1776895458.521732,2026-04-22T22:04:18.521732,out_back_fast_10s,1,47.39799693718606,8.546203251611127,0.2590000033378601,-0.025000000372529,0.0,-0.0099999997764825,0.0,-0.2280127704143524,-0.0054439343512058,-9.845407485961914,-0.0001073180756065,0.0293334014713764,-0.0008770751883275,95.0,16.075000762939453,47.3979703,8.5461639,attack,2.79
1776895458.6234355,2026-04-22T22:04:18.623436,out_back_fast_10s,1,47.397997908041795,8.546204685874384,0.2590000033378601,-0.025000000372529,0.0,-0.0099999997764825,0.0,-0.0845780223608017,-0.0096394224092364,-10.064085960388184,-0.0181757993996143,0.1582227945327758,-0.0103299096226692,95.0,16.075000762939453,47.3979703,8.5461639,attack,2.892
1776895458.7244806,2026-04-22T22:04:18.724481,out_back_fast_10s,1,47.39799897261368,8.546206110854477,0.2590000033378601,-0.025000000372529,0.0,-0.0299999993294477,-0.0399999991059303,-0.0845780223608017,-0.0096394224092364,-10.064085960388184,-0.0181757993996143,0.1582227945327758,-0.0103299096226692,95.0,16.075000762939453,47.3979704,8.5461639,attack,2.993
1776895458.825779,2026-04-22T22:04:18.825779,out_back_fast_10s,1,47.397999939602606,8.54620753940523,0.2590000033378601,-0.025000000372529,0.0,-0.0299999993294477,-0.0399999991059303,-0.0845780223608017,-0.0096394224092364,-10.064085960388184,-0.0181757993996143,0.1582227945327758,-0.0103299096226692,95.0,16.075000762939453,47.3979704,8.5461639,attack,3.094
1776895458.9322844,2026-04-22T22:04:18.932284,out_back_fast_10s,1,47.398000956297885,8.546209041388112,0.2590000033378601,-0.025000000372529,0.0,-0.0299999993294477,-0.0399999991059303,-0.0927834212779998,-0.0024317288771271,-10.512357711791992,-0.0332407914102077,0.0519935972988605,-0.0034757838584482,95.0,16.075000762939453,47.3979704,8.5461639,attack,3.201
1776895459.0334466,2026-04-22T22:04:19.033447,out_back_fast_10s,1,47.39800192198726,8.546210468019003,0.2590000033378601,-0.025000000372529,0.0,-0.0299999993294477,-0.0399999991059303,-0.0927834212779998,-0.0024317288771271,-10.512357711791992,-0.0332407914102077,0.0519935972988605,-0.0034757838584482,95.0,16.075000762939453,47.3979704,8.5461639,attack,3.302
1776895459.1345105,2026-04-22T22:04:19.134510,out_back_fast_10s,1,47.39800288673894,8.54621179326464,0.2710000276565552,-0.0140000004321336,0.0099999997764825,-0.0700000002980232,-0.1400000005960464,-0.0927834212779998,-0.0024317288771271,-10.512357711791992,-0.0332407914102077,0.0519935972988605,-0.0034757838584482,95.0,16.075000762939453,47.3979704,8.5461638,attack,3.403
1776895459.2365975,2026-04-22T22:04:19.236598,out_back_fast_10s,1,47.39800386125665,8.546213232937804,0.2710000276565552,-0.0140000004321336,0.0099999997764825,-0.0700000002980232,-0.1400000005960464,-0.0927834212779998,-0.0024317288771271,-10.512357711791992,-0.0332407914102077,0.0519935972988605,-0.0034757838584482,95.0,16.075000762939453,47.3979704,8.5461638,attack,3.505
1776895459.3410215,2026-04-22T22:04:19.341022,out_back_fast_10s,1,47.39800485808304,8.546214705568008,0.2710000276565552,-0.0140000004321336,0.0099999997764825,-0.0700000002980232,-0.1400000005960464,-0.0831147506833076,-0.0054023219272494,-10.66954517364502,0.0007685361197218,-0.0334198027849197,0.0006795756635256,95.0,16.075000762939453,47.3979704,8.5461638,attack,3.61
1776895459.444994,2026-04-22T22:04:19.444994,out_back_fast_10s,1,47.39800585059882,8.546216171830059,0.2710000276565552,-0.0140000004321336,0.0099999997764825,-0.0700000002980232,-0.1400000005960464,-0.0831147506833076,-0.0054023219272494,-10.66954517364502,0.0007685361197218,-0.0334198027849197,0.0006795756635256,95.0,16.075000762939453,47.3979704,8.5461638,attack,3.714
1776895459.549072,2026-04-22T22:04:19.549072,out_back_fast_10s,1,47.39800684412284,8.546217439581598,0.2990000247955322,0.0140000004321336,0.0199999995529651,-0.0999999940395355,-0.2599999904632568,-0.0831147506833076,-0.0054023219272494,-10.66954517364502,0.0007685361197218,-0.0334198027849197,0.0006795756635256,95.0,16.075000762939453,47.3979704,8.5461636,attack,3.818
1776895459.6503987,2026-04-22T22:04:19.650399,out_back_fast_10s,1,47.3980078113826,8.546218868532462,0.2990000247955322,0.0140000004321336,0.0199999995529651,-0.0999999940395355,-0.2599999904632568,-0.0831147506833076,-0.0054023219272494,-10.66954517364502,0.0007685361197218,-0.0334198027849197,0.0006795756635256,95.0,16.075000762939453,47.3979704,8.5461636,attack,3.919
1776895459.752276,2026-04-22T22:04:19.752276,out_back_fast_10s,1,47.39800878389749,8.546220305246823,0.2990000247955322,0.0140000004321336,0.0199999995529651,-0.0999999940395355,-0.2599999904632568,-0.0795851796865463,-0.0052290493622422,-10.734198570251465,0.0234207026660442,-0.074095606803894,0.0071594500914216,95.0,16.075000762939453,47.3979704,8.5461636,attack,4.021
1776895459.853104,2026-04-22T22:04:19.853104,out_back_fast_10s,1,47.39800974639827,8.546221727167167,0.2990000247955322,0.0140000004321336,0.0199999995529651,-0.0999999940395355,-0.2599999904632568,-0.0795851796865463,-0.0052290493622422,-10.734198570251465,0.0234207026660442,-0.074095606803894,0.0071594500914216,95.0,16.075000762939453,47.3979704,8.5461636,attack,4.122
1776895459.957196,2026-04-22T22:04:19.957196,out_back_fast_10s,1,47.3980108400543,8.54622299511383,0.3420000076293945,0.0570000037550926,0.0399999991059303,-0.1299999952316284,-0.3799999952316284,-0.0795851796865463,-0.0052290493622422,-10.734198570251465,0.0234207026660442,-0.074095606803894,0.0071594500914216,95.0,16.075000762939453,47.3979705,8.5461634,attack,4.226
1776895460.0599406,2026-04-22T22:04:20.059941,out_back_fast_10s,1,47.39801182084903,8.546224444060158,0.3420000076293945,0.0570000037550926,0.0399999991059303,-0.1299999952316284,-0.3799999952316284,-0.0795851796865463,-0.0052290493622422,-10.734198570251465,0.0234207026660442,-0.074095606803894,0.0071594500914216,95.0,16.075000762939453,47.3979705,8.5461634,attack,4.329
1776895460.1615863,2026-04-22T22:04:20.161586,out_back_fast_10s,1,47.39801279115399,8.54622587750975,0.3420000076293945,0.0570000037550926,0.0399999991059303,-0.1299999952316284,-0.3799999952316284,-0.0838046818971633,0.0004820264875888,-10.73681926727295,0.0272898711264133,-0.0771580785512924,0.0077996593900024,95.0,16.075000762939453,47.3979705,8.5461634,attack,4.43
1776895460.2675474,2026-04-22T22:04:20.267547,out_back_fast_10s,1,47.39801380265332,8.546227371816556,0.3420000076293945,0.0570000037550926,0.0399999991059303,-0.1299999952316284,-0.3799999952316284,-0.0838046818971633,0.0004820264875888,-10.73681926727295,0.0272898711264133,-0.0771580785512924,0.0077996593900024,95.0,16.075000762939453,47.3979705,8.5461634,attack,4.536
1776895460.372774,2026-04-22T22:04:20.372774,out_back_fast_10s,1,47.3980149071405,8.54622855576431,0.4100000262260437,0.125,0.0399999991059303,-0.1400000005960464,-0.5099999904632568,-0.0838046818971633,0.0004820264875888,-10.73681926727295,0.0272898711264133,-0.0771580785512924,0.0077996593900024,95.0,16.075000762939453,47.3979706,8.5461631,attack,4.641
1776895460.5183084,2026-04-22T22:04:20.518308,out_back_fast_10s,1,47.398016296405864,8.546230608151923,0.4100000262260437,0.125,0.0399999991059303,-0.1400000005960464,-0.5099999904632568,-0.0838046818971633,0.0004820264875888,-10.73681926727295,0.0272898711264133,-0.0771580785512924,0.0077996593900024,95.0,16.075000762939453,47.3979706,8.5461631,attack,4.787
1776895460.6292424,2026-04-22T22:04:20.629242,out_back_fast_10s,1,47.39801735537658,8.546232172589104,0.4100000262260437,0.125,0.0399999991059303,-0.1400000005960464,-0.5099999904632568,-0.0838046818971633,0.0004820264875888,-10.73681926727295,0.0272898711264133,-0.0771580785512924,0.0077996593900024,95.0,16.075000762939453,47.3979706,8.5461631,attack,4.898
1776895460.7322524,2026-04-22T22:04:20.732252,out_back_fast_10s,1,47.398018338704425,8.546233625277647,0.4100000262260437,0.125,0.0399999991059303,-0.1400000005960464,-0.5099999904632568,-0.0778194144368171,-0.0038792444393038,-10.683192253112791,0.0241166204214096,-0.0673326626420021,0.00711281131953,95.0,16.075000762939453,47.3979706,8.5461631,attack,5.001
1776895460.8331468,2026-04-22T22:04:20.833147,out_back_fast_10s,1,47.39801930183792,8.54623504813271,0.4100000262260437,0.125,0.0399999991059303,-0.1400000005960464,-0.5099999904632568,-0.0778194144368171,-0.0038792444393038,-10.683192253112791,0.0241166204214096,-0.0673326626420021,0.00711281131953,95.0,16.075000762939453,47.3979706,8.5461631,attack,5.102
1776895460.9354403,2026-04-22T22:04:20.935441,out_back_fast_10s,1,47.398020278326584,8.546236490717611,0.4100000262260437,0.125,0.0399999991059303,-0.1400000005960464,-0.5099999904632568,-0.0778194144368171,-0.0038792444393038,-10.683192253112791,0.0241166204214096,-0.0673326626420021,0.00711281131953,95.0,16.075000762939453,47.3979706,8.5461631,attack,5.204
1776895461.040077,2026-04-22T22:04:21.040077,out_back_fast_10s,1,47.39802127718311,8.546237966346972,0.4100000262260437,0.125,0.0399999991059303,-0.1400000005960464,-0.5099999904632568,-0.0778194144368171,-0.0038792444393038,-10.683192253112791,0.0241166204214096,-0.0673326626420021,0.00711281131953,95.0,16.075000762939453,47.3979706,8.5461631,attack,5.309
1776895461.142394,2026-04-22T22:04:21.142394,out_back_fast_10s,1,47.398022253897096,8.54623940926474,0.4100000262260437,0.125,0.0399999991059303,-0.1400000005960464,-0.5099999904632568,-0.0778194144368171,-0.0038792444393038,-10.683192253112791,0.0241166204214096,-0.0673326626420021,0.00711281131953,95.0,16.075000762939453,47.3979706,8.5461631,attack,5.411
1776895461.2437413,2026-04-22T22:04:21.243741,out_back_fast_10s,1,47.39802332135259,8.546240538504911,0.4930000305175781,0.2070000171661377,0.0499999970197677,-0.1400000005960464,-0.6200000047683716,-0.0778194144368171,-0.0038792444393038,-10.683192253112791,0.0241166204214096,-0.0673326626420021,0.00711281131953,95.0,16.075000762939453,47.3979707,8.5461628,attack,5.512
1776895461.3462305,2026-04-22T22:04:21.346230,out_back_fast_10s,1,47.398024299709796,8.546241983850246,0.4930000305175781,0.2070000171661377,0.0499999970197677,-0.1400000005960464,-0.6200000047683716,-0.0778194144368171,-0.0038792444393038,-10.683192253112791,0.0241166204214096,-0.0673326626420021,0.00711281131953,95.0,16.075000762939453,47.3979707,8.5461628,attack,5.615
1776895461.4488704,2026-04-22T22:04:21.448870,out_back_fast_10s,1,47.39802527950539,8.546243431320539,0.4930000305175781,0.2070000171661377,0.0499999970197677,-0.1400000005960464,-0.6200000047683716,-0.0741650313138961,-0.0044501041993498,-10.640674591064451,0.0203218329697847,-0.0511329360306263,0.00554491719231,95.0,16.075000762939453,47.3979707,8.5461628,attack,5.718
1776895461.5561273,2026-04-22T22:04:21.556127,out_back_fast_10s,1,47.39802630337441,8.546244943901325,0.4930000305175781,0.2070000171661377,0.0499999970197677,-0.1400000005960464,-0.6200000047683716,-0.0741650313138961,-0.0044501041993498,-10.640674591064451,0.0203218329697847,-0.0511329360306263,0.00554491719231,95.0,16.075000762939453,47.3979707,8.5461628,attack,5.825
1776895461.6624346,2026-04-22T22:04:21.662435,out_back_fast_10s,1,47.39802731817839,8.546246443090162,0.4930000305175781,0.2070000171661377,0.0499999970197677,-0.1400000005960464,-0.6200000047683716,-0.0741650313138961,-0.0044501041993498,-10.640674591064451,0.0203218329697847,-0.0511329360306263,0.00554491719231,95.0,16.075000762939453,47.3979707,8.5461628,attack,5.931
1776895461.7646346,2026-04-22T22:04:21.764635,out_back_fast_10s,1,47.39802829377489,8.546247884357054,0.4930000305175781,0.2070000171661377,0.0499999970197677,-0.1400000005960464,-0.6200000047683716,-0.0741650313138961,-0.0044501041993498,-10.640674591064451,0.0203218329697847,-0.0511329360306263,0.00554491719231,95.0,16.075000762939453,47.3979707,8.5461628,attack,6.033
1776895461.8674204,2026-04-22T22:04:21.867420,out_back_fast_10s,1,47.39802937496336,8.546249133885224,0.5900000333786011,0.3040000200271606,0.0399999991059303,-0.1299999952316284,-0.7400000095367432,-0.0741650313138961,-0.0044501041993498,-10.640674591064451,0.0203218329697847,-0.0511329360306263,0.00554491719231,95.0,16.075000762939453,47.3979708,8.546162599999999,attack,6.136
1776895461.9706275,2026-04-22T22:04:21.970628,out_back_fast_10s,1,47.398030360173394,8.546250589354377,0.5900000333786011,0.3040000200271606,0.0399999991059303,-0.1299999952316284,-0.7400000095367432,-0.0741650313138961,-0.0044501041993498,-10.640674591064451,0.0203218329697847,-0.0511329360306263,0.00554491719231,95.0,16.075000762939453,47.3979708,8.546162599999999,attack,6.239
1776895462.0886486,2026-04-22T22:04:22.088649,out_back_fast_10s,1,47.3980314867962,8.546252253735245,0.5900000333786011,0.3040000200271606,0.0399999991059303,-0.1299999952316284,-0.7400000095367432,-0.0741650313138961,-0.0044501041993498,-10.640674591064451,0.0203218329697847,-0.0511329360306263,0.00554491719231,95.0,16.075000762939453,47.3979708,8.546162599999999,attack,6.357
1776895462.1894968,2026-04-22T22:04:22.189497,out_back_fast_10s,1,47.39803244948816,8.54625367593803,0.5900000333786011,0.3040000200271606,0.0399999991059303,-0.1299999952316284,-0.7400000095367432,-0.0741650313138961,-0.0044501041993498,-10.640674591064451,0.0203218329697847,-0.0511329360306263,0.00554491719231,95.0,16.075000762939453,47.3979708,8.546162599999999,attack,6.458
1776895462.2925494,2026-04-22T22:04:22.292549,out_back_fast_10s,1,47.3980334332234,8.546255129228427,0.5900000333786011,0.3040000200271606,0.0399999991059303,-0.1299999952316284,-0.7400000095367432,-0.0794365853071212,-0.0101913148537278,-10.639262199401855,0.0132020683959126,-0.034859649837017,0.0013905647210776,93.0,16.04199981689453,47.3979708,8.546162599999999,attack,6.561
1776895462.3976626,2026-04-22T22:04:22.397663,out_back_fast_10s,1,47.39803443662951,8.546256611578984,0.5900000333786011,0.3040000200271606,0.0399999991059303,-0.1299999952316284,-0.7400000095367432,-0.0794365853071212,-0.0101913148537278,-10.639262199401855,0.0132020683959126,-0.034859649837017,0.0013905647210776,93.0,16.04199981689453,47.3979708,8.546162599999999,attack,6.666
1776895462.498506,2026-04-22T22:04:22.498506,out_back_fast_10s,1,47.398035399275955,8.546258033714524,0.5900000333786011,0.3040000200271606,0.0399999991059303,-0.1299999952316284,-0.7400000095367432,-0.0794365853071212,-0.0101913148537278,-10.639262199401855,0.0132020683959126,-0.034859649837017,0.0013905647210776,93.0,16.04199981689453,47.3979708,8.546162599999999,attack,6.767
1776895462.604155,2026-04-22T22:04:22.604155,out_back_fast_10s,1,47.39803640779609,8.546259523620117,0.5900000333786011,0.3040000200271606,0.0399999991059303,-0.1299999952316284,-0.7400000095367432,-0.0794365853071212,-0.0101913148537278,-10.639262199401855,0.0132020683959126,-0.034859649837017,0.0013905647210776,93.0,16.04199981689453,47.3979708,8.546162599999999,attack,6.873
1776895462.7057557,2026-04-22T22:04:22.705756,out_back_fast_10s,1,47.39803747767089,8.546260756434435,0.7050000429153442,0.4190000295639038,0.0299999993294477,-0.1099999994039535,-0.8499999642372131,-0.0794365853071212,-0.0101913148537278,-10.639262199401855,0.0132020683959126,-0.034859649837017,0.0013905647210776,93.0,16.04199981689453,47.3979709,8.5461624,attack,6.974
1776895462.8082318,2026-04-22T22:04:22.808232,out_back_fast_10s,1,47.39803845590292,8.54626220159485,0.7050000429153442,0.4190000295639038,0.0299999993294477,-0.1099999994039535,-0.8499999642372131,-0.0797063559293747,-0.0006323577836155,-10.563651084899902,0.0050211162306368,-0.0180571861565113,-0.0005839065415784,93.0,16.04199981689453,47.3979709,8.5461624,attack,7.077
1776895462.9096906,2026-04-22T22:04:22.909691,out_back_fast_10s,1,47.39803942442355,8.54626363240843,0.7050000429153442,0.4190000295639038,0.0299999993294477,-0.1099999994039535,-0.8499999642372131,-0.0797063559293747,-0.0006323577836155,-10.563651084899902,0.0050211162306368,-0.0180571861565113,-0.0005839065415784,93.0,16.04199981689453,47.3979709,8.5461624,attack,7.178
1776895463.011653,2026-04-22T22:04:23.011653,out_back_fast_10s,1,47.39804039775095,8.546265070323138,0.7050000429153442,0.4190000295639038,0.0299999993294477,-0.1099999994039535,-0.8499999642372131,-0.0797063559293747,-0.0006323577836155,-10.563651084899902,0.0050211162306368,-0.0180571861565113,-0.0005839065415784,93.0,16.04199981689453,47.3979709,8.5461624,attack,7.28
1776895463.113403,2026-04-22T22:04:23.113403,out_back_fast_10s,1,47.39804136905276,8.546266505245418,0.7050000429153442,0.4190000295639038,0.0299999993294477,-0.1099999994039535,-0.8499999642372131,-0.0797063559293747,-0.0006323577836155,-10.563651084899902,0.0050211162306368,-0.0180571861565113,-0.0005839065415784,93.0,16.04199981689453,47.3979709,8.5461624,attack,7.382
1776895463.216657,2026-04-22T22:04:23.216657,out_back_fast_10s,1,47.398042354708885,8.54626776137358,0.8420000672340393,0.5570000410079956,0.0199999995529651,-0.0799999982118606,-0.959999978542328,-0.0797063559293747,-0.0006323577836155,-10.563651084899902,0.0050211162306368,-0.0180571861565113,-0.0005839065415784,93.0,16.04199981689453,47.3979709,8.5461622,attack,7.485
1776895463.318823,2026-04-22T22:04:23.318823,out_back_fast_10s,1,47.3980433299822,8.546269202163035,0.8420000672340393,0.5570000410079956,0.0199999995529651,-0.0799999982118606,-0.959999978542328,-0.0797063559293747,-0.0006323577836155,-10.563651084899902,0.0050211162306368,-0.0180571861565113,-0.0005839065415784,93.0,16.04199981689453,47.3979709,8.5461622,attack,7.588
1776895463.4196565,2026-04-22T22:04:23.419656,out_back_fast_10s,1,47.39804429253306,8.546270624157362,0.8420000672340393,0.5570000410079956,0.0199999995529651,-0.0799999982118606,-0.959999978542328,-0.0797063559293747,-0.0006323577836155,-10.563651084899902,0.0050211162306368,-0.0180571861565113,-0.0005839065415784,93.0,16.04199981689453,47.3979709,8.5461622,attack,7.688
1776895463.5223312,2026-04-22T22:04:23.522331,out_back_fast_10s,1,47.39804527266094,8.546272072118553,0.8420000672340393,0.5570000410079956,0.0199999995529651,-0.0799999982118606,-0.959999978542328,-0.088345006108284,-0.0055827824398875,-10.318857192993164,-0.0024666292592883,-0.0050208135508,-0.0038428448606282,93.0,16.04199981689453,47.3979709,8.5461622,attack,7.791
1776895463.633426,2026-04-22T22:04:23.633426,out_back_fast_10s,1,47.39804633316564,8.546273638821916,0.8420000672340393,0.5570000410079956,0.0199999995529651,-0.0799999982118606,-0.959999978542328,-0.088345006108284,-0.0055827824398875,-10.318857192993164,-0.0024666292592883,-0.0050208135508,-0.0038428448606282,93.0,16.04199981689453,47.3979709,8.5461622,attack,7.902
1776895463.7350435,2026-04-22T22:04:23.735044,out_back_fast_10s,1,47.398047303202034,8.54627487187477,0.9820000529289246,0.6970000267028809,0.0099999997764825,-0.0499999970197677,-1.0299999713897705,-0.088345006108284,-0.0055827824398875,-10.318857192993164,-0.0024666292592883,-0.0050208135508,-0.0038428448606282,93.0,16.04199981689453,47.3979709,8.546161999999999,attack,8.004
1776895463.8392951,2026-04-22T22:04:23.839295,out_back_fast_10s,1,47.39804829838293,8.546276342074062,0.9820000529289246,0.6970000267028809,0.0099999997764825,-0.0499999970197677,-1.0299999713897705,-0.088345006108284,-0.0055827824398875,-10.318857192993164,-0.0024666292592883,-0.0050208135508,-0.0038428448606282,93.0,16.04199981689453,47.3979709,8.546161999999999,attack,8.108
1776895463.9488103,2026-04-22T22:04:23.948810,out_back_fast_10s,1,47.39804934380958,8.54627788650234,0.9820000529289246,0.6970000267028809,0.0099999997764825,-0.0499999970197677,-1.0299999713897705,-0.088345006108284,-0.0055827824398875,-10.318857192993164,-0.0024666292592883,-0.0050208135508,-0.0038428448606282,93.0,16.04199981689453,47.3979709,8.546161999999999,attack,8.217
1776895464.051123,2026-04-22T22:04:24.051123,out_back_fast_10s,1,47.39805032048032,8.546279329356233,0.9820000529289246,0.6970000267028809,0.0099999997764825,-0.0499999970197677,-1.0299999713897705,-0.088345006108284,-0.0055827824398875,-10.318857192993164,-0.0024666292592883,-0.0050208135508,-0.0038428448606282,93.0,16.04199981689453,47.3979709,8.546161999999999,attack,8.32
1776895464.1532917,2026-04-22T22:04:24.153291,out_back_fast_10s,1,47.39805129577867,8.546280770182673,0.9820000529289246,0.6970000267028809,0.0099999997764825,-0.0499999970197677,-1.0299999713897705,-0.088345006108284,-0.0055827824398875,-10.318857192993164,-0.0024666292592883,-0.0050208135508,-0.0038428448606282,93.0,16.04199981689453,47.3979709,8.546161999999999,attack,8.422
1776895464.2557006,2026-04-22T22:04:24.255701,out_back_fast_10s,1,47.39805227336889,8.546282214394925,0.9820000529289246,0.6970000267028809,0.0099999997764825,-0.0499999970197677,-1.0299999713897705,-0.0839079320430755,0.0021147644147276,-9.841776847839355,-0.0053928820416331,0.0017859082436189,-0.0044510578736662,93.0,16.04199981689453,47.3979709,8.546161999999999,attack,8.524
1776895464.3574705,2026-04-22T22:04:24.357470,out_back_fast_10s,1,47.39805324485961,8.546283649596276,0.9820000529289246,0.6970000267028809,0.0099999997764825,-0.0499999970197677,-1.0299999713897705,-0.0839079320430755,0.0021147644147276,-9.841776847839355,-0.0053928820416331,0.0017859082436189,-0.0044510578736662,93.0,16.04199981689453,47.3979709,8.546161999999999,attack,8.626
1776895464.4592955,2026-04-22T22:04:24.459296,out_back_fast_10s,1,47.39805421687607,8.546285085574311,0.9820000529289246,0.6970000267028809,0.0099999997764825,-0.0499999970197677,-1.0299999713897705,-0.0839079320430755,0.0021147644147276,-9.841776847839355,-0.0053928820416331,0.0017859082436189,-0.0044510578736662,93.0,16.04199981689453,47.3979709,8.546161999999999,attack,8.728
1776895464.5614543,2026-04-22T22:04:24.561455,out_back_fast_10s,1,47.39805519207883,8.546286526259536,1.1330000162124634,0.8470000624656677,0.0,-0.0299999993294477,-1.0399999618530271,-0.0839079320430755,0.0021147644147276,-9.841776847839355,-0.0053928820416331,0.0017859082436189,-0.0044510578736662,93.0,16.04199981689453,47.3979709,8.546161999999999,attack,8.83
1776895464.6644,2026-04-22T22:04:24.664400,out_back_fast_10s,1,47.39805617479445,8.546287978043637,1.1330000162124634,0.8470000624656677,0.0,-0.0299999993294477,-1.0399999618530271,-0.0839079320430755,0.0021147644147276,-9.841776847839355,-0.0053928820416331,0.0017859082436189,-0.0044510578736662,93.0,16.04199981689453,47.3979709,8.546161999999999,attack,8.933
1776895464.7685175,2026-04-22T22:04:24.768518,out_back_fast_10s,1,47.398057168693995,8.546289446349965,1.1330000162124634,0.8470000624656677,0.0,-0.0299999993294477,-1.0399999618530271,-0.0893728882074356,-0.0023860996589064,-9.962780952453612,-0.008760841563344,0.0075910096056759,-0.0052386568859219,93.0,16.04199981689453,47.3979709,8.546161999999999,attack,9.037
1776895464.873464,2026-04-22T22:04:24.873464,out_back_fast_10s,1,47.39805817050923,8.546290926350293,1.1330000162124634,0.8470000624656677,0.0,-0.0299999993294477,-1.0399999618530271,-0.0893728882074356,-0.0023860996589064,-9.962780952453612,-0.008760841563344,0.0075910096056759,-0.0052386568859219,93.0,16.04199981689453,47.3979709,8.546161999999999,attack,9.142
1776895464.9772968,2026-04-22T22:04:24.977297,out_back_fast_10s,1,47.398059161691315,8.546292390642064,1.1330000162124634,0.8470000624656677,0.0,-0.0299999993294477,-1.0399999618530271,-0.0893728882074356,-0.0023860996589064,-9.962780952453612,-0.008760841563344,0.0075910096056759,-0.0052386568859219,93.0,16.04199981689453,47.3979709,8.546161999999999,attack,9.246
1776895465.0784006,2026-04-22T22:04:25.078401,out_back_fast_10s,1,47.398060126823076,8.546293816449213,1.1330000162124634,0.8470000624656677,0.0,-0.0299999993294477,-1.0399999618530271,-0.0893728882074356,-0.0023860996589064,-9.962780952453612,-0.008760841563344,0.0075910096056759,-0.0052386568859219,93.0,16.04199981689453,47.3979709,8.546161999999999,attack,9.347
1776895465.1812336,2026-04-22T22:04:25.181234,out_back_fast_10s,1,47.39806110846218,8.546295166642956,1.2700001001358032,0.9850000739097596,0.0,-0.0099999997764825,-1.059999942779541,-0.0893728882074356,-0.0023860996589064,-9.962780952453612,-0.008760841563344,0.0075910096056759,-0.0052386568859219,93.0,16.04199981689453,47.3979709,8.5461619,attack,9.45
1776895465.2832563,2026-04-22T22:04:25.283257,out_back_fast_10s,1,47.398062082365385,8.54629660540832,1.2700001001358032,0.9850000739097596,0.0,-0.0099999997764825,-1.059999942779541,-0.0893728882074356,-0.0023860996589064,-9.962780952453612,-0.008760841563344,0.0075910096056759,-0.0052386568859219,93.0,16.04199981689453,47.3979709,8.5461619,attack,9.552
1776895465.3849475,2026-04-22T22:04:25.384948,out_back_fast_10s,1,47.39806305310505,8.546298039500119,1.2700001001358032,0.9850000739097596,0.0,-0.0099999997764825,-1.059999942779541,-0.0893728882074356,-0.0023860996589064,-9.962780952453612,-0.008760841563344,0.0075910096056759,-0.0052386568859219,93.0,16.04199981689453,47.3979709,8.5461619,attack,9.654
1776895465.4884672,2026-04-22T22:04:25.488467,out_back_fast_10s,1,47.39806404129883,8.54629949937722,1.2700001001358032,0.9850000739097596,0.0,-0.0099999997764825,-1.059999942779541,-0.09900963306427,-0.0100442031398415,-9.942093849182127,-0.0089853527024388,0.0103957615792751,-0.0044197081588208,93.0,16.04199981689453,47.3979709,8.5461619,attack,9.757
1776895465.5923045,2026-04-22T22:04:25.592304,out_back_fast_10s,1,47.39806503252416,8.546300963732874,1.2700001001358032,0.9850000739097596,0.0,-0.0099999997764825,-1.059999942779541,-0.09900963306427,-0.0100442031398415,-9.942093849182127,-0.0089853527024388,0.0103957615792751,-0.0044197081588208,93.0,16.04199981689453,47.3979709,8.5461619,attack,9.861
1776895465.6964655,2026-04-22T22:04:25.696466,out_back_fast_10s,1,47.3980660268402,8.5463024326545,1.4320000410079956,1.147000074386597,-0.0099999997764825,0.0099999997764825,-1.090000033378601,-0.09900963306427,-0.0100442031398415,-9.942093849182127,-0.0089853527024388,0.0103957615792751,-0.0044197081588208,93.0,16.04199981689453,47.3979709,8.5461619,attack,9.965
1776895465.7979326,2026-04-22T22:04:25.797933,out_back_fast_10s,1,47.39806699544048,8.546303863585758,1.4320000410079956,1.147000074386597,-0.0099999997764825,0.0099999997764825,-1.090000033378601,-0.09900963306427,-0.0100442031398415,-9.942093849182127,-0.0089853527024388,0.0103957615792751,-0.0044197081588208,93.0,16.04199981689453,47.3979709,8.5461619,attack,10.067
1776895465.9003415,2026-04-22T22:04:25.900342,out_back_fast_10s,1,47.3980679730307,8.54630530779801,1.4320000410079956,1.147000074386597,-0.0099999997764825,0.0099999997764825,-1.090000033378601,-0.09900963306427,-0.0100442031398415,-9.942093849182127,-0.0089853527024388,0.0103957615792751,-0.0044197081588208,93.0,16.04199981689453,47.3979709,8.5461619,attack,10.169
1776895466.0025191,2026-04-22T22:04:26.002519,out_back_fast_10s,1,47.39806894841326,8.546306748748854,1.4320000410079956,1.147000074386597,-0.0099999997764825,0.0099999997764825,-1.090000033378601,-0.0960428416728973,0.0003870064392685,-9.987828254699709,-0.0111605944111943,0.015524229966104,-0.0026843347586691,93.0,16.04199981689453,47.3979709,8.5461619,attack,10.271
1776895466.104456,2026-04-22T22:04:26.104456,out_back_fast_10s,1,47.39806992149713,8.546308186303799,1.4320000410079956,1.147000074386597,-0.0099999997764825,0.0099999997764825,-1.090000033378601,-0.0960428416728973,0.0003870064392685,-9.987828254699709,-0.0111605944111943,0.015524229966104,-0.0026843347586691,93.0,16.04199981689453,47.3979709,8.5461619,attack,10.373
1776895466.2087164,2026-04-22T22:04:26.208716,out_back_fast_10s,1,47.39807091676224,8.546309656627495,1.4320000410079956,1.147000074386597,-0.0099999997764825,0.0099999997764825,-1.090000033378601,-0.0960428416728973,0.0003870064392685,-9.987828254699709,-0.0111605944111943,0.015524229966104,-0.0026843347586691,93.0,16.04199981689453,47.3979709,8.5461619,attack,10.477
1776895466.3120918,2026-04-22T22:04:26.312092,out_back_fast_10s,1,47.39807190357909,8.546311114470416,1.4320000410079956,1.147000074386597,-0.0099999997764825,0.0099999997764825,-1.090000033378601,-0.0960428416728973,0.0003870064392685,-9.987828254699709,-0.0111605944111943,0.015524229966104,-0.0026843347586691,93.0,16.04199981689453,47.3979709,8.5461619,attack,10.581
1776895466.4148183,2026-04-22T22:04:26.414819,out_back_fast_10s,1,47.39807288420084,8.546312563161223,1.4320000410079956,1.147000074386597,-0.0099999997764825,0.0099999997764825,-1.090000033378601,-0.0960428416728973,0.0003870064392685,-9.987828254699709,-0.0111605944111943,0.015524229966104,-0.0026843347586691,93.0,16.04199981689453,47.3979709,8.5461619,attack,10.684
1776895466.5163682,2026-04-22T22:04:26.516368,out_back_fast_10s,1,47.39807385359087,8.546313995259192,1.4320000410079956,1.147000074386597,-0.0099999997764825,0.0099999997764825,-1.090000033378601,-0.0960428416728973,0.0003870064392685,-9.987828254699709,-0.0111605944111943,0.015524229966104,-0.0026843347586691,93.0,16.04199981689453,47.3979709,8.5461619,attack,10.785
1776895466.620264,2026-04-22T22:04:26.620264,out_back_fast_10s,1,47.398074745376086,8.546315560441673,1.5790001153945925,1.2940000295639038,-0.0199999995529651,0.0199999995529651,-1.1200000047683716,-0.1036080121994018,-0.0053036445751786,-9.977663040161133,-0.0098665887489914,0.0187245979905128,-0.0006943958578631,93.0,16.04199981689453,47.3979708,8.546161999999999,attack,10.889
1776895466.727096,2026-04-22T22:04:26.727096,out_back_fast_10s,1,47.3980757651894,8.546317067030884,1.5790001153945925,1.2940000295639038,-0.0199999995529651,0.0199999995529651,-1.1200000047683716,-0.1036080121994018,-0.0053036445751786,-9.977663040161133,-0.0098665887489914,0.0187245979905128,-0.0006943958578631,93.0,16.04199981689453,47.3979708,8.546161999999999,attack,10.996
1776895466.8284976,2026-04-22T22:04:26.828498,out_back_fast_10s,1,47.3980767331638,8.546318497037515,1.5790001153945925,1.2940000295639038,-0.0199999995529651,0.0199999995529651,-1.1200000047683716,-0.1036080121994018,-0.0053036445751786,-9.977663040161133,-0.0098665887489914,0.0187245979905128,-0.0006943958578631,93.0,16.04199981689453,47.3979708,8.546161999999999,attack,11.097
1776895466.9394813,2026-04-22T22:04:26.939481,out_back_fast_10s,1,47.398077792607914,8.546320062174052,1.5790001153945925,1.2940000295639038,-0.0199999995529651,0.0199999995529651,-1.1200000047683716,-0.1036080121994018,-0.0053036445751786,-9.977663040161133,-0.0098665887489914,0.0187245979905128,-0.0006943958578631,93.0,16.04199981689453,47.3979708,8.546161999999999,attack,11.208
1776895467.041726,2026-04-22T22:04:27.041726,out_back_fast_10s,1,47.39807876863229,8.546321504073056,1.5790001153945925,1.2940000295639038,-0.0199999995529651,0.0199999995529651,-1.1200000047683716,-0.1036080121994018,-0.0053036445751786,-9.977663040161133,-0.0098665887489914,0.0187245979905128,-0.0006943958578631,93.0,16.04199981689453,47.3979708,8.546161999999999,attack,11.31
1776895467.1571906,2026-04-22T22:04:27.157191,out_back_fast_10s,1,47.398079870850275,8.546323132400227,1.7480000257492063,1.4630000591278076,-0.0199999995529651,0.0399999991059303,-1.149999976158142,-0.1036080121994018,-0.0053036445751786,-9.977663040161133,-0.0098665887489914,0.0187245979905128,-0.0006943958578631,93.0,16.04199981689453,47.3979708,8.546161999999999,attack,11.426
1776895467.263451,2026-04-22T22:04:27.263451,out_back_fast_10s,1,47.398080885208174,8.54632463093006,1.7480000257492063,1.4630000591278076,-0.0199999995529651,0.0399999991059303,-1.149999976158142,-0.1036080121994018,-0.0053036445751786,-9.977663040161133,-0.0098665887489914,0.0187245979905128,-0.0006943958578631,93.0,16.04199981689453,47.3979708,8.546161999999999,attack,11.532
1776895467.4251509,2026-04-22T22:04:27.425151,out_back_fast_10s,1,47.39808242878629,8.546326911286782,1.7480000257492063,1.4630000591278076,-0.0199999995529651,0.0399999991059303,-1.149999976158142,-0.1036080121994018,-0.0053036445751786,-9.977663040161133,-0.0098665887489914,0.0187245979905128,-0.0006943958578631,93.0,16.04199981689453,47.3979708,8.546161999999999,attack,11.694
1776895467.5881145,2026-04-22T22:04:27.588115,out_back_fast_10s,1,47.398083984429114,8.546329209466931,1.7480000257492063,1.4630000591278076,-0.0199999995529651,0.0399999991059303,-1.149999976158142,-0.1012188345193862,-0.0114182978868484,-9.953160285949709,-0.0109062045812606,0.0183358564972877,-0.0008204186451621,93.0,16.04199981689453,47.3979708,8.546161999999999,attack,11.857
1776895467.6914036,2026-04-22T22:04:27.691404,out_back_fast_10s,1,47.398084970422076,8.546330666092707,1.7480000257492063,1.4630000591278076,-0.0199999995529651,0.0399999991059303,-1.149999976158142,-0.1012188345193862,-0.0114182978868484,-9.953160285949709,-0.0109062045812606,0.0183358564972877,-0.0008204186451621,93.0,16.04199981689453,47.3979708,8.546161999999999,attack,11.96
1776895467.7954755,2026-04-22T22:04:27.795475,out_back_fast_10s,1,47.39808596388692,8.54633213375684,1.7480000257492063,1.4630000591278076,-0.0199999995529651,0.0399999991059303,-1.149999976158142,-0.1012188345193862,-0.0114182978868484,-9.953160285949709,-0.0109062045812606,0.0183358564972877,-0.0008204186451621,93.0,16.04199981689453,47.3979708,8.546161999999999,attack,12.064
1776895467.8975494,2026-04-22T22:04:27.897549,out_back_fast_10s,1,47.39808683827945,8.546333673244765,1.9070000648498533,1.621000051498413,-0.0199999995529651,0.0499999970197677,-1.1699999570846558,-0.1012188345193862,-0.0114182978868484,-9.953160285949709,-0.0109062045812606,0.0183358564972877,-0.0008204186451621,93.0,16.04199981689453,47.3979707,8.5461621,attack,12.166
1776895467.9993834,2026-04-22T22:04:27.999383,out_back_fast_10s,1,47.39808781038239,8.546335109350563,1.9070000648498533,1.621000051498413,-0.0199999995529651,0.0499999970197677,-1.1699999570846558,-0.1012188345193862,-0.0114182978868484,-9.953160285949709,-0.0109062045812606,0.0183358564972877,-0.0008204186451621,93.0,16.04199981689453,47.3979707,8.5461621,attack,12.268
1776895468.1008458,2026-04-22T22:04:28.100846,out_back_fast_10s,1,47.39808877893716,8.54633654021457,1.9070000648498533,1.621000051498413,-0.0199999995529651,0.0499999970197677,-1.1699999570846558,-0.1012188345193862,-0.0114182978868484,-9.953160285949709,-0.0109062045812606,0.0183358564972877,-0.0008204186451621,93.0,16.04199981689453,47.3979707,8.5461621,attack,12.37
1776895468.2050948,2026-04-22T22:04:28.205095,out_back_fast_10s,1,47.398089774093016,8.546338010376871,1.9070000648498533,1.621000051498413,-0.0199999995529651,0.0499999970197677,-1.1699999570846558,-0.1012188345193862,-0.0114182978868484,-9.953160285949709,-0.0109062045812606,0.0183358564972877,-0.0008204186451621,93.0,16.04199981689453,47.3979707,8.5461621,attack,12.474
1776895468.312396,2026-04-22T22:04:28.312396,out_back_fast_10s,1,47.39809079838536,8.54633952358304,1.9070000648498533,1.621000051498413,-0.0199999995529651,0.0499999970197677,-1.1699999570846558,-0.1044452935457229,-0.0141850598156452,-9.988733291625977,-0.0109825860708951,0.0171643197536468,0.0018358343513682,93.0,16.04199981689453,47.3979707,8.5461621,attack,12.581
1776895468.431567,2026-04-22T22:04:28.431567,out_back_fast_10s,1,47.398091935984986,8.546341204180164,1.9070000648498533,1.621000051498413,-0.0199999995529651,0.0499999970197677,-1.1699999570846558,-0.1044452935457229,-0.0141850598156452,-9.988733291625977,-0.0109825860708951,0.0171643197536468,0.0018358343513682,93.0,16.04199981689453,47.3979707,8.5461621,attack,12.7
1776895468.5323431,2026-04-22T22:04:28.532343,out_back_fast_10s,1,47.39809289798962,8.54634262536754,1.9070000648498533,1.621000051498413,-0.0199999995529651,0.0499999970197677,-1.1699999570846558,-0.1044452935457229,-0.0141850598156452,-9.988733291625977,-0.0109825860708951,0.0171643197536468,0.0018358343513682,93.0,16.04199981689453,47.3979707,8.5461621,attack,12.801
1776895468.6342936,2026-04-22T22:04:28.634294,out_back_fast_10s,1,47.398093771203214,8.546344163113783,2.0810000896453857,1.7960001230239868,-0.0199999995529651,0.0599999986588954,-1.1999999284744265,-0.1044452935457229,-0.0141850598156452,-9.988733291625977,-0.0109825860708951,0.0171643197536468,0.0018358343513682,93.0,16.04199981689453,47.3979706,8.5461622,attack,12.903
1776895468.7504313,2026-04-22T22:04:28.750431,out_back_fast_10s,1,47.39809487984843,8.546345800936017,2.0810000896453857,1.7960001230239868,-0.0199999995529651,0.0599999986588954,-1.1999999284744265,-0.1044452935457229,-0.0141850598156452,-9.988733291625977,-0.0109825860708951,0.0171643197536468,0.0018358343513682,93.0,16.04199981689453,47.3979706,8.5461622,attack,13.019
1776895468.8536506,2026-04-22T22:04:28.853651,out_back_fast_10s,1,47.39809586517454,8.546347256576642,2.0810000896453857,1.7960001230239868,-0.0199999995529651,0.0599999986588954,-1.1999999284744265,-0.1044452935457229,-0.0141850598156452,-9.988733291625977,-0.0109825860708951,0.0171643197536468,0.0018358343513682,93.0,16.04199981689453,47.3979706,8.5461622,attack,13.122
1776895468.956492,2026-04-22T22:04:28.956492,out_back_fast_10s,1,47.398096846893296,8.546348706888056,2.0810000896453857,1.7960001230239868,-0.0199999995529651,0.0599999986588954,-1.1999999284744265,-0.1044452935457229,-0.0141850598156452,-9.988733291625977,-0.0109825860708951,0.0171643197536468,0.0018358343513682,93.0,16.04199981689453,47.3979706,8.5461622,attack,13.225
1776895469.0586042,2026-04-22T22:04:29.058604,out_back_fast_10s,1,47.39809782165226,8.546350146917627,2.0810000896453857,1.7960001230239868,-0.0199999995529651,0.0599999986588954,-1.1999999284744265,-0.0966038256883621,-0.007593872025609,-9.926733016967772,-0.0078037730418145,0.0170457269996404,0.0004142496618442,93.0,16.04199981689453,47.3979706,8.5461622,attack,13.327
1776895469.1614237,2026-04-22T22:04:29.161424,out_back_fast_10s,1,47.39809880316163,8.546351596919713,2.0810000896453857,1.7960001230239868,-0.0199999995529651,0.0599999986588954,-1.1999999284744265,-0.0966038256883621,-0.007593872025609,-9.926733016967772,-0.0078037730418145,0.0170457269996404,0.0004142496618442,93.0,16.04199981689453,47.3979706,8.5461622,attack,13.43
1776895469.2633123,2026-04-22T22:04:29.263312,out_back_fast_10s,1,47.39809977578576,8.54635303379547,2.0810000896453857,1.7960001230239868,-0.0199999995529651,0.0599999986588954,-1.1999999284744265,-0.0966038256883621,-0.007593872025609,-9.926733016967772,-0.0078037730418145,0.0170457269996404,0.0004142496618442,93.0,16.04199981689453,47.3979706,8.5461622,attack,13.532
1776895469.365728,2026-04-22T22:04:29.365728,out_back_fast_10s,1,47.39810075343971,8.546354478101858,2.0810000896453857,1.7960001230239868,-0.0199999995529651,0.0599999986588954,-1.1999999284744265,-0.0966038256883621,-0.007593872025609,-9.926733016967772,-0.0078037730418145,0.0170457269996404,0.0004142496618442,93.0,16.04199981689453,47.3979706,8.5461622,attack,13.634
1776895469.4677458,2026-04-22T22:04:29.467746,out_back_fast_10s,1,47.398101727297394,8.546355916799968,2.0810000896453857,1.7960001230239868,-0.0199999995529651,0.0599999986588954,-1.1999999284744265,-0.0966038256883621,-0.007593872025609,-9.926733016967772,-0.0078037730418145,0.0170457269996404,0.0004142496618442,93.0,16.04199981689453,47.3979706,8.5461622,attack,13.736
1776895469.5726376,2026-04-22T22:04:29.572638,out_back_fast_10s,1,47.398102728589166,8.546357596026963,2.236000061035156,1.951000094413757,-0.0199999995529651,0.0700000002980232,-1.2200000286102295,-0.0966038256883621,-0.007593872025609,-9.926733016967772,-0.0078037730418145,0.0170457269996404,0.0004142496618442,93.0,16.04199981689453,47.3979706,8.5461624,attack,13.841
1776895469.6793876,2026-04-22T22:04:29.679388,out_back_fast_10s,1,47.39810374761955,8.546359101459545,2.236000061035156,1.951000094413757,-0.0199999995529651,0.0700000002980232,-1.2200000286102295,-0.0966038256883621,-0.007593872025609,-9.926733016967772,-0.0078037730418145,0.0170457269996404,0.0004142496618442,93.0,16.04199981689453,47.3979706,8.5461624,attack,13.948
1776895469.781674,2026-04-22T22:04:29.781674,out_back_fast_10s,1,47.39810472403994,8.54636054394358,2.236000061035156,1.951000094413757,-0.0199999995529651,0.0700000002980232,-1.2200000286102295,-0.0966038256883621,-0.007593872025609,-9.926733016967772,-0.0078037730418145,0.0170457269996404,0.0004142496618442,93.0,16.04199981689453,47.3979706,8.5461624,attack,14.05
1776895469.8832512,2026-04-22T22:04:29.883251,out_back_fast_10s,1,47.398105693691704,8.546361976428202,2.236000061035156,1.951000094413757,-0.0199999995529651,0.0700000002980232,-1.2200000286102295,-0.1080516725778579,-0.006814032793045,-9.936162948608398,-0.0075500975362956,0.0143830301240086,0.001852429122664,93.0,16.04199981689453,47.3979706,8.5461624,attack,14.152
1776895469.984337,2026-04-22T22:04:29.984337,out_back_fast_10s,1,47.39810665865278,8.546363401983172,2.236000061035156,1.951000094413757,-0.0199999995529651,0.0700000002980232,-1.2200000286102295,-0.1080516725778579,-0.006814032793045,-9.936162948608398,-0.0075500975362956,0.0143830301240086,0.001852429122664,93.0,16.04199981689453,47.3979706,8.5461624,attack,14.253
1776895470.0872405,2026-04-22T22:04:30.087240,out_back_fast_10s,1,47.398107640963275,8.546364853168779,2.236000061035156,1.951000094413757,-0.0199999995529651,0.0700000002980232,-1.2200000286102295,-0.1080516725778579,-0.006814032793045,-9.936162948608398,-0.0075500975362956,0.0143830301240086,0.001852429122664,93.0,16.04199981689453,47.3979706,8.5461624,attack,14.356
1776895470.1897902,2026-04-22T22:04:30.189790,out_back_fast_10s,1,47.39810861989857,8.54636629936813,2.236000061035156,1.951000094413757,-0.0199999995529651,0.0700000002980232,-1.2200000286102295,-0.1080516725778579,-0.006814032793045,-9.936162948608398,-0.0075500975362956,0.0143830301240086,0.001852429122664,93.0,16.04199981689453,47.3979706,8.5461624,attack,14.458
1776895470.2959557,2026-04-22T22:04:30.295956,out_back_fast_10s,1,47.39810963334837,8.546367796556408,2.236000061035156,1.951000094413757,-0.0199999995529651,0.0700000002980232,-1.2200000286102295,-0.1080516725778579,-0.006814032793045,-9.936162948608398,-0.0075500975362956,0.0143830301240086,0.001852429122664,93.0,16.04199981689453,47.3979706,8.5461624,attack,14.565
1776895470.3975112,2026-04-22T22:04:30.397511,out_back_fast_10s,1,47.398110502793024,8.54636932873467,2.4190001487731934,2.134000062942505,-0.0199999995529651,0.0700000002980232,-1.2400000095367432,-0.1080516725778579,-0.006814032793045,-9.936162948608398,-0.0075500975362956,0.0143830301240086,0.001852429122664,93.0,16.04199981689453,47.3979705,8.5461625,attack,14.666
1776895470.5004644,2026-04-22T22:04:30.500464,out_back_fast_10s,1,47.39811148557919,8.54637078062299,2.4190001487731934,2.134000062942505,-0.0199999995529651,0.0700000002980232,-1.2400000095367432,-0.1080516725778579,-0.006814032793045,-9.936162948608398,-0.0075500975362956,0.0143830301240086,0.001852429122664,93.0,16.04199981689453,47.3979705,8.5461625,attack,14.769
1776895470.604501,2026-04-22T22:04:30.604501,out_back_fast_10s,1,47.3981124787072,8.546372247789495,2.4190001487731934,2.134000062942505,-0.0199999995529651,0.0700000002980232,-1.2400000095367432,-0.1078031510114669,-0.0058158375322818,-9.965635299682615,-0.0044185169972479,0.0114098088815808,0.0005798287456855,93.0,16.04199981689453,47.3979705,8.5461625,attack,14.873
1776895470.7071989,2026-04-22T22:04:30.707199,out_back_fast_10s,1,47.39811345905585,8.546373696076817,2.4190001487731934,2.134000062942505,-0.0199999995529651,0.0700000002980232,-1.2400000095367432,-0.1078031510114669,-0.0058158375322818,-9.965635299682615,-0.0044185169972479,0.0114098088815808,0.0005798287456855,93.0,16.04199981689453,47.3979705,8.5461625,attack,14.976
1776895470.808823,2026-04-22T22:04:30.808823,out_back_fast_10s,1,47.398114429155974,8.546375129223806,2.4190001487731934,2.134000062942505,-0.0199999995529651,0.0700000002980232,-1.2400000095367432,-0.1078031510114669,-0.0058158375322818,-9.965635299682615,-0.0044185169972479,0.0114098088815808,0.0005798287456855,93.0,16.04199981689453,47.3979705,8.5461625,attack,15.078
1776895470.9122002,2026-04-22T22:04:30.912200,out_back_fast_10s,1,47.39811541598875,8.546376587090254,2.4190001487731934,2.134000062942505,-0.0199999995529651,0.0700000002980232,-1.2400000095367432,-0.1078031510114669,-0.0058158375322818,-9.965635299682615,-0.0044185169972479,0.0114098088815808,0.0005798287456855,93.0,16.04199981689453,47.3979705,8.5461625,attack,15.181
1776895471.020259,2026-04-22T22:04:31.020259,out_back_fast_10s,1,47.398116347511724,8.546378210977961,2.6000001430511475,2.314000129699707,-0.0199999995529651,0.0700000002980232,-1.2599999904632568,-0.1078031510114669,-0.0058158375322818,-9.965635299682615,-0.0044185169972479,0.0114098088815808,0.0005798287456855,93.0,16.04199981689453,47.3979704,8.546162599999999,attack,15.289
1776895471.1214814,2026-04-22T22:04:31.121481,out_back_fast_10s,1,47.39811731377691,8.54637963845951,2.6000001430511475,2.314000129699707,-0.0199999995529651,0.0700000002980232,-1.2599999904632568,-0.1078031510114669,-0.0058158375322818,-9.965635299682615,-0.0044185169972479,0.0114098088815808,0.0005798287456855,93.0,16.04199981689453,47.3979704,8.546162599999999,attack,15.39
1776895471.2294023,2026-04-22T22:04:31.229402,out_back_fast_10s,1,47.39811834398439,8.546381160404229,2.6000001430511475,2.314000129699707,-0.0199999995529651,0.0700000002980232,-1.2599999904632568,-0.1078031510114669,-0.0058158375322818,-9.965635299682615,-0.0044185169972479,0.0114098088815808,0.0005798287456855,93.0,16.04199981689453,47.3979704,8.546162599999999,attack,15.498
1776895471.3313236,2026-04-22T22:04:31.331324,out_back_fast_10s,1,47.39811931692033,8.54638259774061,2.6000001430511475,2.314000129699707,-0.0199999995529651,0.0700000002980232,-1.2599999904632568,-0.1042667478322982,-0.0186153855174779,-9.966130256652832,-0.0036699501797556,0.0098785003647208,-6.138230673968792e-06,93.0,16.04199981689453,47.3979704,8.546162599999999,attack,15.6
1776895471.432722,2026-04-22T22:04:31.432722,out_back_fast_10s,1,47.39812028486515,8.54638402770352,2.6000001430511475,2.314000129699707,-0.0199999995529651,0.0700000002980232,-1.2599999904632568,-0.1042667478322982,-0.0186153855174779,-9.966130256652832,-0.0036699501797556,0.0098785003647208,-6.138230673968792e-06,93.0,16.04199981689453,47.3979704,8.546162599999999,attack,15.701
1776895471.534524,2026-04-22T22:04:31.534524,out_back_fast_10s,1,47.39812125666084,8.546385463355403,2.6000001430511475,2.314000129699707,-0.0199999995529651,0.0700000002980232,-1.2599999904632568,-0.1042667478322982,-0.0186153855174779,-9.966130256652832,-0.0036699501797556,0.0098785003647208,-6.138230673968792e-06,93.0,16.04199981689453,47.3979704,8.546162599999999,attack,15.803
1776895471.6362152,2026-04-22T22:04:31.636215,out_back_fast_10s,1,47.398122227400506,8.546386897447187,2.6000001430511475,2.314000129699707,-0.0199999995529651,0.0700000002980232,-1.2599999904632568,-0.1042667478322982,-0.0186153855174779,-9.966130256652832,-0.0036699501797556,0.0098785003647208,-6.138230673968792e-06,93.0,16.04199981689453,47.3979704,8.546162599999999,attack,15.905
1776895471.7424183,2026-04-22T22:04:31.742419,out_back_fast_10s,1,47.3981232412099,8.546388595166702,2.783000230789185,2.497000217437744,-0.0099999997764825,0.0700000002980232,-1.2799999713897705,-0.1042667478322982,-0.0186153855174779,-9.966130256652832,-0.0036699501797556,0.0098785003647208,-6.138230673968792e-06,93.0,16.04199981689453,47.3979704,8.5461628,attack,16.011
1776895471.859492,2026-04-22T22:04:31.859492,out_back_fast_10s,1,47.398124358790426,8.54639024618923,2.783000230789185,2.497000217437744,-0.0099999997764825,0.0700000002980232,-1.2799999713897705,-0.1042667478322982,-0.0186153855174779,-9.966130256652832,-0.0036699501797556,0.0098785003647208,-6.138230673968792e-06,93.0,16.04199981689453,47.3979704,8.5461628,attack,16.128
1776895471.960751,2026-04-22T22:04:31.960751,out_back_fast_10s,1,47.398125325403825,8.546391674185207,2.783000230789185,2.497000217437744,-0.0099999997764825,0.0700000002980232,-1.2799999713897705,-0.1042667478322982,-0.0186153855174779,-9.966130256652832,-0.0036699501797556,0.0098785003647208,-6.138230673968792e-06,93.0,16.04199981689453,47.3979704,8.5461628,attack,16.229
1776895472.0637095,2026-04-22T22:04:32.063710,out_back_fast_10s,1,47.398126308240066,8.546393126147494,2.783000230789185,2.497000217437744,-0.0099999997764825,0.0700000002980232,-1.2799999713897705,-0.1078749597072601,-0.0083794556558132,-9.928510665893556,-0.0019504914525896,0.0086352284997701,0.0010104338871315,93.0,16.04199981689453,47.3979704,8.5461628,attack,16.332
1776895472.1659918,2026-04-22T22:04:32.165992,out_back_fast_10s,1,47.39812728462176,8.546394568574364,2.783000230789185,2.497000217437744,-0.0099999997764825,0.0700000002980232,-1.2799999713897705,-0.1078749597072601,-0.0083794556558132,-9.928510665893556,-0.0019504914525896,0.0086352284997701,0.0010104338871315,93.0,16.04199981689453,47.3979704,8.5461628,attack,16.435
1776895472.2853975,2026-04-22T22:04:32.285398,out_back_fast_10s,1,47.398128424463174,8.546396252483321,2.783000230789185,2.497000217437744,-0.0099999997764825,0.0700000002980232,-1.2799999713897705,-0.1078749597072601,-0.0083794556558132,-9.928510665893556,-0.0019504914525896,0.0086352284997701,0.0010104338871315,93.0,16.04199981689453,47.3979704,8.5461628,attack,16.554
1776895472.3873744,2026-04-22T22:04:32.387374,out_back_fast_10s,1,47.3981293979294,8.546397690603115,2.783000230789185,2.497000217437744,-0.0099999997764825,0.0700000002980232,-1.2799999713897705,-0.1078749597072601,-0.0083794556558132,-9.928510665893556,-0.0019504914525896,0.0086352284997701,0.0010104338871315,93.0,16.04199981689453,47.3979704,8.5461628,attack,16.656
1776895472.495029,2026-04-22T22:04:32.495029,out_back_fast_10s,1,47.39813042559468,8.546399208792169,2.783000230789185,2.497000217437744,-0.0099999997764825,0.0700000002980232,-1.2799999713897705,-0.1078749597072601,-0.0083794556558132,-9.928510665893556,-0.0019504914525896,0.0086352284997701,0.0010104338871315,93.0,16.04199981689453,47.3979704,8.5461628,attack,16.764
1776895472.5968575,2026-04-22T22:04:32.596858,out_back_fast_10s,1,47.39813129764528,8.546400744820174,2.9590001106262207,2.674000024795532,-0.0099999997764825,0.0700000002980232,-1.2899999618530271,-0.1078749597072601,-0.0083794556558132,-9.928510665893556,-0.0019504914525896,0.0086352284997701,0.0010104338871315,93.0,16.04199981689453,47.3979703,8.546162899999999,attack,16.866
1776895472.7034097,2026-04-22T22:04:32.703410,out_back_fast_10s,1,47.39813231478664,8.546402247462058,2.9590001106262207,2.674000024795532,-0.0099999997764825,0.0700000002980232,-1.2899999618530271,-0.1078749597072601,-0.0083794556558132,-9.928510665893556,-0.0019504914525896,0.0086352284997701,0.0010104338871315,93.0,16.04199981689453,47.3979703,8.546162899999999,attack,16.972
1776895472.8295026,2026-04-22T22:04:32.829503,out_back_fast_10s,1,47.398133518463396,8.546404025676155,2.9590001106262207,2.674000024795532,-0.0099999997764825,0.0700000002980232,-1.2899999618530271,-0.1078749597072601,-0.0083794556558132,-9.928510665893556,-0.0019504914525896,0.0086352284997701,0.0010104338871315,93.0,16.04199981689453,47.3979703,8.546162899999999,attack,17.098
1776895472.9496667,2026-04-22T22:04:32.949667,out_back_fast_10s,1,47.39813466554455,8.546405720280513,2.9590001106262207,2.674000024795532,-0.0099999997764825,0.0700000002980232,-1.2899999618530271,-0.1052260920405387,-0.0090877832844853,-9.93420124053955,-0.0013457186287268,0.0026974014472216,-0.0010796412825584,93.0,16.04199981689453,47.3979703,8.546162899999999,attack,17.218
1776895473.056402,2026-04-22T22:04:33.056402,out_back_fast_10s,1,47.39813568443384,8.546407225504625,2.9590001106262207,2.674000024795532,-0.0099999997764825,0.0700000002980232,-1.2899999618530271,-0.1052260920405387,-0.0090877832844853,-9.93420124053955,-0.0013457186287268,0.0026974014472216,-0.0010796412825584,93.0,16.04199981689453,47.3979703,8.546162899999999,attack,17.325
1776895473.161577,2026-04-22T22:04:33.161577,out_back_fast_10s,1,47.39813668842942,8.546408708725997,2.9590001106262207,2.674000024795532,-0.0099999997764825,0.0700000002980232,-1.2899999618530271,-0.1052260920405387,-0.0090877832844853,-9.93420124053955,-0.0013457186287268,0.0026974014472216,-0.0010796412825584,93.0,16.04199981689453,47.3979703,8.546162899999999,attack,17.43
1776895473.2651176,2026-04-22T22:04:33.265118,out_back_fast_10s,1,47.39813767682348,8.54641016889896,2.9590001106262207,2.674000024795532,-0.0099999997764825,0.0700000002980232,-1.2899999618530271,-0.1052260920405387,-0.0090877832844853,-9.93420124053955,-0.0013457186287268,0.0026974014472216,-0.0010796412825584,93.0,16.04199981689453,47.3979703,8.546162899999999,attack,17.534
1776895473.368812,2026-04-22T22:04:33.368812,out_back_fast_10s,1,47.398138666685526,8.546411631240595,2.9590001106262207,2.674000024795532,-0.0099999997764825,0.0700000002980232,-1.2899999618530271,-0.1052260920405387,-0.0090877832844853,-9.93420124053955,-0.0013457186287268,0.0026974014472216,-0.0010796412825584,93.0,16.04199981689453,47.3979703,8.546162899999999,attack,17.637
1776895473.4715402,2026-04-22T22:04:33.471540,out_back_fast_10s,1,47.39813964732321,8.546413079954919,3.13700008392334,2.8520002365112305,0.0,0.0599999986588954,-1.309999942779541,-0.1052260920405387,-0.0090877832844853,-9.93420124053955,-0.0013457186287268,0.0026974014472216,-0.0010796412825584,93.0,16.04199981689453,47.3979703,8.546162899999999,attack,17.74
1776895473.5764368,2026-04-22T22:04:33.576437,out_back_fast_10s,1,47.39814064866051,8.546414559249152,3.13700008392334,2.8520002365112305,0.0,0.0599999986588954,-1.309999942779541,-0.1052260920405387,-0.0090877832844853,-9.93420124053955,-0.0013457186287268,0.0026974014472216,-0.0010796412825584,93.0,16.04199981689453,47.3979703,8.546162899999999,attack,17.845
1776895473.681631,2026-04-22T22:04:33.681631,out_back_fast_10s,1,47.39814165284044,8.54641604274287,3.13700008392334,2.8520002365112305,0.0,0.0599999986588954,-1.309999942779541,-0.1052260920405387,-0.0090877832844853,-9.93420124053955,-0.0013457186287268,0.0026974014472216,-0.0010796412825584,93.0,16.04199981689453,47.3979703,8.546162899999999,attack,17.95
1776895473.8511057,2026-04-22T22:04:33.851105,out_back_fast_10s,1,47.3981432706367,8.546418432743417,3.13700008392334,2.8520002365112305,0.0,0.0599999986588954,-1.309999942779541,-0.0997048467397689,-0.0093522807583212,-9.91142463684082,0.0007804093766026,-0.0005356629262678,-0.0012387328315526,93.0,16.04199981689453,47.3979703,8.546162899999999,attack,18.12
1776895473.9536722,2026-04-22T22:04:33.953672,out_back_fast_10s,1,47.39814424973131,8.546419879178119,3.13700008392334,2.8520002365112305,0.0,0.0599999986588954,-1.309999942779541,-0.0997048467397689,-0.0093522807583212,-9.91142463684082,0.0007804093766026,-0.0005356629262678,-0.0012387328315526,93.0,16.04199981689453,47.3979703,8.546162899999999,attack,18.222
1776895474.0774057,2026-04-22T22:04:34.077406,out_back_fast_10s,1,47.39814543088544,8.546421624119123,3.13700008392334,2.8520002365112305,0.0,0.0599999986588954,-1.309999942779541,-0.0997048467397689,-0.0093522807583212,-9.91142463684082,0.0007804093766026,-0.0005356629262678,-0.0012387328315526,93.0,16.04199981689453,47.3979703,8.546162899999999,attack,18.346
1776895474.1787426,2026-04-22T22:04:34.178743,out_back_fast_10s,1,47.39814639824307,8.546423053214562,3.13700008392334,2.8520002365112305,0.0,0.0599999986588954,-1.309999942779541,-0.0997048467397689,-0.0093522807583212,-9.91142463684082,0.0007804093766026,-0.0005356629262678,-0.0012387328315526,93.0,16.04199981689453,47.3979703,8.546162899999999,attack,18.447
1776895474.283388,2026-04-22T22:04:34.283388,out_back_fast_10s,1,47.398147397181525,8.546424628964957,3.317000150680542,3.032000064849853,0.0,0.0499999970197677,-1.319999933242798,-0.0997048467397689,-0.0093522807583212,-9.91142463684082,0.0007804093766026,-0.0005356629262678,-0.0012387328315526,93.0,16.04199981689453,47.3979703,8.546163,attack,18.552
1776895474.3864377,2026-04-22T22:04:34.386438,out_back_fast_10s,1,47.39814838088945,8.546426082214992,3.317000150680542,3.032000064849853,0.0,0.0499999970197677,-1.319999933242798,-0.0997048467397689,-0.0093522807583212,-9.91142463684082,0.0007804093766026,-0.0005356629262678,-0.0012387328315526,93.0,16.04199981689453,47.3979703,8.546163,attack,18.655
1776895474.4885983,2026-04-22T22:04:34.488598,out_back_fast_10s,1,47.39814935611042,8.546427522927099,3.317000150680542,3.032000064849853,0.0,0.0499999970197677,-1.319999933242798,-0.0997048467397689,-0.0093522807583212,-9.91142463684082,0.0007804093766026,-0.0005356629262678,-0.0012387328315526,93.0,16.04199981689453,47.3979703,8.546163,attack,18.757
1776895474.591539,2026-04-22T22:04:34.591539,out_back_fast_10s,1,47.39815033877596,8.546428974637212,3.317000150680542,3.032000064849853,0.0,0.0499999970197677,-1.319999933242798,-0.1021962240338325,-0.003941080532968,-9.858476638793944,0.0028994162566959,-0.0027555853594094,-0.0004757402057293,93.0,16.04199981689453,47.3979703,8.546163,attack,18.86
1776895474.696244,2026-04-22T22:04:34.696244,out_back_fast_10s,1,47.398151338285686,8.546430451231537,3.317000150680542,3.032000064849853,0.0,0.0499999970197677,-1.319999933242798,-0.1021962240338325,-0.003941080532968,-9.858476638793944,0.0028994162566959,-0.0027555853594094,-0.0004757402057293,93.0,16.04199981689453,47.3979703,8.546163,attack,18.965
1776895474.7974892,2026-04-22T22:04:34.797489,out_back_fast_10s,1,47.39815230476708,8.5464318790325,3.317000150680542,3.032000064849853,0.0,0.0499999970197677,-1.319999933242798,-0.1021962240338325,-0.003941080532968,-9.858476638793944,0.0028994162566959,-0.0027555853594094,-0.0004757402057293,93.0,16.04199981689453,47.3979703,8.546163,attack,19.066
1776895474.901344,2026-04-22T22:04:34.901344,out_back_fast_10s,1,47.39815329616082,8.546433343636945,3.317000150680542,3.032000064849853,0.0,0.0499999970197677,-1.319999933242798,-0.1021962240338325,-0.003941080532968,-9.858476638793944,0.0028994162566959,-0.0027555853594094,-0.0004757402057293,93.0,16.04199981689453,47.3979703,8.546163,attack,19.17
1776895475.0035648,2026-04-22T22:04:35.003565,out_back_fast_10s,1,47.39815427195533,8.546434785196345,3.511000156402588,3.2250001430511475,0.0,0.0499999970197677,-1.3399999141693115,-0.1021962240338325,-0.003941080532968,-9.858476638793944,0.0028994162566959,-0.0027555853594094,-0.0004757402057293,93.0,16.04199981689453,47.3979703,8.546163,attack,19.272
1776895475.1065996,2026-04-22T22:04:35.106600,out_back_fast_10s,1,47.39815525551987,8.546436238234557,3.511000156402588,3.2250001430511475,0.0,0.0499999970197677,-1.3399999141693115,-0.1021962240338325,-0.003941080532968,-9.858476638793944,0.0028994162566959,-0.0027555853594094,-0.0004757402057293,93.0,16.04199981689453,47.3979703,8.546163,attack,19.375
1776895475.2092984,2026-04-22T22:04:35.209298,out_back_fast_10s,1,47.398156235877615,8.546437686535322,3.511000156402588,3.2250001430511475,0.0,0.0499999970197677,-1.3399999141693115,-0.1092979237437248,-0.0007576523348689,-9.859268188476562,0.0028523635119199,-0.0030704336240887,-0.0002493981446605,93.0,16.04199981689453,47.3979703,8.546163,attack,19.478
1776895475.310431,2026-04-22T22:04:35.310431,out_back_fast_10s,1,47.39815720128477,8.54643911274929,3.511000156402588,3.2250001430511475,0.0,0.0499999970197677,-1.3399999141693115,-0.1092979237437248,-0.0007576523348689,-9.859268188476562,0.0028523635119199,-0.0030704336240887,-0.0002493981446605,93.0,16.04199981689453,47.3979703,8.546163,attack,19.579
1776895475.417439,2026-04-22T22:04:35.417439,out_back_fast_10s,1,47.39815822277772,8.546440621819848,3.511000156402588,3.2250001430511475,0.0,0.0499999970197677,-1.3399999141693115,-0.1092979237437248,-0.0007576523348689,-9.859268188476562,0.0028523635119199,-0.0030704336240887,-0.0002493981446605,93.0,16.04199981689453,47.3979703,8.546163,attack,19.686
1776895475.5198362,2026-04-22T22:04:35.519836,out_back_fast_10s,1,47.398159200256416,8.546442165867331,3.7140002250671382,3.42900013923645,0.0,0.0399999991059303,-1.350000023841858,-0.1092979237437248,-0.0007576523348689,-9.859268188476562,0.0028523635119199,-0.0030704336240887,-0.0002493981446605,93.0,16.04199981689453,47.3979703,8.5461631,attack,19.789
1776895475.6225026,2026-04-22T22:04:35.622503,out_back_fast_10s,1,47.398160180304636,8.546443613710826,3.7140002250671382,3.42900013923645,0.0,0.0399999991059303,-1.350000023841858,-0.1092979237437248,-0.0007576523348689,-9.859268188476562,0.0028523635119199,-0.0030704336240887,-0.0002493981446605,93.0,16.04199981689453,47.3979703,8.5461631,attack,19.891
1776895475.7279472,2026-04-22T22:04:35.727947,out_back_fast_10s,1,47.3981611868743,8.546445100734935,3.7140002250671382,3.42900013923645,0.0,0.0399999991059303,-1.350000023841858,-0.1096009984612464,-0.0067807221785187,-9.830755233764648,0.0077985520474612,-0.0023233359679579,-0.0005786140682175,93.0,16.04199981689453,47.3979703,8.5461631,attack,19.997
1776895475.837775,2026-04-22T22:04:35.837775,out_back_fast_10s,1,47.398162235284694,8.54644664957114,3.7140002250671382,3.42900013923645,0.0,0.0399999991059303,-1.350000023841858,-0.1096009984612464,-0.0067807221785187,-9.830755233764648,0.0077985520474612,-0.0023233359679579,-0.0005786140682175,93.0,16.04199981689453,47.3979703,8.5461631,attack,20.106
1776895475.9496372,2026-04-22T22:04:35.949637,out_back_fast_10s,1,47.398163303115616,8.546448227097654,3.7140002250671382,3.42900013923645,0.0,0.0399999991059303,-1.350000023841858,-0.1096009984612464,-0.0067807221785187,-9.830755233764648,0.0077985520474612,-0.0023233359679579,-0.0005786140682175,93.0,16.04199981689453,47.3979703,8.5461631,attack,20.218
1776895476.0543778,2026-04-22T22:04:36.054378,out_back_fast_10s,1,47.398164302964446,8.546449704192959,3.7140002250671382,3.42900013923645,0.0,0.0399999991059303,-1.350000023841858,-0.1096009984612464,-0.0067807221785187,-9.830755233764648,0.0077985520474612,-0.0023233359679579,-0.0005786140682175,93.0,16.04199981689453,47.3979703,8.5461631,attack,20.323
1776895476.157738,2026-04-22T22:04:36.157738,out_back_fast_10s,1,47.398165289635635,8.546451161820679,3.913000106811523,3.627000093460083,0.0099999997764825,0.0399999991059303,-1.3700000047683716,-0.1096009984612464,-0.0067807221785187,-9.830755233764648,0.0077985520474612,-0.0023233359679579,-0.0005786140682175,93.0,16.04199981689453,47.3979703,8.5461631,attack,20.426
1776895476.2608602,2026-04-22T22:04:36.260860,out_back_fast_10s,1,47.39816627403544,8.546452616092848,3.913000106811523,3.627000093460083,0.0099999997764825,0.0399999991059303,-1.3700000047683716,-0.1096009984612464,-0.0067807221785187,-9.830755233764648,0.0077985520474612,-0.0023233359679579,-0.0005786140682175,93.0,16.04199981689453,47.3979703,8.5461631,attack,20.53
1776895476.3629107,2026-04-22T22:04:36.362911,out_back_fast_10s,1,47.39816724820493,8.546454055251582,3.913000106811523,3.627000093460083,0.0099999997764825,0.0399999991059303,-1.3700000047683716,-0.1096009984612464,-0.0067807221785187,-9.830755233764648,0.0077985520474612,-0.0023233359679579,-0.0005786140682175,93.0,16.04199981689453,47.3979703,8.5461631,attack,20.632
1776895476.4664557,2026-04-22T22:04:36.466455,out_back_fast_10s,1,47.39816823663996,8.546455515485068,3.913000106811523,3.627000093460083,0.0099999997764825,0.0399999991059303,-1.3700000047683716,-0.0955340042710304,0.0024624792858958,-9.812358856201172,0.0094204926863312,-0.0015472130617126,-0.0013021201593801,93.0,16.04199981689453,47.3979703,8.5461631,attack,20.735
1776895476.56829,2026-04-22T22:04:36.568290,out_back_fast_10s,1,47.39816920874519,8.546456951594216,3.913000106811523,3.627000093460083,0.0099999997764825,0.0399999991059303,-1.3700000047683716,-0.0955340042710304,0.0024624792858958,-9.812358856201172,0.0094204926863312,-0.0015472130617126,-0.0013021201593801,93.0,16.04199981689453,47.3979703,8.5461631,attack,20.837
1776895476.6702144,2026-04-22T22:04:36.670214,out_back_fast_10s,1,47.398170181710704,8.546458388974306,3.913000106811523,3.627000093460083,0.0099999997764825,0.0399999991059303,-1.3700000047683716,-0.0955340042710304,0.0024624792858958,-9.812358856201172,0.0094204926863312,-0.0015472130617126,-0.0013021201593801,93.0,16.04199981689453,47.3979703,8.5461631,attack,20.939
1776895476.773484,2026-04-22T22:04:36.773484,out_back_fast_10s,1,47.39817116751704,8.546459945324361,4.113000392913818,3.827000141143799,0.0099999997764825,0.0299999993294477,-1.3799999952316284,-0.0955340042710304,0.0024624792858958,-9.812358856201172,0.0094204926863312,-0.0015472130617126,-0.0013021201593801,93.0,16.04199981689453,47.3979703,8.546163199999999,attack,21.042
1776895476.8752694,2026-04-22T22:04:36.875269,out_back_fast_10s,1,47.39817213915569,8.546461380744242,4.113000392913818,3.827000141143799,0.0099999997764825,0.0299999993294477,-1.3799999952316284,-0.0955340042710304,0.0024624792858958,-9.812358856201172,0.0094204926863312,-0.0015472130617126,-0.0013021201593801,93.0,16.04199981689453,47.3979703,8.546163199999999,attack,21.144
1776895476.9822004,2026-04-22T22:04:36.982200,out_back_fast_10s,1,47.39817315991351,8.546462888728785,4.113000392913818,3.827000141143799,0.0099999997764825,0.0299999993294477,-1.3799999952316284,-0.0955340042710304,0.0024624792858958,-9.812358856201172,0.0094204926863312,-0.0015472130617126,-0.0013021201593801,93.0,16.04199981689453,47.3979703,8.546163199999999,attack,21.251
1776895477.0855603,2026-04-22T22:04:37.085560,out_back_fast_10s,1,47.39817414658242,8.546464346353144,4.113000392913818,3.827000141143799,0.0099999997764825,0.0299999993294477,-1.3799999952316284,-0.0942364186048507,-0.0117281870916485,-9.849712371826172,0.0084941964596509,-0.0013044833904132,-9.499743464402854e-05,93.0,16.04199981689453,47.3979703,8.546163199999999,attack,21.354
1776895477.1925144,2026-04-22T22:04:37.192514,out_back_fast_10s,1,47.39817516756101,8.546465854663825,4.113000392913818,3.827000141143799,0.0099999997764825,0.0299999993294477,-1.3799999952316284,-0.0942364186048507,-0.0117281870916485,-9.849712371826172,0.0084941964596509,-0.0013044833904132,-9.499743464402854e-05,93.0,16.04199981689453,47.3979703,8.546163199999999,attack,21.461
1776895477.2963345,2026-04-22T22:04:37.296334,out_back_fast_10s,1,47.39817615862247,8.54646731877738,4.113000392913818,3.827000141143799,0.0099999997764825,0.0299999993294477,-1.3799999952316284,-0.0942364186048507,-0.0117281870916485,-9.849712371826172,0.0084941964596509,-0.0013044833904132,-9.499743464402854e-05,93.0,16.04199981689453,47.3979703,8.546163199999999,attack,21.565
1776895477.3979928,2026-04-22T22:04:37.397993,out_back_fast_10s,1,47.39817712904805,8.546468752405167,4.113000392913818,3.827000141143799,0.0099999997764825,0.0299999993294477,-1.3799999952316284,-0.0942364186048507,-0.0117281870916485,-9.849712371826172,0.0084941964596509,-0.0013044833904132,-9.499743464402854e-05,93.0,16.04199981689453,47.3979703,8.546163199999999,attack,21.667
1776895477.5010853,2026-04-22T22:04:37.501085,out_back_fast_10s,1,47.39817821316337,8.546470206257634,4.308000087738037,4.023000240325928,0.0099999997764825,0.0299999993294477,-1.3899999856948853,-0.0942364186048507,-0.0117281870916485,-9.849712371826172,0.0084941964596509,-0.0013044833904132,-9.499743464402854e-05,93.0,16.04199981689453,47.3979704,8.546163199999999,attack,21.77
1776895477.6036897,2026-04-22T22:04:37.603690,out_back_fast_10s,1,47.39817919261985,8.54647165322694,4.308000087738037,4.023000240325928,0.0099999997764825,0.0299999993294477,-1.3899999856948853,-0.1016125604510307,-0.0069317640736699,-9.855758666992188,0.0073675052262842,-0.0010681422427296,-0.0007035577436909,93.0,16.04199981689453,47.3979704,8.546163199999999,attack,21.872
1776895477.7104466,2026-04-22T22:04:37.710447,out_back_fast_10s,1,47.39818021171624,8.546473158757022,4.308000087738037,4.023000240325928,0.0099999997764825,0.0299999993294477,-1.3899999856948853,-0.1016125604510307,-0.0069317640736699,-9.855758666992188,0.0073675052262842,-0.0010681422427296,-0.0007035577436909,93.0,16.04199981689453,47.3979704,8.546163199999999,attack,21.979
1776895477.8120155,2026-04-22T22:04:37.812016,out_back_fast_10s,1,47.398181181288344,8.54647459112396,4.308000087738037,4.023000240325928,0.0099999997764825,0.0299999993294477,-1.3899999856948853,-0.1016125604510307,-0.0069317640736699,-9.855758666992188,0.0073675052262842,-0.0010681422427296,-0.0007035577436909,93.0,16.04199981689453,47.3979704,8.546163199999999,attack,22.081
1776895477.9142995,2026-04-22T22:04:37.914300,out_back_fast_10s,1,47.39818215768597,8.546476033574365,4.308000087738037,4.023000240325928,0.0099999997764825,0.0299999993294477,-1.3899999856948853,-0.1016125604510307,-0.0069317640736699,-9.855758666992188,0.0073675052262842,-0.0010681422427296,-0.0007035577436909,93.0,16.04199981689453,47.3979704,8.546163199999999,attack,22.183
1776895478.017167,2026-04-22T22:04:38.017167,out_back_fast_10s,1,47.39818313965508,8.546477584255626,4.511000156402588,4.225000381469727,0.0099999997764825,0.0299999993294477,-1.3899999856948853,-0.1016125604510307,-0.0069317640736699,-9.855758666992188,0.0073675052262842,-0.0010681422427296,-0.0007035577436909,93.0,16.04199981689453,47.3979704,8.5461633,attack,22.286
1776895478.118228,2026-04-22T22:04:38.118228,out_back_fast_10s,1,47.39818410437718,8.546479009457551,4.511000156402588,4.225000381469727,0.0099999997764825,0.0299999993294477,-1.3899999856948853,-0.1016125604510307,-0.0069317640736699,-9.855758666992188,0.0073675052262842,-0.0010681422427296,-0.0007035577436909,93.0,16.04199981689453,47.3979704,8.5461633,attack,22.387
1776895478.21941,2026-04-22T22:04:38.219410,out_back_fast_10s,1,47.39818507025545,8.546480436367514,4.511000156402588,4.225000381469727,0.0099999997764825,0.0299999993294477,-1.3899999856948853,-0.1016125604510307,-0.0069317640736699,-9.855758666992188,0.0073675052262842,-0.0010681422427296,-0.0007035577436909,93.0,16.04199981689453,47.3979704,8.5461633,attack,22.488
1776895478.323591,2026-04-22T22:04:38.323591,out_back_fast_10s,1,47.39818606476267,8.546481905571557,4.511000156402588,4.225000381469727,0.0099999997764825,0.0299999993294477,-1.3899999856948853,-0.0932262018322944,-0.0120682436972856,-9.863116264343262,0.0061997058801352,0.001432662596926,-3.419903805479407e-05,93.0,16.04199981689453,47.3979704,8.5461633,attack,22.592
1776895478.4274197,2026-04-22T22:04:38.427420,out_back_fast_10s,1,47.398187055906064,8.546483369806154,4.511000156402588,4.225000381469727,0.0099999997764825,0.0299999993294477,-1.3899999856948853,-0.0932262018322944,-0.0120682436972856,-9.863116264343262,0.0061997058801352,0.001432662596926,-3.419903805479407e-05,93.0,16.04199981689453,47.3979704,8.5461633,attack,22.696
1776895478.532513,2026-04-22T22:04:38.532513,out_back_fast_10s,1,47.398188059121,8.546484851874268,4.511000156402588,4.225000381469727,0.0099999997764825,0.0299999993294477,-1.3899999856948853,-0.0932262018322944,-0.0120682436972856,-9.863116264343262,0.0061997058801352,0.001432662596926,-3.419903805479407e-05,93.0,16.04199981689453,47.3979704,8.5461633,attack,22.801
1776895478.6351578,2026-04-22T22:04:38.635158,out_back_fast_10s,1,47.39818903896439,8.546486299415161,4.511000156402588,4.225000381469727,0.0099999997764825,0.0299999993294477,-1.3899999856948853,-0.0932262018322944,-0.0120682436972856,-9.863116264343262,0.0061997058801352,0.001432662596926,-3.419903805479407e-05,93.0,16.04199981689453,47.3979704,8.5461633,attack,22.904
1776895478.7372324,2026-04-22T22:04:38.737232,out_back_fast_10s,1,47.398190013363745,8.546487738913488,4.511000156402588,4.225000381469727,0.0099999997764825,0.0299999993294477,-1.3899999856948853,-0.0932262018322944,-0.0120682436972856,-9.863116264343262,0.0061997058801352,0.001432662596926,-3.419903805479407e-05,93.0,16.04199981689453,47.3979704,8.5461633,attack,23.006
1776895478.8391547,2026-04-22T22:04:38.839155,out_back_fast_10s,1,47.39819098630879,8.54648917626332,4.511000156402588,4.225000381469727,0.0099999997764825,0.0299999993294477,-1.3899999856948853,-0.0932262018322944,-0.0120682436972856,-9.863116264343262,0.0061997058801352,0.001432662596926,-3.419903805479407e-05,93.0,16.04199981689453,47.3979704,8.5461633,attack,23.108
1776895478.9434783,2026-04-22T22:04:38.943478,out_back_fast_10s,1,47.39819198217702,8.546490747478003,4.716000080108643,4.431000232696533,0.0099999997764825,0.0299999993294477,-1.399999976158142,-0.0932262018322944,-0.0120682436972856,-9.863116264343262,0.0061997058801352,0.001432662596926,-3.419903805479407e-05,93.0,16.04199981689453,47.3979704,8.5461634,attack,23.212
1776895479.0450983,2026-04-22T22:04:39.045099,out_back_fast_10s,1,47.39819295223617,8.546492180564469,4.716000080108643,4.431000232696533,0.0099999997764825,0.0299999993294477,-1.399999976158142,-0.0932262018322944,-0.0120682436972856,-9.863116264343262,0.0061997058801352,0.001432662596926,-3.419903805479407e-05,93.0,16.04199981689453,47.3979704,8.5461634,attack,23.314
1776895479.146334,2026-04-22T22:04:39.146334,out_back_fast_10s,1,47.398193918626525,8.546493608230943,4.716000080108643,4.431000232696533,0.0099999997764825,0.0299999993294477,-1.399999976158142,-0.0932262018322944,-0.0120682436972856,-9.863116264343262,0.0061997058801352,0.001432662596926,-3.419903805479407e-05,93.0,16.04199981689453,47.3979704,8.5461634,attack,23.415
1776895479.2499075,2026-04-22T22:04:39.249908,out_back_fast_10s,1,47.39819490733467,8.546495068867904,4.716000080108643,4.431000232696533,0.0099999997764825,0.0299999993294477,-1.399999976158142,-0.0932262018322944,-0.0120682436972856,-9.863116264343262,0.0061997058801352,0.001432662596926,-3.419903805479407e-05,93.0,16.04199981689453,47.3979704,8.5461634,attack,23.519
1776895479.3526576,2026-04-22T22:04:39.352658,out_back_fast_10s,1,47.398195888181746,8.546496517891562,4.716000080108643,4.431000232696533,0.0099999997764825,0.0299999993294477,-1.399999976158142,-0.0981860533356666,-0.0052629690617322,-9.865107536315918,0.0038652482908219,0.001760036102496,-0.0005419805529527,93.0,16.04199981689453,47.3979704,8.5461634,attack,23.621
1776895479.4545584,2026-04-22T22:04:39.454558,out_back_fast_10s,1,47.398196860921956,8.546497954938788,4.716000080108643,4.431000232696533,0.0099999997764825,0.0299999993294477,-1.399999976158142,-0.0981860533356666,-0.0052629690617322,-9.865107536315918,0.0038652482908219,0.001760036102496,-0.0005419805529527,93.0,16.04199981689453,47.3979704,8.5461634,attack,23.723
1776895479.5566435,2026-04-22T22:04:39.556643,out_back_fast_10s,1,47.398197835421456,8.546499394585055,4.716000080108643,4.431000232696533,0.0099999997764825,0.0299999993294477,-1.399999976158142,-0.0981860533356666,-0.0052629690617322,-9.865107536315918,0.0038652482908219,0.001760036102496,-0.0005419805529527,93.0,16.04199981689453,47.3979704,8.5461634,attack,23.825
1776895479.6582153,2026-04-22T22:04:39.658215,out_back_fast_10s,1,47.398198805020876,8.54650082699234,4.716000080108643,4.431000232696533,0.0099999997764825,0.0299999993294477,-1.399999976158142,-0.0981860533356666,-0.0052629690617322,-9.865107536315918,0.0038652482908219,0.001760036102496,-0.0005419805529527,93.0,16.04199981689453,47.3979704,8.5461634,attack,23.927
1776895479.7604887,2026-04-22T22:04:39.760489,out_back_fast_10s,1,47.39819978131836,8.546502269294805,4.716000080108643,4.431000232696533,0.0099999997764825,0.0299999993294477,-1.399999976158142,-0.0981860533356666,-0.0052629690617322,-9.865107536315918,0.0038652482908219,0.001760036102496,-0.0005419805529527,93.0,16.04199981689453,47.3979704,8.5461634,attack,24.029
1776895479.862566,2026-04-22T22:04:39.862566,out_back_fast_10s,1,47.39820075574276,8.546503708830118,4.716000080108643,4.431000232696533,0.0099999997764825,0.0299999993294477,-1.399999976158142,-0.0981860533356666,-0.0052629690617322,-9.865107536315918,0.0038652482908219,0.001760036102496,-0.0005419805529527,93.0,16.04199981689453,47.3979704,8.5461634,attack,24.131
1776895479.9648244,2026-04-22T22:04:39.964824,out_back_fast_10s,1,47.39820183189686,8.546505150921409,4.910000324249268,4.625,0.0099999997764825,0.0199999995529651,-1.409999966621399,-0.0981860533356666,-0.0052629690617322,-9.865107536315918,0.0038652482908219,0.001760036102496,-0.0005419805529527,93.0,16.04199981689453,47.3979705,8.5461634,attack,24.234
1776895480.0677574,2026-04-22T22:04:40.067757,out_back_fast_10s,1,47.39820281448958,8.546506602523934,4.910000324249268,4.625,0.0099999997764825,0.0199999995529651,-1.409999966621399,-0.0981860533356666,-0.0052629690617322,-9.865107536315918,0.0038652482908219,0.001760036102496,-0.0005419805529527,93.0,16.04199981689453,47.3979705,8.5461634,attack,24.336
1776895480.1704268,2026-04-22T22:04:40.170427,out_back_fast_10s,1,47.39820379456739,8.546508050411145,4.910000324249268,4.625,0.0099999997764825,0.0199999995529651,-1.409999966621399,-0.0981860533356666,-0.0052629690617322,-9.865107536315918,0.0038652482908219,0.001760036102496,-0.0005419805529527,93.0,16.04199981689453,47.3979705,8.5461634,attack,24.439
1776895480.2736645,2026-04-22T22:04:40.273664,out_back_fast_10s,1,47.398204780068745,8.546509506310661,4.910000324249268,4.625,0.0099999997764825,0.0199999995529651,-1.409999966621399,-0.0980904623866081,-0.0041286405175924,-9.838750839233398,0.0023402601946145,0.0041477601043879,0.0009366983431391,93.0,16.04199981689453,47.3979705,8.5461634,attack,24.542
1776895480.3745058,2026-04-22T22:04:40.374506,out_back_fast_10s,1,47.39820574269471,8.546510928415932,4.910000324249268,4.625,0.0099999997764825,0.0199999995529651,-1.409999966621399,-0.0980904623866081,-0.0041286405175924,-9.838750839233398,0.0023402601946145,0.0041477601043879,0.0009366983431391,93.0,16.04199981689453,47.3979705,8.5461634,attack,24.643
1776895480.4779005,2026-04-22T22:04:40.477901,out_back_fast_10s,1,47.3982067296959,8.546512386531187,4.910000324249268,4.625,0.0099999997764825,0.0199999995529651,-1.409999966621399,-0.0980904623866081,-0.0041286405175924,-9.838750839233398,0.0023402601946145,0.0041477601043879,0.0009366983431391,93.0,16.04199981689453,47.3979705,8.5461634,attack,24.747
1776895480.5822277,2026-04-22T22:04:40.582227,out_back_fast_10s,1,47.39820772559827,8.54651385779631,4.910000324249268,4.625,0.0099999997764825,0.0199999995529651,-1.409999966621399,-0.0980904623866081,-0.0041286405175924,-9.838750839233398,0.0023402601946145,0.0041477601043879,0.0009366983431391,93.0,16.04199981689453,47.3979705,8.5461634,attack,24.851
1776895480.6834407,2026-04-22T22:04:40.683441,out_back_fast_10s,1,47.39820869177241,8.54651528514337,4.910000324249268,4.625,0.0099999997764825,0.0199999995529651,-1.409999966621399,-0.0980904623866081,-0.0041286405175924,-9.838750839233398,0.0023402601946145,0.0041477601043879,0.0009366983431391,93.0,16.04199981689453,47.3979705,8.5461634,attack,24.952
1776895480.7855084,2026-04-22T22:04:40.785508,out_back_fast_10s,1,47.39820966610577,8.546516724544194,4.910000324249268,4.625,0.0099999997764825,0.0199999995529651,-1.409999966621399,-0.0980904623866081,-0.0041286405175924,-9.838750839233398,0.0023402601946145,0.0041477601043879,0.0009366983431391,93.0,16.04199981689453,47.3979705,8.5461634,attack,25.054
1776895480.889735,2026-04-22T22:04:40.889735,out_back_fast_10s,1,47.39821066104769,8.546518294390436,5.122000217437744,4.837000370025635,0.0099999997764825,0.0199999995529651,-1.4199999570846558,-0.0980904623866081,-0.0041286405175924,-9.838750839233398,0.0023402601946145,0.0041477601043879,0.0009366983431391,93.0,16.04199981689453,47.3979705,8.5461635,attack,25.158
1776895480.9945793,2026-04-22T22:04:40.994579,out_back_fast_10s,1,47.398211661886556,8.546519772948336,5.122000217437744,4.837000370025635,0.0099999997764825,0.0199999995529651,-1.4199999570846558,-0.0980904623866081,-0.0041286405175924,-9.838750839233398,0.0023402601946145,0.0041477601043879,0.0009366983431391,93.0,16.04199981689453,47.3979705,8.5461635,attack,25.263
1776895481.099216,2026-04-22T22:04:41.099216,out_back_fast_10s,1,47.39821266074308,8.546521248577692,5.122000217437744,4.837000370025635,0.0099999997764825,0.0199999995529651,-1.4199999570846558,-0.0980904623866081,-0.0041286405175924,-9.838750839233398,0.0023402601946145,0.0041477601043879,0.0009366983431391,93.0,16.04199981689453,47.3979705,8.5461635,attack,25.368
1776895481.2037618,2026-04-22T22:04:41.203762,out_back_fast_10s,1,47.39821365873247,8.546522722926023,5.122000217437744,4.837000370025635,0.0099999997764825,0.0199999995529651,-1.4199999570846558,-0.0980904623866081,-0.0041286405175924,-9.838750839233398,0.0023402601946145,0.0041477601043879,0.0009366983431391,93.0,16.04199981689453,47.3979705,8.5461635,attack,25.472
1776895481.3094423,2026-04-22T22:04:41.309443,out_back_fast_10s,1,47.398214667553034,8.546524213275427,5.122000217437744,4.837000370025635,0.0099999997764825,0.0199999995529651,-1.4199999570846558,-0.0980904623866081,-0.0041286405175924,-9.838750839233398,0.0023402601946145,0.0041477601043879,0.0009366983431391,93.0,16.04199981689453,47.3979705,8.5461635,attack,25.578
1776895481.412693,2026-04-22T22:04:41.412693,out_back_fast_10s,1,47.39821565317957,8.546525669359868,5.122000217437744,4.837000370025635,0.0099999997764825,0.0199999995529651,-1.4199999570846558,-0.0983807668089866,-0.002742426469922,-9.861282348632812,0.0003826876636594,0.0019553599413484,-0.0006399962003342,93.0,16.04199981689453,47.3979705,8.5461635,attack,25.681
1776895481.5137732,2026-04-22T22:04:41.513773,out_back_fast_10s,1,47.39821661808601,8.546527094834142,5.122000217437744,4.837000370025635,0.0099999997764825,0.0199999995529651,-1.4199999570846558,-0.0983807668089866,-0.002742426469922,-9.861282348632812,0.0003826876636594,0.0019553599413484,-0.0006399962003342,93.0,16.04199981689453,47.3979705,8.5461635,attack,25.782
1776895481.623175,2026-04-22T22:04:41.623175,out_back_fast_10s,1,47.39821766242932,8.546528637661964,5.122000217437744,4.837000370025635,0.0099999997764825,0.0199999995529651,-1.4199999570846558,-0.0983807668089866,-0.002742426469922,-9.861282348632812,0.0003826876636594,0.0019553599413484,-0.0006399962003342,93.0,16.04199981689453,47.3979705,8.5461635,attack,25.892
1776895481.7276385,2026-04-22T22:04:41.727638,out_back_fast_10s,1,47.39821865963352,8.546530110850307,5.325000286102295,5.0400004386901855,0.0,0.0199999995529651,-1.4299999475479126,-0.0983807668089866,-0.002742426469922,-9.861282348632812,0.0003826876636594,0.0019553599413484,-0.0006399962003342,93.0,16.04199981689453,47.3979705,8.5461635,attack,25.996
1776895481.8300674,2026-04-22T22:04:41.830067,out_back_fast_10s,1,47.39821963741491,8.54653155534498,5.325000286102295,5.0400004386901855,0.0,0.0199999995529651,-1.4299999475479126,-0.0983807668089866,-0.002742426469922,-9.861282348632812,0.0003826876636594,0.0019553599413484,-0.0006399962003342,93.0,16.04199981689453,47.3979705,8.5461635,attack,26.099
1776895481.9343157,2026-04-22T22:04:41.934316,out_back_fast_10s,1,47.39822063256395,8.546533025497189,5.325000286102295,5.0400004386901855,0.0,0.0199999995529651,-1.4299999475479126,-0.0983807668089866,-0.002742426469922,-9.861282348632812,0.0003826876636594,0.0019553599413484,-0.0006399962003342,93.0,16.04199981689453,47.3979705,8.5461635,attack,26.203
1776895482.0448737,2026-04-22T22:04:42.044874,out_back_fast_10s,1,47.39822168794552,8.546534584632054,5.325000286102295,5.0400004386901855,0.0,0.0199999995529651,-1.4299999475479126,-0.0996986329555511,-0.0031922236084938,-9.830509185791016,-0.0045775906182825,0.0033284784294664,0.000653923547361,93.0,16.04199981689453,47.3979705,8.5461635,attack,26.314
1776895482.1505342,2026-04-22T22:04:42.150534,out_back_fast_10s,1,47.3982226965749,8.546536074699027,5.325000286102295,5.0400004386901855,0.0,0.0199999995529651,-1.4299999475479126,-0.0996986329555511,-0.0031922236084938,-9.830509185791016,-0.0045775906182825,0.0033284784294664,0.000653923547361,93.0,16.04199981689453,47.3979705,8.5461635,attack,26.419
1776895482.2539778,2026-04-22T22:04:42.253978,out_back_fast_10s,1,47.39822368404266,8.546537533503551,5.325000286102295,5.0400004386901855,0.0,0.0199999995529651,-1.4299999475479126,-0.0996986329555511,-0.0031922236084938,-9.830509185791016,-0.0045775906182825,0.0033284784294664,0.000653923547361,93.0,16.04199981689453,47.3979705,8.5461635,attack,26.523
1776895482.3556,2026-04-22T22:04:42.355600,out_back_fast_10s,1,47.398224654124576,8.546538966623642,5.325000286102295,5.0400004386901855,0.0,0.0199999995529651,-1.4299999475479126,-0.0996986329555511,-0.0031922236084938,-9.830509185791016,-0.0045775906182825,0.0033284784294664,0.000653923547361,93.0,16.04199981689453,47.3979705,8.5461635,attack,26.624
1776895482.4617057,2026-04-22T22:04:42.461706,out_back_fast_10s,1,47.398225667003125,8.546540462967986,5.325000286102295,5.0400004386901855,0.0,0.0199999995529651,-1.4299999475479126,-0.0996986329555511,-0.0031922236084938,-9.830509185791016,-0.0045775906182825,0.0033284784294664,0.000653923547361,93.0,16.04199981689453,47.3979705,8.5461635,attack,26.73
1776895482.5691628,2026-04-22T22:04:42.569163,out_back_fast_10s,1,47.39822669278393,8.546542078373077,5.523000240325928,5.238000392913818,0.0,0.0199999995529651,-1.4299999475479126,-0.0996986329555511,-0.0031922236084938,-9.830509185791016,-0.0045775906182825,0.0033284784294664,0.000653923547361,93.0,16.04199981689453,47.3979705,8.5461636,attack,26.838
1776895482.6751544,2026-04-22T22:04:42.675154,out_back_fast_10s,1,47.39822770457457,8.546543573110254,5.523000240325928,5.238000392913818,0.0,0.0199999995529651,-1.4299999475479126,-0.0996986329555511,-0.0031922236084938,-9.830509185791016,-0.0045775906182825,0.0033284784294664,0.000653923547361,93.0,16.04199981689453,47.3979705,8.5461636,attack,26.944
1776895482.7784932,2026-04-22T22:04:42.778493,out_back_fast_10s,1,47.39822869104093,8.546545030435375,5.523000240325928,5.238000392913818,0.0,0.0199999995529651,-1.4299999475479126,-0.0996986329555511,-0.0031922236084938,-9.830509185791016,-0.0045775906182825,0.0033284784294664,0.000653923547361,93.0,16.04199981689453,47.3979705,8.5461636,attack,27.047
1776895482.880815,2026-04-22T22:04:42.880815,out_back_fast_10s,1,47.39822966780043,8.546546473420387,5.523000240325928,5.238000392913818,0.0,0.0199999995529651,-1.4299999475479126,-0.1017416343092918,-0.0041893478482961,-9.79952621459961,-0.0055821742862463,0.0040143635123968,-0.0001273151137866,93.0,16.04199981689453,47.3979705,8.5461636,attack,27.15
1776895482.9832134,2026-04-22T22:04:42.983213,out_back_fast_10s,1,47.398230645290504,8.546547917484688,5.523000240325928,5.238000392913818,0.0,0.0199999995529651,-1.4299999475479126,-0.1017416343092918,-0.0041893478482961,-9.79952621459961,-0.0055821742862463,0.0040143635123968,-0.0001273151137866,93.0,16.04199981689453,47.3979705,8.5461636,attack,27.252
1776895483.0848875,2026-04-22T22:04:43.084888,out_back_fast_10s,1,47.398231615866294,8.546549351334392,5.523000240325928,5.238000392913818,0.0,0.0199999995529651,-1.4299999475479126,-0.1017416343092918,-0.0041893478482961,-9.79952621459961,-0.0055821742862463,0.0040143635123968,-0.0001273151137866,93.0,16.04199981689453,47.3979705,8.5461636,attack,27.354
1776895483.188535,2026-04-22T22:04:43.188535,out_back_fast_10s,1,47.39823260527998,8.546550813013662,5.523000240325928,5.238000392913818,0.0,0.0199999995529651,-1.4299999475479126,-0.1017416343092918,-0.0041893478482961,-9.79952621459961,-0.0055821742862463,0.0040143635123968,-0.0001273151137866,93.0,16.04199981689453,47.3979705,8.5461636,attack,27.457
1776895483.289827,2026-04-22T22:04:43.289827,out_back_fast_10s,1,47.39823357220973,8.546552241476999,5.523000240325928,5.238000392913818,0.0,0.0199999995529651,-1.4299999475479126,-0.1017416343092918,-0.0041893478482961,-9.79952621459961,-0.0055821742862463,0.0040143635123968,-0.0001273151137866,93.0,16.04199981689453,47.3979705,8.5461636,attack,27.559
1776895483.3931036,2026-04-22T22:04:43.393104,out_back_fast_10s,1,47.398234558082066,8.546553797924565,5.729000091552734,5.443000316619873,0.0,0.0099999997764825,-1.4399999380111694,-0.1017416343092918,-0.0041893478482961,-9.79952621459961,-0.0055821742862463,0.0040143635123968,-0.0001273151137866,93.0,16.04199981689453,47.3979705,8.5461637,attack,27.662
1776895483.4943745,2026-04-22T22:04:43.494375,out_back_fast_10s,1,47.39823552480926,8.546555226088659,5.729000091552734,5.443000316619873,0.0,0.0099999997764825,-1.4399999380111694,-0.1017416343092918,-0.0041893478482961,-9.79952621459961,-0.0055821742862463,0.0040143635123968,-0.0001273151137866,93.0,16.04199981689453,47.3979705,8.5461637,attack,27.763
1776895483.5953758,2026-04-22T22:04:43.595376,out_back_fast_10s,1,47.398236488962375,8.546556650450018,5.729000091552734,5.443000316619873,0.0,0.0099999997764825,-1.4399999380111694,-0.1017416343092918,-0.0041893478482961,-9.79952621459961,-0.0055821742862463,0.0040143635123968,-0.0001273151137866,93.0,16.04199981689453,47.3979705,8.5461637,attack,27.864
1776895483.6975214,2026-04-22T22:04:43.697521,out_back_fast_10s,1,47.39823746403996,8.546558090950306,5.729000091552734,5.443000316619873,0.0,0.0099999997764825,-1.4399999380111694,-0.0960398614406585,-0.0074630565941333,-9.820703506469728,-0.0065395655110478,-8.21132562123239e-05,-0.0005049288738518,93.0,16.04199981689453,47.3979705,8.5461637,attack,27.966
1776895483.812193,2026-04-22T22:04:43.812193,out_back_fast_10s,1,47.39823855868819,8.546559708094534,5.729000091552734,5.443000316619873,0.0,0.0099999997764825,-1.4399999380111694,-0.0960398614406585,-0.0074630565941333,-9.820703506469728,-0.0065395655110478,-8.21132562123239e-05,-0.0005049288738518,93.0,16.04199981689453,47.3979705,8.5461637,attack,28.081
1776895483.9130924,2026-04-22T22:04:43.913092,out_back_fast_10s,1,47.398239521869485,8.546561131020201,5.729000091552734,5.443000316619873,0.0,0.0099999997764825,-1.4399999380111694,-0.0960398614406585,-0.0074630565941333,-9.820703506469728,-0.0065395655110478,-8.21132562123239e-05,-0.0005049288738518,93.0,16.04199981689453,47.3979705,8.5461637,attack,28.182
1776895484.0197334,2026-04-22T22:04:44.019733,out_back_fast_10s,1,47.39824043985977,8.546562634915464,5.943000316619873,5.658000469207764,0.0,0.0099999997764825,-1.4499999284744265,-0.0960398614406585,-0.0074630565941333,-9.820703506469728,-0.0065395655110478,-8.21132562123239e-05,-0.0005049288738518,93.0,16.04199981689453,47.3979704,8.5461637,attack,28.288
1776895484.1211195,2026-04-22T22:04:44.121120,out_back_fast_10s,1,47.398241407686236,8.546564064703535,5.943000316619873,5.658000469207764,0.0,0.0099999997764825,-1.4499999284744265,-0.0960398614406585,-0.0074630565941333,-9.820703506469728,-0.0065395655110478,-8.21132562123239e-05,-0.0005049288738518,93.0,16.04199981689453,47.3979704,8.5461637,attack,28.39
1776895484.2255166,2026-04-22T22:04:44.225517,out_back_fast_10s,1,47.39824240425545,8.5465655369538,5.943000316619873,5.658000469207764,0.0,0.0099999997764825,-1.4499999284744265,-0.0960398614406585,-0.0074630565941333,-9.820703506469728,-0.0065395655110478,-8.21132562123239e-05,-0.0005049288738518,93.0,16.04199981689453,47.3979704,8.5461637,attack,28.494
1776895484.3284512,2026-04-22T22:04:44.328451,out_back_fast_10s,1,47.398243386864095,8.54656698857986,5.943000316619873,5.658000469207764,0.0,0.0099999997764825,-1.4499999284744265,-0.0987517386674881,-0.004751649685204,-9.797325134277344,-0.0056842053309082,0.0003856026742141,0.0007484225207008,93.0,16.04199981689453,47.3979704,8.5461637,attack,28.597
1776895484.4308782,2026-04-22T22:04:44.430878,out_back_fast_10s,1,47.39824436462729,8.546568433047632,5.943000316619873,5.658000469207764,0.0,0.0099999997764825,-1.4499999284744265,-0.0987517386674881,-0.004751649685204,-9.797325134277344,-0.0056842053309082,0.0003856026742141,0.0007484225207008,93.0,16.04199981689453,47.3979704,8.5461637,attack,28.7
1776895484.5361767,2026-04-22T22:04:44.536177,out_back_fast_10s,1,47.3982453698018,8.546569918010666,6.14900016784668,5.863000392913818,0.0,0.0,-1.4499999284744265,-0.0987517386674881,-0.004751649685204,-9.797325134277344,-0.0056842053309082,0.0003856026742141,0.0007484225207008,93.0,16.04199981689453,47.3979704,8.5461637,attack,28.805
1776895484.638576,2026-04-22T22:04:44.638576,out_back_fast_10s,1,47.398246347300976,8.546571362088415,6.14900016784668,5.863000392913818,0.0,0.0,-1.4499999284744265,-0.0951191782951355,-0.0116424979642033,-9.814963340759276,-0.0050885733217,-0.0017839380307123,7.74669460952282e-05,93.0,16.04199981689453,47.3979704,8.5461637,attack,28.907
1776895484.7437158,2026-04-22T22:04:44.743716,out_back_fast_10s,1,47.39824735095972,8.546572844812172,6.14900016784668,5.863000392913818,0.0,0.0,-1.4499999284744265,-0.0951191782951355,-0.0116424979642033,-9.814963340759276,-0.0050885733217,-0.0017839380307123,7.74669460952282e-05,93.0,16.04199981689453,47.3979704,8.5461637,attack,29.012
1776895484.8531525,2026-04-22T22:04:44.853152,out_back_fast_10s,1,47.39824839563759,8.546574388134246,6.14900016784668,5.863000392913818,0.0,0.0,-1.4499999284744265,-0.0951191782951355,-0.0116424979642033,-9.814963340759276,-0.0050885733217,-0.0017839380307123,7.74669460952282e-05,93.0,16.04199981689453,47.3979704,8.5461637,attack,29.122
1776895484.954344,2026-04-22T22:04:44.954344,out_back_fast_10s,1,47.398249361606894,8.5465758151787,6.14900016784668,5.863000392913818,0.0,0.0,-1.4499999284744265,-0.0951191782951355,-0.0116424979642033,-9.814963340759276,-0.0050885733217,-0.0017839380307123,7.74669460952282e-05,93.0,16.04199981689453,47.3979704,8.5461637,attack,29.223
1776895485.058116,2026-04-22T22:04:45.058116,out_back_fast_10s,1,47.39825035220861,8.546577278613077,6.36400032043457,6.078000068664551,0.0,0.0,-1.459999918937683,-0.0951191782951355,-0.0116424979642033,-9.814963340759276,-0.0050885733217,-0.0017839380307123,7.74669460952282e-05,93.0,16.04199981689453,47.3979704,8.5461637,attack,29.327
1776895485.159352,2026-04-22T22:04:45.159352,out_back_fast_10s,1,47.39825131860352,8.546578706286274,6.36400032043457,6.078000068664551,0.0,0.0,-1.459999918937683,-0.0951191782951355,-0.0116424979642033,-9.814963340759276,-0.0050885733217,-0.0017839380307123,7.74669460952282e-05,93.0,16.04199981689453,47.3979704,8.5461637,attack,29.428
1776895485.2644503,2026-04-22T22:04:45.264450,out_back_fast_10s,1,47.39825232186625,8.546580188424997,6.36400032043457,6.078000068664551,0.0,0.0,-1.459999918937683,-0.0951191782951355,-0.0116424979642033,-9.814963340759276,-0.0050885733217,-0.0017839380307123,7.74669460952282e-05,93.0,16.04199981689453,47.3979704,8.5461637,attack,29.533
1776895485.382441,2026-04-22T22:04:45.382441,out_back_fast_10s,1,47.398253448200016,8.546581852378841,6.36400032043457,6.078000068664551,0.0,0.0,-1.459999918937683,-0.1001597344875335,-0.0084059638902544,-9.68826675415039,3.812194336205721e-05,-0.0053318655118346,0.0001717397244647,93.0,16.04199981689453,47.3979704,8.5461637,attack,29.651
1776895485.485033,2026-04-22T22:04:45.485033,out_back_fast_10s,1,47.39825442753815,8.546583299173308,6.36400032043457,6.078000068664551,0.0,0.0,-1.459999918937683,-0.1001597344875335,-0.0084059638902544,-9.68826675415039,3.812194336205721e-05,-0.0053318655118346,0.0001717397244647,93.0,16.04199981689453,47.3979704,8.5461637,attack,29.754
1776895485.586336,2026-04-22T22:04:45.586336,out_back_fast_10s,1,47.39825539457031,8.546584727787945,6.567000389099121,6.2820000648498535,0.0,0.0,-1.4900000095367432,-0.1001597344875335,-0.0084059638902544,-9.68826675415039,3.812194336205721e-05,-0.0053318655118346,0.0001717397244647,93.0,16.04199981689453,47.3979704,8.5461637,attack,29.855
1776895485.6884174,2026-04-22T22:04:45.688417,out_back_fast_10s,1,47.39825636903568,8.546586167383778,6.567000389099121,6.2820000648498535,0.0,0.0,-1.4900000095367432,-0.1001597344875335,-0.0084059638902544,-9.68826675415039,3.812194336205721e-05,-0.0053318655118346,0.0001717397244647,93.0,16.04199981689453,47.3979704,8.5461637,attack,29.957
1776895485.7898753,2026-04-22T22:04:45.789875,out_back_fast_10s,1,47.3982573375472,8.546587598183894,6.567000389099121,6.2820000648498535,0.0,0.0,-1.4900000095367432,-0.1001597344875335,-0.0084059638902544,-9.68826675415039,3.812194336205721e-05,-0.0053318655118346,0.0001717397244647,93.0,16.04199981689453,47.3979704,8.5461637,attack,30.059
1776895485.8933213,2026-04-22T22:04:45.893321,out_back_fast_10s,1,47.39825832503772,8.546589057022038,6.567000389099121,6.2820000648498535,0.0,0.0,-1.4900000095367432,-0.1001597344875335,-0.0084059638902544,-9.68826675415039,3.812194336205721e-05,-0.0053318655118346,0.0001717397244647,93.0,16.04199981689453,47.3979704,8.5461637,attack,30.162
1776895485.9952571,2026-04-22T22:04:45.995257,out_back_fast_10s,1,47.398259298112485,8.54659049456352,6.567000389099121,6.2820000648498535,0.0,0.0,-1.4900000095367432,-0.0942100286483764,-0.008969728834927,-9.629915237426758,1.65214114531409e-05,-0.0058991252444684,0.0003088482772,93.0,16.04199981689453,47.3979704,8.5461637,attack,30.264
1776895486.0984263,2026-04-22T22:04:46.098426,out_back_fast_10s,1,47.39826028296065,8.54659194949806,6.567000389099121,6.2820000648498535,0.0,0.0,-1.4900000095367432,-0.0942100286483764,-0.008969728834927,-9.629915237426758,1.65214114531409e-05,-0.0058991252444684,0.0003088482772,93.0,16.04199981689453,47.3979704,8.5461637,attack,30.367
1776895486.2013645,2026-04-22T22:04:46.201364,out_back_fast_10s,1,47.39826126560344,8.546593401174553,6.567000389099121,6.2820000648498535,0.0,0.0,-1.4900000095367432,-0.0942100286483764,-0.008969728834927,-9.629915237426758,1.65214114531409e-05,-0.0058991252444684,0.0003088482772,93.0,16.04199981689453,47.3979704,8.5461637,attack,30.47
1776895486.3029718,2026-04-22T22:04:46.302972,out_back_fast_10s,1,47.39826223554197,8.546594834082816,6.567000389099121,6.2820000648498535,0.0,0.0,-1.4900000095367432,-0.0942100286483764,-0.008969728834927,-9.629915237426758,1.65214114531409e-05,-0.0058991252444684,0.0003088482772,93.0,16.04199981689453,47.3979704,8.5461637,attack,30.572
1776895486.4052088,2026-04-22T22:04:46.405209,out_back_fast_10s,1,47.39826321149124,8.546596275870854,6.77400016784668,6.48900032043457,0.0,0.0,-1.4900000095367432,-0.0942100286483764,-0.008969728834927,-9.629915237426758,1.65214114531409e-05,-0.0058991252444684,0.0003088482772,93.0,16.04199981689453,47.3979704,8.5461637,attack,30.674
1776895486.5606737,2026-04-22T22:04:46.560673,out_back_fast_10s,1,47.398264695551454,8.546598468300655,6.77400016784668,6.48900032043457,0.0,0.0,-1.4900000095367432,-0.0942100286483764,-0.008969728834927,-9.629915237426758,1.65214114531409e-05,-0.0058991252444684,0.0003088482772,93.0,16.04199981689453,47.3979704,8.5461637,attack,30.829
1776895486.663525,2026-04-22T22:04:46.663525,out_back_fast_10s,1,47.3982656773658,8.54659991875328,6.77400016784668,6.48900032043457,0.0,0.0,-1.4900000095367432,-0.0942100286483764,-0.008969728834927,-9.629915237426758,1.65214114531409e-05,-0.0058991252444684,0.0003088482772,93.0,16.04199981689453,47.3979704,8.5461637,attack,30.932
1776895486.7653394,2026-04-22T22:04:46.765339,out_back_fast_10s,1,47.39826664927984,8.54660135458,6.77400016784668,6.48900032043457,0.0,0.0,-1.4900000095367432,-0.0994659140706062,0.0007104184478521,-9.687357902526855,0.0007518174825236,-0.0064789662137627,0.0003101708716712,93.0,16.04199981689453,47.3979704,8.5461637,attack,31.034
1776895486.8686953,2026-04-22T22:04:46.868695,out_back_fast_10s,1,47.39826763591006,8.546602812147203,6.77400016784668,6.48900032043457,0.0,0.0,-1.4900000095367432,-0.0994659140706062,0.0007104184478521,-9.687357902526855,0.0007518174825236,-0.0064789662137627,0.0003101708716712,93.0,16.04199981689453,47.3979704,8.5461637,attack,31.137
1776895486.9720628,2026-04-22T22:04:46.972063,out_back_fast_10s,1,47.3982686226518,8.546604269879156,6.77400016784668,6.48900032043457,0.0,0.0,-1.4900000095367432,-0.0994659140706062,0.0007104184478521,-9.687357902526855,0.0007518174825236,-0.0064789662137627,0.0003101708716712,93.0,16.04199981689453,47.3979704,8.5461637,attack,31.241
1776895487.073927,2026-04-22T22:04:47.073927,out_back_fast_10s,1,47.39826959504151,8.546605706408593,6.992000102996826,6.707000255584717,0.0,0.0,-1.4800000190734863,-0.0994659140706062,0.0007104184478521,-9.687357902526855,0.0007518174825236,-0.0064789662137627,0.0003101708716712,93.0,16.04199981689453,47.3979704,8.5461637,attack,31.343
1776895487.1797097,2026-04-22T22:04:47.179710,out_back_fast_10s,1,47.398270604838444,8.546607198200412,6.992000102996826,6.707000255584717,0.0,0.0,-1.4800000190734863,-0.0994659140706062,0.0007104184478521,-9.687357902526855,0.0007518174825236,-0.0064789662137627,0.0003101708716712,93.0,16.04199981689453,47.3979704,8.5461637,attack,31.448
1776895487.2816353,2026-04-22T22:04:47.281635,out_back_fast_10s,1,47.39827157781535,8.546608635597316,6.992000102996826,6.707000255584717,0.0,0.0,-1.4800000190734863,-0.0994659140706062,0.0007104184478521,-9.687357902526855,0.0007518174825236,-0.0064789662137627,0.0003101708716712,93.0,16.04199981689453,47.3979704,8.5461637,attack,31.55
1776895487.3865006,2026-04-22T22:04:47.386501,out_back_fast_10s,1,47.398272578854495,8.546610114451093,6.992000102996826,6.707000255584717,0.0,0.0,-1.4800000190734863,-0.0994659140706062,0.0007104184478521,-9.687357902526855,0.0007518174825236,-0.0064789662137627,0.0003101708716712,93.0,16.04199981689453,47.3979704,8.5461637,attack,31.655
1776895487.5395124,2026-04-22T22:04:47.539512,out_back_fast_10s,1,47.39827403949764,8.546612272286426,6.992000102996826,6.707000255584717,0.0,0.0,-1.4800000190734863,-0.099163606762886,-0.0076244017109274,-9.620820045471191,0.0041177249513566,-0.0048898425884544,-0.0002386161359027,93.0,16.04199981689453,47.3979704,8.5461637,attack,31.808
1776895487.6414025,2026-04-22T22:04:47.641402,out_back_fast_10s,1,47.39827501213543,8.54661370918235,6.992000102996826,6.707000255584717,0.0,0.0,-1.4800000190734863,-0.099163606762886,-0.0076244017109274,-9.620820045471191,0.0041177249513566,-0.0048898425884544,-0.0002386161359027,93.0,16.04199981689453,47.3979704,8.5461637,attack,31.91
1776895487.7422192,2026-04-22T22:04:47.742219,out_back_fast_10s,1,47.398275974526975,8.546615130941305,6.992000102996826,6.707000255584717,0.0,0.0,-1.4800000190734863,-0.099163606762886,-0.0076244017109274,-9.620820045471191,0.0041177249513566,-0.0048898425884544,-0.0002386161359027,93.0,16.04199981689453,47.3979704,8.5461637,attack,32.011
1776895487.8437228,2026-04-22T22:04:47.843723,out_back_fast_10s,1,47.39827694347547,8.546616562386978,6.992000102996826,6.707000255584717,0.0,0.0,-1.4800000190734863,-0.099163606762886,-0.0076244017109274,-9.620820045471191,0.0041177249513566,-0.0048898425884544,-0.0002386161359027,93.0,16.04199981689453,47.3979704,8.5461637,attack,32.112
1776895487.9455104,2026-04-22T22:04:47.945510,out_back_fast_10s,1,47.398277915134614,8.546617997837124,6.992000102996826,6.707000255584717,0.0,0.0,-1.4800000190734863,-0.099163606762886,-0.0076244017109274,-9.620820045471191,0.0041177249513566,-0.0048898425884544,-0.0002386161359027,93.0,16.04199981689453,47.3979704,8.5461637,attack,32.214
1776895488.046563,2026-04-22T22:04:48.046563,out_back_fast_10s,1,47.39827887977705,8.546619422921369,6.992000102996826,6.707000255584717,0.0,0.0,-1.4800000190734863,-0.099163606762886,-0.0076244017109274,-9.620820045471191,0.0041177249513566,-0.0048898425884544,-0.0002386161359027,93.0,16.04199981689453,47.3979704,8.5461637,attack,32.315
1776895488.1493554,2026-04-22T22:04:48.149355,out_back_fast_10s,1,47.398279861029245,8.546620872543512,6.992000102996826,6.707000255584717,0.0,0.0,-1.4800000190734863,-0.099163606762886,-0.0076244017109274,-9.620820045471191,0.0041177249513566,-0.0048898425884544,-0.0002386161359027,93.0,16.04199981689453,47.3979704,8.5461637,attack,32.418
1776895488.2523923,2026-04-22T22:04:48.252393,out_back_fast_10s,1,47.39828084461426,8.546622225611989,7.210000514984131,6.924000263214111,0.0,0.0,-1.46999990940094,-0.099163606762886,-0.0076244017109274,-9.620820045471191,0.0041177249513566,-0.0048898425884544,-0.0002386161359027,93.0,16.04199981689453,47.3979704,8.5461636,attack,32.521
1776895488.3534358,2026-04-22T22:04:48.353436,out_back_fast_10s,1,47.39828180917022,8.546623650568469,7.210000514984131,6.924000263214111,0.0,0.0,-1.46999990940094,-0.099163606762886,-0.0076244017109274,-9.620820045471191,0.0041177249513566,-0.0048898425884544,-0.0002386161359027,93.0,16.04199981689453,47.3979704,8.5461636,attack,32.622
1776895488.4577022,2026-04-22T22:04:48.457702,out_back_fast_10s,1,47.39828280449222,8.546625120976206,7.210000514984131,6.924000263214111,0.0,0.0,-1.46999990940094,-0.0956540703773498,0.0026328898966312,-9.711624145507812,0.0061345780268311,-0.0032327331136912,-0.0011146867182105,93.0,16.04199981689453,47.3979704,8.5461636,attack,32.726
1776895488.568045,2026-04-22T22:04:48.568045,out_back_fast_10s,1,47.39828385781863,8.546626677074933,7.210000514984131,6.924000263214111,0.0,0.0,-1.46999990940094,-0.0956540703773498,0.0026328898966312,-9.711624145507812,0.0061345780268311,-0.0032327331136912,-0.0011146867182105,93.0,16.04199981689453,47.3979704,8.5461636,attack,32.837
1776895488.6979733,2026-04-22T22:04:48.697973,out_back_fast_10s,1,47.39828509810831,8.546628509377982,7.430000305175781,7.14400053024292,0.0,0.0,-1.46999990940094,-0.0956540703773498,0.0026328898966312,-9.711624145507812,0.0061345780268311,-0.0032327331136912,-0.0011146867182105,93.0,16.04199981689453,47.3979704,8.5461636,attack,32.967
1776895488.816627,2026-04-22T22:04:48.816627,out_back_fast_10s,1,47.39828623077143,8.546630182682318,7.430000305175781,7.14400053024292,0.0,0.0,-1.46999990940094,-0.0956540703773498,0.0026328898966312,-9.711624145507812,0.0061345780268311,-0.0032327331136912,-0.0011146867182105,93.0,16.04199981689453,47.3979704,8.5461636,attack,33.085
1776895488.9203804,2026-04-22T22:04:48.920380,out_back_fast_10s,1,47.39828722119563,8.546631645854436,7.430000305175781,7.14400053024292,0.0,0.0,-1.46999990940094,-0.0956540703773498,0.0026328898966312,-9.711624145507812,0.0061345780268311,-0.0032327331136912,-0.0011146867182105,93.0,16.04199981689453,47.3979704,8.5461636,attack,33.189
1776895489.0250876,2026-04-22T22:04:49.025088,out_back_fast_10s,1,47.39828822072584,8.546633122479024,7.430000305175781,7.14400053024292,0.0,0.0,-1.46999990940094,-0.0999465808272361,-0.0105567080900073,-9.779419898986816,0.0030043029692023,-0.0042666429653763,-0.001189270755276,93.0,16.04199981689453,47.3979704,8.5461636,attack,33.294
1776895489.1319685,2026-04-22T22:04:49.131968,out_back_fast_10s,1,47.39828924100571,8.54663462975749,7.430000305175781,7.14400053024292,0.0,0.0,-1.46999990940094,-0.0999465808272361,-0.0105567080900073,-9.779419898986816,0.0030043029692023,-0.0042666429653763,-0.001189270755276,93.0,16.04199981689453,47.3979704,8.5461636,attack,33.401
1776895489.2346056,2026-04-22T22:04:49.234606,out_back_fast_10s,1,47.398290220773994,8.546636077187427,7.430000305175781,7.14400053024292,0.0,0.0,-1.46999990940094,-0.0999465808272361,-0.0105567080900073,-9.779419898986816,0.0030043029692023,-0.0042666429653763,-0.001189270755276,93.0,16.04199981689453,47.3979704,8.5461636,attack,33.503
1776895489.3364134,2026-04-22T22:04:49.336413,out_back_fast_10s,1,47.39829119262659,8.546637512923366,7.430000305175781,7.14400053024292,0.0,0.0,-1.46999990940094,-0.0999465808272361,-0.0105567080900073,-9.779419898986816,0.0030043029692023,-0.0042666429653763,-0.001189270755276,93.0,16.04199981689453,47.3979704,8.5461636,attack,33.605
1776895489.4396527,2026-04-22T22:04:49.439653,out_back_fast_10s,1,47.398292178143876,8.546638968846416,7.430000305175781,7.14400053024292,0.0,0.0,-1.46999990940094,-0.0999465808272361,-0.0105567080900073,-9.779419898986816,0.0030043029692023,-0.0042666429653763,-0.001189270755276,93.0,16.04199981689453,47.3979704,8.5461636,attack,33.708
1776895489.56258,2026-04-22T22:04:49.562580,out_back_fast_10s,1,47.39829335160308,8.546640702419566,7.63800048828125,7.3520002365112305,0.0,0.0,-1.4800000190734863,-0.0999465808272361,-0.0105567080900073,-9.779419898986816,0.0030043029692023,-0.0042666429653763,-0.001189270755276,93.0,16.04199981689453,47.3979704,8.5461636,attack,33.831
1776895489.6649926,2026-04-22T22:04:49.664993,out_back_fast_10s,1,47.39829432922744,8.546642146682238,7.63800048828125,7.3520002365112305,0.0,0.0,-1.4800000190734863,-0.0999465808272361,-0.0105567080900073,-9.779419898986816,0.0030043029692023,-0.0042666429653763,-0.001189270755276,93.0,16.04199981689453,47.3979704,8.5461636,attack,33.934
1776895489.7710965,2026-04-22T22:04:49.771096,out_back_fast_10s,1,47.39829534209005,8.546643643003044,7.63800048828125,7.3520002365112305,0.0,0.0,-1.4800000190734863,-0.0929841548204422,-0.0121408328413963,-9.736818313598633,0.0025865554343909,0.0033436382655054,-0.0010164829436689,93.0,16.04199981689453,47.3979704,8.5461636,attack,34.04
1776895489.8726797,2026-04-22T22:04:49.872679,out_back_fast_10s,1,47.39829631179872,8.54664507557172,7.63800048828125,7.3520002365112305,0.0,0.0,-1.4800000190734863,-0.0929841548204422,-0.0121408328413963,-9.736818313598633,0.0025865554343909,0.0033436382655054,-0.0010164829436689,93.0,16.04199981689453,47.3979704,8.5461636,attack,34.141
1776895489.9830823,2026-04-22T22:04:49.983083,out_back_fast_10s,1,47.398297365696386,8.546646632514378,7.63800048828125,7.3520002365112305,0.0,0.0,-1.4800000190734863,-0.0929841548204422,-0.0121408328413963,-9.736818313598633,0.0025865554343909,0.0033436382655054,-0.0010164829436689,93.0,16.04199981689453,47.3979704,8.5461636,attack,34.252
1776895490.0864308,2026-04-22T22:04:50.086431,out_back_fast_10s,1,47.39829835225605,8.54664808997735,7.63800048828125,7.3520002365112305,0.0,0.0,-1.4800000190734863,-0.0929841548204422,-0.0121408328413963,-9.736818313598633,0.0025865554343909,0.0033436382655054,-0.0010164829436689,93.0,16.04199981689453,47.3979704,8.5461636,attack,34.355
1776895490.189631,2026-04-22T22:04:50.189631,out_back_fast_10s,1,47.39829933740008,8.546649545348986,7.63800048828125,7.3520002365112305,0.0,0.0,-1.4800000190734863,-0.0929841548204422,-0.0121408328413963,-9.736818313598633,0.0025865554343909,0.0033436382655054,-0.0010164829436689,93.0,16.04199981689453,47.3979704,8.5461636,attack,34.458
1776895490.300131,2026-04-22T22:04:50.300131,out_back_fast_10s,1,47.398300392228606,8.546651103666814,7.838000297546387,7.553000450134277,0.0,0.0,-1.4900000095367432,-0.0929841548204422,-0.0121408328413963,-9.736818313598633,0.0025865554343909,0.0033436382655054,-0.0010164829436689,93.0,16.04199981689453,47.3979704,8.5461636,attack,34.569
1776895490.428053,2026-04-22T22:04:50.428053,out_back_fast_10s,1,47.39830161336404,8.546652907672941,7.838000297546387,7.553000450134277,0.0,0.0,-1.4900000095367432,-0.0929841548204422,-0.0121408328413963,-9.736818313598633,0.0025865554343909,0.0033436382655054,-0.0010164829436689,93.0,16.04199981689453,47.3979704,8.5461636,attack,34.697
1776895490.5385573,2026-04-22T22:04:50.538557,out_back_fast_10s,1,47.39830266823353,8.54665446605129,7.838000297546387,7.553000450134277,0.0,0.0,-1.4900000095367432,-0.0929841548204422,-0.0121408328413963,-9.736818313598633,0.0025865554343909,0.0033436382655054,-0.0010164829436689,93.0,16.04199981689453,47.3979704,8.5461636,attack,34.807
1776895490.6445286,2026-04-22T22:04:50.644529,out_back_fast_10s,1,47.398303679830725,8.54665596050267,7.838000297546387,7.553000450134277,0.0,0.0,-1.4900000095367432,-0.0929841548204422,-0.0121408328413963,-9.736818313598633,0.0025865554343909,0.0033436382655054,-0.0010164829436689,93.0,16.04199981689453,47.3979704,8.5461636,attack,34.913
1776895490.7475672,2026-04-22T22:04:50.747567,out_back_fast_10s,1,47.39830466343168,8.546657413594684,7.838000297546387,7.553000450134277,0.0,0.0,-1.4900000095367432,-0.1006628721952438,-0.0080065056681633,-9.71994400024414,0.0016210040776059,0.0040426440536975,-0.0009862054139375,93.0,16.04199981689453,47.3979704,8.5461636,attack,35.016
1776895490.858444,2026-04-22T22:04:50.858444,out_back_fast_10s,1,47.398305721856175,8.54665897722491,7.838000297546387,7.553000450134277,0.0,0.0,-1.4900000095367432,-0.1006628721952438,-0.0080065056681633,-9.71994400024414,0.0016210040776059,0.0040426440536975,-0.0009862054139375,93.0,16.04199981689453,47.3979704,8.5461636,attack,35.127
1776895490.9688623,2026-04-22T22:04:50.968863,out_back_fast_10s,1,47.398306775904054,8.546660534389478,7.838000297546387,7.553000450134277,0.0,0.0,-1.4900000095367432,-0.1006628721952438,-0.0080065056681633,-9.71994400024414,0.0016210040776059,0.0040426440536975,-0.0009862054139375,93.0,16.04199981689453,47.3979704,8.5461636,attack,35.238
1776895491.0705695,2026-04-22T22:04:51.070570,out_back_fast_10s,1,47.398307746796206,8.546662068706535,8.057000160217285,7.772000312805176,0.0,0.0,-1.4900000095367432,-0.1006628721952438,-0.0080065056681633,-9.71994400024414,0.0016210040776059,0.0040426440536975,-0.0009862054139375,93.0,16.04199981689453,47.3979704,8.5461637,attack,35.339
1776895491.1723957,2026-04-22T22:04:51.172396,out_back_fast_10s,1,47.39830871882405,8.54666350470137,8.057000160217285,7.772000312805176,0.0,0.0,-1.4900000095367432,-0.1006628721952438,-0.0080065056681633,-9.71994400024414,0.0016210040776059,0.0040426440536975,-0.0009862054139375,93.0,16.04199981689453,47.3979704,8.5461637,attack,35.441
1776895491.275266,2026-04-22T22:04:51.275266,out_back_fast_10s,1,47.39830970081819,8.546664955419615,8.057000160217285,7.772000312805176,0.0,0.0,-1.4900000095367432,-0.1006628721952438,-0.0080065056681633,-9.71994400024414,0.0016210040776059,0.0040426440536975,-0.0009862054139375,93.0,16.04199981689453,47.3979704,8.5461637,attack,35.544
1776895491.377454,2026-04-22T22:04:51.377454,out_back_fast_10s,1,47.398310676300895,8.546666396518384,8.057000160217285,7.772000312805176,0.0,0.0,-1.4900000095367432,-0.1006628721952438,-0.0080065056681633,-9.71994400024414,0.0016210040776059,0.0040426440536975,-0.0009862054139375,93.0,16.04199981689453,47.3979704,8.5461637,attack,35.646
1776895491.4808922,2026-04-22T22:04:51.480892,out_back_fast_10s,1,47.398311663716306,8.546667855245573,8.057000160217285,7.772000312805176,0.0,0.0,-1.4900000095367432,-0.097001627087593,-0.0092569217085838,-9.740690231323242,0.0023557036183774,0.0054711252450942,-0.0023019907530397,93.0,16.04199981689453,47.3979704,8.5461637,attack,35.75
1776895491.583256,2026-04-22T22:04:51.583256,out_back_fast_10s,1,47.39831264087638,8.546669298822342,8.057000160217285,7.772000312805176,0.0,0.0,-1.4900000095367432,-0.097001627087593,-0.0092569217085838,-9.740690231323242,0.0023557036183774,0.0054711252450942,-0.0023019907530397,93.0,16.04199981689453,47.3979704,8.5461637,attack,35.852
1776895491.6843448,2026-04-22T22:04:51.684345,out_back_fast_10s,1,47.39831360586476,8.546670724417654,8.057000160217285,7.772000312805176,0.0,0.0,-1.4900000095367432,-0.097001627087593,-0.0092569217085838,-9.740690231323242,0.0023557036183774,0.0054711252450942,-0.0023019907530397,93.0,16.04199981689453,47.3979704,8.5461637,attack,35.953
1776895491.7874472,2026-04-22T22:04:51.787447,out_back_fast_10s,1,47.39831459007566,8.546672178410756,8.256999969482422,7.972000598907471,0.0,0.0,-1.4800000190734863,-0.097001627087593,-0.0092569217085838,-9.740690231323242,0.0023557036183774,0.0054711252450942,-0.0023019907530397,93.0,16.04199981689453,47.3979704,8.5461637,attack,36.056
1776895491.8916702,2026-04-22T22:04:51.891670,out_back_fast_10s,1,47.39831558498344,8.54667364820656,8.256999969482422,7.972000598907471,0.0,0.0,-1.4800000190734863,-0.097001627087593,-0.0092569217085838,-9.740690231323242,0.0023557036183774,0.0054711252450942,-0.0023019907530397,93.0,16.04199981689453,47.3979704,8.5461637,attack,36.16
1776895491.9985628,2026-04-22T22:04:51.998563,out_back_fast_10s,1,47.39831660537484,8.546675155649778,8.256999969482422,7.972000598907471,0.0,0.0,-1.4800000190734863,-0.097001627087593,-0.0092569217085838,-9.740690231323242,0.0023557036183774,0.0054711252450942,-0.0023019907530397,93.0,16.04199981689453,47.3979704,8.5461637,attack,36.267
1776895492.1081853,2026-04-22T22:04:52.108185,out_back_fast_10s,1,47.39831765182566,8.546676701591066,8.256999969482422,7.972000598907471,0.0,0.0,-1.4800000190734863,-0.097001627087593,-0.0092569217085838,-9.740690231323242,0.0023557036183774,0.0054711252450942,-0.0023019907530397,93.0,16.04199981689453,47.3979704,8.5461637,attack,36.377
1776895492.21197,2026-04-22T22:04:52.211970,out_back_fast_10s,1,47.39831864255028,8.546678165207005,8.256999969482422,7.972000598907471,0.0,0.0,-1.4800000190734863,-0.1000280380249023,-0.0070885382592678,-9.761274337768556,-0.001479614758864,0.0049452418461441,-0.001053781248629,93.0,16.04199981689453,47.3979704,8.5461637,attack,36.481
1776895492.3146243,2026-04-22T22:04:52.314624,out_back_fast_10s,1,47.398319622482425,8.546679612879027,8.256999969482422,7.972000598907471,0.0,0.0,-1.4800000190734863,-0.1000280380249023,-0.0070885382592678,-9.761274337768556,-0.001479614758864,0.0049452418461441,-0.001053781248629,93.0,16.04199981689453,47.3979704,8.5461637,attack,36.583
1776895492.419615,2026-04-22T22:04:52.419615,out_back_fast_10s,1,47.398320624718714,8.546681093501363,8.256999969482422,7.972000598907471,0.0,0.0,-1.4800000190734863,-0.1000280380249023,-0.0070885382592678,-9.761274337768556,-0.001479614758864,0.0049452418461441,-0.001053781248629,93.0,16.04199981689453,47.3979704,8.5461637,attack,36.688
1776895492.5241337,2026-04-22T22:04:52.524134,out_back_fast_10s,1,47.398321622448655,8.546682567466389,8.256999969482422,7.972000598907471,0.0,0.0,-1.4800000190734863,-0.1000280380249023,-0.0070885382592678,-9.761274337768556,-0.001479614758864,0.0049452418461441,-0.001053781248629,93.0,16.04199981689453,47.3979704,8.5461637,attack,36.793
1776895492.6314106,2026-04-22T22:04:52.631411,out_back_fast_10s,1,47.39832264650885,8.546684080329596,8.471000671386719,8.18600082397461,0.0,0.0,-1.4800000190734863,-0.1000280380249023,-0.0070885382592678,-9.761274337768556,-0.001479614758864,0.0049452418461441,-0.001053781248629,93.0,16.04199981689453,47.3979704,8.5461637,attack,36.9
1776895492.7325506,2026-04-22T22:04:52.732551,out_back_fast_10s,1,47.398323611986555,8.546685506647798,8.471000671386719,8.18600082397461,0.0,0.0,-1.4800000190734863,-0.1000280380249023,-0.0070885382592678,-9.761274337768556,-0.001479614758864,0.0049452418461441,-0.001053781248629,93.0,16.04199981689453,47.3979704,8.5461637,attack,37.001
1776895492.8341243,2026-04-22T22:04:52.834124,out_back_fast_10s,1,47.398324581604186,8.546686939081981,8.471000671386719,8.18600082397461,0.0,0.0,-1.4800000190734863,-0.0882516205310821,-0.0018615648150444,-9.795465469360352,-0.0019448663806542,0.0042515215463936,9.044830221682789e-06,93.0,16.04199981689453,47.3979704,8.5461637,attack,37.103
1776895492.9381108,2026-04-22T22:04:52.938111,out_back_fast_10s,1,47.398325574254244,8.546688405542406,8.471000671386719,8.18600082397461,0.0,0.0,-1.4800000190734863,-0.0882516205310821,-0.0018615648150444,-9.795465469360352,-0.0019448663806542,0.0042515215463936,9.044830221682789e-06,93.0,16.04199981689453,47.3979704,8.5461637,attack,37.207
1776895493.0463774,2026-04-22T22:04:53.046377,out_back_fast_10s,1,47.39832660776184,8.546689932362426,8.471000671386719,8.18600082397461,0.0,0.0,-1.4800000190734863,-0.0882516205310821,-0.0018615648150444,-9.795465469360352,-0.0019448663806542,0.0042515215463936,9.044830221682789e-06,93.0,16.04199981689453,47.3979704,8.5461637,attack,37.315
1776895493.1536627,2026-04-22T22:04:53.153663,out_back_fast_10s,1,47.398327631901694,8.546691445343313,8.471000671386719,8.18600082397461,0.0,0.0,-1.4800000190734863,-0.0882516205310821,-0.0018615648150444,-9.795465469360352,-0.0019448663806542,0.0042515215463936,9.044830221682789e-06,93.0,16.04199981689453,47.3979704,8.5461637,attack,37.422
1776895493.260653,2026-04-22T22:04:53.260653,out_back_fast_10s,1,47.39832865322622,8.546692954165065,8.471000671386719,8.18600082397461,0.0,0.0,-1.4800000190734863,-0.0882516205310821,-0.0018615648150444,-9.795465469360352,-0.0019448663806542,0.0042515215463936,9.044830221682789e-06,93.0,16.04199981689453,47.3979704,8.5461637,attack,37.529
1776895493.365695,2026-04-22T22:04:53.365695,out_back_fast_10s,1,47.398329655951834,8.54669443551029,8.471000671386719,8.18600082397461,0.0,0.0,-1.4800000190734863,-0.0882516205310821,-0.0018615648150444,-9.795465469360352,-0.0019448663806542,0.0042515215463936,9.044830221682789e-06,93.0,16.04199981689453,47.3979704,8.5461637,attack,37.634
1776895493.4713316,2026-04-22T22:04:53.471332,out_back_fast_10s,1,47.39833076435362,8.546696025242046,8.672000885009766,8.386000633239746,0.0,0.0,-1.4800000190734863,-0.0882516205310821,-0.0018615648150444,-9.795465469360352,-0.0019448663806542,0.0042515215463936,9.044830221682789e-06,93.0,16.04199981689453,47.3979705,8.5461638,attack,37.74
1776895493.576444,2026-04-22T22:04:53.576444,out_back_fast_10s,1,47.398331767750626,8.546697507579145,8.672000885009766,8.386000633239746,0.0,0.0,-1.4800000190734863,-0.0882516205310821,-0.0018615648150444,-9.795465469360352,-0.0019448663806542,0.0042515215463936,9.044830221682789e-06,93.0,16.04199981689453,47.3979705,8.5461638,attack,37.845
1776895493.6953826,2026-04-22T22:04:53.695383,out_back_fast_10s,1,47.39833290313349,8.546699184901405,8.672000885009766,8.386000633239746,0.0,0.0,-1.4800000190734863,-0.0882516205310821,-0.0018615648150444,-9.795465469360352,-0.0019448663806542,0.0042515215463936,9.044830221682789e-06,93.0,16.04199981689453,47.3979705,8.5461638,attack,37.964
1776895493.7981465,2026-04-22T22:04:53.798146,out_back_fast_10s,1,47.398333884112574,8.546700634120077,8.672000885009766,8.386000633239746,0.0,0.0,-1.4800000190734863,-0.091187372803688,-0.0048690345138311,-9.745126724243164,0.0013199228560552,0.0062888129614293,-0.0001095698680728,93.0,16.04199981689453,47.3979705,8.5461638,attack,38.067
1776895493.901676,2026-04-22T22:04:53.901676,out_back_fast_10s,1,47.39833487239967,8.54670209413502,8.672000885009766,8.386000633239746,0.0,0.0,-1.4800000190734863,-0.091187372803688,-0.0048690345138311,-9.745126724243164,0.0013199228560552,0.0062888129614293,-0.0001095698680728,93.0,16.04199981689453,47.3979705,8.5461638,attack,38.17
1776895494.0025473,2026-04-22T22:04:54.002547,out_back_fast_10s,1,47.3983358353124,8.546703516663937,8.672000885009766,8.386000633239746,0.0,0.0,-1.4800000190734863,-0.091187372803688,-0.0048690345138311,-9.745126724243164,0.0013199228560552,0.0062888129614293,-0.0001095698680728,93.0,16.04199981689453,47.3979705,8.5461638,attack,38.271
1776895494.1074674,2026-04-22T22:04:54.107467,out_back_fast_10s,1,47.39833683687501,8.546704996291043,8.672000885009766,8.386000633239746,0.0,0.0,-1.4800000190734863,-0.091187372803688,-0.0048690345138311,-9.745126724243164,0.0013199228560552,0.0062888129614293,-0.0001095698680728,93.0,16.04199981689453,47.3979705,8.5461638,attack,38.376
1776895494.2184691,2026-04-22T22:04:54.218469,out_back_fast_10s,1,47.398337896492095,8.546706561683104,8.881999969482422,8.597000122070312,0.0,0.0,-1.4800000190734863,-0.091187372803688,-0.0048690345138311,-9.745126724243164,0.0013199228560552,0.0062888129614293,-0.0001095698680728,93.0,16.04199981689453,47.3979705,8.5461638,attack,38.487
1776895494.321526,2026-04-22T22:04:54.321526,out_back_fast_10s,1,47.3983388802683,8.546708015034016,8.881999969482422,8.597000122070312,0.0,0.0,-1.4800000190734863,-0.091187372803688,-0.0048690345138311,-9.745126724243164,0.0013199228560552,0.0062888129614293,-0.0001095698680728,93.0,16.04199981689453,47.3979705,8.5461638,attack,38.59
1776895494.4311795,2026-04-22T22:04:54.431180,out_back_fast_10s,1,47.39833992701499,8.546709561412403,8.881999969482422,8.597000122070312,0.0,0.0,-1.4800000190734863,-0.091187372803688,-0.0048690345138311,-9.745126724243164,0.0013199228560552,0.0062888129614293,-0.0001095698680728,93.0,16.04199981689453,47.3979705,8.5461638,attack,38.7
1776895494.5331557,2026-04-22T22:04:54.533156,out_back_fast_10s,1,47.39834090047439,8.54671099952211,8.881999969482422,8.597000122070312,0.0,0.0,-1.4800000190734863,-0.091187372803688,-0.0048690345138311,-9.745126724243164,0.0013199228560552,0.0062888129614293,-0.0001095698680728,93.0,16.04199981689453,47.3979705,8.5461638,attack,38.802
1776895494.636186,2026-04-22T22:04:54.636186,out_back_fast_10s,1,47.39834188399568,8.546712452496447,8.881999969482422,8.597000122070312,0.0,0.0,-1.4800000190734863,-0.098210409283638,-0.0087647084146738,-9.797842979431152,0.0030158611480146,-0.0001155605932581,-0.0003429680073168,93.0,16.04199981689453,47.3979705,8.5461638,attack,38.905
1776895494.7391868,2026-04-22T22:04:54.739187,out_back_fast_10s,1,47.398342867237034,8.54671390505722,8.881999969482422,8.597000122070312,0.0,0.0,-1.4800000190734863,-0.098210409283638,-0.0087647084146738,-9.797842979431152,0.0030158611480146,-0.0001155605932581,-0.0003429680073168,93.0,16.04199981689453,47.3979705,8.5461638,attack,39.008
1776895494.844603,2026-04-22T22:04:54.844603,out_back_fast_10s,1,47.39834387353586,8.546715391681223,8.881999969482422,8.597000122070312,0.0,0.0,-1.4800000190734863,-0.098210409283638,-0.0087647084146738,-9.797842979431152,0.0030158611480146,-0.0001155605932581,-0.0003429680073168,93.0,16.04199981689453,47.3979705,8.5461638,attack,39.113
1776895494.946751,2026-04-22T22:04:54.946751,out_back_fast_10s,1,47.39834484863621,8.546716832215134,8.881999969482422,8.597000122070312,0.0,0.0,-1.4800000190734863,-0.098210409283638,-0.0087647084146738,-9.797842979431152,0.0030158611480146,-0.0001155605932581,-0.0003429680073168,93.0,16.04199981689453,47.3979705,8.5461638,attack,39.215
1776895495.0496457,2026-04-22T22:04:55.049646,out_back_fast_10s,1,47.398345830862496,8.546718283276334,9.075000762939451,8.789999961853027,0.0,0.0,-1.4800000190734863,-0.098210409283638,-0.0087647084146738,-9.797842979431152,0.0030158611480146,-0.0001155605932581,-0.0003429680073168,93.0,16.04199981689453,47.3979705,8.5461638,attack,39.318
1776895495.156842,2026-04-22T22:04:55.156842,out_back_fast_10s,1,47.39834685415343,8.546719795003096,9.075000762939451,8.789999961853027,0.0,0.0,-1.4800000190734863,-0.098210409283638,-0.0087647084146738,-9.797842979431152,0.0030158611480146,-0.0001155605932581,-0.0003429680073168,93.0,16.04199981689453,47.3979705,8.5461638,attack,39.426
1776895495.259375,2026-04-22T22:04:55.259375,out_back_fast_10s,1,47.39834783292941,8.546721240967084,9.075000762939451,8.789999961853027,0.0,0.0,-1.4800000190734863,-0.098210409283638,-0.0087647084146738,-9.797842979431152,0.0030158611480146,-0.0001155605932581,-0.0003429680073168,93.0,16.04199981689453,47.3979705,8.5461638,attack,39.528
1776895495.3623128,2026-04-22T22:04:55.362313,out_back_fast_10s,1,47.398348815567644,8.546722692636855,9.075000762939451,8.789999961853027,0.0,0.0,-1.4800000190734863,-0.0947809964418411,-0.0059388121590018,-9.793269157409668,0.001303122844547,-0.0023844784591346,-0.00090337585425,93.0,16.04199981689453,47.3979705,8.5461638,attack,39.631
1776895495.5533686,2026-04-22T22:04:55.553369,out_back_fast_10s,1,47.39835063937672,8.546725386983992,9.075000762939451,8.789999961853027,0.0,0.0,-1.4800000190734863,-0.0947809964418411,-0.0059388121590018,-9.793269157409668,0.001303122844547,-0.0023844784591346,-0.00090337585425,93.0,16.04199981689453,47.3979705,8.5461638,attack,39.822
1776895495.6554706,2026-04-22T22:04:55.655471,out_back_fast_10s,1,47.398351614037814,8.546726826868984,9.075000762939451,8.789999961853027,0.0,0.0,-1.4800000190734863,-0.0947809964418411,-0.0059388121590018,-9.793269157409668,0.001303122844547,-0.0023844784591346,-0.00090337585425,93.0,16.04199981689453,47.3979705,8.5461638,attack,39.924
1776895495.7564795,2026-04-22T22:04:55.756480,out_back_fast_10s,1,47.39835257826376,8.546728251337935,9.075000762939451,8.789999961853027,0.0,0.0,-1.4800000190734863,-0.0947809964418411,-0.0059388121590018,-9.793269157409668,0.001303122844547,-0.0023844784591346,-0.00090337585425,93.0,16.04199981689453,47.3979705,8.5461638,attack,40.025
1776895495.8633316,2026-04-22T22:04:55.863332,out_back_fast_10s,1,47.398353598268244,8.546729758209569,9.309000015258787,9.02400016784668,0.0,0.0,-1.4900000095367432,-0.0947809964418411,-0.0059388121590018,-9.793269157409668,0.001303122844547,-0.0023844784591346,-0.00090337585425,93.0,16.04199981689453,47.3979705,8.5461638,attack,40.132
1776895495.9679625,2026-04-22T22:04:55.967962,out_back_fast_10s,1,47.39835459707015,8.546731233758232,9.309000015258787,9.02400016784668,0.0,0.0,-1.4900000095367432,-0.0947809964418411,-0.0059388121590018,-9.793269157409668,0.001303122844547,-0.0023844784591346,-0.00090337585425,93.0,16.04199981689453,47.3979705,8.5461638,attack,40.237
1776895496.0704367,2026-04-22T22:04:56.070437,out_back_fast_10s,1,47.39835557528397,8.546732678891736,9.309000015258787,9.02400016784668,0.0,0.0,-1.4900000095367432,-0.0947809964418411,-0.0059388121590018,-9.793269157409668,0.001303122844547,-0.0023844784591346,-0.00090337585425,93.0,16.04199981689453,47.3979705,8.5461638,attack,40.339
1776895496.1729572,2026-04-22T22:04:56.172957,out_back_fast_10s,1,47.39835655393932,8.546734124677524,9.309000015258787,9.02400016784668,0.0,0.0,-1.4900000095367432,-0.0947809964418411,-0.0059388121590018,-9.793269157409668,0.001303122844547,-0.0023844784591346,-0.00090337585425,93.0,16.04199981689453,47.3979705,8.5461638,attack,40.442
1776895496.2765718,2026-04-22T22:04:56.276572,out_back_fast_10s,1,47.398357543038934,8.5467355858928,9.309000015258787,9.02400016784668,0.0,0.0,-1.4900000095367432,-0.0947809964418411,-0.0059388121590018,-9.793269157409668,0.001303122844547,-0.0023844784591346,-0.00090337585425,93.0,16.04199981689453,47.3979705,8.5461638,attack,40.545
1776895496.3810542,2026-04-22T22:04:56.381054,out_back_fast_10s,1,47.398358540422926,8.546737059346762,9.309000015258787,9.02400016784668,0.0,0.0,-1.4900000095367432,-0.0971528217196464,-0.0043677361682057,-9.808652877807615,0.001601829775609,-0.0049907993525266,0.0009375814115628,93.0,16.04199981689453,47.3979705,8.5461638,attack,40.65
1776895496.4834564,2026-04-22T22:04:56.483456,out_back_fast_10s,1,47.398359517949416,8.54673850346486,9.309000015258787,9.02400016784668,0.0,0.0,-1.4900000095367432,-0.0971528217196464,-0.0043677361682057,-9.808652877807615,0.001601829775609,-0.0049907993525266,0.0009375814115628,93.0,16.04199981689453,47.3979705,8.5461638,attack,40.752
1776895496.595323,2026-04-22T22:04:56.595323,out_back_fast_10s,1,47.39836058582359,8.546740081055265,9.51200008392334,9.226000785827637,0.0,0.0,-1.4900000095367432,-0.0971528217196464,-0.0043677361682057,-9.808652877807615,0.001601829775609,-0.0049907993525266,0.0009375814115628,93.0,16.04199981689453,47.3979705,8.5461638,attack,40.864
1776895496.697066,2026-04-22T22:04:56.697066,out_back_fast_10s,1,47.39836155705712,8.546741515876667,9.51200008392334,9.226000785827637,0.0,0.0,-1.4900000095367432,-0.0971528217196464,-0.0043677361682057,-9.808652877807615,0.001601829775609,-0.0049907993525266,0.0009375814115628,93.0,16.04199981689453,47.3979705,8.5461638,attack,40.966
1776895496.8126788,2026-04-22T22:04:56.812679,out_back_fast_10s,1,47.39836266069074,8.546743146295166,9.51200008392334,9.226000785827637,0.0,0.0,-1.4900000095367432,-0.0971528217196464,-0.0043677361682057,-9.808652877807615,0.001601829775609,-0.0049907993525266,0.0009375814115628,93.0,16.04199981689453,47.3979705,8.5461638,attack,41.081
1776895496.9173577,2026-04-22T22:04:56.917358,out_back_fast_10s,1,47.3983636599501,8.546744622519645,9.51200008392334,9.226000785827637,0.0,0.0,-1.4900000095367432,-0.1041467040777206,0.0021275850012898,-9.81805419921875,-0.0025404125917702,-0.0057320618070662,0.0007840887410566,93.0,16.04199981689453,47.3979705,8.5461638,attack,41.186
1776895497.019683,2026-04-22T22:04:57.019683,out_back_fast_10s,1,47.39836463674147,8.546746065551726,9.51200008392334,9.226000785827637,0.0,0.0,-1.4900000095367432,-0.1041467040777206,0.0021275850012898,-9.81805419921875,-0.0025404125917702,-0.0057320618070662,0.0007840887410566,93.0,16.04199981689453,47.3979705,8.5461638,attack,41.288
1776895497.121257,2026-04-22T22:04:57.121257,out_back_fast_10s,1,47.39836560636365,8.546747397992636,9.712000846862791,9.426000595092772,0.0,0.0,-1.4900000095367432,-0.1041467040777206,0.0021275850012898,-9.81805419921875,-0.0025404125917702,-0.0057320618070662,0.0007840887410566,93.0,16.04199981689453,47.3979705,8.5461637,attack,41.39
1776895497.226713,2026-04-22T22:04:57.226713,out_back_fast_10s,1,47.398366613040274,8.546748885174777,9.712000846862791,9.426000595092772,0.0,0.0,-1.4900000095367432,-0.1041467040777206,0.0021275850012898,-9.81805419921875,-0.0025404125917702,-0.0057320618070662,0.0007840887410566,93.0,16.04199981689453,47.3979705,8.5461637,attack,41.495
1776895497.3301165,2026-04-22T22:04:57.330117,out_back_fast_10s,1,47.39836760012568,8.546750343414438,9.712000846862791,9.426000595092772,0.0,0.0,-1.4900000095367432,-0.0859951823949813,-0.0085764313116669,-9.449841499328612,-0.003379852278158,-0.0044938074424862,-0.0014522556448355,93.0,16.04199981689453,47.3979705,8.5461637,attack,41.599
1776895497.5006936,2026-04-22T22:04:57.500694,out_back_fast_10s,1,47.39836922844585,8.546752748962163,9.712000846862791,9.426000595092772,0.0,0.0,-1.4900000095367432,-0.0859951823949813,-0.0085764313116669,-9.449841499328612,-0.003379852278158,-0.0044938074424862,-0.0014522556448355,93.0,16.04199981689453,47.3979705,8.5461637,attack,41.769
1776895497.60171,2026-04-22T22:04:57.601710,out_back_fast_10s,1,47.39837019274462,8.546754173538707,9.712000846862791,9.426000595092772,0.0,0.0,-1.4900000095367432,-0.0859951823949813,-0.0085764313116669,-9.449841499328612,-0.003379852278158,-0.0044938074424862,-0.0014522556448355,93.0,16.04199981689453,47.3979705,8.5461637,attack,41.87
1776895497.7050214,2026-04-22T22:04:57.705021,out_back_fast_10s,1,47.39837117894924,8.546755630477167,9.9350004196167,9.65000057220459,0.0,0.0,-1.4399999380111694,-0.0859951823949813,-0.0085764313116669,-9.449841499328612,-0.003379852278158,-0.0044938074424862,-0.0014522556448355,93.0,16.04199981689453,47.3979705,8.5461637,attack,41.974
1776895497.8084333,2026-04-22T22:04:57.808433,out_back_fast_10s,1,47.39837216611431,8.546757088834507,9.9350004196167,9.65000057220459,0.0,0.0,-1.4399999380111694,-0.0859951823949813,-0.0085764313116669,-9.449841499328612,-0.003379852278158,-0.0044938074424862,-0.0014522556448355,93.0,16.04199981689453,47.3979705,8.5461637,attack,42.077
1776895497.9113195,2026-04-22T22:04:57.911320,out_back_fast_10s,1,47.39837314826094,8.546758539778027,9.9350004196167,9.65000057220459,0.0,0.0,-1.4399999380111694,-0.0979586914181709,-0.0056339586153626,-9.21911334991455,-0.0027162181213498,-0.002033825032413,-0.0004035603196825,93.0,16.04199981689453,47.3979705,8.5461637,attack,42.18
1776895498.012886,2026-04-22T22:04:58.012886,out_back_fast_10s,1,47.398374117810285,8.546759972111344,9.9350004196167,9.65000057220459,0.0,0.0,-1.4399999380111694,-0.0979586914181709,-0.0056339586153626,-9.21911334991455,-0.0027162181213498,-0.002033825032413,-0.0004035603196825,93.0,16.04199981689453,47.3979705,8.5461637,attack,42.282
1776895498.1172798,2026-04-22T22:04:58.117280,out_back_fast_10s,1,47.39837511434764,8.54676144431454,9.9350004196167,9.65000057220459,0.0,0.0,-1.4399999380111694,-0.0979586914181709,-0.0056339586153626,-9.21911334991455,-0.0027162181213498,-0.002033825032413,-0.0004035603196825,93.0,16.04199981689453,47.3979705,8.5461637,attack,42.386
1776895498.218747,2026-04-22T22:04:58.218747,out_back_fast_10s,1,47.39837608294793,8.54676287524579,10.125000953674316,9.839000701904297,0.0,0.0,-1.3700000047683716,-0.0979586914181709,-0.0056339586153626,-9.21911334991455,-0.0027162181213498,-0.002033825032413,-0.0004035603196825,93.0,16.04199981689453,47.3979705,8.5461637,attack,42.487
1776895498.397197,2026-04-22T22:04:58.397197,out_back_fast_10s,1,47.39837778642392,8.546765391822623,10.125000953674316,9.839000701904297,0.0,0.0,-1.3700000047683716,-0.0979586914181709,-0.0056339586153626,-9.21911334991455,-0.0027162181213498,-0.002033825032413,-0.0004035603196825,93.0,16.04199981689453,47.3979705,8.5461637,attack,42.666
1776895498.5043435,2026-04-22T22:04:58.504344,out_back_fast_10s,1,47.39837880923918,8.546766902846668,10.125000953674316,9.839000701904297,0.0,0.0,-1.3700000047683716,-0.0948924049735069,-0.0051439413800835,-9.272482872009276,-0.0014664694899693,-0.0012905104085803,0.0003513321280479,93.0,16.04199981689453,47.3979705,8.5461637,attack,42.773
1776895498.605346,2026-04-22T22:04:58.605346,out_back_fast_10s,1,47.39837977340368,8.546768327224838,10.125000953674316,9.839000701904297,0.0,0.0,-1.3700000047683716,-0.0948924049735069,-0.0051439413800835,-9.272482872009276,-0.0014664694899693,-0.0012905104085803,0.0003513321280479,93.0,16.04199981689453,47.3979705,8.5461637,attack,42.874
1776895498.7083194,2026-04-22T22:04:58.708319,out_back_fast_10s,1,47.398380756383304,8.546769779398952,10.271000862121582,9.986000061035156,0.0,0.0,-1.319999933242798,-0.0948924049735069,-0.0051439413800835,-9.272482872009276,-0.0014664694899693,-0.0012905104085803,0.0003513321280479,93.0,16.04199981689453,47.3979705,8.5461637,attack,42.977
1776895498.81072,2026-04-22T22:04:58.810720,out_back_fast_10s,1,47.398381733893864,8.546771223493513,10.271000862121582,9.986000061035156,0.0,0.0,-1.319999933242798,-0.0948924049735069,-0.0051439413800835,-9.272482872009276,-0.0014664694899693,-0.0012905104085803,0.0003513321280479,93.0,16.04199981689453,47.3979705,8.5461637,attack,43.079
1776895498.9150598,2026-04-22T22:04:58.915060,out_back_fast_10s,1,47.398382729916854,8.546772694936836,10.271000862121582,9.986000061035156,0.0,0.0,-1.319999933242798,-0.0915441364049911,-0.0085744960233569,-9.350348472595217,-0.0020575399976223,-0.0029193595983088,0.0009262132225558,93.0,16.04199981689453,47.3979705,8.5461637,attack,43.184
1776895499.0166285,2026-04-22T22:04:59.016628,out_back_fast_10s,1,47.398383699486686,8.546774127300413,10.271000862121582,9.986000061035156,0.0,0.0,-1.319999933242798,-0.0915441364049911,-0.0085744960233569,-9.350348472595217,-0.0020575399976223,-0.0029193595983088,0.0009262132225558,93.0,16.04199981689453,47.3979705,8.5461637,attack,43.285
1776895499.1205063,2026-04-22T22:04:59.120507,out_back_fast_10s,1,47.39838469109892,8.546775592227643,10.479000091552734,10.194000244140623,0.0,0.0,-1.2300000190734863,-0.0915441364049911,-0.0085744960233569,-9.350348472595217,-0.0020575399976223,-0.0029193595983088,0.0009262132225558,93.0,16.04199981689453,47.3979705,8.5461637,attack,43.389
1776895499.2223892,2026-04-22T22:04:59.222389,out_back_fast_10s,1,47.39838566366843,8.546777029022701,10.479000091552734,10.194000244140623,0.0,0.0,-1.2300000190734863,-0.0915441364049911,-0.0085744960233569,-9.350348472595217,-0.0020575399976223,-0.0029193595983088,0.0009262132225558,93.0,16.04199981689453,47.3979705,8.5461637,attack,43.491
1776895499.3245096,2026-04-22T22:04:59.324510,out_back_fast_10s,1,47.39838663850477,8.546778469166588,10.479000091552734,10.194000244140623,0.0,0.0,-1.2300000190734863,-0.0862876027822494,-0.004472373984754,-8.543038368225098,-0.0013111735461279,-0.0023918829392641,0.0004030291456729,93.0,16.04199981689453,47.3979705,8.5461637,attack,43.593
1776895499.4298902,2026-04-22T22:04:59.429890,out_back_fast_10s,1,47.398387644462204,8.54677995528625,10.479000091552734,10.194000244140623,0.0,0.0,-1.2300000190734863,-0.0862876027822494,-0.004472373984754,-8.543038368225098,-0.0013111735461279,-0.0023918829392641,0.0004030291456729,93.0,16.04199981689453,47.3979705,8.5461637,attack,43.699
1776895499.5790174,2026-04-22T22:04:59.579017,out_back_fast_10s,1,47.39838906802359,8.546781958340011,10.635000228881836,10.350000381469728,0.0,0.0,-1.090000033378601,-0.0862876027822494,-0.004472373984754,-8.543038368225098,-0.0013111735461279,-0.0023918829392641,0.0004030291456729,93.0,16.04199981689453,47.3979705,8.5461636,attack,43.848
1776895499.685006,2026-04-22T22:04:59.685006,out_back_fast_10s,1,47.398390079784654,8.546783453033477,10.635000228881836,10.350000381469728,0.0,0.0,-1.090000033378601,-0.0862876027822494,-0.004472373984754,-8.543038368225098,-0.0013111735461279,-0.0023918829392641,0.0004030291456729,93.0,16.04199981689453,47.3979705,8.5461636,attack,43.954
1776895499.786456,2026-04-22T22:04:59.786456,out_back_fast_10s,1,47.398391048223345,8.546784883726003,10.635000228881836,10.350000381469728,0.0,0.0,-1.090000033378601,-0.0942994430661201,-0.0069251442328095,-7.80235481262207,-0.0006095536518841,-0.0012694102479144,0.0005621872260235,93.0,16.04199981689453,47.3979705,8.5461636,attack,44.055
1776895499.8873394,2026-04-22T22:04:59.887339,out_back_fast_10s,1,47.398392011249875,8.546786306423035,10.635000228881836,10.350000381469728,0.0,0.0,-1.090000033378601,-0.0942994430661201,-0.0069251442328095,-7.80235481262207,-0.0006095536518841,-0.0012694102479144,0.0005621872260235,93.0,16.04199981689453,47.3979705,8.5461636,attack,44.156
1776895499.9895911,2026-04-22T22:04:59.989591,out_back_fast_10s,1,47.39839288734025,8.546787748418351,10.765000343322754,10.480000495910645,0.0,0.0,-0.8700000047683716,-0.0942994430661201,-0.0069251442328095,-7.80235481262207,-0.0006095536518841,-0.0012694102479144,0.0005621872260235,93.0,16.04199981689453,47.3979704,8.5461636,attack,44.258
1776895500.0915651,2026-04-22T22:05:00.091565,out_back_fast_10s,1,47.398393860779166,8.546789186497797,10.765000343322754,10.480000495910645,0.0,0.0,-0.8700000047683716,-0.0942994430661201,-0.0069251442328095,-7.80235481262207,-0.0006095536518841,-0.0012694102479144,0.0005621872260235,93.0,16.04199981689453,47.3979704,8.5461636,attack,44.36
1776895500.200536,2026-04-22T22:05:00.200536,out_back_fast_10s,1,47.39839490100986,8.546790723249984,10.765000343322754,10.480000495910645,0.0,0.0,-0.8700000047683716,-0.0942994430661201,-0.0069251442328095,-7.80235481262207,-0.0006095536518841,-0.0012694102479144,0.0005621872260235,93.0,16.04199981689453,47.3979704,8.5461636,attack,44.469
1776895500.3020997,2026-04-22T22:05:00.302100,out_back_fast_10s,1,47.3983958705319,8.546792155542951,10.765000343322754,10.480000495910645,0.0,0.0,-0.8700000047683716,-0.0942994430661201,-0.0069251442328095,-7.80235481262207,-0.0006095536518841,-0.0012694102479144,0.0005621872260235,93.0,16.04199981689453,47.3979704,8.5461636,attack,44.571
1776895500.4387498,2026-04-22T22:05:00.438750,out_back_fast_10s,1,47.39839717498693,8.546794082638671,10.765000343322754,10.480000495910645,0.0,0.0,-0.8700000047683716,-0.0983794406056404,-0.0067099584266543,-8.460443496704102,-0.0001815258729038,-0.0033782876562327,0.0009161696652881,93.0,16.04199981689453,47.3979704,8.5461636,attack,44.707
1776895500.5470605,2026-04-22T22:05:00.547060,out_back_fast_10s,1,47.39839820891557,8.546795610080713,10.872000694274902,10.587000846862791,0.0,0.0,-0.7099999785423279,-0.0983794406056404,-0.0067099584266543,-8.460443496704102,-0.0001815258729038,-0.0033782876562327,0.0009161696652881,93.0,16.04199981689453,47.3979704,8.5461636,attack,44.816
1776895500.6757245,2026-04-22T22:05:00.675725,out_back_fast_10s,1,47.39839943713598,8.546797424553606,10.872000694274902,10.587000846862791,0.0,0.0,-0.7099999785423279,-0.0983794406056404,-0.0067099584266543,-8.460443496704102,-0.0001815258729038,-0.0033782876562327,0.0009161696652881,93.0,16.04199981689453,47.3979704,8.5461636,attack,44.944
1776895500.7814486,2026-04-22T22:05:00.781449,out_back_fast_10s,1,47.39840044637303,8.546798915518304,10.872000694274902,10.587000846862791,0.0,0.0,-0.7099999785423279,-0.0983794406056404,-0.0067099584266543,-8.460443496704102,-0.0001815258729038,-0.0033782876562327,0.0009161696652881,93.0,16.04199981689453,47.3979704,8.5461636,attack,45.05
1776895500.883172,2026-04-22T22:05:00.883172,out_back_fast_10s,1,47.39840141741995,8.546800350063997,10.872000694274902,10.587000846862791,0.0,0.0,-0.7099999785423279,-0.0925570130348205,-0.0017571365460753,-9.113927841186523,-0.0021008013281971,-0.000746356032323,0.0004837229498662,93.0,16.04199981689453,47.3979704,8.5461636,attack,45.152
1776895500.9873264,2026-04-22T22:05:00.987326,out_back_fast_10s,1,47.398402411672265,8.546801818891465,10.872000694274902,10.587000846862791,0.0,0.0,-0.7099999785423279,-0.0925570130348205,-0.0017571365460753,-9.113927841186523,-0.0021008013281971,-0.000746356032323,0.0004837229498662,93.0,16.04199981689453,47.3979704,8.5461636,attack,45.256
1776895501.0931797,2026-04-22T22:05:01.093180,out_back_fast_10s,1,47.39840342214287,8.546803311678518,10.872000694274902,10.587000846862791,0.0,0.0,-0.7099999785423279,-0.0925570130348205,-0.0017571365460753,-9.113927841186523,-0.0021008013281971,-0.000746356032323,0.0004837229498662,93.0,16.04199981689453,47.3979704,8.5461636,attack,45.362
1776895501.1974216,2026-04-22T22:05:01.197422,out_back_fast_10s,1,47.39840441723045,8.546804781739942,10.872000694274902,10.587000846862791,0.0,0.0,-0.7099999785423279,-0.0925570130348205,-0.0017571365460753,-9.113927841186523,-0.0021008013281971,-0.000746356032323,0.0004837229498662,93.0,16.04199981689453,47.3979704,8.5461636,attack,45.466
1776895501.299204,2026-04-22T22:05:01.299204,out_back_fast_10s,1,47.398405388841795,8.54680621711948,10.872000694274902,10.587000846862791,0.0,0.0,-0.7099999785423279,-0.0925570130348205,-0.0017571365460753,-9.113927841186523,-0.0021008013281971,-0.000746356032323,0.0004837229498662,93.0,16.04199981689453,47.3979704,8.5461636,attack,45.568
1776895501.428377,2026-04-22T22:05:01.428377,out_back_fast_10s,1,47.398406621919044,8.546808038767471,10.961000442504885,10.676000595092772,0.0,0.0,-0.6100000143051147,-0.0925570130348205,-0.0017571365460753,-9.113927841186523,-0.0021008013281971,-0.000746356032323,0.0004837229498662,93.0,16.04199981689453,47.3979704,8.5461636,attack,45.697
1776895501.5408485,2026-04-22T22:05:01.540848,out_back_fast_10s,1,47.39840769556725,8.546809624887969,10.961000442504885,10.676000595092772,0.0,0.0,-0.6100000143051147,-0.0925570130348205,-0.0017571365460753,-9.113927841186523,-0.0021008013281971,-0.000746356032323,0.0004837229498662,93.0,16.04199981689453,47.3979704,8.5461636,attack,45.81
1776895501.6414766,2026-04-22T22:05:01.641477,out_back_fast_10s,1,47.39840865615853,8.546811043987361,10.961000442504885,10.676000595092772,0.0,0.0,-0.6100000143051147,-0.0925570130348205,-0.0017571365460753,-9.113927841186523,-0.0021008013281971,-0.000746356032323,0.0004837229498662,93.0,16.04199981689453,47.3979704,8.5461636,attack,45.91
1776895501.745329,2026-04-22T22:05:01.745329,out_back_fast_10s,1,47.398409647527245,8.546812508554826,10.961000442504885,10.676000595092772,0.0,0.0,-0.6100000143051147,-0.0979057103395462,-0.0106001729145646,-9.516345024108888,0.0006175944581627,0.0009132382692769,0.0002223591436631,93.0,16.04199981689453,47.3979704,8.5461636,attack,46.014
1776895501.853112,2026-04-22T22:05:01.853112,out_back_fast_10s,1,47.398410676419246,8.546814028556147,10.961000442504885,10.676000595092772,0.0,0.0,-0.6100000143051147,-0.0979057103395462,-0.0106001729145646,-9.516345024108888,0.0006175944581627,0.0009132382692769,0.0002223591436631,93.0,16.04199981689453,47.3979704,8.5461636,attack,46.122
1776895501.9541368,2026-04-22T22:05:01.954137,out_back_fast_10s,1,47.398411640797676,8.54681545325037,10.961000442504885,10.676000595092772,0.0,0.0,-0.6100000143051147,-0.0979057103395462,-0.0106001729145646,-9.516345024108888,0.0006175944581627,0.0009132382692769,0.0002223591436631,93.0,16.04199981689453,47.3979704,8.5461636,attack,46.223
1776895502.060588,2026-04-22T22:05:02.060588,out_back_fast_10s,1,47.398412656974045,8.54681695446665,10.961000442504885,10.676000595092772,0.0,0.0,-0.6100000143051147,-0.0979057103395462,-0.0106001729145646,-9.516345024108888,0.0006175944581627,0.0009132382692769,0.0002223591436631,93.0,16.04199981689453,47.3979704,8.5461636,attack,46.329
1776895502.1697388,2026-04-22T22:05:02.169739,out_back_fast_10s,1,47.39841369892307,8.546818493757355,10.961000442504885,10.676000595092772,0.0,0.0,-0.6100000143051147,-0.0979057103395462,-0.0106001729145646,-9.516345024108888,0.0006175944581627,0.0009132382692769,0.0002223591436631,93.0,16.04199981689453,47.3979704,8.5461636,attack,46.438
1776895502.271457,2026-04-22T22:05:02.271457,out_back_fast_10s,1,47.39841466991991,8.546819928229077,10.961000442504885,10.676000595092772,0.0,0.0,-0.6100000143051147,-0.0979057103395462,-0.0106001729145646,-9.516345024108888,0.0006175944581627,0.0009132382692769,0.0002223591436631,93.0,16.04199981689453,47.3979704,8.5461636,attack,46.54
1776895502.3735728,2026-04-22T22:05:02.373573,out_back_fast_10s,1,47.398415644713005,8.546821368309077,10.961000442504885,10.676000595092772,0.0,0.0,-0.6100000143051147,-0.0979057103395462,-0.0106001729145646,-9.516345024108888,0.0006175944581627,0.0009132382692769,0.0002223591436631,93.0,16.04199981689453,47.3979704,8.5461636,attack,46.642
1776895502.4751744,2026-04-22T22:05:02.475174,out_back_fast_10s,1,47.39841661459692,8.546822801136647,11.047000885009766,10.761000633239746,0.0,0.0,-0.5699999928474426,-0.0979057103395462,-0.0106001729145646,-9.516345024108888,0.0006175944581627,0.0009132382692769,0.0002223591436631,93.0,16.04199981689453,47.3979704,8.5461636,attack,46.744
1776895502.5853517,2026-04-22T22:05:02.585352,out_back_fast_10s,1,47.39841766634383,8.546824354901954,11.047000885009766,10.761000633239746,0.0,0.0,-0.5699999928474426,-0.0979057103395462,-0.0106001729145646,-9.516345024108888,0.0006175944581627,0.0009132382692769,0.0002223591436631,93.0,16.04199981689453,47.3979704,8.5461636,attack,46.854
1776895502.6864152,2026-04-22T22:05:02.686415,out_back_fast_10s,1,47.39841863109096,8.546825780140864,11.047000885009766,10.761000633239746,0.0,0.0,-0.5699999928474426,-0.0979057103395462,-0.0106001729145646,-9.516345024108888,0.0006175944581627,0.0009132382692769,0.0002223591436631,93.0,16.04199981689453,47.3979704,8.5461636,attack,46.955
1776895502.7897444,2026-04-22T22:05:02.789744,out_back_fast_10s,1,47.398419617466274,8.546827237331492,11.047000885009766,10.761000633239746,0.0,0.0,-0.5699999928474426,-0.0979057103395462,-0.0106001729145646,-9.516345024108888,0.0006175944581627,0.0009132382692769,0.0002223591436631,93.0,16.04199981689453,47.3979704,8.5461636,attack,47.058
1776895502.891611,2026-04-22T22:05:02.891611,out_back_fast_10s,1,47.39842058988102,8.546828673897913,11.047000885009766,10.761000633239746,0.0,0.0,-0.5699999928474426,-0.0979057103395462,-0.0106001729145646,-9.516345024108888,0.0006175944581627,0.0009132382692769,0.0002223591436631,93.0,16.04199981689453,47.3979704,8.5461636,attack,47.16
1776895502.9980807,2026-04-22T22:05:02.998081,out_back_fast_10s,1,47.39842160623491,8.546830175376451,11.047000885009766,10.761000633239746,0.0,0.0,-0.5699999928474426,-0.0979057103395462,-0.0106001729145646,-9.516345024108888,0.0006175944581627,0.0009132382692769,0.0002223591436631,93.0,16.04199981689453,47.3979704,8.5461636,attack,47.267
1776895503.0992684,2026-04-22T22:05:03.099268,out_back_fast_10s,1,47.39842257216781,8.546831602367108,11.047000885009766,10.761000633239746,0.0,0.0,-0.5699999928474426,-0.0926935300230979,-0.005527171306312,-9.65661907196045,-0.0010434983996674,0.0025371913798153,-0.0006272344035096,93.0,16.04199981689453,47.3979704,8.5461636,attack,47.368
1776895503.2020838,2026-04-22T22:05:03.202084,out_back_fast_10s,1,47.39842355363849,8.54683305231203,11.047000885009766,10.761000633239746,0.0,0.0,-0.5699999928474426,-0.0926935300230979,-0.005527171306312,-9.65661907196045,-0.0010434983996674,0.0025371913798153,-0.0006272344035096,93.0,16.04199981689453,47.3979704,8.5461636,attack,47.471
1776895503.3041866,2026-04-22T22:05:03.304187,out_back_fast_10s,1,47.39842452830641,8.546834492207104,11.047000885009766,10.761000633239746,0.0,0.0,-0.5699999928474426,-0.0926935300230979,-0.005527171306312,-9.65661907196045,-0.0010434983996674,0.0025371913798153,-0.0006272344035096,93.0,16.04199981689453,47.3979704,8.5461636,attack,47.573
1776895503.4109464,2026-04-22T22:05:03.410946,out_back_fast_10s,1,47.39842554743011,8.546835997777535,11.120000839233398,10.835000038146973,0.0,0.0,-0.5600000023841858,-0.0926935300230979,-0.005527171306312,-9.65661907196045,-0.0010434983996674,0.0025371913798153,-0.0006272344035096,93.0,16.04199981689453,47.3979704,8.5461636,attack,47.68
1776895503.5174017,2026-04-22T22:05:03.517401,out_back_fast_10s,1,47.39842656364745,8.546837499054337,11.120000839233398,10.835000038146973,0.0,0.0,-0.5600000023841858,-0.0926935300230979,-0.005527171306312,-9.65661907196045,-0.0010434983996674,0.0025371913798153,-0.0006272344035096,93.0,16.04199981689453,47.3979704,8.5461636,attack,47.786
1776895503.6188722,2026-04-22T22:05:03.618872,out_back_fast_10s,1,47.39842753227959,8.546838930032653,11.120000839233398,10.835000038146973,0.0,0.0,-0.5600000023841858,-0.0926935300230979,-0.005527171306312,-9.65661907196045,-0.0010434983996674,0.0025371913798153,-0.0006272344035096,93.0,16.04199981689453,47.3979704,8.5461636,attack,47.888
1776895503.7204068,2026-04-22T22:05:03.720407,out_back_fast_10s,1,47.398428501523966,8.546840361915423,11.120000839233398,10.835000038146973,0.0,0.0,-0.5600000023841858,-0.0926935300230979,-0.005527171306312,-9.65661907196045,-0.0010434983996674,0.0025371913798153,-0.0006272344035096,93.0,16.04199981689453,47.3979704,8.5461636,attack,47.989
1776895503.8258848,2026-04-22T22:05:03.825885,out_back_fast_10s,1,47.398429508412256,8.546841849410253,11.120000839233398,10.835000038146973,0.0,0.0,-0.5600000023841858,-0.0926935300230979,-0.005527171306312,-9.65661907196045,-0.0010434983996674,0.0025371913798153,-0.0006272344035096,93.0,16.04199981689453,47.3979704,8.5461636,attack,48.095
1776895503.9353516,2026-04-22T22:05:03.935352,out_back_fast_10s,1,47.39843055337689,8.546843393155974,11.120000839233398,10.835000038146973,0.0,0.0,-0.5600000023841858,-0.0926935300230979,-0.005527171306312,-9.65661907196045,-0.0010434983996674,0.0025371913798153,-0.0006272344035096,93.0,16.04199981689453,47.3979704,8.5461636,attack,48.204
1776895504.0387857,2026-04-22T22:05:04.038786,out_back_fast_10s,1,47.39843154075362,8.546844851826004,11.120000839233398,10.835000038146973,0.0,0.0,-0.5600000023841858,-0.0962191969156265,-0.001460968516767,-9.68142032623291,-0.000339314865414,0.0008847879362292,-0.0001760857121553,93.0,16.04199981689453,47.3979704,8.5461636,attack,48.307
1776895504.1582358,2026-04-22T22:05:04.158236,out_back_fast_10s,1,47.398432681018356,8.546846536360345,11.120000839233398,10.835000038146973,0.0,0.0,-0.5600000023841858,-0.0962191969156265,-0.001460968516767,-9.68142032623291,-0.000339314865414,0.0008847879362292,-0.0001760857121553,93.0,16.04199981689453,47.3979704,8.5461636,attack,48.427
1776895504.2602088,2026-04-22T22:05:04.260209,out_back_fast_10s,1,47.39843365444817,8.546847974426342,11.19700050354004,10.91200065612793,0.0,0.0,-0.5399999618530273,-0.0962191969156265,-0.001460968516767,-9.68142032623291,-0.000339314865414,0.0008847879362292,-0.0001760857121553,93.0,16.04199981689453,47.3979704,8.5461636,attack,48.529
1776895504.3623877,2026-04-22T22:05:04.362388,out_back_fast_10s,1,47.398434629842114,8.546849415393984,11.19700050354004,10.91200065612793,0.0,0.0,-0.5399999618530273,-0.0962191969156265,-0.001460968516767,-9.68142032623291,-0.000339314865414,0.0008847879362292,-0.0001760857121553,93.0,16.04199981689453,47.3979704,8.5461636,attack,48.631
1776895504.4664638,2026-04-22T22:05:04.466464,out_back_fast_10s,1,47.39843562334792,8.546850883118625,11.19700050354004,10.91200065612793,0.0,0.0,-0.5399999618530273,-0.0962191969156265,-0.001460968516767,-9.68142032623291,-0.000339314865414,0.0008847879362292,-0.0001760857121553,93.0,16.04199981689453,47.3979704,8.5461636,attack,48.735
1776895504.568275,2026-04-22T22:05:04.568275,out_back_fast_10s,1,47.398436595232376,8.546852318901635,11.19700050354004,10.91200065612793,0.0,0.0,-0.5399999618530273,-0.0962191969156265,-0.001460968516767,-9.68142032623291,-0.000339314865414,0.0008847879362292,-0.0001760857121553,93.0,16.04199981689453,47.3979704,8.5461636,attack,48.837
1776895504.6794446,2026-04-22T22:05:04.679445,out_back_fast_10s,1,47.39843765645172,8.546853886660738,11.19700050354004,10.91200065612793,0.0,0.0,-0.5399999618530273,-0.0973475277423858,-0.0094299530610442,-9.64396858215332,7.609395834151655e-05,0.0003298560332041,-0.0001228896144311,93.0,16.04199981689453,47.3979704,8.5461636,attack,48.948
1776895504.7802966,2026-04-22T22:05:04.780297,out_back_fast_10s,1,47.3984386191801,8.546855308917308,11.19700050354004,10.91200065612793,0.0,0.0,-0.5399999618530273,-0.0973475277423858,-0.0094299530610442,-9.64396858215332,7.609395834151655e-05,0.0003298560332041,-0.0001228896144311,93.0,16.04199981689453,47.3979704,8.5461636,attack,49.049
1776895504.886131,2026-04-22T22:05:04.886131,out_back_fast_10s,1,47.39843962947091,8.546856801438741,11.19700050354004,10.91200065612793,0.0,0.0,-0.5399999618530273,-0.0973475277423858,-0.0094299530610442,-9.64396858215332,7.609395834151655e-05,0.0003298560332041,-0.0001228896144311,93.0,16.04199981689453,47.3979704,8.5461636,attack,49.155
1776895504.9904077,2026-04-22T22:05:04.990408,out_back_fast_10s,1,47.398440624890775,8.546858271991058,11.19700050354004,10.91200065612793,0.0,0.0,-0.5399999618530273,-0.0973475277423858,-0.0094299530610442,-9.64396858215332,7.609395834151655e-05,0.0003298560332041,-0.0001228896144311,93.0,16.04199981689453,47.3979704,8.5461636,attack,49.259
1776895505.091476,2026-04-22T22:05:05.091476,out_back_fast_10s,1,47.39844158968343,8.546859697297213,11.270000457763672,10.984000205993652,0.0,0.0,-0.5199999809265137,-0.0973475277423858,-0.0094299530610442,-9.64396858215332,7.609395834151655e-05,0.0003298560332041,-0.0001228896144311,93.0,16.04199981689453,47.3979704,8.5461636,attack,49.36
1776895505.1957407,2026-04-22T22:05:05.195741,out_back_fast_10s,1,47.398442584989496,8.546861167681415,11.270000457763672,10.984000205993652,0.0,0.0,-0.5199999809265137,-0.0973475277423858,-0.0094299530610442,-9.64396858215332,7.609395834151655e-05,0.0003298560332041,-0.0001228896144311,93.0,16.04199981689453,47.3979704,8.5461636,attack,49.464
1776895505.2980309,2026-04-22T22:05:05.298031,out_back_fast_10s,1,47.3984435614463,8.546862610219241,11.270000457763672,10.984000205993652,0.0,0.0,-0.5199999809265137,-0.0950688645243644,-0.0046666236594319,-9.529081344604492,-0.0015660689678043,0.0005300641059875,-5.3389230743050575e-05,93.0,16.04199981689453,47.3979704,8.5461636,attack,49.567
1776895505.399366,2026-04-22T22:05:05.399366,out_back_fast_10s,1,47.39844452878572,8.546864039287785,11.270000457763672,10.984000205993652,0.0,0.0,-0.5199999809265137,-0.0950688645243644,-0.0046666236594319,-9.529081344604492,-0.0015660689678043,0.0005300641059875,-5.3389230743050575e-05,93.0,16.04199981689453,47.3979704,8.5461636,attack,49.668
1776895505.5012894,2026-04-22T22:05:05.501289,out_back_fast_10s,1,47.39844550174214,8.546865476654428,11.270000457763672,10.984000205993652,0.0,0.0,-0.5199999809265137,-0.0950688645243644,-0.0046666236594319,-9.529081344604492,-0.0015660689678043,0.0005300641059875,-5.3389230743050575e-05,93.0,16.04199981689453,47.3979704,8.5461636,attack,49.77
1776895505.603671,2026-04-22T22:05:05.603671,out_back_fast_10s,1,47.3984464790729,8.546866920483367,11.338000297546388,11.052000999450684,0.0,0.0,-0.4899999797344208,-0.0950688645243644,-0.0046666236594319,-9.529081344604492,-0.0015660689678043,0.0005300641059875,-5.3389230743050575e-05,93.0,16.04199981689453,47.3979704,8.5461636,attack,49.872
1776895505.705604,2026-04-22T22:05:05.705604,out_back_fast_10s,1,47.39844745212036,8.546868357984502,11.338000297546388,11.052000999450684,0.0,0.0,-0.4899999797344208,-0.0950688645243644,-0.0046666236594319,-9.529081344604492,-0.0015660689678043,0.0005300641059875,-5.3389230743050575e-05,93.0,16.04199981689453,47.3979704,8.5461636,attack,49.974
1776895505.8112686,2026-04-22T22:05:05.811269,out_back_fast_10s,1,47.39844846078842,8.546869848108631,11.338000297546388,11.052000999450684,0.0,0.0,-0.4899999797344208,-0.0981793701648712,-0.0063552809879183,-9.552258491516112,-0.0037686801515519,-0.0017166755860671,-0.0002395335759501,93.0,16.04199981689453,47.3979704,8.5461636,attack,50.08
1776895505.9126446,2026-04-22T22:05:05.912645,out_back_fast_10s,1,47.39844942851931,8.546871277755487,11.338000297546388,11.052000999450684,0.0,0.0,-0.4899999797344208,-0.0981793701648712,-0.0063552809879183,-9.552258491516112,-0.0037686801515519,-0.0017166755860671,-0.0002395335759501,93.0,16.04199981689453,47.3979704,8.5461636,attack,50.181
1776895506.0140588,2026-04-22T22:05:06.014059,out_back_fast_10s,1,47.39845039661433,8.546872707940306,11.405000686645508,11.120000839233398,0.0,0.0,-0.449999988079071,-0.0981793701648712,-0.0063552809879183,-9.552258491516112,-0.0037686801515519,-0.0017166755860671,-0.0002395335759501,93.0,16.04199981689453,47.3979704,8.5461636,attack,50.283
1776895506.1181366,2026-04-22T22:05:06.118137,out_back_fast_10s,1,47.398451390136074,8.546874175688483,11.405000686645508,11.120000839233398,0.0,0.0,-0.449999988079071,-0.0942781791090965,0.0009235264733433,-9.566685676574709,-0.0015084614278748,-0.0005773766315542,-0.0001896866306196,93.0,16.04199981689453,47.3979704,8.5461636,attack,50.387
1776895506.2190874,2026-04-22T22:05:06.219087,out_back_fast_10s,1,47.39845235380669,8.546875599337037,11.405000686645508,11.120000839233398,0.0,0.0,-0.449999988079071,-0.0942781791090965,0.0009235264733433,-9.566685676574709,-0.0015084614278748,-0.0005773766315542,-0.0001896866306196,93.0,16.04199981689453,47.3979704,8.5461636,attack,50.488
1776895506.3212914,2026-04-22T22:05:06.321291,out_back_fast_10s,1,47.39845332944188,8.54687704066108,11.405000686645508,11.120000839233398,0.0,0.0,-0.449999988079071,-0.0942781791090965,0.0009235264733433,-9.566685676574709,-0.0015084614278748,-0.0005773766315542,-0.0001896866306196,93.0,16.04199981689453,47.3979704,8.5461636,attack,50.59
1776895506.4232082,2026-04-22T22:05:06.423208,out_back_fast_10s,1,47.39845430233457,8.546878377933579,11.46500015258789,11.179000854492188,0.0,0.0,-0.4199999868869781,-0.0942781791090965,0.0009235264733433,-9.566685676574709,-0.0015084614278748,-0.0005773766315542,-0.0001896866306196,93.0,16.04199981689453,47.3979704,8.5461635,attack,50.692
1776895506.5274527,2026-04-22T22:05:06.527453,out_back_fast_10s,1,47.39845529744719,8.546879848031988,11.46500015258789,11.179000854492188,0.0,0.0,-0.4199999868869781,-0.0942781791090965,0.0009235264733433,-9.566685676574709,-0.0015084614278748,-0.0005773766315542,-0.0001896866306196,93.0,16.04199981689453,47.3979704,8.5461635,attack,50.796
1776895506.6323256,2026-04-22T22:05:06.632326,out_back_fast_10s,1,47.39845629855917,8.54688132699336,11.46500015258789,11.179000854492188,0.0,0.0,-0.4199999868869781,-0.0942781791090965,0.0009235264733433,-9.566685676574709,-0.0015084614278748,-0.0005773766315542,-0.0001896866306196,93.0,16.04199981689453,47.3979704,8.5461635,attack,50.901
1776895506.7419257,2026-04-22T22:05:06.741926,out_back_fast_10s,1,47.39845734479605,8.546882872618593,11.46500015258789,11.179000854492188,0.0,0.0,-0.4199999868869781,-0.0942781791090965,0.0009235264733433,-9.566685676574709,-0.0015084614278748,-0.0005773766315542,-0.0001896866306196,93.0,16.04199981689453,47.3979704,8.5461635,attack,51.011
1776895506.8489385,2026-04-22T22:05:06.848938,out_back_fast_10s,1,47.39845836633451,8.5468843817564,11.46500015258789,11.179000854492188,0.0,0.0,-0.4199999868869781,-0.0913001745939254,-0.0038718553259968,-9.585341453552246,-0.0019527517724782,0.000163549761055,0.0001957573695108,93.0,16.04199981689453,47.3979704,8.5461635,attack,51.118
1776895506.958807,2026-04-22T22:05:06.958807,out_back_fast_10s,1,47.39845941513409,8.546885931167557,11.46500015258789,11.179000854492188,0.0,0.0,-0.4199999868869781,-0.0913001745939254,-0.0038718553259968,-9.585341453552246,-0.0019527517724782,0.000163549761055,0.0001957573695108,93.0,16.04199981689453,47.3979704,8.5461635,attack,51.227
1776895507.0830455,2026-04-22T22:05:07.083046,out_back_fast_10s,1,47.39846060110865,8.546887683229867,11.46500015258789,11.179000854492188,0.0,0.0,-0.4199999868869781,-0.0913001745939254,-0.0038718553259968,-9.585341453552246,-0.0019527517724782,0.000163549761055,0.0001957573695108,93.0,16.04199981689453,47.3979704,8.5461635,attack,51.352
1776895507.1855166,2026-04-22T22:05:07.185517,out_back_fast_10s,1,47.398461579292885,8.54688912831966,11.46500015258789,11.179000854492188,0.0,0.0,-0.4199999868869781,-0.0913001745939254,-0.0038718553259968,-9.585341453552246,-0.0019527517724782,0.000163549761055,0.0001957573695108,93.0,16.04199981689453,47.3979704,8.5461635,attack,51.454
1776895507.287514,2026-04-22T22:05:07.287514,out_back_fast_10s,1,47.39846255295485,8.546890566728608,11.46500015258789,11.179000854492188,0.0,0.0,-0.4199999868869781,-0.0913001745939254,-0.0038718553259968,-9.585341453552246,-0.0019527517724782,0.000163549761055,0.0001957573695108,93.0,16.04199981689453,47.3979704,8.5461635,attack,51.556
1776895507.3902352,2026-04-22T22:05:07.390235,out_back_fast_10s,1,47.39846353352653,8.546892015345431,11.511000633239746,11.226000785827637,0.0,0.0,-0.3899999856948852,-0.0913001745939254,-0.0038718553259968,-9.585341453552246,-0.0019527517724782,0.000163549761055,0.0001957573695108,93.0,16.04199981689453,47.3979704,8.5461635,attack,51.659
1776895507.4953582,2026-04-22T22:05:07.495358,out_back_fast_10s,1,47.39846453702596,8.54689349783383,11.511000633239746,11.226000785827637,0.0,0.0,-0.3899999856948852,-0.0913001745939254,-0.0038718553259968,-9.585341453552246,-0.0019527517724782,0.000163549761055,0.0001957573695108,93.0,16.04199981689453,47.3979704,8.5461635,attack,51.764
1776895507.5965612,2026-04-22T22:05:07.596561,out_back_fast_10s,1,47.39846550310451,8.546894925039672,11.511000633239746,11.226000785827637,0.0,0.0,-0.3899999856948852,-0.0913001745939254,-0.0038718553259968,-9.585341453552246,-0.0019527517724782,0.000163549761055,0.0001957573695108,93.0,16.04199981689453,47.3979704,8.5461635,attack,51.865
1776895507.6986103,2026-04-22T22:05:07.698611,out_back_fast_10s,1,47.39846647726035,8.546896364178235,11.511000633239746,11.226000785827637,0.0,0.0,-0.3899999856948852,-0.1014292761683464,-0.0003970563411712,-9.62773895263672,-0.1028589233756065,0.0058003310114145,-0.002487005200237,93.0,16.04199981689453,47.3979704,8.5461635,attack,51.967
1776895507.7994833,2026-04-22T22:05:07.799483,out_back_fast_10s,1,47.39846744018901,8.546897786730687,11.511000633239746,11.226000785827637,0.0,0.0,-0.3899999856948852,-0.1014292761683464,-0.0003970563411712,-9.62773895263672,-0.1028589233756065,0.0058003310114145,-0.002487005200237,93.0,16.04199981689453,47.3979704,8.5461635,attack,52.068
1776895507.901616,2026-04-22T22:05:07.901616,out_back_fast_10s,1,47.3984684151437,8.546899227049408,11.568000793457031,11.282000541687012,0.0,0.0,-0.3700000047683716,-0.1014292761683464,-0.0003970563411712,-9.62773895263672,-0.1028589233756065,0.0058003310114145,-0.002487005200237,93.0,16.04199981689453,47.3979704,8.5461635,attack,52.17
1776895508.005769,2026-04-22T22:05:08.005769,out_back_fast_10s,1,47.39846940938236,8.546900695856703,11.568000793457031,11.282000541687012,0.0,0.0,-0.3700000047683716,-0.0922250226140022,0.0213472452014684,-9.666644096374512,-0.312627911567688,0.0187760517001152,-0.0218056254088878,93.0,16.04199981689453,47.3979704,8.5461635,attack,52.274
1776895508.110029,2026-04-22T22:05:08.110029,out_back_fast_10s,1,47.39847040464291,8.546902166173659,11.568000793457031,11.282000541687012,0.0,0.0,-0.3700000047683716,-0.0922250226140022,0.0213472452014684,-9.666644096374512,-0.312627911567688,0.0187760517001152,-0.0218056254088878,93.0,16.04199981689453,47.3979704,8.5461635,attack,52.379
1776895508.2115371,2026-04-22T22:05:08.211537,out_back_fast_10s,1,47.398471373634656,8.546903597683217,11.616000175476074,11.331000328063965,0.0399999991059303,0.0,-0.3499999940395355,-0.0922250226140022,0.0213472452014684,-9.666644096374512,-0.312627911567688,0.0187760517001152,-0.0218056254088878,93.0,16.04199981689453,47.3979704,8.5461635,attack,52.48
1776895508.3131669,2026-04-22T22:05:08.313167,out_back_fast_10s,1,47.39847234378713,8.546905030907535,11.616000175476074,11.331000328063965,0.0399999991059303,0.0,-0.3499999940395355,-0.1028006449341774,0.0168102569878101,-9.734753608703612,-0.4377702176570892,0.0321022979915142,-0.0623587295413017,93.0,16.04199981689453,47.3979704,8.5461635,attack,52.582
1776895508.414286,2026-04-22T22:05:08.414286,out_back_fast_10s,1,47.39847330906455,8.546906456929856,11.616000175476074,11.331000328063965,0.0399999991059303,0.0,-0.3499999940395355,-0.1028006449341774,0.0168102569878101,-9.734753608703612,-0.4377702176570892,0.0321022979915142,-0.0623587295413017,93.0,16.04199981689453,47.3979704,8.5461635,attack,52.683
1776895508.5180137,2026-04-22T22:05:08.518013,out_back_fast_10s,1,47.398474399245224,8.546907919743623,11.66200065612793,11.37700080871582,0.1400000005960464,0.0,-0.3299999833106994,-0.1028006449341774,0.0168102569878101,-9.734753608703612,-0.4377702176570892,0.0321022979915142,-0.0623587295413017,93.0,16.04199981689453,47.3979705,8.5461635,attack,52.787
1776895508.6195524,2026-04-22T22:05:08.619552,out_back_fast_10s,1,47.39847536852829,8.546909351683553,11.66200065612793,11.37700080871582,0.1400000005960464,0.0,-0.3299999833106994,-0.1014036834239959,0.0419764891266822,-9.819026947021484,-0.4643922746181488,0.0412925444543361,-0.121371105313301,93.0,16.04199981689453,47.3979705,8.5461635,attack,52.888
1776895508.7232275,2026-04-22T22:05:08.723228,out_back_fast_10s,1,47.39847635820598,8.546910813752849,11.66200065612793,11.37700080871582,0.1400000005960464,0.0,-0.3299999833106994,-0.1014036834239959,0.0419764891266822,-9.819026947021484,-0.4643922746181488,0.0412925444543361,-0.121371105313301,93.0,16.04199981689453,47.3979705,8.5461635,attack,52.992
1776895508.8278277,2026-04-22T22:05:08.827827,out_back_fast_10s,1,47.39847735671429,8.546912288867777,11.66200065612793,11.37700080871582,0.1400000005960464,0.0,-0.3299999833106994,-0.1014036834239959,0.0419764891266822,-9.819026947021484,-0.4643922746181488,0.0412925444543361,-0.121371105313301,93.0,16.04199981689453,47.3979705,8.5461635,attack,53.097
1776895508.929357,2026-04-22T22:05:08.929357,out_back_fast_10s,1,47.39847832590859,8.546913720676578,11.66200065612793,11.37700080871582,0.1400000005960464,0.0,-0.3299999833106994,-0.1014036834239959,0.0419764891266822,-9.819026947021484,-0.4643922746181488,0.0412925444543361,-0.121371105313301,93.0,16.04199981689453,47.3979705,8.5461635,attack,53.198
1776895509.0336034,2026-04-22T22:05:09.033603,out_back_fast_10s,1,47.398479721039415,8.546915190807594,11.711000442504885,11.425000190734863,0.3400000035762787,0.0,-0.3199999928474426,-0.0910358950495719,0.0583069585263729,-9.891469955444336,-0.439936488866806,0.0453716591000556,-0.1889563500881195,93.0,16.04199981689453,47.3979709,8.5461635,attack,53.302
1776895509.1364594,2026-04-22T22:05:09.136459,out_back_fast_10s,1,47.398481302897004,8.546916741332693,11.754000663757324,11.469000816345217,0.5999999642372131,0.0,-0.3100000023841858,-0.0910358950495719,0.0583069585263729,-9.891469955444336,-0.439936488866806,0.0453716591000556,-0.1889563500881195,93.0,16.04199981689453,47.3979715,8.5461636,attack,53.405
1776895509.2380378,2026-04-22T22:05:09.238038,out_back_fast_10s,1,47.39848227256015,8.54691817383415,11.754000663757324,11.469000816345217,0.5999999642372131,0.0,-0.3100000023841858,-0.0933421999216079,0.0871703252196312,-10.009492874145508,-0.4367146790027618,0.0396781452000141,-0.2609802186489105,93.0,16.04199981689453,47.3979715,8.5461636,attack,53.507
1776895509.3402383,2026-04-22T22:05:09.340238,out_back_fast_10s,1,47.398483248161206,8.54691961510779,11.754000663757324,11.469000816345217,0.5999999642372131,0.0,-0.3100000023841858,-0.0933421999216079,0.0871703252196312,-10.009492874145508,-0.4367146790027618,0.0396781452000141,-0.2609802186489105,93.0,16.04199981689453,47.3979715,8.5461636,attack,53.609
1776895509.4435558,2026-04-22T22:05:09.443556,out_back_fast_10s,1,47.398485334425004,8.546921172149508,11.800000190734863,11.515000343322754,0.9699999690055848,0.0,-0.2899999916553497,-0.0933421999216079,0.0871703252196312,-10.009492874145508,-0.4367146790027618,0.0396781452000141,-0.2609802186489105,93.0,16.04199981689453,47.3979726,8.5461637,attack,53.712
1776895509.545617,2026-04-22T22:05:09.545617,out_back_fast_10s,1,47.39848630869691,8.546922611459609,11.800000190734863,11.515000343322754,0.9699999690055848,0.0,-0.2899999916553497,-0.1008624583482742,0.1252540200948715,-9.862750053405762,-0.2597146332263946,0.0361993126571178,-0.333541065454483,93.0,16.04199981689453,47.3979726,8.5461637,attack,53.814
1776895509.6485424,2026-04-22T22:05:09.648542,out_back_fast_10s,1,47.398487291216796,8.5469240629546,11.800000190734863,11.515000343322754,0.9699999690055848,0.0,-0.2899999916553497,-0.1008624583482742,0.1252540200948715,-9.862750053405762,-0.2597146332263946,0.0361993126571178,-0.333541065454483,93.0,16.04199981689453,47.3979726,8.5461637,attack,53.917
1776895509.750901,2026-04-22T22:05:09.750901,out_back_fast_10s,1,47.39848986832679,8.546925606480592,11.839000701904297,11.554000854492188,1.3700000047683716,-0.0099999997764825,-0.25,-0.1008624583482742,0.1252540200948715,-9.862750053405762,-0.2597146332263946,0.0361993126571178,-0.333541065454483,93.0,16.04199981689453,47.3979742,8.5461638,attack,54.02
1776895509.8551075,2026-04-22T22:05:09.855108,out_back_fast_10s,1,47.398490863077534,8.546927076044506,11.839000701904297,11.554000854492188,1.3700000047683716,-0.0099999997764825,-0.25,-0.1088370233774185,0.162062406539917,-9.872381210327148,-0.0355836451053619,0.038234032690525,-0.4068166613578796,93.0,16.04199981689453,47.3979742,8.5461638,attack,54.124
1776895509.9571345,2026-04-22T22:05:09.957134,out_back_fast_10s,1,47.39849183702171,8.54692851487048,11.839000701904297,11.554000854492188,1.3700000047683716,-0.0099999997764825,-0.25,-0.1088370233774185,0.162062406539917,-9.872381210327148,-0.0355836451053619,0.038234032690525,-0.4068166613578796,93.0,16.04199981689453,47.3979742,8.5461638,attack,54.226
1776895510.0586145,2026-04-22T22:05:10.058614,out_back_fast_10s,1,47.39849510574489,8.546930046016834,11.87600040435791,11.59000015258789,1.8199999332427976,-0.0199999995529651,-0.1899999976158142,-0.1088370233774185,0.162062406539917,-9.872381210327148,-0.0355836451053619,0.038234032690525,-0.4068166613578796,93.0,16.04199981689453,47.3979765,8.5461639,attack,54.327
1776895510.160957,2026-04-22T22:05:10.160957,out_back_fast_10s,1,47.3984960827024,8.546931489294527,11.87600040435791,11.59000015258789,1.8199999332427976,-0.0199999995529651,-0.1899999976158142,-0.1244433894753456,0.2012609392404556,-9.939383506774902,0.0386658273637294,0.0433939658105373,-0.4676747024059295,93.0,16.04199981689453,47.3979765,8.5461639,attack,54.43
1776895510.2633133,2026-04-22T22:05:10.263313,out_back_fast_10s,1,47.398497059789634,8.54693293276387,11.87600040435791,11.59000015258789,1.8199999332427976,-0.0199999995529651,-0.1899999976158142,-0.1244433894753456,0.2012609392404556,-9.939383506774902,0.0386658273637294,0.0433939658105373,-0.4676747024059295,93.0,16.04199981689453,47.3979765,8.5461639,attack,54.532
1776895510.366649,2026-04-22T22:05:10.366649,out_back_fast_10s,1,47.398500846226405,8.546934490086393,11.903000831604004,11.617000579833984,2.25,-0.0299999993294477,-0.1499999910593032,-0.1244433894753456,0.2012609392404556,-9.939383506774902,0.0386658273637294,0.0433939658105373,-0.4676747024059295,93.0,16.04199981689453,47.3979793,8.546164,attack,54.635
1776895510.469032,2026-04-22T22:05:10.469032,out_back_fast_10s,1,47.39850182357082,8.54693593393575,11.903000831604004,11.617000579833984,2.25,-0.0299999993294477,-0.1499999910593032,-0.1244433894753456,0.2012609392404556,-9.939383506774902,0.0386658273637294,0.0433939658105373,-0.4676747024059295,93.0,16.04199981689453,47.3979793,8.546164,attack,54.738
1776895510.5769348,2026-04-22T22:05:10.576935,out_back_fast_10s,1,47.398502853605336,8.54693745562519,11.903000831604004,11.617000579833984,2.25,-0.0299999993294477,-0.1499999910593032,-0.1426231414079666,0.2533196210861206,-9.958187103271484,0.0675333812832832,0.0564652159810066,-0.5365131497383118,93.0,16.04199981689453,47.3979793,8.546164,attack,54.846
1776895510.6794555,2026-04-22T22:05:10.679456,out_back_fast_10s,1,47.398507132262964,8.546939001463116,11.925000190734863,11.63900089263916,2.669999837875366,-0.0399999991059303,-0.1099999994039535,-0.1426231414079666,0.2533196210861206,-9.958187103271484,0.0675333812832832,0.0564652159810066,-0.5365131497383118,93.0,16.04199981689453,47.3979826,8.5461641,attack,54.948
1776895510.7809598,2026-04-22T22:05:10.780960,out_back_fast_10s,1,47.39850810121829,8.546940432919207,11.925000190734863,11.63900089263916,2.669999837875366,-0.0399999991059303,-0.1099999994039535,-0.1426231414079666,0.2533196210861206,-9.958187103271484,0.0675333812832832,0.0564652159810066,-0.5365131497383118,93.0,16.04199981689453,47.3979826,8.5461641,attack,55.05
1776895510.8822348,2026-04-22T22:05:10.882235,out_back_fast_10s,1,47.39850906798418,8.54694186114079,11.925000190734863,11.63900089263916,2.669999837875366,-0.0399999991059303,-0.1099999994039535,-0.1762829720973968,0.299480676651001,-9.981819152832031,0.0556236207485199,0.0530359111726284,-0.5954211950302124,93.0,16.04199981689453,47.3979826,8.5461641,attack,55.151
1776895510.983582,2026-04-22T22:05:10.983582,out_back_fast_10s,1,47.39851373543967,8.546943290435856,11.943000793457031,11.658000946044922,3.059999942779541,-0.0499999970197677,-0.0799999982118606,-0.1762829720973968,0.299480676651001,-9.981819152832031,0.0556236207485199,0.0530359111726284,-0.5954211950302124,93.0,16.04199981689453,47.3979863,8.5461641,attack,55.252
1776895511.0851624,2026-04-22T22:05:11.085162,out_back_fast_10s,1,47.39851470512102,8.546944722964614,11.943000793457031,11.658000946044922,3.059999942779541,-0.0499999970197677,-0.0799999982118606,-0.1762829720973968,0.299480676651001,-9.981819152832031,0.0556236207485199,0.0530359111726284,-0.5954211950302124,93.0,16.04199981689453,47.3979863,8.5461641,attack,55.354
1776895511.1884787,2026-04-22T22:05:11.188479,out_back_fast_10s,1,47.39851569137343,8.54694617997412,11.943000793457031,11.658000946044922,3.059999942779541,-0.0499999970197677,-0.0799999982118606,-0.2147619426250457,0.3352267742156982,-9.96725845336914,0.0389099009335041,0.0411409363150596,-0.6564932465553284,93.0,16.04199981689453,47.3979863,8.5461641,attack,55.457
1776895511.2912047,2026-04-22T22:05:11.291205,out_back_fast_10s,1,47.39852107199064,8.546947728724053,11.958000183105469,11.67300033569336,3.4499998092651367,-0.0700000002980232,-0.0499999970197677,-0.2147619426250457,0.3352267742156982,-9.96725845336914,0.0389099009335041,0.0411409363150596,-0.6564932465553284,93.0,16.04199981689453,47.3979907,8.5461642,attack,55.56
1776895511.3921568,2026-04-22T22:05:11.392157,out_back_fast_10s,1,47.398522035674915,8.54694915239333,11.958000183105469,11.67300033569336,3.4499998092651367,-0.0700000002980232,-0.0499999970197677,-0.2147619426250457,0.3352267742156982,-9.96725845336914,0.0389099009335041,0.0411409363150596,-0.6564932465553284,93.0,16.04199981689453,47.3979907,8.5461642,attack,55.661
1776895511.4940054,2026-04-22T22:05:11.494005,out_back_fast_10s,1,47.398523007916694,8.546950588704771,11.958000183105469,11.67300033569336,3.4499998092651367,-0.0700000002980232,-0.0499999970197677,-0.247903287410736,0.3720987439155578,-9.992358207702637,0.0072361100465059,0.0081716757267713,-0.7069792747497559,93.0,16.04199981689453,47.3979907,8.5461642,attack,55.763
1776895511.5952396,2026-04-22T22:05:11.595240,out_back_fast_10s,1,47.39852397429339,8.546952016351621,11.958000183105469,11.67300033569336,3.4499998092651367,-0.0700000002980232,-0.0499999970197677,-0.247903287410736,0.3720987439155578,-9.992358207702637,0.0072361100465059,0.0081716757267713,-0.7069792747497559,93.0,16.04199981689453,47.3979907,8.5461642,attack,55.864
1776895511.7119198,2026-04-22T22:05:11.711920,out_back_fast_10s,1,47.39852958811635,8.546953561891089,11.970000267028809,11.684000968933104,3.799999952316284,-0.0999999940395355,-0.0299999993294477,-0.247903287410736,0.3720987439155578,-9.992358207702637,0.0072361100465059,0.0081716757267713,-0.7069792747497559,93.0,16.04199981689453,47.3979952,8.5461641,attack,55.981
1776895511.8182497,2026-04-22T22:05:11.818249,out_back_fast_10s,1,47.39853060313654,8.54695506140004,11.970000267028809,11.684000968933104,3.799999952316284,-0.0999999940395355,-0.0299999993294477,-0.247903287410736,0.3720987439155578,-9.992358207702637,0.0072361100465059,0.0081716757267713,-0.7069792747497559,93.0,16.04199981689453,47.3979952,8.5461641,attack,56.087
1776895511.9208648,2026-04-22T22:05:11.920865,out_back_fast_10s,1,47.39853158269544,8.546956508521328,11.970000267028809,11.684000968933104,3.799999952316284,-0.0999999940395355,-0.0299999993294477,-0.3005644083023071,0.3718810379505157,-9.819253921508787,0.0563459210097789,0.0431530997157096,-0.753387451171875,93.0,16.04199981689453,47.3979952,8.5461641,attack,56.19
1776895512.024012,2026-04-22T22:05:12.024012,out_back_fast_10s,1,47.39853256733422,8.546957963147223,11.970000267028809,11.684000968933104,3.799999952316284,-0.0999999940395355,-0.0299999993294477,-0.3005644083023071,0.3718810379505157,-9.819253921508787,0.0563459210097789,0.0431530997157096,-0.753387451171875,93.0,16.04199981689453,47.3979952,8.5461641,attack,56.293
1776895512.1256676,2026-04-22T22:05:12.125668,out_back_fast_10s,1,47.398538837732495,8.54695929681534,11.97700023651123,11.69200038909912,4.170000076293945,-0.1299999952316284,0.0,-0.3005644083023071,0.3718810379505157,-9.819253921508787,0.0563459210097789,0.0431530997157096,-0.753387451171875,93.0,16.04199981689453,47.3980005,8.546164,attack,56.394
1776895512.2266462,2026-04-22T22:05:12.226646,out_back_fast_10s,1,47.39853980166939,8.546960720858092,11.97700023651123,11.69200038909912,4.170000076293945,-0.1299999952316284,0.0,-0.3005644083023071,0.3718810379505157,-9.819253921508787,0.0563459210097789,0.0431530997157096,-0.753387451171875,93.0,16.04199981689453,47.3980005,8.546164,attack,56.495
1776895512.3316708,2026-04-22T22:05:12.331671,out_back_fast_10s,1,47.398540804228865,8.546962201958717,11.97700023651123,11.69200038909912,4.170000076293945,-0.1299999952316284,0.0,-0.3005644083023071,0.3718810379505157,-9.819253921508787,0.0563459210097789,0.0431530997157096,-0.753387451171875,93.0,16.04199981689453,47.3980005,8.546164,attack,56.6
1776895512.437112,2026-04-22T22:05:12.437112,out_back_fast_10s,1,47.39854181076666,8.546963688936605,11.97700023651123,11.69200038909912,4.170000076293945,-0.1299999952316284,0.0,-0.3512313067913055,0.3838800191879272,-9.73855209350586,0.2333008795976638,0.1316879093647003,-0.7928336262702942,93.0,16.04199981689453,47.3980005,8.546164,attack,56.706
1776895512.545797,2026-04-22T22:05:12.545797,out_back_fast_10s,1,47.39854284826851,8.546965221658295,11.97700023651123,11.69200038909912,4.170000076293945,-0.1299999952316284,0.0,-0.3512313067913055,0.3838800191879272,-9.73855209350586,0.2333008795976638,0.1316879093647003,-0.7928336262702942,93.0,16.04199981689453,47.3980005,8.546164,attack,56.814
1776895512.647662,2026-04-22T22:05:12.647662,out_back_fast_10s,1,47.39854902066505,8.546966458277856,11.97800064086914,11.693000793457031,4.46999979019165,-0.1599999964237213,0.0299999993294477,-0.3512313067913055,0.3838800191879272,-9.73855209350586,0.2333008795976638,0.1316879093647003,-0.7928336262702942,93.0,16.04199981689453,47.3980057,8.5461638,attack,56.916
1776895512.7505162,2026-04-22T22:05:12.750516,out_back_fast_10s,1,47.39855000250671,8.5469679087718,11.97800064086914,11.693000793457031,4.46999979019165,-0.1599999964237213,0.0299999993294477,-0.4197369217872619,0.3871824741363525,-9.962723731994627,0.309325098991394,0.1735338419675827,-0.8118886351585388,93.0,16.04199981689453,47.3980057,8.5461638,attack,57.019
1776895512.8522613,2026-04-22T22:05:12.852261,out_back_fast_10s,1,47.39855097376073,8.54696934362442,11.97800064086914,11.693000793457031,4.46999979019165,-0.1599999964237213,0.0299999993294477,-0.4197369217872619,0.3871824741363525,-9.962723731994627,0.309325098991394,0.1735338419675827,-0.8118886351585388,93.0,16.04199981689453,47.3980057,8.5461638,attack,57.121
1776895512.9534504,2026-04-22T22:05:12.953450,out_back_fast_10s,1,47.39855763970728,8.546970470723506,11.97700023651123,11.69200038909912,4.46999979019165,-0.1599999964237213,0.0299999993294477,-0.4197369217872619,0.3871824741363525,-9.962723731994627,0.309325098991394,0.1735338419675827,-0.8118886351585388,93.0,16.04199981689453,47.3980114,8.5461635,attack,57.222
1776895513.0553017,2026-04-22T22:05:13.055302,out_back_fast_10s,1,47.398558611974096,8.546971907072496,11.97700023651123,11.69200038909912,4.71999979019165,-0.1799999922513961,0.0299999993294477,-0.4197369217872619,0.3871824741363525,-9.962723731994627,0.309325098991394,0.1735338419675827,-0.8118886351585388,93.0,16.04199981689453,47.3980114,8.5461635,attack,57.324
1776895513.1578765,2026-04-22T22:05:13.157876,out_back_fast_10s,1,47.398559591148356,8.546973353626006,11.97700023651123,11.69200038909912,4.71999979019165,-0.1799999922513961,0.0299999993294477,-0.4197369217872619,0.3871824741363525,-9.962723731994627,0.309325098991394,0.1735338419675827,-0.8118886351585388,93.0,16.04199981689453,47.3980114,8.5461635,attack,57.427
1776895513.260522,2026-04-22T22:05:13.260522,out_back_fast_10s,1,47.3985605709963,8.54697480117475,11.97700023651123,11.69200038909912,4.71999979019165,-0.1799999922513961,0.0299999993294477,-0.4789778292179107,0.368339866399765,-9.869989395141602,0.3229489922523498,0.2104915380477905,-0.8220110535621643,93.0,16.04199981689453,47.3980114,8.5461635,attack,57.529
1776895513.362844,2026-04-22T22:05:13.362844,out_back_fast_10s,1,47.39856154775808,8.546976244164243,11.97700023651123,11.69200038909912,4.71999979019165,-0.1799999922513961,0.0299999993294477,-0.4789778292179107,0.368339866399765,-9.869989395141602,0.3229489922523498,0.2104915380477905,-0.8220110535621643,93.0,16.04199981689453,47.3980114,8.5461635,attack,57.632
1776895513.4682033,2026-04-22T22:05:13.468203,out_back_fast_10s,1,47.39856855351295,8.546977430078533,11.97900104522705,11.694000244140623,4.71999979019165,-0.1799999922513961,0.0299999993294477,-0.4789778292179107,0.368339866399765,-9.869989395141602,0.3229489922523498,0.2104915380477905,-0.8220110535621643,93.0,16.04199981689453,47.3980174,8.546163199999999,attack,57.737
1776895513.572522,2026-04-22T22:05:13.572522,out_back_fast_10s,1,47.39856954933339,8.546978901223921,11.97900104522705,11.694000244140623,4.900000095367432,-0.1899999976158142,0.0299999993294477,-0.4789778292179107,0.368339866399765,-9.869989395141602,0.3229489922523498,0.2104915380477905,-0.8220110535621643,93.0,16.04199981689453,47.3980174,8.546163199999999,attack,57.841
1776895513.673973,2026-04-22T22:05:13.673973,out_back_fast_10s,1,47.39857051778118,8.54698033193117,11.97900104522705,11.694000244140623,4.900000095367432,-0.1899999976158142,0.0299999993294477,-0.5358737707138062,0.3296343982219696,-9.785850524902344,0.3237170279026031,0.2691569030284881,-0.8015211820602417,93.0,16.04199981689453,47.3980174,8.546163199999999,attack,57.943
1776895513.7746856,2026-04-22T22:05:13.774686,out_back_fast_10s,1,47.398571479178145,8.546981752222075,11.97900104522705,11.694000244140623,4.900000095367432,-0.1899999976158142,0.0299999993294477,-0.5358737707138062,0.3296343982219696,-9.785850524902344,0.3237170279026031,0.2691569030284881,-0.8015211820602417,93.0,16.04199981689453,47.3980174,8.546163199999999,attack,58.043
1776895513.8783908,2026-04-22T22:05:13.878391,out_back_fast_10s,1,47.3985787691426,8.546982814814367,11.981000900268556,11.696000099182127,5.009999752044678,-0.1700000017881393,0.0299999993294477,-0.5358737707138062,0.3296343982219696,-9.785850524902344,0.3237170279026031,0.2691569030284881,-0.8015211820602417,93.0,16.04199981689453,47.3980237,8.5461628,attack,58.147
1776895513.9814029,2026-04-22T22:05:13.981403,out_back_fast_10s,1,47.39857975249093,8.546984267534635,11.981000900268556,11.696000099182127,5.009999752044678,-0.1700000017881393,0.0299999993294477,-0.5358737707138062,0.3296343982219696,-9.785850524902344,0.3237170279026031,0.2691569030284881,-0.8015211820602417,93.0,16.04199981689453,47.3980237,8.5461628,attack,58.25
1776895514.083862,2026-04-22T22:05:14.083862,out_back_fast_10s,1,47.39858073056137,8.546985712457776,11.981000900268556,11.696000099182127,5.009999752044678,-0.1700000017881393,0.0299999993294477,-0.5784161686897278,0.286584198474884,-9.77905559539795,0.2734518945217132,0.2925546765327453,-0.7440283894538879,93.0,16.04199981689453,47.3980237,8.5461628,attack,58.353
1776895514.1855383,2026-04-22T22:05:14.185538,out_back_fast_10s,1,47.398581701157646,8.54698714633919,11.981000900268556,11.696000099182127,5.009999752044678,-0.1700000017881393,0.0299999993294477,-0.5784161686897278,0.286584198474884,-9.77905559539795,0.2734518945217132,0.2925546765327453,-0.7440283894538879,93.0,16.04199981689453,47.3980237,8.5461628,attack,58.454
1776895514.2871275,2026-04-22T22:05:14.287128,out_back_fast_10s,1,47.3985889709232,8.546988379092104,11.985000610351562,11.700000762939451,5.039999961853027,-0.1299999952316284,0.0299999993294477,-0.5784161686897278,0.286584198474884,-9.77905559539795,0.2734518945217132,0.2925546765327453,-0.7440283894538879,93.0,16.04199981689453,47.39803,8.546162599999999,attack,58.556
1776895514.3889916,2026-04-22T22:05:14.388992,out_back_fast_10s,1,47.39858994331291,8.546989815623165,11.985000610351562,11.700000762939451,5.039999961853027,-0.1299999952316284,0.0299999993294477,-0.626618504524231,0.2514241635799408,-9.781184196472168,0.0968605652451515,0.1282181739807129,-0.6699382066726685,93.0,16.04199981689453,47.39803,8.546162599999999,attack,58.658
1776895514.4900715,2026-04-22T22:05:14.490072,out_back_fast_10s,1,47.39859090821709,8.546991241095686,11.985000610351562,11.700000762939451,5.039999961853027,-0.1299999952316284,0.0299999993294477,-0.626618504524231,0.2514241635799408,-9.781184196472168,0.0968605652451515,0.1282181739807129,-0.6699382066726685,93.0,16.04199981689453,47.39803,8.546162599999999,attack,58.759
1776895514.591367,2026-04-22T22:05:14.591367,out_back_fast_10s,1,47.3985918751787,8.546992669607707,11.985000610351562,11.700000762939451,5.039999961853027,-0.1299999952316284,0.0299999993294477,-0.626618504524231,0.2514241635799408,-9.781184196472168,0.0968605652451515,0.1282181739807129,-0.6699382066726685,93.0,16.04199981689453,47.39803,8.546162599999999,attack,58.86
1776895514.6924255,2026-04-22T22:05:14.692425,out_back_fast_10s,1,47.398598939878035,8.546993994873887,11.988000869750977,11.703001022338867,5.0,-0.0799999982118606,0.0299999993294477,-0.6438108086585999,0.2009261101484298,-9.784246444702148,-0.0317544266581535,0.0170130543410778,-0.5856165885925293,93.0,16.04199981689453,47.3980361,8.5461625,attack,58.961
1776895514.7936144,2026-04-22T22:05:14.793614,out_back_fast_10s,1,47.39859990582231,8.546995421883134,11.988000869750977,11.703001022338867,5.0,-0.0799999982118606,0.0299999993294477,-0.6438108086585999,0.2009261101484298,-9.784246444702148,-0.0317544266581535,0.0170130543410778,-0.5856165885925293,93.0,16.04199981689453,47.3980361,8.5461625,attack,59.062
1776895514.8951285,2026-04-22T22:05:14.895128,out_back_fast_10s,1,47.39860657487095,8.546996853568794,11.993000984191896,11.707000732421877,4.949999809265137,-0.0199999995529651,0.0199999995529651,-0.6438108086585999,0.2009261101484298,-9.784246444702148,-0.0317544266581535,0.0170130543410778,-0.5856165885925293,93.0,16.04199981689453,47.3980418,8.5461625,attack,59.164
1776895514.9973142,2026-04-22T22:05:14.997314,out_back_fast_10s,1,47.3986075503309,8.546998294635895,11.993000984191896,11.707000732421877,4.949999809265137,-0.0199999995529651,0.0199999995529651,-0.6645241975784302,0.1516075581312179,-9.77081298828125,-0.0758454054594039,-0.0276162791997194,-0.506824791431427,93.0,16.04199981689453,47.3980418,8.5461625,attack,59.266
1776895515.098185,2026-04-22T22:05:15.098185,out_back_fast_10s,1,47.398608513239076,8.546999717160013,11.993000984191896,11.707000732421877,4.949999809265137,-0.0199999995529651,0.0199999995529651,-0.6645241975784302,0.1516075581312179,-9.77081298828125,-0.0758454054594039,-0.0276162791997194,-0.506824791431427,93.0,16.04199981689453,47.3980418,8.5461625,attack,59.367
1776895515.2001808,2026-04-22T22:05:15.200181,out_back_fast_10s,1,47.39861558688511,8.547001155644468,11.998000144958496,11.712000846862791,4.900000095367432,0.0099999997764825,0.0199999995529651,-0.6645241975784302,0.1516075581312179,-9.77081298828125,-0.0758454054594039,-0.0276162791997194,-0.506824791431427,93.0,16.04199981689453,47.3980479,8.5461625,attack,59.469
1776895515.301426,2026-04-22T22:05:15.301426,out_back_fast_10s,1,47.398616553366494,8.547002583447533,11.998000144958496,11.712000846862791,4.900000095367432,0.0099999997764825,0.0199999995529651,-0.6628430485725403,0.1131239309906959,-9.757261276245115,-0.0752922669053077,-0.0335503108799457,-0.4247875809669494,93.0,16.04199981689453,47.3980479,8.5461625,attack,59.57
1776895515.4061835,2026-04-22T22:05:15.406183,out_back_fast_10s,1,47.39861755337692,8.547004060783735,11.998000144958496,11.712000846862791,4.900000095367432,0.0099999997764825,0.0199999995529651,-0.6628430485725403,0.1131239309906959,-9.757261276245115,-0.0752922669053077,-0.0335503108799457,-0.4247875809669494,93.0,16.04199981689453,47.3980479,8.5461625,attack,59.675
1776895515.5071995,2026-04-22T22:05:15.507200,out_back_fast_10s,1,47.39862431767114,8.547005685448442,12.005000114440918,11.719000816345217,4.849999904632568,0.0399999991059303,0.0199999995529651,-0.6628430485725403,0.1131239309906959,-9.757261276245115,-0.0752922669053077,-0.0335503108799457,-0.4247875809669494,93.0,16.04199981689453,47.3980537,8.5461627,attack,59.776
1776895515.610246,2026-04-22T22:05:15.610246,out_back_fast_10s,1,47.398625301347195,8.547007138653706,12.005000114440918,11.719000816345217,4.849999904632568,0.0399999991059303,0.0199999995529651,-0.6747702956199646,0.0740307047963142,-9.756468772888184,-0.0676800161600112,-0.08722585439682,-0.3568872511386871,93.0,16.04199981689453,47.3980537,8.5461627,attack,59.879
1776895515.7122788,2026-04-22T22:05:15.712279,out_back_fast_10s,1,47.39862627534827,8.54700857756591,12.005000114440918,11.719000816345217,4.849999904632568,0.0399999991059303,0.0199999995529651,-0.6747702956199646,0.0740307047963142,-9.756468772888184,-0.0676800161600112,-0.08722585439682,-0.3568872511386871,93.0,16.04199981689453,47.3980537,8.5461627,attack,59.981
1776895515.813435,2026-04-22T22:05:15.813435,out_back_fast_10s,1,47.39863274098074,8.547010104203446,12.012001037597656,11.72700023651123,4.819999694824219,0.0599999986588954,0.0199999995529651,-0.6747702956199646,0.0740307047963142,-9.756468772888184,-0.0676800161600112,-0.08722585439682,-0.3568872511386871,93.0,16.04199981689453,47.3980592,8.5461628,attack,60.082
1776895515.9142542,2026-04-22T22:05:15.914254,out_back_fast_10s,1,47.39863370339504,8.54701152599842,12.012001037597656,11.72700023651123,4.819999694824219,0.0599999986588954,0.0199999995529651,-0.6747702956199646,0.0740307047963142,-9.756468772888184,-0.0676800161600112,-0.08722585439682,-0.3568872511386871,93.0,16.04199981689453,47.3980592,8.5461628,attack,60.183
1776895516.0154614,2026-04-22T22:05:16.015461,out_back_fast_10s,1,47.39863466951456,8.547012953267188,12.012001037597656,11.72700023651123,4.819999694824219,0.0599999986588954,0.0199999995529651,-0.6855212450027466,0.0424114018678665,-9.738837242126465,-0.0479780063033103,-0.0577074252068996,-0.2973613440990448,93.0,16.04199981689453,47.3980592,8.5461628,attack,60.284
1776895516.117416,2026-04-22T22:05:16.117416,out_back_fast_10s,1,47.398641542766846,8.547014491168708,12.020000457763672,11.735000610351562,4.809999942779541,0.0700000002980232,0.0199999995529651,-0.6855212450027466,0.0424114018678665,-9.738837242126465,-0.0479780063033103,-0.0577074252068996,-0.2973613440990448,93.0,16.04199981689453,47.3980651,8.546162899999999,attack,60.386
1776895516.2256837,2026-04-22T22:05:16.225683,out_back_fast_10s,1,47.39864257628582,8.547016018008282,12.020000457763672,11.735000610351562,4.809999942779541,0.0700000002980232,0.0199999995529651,-0.6853027939796448,0.0209915414452552,-9.732511520385742,-0.0256675910204648,-0.0404195897281169,-0.2483323067426681,93.0,16.04199981689453,47.3980651,8.546162899999999,attack,60.494
1776895516.326693,2026-04-22T22:05:16.326693,out_back_fast_10s,1,47.39864354051632,8.547017442486517,12.020000457763672,11.735000610351562,4.809999942779541,0.0700000002980232,0.0199999995529651,-0.6853027939796448,0.0209915414452552,-9.732511520385742,-0.0256675910204648,-0.0404195897281169,-0.2483323067426681,93.0,16.04199981689453,47.3980651,8.546162899999999,attack,60.595
1776895516.4282787,2026-04-22T22:05:16.428279,out_back_fast_10s,1,47.39865001024774,8.547018975180741,12.029000282287598,11.744000434875488,4.799999713897705,0.0700000002980232,0.0299999993294477,-0.6853027939796448,0.0209915414452552,-9.732511520385742,-0.0256675910204648,-0.0404195897281169,-0.2483323067426681,93.0,16.04199981689453,47.3980706,8.546163,attack,60.697
1776895516.530711,2026-04-22T22:05:16.530711,out_back_fast_10s,1,47.398650988061,8.547020419725229,12.029000282287598,11.744000434875488,4.799999713897705,0.0700000002980232,0.0299999993294477,-0.6853027939796448,0.0209915414452552,-9.732511520385742,-0.0256675910204648,-0.0404195897281169,-0.2483323067426681,93.0,16.04199981689453,47.3980706,8.546163,attack,60.799
1776895516.632478,2026-04-22T22:05:16.632478,out_back_fast_10s,1,47.39865195952441,8.547021854888948,12.029000282287598,11.744000434875488,4.799999713897705,0.0700000002980232,0.0299999993294477,-0.6802773475646973,0.0076264664530754,-9.717806816101074,-0.0162406861782073,-0.0327472239732742,-0.2084162682294845,93.0,16.04199981689453,47.3980706,8.546163,attack,60.901
1776895516.7353482,2026-04-22T22:05:16.735348,out_back_fast_10s,1,47.39865864151855,8.547023405703019,12.03700065612793,11.75100040435791,4.809999942779541,0.0700000002980232,0.0299999993294477,-0.6802773475646973,0.0076264664530754,-9.717806816101074,-0.0162406861782073,-0.0327472239732742,-0.2084162682294845,93.0,16.04199981689453,47.3980763,8.5461631,attack,61.004
1776895516.8381846,2026-04-22T22:05:16.838185,out_back_fast_10s,1,47.398659623189516,8.547024855946736,12.03700065612793,11.75100040435791,4.809999942779541,0.0700000002980232,0.0299999993294477,-0.6802773475646973,0.0076264664530754,-9.717806816101074,-0.0162406861782073,-0.0327472239732742,-0.2084162682294845,93.0,16.04199981689453,47.3980763,8.5461631,attack,61.107
1776895516.9502404,2026-04-22T22:05:16.950240,out_back_fast_10s,1,47.398660692868496,8.547026436206597,12.03700065612793,11.75100040435791,4.809999942779541,0.0700000002980232,0.0299999993294477,-0.6802773475646973,0.0076264664530754,-9.717806816101074,-0.0162406861782073,-0.0327472239732742,-0.2084162682294845,93.0,16.04199981689453,47.3980763,8.5461631,attack,61.219
1776895517.0531175,2026-04-22T22:05:17.053118,out_back_fast_10s,1,47.39866167492865,8.547027887025264,12.03700065612793,11.75100040435791,4.809999942779541,0.0700000002980232,0.0299999993294477,-0.6835750937461853,-0.0074088787660002,-9.722249031066896,-0.0030381674878299,-0.0152697609737515,-0.1664644479751587,93.0,16.04199981689453,47.3980763,8.5461631,attack,61.322
1776895517.154315,2026-04-22T22:05:17.154315,out_back_fast_10s,1,47.398668140954854,8.547029414247062,12.046000480651855,11.761000633239746,4.829999923706055,0.0599999986588954,0.0299999993294477,-0.6835750937461853,-0.0074088787660002,-9.722249031066896,-0.0030381674878299,-0.0152697609737515,-0.1664644479751587,93.0,16.04199981689453,47.3980818,8.546163199999999,attack,61.423
1776895517.256956,2026-04-22T22:05:17.256956,out_back_fast_10s,1,47.398669120761824,8.547030861737218,12.046000480651855,11.761000633239746,4.829999923706055,0.0599999986588954,0.0299999993294477,-0.6835750937461853,-0.0074088787660002,-9.722249031066896,-0.0030381674878299,-0.0152697609737515,-0.1664644479751587,93.0,16.04199981689453,47.3980818,8.546163199999999,attack,61.526
1776895517.3593802,2026-04-22T22:05:17.359380,out_back_fast_10s,1,47.3986700984977,8.547032306167697,12.046000480651855,11.761000633239746,4.829999923706055,0.0599999986588954,0.0299999993294477,-0.6835750937461853,-0.0074088787660002,-9.722249031066896,-0.0030381674878299,-0.0152697609737515,-0.1664644479751587,93.0,16.04199981689453,47.3980818,8.546163199999999,attack,61.628
1776895517.4605415,2026-04-22T22:05:17.460541,out_back_fast_10s,1,47.39867106417797,8.547033732788156,12.046000480651855,11.761000633239746,4.829999923706055,0.0599999986588954,0.0299999993294477,-0.6837403774261475,-0.0153772383928298,-9.619683265686035,0.0074571822769939,0.0083650816231966,-0.1305725574493408,93.0,16.04199981689453,47.3980818,8.546163199999999,attack,61.729
1776895517.5660594,2026-04-22T22:05:17.566059,out_back_fast_10s,1,47.39867797144633,8.54703522094528,12.06100082397461,11.7760009765625,4.849999904632568,0.0599999986588954,0.0099999997764825,-0.6837403774261475,-0.0153772383928298,-9.619683265686035,0.0074571822769939,0.0083650816231966,-0.1305725574493408,93.0,16.04199981689453,47.3980877,8.546163199999999,attack,61.835
1776895517.6721857,2026-04-22T22:05:17.672186,out_back_fast_10s,1,47.39867898452288,8.54703671758547,12.06100082397461,11.7760009765625,4.849999904632568,0.0599999986588954,0.0099999997764825,-0.6837403774261475,-0.0153772383928298,-9.619683265686035,0.0074571822769939,0.0083650816231966,-0.1305725574493408,93.0,16.04199981689453,47.3980877,8.546163199999999,attack,61.941
1776895517.7735872,2026-04-22T22:05:17.773587,out_back_fast_10s,1,47.39867995249729,8.547038147595273,12.06100082397461,11.7760009765625,4.849999904632568,0.0599999986588954,0.0099999997764825,-0.6808212399482727,-0.0204377919435501,-9.501619338989258,0.0130737712606787,-0.0008743908256292,-0.0956251993775367,93.0,16.04199981689453,47.3980877,8.546163199999999,attack,62.042
1776895517.876469,2026-04-22T22:05:17.876469,out_back_fast_10s,1,47.39868653460068,8.547039698571284,12.07300090789795,11.788000106811523,4.880000114440918,0.0599999986588954,0.0299999993294477,-0.6808212399482727,-0.0204377919435501,-9.501619338989258,0.0130737712606787,-0.0008743908256292,-0.0956251993775367,93.0,16.04199981689453,47.3980933,8.5461633,attack,62.145
1776895517.9811108,2026-04-22T22:05:17.981111,out_back_fast_10s,1,47.39868753350728,8.54704117427805,12.07300090789795,11.788000106811523,4.880000114440918,0.0599999986588954,0.0299999993294477,-0.683971107006073,-0.0245461650192737,-9.523248672485352,0.014499207958579,0.0348614268004894,-0.0518981739878654,93.0,16.04199981689453,47.3980933,8.5461633,attack,62.25
1776895518.082337,2026-04-22T22:05:18.082337,out_back_fast_10s,1,47.398688499806596,8.547042601813363,12.07300090789795,11.788000106811523,4.880000114440918,0.0599999986588954,0.0299999993294477,-0.683971107006073,-0.0245461650192737,-9.523248672485352,0.014499207958579,0.0348614268004894,-0.0518981739878654,93.0,16.04199981689453,47.3980933,8.5461633,attack,62.351
1776895518.1858656,2026-04-22T22:05:18.185866,out_back_fast_10s,1,47.398695488086865,8.547044061921918,12.08400058746338,11.79900074005127,4.909999847412109,0.0499999970197677,0.0499999970197677,-0.683971107006073,-0.0245461650192737,-9.523248672485352,0.014499207958579,0.0348614268004894,-0.0518981739878654,93.0,16.04199981689453,47.3980993,8.5461633,attack,62.455
1776895518.2890582,2026-04-22T22:05:18.289058,out_back_fast_10s,1,47.39869647315807,8.547045517189522,12.08400058746338,11.79900074005127,4.909999847412109,0.0499999970197677,0.0499999970197677,-0.683238685131073,-0.0306281223893165,-9.594242095947266,0.0167033225297927,0.0402467884123325,-0.0135075645521283,93.0,16.04199981689453,47.3980993,8.5461633,attack,62.558
1776895518.4309752,2026-04-22T22:05:18.430975,out_back_fast_10s,1,47.398697827890715,8.547047518566197,12.08400058746338,11.79900074005127,4.909999847412109,0.0499999970197677,0.0499999970197677,-0.683238685131073,-0.0306281223893165,-9.594242095947266,0.0167033225297927,0.0402467884123325,-0.0135075645521283,93.0,16.04199981689453,47.3980993,8.5461633,attack,62.7
1776895518.5324588,2026-04-22T22:05:18.532459,out_back_fast_10s,1,47.39870429664804,8.547048949825388,12.088000297546388,11.803000450134276,4.929999828338623,0.0499999970197677,0.0599999986588954,-0.683238685131073,-0.0306281223893165,-9.594242095947266,0.0167033225297927,0.0402467884123325,-0.0135075645521283,93.0,16.04199981689453,47.3981048,8.5461633,attack,62.801
1776895518.6395571,2026-04-22T22:05:18.639557,out_back_fast_10s,1,47.39870531900357,8.547050460174104,12.088000297546388,11.803000450134276,4.929999828338623,0.0499999970197677,0.0599999986588954,-0.683238685131073,-0.0306281223893165,-9.594242095947266,0.0167033225297927,0.0402467884123325,-0.0135075645521283,93.0,16.04199981689453,47.3981048,8.5461633,attack,62.908
1776895518.7422605,2026-04-22T22:05:18.742260,out_back_fast_10s,1,47.39870629940456,8.54705190854245,12.088000297546388,11.803000450134276,4.929999828338623,0.0499999970197677,0.0599999986588954,-0.6878858208656311,-0.0280955508351326,-9.695727348327637,0.0159233752638101,0.0058421450667083,0.0326967127621173,93.0,16.04199981689453,47.3981048,8.5461633,attack,63.011
1776895518.8437269,2026-04-22T22:05:18.843727,out_back_fast_10s,1,47.39870726799801,8.547053339467258,12.088000297546388,11.803000450134276,4.929999828338623,0.0499999970197677,0.0599999986588954,-0.6878858208656311,-0.0280955508351326,-9.695727348327637,0.0159233752638101,0.0058421450667083,0.0326967127621173,93.0,16.04199981689453,47.3981048,8.5461633,attack,63.112
1776895518.9475,2026-04-22T22:05:18.947500,out_back_fast_10s,1,47.39871455861112,8.547054703028772,12.087000846862791,11.802000999450684,4.949999809265137,0.0499999970197677,0.0700000002980232,-0.6878858208656311,-0.0280955508351326,-9.695727348327637,0.0159233752638101,0.0058421450667083,0.0326967127621173,93.0,16.04199981689453,47.3981111,8.546163199999999,attack,63.216
1776895519.0515842,2026-04-22T22:05:19.051584,out_back_fast_10s,1,47.39871555219431,8.54705617087165,12.087000846862791,11.802000999450684,4.949999809265137,0.0499999970197677,0.0700000002980232,-0.6878858208656311,-0.0280955508351326,-9.695727348327637,0.0159233752638101,0.0058421450667083,0.0326967127621173,93.0,16.04199981689453,47.3981111,8.546163199999999,attack,63.32
1776895519.1535034,2026-04-22T22:05:19.153503,out_back_fast_10s,1,47.39871652510976,8.54705760818161,12.087000846862791,11.802000999450684,4.949999809265137,0.0499999970197677,0.0700000002980232,-0.6826087236404419,-0.0207947958260774,-9.761256217956545,0.0050502931699156,0.0641374364495277,0.0681711137294769,93.0,16.04199981689453,47.3981111,8.546163199999999,attack,63.422
1776895519.2547276,2026-04-22T22:05:19.254728,out_back_fast_10s,1,47.398717491390876,8.547059035690507,12.087000846862791,11.802000999450684,4.949999809265137,0.0499999970197677,0.0700000002980232,-0.6826087236404419,-0.0207947958260774,-9.761256217956545,0.0050502931699156,0.0641374364495277,0.0681711137294769,93.0,16.04199981689453,47.3981111,8.546163199999999,attack,63.523
1776895519.3581817,2026-04-22T22:05:19.358182,out_back_fast_10s,1,47.39872477895877,8.547060494754152,12.087000846862791,11.801000595092772,4.96999979019165,0.0499999970197677,0.0700000002980232,-0.6826087236404419,-0.0207947958260774,-9.761256217956545,0.0050502931699156,0.0641374364495277,0.0681711137294769,93.0,16.04199981689453,47.3981174,8.546163199999999,attack,63.627
1776895519.459496,2026-04-22T22:05:19.459496,out_back_fast_10s,1,47.39872574610018,8.547061923534164,12.087000846862791,11.801000595092772,4.96999979019165,0.0499999970197677,0.0700000002980232,-0.6826087236404419,-0.0207947958260774,-9.761256217956545,0.0050502931699156,0.0641374364495277,0.0681711137294769,93.0,16.04199981689453,47.3981174,8.546163199999999,attack,63.728
1776895519.5653648,2026-04-22T22:05:19.565365,out_back_fast_10s,1,47.39872675671873,8.54706341654393,12.087000846862791,11.801000595092772,4.96999979019165,0.0499999970197677,0.0700000002980232,-0.6826087236404419,-0.0207947958260774,-9.761256217956545,0.0050502931699156,0.0641374364495277,0.0681711137294769,93.0,16.04199981689453,47.3981174,8.546163199999999,attack,63.834
1776895519.668342,2026-04-22T22:05:19.668342,out_back_fast_10s,1,47.39872773973477,8.54706486877589,12.087000846862791,11.801000595092772,4.96999979019165,0.0499999970197677,0.0700000002980232,-0.6832543611526489,-0.0198619738221168,-9.7836332321167,0.0041292598471045,0.044569443911314,0.0796832963824272,93.0,16.04199981689453,47.3981174,8.546163199999999,attack,63.937
1776895519.770378,2026-04-22T22:05:19.770378,out_back_fast_10s,1,47.39872871376542,8.547066307733541,12.087000846862791,11.801000595092772,4.96999979019165,0.0499999970197677,0.0700000002980232,-0.6832543611526489,-0.0198619738221168,-9.7836332321167,0.0041292598471045,0.044569443911314,0.0796832963824272,93.0,16.04199981689453,47.3981174,8.546163199999999,attack,64.039
1776895519.872284,2026-04-22T22:05:19.872284,out_back_fast_10s,1,47.39873558655343,8.547067644956673,12.085000991821287,11.800000190734863,4.96999979019165,0.0499999970197677,0.0700000002980232,-0.6832543611526489,-0.0198619738221168,-9.7836332321167,0.0041292598471045,0.044569443911314,0.0796832963824272,93.0,16.04199981689453,47.3981233,8.5461631,attack,64.141
1776895519.9774585,2026-04-22T22:05:19.977458,out_back_fast_10s,1,47.39873659054446,8.547069128175629,12.085000991821287,11.800000190734863,4.96999979019165,0.0499999970197677,0.0700000002980232,-0.6832543611526489,-0.0198619738221168,-9.7836332321167,0.0041292598471045,0.044569443911314,0.0796832963824272,93.0,16.04199981689453,47.3981233,8.5461631,attack,64.246
1776895520.0812385,2026-04-22T22:05:20.081238,out_back_fast_10s,1,47.398737581223564,8.547070591728568,12.085000991821287,11.800000190734863,4.96999979019165,0.0499999970197677,0.0700000002980232,-0.682318925857544,-0.0090593146160244,-9.812477111816406,0.0030628670938313,0.0188532043248415,0.0733053535223007,93.0,16.04199981689453,47.3981233,8.5461631,attack,64.35
1776895520.183535,2026-04-22T22:05:20.183535,out_back_fast_10s,1,47.398738557741815,8.547072034361362,12.085000991821287,11.800000190734863,4.96999979019165,0.0499999970197677,0.0700000002980232,-0.682318925857544,-0.0090593146160244,-9.812477111816406,0.0030628670938313,0.0188532043248415,0.0733053535223007,93.0,16.04199981689453,47.3981233,8.5461631,attack,64.452
1776895520.286215,2026-04-22T22:05:20.286215,out_back_fast_10s,1,47.39874573791977,8.547073482507836,12.082000732421877,11.797000885009766,4.96999979019165,0.0499999970197677,0.0599999986588954,-0.682318925857544,-0.0090593146160244,-9.812477111816406,0.0030628670938313,0.0188532043248415,0.0733053535223007,93.0,16.04199981689453,47.3981295,8.5461631,attack,64.555
1776895520.3880568,2026-04-22T22:05:20.388057,out_back_fast_10s,1,47.398746710095544,8.547074918725555,12.082000732421877,11.797000885009766,4.96999979019165,0.0499999970197677,0.0599999986588954,-0.682318925857544,-0.0090593146160244,-9.812477111816406,0.0030628670938313,0.0188532043248415,0.0733053535223007,93.0,16.04199981689453,47.3981295,8.5461631,attack,64.657
1776895520.490203,2026-04-22T22:05:20.490203,out_back_fast_10s,1,47.39874768517768,8.547076359236915,12.082000732421877,11.797000885009766,4.96999979019165,0.0499999970197677,0.0599999986588954,-0.6891756653785706,-0.0083382381126284,-9.82578468322754,0.0050730165094137,0.013181515969336,0.0535137914121151,70.0,15.63800048828125,47.3981295,8.5461631,attack,64.759
1776895520.5956056,2026-04-22T22:05:20.595606,out_back_fast_10s,1,47.398754191346775,8.547077745769238,12.082000732421877,11.796000480651855,4.96999979019165,0.0499999970197677,0.0499999970197677,-0.6891756653785706,-0.0083382381126284,-9.82578468322754,0.0050730165094137,0.013181515969336,0.0535137914121151,70.0,15.63800048828125,47.398135,8.546163,attack,64.864
1776895520.6966124,2026-04-22T22:05:20.696612,out_back_fast_10s,1,47.39875515555224,8.547079170212378,12.082000732421877,11.796000480651855,4.96999979019165,0.0499999970197677,0.0499999970197677,-0.6785989999771118,0.0021060528233647,-9.814072608947754,0.0090960999950766,0.0017631313530728,0.0312141571193933,70.0,15.63800048828125,47.398135,8.546163,attack,64.965
1776895520.7977774,2026-04-22T22:05:20.797777,out_back_fast_10s,1,47.39875612126892,8.547080596888074,12.082000732421877,11.796000480651855,4.96999979019165,0.0499999970197677,0.0499999970197677,-0.6785989999771118,0.0021060528233647,-9.814072608947754,0.0090960999950766,0.0017631313530728,0.0312141571193933,70.0,15.63800048828125,47.398135,8.546163,attack,65.066
1776895520.8992634,2026-04-22T22:05:20.899263,out_back_fast_10s,1,47.398763690049,8.54708202820453,12.081000328063965,11.795001029968262,4.949999809265137,0.0599999986588954,0.0499999970197677,-0.6785989999771118,0.0021060528233647,-9.814072608947754,0.0090960999950766,0.0017631313530728,0.0312141571193933,70.0,15.63800048828125,47.3981416,8.546163,attack,65.168
1776895521.0017867,2026-04-22T22:05:21.001787,out_back_fast_10s,1,47.398764668731665,8.54708347403536,12.081000328063965,11.795001029968262,4.949999809265137,0.0599999986588954,0.0499999970197677,-0.6780995726585388,-0.0003625722602009,-9.823704719543455,0.0048322896473109,-0.004086394328624,0.0070709218271076,70.0,15.63800048828125,47.3981416,8.546163,attack,65.27
1776895521.108533,2026-04-22T22:05:21.108533,out_back_fast_10s,1,47.398765687725636,8.547084979419031,12.081000328063965,11.795001029968262,4.949999809265137,0.0599999986588954,0.0499999970197677,-0.6780995726585388,-0.0003625722602009,-9.823704719543455,0.0048322896473109,-0.004086394328624,0.0070709218271076,70.0,15.63800048828125,47.3981416,8.546163,attack,65.377
1776895521.2120173,2026-04-22T22:05:21.212017,out_back_fast_10s,1,47.398772775582586,8.547086438910151,12.081000328063965,11.795001029968262,4.940000057220459,0.0599999986588954,0.0399999991059303,-0.6780995726585388,-0.0003625722602009,-9.823704719543455,0.0048322896473109,-0.004086394328624,0.0070709218271076,70.0,15.63800048828125,47.3981477,8.546163,attack,65.481
1776895521.3129504,2026-04-22T22:05:21.312950,out_back_fast_10s,1,47.39877373908478,8.547087862314685,12.081000328063965,11.795001029968262,4.940000057220459,0.0599999986588954,0.0399999991059303,-0.6780995726585388,-0.0003625722602009,-9.823704719543455,0.0048322896473109,-0.004086394328624,0.0070709218271076,70.0,15.63800048828125,47.3981477,8.546163,attack,65.582
1776895521.414333,2026-04-22T22:05:21.414333,out_back_fast_10s,1,47.39877470687939,8.547089292060496,12.081000328063965,11.795001029968262,4.940000057220459,0.0599999986588954,0.0399999991059303,-0.6780995726585388,-0.0003625722602009,-9.823704719543455,0.0048322896473109,-0.004086394328624,0.0070709218271076,70.0,15.63800048828125,47.3981477,8.546163,attack,65.683
1776895521.5155056,2026-04-22T22:05:21.515506,out_back_fast_10s,1,47.398775672666616,8.547090718840767,12.081000328063965,11.795001029968262,4.940000057220459,0.0599999986588954,0.0399999991059303,-0.6718398928642273,-0.0057081552222371,-9.77056121826172,0.0020212256349623,0.0018280553631484,-0.012017386034131,70.0,15.63800048828125,47.3981477,8.546163,attack,65.784
1776895521.6183512,2026-04-22T22:05:21.618351,out_back_fast_10s,1,47.39878245442634,8.54709216931986,12.087000846862791,11.802000999450684,4.940000057220459,0.0599999986588954,0.0199999995529651,-0.6718398928642273,-0.0057081552222371,-9.77056121826172,0.0020212256349623,0.0018280553631484,-0.012017386034131,70.0,15.63800048828125,47.3981535,8.546163,attack,65.887
1776895521.7233832,2026-04-22T22:05:21.723383,out_back_fast_10s,1,47.39878345705636,8.547093650529016,12.087000846862791,11.802000999450684,4.940000057220459,0.0599999986588954,0.0199999995529651,-0.6718398928642273,-0.0057081552222371,-9.77056121826172,0.0020212256349623,0.0018280553631484,-0.012017386034131,70.0,15.63800048828125,47.3981535,8.546163,attack,65.992
1776895521.8263085,2026-04-22T22:05:21.826308,out_back_fast_10s,1,47.39878443957625,8.54709510202899,12.087000846862791,11.802000999450684,4.940000057220459,0.0599999986588954,0.0199999995529651,-0.6716475486755371,-0.00503930170089,-9.678610801696776,0.0069746570661664,-0.0237216372042894,-0.0221066195517778,70.0,15.63800048828125,47.3981535,8.546163,attack,66.095
1776895521.9282067,2026-04-22T22:05:21.928207,out_back_fast_10s,1,47.39878541229142,8.547096539044226,12.087000846862791,11.802000999450684,4.940000057220459,0.0599999986588954,0.0199999995529651,-0.6716475486755371,-0.00503930170089,-9.678610801696776,0.0069746570661664,-0.0237216372042894,-0.0221066195517778,70.0,15.63800048828125,47.3981535,8.546163,attack,66.197
1776895522.031425,2026-04-22T22:05:22.031425,out_back_fast_10s,1,47.398792497608426,8.5470979947847,12.093000411987305,11.807000160217283,4.929999828338623,0.0700000002980232,0.0199999995529651,-0.6716475486755371,-0.00503930170089,-9.678610801696776,0.0069746570661664,-0.0237216372042894,-0.0221066195517778,70.0,15.63800048828125,47.3981596,8.546163,attack,66.3
1776895522.1385372,2026-04-22T22:05:22.138537,out_back_fast_10s,1,47.39879352009595,8.54709950533,12.093000411987305,11.807000160217283,4.929999828338623,0.0700000002980232,0.0199999995529651,-0.6640690565109253,-0.0128106884658336,-9.677571296691896,0.0011649396037682,0.0127829397097229,-0.0303788743913173,70.0,15.63800048828125,47.3981596,8.546163,attack,66.407
1776895522.241914,2026-04-22T22:05:22.241914,out_back_fast_10s,1,47.39879450692645,8.547100963198318,12.093000411987305,11.807000160217283,4.929999828338623,0.0700000002980232,0.0199999995529651,-0.6640690565109253,-0.0128106884658336,-9.677571296691896,0.0011649396037682,0.0127829397097229,-0.0303788743913173,70.0,15.63800048828125,47.3981596,8.546163,attack,66.511
1776895522.3442092,2026-04-22T22:05:22.344209,out_back_fast_10s,1,47.39879548343105,8.54710240581193,12.093000411987305,11.807000160217283,4.929999828338623,0.0700000002980232,0.0199999995529651,-0.6640690565109253,-0.0128106884658336,-9.677571296691896,0.0011649396037682,0.0127829397097229,-0.0303788743913173,70.0,15.63800048828125,47.3981596,8.546163,attack,66.613
1776895522.4513376,2026-04-22T22:05:22.451338,out_back_fast_10s,1,47.39880270607335,8.547104016696583,12.098000526428224,11.813000679016112,4.929999828338623,0.0700000002980232,0.0299999993294477,-0.6640690565109253,-0.0128106884658336,-9.677571296691896,0.0011649396037682,0.0127829397097229,-0.0303788743913173,70.0,15.63800048828125,47.3981658,8.5461631,attack,66.72
1776895522.5520115,2026-04-22T22:05:22.552011,out_back_fast_10s,1,47.3988036671016,8.547105436446797,12.098000526428224,11.813000679016112,4.929999828338623,0.0700000002980232,0.0299999993294477,-0.6640690565109253,-0.0128106884658336,-9.677571296691896,0.0011649396037682,0.0127829397097229,-0.0303788743913173,70.0,15.63800048828125,47.3981658,8.5461631,attack,66.821
1776895522.6542585,2026-04-22T22:05:22.654258,out_back_fast_10s,1,47.39880464314646,8.547106878381397,12.098000526428224,11.813000679016112,4.929999828338623,0.0700000002980232,0.0299999993294477,-0.677134096622467,-0.0206500329077243,-9.715826034545898,-0.009179669432342,0.0024912350345402,-0.0287181939929723,70.0,15.63800048828125,47.3981658,8.5461631,attack,66.923
1776895522.7557578,2026-04-22T22:05:22.755758,out_back_fast_10s,1,47.398805612054,8.54710830977186,12.098000526428224,11.813000679016112,4.929999828338623,0.0700000002980232,0.0299999993294477,-0.677134096622467,-0.0206500329077243,-9.715826034545898,-0.009179669432342,0.0024912350345402,-0.0287181939929723,70.0,15.63800048828125,47.3981658,8.5461631,attack,67.024
1776895522.857643,2026-04-22T22:05:22.857643,out_back_fast_10s,1,47.39881238464399,8.547109846706709,12.101000785827637,11.815000534057615,4.929999828338623,0.0700000002980232,0.0299999993294477,-0.677134096622467,-0.0206500329077243,-9.715826034545898,-0.009179669432342,0.0024912350345402,-0.0287181939929723,70.0,15.63800048828125,47.3981716,8.546163199999999,attack,67.126
1776895522.9600923,2026-04-22T22:05:22.960092,out_back_fast_10s,1,47.39881336262111,8.547111291496051,12.101000785827637,11.815000534057615,4.929999828338623,0.0799999982118606,0.0299999993294477,-0.677134096622467,-0.0206500329077243,-9.715826034545898,-0.009179669432342,0.0024912350345402,-0.0287181939929723,70.0,15.63800048828125,47.3981716,8.546163199999999,attack,67.229
1776895523.0616298,2026-04-22T22:05:23.061630,out_back_fast_10s,1,47.3988143318928,8.547112723424636,12.101000785827637,11.815000534057615,4.929999828338623,0.0799999982118606,0.0299999993294477,-0.677134096622467,-0.0206500329077243,-9.715826034545898,-0.009179669432342,0.0024912350345402,-0.0287181939929723,70.0,15.63800048828125,47.3981716,8.546163199999999,attack,67.33
1776895523.164608,2026-04-22T22:05:23.164608,out_back_fast_10s,1,47.39881531491794,8.547114175671538,12.101000785827637,11.815000534057615,4.929999828338623,0.0799999982118606,0.0299999993294477,-0.6683031320571899,-0.0170204788446426,-9.758257865905762,-0.0167924016714096,0.0171927828341722,-0.0248267985880374,70.0,15.63800048828125,47.3981716,8.546163199999999,attack,67.433
1776895523.2656178,2026-04-22T22:05:23.265618,out_back_fast_10s,1,47.39881627915299,8.547115600159376,12.101000785827637,11.815000534057615,4.929999828338623,0.0799999982118606,0.0299999993294477,-0.6683031320571899,-0.0170204788446426,-9.758257865905762,-0.0167924016714096,0.0171927828341722,-0.0248267985880374,70.0,15.63800048828125,47.3981716,8.546163199999999,attack,67.534
1776895523.3683608,2026-04-22T22:05:23.368361,out_back_fast_10s,1,47.39881725993178,8.547117049087698,12.101000785827637,11.815000534057615,4.929999828338623,0.0799999982118606,0.0299999993294477,-0.6683031320571899,-0.0170204788446426,-9.758257865905762,-0.0167924016714096,0.0171927828341722,-0.0248267985880374,70.0,15.63800048828125,47.3981716,8.546163199999999,attack,67.637
1776895523.4706037,2026-04-22T22:05:23.470604,out_back_fast_10s,1,47.398824535937955,8.54711859107952,12.10200023651123,11.81700038909912,4.929999828338623,0.089999996125698,0.0299999993294477,-0.6683031320571899,-0.0170204788446426,-9.758257865905762,-0.0167924016714096,0.0171927828341722,-0.0248267985880374,70.0,15.63800048828125,47.3981779,8.5461633,attack,67.739
1776895523.573398,2026-04-22T22:05:23.573398,out_back_fast_10s,1,47.39882551720836,8.54712004073427,12.10200023651123,11.81700038909912,4.929999828338623,0.089999996125698,0.0299999993294477,-0.6683031320571899,-0.0170204788446426,-9.758257865905762,-0.0167924016714096,0.0171927828341722,-0.0248267985880374,70.0,15.63800048828125,47.3981779,8.5461633,attack,67.842
1776895523.6776714,2026-04-22T22:05:23.677671,out_back_fast_10s,1,47.39882651259636,8.547121511245306,12.10200023651123,11.81700038909912,4.929999828338623,0.089999996125698,0.0299999993294477,-0.6659926772117615,-0.017439367249608,-9.764602661132812,-0.0161743368953466,0.0172082614153623,-0.0177474804222583,70.0,15.63800048828125,47.3981779,8.5461633,attack,67.946
1776895523.7794175,2026-04-22T22:05:23.779418,out_back_fast_10s,1,47.398827483859485,8.547122946116065,12.10200023651123,11.81700038909912,4.929999828338623,0.089999996125698,0.0299999993294477,-0.6659926772117615,-0.017439367249608,-9.764602661132812,-0.0161743368953466,0.0172082614153623,-0.0177474804222583,70.0,15.63800048828125,47.3981779,8.5461633,attack,68.048
1776895523.8854735,2026-04-22T22:05:23.885473,out_back_fast_10s,1,47.398828496264635,8.547124441766945,12.10200023651123,11.81700038909912,4.929999828338623,0.089999996125698,0.0299999993294477,-0.6659926772117615,-0.017439367249608,-9.764602661132812,-0.0161743368953466,0.0172082614153623,-0.0177474804222583,70.0,15.63800048828125,47.3981779,8.5461633,attack,68.154
1776895523.9864504,2026-04-22T22:05:23.986450,out_back_fast_10s,1,47.3988294601856,8.547125865790957,12.10200023651123,11.81700038909912,4.929999828338623,0.089999996125698,0.0299999993294477,-0.6659926772117615,-0.017439367249608,-9.764602661132812,-0.0161743368953466,0.0172082614153623,-0.0177474804222583,70.0,15.63800048828125,47.3981779,8.5461633,attack,68.255
1776895524.087505,2026-04-22T22:05:24.087505,out_back_fast_10s,1,47.39883622484852,8.54712739101719,12.10400104522705,11.819000244140623,4.929999828338623,0.089999996125698,0.0299999993294477,-0.6659926772117615,-0.017439367249608,-9.764602661132812,-0.0161743368953466,0.0172082614153623,-0.0177474804222583,70.0,15.63800048828125,47.3981837,8.5461634,attack,68.356
1776895524.1897802,2026-04-22T22:05:24.189780,out_back_fast_10s,1,47.39883720116194,8.54712883334903,12.10400104522705,11.819000244140623,4.929999828338623,0.089999996125698,0.0299999993294477,-0.6659926772117615,-0.017439367249608,-9.764602661132812,-0.0161743368953466,0.0172082614153623,-0.0177474804222583,70.0,15.63800048828125,47.3981837,8.5461634,attack,68.458
1776895524.29521,2026-04-22T22:05:24.295210,out_back_fast_10s,1,47.39883820758822,8.547130320167335,12.10400104522705,11.819000244140623,4.929999828338623,0.089999996125698,0.0299999993294477,-0.6674801111221313,-0.0224999599158763,-9.798087120056152,-0.0132013503462076,-0.0210232231765985,-0.0098582776263356,70.0,15.63800048828125,47.3981837,8.5461634,attack,68.564
1776895524.3970828,2026-04-22T22:05:24.397083,out_back_fast_10s,1,47.39883918006214,8.547131756826992,12.10400104522705,11.819000244140623,4.929999828338623,0.089999996125698,0.0299999993294477,-0.6674801111221313,-0.0224999599158763,-9.798087120056152,-0.0132013503462076,-0.0210232231765985,-0.0098582776263356,70.0,15.63800048828125,47.3981837,8.5461634,attack,68.666
1776895524.500669,2026-04-22T22:05:24.500669,out_back_fast_10s,1,47.39884016889091,8.547133217648067,12.10400104522705,11.819000244140623,4.929999828338623,0.089999996125698,0.0299999993294477,-0.6674801111221313,-0.0224999599158763,-9.798087120056152,-0.0132013503462076,-0.0210232231765985,-0.0098582776263356,70.0,15.63800048828125,47.3981837,8.5461634,attack,68.769
1776895524.6016085,2026-04-22T22:05:24.601608,out_back_fast_10s,1,47.39884733245456,8.547134841258645,12.105000495910645,11.819000244140623,4.929999828338623,0.089999996125698,0.0299999993294477,-0.6674801111221313,-0.0224999599158763,-9.798087120056152,-0.0132013503462076,-0.0210232231765985,-0.0098582776263356,70.0,15.63800048828125,47.3981899,8.5461636,attack,68.87
1776895524.7060428,2026-04-22T22:05:24.706043,out_back_fast_10s,1,47.398848329378815,8.54713631403956,12.105000495910645,11.819000244140623,4.929999828338623,0.089999996125698,0.0299999993294477,-0.6682577729225159,-0.0185641273856163,-9.826069831848145,-0.0102601870894432,-0.0209820978343486,-0.0040566259995102,70.0,15.63800048828125,47.3981899,8.5461636,attack,68.975
1776895524.8073244,2026-04-22T22:05:24.807324,out_back_fast_10s,1,47.398849296208425,8.547137742360905,12.105000495910645,11.819000244140623,4.929999828338623,0.089999996125698,0.0299999993294477,-0.6682577729225159,-0.0185641273856163,-9.826069831848145,-0.0102601870894432,-0.0209820978343486,-0.0040566259995102,70.0,15.63800048828125,47.3981899,8.5461636,attack,69.076
1776895524.908687,2026-04-22T22:05:24.908687,out_back_fast_10s,1,47.39885026381185,8.547139171825426,12.105000495910645,11.819000244140623,4.929999828338623,0.089999996125698,0.0299999993294477,-0.6682577729225159,-0.0185641273856163,-9.826069831848145,-0.0102601870894432,-0.0209820978343486,-0.0040566259995102,70.0,15.63800048828125,47.3981899,8.5461636,attack,69.177
1776895525.010169,2026-04-22T22:05:25.010169,out_back_fast_10s,1,47.39885733255325,8.547140703084205,12.106000900268556,11.820000648498535,4.929999828338623,0.0799999982118606,0.0199999995529651,-0.6682577729225159,-0.0185641273856163,-9.826069831848145,-0.0102601870894432,-0.0209820978343486,-0.0040566259995102,70.0,15.63800048828125,47.398196,8.5461637,attack,69.279
1776895525.111738,2026-04-22T22:05:25.111738,out_back_fast_10s,1,47.398858302125355,8.547142135457275,12.106000900268556,11.820000648498535,4.929999828338623,0.0799999982118606,0.0199999995529651,-0.6682577729225159,-0.0185641273856163,-9.826069831848145,-0.0102601870894432,-0.0209820978343486,-0.0040566259995102,70.0,15.63800048828125,47.398196,8.5461637,attack,69.38
1776895525.2166305,2026-04-22T22:05:25.216630,out_back_fast_10s,1,47.398859303423954,8.547143614700687,12.106000900268556,11.820000648498535,4.929999828338623,0.0799999982118606,0.0199999995529651,-0.6786518692970276,-0.022754656150937,-9.779755592346191,-0.0084172608330845,0.0250502899289131,0.0005787845584563,70.0,15.63800048828125,47.398196,8.5461637,attack,69.485
1776895525.321314,2026-04-22T22:05:25.321314,out_back_fast_10s,1,47.39886030272884,8.54714509099873,12.106000900268556,11.820000648498535,4.929999828338623,0.0799999982118606,0.0199999995529651,-0.6786518692970276,-0.022754656150937,-9.779755592346191,-0.0084172608330845,0.0250502899289131,0.0005787845584563,70.0,15.63800048828125,47.398196,8.5461637,attack,69.59
1776895525.4283442,2026-04-22T22:05:25.428344,out_back_fast_10s,1,47.39886132443345,8.547146600388444,12.106000900268556,11.820000648498535,4.929999828338623,0.0799999982118606,0.0199999995529651,-0.6786518692970276,-0.022754656150937,-9.779755592346191,-0.0084172608330845,0.0250502899289131,0.0005787845584563,70.0,15.63800048828125,47.398196,8.5461637,attack,69.697
1776895525.5326717,2026-04-22T22:05:25.532671,out_back_fast_10s,1,47.39886852033809,8.547148171779057,12.109000205993652,11.824000358581545,4.929999828338623,0.0799999982118606,0.0199999995529651,-0.6786518692970276,-0.022754656150937,-9.779755592346191,-0.0084172608330845,0.0250502899289131,0.0005787845584563,70.0,15.63800048828125,47.3982022,8.5461638,attack,69.801
1776895525.635248,2026-04-22T22:05:25.635248,out_back_fast_10s,1,47.398869499526015,8.54714961835798,12.109000205993652,11.824000358581545,4.929999828338623,0.0799999982118606,0.0199999995529651,-0.6781171560287476,-0.0281016826629638,-9.792706489562988,-0.0008655718411318,-0.0078556882217526,0.0025916171725839,70.0,15.63800048828125,47.3982022,8.5461638,attack,69.904
1776895525.7373102,2026-04-22T22:05:25.737310,out_back_fast_10s,1,47.39887047380703,8.547151057687799,12.109000205993652,11.824000358581545,4.929999828338623,0.0799999982118606,0.0199999995529651,-0.6781171560287476,-0.0281016826629638,-9.792706489562988,-0.0008655718411318,-0.0078556882217526,0.0025916171725839,70.0,15.63800048828125,47.3982022,8.5461638,attack,70.006
1776895525.8403647,2026-04-22T22:05:25.840365,out_back_fast_10s,1,47.398877257560464,8.547152511120313,12.112000465393066,11.827000617980955,4.929999828338623,0.0700000002980232,0.0199999995529651,-0.6781171560287476,-0.0281016826629638,-9.792706489562988,-0.0008655718411318,-0.0078556882217526,0.0025916171725839,70.0,15.63800048828125,47.398208,8.5461638,attack,70.109
1776895525.9453547,2026-04-22T22:05:25.945355,out_back_fast_10s,1,47.398878259789925,8.547153991739238,12.112000465393066,11.827000617980955,4.929999828338623,0.0700000002980232,0.0199999995529651,-0.6781171560287476,-0.0281016826629638,-9.792706489562988,-0.0008655718411318,-0.0078556882217526,0.0025916171725839,70.0,15.63800048828125,47.398208,8.5461638,attack,70.214
1776895526.0530326,2026-04-22T22:05:26.053033,out_back_fast_10s,1,47.398879287678234,8.547155510264645,12.112000465393066,11.827000617980955,4.929999828338623,0.0700000002980232,0.0199999995529651,-0.6781171560287476,-0.0281016826629638,-9.792706489562988,-0.0008655718411318,-0.0078556882217526,0.0025916171725839,70.0,15.63800048828125,47.398208,8.5461638,attack,70.322
1776895526.155619,2026-04-22T22:05:26.155619,out_back_fast_10s,1,47.39888026696175,8.54715695698494,12.112000465393066,11.827000617980955,4.929999828338623,0.0700000002980232,0.0199999995529651,-0.6705359220504761,-0.0116498600691556,-9.785435676574709,0.0049965507350862,-0.0269679240882396,0.00326664512977,70.0,15.63800048828125,47.398208,8.5461638,attack,70.424
1776895526.257149,2026-04-22T22:05:26.257149,out_back_fast_10s,1,47.39888123616288,8.547158388810285,12.112000465393066,11.827000617980955,4.929999828338623,0.0700000002980232,0.0199999995529651,-0.6705359220504761,-0.0116498600691556,-9.785435676574709,0.0049965507350862,-0.0269679240882396,0.00326664512977,70.0,15.63800048828125,47.398208,8.5461638,attack,70.526
1776895526.3603032,2026-04-22T22:05:26.360303,out_back_fast_10s,1,47.398888020867666,8.547159843649204,12.117000579833984,11.831000328063965,4.929999828338623,0.0599999986588954,0.0199999995529651,-0.6705359220504761,-0.0116498600691556,-9.785435676574709,0.0049965507350862,-0.0269679240882396,0.00326664512977,70.0,15.63800048828125,47.3982138,8.5461638,attack,70.629
1776895526.4664526,2026-04-22T22:05:26.466453,out_back_fast_10s,1,47.39888903416498,8.54716134061912,12.117000579833984,11.831000328063965,4.929999828338623,0.0599999986588954,0.0199999995529651,-0.6705359220504761,-0.0116498600691556,-9.785435676574709,0.0049965507350862,-0.0269679240882396,0.00326664512977,70.0,15.63800048828125,47.3982138,8.5461638,attack,70.735
1776895526.5897028,2026-04-22T22:05:26.589703,out_back_fast_10s,1,47.3988902107058,8.547163078752822,12.117000579833984,11.831000328063965,4.929999828338623,0.0599999986588954,0.0199999995529651,-0.669635534286499,-0.0215367767959833,-9.774299621582031,0.0076701319776475,-0.0389987379312515,0.003064586315304,70.0,15.63800048828125,47.3982138,8.5461638,attack,70.858
1776895526.7014031,2026-04-22T22:05:26.701403,out_back_fast_10s,1,47.39889757699137,8.5471646541233,12.122000694274902,11.836000442504885,4.929999828338623,0.0499999970197677,0.0099999997764825,-0.669635534286499,-0.0215367767959833,-9.774299621582031,0.0076701319776475,-0.0389987379312515,0.003064586315304,70.0,15.63800048828125,47.3982201,8.5461638,attack,70.97
1776895526.8041024,2026-04-22T22:05:26.804102,out_back_fast_10s,1,47.39889855735367,8.547166102437657,12.122000694274902,11.836000442504885,4.929999828338623,0.0499999970197677,0.0099999997764825,-0.669635534286499,-0.0215367767959833,-9.774299621582031,0.0076701319776475,-0.0389987379312515,0.003064586315304,70.0,15.63800048828125,47.3982201,8.5461638,attack,71.073
1776895526.9054377,2026-04-22T22:05:26.905437,out_back_fast_10s,1,47.398899524695366,8.547167531516335,12.122000694274902,11.836000442504885,4.929999828338623,0.0499999970197677,0.0099999997764825,-0.6675735116004944,-0.0194033402949571,-9.748889923095703,0.0091672893613576,0.0108993835747241,0.0008659808663651,70.0,15.63800048828125,47.3982201,8.5461638,attack,71.174
1776895527.0063431,2026-04-22T22:05:27.006343,out_back_fast_10s,1,47.39890048793355,8.5471689545328,12.122000694274902,11.836000442504885,4.929999828338623,0.0499999970197677,0.0099999997764825,-0.6675735116004944,-0.0194033402949571,-9.748889923095703,0.0091672893613576,0.0108993835747241,0.0008659808663651,70.0,15.63800048828125,47.3982201,8.5461638,attack,71.275
1776895527.1152506,2026-04-22T22:05:27.115251,out_back_fast_10s,1,47.39890152755885,8.547170490397898,12.122000694274902,11.836000442504885,4.929999828338623,0.0499999970197677,0.0099999997764825,-0.6675735116004944,-0.0194033402949571,-9.748889923095703,0.0091672893613576,0.0108993835747241,0.0008659808663651,70.0,15.63800048828125,47.3982201,8.5461638,attack,71.384
1776895527.229154,2026-04-22T22:05:27.229154,out_back_fast_10s,1,47.398908714876306,8.547172096836576,12.129000663757324,11.843000411987305,4.940000057220459,0.0399999991059303,0.0099999997764825,-0.6675735116004944,-0.0194033402949571,-9.748889923095703,0.0091672893613576,0.0108993835747241,0.0008659808663651,70.0,15.63800048828125,47.3982262,8.5461638,attack,71.498
1776895527.333246,2026-04-22T22:05:27.333246,out_back_fast_10s,1,47.39890970853233,8.547173564790254,12.129000663757324,11.843000411987305,4.940000057220459,0.0399999991059303,0.0099999997764825,-0.6675735116004944,-0.0194033402949571,-9.748889923095703,0.0091672893613576,0.0108993835747241,0.0008659808663651,70.0,15.63800048828125,47.3982262,8.5461638,attack,71.602
1776895527.434157,2026-04-22T22:05:27.434157,out_back_fast_10s,1,47.39891067182286,8.547174987884215,12.129000663757324,11.843000411987305,4.940000057220459,0.0399999991059303,0.0099999997764825,-0.6675735116004944,-0.0194033402949571,-9.748889923095703,0.0091672893613576,0.0108993835747241,0.0008659808663651,70.0,15.63800048828125,47.3982262,8.5461638,attack,71.703
1776895527.536632,2026-04-22T22:05:27.536632,out_back_fast_10s,1,47.39891165004579,8.547176433038183,12.129000663757324,11.843000411987305,4.940000057220459,0.0399999991059303,0.0099999997764825,-0.6670221090316772,-0.0214269496500492,-9.757211685180664,0.0094328830018639,0.0117023922502994,-0.0021534066181629,70.0,15.63800048828125,47.3982262,8.5461638,attack,71.805
1776895527.6385434,2026-04-22T22:05:27.638543,out_back_fast_10s,1,47.39891262288614,8.547177870240327,12.129000663757324,11.843000411987305,4.940000057220459,0.0399999991059303,0.0099999997764825,-0.6670221090316772,-0.0214269496500492,-9.757211685180664,0.0094328830018639,0.0117023922502994,-0.0021534066181629,70.0,15.63800048828125,47.3982262,8.5461638,attack,71.907
1776895527.7403257,2026-04-22T22:05:27.740325,out_back_fast_10s,1,47.3989193944952,8.547179305735257,12.133000373840332,11.847000122070312,4.940000057220459,0.0299999993294477,0.0199999995529651,-0.6670221090316772,-0.0214269496500492,-9.757211685180664,0.0094328830018639,0.0117023922502994,-0.0021534066181629,70.0,15.63800048828125,47.398232,8.5461638,attack,72.009
1776895527.8418846,2026-04-22T22:05:27.841885,out_back_fast_10s,1,47.39892036397172,8.547180737968091,12.133000373840332,11.847000122070312,4.940000057220459,0.0299999993294477,0.0199999995529651,-0.6670221090316772,-0.0214269496500492,-9.757211685180664,0.0094328830018639,0.0117023922502994,-0.0021534066181629,70.0,15.63800048828125,47.398232,8.5461638,attack,72.111
1776895527.968429,2026-04-22T22:05:27.968429,out_back_fast_10s,1,47.39892157195909,8.547182522559202,12.133000373840332,11.847000122070312,4.940000057220459,0.0299999993294477,0.0199999995529651,-0.6670221090316772,-0.0214269496500492,-9.757211685180664,0.0094328830018639,0.0117023922502994,-0.0021534066181629,70.0,15.63800048828125,47.398232,8.5461638,attack,72.237
1776895528.0697544,2026-04-22T22:05:28.069754,out_back_fast_10s,1,47.398922539205195,8.547183951496988,12.133000373840332,11.847000122070312,4.940000057220459,0.0299999993294477,0.0199999995529651,-0.6636919975280762,-0.0172921530902385,-9.76158332824707,0.0055598537437617,-0.0031097647733986,-0.0030018333345651,70.0,15.63800048828125,47.398232,8.5461638,attack,72.338
1776895528.17134,2026-04-22T22:05:28.171340,out_back_fast_10s,1,47.39892350893662,8.547185384106397,12.133000373840332,11.847000122070312,4.940000057220459,0.0299999993294477,0.0199999995529651,-0.6636919975280762,-0.0172921530902385,-9.76158332824707,0.0055598537437617,-0.0031097647733986,-0.0030018333345651,70.0,15.63800048828125,47.398232,8.5461638,attack,72.44
1776895528.273783,2026-04-22T22:05:28.273783,out_back_fast_10s,1,47.398924486852295,8.547186828806614,12.133000373840332,11.847000122070312,4.940000057220459,0.0299999993294477,0.0199999995529651,-0.6636919975280762,-0.0172921530902385,-9.76158332824707,0.0055598537437617,-0.0031097647733986,-0.0030018333345651,70.0,15.63800048828125,47.398232,8.5461638,attack,72.542
1776895528.375493,2026-04-22T22:05:28.375493,out_back_fast_10s,1,47.39892545777175,8.547188263171142,12.133000373840332,11.847000122070312,4.940000057220459,0.0299999993294477,0.0199999995529651,-0.6636919975280762,-0.0172921530902385,-9.76158332824707,0.0055598537437617,-0.0031097647733986,-0.0030018333345651,70.0,15.63800048828125,47.398232,8.5461638,attack,72.644
1776895528.4783974,2026-04-22T22:05:28.478397,out_back_fast_10s,1,47.398932340091356,8.547189714492276,12.137001037597656,11.851000785827637,4.949999809265137,0.0299999993294477,0.0199999995529651,-0.6636919975280762,-0.0172921530902385,-9.76158332824707,0.0055598537437617,-0.0031097647733986,-0.0030018333345651,70.0,15.63800048828125,47.3982379,8.5461638,attack,72.747
1776895528.580315,2026-04-22T22:05:28.580315,out_back_fast_10s,1,47.39893331299315,8.54719115178552,12.137001037597656,11.851000785827637,4.949999809265137,0.0299999993294477,0.0199999995529651,-0.6636919975280762,-0.0172921530902385,-9.76158332824707,0.0055598537437617,-0.0031097647733986,-0.0030018333345651,70.0,15.63800048828125,47.3982379,8.5461638,attack,72.849
1776895528.6823795,2026-04-22T22:05:28.682379,out_back_fast_10s,1,47.39893428729465,8.547192591146578,12.137001037597656,11.851000785827637,4.949999809265137,0.0299999993294477,0.0199999995529651,-0.6622914671897888,-0.0218630880117416,-9.777915954589844,0.0006198598421178,-0.0267559494823217,-0.0060577662661671,70.0,15.63800048828125,47.3982379,8.5461638,attack,72.951
1776895528.7851434,2026-04-22T22:05:28.785143,out_back_fast_10s,1,47.39893526827373,8.547194040372604,12.137001037597656,11.851000785827637,4.949999809265137,0.0299999993294477,0.0199999995529651,-0.6622914671897888,-0.0218630880117416,-9.777915954589844,0.0006198598421178,-0.0267559494823217,-0.0060577662661671,70.0,15.63800048828125,47.3982379,8.5461638,attack,73.054
1776895528.887111,2026-04-22T22:05:28.887111,out_back_fast_10s,1,47.39893624165119,8.54719547836857,12.137001037597656,11.851000785827637,4.949999809265137,0.0299999993294477,0.0199999995529651,-0.6622914671897888,-0.0218630880117416,-9.777915954589844,0.0006198598421178,-0.0267559494823217,-0.0060577662661671,70.0,15.63800048828125,47.3982379,8.5461638,attack,73.156
1776895528.9914386,2026-04-22T22:05:28.991439,out_back_fast_10s,1,47.39894353755812,8.547197049771414,12.141000747680664,11.856000900268556,4.960000038146973,0.0399999991059303,0.0199999995529651,-0.6622914671897888,-0.0218630880117416,-9.777915954589844,0.0006198598421178,-0.0267559494823217,-0.0060577662661671,70.0,15.63800048828125,47.3982442,8.5461639,attack,73.26
1776895529.0937562,2026-04-22T22:05:29.093756,out_back_fast_10s,1,47.39894451427665,8.547198492703398,12.141000747680664,11.856000900268556,4.960000038146973,0.0399999991059303,0.0199999995529651,-0.6622914671897888,-0.0218630880117416,-9.777915954589844,0.0006198598421178,-0.0267559494823217,-0.0060577662661671,70.0,15.63800048828125,47.3982442,8.5461639,attack,73.362
1776895529.2009463,2026-04-22T22:05:29.200946,out_back_fast_10s,1,47.39894553750841,8.547200004350593,12.141000747680664,11.856000900268556,4.960000038146973,0.0399999991059303,0.0199999995529651,-0.6622914671897888,-0.0218630880117416,-9.777915954589844,0.0006198598421178,-0.0267559494823217,-0.0060577662661671,70.0,15.63800048828125,47.3982442,8.5461639,attack,73.47
1776895529.3032188,2026-04-22T22:05:29.303219,out_back_fast_10s,1,47.398946513796794,8.547201446647104,12.141000747680664,11.856000900268556,4.960000038146973,0.0399999991059303,0.0199999995529651,-0.6631066203117371,-0.0198556222021579,-9.769682884216309,-0.0100874658674001,0.0080089485272765,-0.0063971551135182,70.0,15.63800048828125,47.3982442,8.5461639,attack,73.572
1776895529.4072447,2026-04-22T22:05:29.407245,out_back_fast_10s,1,47.39894750682238,8.54720291366993,12.141000747680664,11.856000900268556,4.960000038146973,0.0399999991059303,0.0199999995529651,-0.6631066203117371,-0.0198556222021579,-9.769682884216309,-0.0100874658674001,0.0080089485272765,-0.0063971551135182,70.0,15.63800048828125,47.3982442,8.5461639,attack,73.676
1776895529.5087223,2026-04-22T22:05:29.508723,out_back_fast_10s,1,47.39894847552281,8.547204344756551,12.141000747680664,11.856000900268556,4.960000038146973,0.0399999991059303,0.0199999995529651,-0.6631066203117371,-0.0198556222021579,-9.769682884216309,-0.0100874658674001,0.0080089485272765,-0.0063971551135182,70.0,15.63800048828125,47.3982442,8.5461639,attack,73.777
1776895529.6154308,2026-04-22T22:05:29.615431,out_back_fast_10s,1,47.39895529415718,8.547205949726607,12.14900016784668,11.863000869750977,4.96999979019165,0.0399999991059303,0.0099999997764825,-0.6631066203117371,-0.0198556222021579,-9.769682884216309,-0.0100874658674001,0.0080089485272765,-0.0063971551135182,70.0,15.63800048828125,47.39825,8.546164,attack,73.884
1776895529.7224488,2026-04-22T22:05:29.722449,out_back_fast_10s,1,47.398956315745714,8.54720745894639,12.14900016784668,11.863000869750977,4.96999979019165,0.0399999991059303,0.0099999997764825,-0.6631066203117371,-0.0198556222021579,-9.769682884216309,-0.0100874658674001,0.0080089485272765,-0.0063971551135182,70.0,15.63800048828125,47.39825,8.546164,attack,73.991
1776895529.8273633,2026-04-22T22:05:29.827363,out_back_fast_10s,1,47.3989573172537,8.547208938500649,12.14900016784668,11.863000869750977,4.96999979019165,0.0399999991059303,0.0099999997764825,-0.6631066203117371,-0.0198556222021579,-9.769682884216309,-0.0100874658674001,0.0080089485272765,-0.0063971551135182,70.0,15.63800048828125,47.39825,8.546164,attack,74.096
1776895529.9294522,2026-04-22T22:05:29.929452,out_back_fast_10s,1,47.39895829178962,8.547210378208352,12.14900016784668,11.863000869750977,4.96999979019165,0.0399999991059303,0.0099999997764825,-0.6631066203117371,-0.0198556222021579,-9.769682884216309,-0.0100874658674001,0.0080089485272765,-0.0063971551135182,70.0,15.63800048828125,47.39825,8.546164,attack,74.198
1776895530.031258,2026-04-22T22:05:30.031258,out_back_fast_10s,1,47.398959263624,8.547211813925012,12.14900016784668,11.863000869750977,4.96999979019165,0.0399999991059303,0.0099999997764825,-0.6645988821983337,-0.0200542658567428,-9.659409523010254,-0.013101328164339,0.0073022246360778,-0.004121902398765,70.0,15.63800048828125,47.39825,8.546164,attack,74.3
1776895530.1331654,2026-04-22T22:05:30.133165,out_back_fast_10s,1,47.39896023642566,8.547213251070646,12.14900016784668,11.863000869750977,4.96999979019165,0.0399999991059303,0.0099999997764825,-0.6645988821983337,-0.0200542658567428,-9.659409523010254,-0.013101328164339,0.0073022246360778,-0.004121902398765,70.0,15.63800048828125,47.39825,8.546164,attack,74.402
1776895530.2366736,2026-04-22T22:05:30.236674,out_back_fast_10s,1,47.3989612245102,8.54721471079409,12.14900016784668,11.863000869750977,4.96999979019165,0.0399999991059303,0.0099999997764825,-0.6645988821983337,-0.0200542658567428,-9.659409523010254,-0.013101328164339,0.0073022246360778,-0.004121902398765,70.0,15.63800048828125,47.39825,8.546164,attack,74.505
1776895530.3444445,2026-04-22T22:05:30.344444,out_back_fast_10s,1,47.39896805328613,8.547216330747831,12.158000946044922,11.873000144958496,4.980000019073486,0.0399999991059303,0.0099999997764825,-0.6645988821983337,-0.0200542658567428,-9.659409523010254,-0.013101328164339,0.0073022246360778,-0.004121902398765,70.0,15.63800048828125,47.3982558,8.5461641,attack,74.613
1776895530.4461677,2026-04-22T22:05:30.446168,out_back_fast_10s,1,47.39896902433077,8.547217765297932,12.158000946044922,11.873000144958496,4.980000019073486,0.0399999991059303,0.0099999997764825,-0.6645988821983337,-0.0200542658567428,-9.659409523010254,-0.013101328164339,0.0073022246360778,-0.004121902398765,70.0,15.63800048828125,47.3982558,8.5461641,attack,74.715
1776895530.5475209,2026-04-22T22:05:30.547521,out_back_fast_10s,1,47.39896999184316,8.54721919462975,12.158000946044922,11.873000144958496,4.980000019073486,0.0399999991059303,0.0099999997764825,-0.6645988821983337,-0.0200542658567428,-9.659409523010254,-0.013101328164339,0.0073022246360778,-0.004121902398765,70.0,15.63800048828125,47.3982558,8.5461641,attack,74.816
1776895530.6528366,2026-04-22T22:05:30.652837,out_back_fast_10s,1,47.398970997181536,8.547220679842914,12.158000946044922,11.873000144958496,4.980000019073486,0.0399999991059303,0.0099999997764825,-0.6714411377906799,-0.0187700986862182,-9.644768714904783,-0.0161393545567989,-0.0041745658963918,-0.0039638672024011,70.0,15.63800048828125,47.3982558,8.5461641,attack,74.922
1776895530.7535746,2026-04-22T22:05:30.753575,out_back_fast_10s,1,47.398971958822024,8.547222100500012,12.158000946044922,11.873000144958496,4.980000019073486,0.0399999991059303,0.0099999997764825,-0.6714411377906799,-0.0187700986862182,-9.644768714904783,-0.0161393545567989,-0.0041745658963918,-0.0039638672024011,70.0,15.63800048828125,47.3982558,8.5461641,attack,75.022
1776895530.858203,2026-04-22T22:05:30.858203,out_back_fast_10s,1,47.39897295759889,8.547223576019679,12.158000946044922,11.873000144958496,4.980000019073486,0.0399999991059303,0.0099999997764825,-0.6714411377906799,-0.0187700986862182,-9.644768714904783,-0.0161393545567989,-0.0041745658963918,-0.0039638672024011,70.0,15.63800048828125,47.3982558,8.5461641,attack,75.127
1776895530.959541,2026-04-22T22:05:30.959541,out_back_fast_10s,1,47.398980324967894,8.547225205268536,12.167000770568848,11.882000923156738,4.980000019073486,0.0399999991059303,0.0199999995529651,-0.6714411377906799,-0.0187700986862182,-9.644768714904783,-0.0161393545567989,-0.0041745658963918,-0.0039638672024011,70.0,15.63800048828125,47.3982622,8.5461643,attack,75.228
1776895531.0634408,2026-04-22T22:05:31.063441,out_back_fast_10s,1,47.398981316789516,8.547226670513208,12.167000770568848,11.882000923156738,4.980000019073486,0.0399999991059303,0.0199999995529651,-0.6714411377906799,-0.0187700986862182,-9.644768714904783,-0.0161393545567989,-0.0041745658963918,-0.0039638672024011,70.0,15.63800048828125,47.3982622,8.5461643,attack,75.332
1776895531.165958,2026-04-22T22:05:31.165958,out_back_fast_10s,1,47.398982295413006,8.547228116259927,12.167000770568848,11.882000923156738,4.980000019073486,0.0399999991059303,0.0199999995529651,-0.6714411377906799,-0.0187700986862182,-9.644768714904783,-0.0161393545567989,-0.0041745658963918,-0.0039638672024011,70.0,15.63800048828125,47.3982622,8.5461643,attack,75.435
1776895531.2687218,2026-04-22T22:05:31.268722,out_back_fast_10s,1,47.39898327639208,8.54722956548662,12.167000770568848,11.882000923156738,4.980000019073486,0.0399999991059303,0.0199999995529651,-0.6714411377906799,-0.0187700986862182,-9.644768714904783,-0.0161393545567989,-0.0041745658963918,-0.0039638672024011,70.0,15.63800048828125,47.3982622,8.5461643,attack,75.537
1776895531.3744438,2026-04-22T22:05:31.374444,out_back_fast_10s,1,47.398984285608655,8.547231056429316,12.167000770568848,11.882000923156738,4.980000019073486,0.0399999991059303,0.0199999995529651,-0.6714411377906799,-0.0187700986862182,-9.644768714904783,-0.0161393545567989,-0.0041745658963918,-0.0039638672024011,70.0,15.63800048828125,47.3982622,8.5461643,attack,75.643
1776895531.4776754,2026-04-22T22:05:31.477675,out_back_fast_10s,1,47.398985271053114,8.547232512252835,12.167000770568848,11.882000923156738,4.980000019073486,0.0399999991059303,0.0199999995529651,-0.6714411377906799,-0.0187700986862182,-9.644768714904783,-0.0161393545567989,-0.0041745658963918,-0.0039638672024011,70.0,15.63800048828125,47.3982622,8.5461643,attack,75.746
1776895531.57906,2026-04-22T22:05:31.579060,out_back_fast_10s,1,47.39898623886592,8.547233942028651,12.167000770568848,11.882000923156738,4.980000019073486,0.0399999991059303,0.0199999995529651,-0.6714411377906799,-0.0187700986862182,-9.644768714904783,-0.0161393545567989,-0.0041745658963918,-0.0039638672024011,70.0,15.63800048828125,47.3982622,8.5461643,attack,75.848
1776895531.682902,2026-04-22T22:05:31.682902,out_back_fast_10s,1,47.39898723013677,8.547235406459647,12.167000770568848,11.882000923156738,4.980000019073486,0.0399999991059303,0.0199999995529651,-0.6714411377906799,-0.0187700986862182,-9.644768714904783,-0.0161393545567989,-0.0041745658963918,-0.0039638672024011,70.0,15.63800048828125,47.3982622,8.5461643,attack,75.952
1776895531.7858088,2026-04-22T22:05:31.785809,out_back_fast_10s,1,47.39898821247913,8.547236857700357,12.167000770568848,11.882000923156738,4.980000019073486,0.0399999991059303,0.0199999995529651,-0.6590414047241211,-0.0132466545328497,-9.659466743469238,-0.012217872776091,0.0231763590127229,-0.0036231440026313,70.0,15.63800048828125,47.3982622,8.5461643,attack,76.054
1776895531.8881063,2026-04-22T22:05:31.888106,out_back_fast_10s,1,47.398989189006485,8.547238300350402,12.167000770568848,11.882000923156738,4.980000019073486,0.0399999991059303,0.0199999995529651,-0.6590414047241211,-0.0132466545328497,-9.659466743469238,-0.012217872776091,0.0231763590127229,-0.0036231440026313,70.0,15.63800048828125,47.3982622,8.5461643,attack,76.157
1776895531.9902046,2026-04-22T22:05:31.990205,out_back_fast_10s,1,47.39899016363116,8.547239740189568,12.167000770568848,11.882000923156738,4.980000019073486,0.0399999991059303,0.0199999995529651,-0.6590414047241211,-0.0132466545328497,-9.659466743469238,-0.012217872776091,0.0231763590127229,-0.0036231440026313,70.0,15.63800048828125,47.3982622,8.5461643,attack,76.259
1776895532.0935562,2026-04-22T22:05:32.093556,out_back_fast_10s,1,47.39899115022042,8.547241197704322,12.167000770568848,11.882000923156738,4.980000019073486,0.0399999991059303,0.0199999995529651,-0.6590414047241211,-0.0132466545328497,-9.659466743469238,-0.012217872776091,0.0231763590127229,-0.0036231440026313,70.0,15.63800048828125,47.3982622,8.5461643,attack,76.362
1776895532.1945217,2026-04-22T22:05:32.194522,out_back_fast_10s,1,47.39899211403214,8.547242621569222,12.167000770568848,11.882000923156738,4.980000019073486,0.0399999991059303,0.0199999995529651,-0.6590414047241211,-0.0132466545328497,-9.659466743469238,-0.012217872776091,0.0231763590127229,-0.0036231440026313,70.0,15.63800048828125,47.3982622,8.5461643,attack,76.463
1776895532.3026729,2026-04-22T22:05:32.302673,out_back_fast_10s,1,47.39899314643818,8.547244146770346,12.167000770568848,11.882000923156738,4.980000019073486,0.0399999991059303,0.0199999995529651,-0.6590414047241211,-0.0132466545328497,-9.659466743469238,-0.012217872776091,0.0231763590127229,-0.0036231440026313,70.0,15.63800048828125,47.3982622,8.5461643,attack,76.571
1776895532.4056537,2026-04-22T22:05:32.405653,out_back_fast_10s,1,47.39899412948836,8.54724559905673,12.167000770568848,11.882000923156738,4.980000019073486,0.0399999991059303,0.0199999995529651,-0.6590414047241211,-0.0132466545328497,-9.659466743469238,-0.012217872776091,0.0231763590127229,-0.0036231440026313,70.0,15.63800048828125,47.3982622,8.5461643,attack,76.674
1776895532.5077298,2026-04-22T22:05:32.507730,out_back_fast_10s,1,47.39899510390138,8.547247038583203,12.167000770568848,11.882000923156738,4.980000019073486,0.0399999991059303,0.0199999995529651,-0.6590414047241211,-0.0132466545328497,-9.659466743469238,-0.012217872776091,0.0231763590127229,-0.0036231440026313,70.0,15.63800048828125,47.3982622,8.5461643,attack,76.776
1776895532.6125066,2026-04-22T22:05:32.612507,out_back_fast_10s,1,47.399002004096154,8.547248616319166,12.177000999450684,11.891000747680664,4.989999771118164,0.0399999991059303,0.0199999995529651,-0.6590414047241211,-0.0132466545328497,-9.659466743469238,-0.012217872776091,0.0231763590127229,-0.0036231440026313,70.0,15.63800048828125,47.3982681,8.5461644,attack,76.881
1776895532.7144215,2026-04-22T22:05:32.714422,out_back_fast_10s,1,47.39900297697064,8.547250053572888,12.177000999450684,11.891000747680664,4.989999771118164,0.0399999991059303,0.0199999995529651,-0.6590414047241211,-0.0132466545328497,-9.659466743469238,-0.012217872776091,0.0231763590127229,-0.0036231440026313,70.0,15.63800048828125,47.3982681,8.5461644,attack,76.983
1776895532.8165762,2026-04-22T22:05:32.816576,out_back_fast_10s,1,47.39900395213471,8.54725149420908,12.177000999450684,11.891000747680664,4.989999771118164,0.0399999991059303,0.0199999995529651,-0.6590414047241211,-0.0132466545328497,-9.659466743469238,-0.012217872776091,0.0231763590127229,-0.0036231440026313,70.0,15.63800048828125,47.3982681,8.5461644,attack,77.085
1776895532.9182663,2026-04-22T22:05:32.918266,out_back_fast_10s,1,47.39900492286299,8.547252928292156,12.177000999450684,11.891000747680664,4.989999771118164,0.0399999991059303,0.0199999995529651,-0.6590414047241211,-0.0132466545328497,-9.659466743469238,-0.012217872776091,0.0231763590127229,-0.0036231440026313,70.0,15.63800048828125,47.3982681,8.5461644,attack,77.187
1776895533.0204568,2026-04-22T22:05:33.020457,out_back_fast_10s,1,47.39900589836846,8.547254369432693,12.177000999450684,11.891000747680664,4.989999771118164,0.0399999991059303,0.0199999995529651,-0.6590414047241211,-0.0132466545328497,-9.659466743469238,-0.012217872776091,0.0231763590127229,-0.0036231440026313,70.0,15.63800048828125,47.3982681,8.5461644,attack,77.289
1776895533.1260958,2026-04-22T22:05:33.126096,out_back_fast_10s,1,47.399006906793005,8.547255859205476,12.177000999450684,11.891000747680664,4.989999771118164,0.0399999991059303,0.0199999995529651,-0.6590414047241211,-0.0132466545328497,-9.659466743469238,-0.012217872776091,0.0231763590127229,-0.0036231440026313,70.0,15.63800048828125,47.3982681,8.5461644,attack,77.395
1776895533.229584,2026-04-22T22:05:33.229584,out_back_fast_10s,1,47.39900789468636,8.547257318646988,12.177000999450684,11.891000747680664,4.989999771118164,0.0399999991059303,0.0199999995529651,-0.6590414047241211,-0.0132466545328497,-9.659466743469238,-0.012217872776091,0.0231763590127229,-0.0036231440026313,70.0,15.63800048828125,47.3982681,8.5461644,attack,77.498
1776895533.3373036,2026-04-22T22:05:33.337304,out_back_fast_10s,1,47.39900892297297,8.547258837762527,12.177000999450684,11.891000747680664,4.989999771118164,0.0399999991059303,0.0199999995529651,-0.6590414047241211,-0.0132466545328497,-9.659466743469238,-0.012217872776091,0.0231763590127229,-0.0036231440026313,70.0,15.63800048828125,47.3982681,8.5461644,attack,77.606
1776895533.4383569,2026-04-22T22:05:33.438357,out_back_fast_10s,1,47.399009887622235,8.547260262864912,12.177000999450684,11.891000747680664,4.989999771118164,0.0399999991059303,0.0199999995529651,-0.6626714468002319,-0.0205220244824886,-9.670428276062012,-0.0078891515731811,0.0082297772169113,-0.0029039436485618,70.0,15.63800048828125,47.3982681,8.5461644,attack,77.707
1776895533.547591,2026-04-22T22:05:33.547591,out_back_fast_10s,1,47.399016930365555,8.547261803462721,12.183000564575195,11.898000717163086,4.989999771118164,0.0299999993294477,0.0299999993294477,-0.6626714468002319,-0.0205220244824886,-9.670428276062012,-0.0078891515731811,0.0082297772169113,-0.0029039436485618,70.0,15.63800048828125,47.3982741,8.5461644,attack,77.816
1776895533.6491785,2026-04-22T22:05:33.649179,out_back_fast_10s,1,47.39901790011519,8.547263236100175,12.183000564575195,11.898000717163086,4.989999771118164,0.0299999993294477,0.0299999993294477,-0.6626714468002319,-0.0205220244824886,-9.670428276062012,-0.0078891515731811,0.0082297772169113,-0.0029039436485618,70.0,15.63800048828125,47.3982741,8.5461644,attack,77.918
1776895533.751765,2026-04-22T22:05:33.751765,out_back_fast_10s,1,47.39901887940098,8.547264682825649,12.183000564575195,11.898000717163086,4.989999771118164,0.0299999993294477,0.0299999993294477,-0.6626714468002319,-0.0205220244824886,-9.670428276062012,-0.0078891515731811,0.0082297772169113,-0.0029039436485618,70.0,15.63800048828125,47.3982741,8.5461644,attack,78.02
1776895533.8533792,2026-04-22T22:05:33.853379,out_back_fast_10s,1,47.39901984940551,8.547266115839678,12.183000564575195,11.898000717163086,4.989999771118164,0.0299999993294477,0.0299999993294477,-0.6619554758071899,-0.0163428597152233,-9.710878372192385,-0.0042558414861559,0.0129693001508712,0.0004266735631972,70.0,15.63800048828125,47.3982741,8.5461644,attack,78.122
1776895533.9551177,2026-04-22T22:05:33.955117,out_back_fast_10s,1,47.39902082059581,8.547267550605465,12.183000564575195,11.898000717163086,4.989999771118164,0.0299999993294477,0.0299999993294477,-0.6619554758071899,-0.0163428597152233,-9.710878372192385,-0.0042558414861559,0.0129693001508712,0.0004266735631972,70.0,15.63800048828125,47.3982741,8.5461644,attack,78.224
1776895534.0584383,2026-04-22T22:05:34.058439,out_back_fast_10s,1,47.39902180688919,8.547269007683449,12.183000564575195,11.898000717163086,4.989999771118164,0.0299999993294477,0.0299999993294477,-0.6619554758071899,-0.0163428597152233,-9.710878372192385,-0.0042558414861559,0.0129693001508712,0.0004266735631972,70.0,15.63800048828125,47.3982741,8.5461644,attack,78.327
1776895534.163232,2026-04-22T22:05:34.163232,out_back_fast_10s,1,47.39902280724555,8.54727048553706,12.183000564575195,11.898000717163086,4.989999771118164,0.0299999993294477,0.0299999993294477,-0.6619554758071899,-0.0163428597152233,-9.710878372192385,-0.0042558414861559,0.0129693001508712,0.0004266735631972,70.0,15.63800048828125,47.3982741,8.5461644,attack,78.432
1776895534.264447,2026-04-22T22:05:34.264447,out_back_fast_10s,1,47.399023773437904,8.547271912919244,12.183000564575195,11.898000717163086,4.989999771118164,0.0299999993294477,0.0299999993294477,-0.6619554758071899,-0.0163428597152233,-9.710878372192385,-0.0042558414861559,0.0129693001508712,0.0004266735631972,70.0,15.63800048828125,47.3982741,8.5461644,attack,78.533
1776895534.3698926,2026-04-22T22:05:34.369893,out_back_fast_10s,1,47.399030680016665,8.547273500089558,12.188000679016112,11.902000427246094,4.989999771118164,0.0199999995529651,0.0299999993294477,-0.6619554758071899,-0.0163428597152233,-9.710878372192385,-0.0042558414861559,0.0129693001508712,0.0004266735631972,70.0,15.63800048828125,47.39828,8.5461645,attack,78.639
1776895534.4735694,2026-04-22T22:05:34.473569,out_back_fast_10s,1,47.39903166971029,8.547274962190976,12.188000679016112,11.902000427246094,4.989999771118164,0.0199999995529651,0.0299999993294477,-0.6619554758071899,-0.0163428597152233,-9.710878372192385,-0.0042558414861559,0.0129693001508712,0.0004266735631972,70.0,15.63800048828125,47.39828,8.5461645,attack,78.742
1776895534.5917263,2026-04-22T22:05:34.591727,out_back_fast_10s,1,47.39903279763037,8.54727662849812,12.188000679016112,11.902000427246094,4.989999771118164,0.0199999995529651,0.0299999993294477,-0.6619554758071899,-0.0163428597152233,-9.710878372192385,-0.0042558414861559,0.0129693001508712,0.0004266735631972,70.0,15.63800048828125,47.39828,8.5461645,attack,78.86
1776895534.695661,2026-04-22T22:05:34.695661,out_back_fast_10s,1,47.39903378978655,8.547278094237543,12.188000679016112,11.902000427246094,4.989999771118164,0.0199999995529651,0.0299999993294477,-0.6783531308174133,-0.0194876752793788,-9.723654747009276,-0.0016043654177337,-2.5170469598378983e-05,0.0002625089546199,70.0,15.63800048828125,47.39828,8.5461645,attack,78.964
1776895534.803621,2026-04-22T22:05:34.803621,out_back_fast_10s,1,47.3990348203673,8.54727961674262,12.188000679016112,11.902000427246094,4.989999771118164,0.0199999995529651,0.0299999993294477,-0.6783531308174133,-0.0194876752793788,-9.723654747009276,-0.0016043654177337,-2.5170469598378983e-05,0.0002625089546199,70.0,15.63800048828125,47.39828,8.5461645,attack,79.072
1776895534.9081771,2026-04-22T22:05:34.908177,out_back_fast_10s,1,47.39903581845456,8.547281091244189,12.188000679016112,11.902000427246094,4.989999771118164,0.0199999995529651,0.0299999993294477,-0.6783531308174133,-0.0194876752793788,-9.723654747009276,-0.0016043654177337,-2.5170469598378983e-05,0.0002625089546199,70.0,15.63800048828125,47.39828,8.5461645,attack,79.177
1776895535.0100584,2026-04-22T22:05:35.010058,out_back_fast_10s,1,47.39904319100814,8.547282628159953,12.195000648498535,11.910000801086426,4.989999771118164,0.0099999997764825,0.0399999991059303,-0.6783531308174133,-0.0194876752793788,-9.723654747009276,-0.0016043654177337,-2.5170469598378983e-05,0.0002625089546199,70.0,15.63800048828125,47.3982864,8.5461646,attack,79.279
1776895535.1115508,2026-04-22T22:05:35.111551,out_back_fast_10s,1,47.39904415984967,8.547284059456183,12.195000648498535,11.910000801086426,4.989999771118164,0.0099999997764825,0.0399999991059303,-0.6783531308174133,-0.0194876752793788,-9.723654747009276,-0.0016043654177337,-2.5170469598378983e-05,0.0002625089546199,70.0,15.63800048828125,47.3982864,8.5461646,attack,79.38
1776895535.213436,2026-04-22T22:05:35.213436,out_back_fast_10s,1,47.39904513243967,8.547285496290117,12.195000648498535,11.910000801086426,4.989999771118164,0.0099999997764825,0.0399999991059303,-0.6783531308174133,-0.0194876752793788,-9.723654747009276,-0.0016043654177337,-2.5170469598378983e-05,0.0002625089546199,70.0,15.63800048828125,47.3982864,8.5461646,attack,79.482
1776895535.3164487,2026-04-22T22:05:35.316449,out_back_fast_10s,1,47.39904611579482,8.547286949027717,12.195000648498535,11.910000801086426,4.989999771118164,0.0099999997764825,0.0399999991059303,-0.6783531308174133,-0.0194876752793788,-9.723654747009276,-0.0016043654177337,-2.5170469598378983e-05,0.0002625089546199,70.0,15.63800048828125,47.3982864,8.5461646,attack,79.585
1776895535.430662,2026-04-22T22:05:35.430662,out_back_fast_10s,1,47.39904720606871,8.547288559719306,12.195000648498535,11.910000801086426,4.989999771118164,0.0099999997764825,0.0399999991059303,-0.6783531308174133,-0.0194876752793788,-9.723654747009276,-0.0016043654177337,-2.5170469598378983e-05,0.0002625089546199,70.0,15.63800048828125,47.3982864,8.5461646,attack,79.699
1776895535.6474311,2026-04-22T22:05:35.647431,out_back_fast_10s,1,47.39904927533707,8.547291616706334,12.195000648498535,11.910000801086426,4.989999771118164,0.0099999997764825,0.0399999991059303,-0.664177417755127,-0.0213589332997798,-9.74370002746582,0.0027949654031544,0.0087837940081954,-0.000160073643201,70.0,15.63800048828125,47.3982864,8.5461646,attack,79.916
