timestamp_unix_s,timestamp_iso,scenario,run_id,lat_deg,lon_deg,abs_alt_m,rel_alt_m,vel_n_m_s,vel_e_m_s,vel_d_m_s,accel_x_mps2,accel_y_mps2,accel_z_mps2,gyro_x_rps,gyro_y_rps,gyro_z_rps,battery_remaining_pct,battery_voltage_v
1776232784.026913,2026-04-15T05:59:44.026913,attack_circle_gpsinput_drift,02,47.397971899999995,8.5461636,0.013000000268220901,-0.1990000158548355,0.0,0.0,0.14999999105930328,-0.0692138820886612,-0.08381715416908264,-9.745401382446289,0.00022831674141343683,2.8502774512162432e-05,-0.000719833595212549,,
1776232784.1291482,2026-04-15T05:59:44.129148,attack_circle_gpsinput_drift,02,47.397971899999995,8.5461636,0.013000000268220901,-0.1990000158548355,0.0,0.0,0.14999999105930328,-0.0692138820886612,-0.08381715416908264,-9.745401382446289,0.00022831674141343683,2.8502774512162432e-05,-0.000719833595212549,,
1776232784.2371159,2026-04-15T05:59:44.237116,attack_circle_gpsinput_drift,02,47.397971899999995,8.5461636,0.013000000268220901,-0.1990000158548355,0.0,0.0,0.14999999105930328,-0.0692138820886612,-0.08381715416908264,-9.745401382446289,0.00022831674141343683,2.8502774512162432e-05,-0.000719833595212549,,
1776232784.340706,2026-04-15T05:59:44.340706,attack_circle_gpsinput_drift,02,47.397971899999995,8.5461636,0.012000000104308128,-0.20000000298023224,0.0,0.0,0.14999999105930328,-0.07369700819253922,-0.09121008962392807,-9.753230094909668,-0.0009756659273989499,0.000874585413839668,-0.0007269142079167068,,
1776232784.446847,2026-04-15T05:59:44.446847,attack_circle_gpsinput_drift,02,47.397971899999995,8.5461636,0.012000000104308128,-0.20000000298023224,0.0,0.0,0.14999999105930328,-0.0701090469956398,-0.09004073590040207,-9.758024215698242,-0.00035854647285304964,0.0003237632045056671,0.0009769516764208674,,
1776232784.548336,2026-04-15T05:59:44.548336,attack_circle_gpsinput_drift,02,47.397971899999995,8.5461636,0.012000000104308128,-0.20000000298023224,0.0,0.0,0.14999999105930328,-0.0701090469956398,-0.09004073590040207,-9.758024215698242,-0.00035854647285304964,0.0003237632045056671,0.0009769516764208674,,
1776232784.6502922,2026-04-15T05:59:44.650292,attack_circle_gpsinput_drift,02,47.397971899999995,8.5461636,0.012000000104308128,-0.20000000298023224,0.0,0.0,0.14999999105930328,-0.0701090469956398,-0.09004073590040207,-9.758024215698242,-0.00035854647285304964,0.0003237632045056671,0.0009769516764208674,,
1776232784.7588007,2026-04-15T05:59:44.758801,attack_circle_gpsinput_drift,02,47.397971899999995,8.5461636,0.012000000104308128,-0.20000000298023224,0.0,0.0,0.14999999105930328,-0.06401089578866959,-0.09142128378152847,-9.755767822265625,-0.0003529685491230339,-0.00011881034879479557,-0.0003781461273320019,,
1776232784.8631113,2026-04-15T05:59:44.863111,attack_circle_gpsinput_drift,02,47.397971899999995,8.5461636,0.014000000432133675,-0.1980000138282776,0.0,0.0,0.14000000059604645,-0.06730104237794876,-0.09471477568149567,-9.747878074645996,0.0007291185320354998,0.00043706613359972835,-0.00041141046676784754,,
1776232784.9642546,2026-04-15T05:59:44.964255,attack_circle_gpsinput_drift,02,47.397971899999995,8.5461636,0.01600000075995922,-0.19600000977516174,0.0,0.0,0.12999999523162842,-0.06349527090787888,-0.07806038856506348,-9.754569053649902,5.01553549838718e-05,0.0015585842775180936,-0.0008688740781508386,,
1776232785.0684965,2026-04-15T05:59:45.068496,attack_circle_gpsinput_drift,02,47.397971899999995,8.5461636,0.01600000075995922,-0.19600000977516174,0.0,0.0,0.11999999731779099,-0.06694675236940384,-0.08022885769605637,-9.745593070983887,1.5748015357530676e-05,0.0004632696509361267,-0.00018452115182299167,,
1776232785.1830719,2026-04-15T05:59:45.183072,attack_circle_gpsinput_drift,02,47.397971899999995,8.5461636,0.017000000923871994,-0.19500000774860382,0.0,0.0,0.11999999731779099,-0.05934926122426987,-0.09104970842599869,-9.750130653381348,0.00011411846935516223,0.00017763974028639495,-0.00021796762302983552,,
1776232785.2889712,2026-04-15T05:59:45.288971,attack_circle_gpsinput_drift,02,47.397971899999995,8.5461636,0.017000000923871994,-0.19500000774860382,0.0,0.0,0.11999999731779099,-0.05934926122426987,-0.09104970842599869,-9.750130653381348,0.00011411846935516223,0.00017763974028639495,-0.00021796762302983552,,
1776232785.3929188,2026-04-15T05:59:45.392919,attack_circle_gpsinput_drift,02,47.397971899999995,8.5461636,0.017000000923871994,-0.19500000774860382,0.0,0.0,0.11999999731779099,-0.06081930920481682,-0.08228851109743118,-9.752861022949219,-0.0008159645367413759,-0.00045607073116116226,0.000201591887162067,,
1776232785.4947848,2026-04-15T05:59:45.494785,attack_circle_gpsinput_drift,02,47.397971899999995,8.5461636,0.017000000923871994,-0.19500000774860382,0.0,0.0,0.11999999731779099,-0.06081930920481682,-0.08228851109743118,-9.752861022949219,-0.0008159645367413759,-0.00045607073116116226,0.000201591887162067,,
1776232785.596823,2026-04-15T05:59:45.596823,attack_circle_gpsinput_drift,02,47.397971899999995,8.5461636,0.017000000923871994,-0.19500000774860382,0.0,0.0,0.11999999731779099,-0.06081930920481682,-0.08228851109743118,-9.752861022949219,-0.0008159645367413759,-0.00045607073116116226,0.000201591887162067,,
1776232785.7008476,2026-04-15T05:59:45.700848,attack_circle_gpsinput_drift,02,47.397971899999995,8.5461636,0.018000001087784767,-0.1940000057220459,0.0,0.0,0.10999999940395355,-0.07057464122772217,-0.08766303956508636,-9.757617950439453,7.351079693762586e-05,-0.0005055618821643293,0.0003193761222064495,,
1776232785.8199089,2026-04-15T05:59:45.819909,attack_circle_gpsinput_drift,02,47.397971899999995,8.5461636,0.01900000125169754,-0.19300000369548798,0.0,0.0,0.10999999940395355,-0.07059453427791595,-0.08398552983999252,-9.751984596252441,7.078624184941873e-05,0.0009408447076566517,-0.00032841850770637393,,
1776232785.9320192,2026-04-15T05:59:45.932019,attack_circle_gpsinput_drift,02,47.397971899999995,8.5461636,0.020000001415610313,-0.19200000166893005,0.0,0.0,0.09999999403953552,-0.05856742337346077,-0.08027774840593338,-9.75363826751709,0.0013056861935183406,0.0009643143857829273,-0.000181538998731412,,
1776232786.0409825,2026-04-15T05:59:46.040982,attack_circle_gpsinput_drift,02,47.397971899999995,8.5461636,0.020000001415610313,-0.19200000166893005,0.0,0.0,0.09999999403953552,-0.06911896169185638,-0.08206917345523834,-9.756887435913086,0.000496105698402971,-0.00015246796829160303,-0.0004345123015809804,,
1776232786.1609635,2026-04-15T05:59:46.160964,attack_circle_gpsinput_drift,02,47.397971899999995,8.5461636,0.021000001579523087,-0.19100001454353333,0.0,0.0,0.09999999403953552,-0.06230730563402176,-0.08490261435508728,-9.758421897888184,-0.00081132777268067,0.0006088243098929524,4.76659661217127e-05,,
1776232786.2689948,2026-04-15T05:59:46.268995,attack_circle_gpsinput_drift,02,47.397971899999995,8.5461636,0.021000001579523087,-0.19100001454353333,0.0,0.0,0.09999999403953552,-0.06329935044050217,-0.08832946419715881,-9.75292682647705,0.0008909610332921147,-0.0003917582507710904,-0.0006875644321553409,,
1776232786.3728244,2026-04-15T05:59:46.372824,attack_circle_gpsinput_drift,02,47.397971899999995,8.5461636,0.021000001579523087,-0.19100001454353333,0.0,0.0,0.09999999403953552,-0.06329935044050217,-0.08832946419715881,-9.75292682647705,0.0008909610332921147,-0.0003917582507710904,-0.0006875644321553409,,
1776232786.4750845,2026-04-15T05:59:46.475085,attack_circle_gpsinput_drift,02,47.397971899999995,8.5461636,0.021000001579523087,-0.19100001454353333,0.0,0.0,0.09999999403953552,-0.06960317492485046,-0.0862555280327797,-9.749929428100586,0.0004800845927093178,-0.0004985029227100313,0.0006415308453142643,,
1776232786.5786276,2026-04-15T05:59:46.578628,attack_circle_gpsinput_drift,02,47.397971899999995,8.5461636,0.023000001907348633,-0.18900001049041748,0.0,0.0,0.09999999403953552,-0.06132923439145088,-0.08216593414545059,-9.750391006469727,5.753061850555241e-05,-0.0003317247610539198,-2.47652660618769e-05,,
1776232786.6809156,2026-04-15T05:59:46.680916,attack_circle_gpsinput_drift,02,47.397971899999995,8.5461636,0.023000001907348633,-0.18900001049041748,0.0,0.0,0.09999999403953552,-0.06132923439145088,-0.08216593414545059,-9.750391006469727,5.753061850555241e-05,-0.0003317247610539198,-2.47652660618769e-05,,
1776232786.7843904,2026-04-15T05:59:46.784390,attack_circle_gpsinput_drift,02,47.397971899999995,8.5461636,0.023000001907348633,-0.18900001049041748,0.0,0.0,0.09999999403953552,-0.05334107205271721,-0.07365844398736954,-9.745702743530273,0.00029852442094124854,-0.00019099930068477988,-0.0003017965645994991,,
1776232786.8868217,2026-04-15T05:59:46.886822,attack_circle_gpsinput_drift,02,47.397971899999995,8.5461636,0.024000000208616257,-0.18800000846385956,0.0,0.0,0.09999999403953552,-0.06526639312505722,-0.08983856439590454,-9.743163108825684,0.0007856014417484403,-0.0009410399943590164,0.0010123177198693156,,
1776232787.0126576,2026-04-15T05:59:47.012658,attack_circle_gpsinput_drift,02,47.397971899999995,8.5461636,0.024000000208616257,-0.18800000846385956,0.0,0.0,0.08999999612569809,-0.06526639312505722,-0.08983856439590454,-9.743163108825684,0.0007856014417484403,-0.0009410399943590164,0.0010123177198693156,,
1776232787.1219318,2026-04-15T05:59:47.121932,attack_circle_gpsinput_drift,02,47.397971899999995,8.5461636,0.02500000037252903,-0.18700000643730164,0.0,0.0,0.08999999612569809,-0.06608869880437851,-0.08342001587152481,-9.756186485290527,-4.799101589014754e-05,-0.0007016994059085846,0.00043631947482936084,,
1776232787.2245815,2026-04-15T05:59:47.224581,attack_circle_gpsinput_drift,02,47.397971899999995,8.5461636,0.02500000037252903,-0.18700000643730164,0.0,0.0,0.08999999612569809,-0.06461543589830399,-0.08899571001529694,-9.753276824951172,0.00010185202700085938,-0.00021723637473769486,-2.4760422093095258e-05,,
1776232787.3293438,2026-04-15T05:59:47.329344,attack_circle_gpsinput_drift,02,47.397971899999995,8.5461636,0.02500000037252903,-0.18700000643730164,0.0,0.0,0.08999999612569809,-0.06461543589830399,-0.08899571001529694,-9.753276824951172,0.00010185202700085938,-0.00021723637473769486,-2.4760422093095258e-05,,
1776232787.4335182,2026-04-15T05:59:47.433518,attack_circle_gpsinput_drift,02,47.397971899999995,8.5461636,0.02500000037252903,-0.18700000643730164,0.0,0.0,0.08999999612569809,-0.05806109681725502,-0.0840035080909729,-9.750753402709961,-3.82519319828134e-05,0.0006076094578020275,0.0004793462867382914,,
1776232787.5378587,2026-04-15T05:59:47.537859,attack_circle_gpsinput_drift,02,47.397971899999995,8.5461636,0.026000000536441803,-0.1860000044107437,0.0,0.0,0.08999999612569809,-0.06402970850467682,-0.08647404611110687,-9.747920989990234,0.0005823853425681591,0.001100346096791327,-2.1670415662811138e-05,,
1776232787.640004,2026-04-15T05:59:47.640004,attack_circle_gpsinput_drift,02,47.397971899999995,8.5461637,0.027000000700354576,-0.1850000023841858,0.0,0.0,0.08999999612569809,-0.059138353914022446,-0.08718445152044296,-9.744430541992188,0.0001287260529352352,-0.001038778806105256,-0.0006979579338803887,,
1776232787.7442443,2026-04-15T05:59:47.744244,attack_circle_gpsinput_drift,02,47.397971899999995,8.5461637,0.027000000700354576,-0.1850000023841858,0.0,0.0,0.08999999612569809,-0.06534230709075928,-0.084449402987957,-9.751206398010254,-0.0007373372209258378,-0.0004775915003847331,0.00010259162081638351,,
1776232787.8458996,2026-04-15T05:59:47.845900,attack_circle_gpsinput_drift,02,47.397971899999995,8.5461637,0.027000000700354576,-0.1850000023841858,0.0,0.0,0.08999999612569809,-0.06534230709075928,-0.084449402987957,-9.751206398010254,-0.0007373372209258378,-0.0004775915003847331,0.00010259162081638351,,
1776232787.948486,2026-04-15T05:59:47.948486,attack_circle_gpsinput_drift,02,47.397971899999995,8.5461637,0.027000000700354576,-0.1850000023841858,0.0,0.0,0.08999999612569809,-0.061735786497592926,-0.09159696847200394,-9.750079154968262,0.000359249155735597,-0.0004938346100971103,0.00013269844930619001,,
1776232788.0530267,2026-04-15T05:59:48.053027,attack_circle_gpsinput_drift,02,47.397971899999995,8.5461637,0.02800000086426735,-0.18400001525878906,0.0,0.0,0.08999999612569809,-0.06186165288090706,-0.08810079842805862,-9.747268676757812,0.00049675750778988,0.0005430452874861658,-0.0001289454521611333,,
1776232788.1557167,2026-04-15T05:59:48.155717,attack_circle_gpsinput_drift,02,47.397971899999995,8.5461637,0.02800000086426735,-0.18400001525878906,0.0,0.0,0.08999999612569809,-0.06186165288090706,-0.08810079842805862,-9.747268676757812,0.00049675750778988,0.0005430452874861658,-0.0001289454521611333,,
1776232788.2580392,2026-04-15T05:59:48.258039,attack_circle_gpsinput_drift,02,47.397971899999995,8.5461637,0.02800000086426735,-0.18400001525878906,0.0,0.0,0.08999999612569809,-0.05575485900044441,-0.08141498267650604,-9.755037307739258,1.7722359189065173e-06,-0.0016620331443846226,0.00034406251506879926,,
1776232788.3591454,2026-04-15T05:59:48.359145,attack_circle_gpsinput_drift,02,47.397971899999995,8.5461637,0.02800000086426735,-0.18400001525878906,0.0,0.0,0.08999999612569809,-0.0631474182009697,-0.08333110809326172,-9.751188278198242,0.00015196936146821827,0.0006795448716729879,-0.0005828941357322037,,
1776232788.4610877,2026-04-15T05:59:48.461088,attack_circle_gpsinput_drift,02,47.397971899999995,8.5461637,0.029000001028180122,-0.18300001323223114,0.0,0.0,0.08999999612569809,-0.0631474182009697,-0.08333110809326172,-9.751188278198242,0.00015196936146821827,0.0006795448716729879,-0.0005828941357322037,,
1776232788.574684,2026-04-15T05:59:48.574684,attack_circle_gpsinput_drift,02,47.397971899999995,8.5461637,0.029000001028180122,-0.18300001323223114,0.0,0.0,0.08999999612569809,-0.0631474182009697,-0.08333110809326172,-9.751188278198242,0.00015196936146821827,0.0006795448716729879,-0.0005828941357322037,,
1776232788.6767647,2026-04-15T05:59:48.676765,attack_circle_gpsinput_drift,02,47.397971899999995,8.5461637,0.030000001192092896,-0.18200001120567322,0.0,0.0,0.08999999612569809,-0.06592622399330139,-0.09038817137479782,-9.751763343811035,0.0001967601419892162,0.00048440630780532956,6.73647882649675e-05,,
1776232788.7789369,2026-04-15T05:59:48.778937,attack_circle_gpsinput_drift,02,47.397971899999995,8.5461637,0.030000001192092896,-0.18200001120567322,0.0,0.0,0.08999999612569809,-0.06251753121614456,-0.09251341968774796,-9.762115478515625,0.00025043371715582907,-0.000489880214445293,-0.0004905234673060477,,
1776232788.8847551,2026-04-15T05:59:48.884755,attack_circle_gpsinput_drift,02,47.397971899999995,8.5461637,0.03100000135600567,-0.1810000091791153,0.0,0.0,0.08999999612569809,-0.07062624394893646,-0.08771876990795135,-9.754815101623535,-0.00019724380399566144,-0.0001302622549701482,-0.00029937425279058516,,
1776232788.988602,2026-04-15T05:59:48.988602,attack_circle_gpsinput_drift,02,47.397971899999995,8.5461637,0.03200000151991844,-0.18000000715255737,0.0,0.0,0.08999999612569809,-0.05641594156622887,-0.08512410521507263,-9.756708145141602,0.00034782735747285187,-0.0007383584743365645,-0.0002962580765597522,,
1776232789.0911183,2026-04-15T05:59:49.091118,attack_circle_gpsinput_drift,02,47.397971899999995,8.5461637,0.03200000151991844,-0.1810000091791153,0.0,0.0,0.08999999612569809,-0.06410667300224304,-0.08810346573591232,-9.750364303588867,-0.00010916007886407897,-0.00037194060860201716,-9.355151632917114e-06,,
1776232789.192833,2026-04-15T05:59:49.192833,attack_circle_gpsinput_drift,02,47.397971899999995,8.5461637,0.03200000151991844,-0.1810000091791153,0.0,0.0,0.08999999612569809,-0.06410667300224304,-0.08810346573591232,-9.750364303588867,-0.00010916007886407897,-0.00037194060860201716,-9.355151632917114e-06,,
1776232789.3163493,2026-04-15T05:59:49.316349,attack_circle_gpsinput_drift,02,47.397971899999995,8.5461637,0.03200000151991844,-0.18000000715255737,0.0,0.0,0.08999999612569809,-0.06421290338039398,-0.08926279097795486,-9.762354850769043,-0.0004734907124657184,0.0004718024283647537,0.0003633574815467,,
1776232789.425555,2026-04-15T05:59:49.425555,attack_circle_gpsinput_drift,02,47.397971899999995,8.5461637,0.03200000151991844,-0.18000000715255737,0.0,0.0,0.08999999612569809,-0.06421290338039398,-0.08926279097795486,-9.762354850769043,-0.0004734907124657184,0.0004718024283647537,0.0003633574815467,,
1776232789.5290258,2026-04-15T05:59:49.529026,attack_circle_gpsinput_drift,02,47.397971899999995,8.5461637,0.03200000151991844,-0.18000000715255737,0.0,0.0,0.08999999612569809,-0.06421290338039398,-0.08926279097795486,-9.762354850769043,-0.0004734907124657184,0.0004718024283647537,0.0003633574815467,,
1776232789.6323283,2026-04-15T05:59:49.632328,attack_circle_gpsinput_drift,02,47.397971899999995,8.5461637,0.03200000151991844,-0.18000000715255737,0.0,0.0,0.08999999612569809,-0.06421290338039398,-0.08926279097795486,-9.762354850769043,-0.0004734907124657184,0.0004718024283647537,0.0003633574815467,,
1776232789.7340887,2026-04-15T05:59:49.734089,attack_circle_gpsinput_drift,02,47.397971899999995,8.5461637,0.03200000151991844,-0.18000000715255737,0.0,0.0,0.08999999612569809,-0.06075712665915489,-0.08529949933290482,-9.75367546081543,0.0008830911247059703,-0.0004684709128923714,-9.873945964500308e-05,,
1776232789.8377037,2026-04-15T05:59:49.837704,attack_circle_gpsinput_drift,02,47.397971899999995,8.5461637,0.03200000151991844,-0.18000000715255737,0.0,0.0,0.08999999612569809,-0.06537716835737228,-0.0914347767829895,-9.758527755737305,0.00043115817243233323,0.0005053487839177251,0.00010201662371400744,,
1776232789.9454796,2026-04-15T05:59:49.945480,attack_circle_gpsinput_drift,02,47.397971899999995,8.5461637,0.03200000151991844,-0.18000000715255737,0.0,0.0,0.08999999612569809,-0.06492970883846283,-0.08986865729093552,-9.74575138092041,0.0006157896714285016,-0.00011202243331354111,-0.0004462614597287029,,
1776232790.0485046,2026-04-15T05:59:50.048505,attack_circle_gpsinput_drift,02,47.397971899999995,8.5461637,0.03200000151991844,-0.18000000715255737,0.0,0.0,0.08999999612569809,-0.06492970883846283,-0.08986865729093552,-9.74575138092041,0.0006157896714285016,-0.00011202243331354111,-0.0004462614597287029,,
1776232790.1520953,2026-04-15T05:59:50.152095,attack_circle_gpsinput_drift,02,47.397971899999995,8.5461637,0.03200000151991844,-0.18000000715255737,0.0,0.0,0.08999999612569809,-0.06492970883846283,-0.08986865729093552,-9.74575138092041,0.0006157896714285016,-0.00011202243331354111,-0.0004462614597287029,,
1776232790.2701023,2026-04-15T05:59:50.270102,attack_circle_gpsinput_drift,02,47.397971899999995,8.5461637,0.03200000151991844,-0.18000000715255737,0.0,0.0,0.08999999612569809,-0.06492970883846283,-0.08986865729093552,-9.74575138092041,0.0006157896714285016,-0.00011202243331354111,-0.0004462614597287029,,
1776232790.3943503,2026-04-15T05:59:50.394350,attack_circle_gpsinput_drift,02,47.397971899999995,8.5461637,0.03200000151991844,-0.18000000715255737,0.0,0.0,0.08999999612569809,-0.06492970883846283,-0.08986865729093552,-9.74575138092041,0.0006157896714285016,-0.00011202243331354111,-0.0004462614597287029,,
1776232790.5015922,2026-04-15T05:59:50.501592,attack_circle_gpsinput_drift,02,47.397971899999995,8.5461637,0.03200000151991844,-0.18000000715255737,0.0,0.0,0.08999999612569809,-0.06110728904604912,-0.08248602598905563,-9.74550724029541,-0.00037370272912085056,0.0009280025260522962,-5.467431947181467e-06,,
1776232790.606925,2026-04-15T05:59:50.606925,attack_circle_gpsinput_drift,02,47.3979718,8.5461637,0.03200000151991844,-0.18000000715255737,0.0,0.0,0.08999999612569809,-0.06110728904604912,-0.08248602598905563,-9.74550724029541,-0.00037370272912085056,0.0009280025260522962,-5.467431947181467e-06,,
1776232790.709916,2026-04-15T05:59:50.709916,attack_circle_gpsinput_drift,02,47.3979718,8.5461637,0.03200000151991844,-0.18000000715255737,0.0,0.0,0.08999999612569809,-0.05624938756227493,-0.08612348884344101,-9.76768970489502,-0.00021871417993679643,0.00017979613039642572,0.00031167574343271554,,
1776232790.8348193,2026-04-15T05:59:50.834819,attack_circle_gpsinput_drift,02,47.3979718,8.5461637,0.03200000151991844,-0.18000000715255737,0.0,0.0,0.08999999612569809,-0.05624938756227493,-0.08612348884344101,-9.76768970489502,-0.00021871417993679643,0.00017979613039642572,0.00031167574343271554,,
1776232790.9566517,2026-04-15T05:59:50.956652,attack_circle_gpsinput_drift,02,47.3979718,8.5461637,0.03200000151991844,-0.18000000715255737,0.0,0.0,0.08999999612569809,-0.07190735638141632,-0.08808287978172302,-9.748013496398926,-0.000636418757494539,-0.0001724564062897116,-0.0006775585934519768,,
1776232791.0581872,2026-04-15T05:59:51.058187,attack_circle_gpsinput_drift,02,47.3979718,8.5461637,0.03200000151991844,-0.18000000715255737,0.0,0.0,0.08999999612569809,-0.06858811527490616,-0.09167496114969254,-9.75166130065918,-0.0005523234140127897,-0.0008504688157700002,5.727972893510014e-05,,
1776232791.1611588,2026-04-15T05:59:51.161159,attack_circle_gpsinput_drift,02,47.3979718,8.5461637,0.03200000151991844,-0.18000000715255737,0.0,0.0,0.08999999612569809,-0.06858811527490616,-0.09167496114969254,-9.75166130065918,-0.0005523234140127897,-0.0008504688157700002,5.727972893510014e-05,,
1776232791.2676506,2026-04-15T05:59:51.267651,attack_circle_gpsinput_drift,02,47.3979718,8.5461637,0.032999999821186066,-0.17900000512599945,0.0,0.0,0.08999999612569809,-0.06453600525856018,-0.08630339801311493,-9.748610496520996,0.00016938289627432823,-0.0003430853539612144,0.0006525665521621704,,
1776232791.4113455,2026-04-15T05:59:51.411345,attack_circle_gpsinput_drift,02,47.3979718,8.5461637,0.032999999821186066,-0.17900000512599945,0.0,0.0,0.08999999612569809,-0.058705370873212814,-0.08670399338006973,-9.757946014404297,-0.0005235466524027288,0.00015598401660099626,1.8051823644782417e-05,,
1776232791.522203,2026-04-15T05:59:51.522203,attack_circle_gpsinput_drift,02,47.3979718,8.5461637,0.032999999821186066,-0.17900000512599945,0.0,0.0,0.08999999612569809,-0.058705370873212814,-0.08670399338006973,-9.757946014404297,-0.0005235466524027288,0.00015598401660099626,1.8051823644782417e-05,,
1776232791.6275868,2026-04-15T05:59:51.627587,attack_circle_gpsinput_drift,02,47.3979718,8.5461637,0.032999999821186066,-0.17900000512599945,0.0,0.0,0.08999999612569809,-0.062106903642416,-0.09109769761562347,-9.748486518859863,-0.00036603250191546977,0.0003131679550278932,0.0004648666363209486,,
1776232791.7576537,2026-04-15T05:59:51.757654,attack_circle_gpsinput_drift,02,47.3979718,8.5461637,0.032999999821186066,-0.17900000512599945,0.0,0.0,0.08999999612569809,-0.062106903642416,-0.09109769761562347,-9.748486518859863,-0.00036603250191546977,0.0003131679550278932,0.0004648666363209486,,
1776232791.8614178,2026-04-15T05:59:51.861418,attack_circle_gpsinput_drift,02,47.3979718,8.5461637,0.032999999821186066,-0.17900000512599945,0.0,0.0,0.08999999612569809,-0.06570840626955032,-0.08133941888809204,-9.750615119934082,-0.0012128116795793176,-0.0006256074993871152,0.0004871052806265652,,
1776232791.9657605,2026-04-15T05:59:51.965760,attack_circle_gpsinput_drift,02,47.3979718,8.5461637,0.032999999821186066,-0.17900000512599945,0.0,0.0,0.08999999612569809,-0.06570840626955032,-0.08133941888809204,-9.750615119934082,-0.0012128116795793176,-0.0006256074993871152,0.0004871052806265652,,
1776232792.0961845,2026-04-15T05:59:52.096184,attack_circle_gpsinput_drift,02,47.3979718,8.5461637,0.032999999821186066,-0.17900000512599945,0.0,0.0,0.08999999612569809,-0.06570840626955032,-0.08133941888809204,-9.750615119934082,-0.0012128116795793176,-0.0006256074993871152,0.0004871052806265652,,
1776232792.208102,2026-04-15T05:59:52.208102,attack_circle_gpsinput_drift,02,47.3979718,8.5461637,0.032999999821186066,-0.17900000512599945,0.0,0.0,0.08999999612569809,-0.07077760249376297,-0.08487340062856674,-9.754050254821777,0.00013424103963188827,-0.0003238932113163173,0.00034516985761001706,,
1776232792.3223817,2026-04-15T05:59:52.322382,attack_circle_gpsinput_drift,02,47.3979718,8.5461637,0.03200000151991844,-0.18000000715255737,0.0,0.0,0.08999999612569809,-0.07077760249376297,-0.08487340062856674,-9.754050254821777,0.00013424103963188827,-0.0003238932113163173,0.00034516985761001706,,
1776232792.4909177,2026-04-15T05:59:52.490918,attack_circle_gpsinput_drift,02,47.3979718,8.5461637,0.03200000151991844,-0.18000000715255737,0.0,0.0,0.08999999612569809,-0.07077760249376297,-0.08487340062856674,-9.754050254821777,0.00013424103963188827,-0.0003238932113163173,0.00034516985761001706,,
1776232792.6843777,2026-04-15T05:59:52.684378,attack_circle_gpsinput_drift,02,47.3979718,8.5461637,0.03200000151991844,-0.18000000715255737,0.0,0.0,0.08999999612569809,-0.07077760249376297,-0.08487340062856674,-9.754050254821777,0.00013424103963188827,-0.0003238932113163173,0.00034516985761001706,,
1776232792.787535,2026-04-15T05:59:52.787535,attack_circle_gpsinput_drift,02,47.3979718,8.5461637,0.03200000151991844,-0.18000000715255737,0.0,0.0,0.08999999612569809,-0.07077760249376297,-0.08487340062856674,-9.754050254821777,0.00013424103963188827,-0.0003238932113163173,0.00034516985761001706,,
1776232792.8905869,2026-04-15T05:59:52.890587,attack_circle_gpsinput_drift,02,47.3979718,8.5461637,0.03200000151991844,-0.18000000715255737,0.0,0.0,0.08999999612569809,-0.07077760249376297,-0.08487340062856674,-9.754050254821777,0.00013424103963188827,-0.0003238932113163173,0.00034516985761001706,,
1776232792.9916635,2026-04-15T05:59:52.991663,attack_circle_gpsinput_drift,02,47.3979718,8.5461637,0.03200000151991844,-0.18000000715255737,0.0,0.0,0.08999999612569809,-0.07077760249376297,-0.08487340062856674,-9.754050254821777,0.00013424103963188827,-0.0003238932113163173,0.00034516985761001706,,
1776232793.1209266,2026-04-15T05:59:53.120927,attack_circle_gpsinput_drift,02,47.3979718,8.5461637,0.03200000151991844,-0.18000000715255737,0.0,0.0,0.08999999612569809,-0.07077760249376297,-0.08487340062856674,-9.754050254821777,0.00013424103963188827,-0.0003238932113163173,0.00034516985761001706,,
1776232793.2252958,2026-04-15T05:59:53.225296,attack_circle_gpsinput_drift,02,47.3979718,8.5461637,0.03200000151991844,-0.18000000715255737,0.0,0.0,0.08999999612569809,-0.07077760249376297,-0.08487340062856674,-9.754050254821777,0.00013424103963188827,-0.0003238932113163173,0.00034516985761001706,,
1776232793.3317711,2026-04-15T05:59:53.331771,attack_circle_gpsinput_drift,02,47.3979718,8.5461638,0.03200000151991844,-0.18000000715255737,0.0,0.0,0.08999999612569809,-0.06713378429412842,-0.08569514006376266,-9.75595760345459,-0.0004416181182023138,0.0005246829823590815,-0.0009431297658011317,,
1776232793.433083,2026-04-15T05:59:53.433083,attack_circle_gpsinput_drift,02,47.3979718,8.5461638,0.03200000151991844,-0.18000000715255737,0.0,0.0,0.08999999612569809,-0.06713378429412842,-0.08569514006376266,-9.75595760345459,-0.0004416181182023138,0.0005246829823590815,-0.0009431297658011317,,
1776232793.5434072,2026-04-15T05:59:53.543407,attack_circle_gpsinput_drift,02,47.3979718,8.5461638,0.03200000151991844,-0.18000000715255737,0.0,0.0,0.08999999612569809,-0.060588739812374115,-0.0781368687748909,-9.741902351379395,-0.0007729089120402932,-0.0009578999015502632,-9.985287033487111e-05,,
1776232793.6458874,2026-04-15T05:59:53.645887,attack_circle_gpsinput_drift,02,47.3979718,8.5461638,0.03200000151991844,-0.18000000715255737,0.0,0.0,0.08999999612569809,-0.07153010368347168,-0.0879674106836319,-9.76389217376709,-0.00022433641424868256,0.000264107424300164,0.00010881662456085905,,
1776232793.7487278,2026-04-15T05:59:53.748728,attack_circle_gpsinput_drift,02,47.3979718,8.5461638,0.03200000151991844,-0.18000000715255737,0.0,0.0,0.08999999612569809,-0.061951082199811935,-0.08648057281970978,-9.752700805664062,0.0007604090496897697,-0.00019738703849725425,-0.0006361324922181666,,
1776232793.850956,2026-04-15T05:59:53.850956,attack_circle_gpsinput_drift,02,47.3979718,8.5461638,0.03200000151991844,-0.18000000715255737,0.0,0.0,0.08999999612569809,-0.061951082199811935,-0.08648057281970978,-9.752700805664062,0.0007604090496897697,-0.00019738703849725425,-0.0006361324922181666,,
1776232793.9959557,2026-04-15T05:59:53.995956,attack_circle_gpsinput_drift,02,47.3979718,8.5461638,0.03200000151991844,-0.18000000715255737,0.0,0.0,0.08999999612569809,-0.06257348507642746,-0.0832386463880539,-9.753874778747559,-3.7903279007878155e-05,-0.0009423399460501969,0.0003639361821115017,,
1776232794.1427312,2026-04-15T05:59:54.142731,attack_circle_gpsinput_drift,02,47.3979718,8.5461638,0.03100000135600567,-0.1810000091791153,0.0,0.009999999776482582,0.08999999612569809,-0.06257348507642746,-0.0832386463880539,-9.753874778747559,-3.7903279007878155e-05,-0.0009423399460501969,0.0003639361821115017,,
1776232794.254268,2026-04-15T05:59:54.254268,attack_circle_gpsinput_drift,02,47.3979718,8.5461638,0.03100000135600567,-0.1810000091791153,0.0,0.009999999776482582,0.08999999612569809,-0.06530380249023438,-0.08718680590391159,-9.747023582458496,-0.0005376958288252354,0.0012116158613935113,-0.000303058885037899,,
1776232794.368431,2026-04-15T05:59:54.368431,attack_circle_gpsinput_drift,02,47.3979718,8.5461638,0.03100000135600567,-0.1810000091791153,0.0,0.009999999776482582,0.08999999612569809,-0.06530380249023438,-0.08718680590391159,-9.747023582458496,-0.0005376958288252354,0.0012116158613935113,-0.000303058885037899,,
1776232794.473992,2026-04-15T05:59:54.473992,attack_circle_gpsinput_drift,02,47.3979718,8.5461638,0.03100000135600567,-0.1810000091791153,0.0,0.009999999776482582,0.08999999612569809,-0.06530380249023438,-0.08718680590391159,-9.747023582458496,-0.0005376958288252354,0.0012116158613935113,-0.000303058885037899,,
1776232794.5752304,2026-04-15T05:59:54.575230,attack_circle_gpsinput_drift,02,47.3979718,8.5461638,0.03100000135600567,-0.1810000091791153,0.0,0.009999999776482582,0.08999999612569809,-0.06530380249023438,-0.08718680590391159,-9.747023582458496,-0.0005376958288252354,0.0012116158613935113,-0.000303058885037899,,
1776232794.68904,2026-04-15T05:59:54.689040,attack_circle_gpsinput_drift,02,47.3979718,8.5461638,0.03100000135600567,-0.1810000091791153,0.0,0.009999999776482582,0.08999999612569809,-0.06530380249023438,-0.08718680590391159,-9.747023582458496,-0.0005376958288252354,0.0012116158613935113,-0.000303058885037899,,
1776232794.824037,2026-04-15T05:59:54.824037,attack_circle_gpsinput_drift,02,47.3979718,8.5461638,0.03100000135600567,-0.1810000091791153,0.0,0.009999999776482582,0.08999999612569809,-0.06949661672115326,-0.08688268065452576,-9.757659912109375,-0.0012671031290665269,0.0005121194408275187,-0.0004440635093487799,,
1776232794.9400394,2026-04-15T05:59:54.940039,attack_circle_gpsinput_drift,02,47.3979718,8.5461638,0.03100000135600567,-0.1810000091791153,0.0,0.009999999776482582,0.08999999612569809,-0.06949661672115326,-0.08688268065452576,-9.757659912109375,-0.0012671031290665269,0.0005121194408275187,-0.0004440635093487799,,
1776232795.040976,2026-04-15T05:59:55.040976,attack_circle_gpsinput_drift,02,47.3979718,8.5461638,0.03100000135600567,-0.1810000091791153,0.0,0.009999999776482582,0.08999999612569809,-0.06949661672115326,-0.08688268065452576,-9.757659912109375,-0.0012671031290665269,0.0005121194408275187,-0.0004440635093487799,,
1776232795.1519575,2026-04-15T05:59:55.151958,attack_circle_gpsinput_drift,02,47.3979718,8.5461638,0.030000001192092896,-0.18200001120567322,0.0,0.009999999776482582,0.08999999612569809,-0.0580977126955986,-0.08572876453399658,-9.750679016113281,0.000309123657643795,-0.0002985485771205276,-0.0014044641284272075,,
1776232795.2915254,2026-04-15T05:59:55.291525,attack_circle_gpsinput_drift,02,47.3979718,8.5461638,0.030000001192092896,-0.18200001120567322,0.0,0.009999999776482582,0.08999999612569809,-0.0580977126955986,-0.08572876453399658,-9.750679016113281,0.000309123657643795,-0.0002985485771205276,-0.0014044641284272075,,
1776232795.39317,2026-04-15T05:59:55.393170,attack_circle_gpsinput_drift,02,47.3979718,8.5461638,0.030000001192092896,-0.18200001120567322,0.0,0.009999999776482582,0.08999999612569809,-0.0580977126955986,-0.08572876453399658,-9.750679016113281,0.000309123657643795,-0.0002985485771205276,-0.0014044641284272075,,
1776232795.5251055,2026-04-15T05:59:55.525105,attack_circle_gpsinput_drift,02,47.3979718,8.5461638,0.030000001192092896,-0.18200001120567322,0.0,0.009999999776482582,0.08999999612569809,-0.0580977126955986,-0.08572876453399658,-9.750679016113281,0.000309123657643795,-0.0002985485771205276,-0.0014044641284272075,,
1776232795.6577542,2026-04-15T05:59:55.657754,attack_circle_gpsinput_drift,02,47.3979718,8.5461638,0.030000001192092896,-0.18200001120567322,0.0,0.009999999776482582,0.08999999612569809,-0.06283687055110931,-0.093651182949543,-9.757527351379395,0.0007779033039696515,0.0005316333845257759,-0.0002612742828205228,,
1776232795.7918522,2026-04-15T05:59:55.791852,attack_circle_gpsinput_drift,02,47.3979718,8.5461638,0.030000001192092896,-0.18200001120567322,0.0,0.009999999776482582,0.08999999612569809,-0.06283687055110931,-0.093651182949543,-9.757527351379395,0.0007779033039696515,0.0005316333845257759,-0.0002612742828205228,,
1776232795.9083073,2026-04-15T05:59:55.908307,attack_circle_gpsinput_drift,02,47.3979718,8.5461638,0.030000001192092896,-0.18200001120567322,0.0,0.009999999776482582,0.08999999612569809,-0.06283687055110931,-0.093651182949543,-9.757527351379395,0.0007779033039696515,0.0005316333845257759,-0.0002612742828205228,,
1776232796.030202,2026-04-15T05:59:56.030202,attack_circle_gpsinput_drift,02,47.3979718,8.5461638,0.030000001192092896,-0.18200001120567322,0.0,0.009999999776482582,0.08999999612569809,-0.06283687055110931,-0.093651182949543,-9.757527351379395,0.0007779033039696515,0.0005316333845257759,-0.0002612742828205228,,
1776232796.1643124,2026-04-15T05:59:56.164312,attack_circle_gpsinput_drift,02,47.3979718,8.5461638,0.030000001192092896,-0.18200001120567322,0.0,0.009999999776482582,0.08999999612569809,-0.06283687055110931,-0.093651182949543,-9.757527351379395,0.0007779033039696515,0.0005316333845257759,-0.0002612742828205228,,
1776232796.26749,2026-04-15T05:59:56.267490,attack_circle_gpsinput_drift,02,47.3979718,8.5461638,0.030000001192092896,-0.18200001120567322,0.0,0.009999999776482582,0.08999999612569809,-0.06381437927484512,-0.08229450136423111,-9.757095336914062,0.0004553304461296648,2.1565600036410615e-05,-0.0017427048878744245,,
1776232796.384982,2026-04-15T05:59:56.384982,attack_circle_gpsinput_drift,02,47.3979718,8.5461638,0.030000001192092896,-0.18200001120567322,0.0,0.009999999776482582,0.08999999612569809,-0.06381437927484512,-0.08229450136423111,-9.757095336914062,0.0004553304461296648,2.1565600036410615e-05,-0.0017427048878744245,,
1776232796.4881473,2026-04-15T05:59:56.488147,attack_circle_gpsinput_drift,02,47.3979718,8.5461638,0.030000001192092896,-0.18200001120567322,0.0,0.009999999776482582,0.08999999612569809,-0.06381437927484512,-0.08229450136423111,-9.757095336914062,0.0004553304461296648,2.1565600036410615e-05,-0.0017427048878744245,,
1776232796.594795,2026-04-15T05:59:56.594795,attack_circle_gpsinput_drift,02,47.3979718,8.5461638,0.030000001192092896,-0.18200001120567322,0.0,0.009999999776482582,0.08999999612569809,-0.06381437927484512,-0.08229450136423111,-9.757095336914062,0.0004553304461296648,2.1565600036410615e-05,-0.0017427048878744245,,
1776232796.8023612,2026-04-15T05:59:56.802361,attack_circle_gpsinput_drift,02,47.3979718,8.5461638,0.030000001192092896,-0.18200001120567322,0.0,0.009999999776482582,0.08999999612569809,-0.0566691979765892,-0.07949023693799973,-9.74809455871582,-0.0005099562113173306,0.0004675523960031569,0.0014393959427252412,,
1776232796.9113085,2026-04-15T05:59:56.911309,attack_circle_gpsinput_drift,02,47.3979718,8.5461638,0.030000001192092896,-0.18200001120567322,0.0,0.009999999776482582,0.08999999612569809,-0.0566691979765892,-0.07949023693799973,-9.74809455871582,-0.0005099562113173306,0.0004675523960031569,0.0014393959427252412,,
1776232797.0447874,2026-04-15T05:59:57.044787,attack_circle_gpsinput_drift,02,47.3979718,8.5461638,0.030000001192092896,-0.18200001120567322,0.0,0.009999999776482582,0.09999999403953552,-0.06463884562253952,-0.08572473376989365,-9.75687026977539,-6.24976892140694e-05,0.0005203242762945592,-0.0013062891084700823,,
1776232797.1584883,2026-04-15T05:59:57.158488,attack_circle_gpsinput_drift,02,47.3979718,8.5461638,0.030000001192092896,-0.18200001120567322,0.0,0.009999999776482582,0.09999999403953552,-0.06463884562253952,-0.08572473376989365,-9.75687026977539,-6.24976892140694e-05,0.0005203242762945592,-0.0013062891084700823,,
1776232797.2926364,2026-04-15T05:59:57.292636,attack_circle_gpsinput_drift,02,47.3979718,8.5461638,0.030000001192092896,-0.18200001120567322,0.0,0.009999999776482582,0.09999999403953552,-0.06463884562253952,-0.08572473376989365,-9.75687026977539,-6.24976892140694e-05,0.0005203242762945592,-0.0013062891084700823,,
1776232797.5438597,2026-04-15T05:59:57.543860,attack_circle_gpsinput_drift,02,47.3979718,8.5461638,0.030000001192092896,-0.18200001120567322,0.0,0.009999999776482582,0.09999999403953552,-0.06463884562253952,-0.08572473376989365,-9.75687026977539,-6.24976892140694e-05,0.0005203242762945592,-0.0013062891084700823,,
1776232797.6702032,2026-04-15T05:59:57.670203,attack_circle_gpsinput_drift,02,47.3979718,8.5461638,0.030000001192092896,-0.18200001120567322,0.0,0.009999999776482582,0.09999999403953552,-0.06463884562253952,-0.08572473376989365,-9.75687026977539,-6.24976892140694e-05,0.0005203242762945592,-0.0013062891084700823,,
1776232797.7710762,2026-04-15T05:59:57.771076,attack_circle_gpsinput_drift,02,47.3979718,8.5461638,0.029000001028180122,-0.18300001323223114,0.0,0.009999999776482582,0.09999999403953552,-0.06329809129238129,-0.08686842024326324,-9.747726440429688,0.00037473358679562807,-0.0002525037562008947,0.00039204792119562626,,
1776232797.8836021,2026-04-15T05:59:57.883602,attack_circle_gpsinput_drift,02,47.3979717,8.5461638,0.02800000086426735,-0.18400001525878906,0.0,0.009999999776482582,0.09999999403953552,-0.06278099864721298,-0.08621279150247574,-9.756245613098145,-0.000315329700242728,7.948075653985143e-05,0.0003966568037867546,,
1776232797.9876857,2026-04-15T05:59:57.987686,attack_circle_gpsinput_drift,02,47.3979717,8.5461638,0.02800000086426735,-0.18400001525878906,0.0,0.009999999776482582,0.09999999403953552,-0.06278099864721298,-0.08621279150247574,-9.756245613098145,-0.000315329700242728,7.948075653985143e-05,0.0003966568037867546,,
1776232798.092922,2026-04-15T05:59:58.092922,attack_circle_gpsinput_drift,02,47.3979717,8.5461638,0.02800000086426735,-0.18400001525878906,0.0,0.009999999776482582,0.09999999403953552,-0.06278099864721298,-0.08621279150247574,-9.756245613098145,-0.000315329700242728,7.948075653985143e-05,0.0003966568037867546,,
1776232798.1999404,2026-04-15T05:59:58.199940,attack_circle_gpsinput_drift,02,47.3979717,8.5461638,0.02800000086426735,-0.18400001525878906,0.0,0.009999999776482582,0.09999999403953552,-0.06278099864721298,-0.08621279150247574,-9.756245613098145,-0.000315329700242728,7.948075653985143e-05,0.0003966568037867546,,
1776232798.3246713,2026-04-15T05:59:58.324671,attack_circle_gpsinput_drift,02,47.3979717,8.5461638,0.02800000086426735,-0.18400001525878906,0.0,0.009999999776482582,0.09999999403953552,-0.06278099864721298,-0.08621279150247574,-9.756245613098145,-0.000315329700242728,7.948075653985143e-05,0.0003966568037867546,,
1776232798.432693,2026-04-15T05:59:58.432693,attack_circle_gpsinput_drift,02,47.3979717,8.5461638,0.02800000086426735,-0.18400001525878906,0.0,0.009999999776482582,0.09999999403953552,-0.06278099864721298,-0.08621279150247574,-9.756245613098145,-0.000315329700242728,7.948075653985143e-05,0.0003966568037867546,,
1776232798.5379708,2026-04-15T05:59:58.537971,attack_circle_gpsinput_drift,02,47.3979717,8.5461638,0.02800000086426735,-0.18400001525878906,0.0,0.009999999776482582,0.09999999403953552,-0.06278099864721298,-0.08621279150247574,-9.756245613098145,-0.000315329700242728,7.948075653985143e-05,0.0003966568037867546,,
1776232798.6557176,2026-04-15T05:59:58.655718,attack_circle_gpsinput_drift,02,47.3979717,8.5461638,0.02800000086426735,-0.18400001525878906,0.0,0.009999999776482582,0.09999999403953552,-0.06989967077970505,-0.08552514761686325,-9.749337196350098,0.0007630141917616129,0.0006473251269198954,-1.438810159015702e-06,,
1776232798.7753808,2026-04-15T05:59:58.775381,attack_circle_gpsinput_drift,02,47.3979717,8.5461638,0.02800000086426735,-0.18400001525878906,0.0,0.009999999776482582,0.09999999403953552,-0.06989967077970505,-0.08552514761686325,-9.749337196350098,0.0007630141917616129,0.0006473251269198954,-1.438810159015702e-06,,
1776232798.9412615,2026-04-15T05:59:58.941262,attack_circle_gpsinput_drift,02,47.3979717,8.5461638,0.02800000086426735,-0.18400001525878906,0.0,0.009999999776482582,0.09999999403953552,-0.06989967077970505,-0.08552514761686325,-9.749337196350098,0.0007630141917616129,0.0006473251269198954,-1.438810159015702e-06,,
1776232799.0433996,2026-04-15T05:59:59.043400,attack_circle_gpsinput_drift,02,47.3979717,8.5461638,0.02800000086426735,-0.18400001525878906,0.0,0.009999999776482582,0.09999999403953552,-0.06989967077970505,-0.08552514761686325,-9.749337196350098,0.0007630141917616129,0.0006473251269198954,-1.438810159015702e-06,,
1776232799.152782,2026-04-15T05:59:59.152782,attack_circle_gpsinput_drift,02,47.3979717,8.5461638,0.02800000086426735,-0.18400001525878906,0.0,0.009999999776482582,0.09999999403953552,-0.06303927302360535,-0.08900317549705505,-9.750203132629395,0.0005735402810387313,-0.00032779565663076937,0.0005161492736078799,,
1776232799.285002,2026-04-15T05:59:59.285002,attack_circle_gpsinput_drift,02,47.3979717,8.5461638,0.02800000086426735,-0.18400001525878906,0.0,0.009999999776482582,0.09999999403953552,-0.06303927302360535,-0.08900317549705505,-9.750203132629395,0.0005735402810387313,-0.00032779565663076937,0.0005161492736078799,,
1776232799.3899732,2026-04-15T05:59:59.389973,attack_circle_gpsinput_drift,02,47.3979717,8.5461638,0.02800000086426735,-0.18400001525878906,0.0,0.009999999776482582,0.09999999403953552,-0.07235412299633026,-0.09305905550718307,-9.748332977294922,0.0009899868164211512,-5.92036776652094e-05,0.0001290583168156445,,
1776232799.4936967,2026-04-15T05:59:59.493697,attack_circle_gpsinput_drift,02,47.3979717,8.5461638,0.02800000086426735,-0.18400001525878906,0.0,0.009999999776482582,0.09999999403953552,-0.07235412299633026,-0.09305905550718307,-9.748332977294922,0.0009899868164211512,-5.92036776652094e-05,0.0001290583168156445,,
1776232799.6005294,2026-04-15T05:59:59.600529,attack_circle_gpsinput_drift,02,47.3979717,8.5461638,0.02800000086426735,-0.18400001525878906,0.0,0.009999999776482582,0.09999999403953552,-0.06332018226385117,-0.08024249225854874,-9.754667282104492,-0.00023566883464809507,0.0003185960231348872,0.0002516801469027996,,
1776232799.7037246,2026-04-15T05:59:59.703725,attack_circle_gpsinput_drift,02,47.3979717,8.5461638,0.02800000086426735,-0.18400001525878906,0.0,0.009999999776482582,0.09999999403953552,-0.06296458840370178,-0.08163278549909592,-9.74318790435791,-0.0001888024271465838,0.0005901640397496521,0.0007028000545687973,,
1776232799.8069437,2026-04-15T05:59:59.806944,attack_circle_gpsinput_drift,02,47.3979717,8.5461638,0.02800000086426735,-0.1850000023841858,0.0,0.009999999776482582,0.09999999403953552,-0.06373810023069382,-0.08414149284362793,-9.746953964233398,-0.00018816125520970672,0.0003156572056468576,0.0004695850075222552,,
1776232799.9096782,2026-04-15T05:59:59.909678,attack_circle_gpsinput_drift,02,47.3979717,8.5461638,0.02800000086426735,-0.1850000023841858,0.0,0.009999999776482582,0.09999999403953552,-0.06373810023069382,-0.08414149284362793,-9.746953964233398,-0.00018816125520970672,0.0003156572056468576,0.0004695850075222552,,
1776232800.0415354,2026-04-15T06:00:00.041535,attack_circle_gpsinput_drift,02,47.3979717,8.5461638,0.02800000086426735,-0.18400001525878906,0.0,0.009999999776482582,0.09999999403953552,-0.06651792675256729,-0.08654148876667023,-9.758898735046387,0.00042521883733570576,9.554822463542223e-05,-0.00013829616364091635,,
1776232800.1492662,2026-04-15T06:00:00.149266,attack_circle_gpsinput_drift,02,47.3979717,8.5461638,0.02800000086426735,-0.18400001525878906,0.0,0.009999999776482582,0.09999999403953552,-0.06651792675256729,-0.08654148876667023,-9.758898735046387,0.00042521883733570576,9.554822463542223e-05,-0.00013829616364091635,,
1776232800.25963,2026-04-15T06:00:00.259630,attack_circle_gpsinput_drift,02,47.3979717,8.5461638,0.02800000086426735,-0.18400001525878906,0.0,0.009999999776482582,0.09999999403953552,-0.06651792675256729,-0.08654148876667023,-9.758898735046387,0.00042521883733570576,9.554822463542223e-05,-0.00013829616364091635,,
1776232800.399905,2026-04-15T06:00:00.399905,attack_circle_gpsinput_drift,02,47.3979717,8.5461638,0.029000001028180122,-0.18300001323223114,0.0,0.009999999776482582,0.09999999403953552,-0.060656704008579254,-0.09487756341695786,-9.75212574005127,-0.0009103387710638344,0.00036041310522705317,0.000603763444814831,,
1776232800.5054264,2026-04-15T06:00:00.505426,attack_circle_gpsinput_drift,02,47.3979717,8.5461638,0.029000001028180122,-0.18300001323223114,0.0,0.009999999776482582,0.09999999403953552,-0.060656704008579254,-0.09487756341695786,-9.75212574005127,-0.0009103387710638344,0.00036041310522705317,0.000603763444814831,,
1776232800.6130316,2026-04-15T06:00:00.613032,attack_circle_gpsinput_drift,02,47.3979717,8.5461638,0.029000001028180122,-0.18300001323223114,0.0,0.009999999776482582,0.09999999403953552,-0.060656704008579254,-0.09487756341695786,-9.75212574005127,-0.0009103387710638344,0.00036041310522705317,0.000603763444814831,,
1776232800.7379005,2026-04-15T06:00:00.737900,attack_circle_gpsinput_drift,02,47.3979717,8.5461638,0.029000001028180122,-0.18300001323223114,0.0,0.009999999776482582,0.09999999403953552,-0.060656704008579254,-0.09487756341695786,-9.75212574005127,-0.0009103387710638344,0.00036041310522705317,0.000603763444814831,,
1776232800.8619068,2026-04-15T06:00:00.861907,attack_circle_gpsinput_drift,02,47.3979717,8.5461638,0.029000001028180122,-0.18300001323223114,0.0,0.009999999776482582,0.09999999403953552,-0.05912908539175987,-0.08246508240699768,-9.761458396911621,-0.0005790287395939231,0.00013400470197666436,0.0005419618100859225,,
1776232800.9719498,2026-04-15T06:00:00.971950,attack_circle_gpsinput_drift,02,47.3979717,8.5461638,0.029000001028180122,-0.18300001323223114,0.0,0.009999999776482582,0.09999999403953552,-0.05912908539175987,-0.08246508240699768,-9.761458396911621,-0.0005790287395939231,0.00013400470197666436,0.0005419618100859225,,
1776232801.0831,2026-04-15T06:00:01.083100,attack_circle_gpsinput_drift,02,47.3979717,8.5461638,0.029000001028180122,-0.18300001323223114,0.0,0.009999999776482582,0.09999999403953552,-0.05912908539175987,-0.08246508240699768,-9.761458396911621,-0.0005790287395939231,0.00013400470197666436,0.0005419618100859225,,
1776232801.1912327,2026-04-15T06:00:01.191233,attack_circle_gpsinput_drift,02,47.3979717,8.5461638,0.029000001028180122,-0.18300001323223114,0.0,0.009999999776482582,0.09999999403953552,-0.05912908539175987,-0.08246508240699768,-9.761458396911621,-0.0005790287395939231,0.00013400470197666436,0.0005419618100859225,,
1776232801.2996109,2026-04-15T06:00:01.299611,attack_circle_gpsinput_drift,02,47.3979717,8.5461638,0.029000001028180122,-0.18300001323223114,0.0,0.009999999776482582,0.09999999403953552,-0.05912908539175987,-0.08246508240699768,-9.761458396911621,-0.0005790287395939231,0.00013400470197666436,0.0005419618100859225,,
1776232801.4031234,2026-04-15T06:00:01.403123,attack_circle_gpsinput_drift,02,47.3979717,8.5461638,0.029000001028180122,-0.18300001323223114,0.0,0.009999999776482582,0.09999999403953552,-0.05912908539175987,-0.08246508240699768,-9.761458396911621,-0.0005790287395939231,0.00013400470197666436,0.0005419618100859225,,
1776232801.5339222,2026-04-15T06:00:01.533922,attack_circle_gpsinput_drift,02,47.3979717,8.5461638,0.02800000086426735,-0.18400001525878906,-0.009999999776482582,0.009999999776482582,0.09999999403953552,-0.05628673732280731,-0.08495858311653137,-9.751378059387207,0.0001709994685370475,-0.0008309129043482244,0.00022459325555246323,,
1776232801.6421351,2026-04-15T06:00:01.642135,attack_circle_gpsinput_drift,02,47.3979717,8.5461638,0.02800000086426735,-0.18400001525878906,-0.009999999776482582,0.009999999776482582,0.09999999403953552,-0.05628673732280731,-0.08495858311653137,-9.751378059387207,0.0001709994685370475,-0.0008309129043482244,0.00022459325555246323,,
1776232801.8154595,2026-04-15T06:00:01.815459,attack_circle_gpsinput_drift,02,47.3979717,8.5461638,0.02800000086426735,-0.18400001525878906,-0.009999999776482582,0.009999999776482582,0.09999999403953552,-0.05628673732280731,-0.08495858311653137,-9.751378059387207,0.0001709994685370475,-0.0008309129043482244,0.00022459325555246323,,
1776232801.9250863,2026-04-15T06:00:01.925086,attack_circle_gpsinput_drift,02,47.3979717,8.5461638,0.02800000086426735,-0.18400001525878906,-0.009999999776482582,0.009999999776482582,0.09999999403953552,-0.05628673732280731,-0.08495858311653137,-9.751378059387207,0.0001709994685370475,-0.0008309129043482244,0.00022459325555246323,,
1776232802.027301,2026-04-15T06:00:02.027301,attack_circle_gpsinput_drift,02,47.3979717,8.5461638,0.02800000086426735,-0.18400001525878906,-0.009999999776482582,0.009999999776482582,0.09999999403953552,-0.05628673732280731,-0.08495858311653137,-9.751378059387207,0.0001709994685370475,-0.0008309129043482244,0.00022459325555246323,,
1776232802.1339192,2026-04-15T06:00:02.133919,attack_circle_gpsinput_drift,02,47.3979717,8.5461638,0.02800000086426735,-0.18400001525878906,-0.009999999776482582,0.009999999776482582,0.09999999403953552,-0.05628673732280731,-0.08495858311653137,-9.751378059387207,0.0001709994685370475,-0.0008309129043482244,0.00022459325555246323,,
1776232802.236041,2026-04-15T06:00:02.236041,attack_circle_gpsinput_drift,02,47.3979717,8.5461638,0.02800000086426735,-0.18400001525878906,-0.009999999776482582,0.009999999776482582,0.09999999403953552,-0.06274610012769699,-0.0886705219745636,-9.76021671295166,0.00020409966236911714,0.0005571615765802562,-1.160762258223258e-05,,
1776232802.3386526,2026-04-15T06:00:02.338653,attack_circle_gpsinput_drift,02,47.3979717,8.5461638,0.027000000700354576,-0.1850000023841858,-0.009999999776482582,0.009999999776482582,0.09999999403953552,-0.0655163824558258,-0.08635295927524567,-9.754100799560547,6.991881673457101e-05,2.586037226137705e-05,-0.0002138613781426102,,
1776232802.4798799,2026-04-15T06:00:02.479880,attack_circle_gpsinput_drift,02,47.3979717,8.5461638,0.027000000700354576,-0.1850000023841858,-0.009999999776482582,0.009999999776482582,0.09999999403953552,-0.0655163824558258,-0.08635295927524567,-9.754100799560547,6.991881673457101e-05,2.586037226137705e-05,-0.0002138613781426102,,
1776232802.6178882,2026-04-15T06:00:02.617888,attack_circle_gpsinput_drift,02,47.3979717,8.5461638,0.02500000037252903,-0.18700000643730164,-0.009999999776482582,0.009999999776482582,0.09999999403953552,-0.0682879388332367,-0.08968072384595871,-9.742066383361816,0.00035971554461866617,0.001221447833813727,0.0007171402685344219,,
1776232802.7506332,2026-04-15T06:00:02.750633,attack_circle_gpsinput_drift,02,47.3979717,8.5461638,0.02500000037252903,-0.18700000643730164,-0.009999999776482582,0.009999999776482582,0.09999999403953552,-0.0682879388332367,-0.08968072384595871,-9.742066383361816,0.00035971554461866617,0.001221447833813727,0.0007171402685344219,,
1776232802.9172895,2026-04-15T06:00:02.917289,attack_circle_gpsinput_drift,02,47.3979717,8.5461638,0.02500000037252903,-0.18700000643730164,-0.009999999776482582,0.009999999776482582,0.09999999403953552,-0.0682879388332367,-0.08968072384595871,-9.742066383361816,0.00035971554461866617,0.001221447833813727,0.0007171402685344219,,
1776232803.1219697,2026-04-15T06:00:03.121970,attack_circle_gpsinput_drift,02,47.3979717,8.5461638,0.02500000037252903,-0.18700000643730164,-0.009999999776482582,0.009999999776482582,0.09999999403953552,-0.0682879388332367,-0.08968072384595871,-9.742066383361816,0.00035971554461866617,0.001221447833813727,0.0007171402685344219,,
1776232803.2330616,2026-04-15T06:00:03.233062,attack_circle_gpsinput_drift,02,47.3979717,8.5461638,0.02500000037252903,-0.18700000643730164,-0.009999999776482582,0.009999999776482582,0.09999999403953552,-0.0682879388332367,-0.08968072384595871,-9.742066383361816,0.00035971554461866617,0.001221447833813727,0.0007171402685344219,,
1776232803.3416853,2026-04-15T06:00:03.341685,attack_circle_gpsinput_drift,02,47.3979717,8.5461638,0.024000000208616257,-0.18800000846385956,-0.009999999776482582,0.009999999776482582,0.09999999403953552,-0.06717067956924438,-0.08143465965986252,-9.74985408782959,0.0015174578875303268,-0.0016926918178796768,-0.00021445930178742856,,
1776232803.4565945,2026-04-15T06:00:03.456594,attack_circle_gpsinput_drift,02,47.3979717,8.5461638,0.024000000208616257,-0.18800000846385956,-0.009999999776482582,0.009999999776482582,0.09999999403953552,-0.06717067956924438,-0.08143465965986252,-9.74985408782959,0.0015174578875303268,-0.0016926918178796768,-0.00021445930178742856,,
1776232803.5632129,2026-04-15T06:00:03.563213,attack_circle_gpsinput_drift,02,47.3979717,8.5461638,0.024000000208616257,-0.18800000846385956,-0.009999999776482582,0.009999999776482582,0.09999999403953552,-0.06717067956924438,-0.08143465965986252,-9.74985408782959,0.0015174578875303268,-0.0016926918178796768,-0.00021445930178742856,,
1776232803.7200103,2026-04-15T06:00:03.720010,attack_circle_gpsinput_drift,02,47.3979717,8.5461638,0.024000000208616257,-0.18800000846385956,-0.009999999776482582,0.009999999776482582,0.09999999403953552,-0.06490463763475418,-0.08428890258073807,-9.753734588623047,0.0008975781966000795,0.00042694428702816367,-0.0004644345899578184,,
1776232803.8550315,2026-04-15T06:00:03.855031,attack_circle_gpsinput_drift,02,47.3979717,8.5461638,0.024000000208616257,-0.18800000846385956,-0.009999999776482582,0.009999999776482582,0.09999999403953552,-0.06490463763475418,-0.08428890258073807,-9.753734588623047,0.0008975781966000795,0.00042694428702816367,-0.0004644345899578184,,
1776232804.0255613,2026-04-15T06:00:04.025561,attack_circle_gpsinput_drift,02,47.3979717,8.5461638,0.024000000208616257,-0.18800000846385956,-0.009999999776482582,0.009999999776482582,0.09999999403953552,-0.06009602174162865,-0.07949823141098022,-9.753135681152344,-0.0008362480439245701,0.0001031316933222115,-0.0006173280999064445,,
1776232804.1349788,2026-04-15T06:00:04.134979,attack_circle_gpsinput_drift,02,47.3979717,8.5461638,0.024000000208616257,-0.18800000846385956,-0.009999999776482582,0.009999999776482582,0.09999999403953552,-0.06009602174162865,-0.07949823141098022,-9.753135681152344,-0.0008362480439245701,0.0001031316933222115,-0.0006173280999064445,,
1776232804.2379892,2026-04-15T06:00:04.237989,attack_circle_gpsinput_drift,02,47.3979717,8.5461638,0.024000000208616257,-0.18800000846385956,-0.009999999776482582,0.009999999776482582,0.09999999403953552,-0.06009602174162865,-0.07949823141098022,-9.753135681152344,-0.0008362480439245701,0.0001031316933222115,-0.0006173280999064445,,
1776232804.3444526,2026-04-15T06:00:04.344453,attack_circle_gpsinput_drift,02,47.3979717,8.5461639,0.024000000208616257,-0.18800000846385956,-0.009999999776482582,0.009999999776482582,0.09999999403953552,-0.06990299373865128,-0.08375722169876099,-9.754773139953613,4.92043727717828e-05,-8.409545262111351e-05,-0.00040572023135609925,,
1776232804.4491765,2026-04-15T06:00:04.449177,attack_circle_gpsinput_drift,02,47.3979717,8.5461639,0.024000000208616257,-0.18800000846385956,-0.009999999776482582,0.009999999776482582,0.09999999403953552,-0.06990299373865128,-0.08375722169876099,-9.754773139953613,4.92043727717828e-05,-8.409545262111351e-05,-0.00040572023135609925,,
1776232804.5579543,2026-04-15T06:00:04.557954,attack_circle_gpsinput_drift,02,47.3979717,8.5461639,0.024000000208616257,-0.18800000846385956,-0.009999999776482582,0.009999999776482582,0.09999999403953552,-0.06990299373865128,-0.08375722169876099,-9.754773139953613,4.92043727717828e-05,-8.409545262111351e-05,-0.00040572023135609925,,
1776232804.6971312,2026-04-15T06:00:04.697131,attack_circle_gpsinput_drift,02,47.3979717,8.5461639,0.024000000208616257,-0.18800000846385956,-0.009999999776482582,0.009999999776482582,0.09999999403953552,-0.06580761075019836,-0.08822614699602127,-9.760196685791016,-0.0011203134199604392,-0.000510005047544837,0.00012748719018418342,,
1776232804.802501,2026-04-15T06:00:04.802501,attack_circle_gpsinput_drift,02,47.3979717,8.5461639,0.024000000208616257,-0.18800000846385956,-0.009999999776482582,0.009999999776482582,0.09999999403953552,-0.06580761075019836,-0.08822614699602127,-9.760196685791016,-0.0011203134199604392,-0.000510005047544837,0.00012748719018418342,,
1776232804.9114516,2026-04-15T06:00:04.911452,attack_circle_gpsinput_drift,02,47.3979717,8.5461639,0.024000000208616257,-0.18800000846385956,-0.009999999776482582,0.009999999776482582,0.09999999403953552,-0.06580761075019836,-0.08822614699602127,-9.760196685791016,-0.0011203134199604392,-0.000510005047544837,0.00012748719018418342,,
1776232805.0180774,2026-04-15T06:00:05.018077,attack_circle_gpsinput_drift,02,47.3979717,8.5461639,0.026000000536441803,-0.1860000044107437,-0.009999999776482582,0.009999999776482582,0.09999999403953552,-0.06468551605939865,-0.0812559574842453,-9.751371383666992,0.0006213587475940585,-0.0001436597085557878,-0.00046532085980288684,,
1776232805.1369507,2026-04-15T06:00:05.136951,attack_circle_gpsinput_drift,02,47.3979717,8.5461639,0.026000000536441803,-0.1860000044107437,-0.009999999776482582,0.009999999776482582,0.09999999403953552,-0.06468551605939865,-0.0812559574842453,-9.751371383666992,0.0006213587475940585,-0.0001436597085557878,-0.00046532085980288684,,
1776232805.2392783,2026-04-15T06:00:05.239278,attack_circle_gpsinput_drift,02,47.3979717,8.5461639,0.030000001192092896,-0.18200001120567322,-0.009999999776482582,0.009999999776482582,0.08999999612569809,-0.05821102485060692,-0.09212398529052734,-9.752584457397461,1.187717862194404e-05,-0.0002626147761475295,-0.0003921251045539975,,
1776232805.3428643,2026-04-15T06:00:05.342864,attack_circle_gpsinput_drift,02,47.3979716,8.5461639,0.032999999821186066,-0.17900000512599945,-0.009999999776482582,0.009999999776482582,0.07000000029802322,-0.06438691914081573,-0.08118466287851334,-9.756871223449707,-0.0003100812609773129,-0.0014896402135491371,0.0002017320366576314,,
1776232805.4464114,2026-04-15T06:00:05.446411,attack_circle_gpsinput_drift,02,47.3979716,8.5461639,0.032999999821186066,-0.17900000512599945,-0.009999999776482582,0.009999999776482582,0.07000000029802322,-0.0655580386519432,-0.08980529010295868,-9.756354331970215,-0.0012938580475747585,-0.0004872678255196661,2.497080640750937e-05,,
1776232805.550261,2026-04-15T06:00:05.550261,attack_circle_gpsinput_drift,02,47.3979716,8.5461639,0.03400000184774399,-0.17800000309944153,-0.009999999776482582,0.009999999776482582,0.05999999865889549,-0.0655580386519432,-0.08980529010295868,-9.756354331970215,-0.0012938580475747585,-0.0004872678255196661,2.497080640750937e-05,,
1776232805.6525917,2026-04-15T06:00:05.652592,attack_circle_gpsinput_drift,02,47.3979716,8.5461639,0.03500000014901161,-0.1770000010728836,-0.009999999776482582,0.009999999776482582,0.05999999865889549,-0.061303116381168365,-0.07727368175983429,-9.747556686401367,-0.000253363570664078,3.2404994271928445e-05,0.0009544995264150202,,
1776232805.7534103,2026-04-15T06:00:05.753410,attack_circle_gpsinput_drift,02,47.3979716,8.5461639,0.03500000014901161,-0.1770000010728836,-0.009999999776482582,0.009999999776482582,0.05999999865889549,-0.061303116381168365,-0.07727368175983429,-9.747556686401367,-0.000253363570664078,3.2404994271928445e-05,0.0009544995264150202,,
1776232805.858047,2026-04-15T06:00:05.858047,attack_circle_gpsinput_drift,02,47.3979716,8.5461639,0.03500000014901161,-0.1770000010728836,-0.009999999776482582,0.009999999776482582,0.05999999865889549,-0.07531840354204178,-0.08485329896211624,-9.753727912902832,-8.147639164235443e-05,0.0006570473778992891,0.0007574250339530408,,
1776232805.964251,2026-04-15T06:00:05.964251,attack_circle_gpsinput_drift,02,47.3979716,8.5461639,0.03500000014901161,-0.1770000010728836,-0.009999999776482582,0.009999999776482582,0.05999999865889549,-0.07531840354204178,-0.08485329896211624,-9.753727912902832,-8.147639164235443e-05,0.0006570473778992891,0.0007574250339530408,,
1776232806.1093833,2026-04-15T06:00:06.109383,attack_circle_gpsinput_drift,02,47.3979716,8.5461639,0.03500000014901161,-0.1770000010728836,-0.009999999776482582,0.009999999776482582,0.04999999701976776,-0.06322810053825378,-0.08213631808757782,-9.737666130065918,-0.0007488387636840343,-0.00020493139163590968,-3.9177572034532204e-05,,
1776232806.2121582,2026-04-15T06:00:06.212158,attack_circle_gpsinput_drift,02,47.3979716,8.5461639,0.03500000014901161,-0.1770000010728836,-0.009999999776482582,0.009999999776482582,0.04999999701976776,-0.06322810053825378,-0.08213631808757782,-9.737666130065918,-0.0007488387636840343,-0.00020493139163590968,-3.9177572034532204e-05,,
1776232806.3139057,2026-04-15T06:00:06.313906,attack_circle_gpsinput_drift,02,47.3979716,8.5461639,0.03500000014901161,-0.1770000010728836,-0.009999999776482582,0.009999999776482582,0.04999999701976776,-0.0648188665509224,-0.08447221666574478,-9.745783805847168,6.332867633318529e-05,0.0007182197878137231,9.362240962218493e-05,,
1776232806.4180624,2026-04-15T06:00:06.418062,attack_circle_gpsinput_drift,02,47.3979716,8.5461639,0.03500000014901161,-0.1770000010728836,-0.009999999776482582,0.009999999776482582,0.04999999701976776,-0.0648188665509224,-0.08447221666574478,-9.745783805847168,6.332867633318529e-05,0.0007182197878137231,9.362240962218493e-05,,
1776232806.527015,2026-04-15T06:00:06.527015,attack_circle_gpsinput_drift,02,47.3979716,8.5461639,0.03500000014901161,-0.1770000010728836,-0.009999999776482582,0.009999999776482582,0.04999999701976776,-0.0648188665509224,-0.08447221666574478,-9.745783805847168,6.332867633318529e-05,0.0007182197878137231,9.362240962218493e-05,,
1776232806.6368487,2026-04-15T06:00:06.636849,attack_circle_gpsinput_drift,02,47.3979716,8.5461639,0.03500000014901161,-0.1770000010728836,-0.009999999776482582,0.009999999776482582,0.04999999701976776,-0.0714835599064827,-0.09725385904312134,-9.747695922851562,-9.375793888466433e-05,-0.0009945217752829194,-9.96762391878292e-05,,
1776232806.7610614,2026-04-15T06:00:06.761061,attack_circle_gpsinput_drift,02,47.3979716,8.5461639,0.036000002175569534,-0.1770000010728836,-0.009999999776482582,0.009999999776482582,0.04999999701976776,-0.0714835599064827,-0.09725385904312134,-9.747695922851562,-9.375793888466433e-05,-0.0009945217752829194,-9.96762391878292e-05,98.0,16.144001007080078
1776232806.8626947,2026-04-15T06:00:06.862695,attack_circle_gpsinput_drift,02,47.3979716,8.5461639,0.036000002175569534,-0.17600001394748688,-0.009999999776482582,0.009999999776482582,0.04999999701976776,-0.05752518028020859,-0.08443265408277512,-9.752742767333984,-0.0004025303933303803,0.0010631834156811237,0.000463992590084672,98.0,16.144001007080078
1776232806.9746625,2026-04-15T06:00:06.974663,attack_circle_gpsinput_drift,02,47.3979716,8.5461639,0.036000002175569534,-0.17600001394748688,-0.009999999776482582,0.009999999776482582,0.04999999701976776,-0.05752518028020859,-0.08443265408277512,-9.752742767333984,-0.0004025303933303803,0.0010631834156811237,0.000463992590084672,98.0,16.144001007080078
1776232807.0923936,2026-04-15T06:00:07.092394,attack_circle_gpsinput_drift,02,47.3979716,8.5461639,0.036000002175569534,-0.17600001394748688,-0.009999999776482582,0.009999999776482582,0.04999999701976776,-0.05810059234499931,-0.08525920659303665,-9.753656387329102,0.0003924456250388175,0.000448424369096756,-0.0009035427356138825,98.0,16.144001007080078
1776232807.2065814,2026-04-15T06:00:07.206581,attack_circle_gpsinput_drift,02,47.3979716,8.5461639,0.036000002175569534,-0.17600001394748688,-0.009999999776482582,0.009999999776482582,0.04999999701976776,-0.05810059234499931,-0.08525920659303665,-9.753656387329102,0.0003924456250388175,0.000448424369096756,-0.0009035427356138825,98.0,16.144001007080078
1776232807.3509128,2026-04-15T06:00:07.350913,attack_circle_gpsinput_drift,02,47.3979716,8.5461639,0.036000002175569534,-0.17600001394748688,-0.009999999776482582,0.009999999776482582,0.04999999701976776,-0.05810059234499931,-0.08525920659303665,-9.753656387329102,0.0003924456250388175,0.000448424369096756,-0.0009035427356138825,98.0,16.144001007080078
1776232807.4646869,2026-04-15T06:00:07.464687,attack_circle_gpsinput_drift,02,47.3979716,8.5461639,0.03700000047683716,-0.17500001192092896,-0.009999999776482582,0.009999999776482582,0.03999999910593033,-0.06633506715297699,-0.08294880390167236,-9.752257347106934,0.0014458716614171863,9.914585098158568e-05,0.0003260055382270366,98.0,16.144001007080078
1776232807.5685012,2026-04-15T06:00:07.568501,attack_circle_gpsinput_drift,02,47.3979716,8.5461639,0.03700000047683716,-0.17500001192092896,-0.009999999776482582,0.009999999776482582,0.03999999910593033,-0.06633506715297699,-0.08294880390167236,-9.752257347106934,0.0014458716614171863,9.914585098158568e-05,0.0003260055382270366,98.0,16.144001007080078
1776232807.690847,2026-04-15T06:00:07.690847,attack_circle_gpsinput_drift,02,47.3979716,8.5461639,0.03800000250339508,-0.17400000989437103,-0.009999999776482582,0.009999999776482582,0.03999999910593033,-0.06270226091146469,-0.08443551510572433,-9.758576393127441,0.0004445980302989483,-9.316205250797793e-06,-0.001544838771224022,98.0,16.144001007080078
1776232807.8005152,2026-04-15T06:00:07.800515,attack_circle_gpsinput_drift,02,47.3979716,8.5461639,0.03800000250339508,-0.17400000989437103,-0.009999999776482582,0.009999999776482582,0.03999999910593033,-0.06270226091146469,-0.08443551510572433,-9.758576393127441,0.0004445980302989483,-9.316205250797793e-06,-0.001544838771224022,98.0,16.144001007080078
1776232807.9308875,2026-04-15T06:00:07.930887,attack_circle_gpsinput_drift,02,47.3979716,8.5461639,0.03800000250339508,-0.17400000989437103,-0.009999999776482582,0.009999999776482582,0.03999999910593033,-0.06270226091146469,-0.08443551510572433,-9.758576393127441,0.0004445980302989483,-9.316205250797793e-06,-0.001544838771224022,98.0,16.144001007080078
1776232808.0339305,2026-04-15T06:00:08.033931,attack_circle_gpsinput_drift,02,47.3979716,8.5461639,0.03800000250339508,-0.17400000989437103,-0.009999999776482582,0.009999999776482582,0.03999999910593033,-0.06101519614458084,-0.0841933861374855,-9.754220008850098,0.00014634164108429104,-0.0005825468106195331,0.00017117989773396403,98.0,16.144001007080078
1776232808.1538634,2026-04-15T06:00:08.153863,attack_circle_gpsinput_drift,02,47.3979716,8.5461639,0.03800000250339508,-0.17400000989437103,-0.009999999776482582,0.009999999776482582,0.03999999910593033,-0.06101519614458084,-0.0841933861374855,-9.754220008850098,0.00014634164108429104,-0.0005825468106195331,0.00017117989773396403,98.0,16.144001007080078
1776232808.2561417,2026-04-15T06:00:08.256142,attack_circle_gpsinput_drift,02,47.3979717,8.5461639,0.039000000804662704,-0.1730000078678131,-0.009999999776482582,0.009999999776482582,0.03999999910593033,-0.05581404268741608,-0.09403877705335617,-9.74967098236084,0.0007725924951955676,-0.00013303087325766683,0.0007316450355574489,98.0,16.144001007080078
1776232808.3601284,2026-04-15T06:00:08.360128,attack_circle_gpsinput_drift,02,47.3979717,8.5461639,0.039000000804662704,-0.1730000078678131,-0.009999999776482582,0.009999999776482582,0.03999999910593033,-0.05581404268741608,-0.09403877705335617,-9.74967098236084,0.0007725924951955676,-0.00013303087325766683,0.0007316450355574489,98.0,16.144001007080078
1776232808.4624283,2026-04-15T06:00:08.462428,attack_circle_gpsinput_drift,02,47.3979717,8.5461639,0.04000000283122063,-0.1720000058412552,-0.009999999776482582,0.009999999776482582,0.03999999910593033,-0.06900341808795929,-0.08247722685337067,-9.754633903503418,-0.0004456804017536342,-0.0002503902942407876,-0.0002864533744286746,98.0,16.144001007080078
1776232808.5656188,2026-04-15T06:00:08.565619,attack_circle_gpsinput_drift,02,47.3979717,8.5461639,0.04000000283122063,-0.1720000058412552,-0.009999999776482582,0.009999999776482582,0.03999999910593033,-0.06668586283922195,-0.08853689581155777,-9.751572608947754,3.445702895987779e-05,-0.0007964707328937948,0.00045873303315602243,98.0,16.144001007080078
1776232808.6679218,2026-04-15T06:00:08.667922,attack_circle_gpsinput_drift,02,47.3979717,8.5461639,0.04100000113248825,-0.17100000381469727,0.0,0.009999999776482582,0.03999999910593033,-0.0586513951420784,-0.08315646648406982,-9.751081466674805,0.0013302519218996167,0.0004733250243589282,0.0009286680142395198,98.0,16.144001007080078
1776232808.7726007,2026-04-15T06:00:08.772601,attack_circle_gpsinput_drift,02,47.3979717,8.5461639,0.04200000315904617,-0.17000000178813934,0.0,0.009999999776482582,0.03999999910593033,-0.06246383488178253,-0.08429614454507828,-9.756099700927734,-0.0006744046113453805,0.0004319069266784936,0.00016970906290225685,98.0,16.144001007080078
1776232808.8757584,2026-04-15T06:00:08.875758,attack_circle_gpsinput_drift,02,47.3979717,8.5461639,0.04200000315904617,-0.17000000178813934,0.0,0.009999999776482582,0.03999999910593033,-0.06246383488178253,-0.08429614454507828,-9.756099700927734,-0.0006744046113453805,0.0004319069266784936,0.00016970906290225685,98.0,16.144001007080078
1776232809.0036535,2026-04-15T06:00:09.003654,attack_circle_gpsinput_drift,02,47.3979717,8.5461639,0.04200000315904617,-0.17000000178813934,0.0,0.009999999776482582,0.03999999910593033,-0.06246383488178253,-0.08429614454507828,-9.756099700927734,-0.0006744046113453805,0.0004319069266784936,0.00016970906290225685,98.0,16.144001007080078
1776232809.1241953,2026-04-15T06:00:09.124195,attack_circle_gpsinput_drift,02,47.3979717,8.5461639,0.04200000315904617,-0.17000000178813934,0.0,0.009999999776482582,0.03999999910593033,-0.06305979937314987,-0.0838744267821312,-9.752179145812988,0.00025887280935421586,0.0005165909533388913,0.00010356381244491786,98.0,16.144001007080078
1776232809.2293658,2026-04-15T06:00:09.229366,attack_circle_gpsinput_drift,02,47.3979717,8.5461639,0.04200000315904617,-0.17000000178813934,0.0,0.009999999776482582,0.03999999910593033,-0.06305979937314987,-0.0838744267821312,-9.752179145812988,0.00025887280935421586,0.0005165909533388913,0.00010356381244491786,98.0,16.144001007080078
1776232809.370889,2026-04-15T06:00:09.370889,attack_circle_gpsinput_drift,02,47.3979717,8.5461639,0.04200000315904617,-0.17000000178813934,0.0,0.009999999776482582,0.03999999910593033,-0.06305979937314987,-0.0838744267821312,-9.752179145812988,0.00025887280935421586,0.0005165909533388913,0.00010356381244491786,98.0,16.144001007080078
1776232809.4993975,2026-04-15T06:00:09.499398,attack_circle_gpsinput_drift,02,47.3979717,8.5461639,0.04200000315904617,-0.17000000178813934,0.0,0.009999999776482582,0.03999999910593033,-0.04757462814450264,-0.08382939547300339,-9.75521183013916,0.00106622779276222,-0.0005971905193291605,0.0005904473946429789,98.0,16.144001007080078
1776232809.6082413,2026-04-15T06:00:09.608241,attack_circle_gpsinput_drift,02,47.3979717,8.5461639,0.04200000315904617,-0.17000000178813934,0.0,0.009999999776482582,0.03999999910593033,-0.04757462814450264,-0.08382939547300339,-9.75521183013916,0.00106622779276222,-0.0005971905193291605,0.0005904473946429789,98.0,16.144001007080078
1776232809.7161846,2026-04-15T06:00:09.716185,attack_circle_gpsinput_drift,02,47.3979717,8.5461639,0.04200000315904617,-0.17000000178813934,0.0,0.009999999776482582,0.03999999910593033,-0.06810490787029266,-0.09113489836454391,-9.754125595092773,-0.0008891519973985851,0.0004763531615026295,-0.000525843701325357,98.0,16.144001007080078
1776232809.8194692,2026-04-15T06:00:09.819469,attack_circle_gpsinput_drift,02,47.3979717,8.5461639,0.0430000014603138,-0.16900001466274261,0.0,0.009999999776482582,0.03999999910593033,-0.06810490787029266,-0.09113489836454391,-9.754125595092773,-0.0008891519973985851,0.0004763531615026295,-0.000525843701325357,98.0,16.144001007080078
1776232809.9285488,2026-04-15T06:00:09.928549,attack_circle_gpsinput_drift,02,47.3979717,8.5461639,0.0430000014603138,-0.16900001466274261,0.0,0.009999999776482582,0.03999999910593033,-0.06587681919336319,-0.08681201189756393,-9.759068489074707,-1.846825580287259e-05,0.0009416778921149671,0.0006381401908583939,98.0,16.144001007080078
1776232810.0376964,2026-04-15T06:00:10.037696,attack_circle_gpsinput_drift,02,47.3979717,8.5461639,0.0430000014603138,-0.16900001466274261,0.0,0.009999999776482582,0.03999999910593033,-0.06859422475099564,-0.08511808514595032,-9.746685028076172,0.0007834559073671699,-0.000940238474868238,0.00028881439357064664,98.0,16.144001007080078
1776232810.142572,2026-04-15T06:00:10.142572,attack_circle_gpsinput_drift,02,47.3979717,8.5461639,0.0430000014603138,-0.16900001466274261,0.0,0.009999999776482582,0.03999999910593033,-0.0702752023935318,-0.08593039214611053,-9.749619483947754,-7.993819599505514e-05,1.0297775588696823e-05,0.0004776952264364809,98.0,16.144001007080078
1776232810.2460272,2026-04-15T06:00:10.246027,attack_circle_gpsinput_drift,02,47.3979717,8.5461639,0.04400000348687172,-0.1680000126361847,0.0,0.009999999776482582,0.03999999910593033,-0.06843119114637375,-0.09130153059959412,-9.754650115966797,-0.00012333069753367454,-0.000683389138430357,0.00023211422376334667,98.0,16.144001007080078
1776232810.3489892,2026-04-15T06:00:10.348989,attack_circle_gpsinput_drift,02,47.3979717,8.5461639,0.04400000348687172,-0.1680000126361847,0.0,0.009999999776482582,0.03999999910593033,-0.06227283179759979,-0.08991698920726776,-9.75532341003418,0.0003592290449887514,0.00013423158088698983,-0.0001448347611585632,98.0,16.144001007080078
1776232810.4524174,2026-04-15T06:00:10.452417,attack_circle_gpsinput_drift,02,47.3979717,8.5461639,0.04400000348687172,-0.1680000126361847,0.0,0.009999999776482582,0.03999999910593033,-0.06227283179759979,-0.08991698920726776,-9.75532341003418,0.0003592290449887514,0.00013423158088698983,-0.0001448347611585632,98.0,16.144001007080078
1776232810.5554352,2026-04-15T06:00:10.555435,attack_circle_gpsinput_drift,02,47.3979717,8.5461639,0.04400000348687172,-0.1680000126361847,0.0,0.009999999776482582,0.03999999910593033,-0.05660345032811165,-0.0914669930934906,-9.749859809875488,-0.00032873087911866605,0.0002803147363010794,-0.0006537620793096721,98.0,16.144001007080078
1776232810.6612484,2026-04-15T06:00:10.661248,attack_circle_gpsinput_drift,02,47.3979717,8.5461639,0.04400000348687172,-0.1680000126361847,0.0,0.009999999776482582,0.03999999910593033,-0.05660345032811165,-0.0914669930934906,-9.749859809875488,-0.00032873087911866605,0.0002803147363010794,-0.0006537620793096721,98.0,16.144001007080078
1776232810.7642722,2026-04-15T06:00:10.764272,attack_circle_gpsinput_drift,02,47.3979717,8.5461639,0.04400000348687172,-0.1680000126361847,0.0,0.009999999776482582,0.03999999910593033,-0.06597726792097092,-0.08181039243936539,-9.756184577941895,0.00014119035040494055,-0.0005095937522128224,6.995770672801882e-05,98.0,16.144001007080078
1776232810.8669338,2026-04-15T06:00:10.866934,attack_circle_gpsinput_drift,02,47.3979717,8.5461639,0.04400000348687172,-0.1680000126361847,0.0,0.009999999776482582,0.03999999910593033,-0.06597726792097092,-0.08181039243936539,-9.756184577941895,0.00014119035040494055,-0.0005095937522128224,6.995770672801882e-05,98.0,16.144001007080078
1776232810.9784935,2026-04-15T06:00:10.978493,attack_circle_gpsinput_drift,02,47.3979717,8.5461639,0.04700000211596489,-0.16500000655651093,0.0,0.009999999776482582,0.03999999910593033,-0.06801926344633102,-0.08957498520612717,-9.755339622497559,-0.0007681450224481523,0.0002881531836465001,0.000848789291922003,98.0,16.144001007080078
1776232811.0799387,2026-04-15T06:00:11.079939,attack_circle_gpsinput_drift,02,47.3979717,8.5461639,0.04700000211596489,-0.16500000655651093,0.0,0.009999999776482582,0.03999999910593033,-0.06801926344633102,-0.08957498520612717,-9.755339622497559,-0.0007681450224481523,0.0002881531836465001,0.000848789291922003,98.0,16.144001007080078
1776232811.1849864,2026-04-15T06:00:11.184986,attack_circle_gpsinput_drift,02,47.3979717,8.5461639,0.04700000211596489,-0.16500000655651093,0.0,0.009999999776482582,0.03999999910593033,-0.06801926344633102,-0.08957498520612717,-9.755339622497559,-0.0007681450224481523,0.0002881531836465001,0.000848789291922003,98.0,16.144001007080078
1776232811.2897155,2026-04-15T06:00:11.289716,attack_circle_gpsinput_drift,02,47.3979717,8.5461639,0.04800000041723251,-0.164000004529953,0.0,0.009999999776482582,0.03999999910593033,-0.06116301566362381,-0.08187682181596756,-9.744845390319824,-0.00018197948520537466,-0.0004759212024509907,-4.2939744162140414e-05,98.0,16.144001007080078
1776232811.3934348,2026-04-15T06:00:11.393435,attack_circle_gpsinput_drift,02,47.3979717,8.5461639,0.04800000041723251,-0.164000004529953,0.0,0.009999999776482582,0.03999999910593033,-0.06116301566362381,-0.08187682181596756,-9.744845390319824,-0.00018197948520537466,-0.0004759212024509907,-4.2939744162140414e-05,98.0,16.144001007080078
1776232811.4971402,2026-04-15T06:00:11.497140,attack_circle_gpsinput_drift,02,47.3979717,8.5461639,0.049000002443790436,-0.16300000250339508,0.0,0.009999999776482582,0.03999999910593033,-0.06506247073411942,-0.09424600005149841,-9.74882984161377,-9.720509115140885e-05,0.0012939925072714686,-4.5993856474524364e-05,98.0,16.144001007080078
1776232811.6050456,2026-04-15T06:00:11.605046,attack_circle_gpsinput_drift,02,47.3979717,8.5461639,0.049000002443790436,-0.16300000250339508,0.0,0.009999999776482582,0.03999999910593033,-0.06506247073411942,-0.09424600005149841,-9.74882984161377,-9.720509115140885e-05,0.0012939925072714686,-4.5993856474524364e-05,98.0,16.144001007080078
1776232811.706051,2026-04-15T06:00:11.706051,attack_circle_gpsinput_drift,02,47.3979717,8.5461639,0.049000002443790436,-0.16300000250339508,0.0,0.009999999776482582,0.03999999910593033,-0.05602322146296501,-0.08801228553056717,-9.758612632751465,-0.00037544587394222617,-0.0006342115229927003,0.0006732753245159984,98.0,16.144001007080078
1776232811.8072984,2026-04-15T06:00:11.807298,attack_circle_gpsinput_drift,02,47.3979717,8.5461639,0.049000002443790436,-0.16300000250339508,0.0,0.009999999776482582,0.03999999910593033,-0.05602322146296501,-0.08801228553056717,-9.758612632751465,-0.00037544587394222617,-0.0006342115229927003,0.0006732753245159984,98.0,16.144001007080078
1776232811.917505,2026-04-15T06:00:11.917505,attack_circle_gpsinput_drift,02,47.3979717,8.5461639,0.05000000074505806,-0.16200000047683716,0.0,0.009999999776482582,0.03999999910593033,-0.05953654646873474,-0.09044548869132996,-9.757160186767578,2.433018835290568e-06,-0.001610294566489756,0.00019163086835760623,98.0,16.144001007080078
1776232812.0240088,2026-04-15T06:00:12.024009,attack_circle_gpsinput_drift,02,47.3979717,8.5461639,0.05000000074505806,-0.16200000047683716,0.0,0.009999999776482582,0.03999999910593033,-0.05953654646873474,-0.09044548869132996,-9.757160186767578,2.433018835290568e-06,-0.001610294566489756,0.00019163086835760623,98.0,16.144001007080078
1776232812.1295414,2026-04-15T06:00:12.129541,attack_circle_gpsinput_drift,02,47.3979717,8.5461639,0.05000000074505806,-0.16200000047683716,0.0,0.009999999776482582,0.03999999910593033,-0.05953654646873474,-0.09044548869132996,-9.757160186767578,2.433018835290568e-06,-0.001610294566489756,0.00019163086835760623,98.0,16.144001007080078
1776232812.2321904,2026-04-15T06:00:12.232190,attack_circle_gpsinput_drift,02,47.3979717,8.546164,0.05100000277161598,-0.16100001335144043,0.0,0.009999999776482582,0.03999999910593033,-0.056124571710824966,-0.09445825964212418,-9.752265930175781,-0.00013698736438527703,-0.00039331876905635,-0.000630315626040101,98.0,16.144001007080078
1776232812.340724,2026-04-15T06:00:12.340724,attack_circle_gpsinput_drift,02,47.3979717,8.546164,0.05100000277161598,-0.16100001335144043,0.0,0.009999999776482582,0.03999999910593033,-0.056124571710824966,-0.09445825964212418,-9.752265930175781,-0.00013698736438527703,-0.00039331876905635,-0.000630315626040101,98.0,16.144001007080078
1776232812.4538672,2026-04-15T06:00:12.453867,attack_circle_gpsinput_drift,02,47.3979717,8.546164,0.052000001072883606,-0.1600000113248825,0.0,0.009999999776482582,0.03999999910593033,-0.07082138955593109,-0.09567733854055405,-9.744707107543945,0.00020994379883632064,-0.0005085575394332409,0.0002762204094324261,98.0,16.144001007080078
1776232812.5559013,2026-04-15T06:00:12.555901,attack_circle_gpsinput_drift,02,47.3979717,8.546164,0.052000001072883606,-0.1600000113248825,0.0,0.009999999776482582,0.03999999910593033,-0.07082138955593109,-0.09567733854055405,-9.744707107543945,0.00020994379883632064,-0.0005085575394332409,0.0002762204094324261,98.0,16.144001007080078
1776232812.6598012,2026-04-15T06:00:12.659801,attack_circle_gpsinput_drift,02,47.3979717,8.546164,0.052000001072883606,-0.1600000113248825,0.0,0.009999999776482582,0.03999999910593033,-0.07082138955593109,-0.09567733854055405,-9.744707107543945,0.00020994379883632064,-0.0005085575394332409,0.0002762204094324261,98.0,16.144001007080078
1776232812.7633526,2026-04-15T06:00:12.763353,attack_circle_gpsinput_drift,02,47.3979717,8.546164,0.052000001072883606,-0.1600000113248825,0.0,0.009999999776482582,0.03999999910593033,-0.06775740534067154,-0.08925492316484451,-9.745902061462402,3.2480793379363604e-06,0.0006780262337997556,0.0003929374215658754,98.0,16.144001007080078
1776232812.8672633,2026-04-15T06:00:12.867263,attack_circle_gpsinput_drift,02,47.3979717,8.546164,0.052000001072883606,-0.1600000113248825,0.0,0.009999999776482582,0.03999999910593033,-0.06775740534067154,-0.08925492316484451,-9.745902061462402,3.2480793379363604e-06,0.0006780262337997556,0.0003929374215658754,98.0,16.144001007080078
1776232813.000293,2026-04-15T06:00:13.000293,attack_circle_gpsinput_drift,02,47.3979717,8.546164,0.05300000309944153,-0.15900000929832458,0.0,0.009999999776482582,0.03999999910593033,-0.056521106511354446,-0.07821889966726303,-9.757203102111816,0.0003226279513910413,0.0008797281188890338,-0.0002487485471647233,98.0,16.144001007080078
1776232813.103579,2026-04-15T06:00:13.103579,attack_circle_gpsinput_drift,02,47.3979717,8.546164,0.05300000309944153,-0.15900000929832458,0.0,0.009999999776482582,0.03999999910593033,-0.056521106511354446,-0.07821889966726303,-9.757203102111816,0.0003226279513910413,0.0008797281188890338,-0.0002487485471647233,98.0,16.144001007080078
1776232813.205388,2026-04-15T06:00:13.205388,attack_circle_gpsinput_drift,02,47.3979717,8.546164,0.05300000309944153,-0.15900000929832458,0.0,0.009999999776482582,0.03999999910593033,-0.059168435633182526,-0.071376271545887,-9.755549430847168,-0.00044545065611600876,-0.0005598074640147388,-0.0006395190139301121,98.0,16.144001007080078
1776232813.311295,2026-04-15T06:00:13.311295,attack_circle_gpsinput_drift,02,47.3979717,8.546164,0.05300000309944153,-0.15900000929832458,0.0,0.009999999776482582,0.03999999910593033,-0.07004798203706741,-0.09217795729637146,-9.761863708496094,0.00015065261686686426,0.0011815339094027877,-0.00011772854486480355,98.0,16.144001007080078
1776232813.4158654,2026-04-15T06:00:13.415865,attack_circle_gpsinput_drift,02,47.3979717,8.546164,0.05300000309944153,-0.15900000929832458,0.0,0.009999999776482582,0.03999999910593033,-0.07004798203706741,-0.09217795729637146,-9.761863708496094,0.00015065261686686426,0.0011815339094027877,-0.00011772854486480355,98.0,16.144001007080078
1776232813.5212073,2026-04-15T06:00:13.521207,attack_circle_gpsinput_drift,02,47.3979717,8.546164,0.05300000309944153,-0.15900000929832458,0.0,0.009999999776482582,0.03999999910593033,-0.06613138318061829,-0.09039654582738876,-9.754536628723145,-0.0009897430427372456,-0.000618648249655962,-0.00038080080412328243,98.0,16.144001007080078
1776232813.6231823,2026-04-15T06:00:13.623182,attack_circle_gpsinput_drift,02,47.3979717,8.546164,0.05300000309944153,-0.15900000929832458,0.0,0.009999999776482582,0.03999999910593033,-0.06613138318061829,-0.09039654582738876,-9.754536628723145,-0.0009897430427372456,-0.000618648249655962,-0.00038080080412328243,98.0,16.144001007080078
1776232813.756723,2026-04-15T06:00:13.756723,attack_circle_gpsinput_drift,02,47.3979717,8.546164,0.05300000309944153,-0.15900000929832458,0.0,0.009999999776482582,0.03999999910593033,-0.06613138318061829,-0.09039654582738876,-9.754536628723145,-0.0009897430427372456,-0.000618648249655962,-0.00038080080412328243,98.0,16.144001007080078
1776232813.8587081,2026-04-15T06:00:13.858708,attack_circle_gpsinput_drift,02,47.3979717,8.546164,0.05300000309944153,-0.15900000929832458,0.0,0.009999999776482582,0.03999999910593033,-0.06510288268327713,-0.08575811237096786,-9.763579368591309,-0.0006833356455899775,-0.0007613059715367854,0.00038011433207429945,98.0,16.144001007080078
1776232813.9659774,2026-04-15T06:00:13.965977,attack_circle_gpsinput_drift,02,47.3979717,8.546164,0.05300000309944153,-0.15900000929832458,0.0,0.009999999776482582,0.03999999910593033,-0.06510288268327713,-0.08575811237096786,-9.763579368591309,-0.0006833356455899775,-0.0007613059715367854,0.00038011433207429945,98.0,16.144001007080078
1776232814.069082,2026-04-15T06:00:14.069082,attack_circle_gpsinput_drift,02,47.3979717,8.546164,0.05300000309944153,-0.15900000929832458,0.0,0.009999999776482582,0.03999999910593033,-0.06510288268327713,-0.08575811237096786,-9.763579368591309,-0.0006833356455899775,-0.0007613059715367854,0.00038011433207429945,98.0,16.144001007080078
1776232814.1710792,2026-04-15T06:00:14.171079,attack_circle_gpsinput_drift,02,47.3979717,8.546164,0.05300000309944153,-0.15900000929832458,0.0,0.009999999776482582,0.03999999910593033,-0.06426433473825455,-0.08387593179941177,-9.749974250793457,0.000733233115170151,0.0004114680632483214,8.101217827061191e-05,98.0,16.144001007080078
1776232814.3107278,2026-04-15T06:00:14.310728,attack_circle_gpsinput_drift,02,47.3979717,8.546164,0.052000001072883606,-0.1600000113248825,0.0,0.009999999776482582,0.03999999910593033,-0.06426433473825455,-0.08387593179941177,-9.749974250793457,0.000733233115170151,0.0004114680632483214,8.101217827061191e-05,98.0,16.144001007080078
1776232814.4128146,2026-04-15T06:00:14.412815,attack_circle_gpsinput_drift,02,47.3979717,8.546164,0.052000001072883606,-0.1600000113248825,0.0,0.009999999776482582,0.03999999910593033,-0.06426433473825455,-0.08387593179941177,-9.749974250793457,0.000733233115170151,0.0004114680632483214,8.101217827061191e-05,98.0,16.144001007080078
1776232814.5159972,2026-04-15T06:00:14.515997,attack_circle_gpsinput_drift,02,47.3979717,8.546164,0.052000001072883606,-0.1600000113248825,0.0,0.009999999776482582,0.03999999910593033,-0.06426433473825455,-0.08387593179941177,-9.749974250793457,0.000733233115170151,0.0004114680632483214,8.101217827061191e-05,98.0,16.144001007080078
1776232814.618936,2026-04-15T06:00:14.618936,attack_circle_gpsinput_drift,02,47.3979717,8.546164,0.052000001072883606,-0.1600000113248825,0.0,0.009999999776482582,0.03999999910593033,-0.05967698246240616,-0.08564013987779617,-9.746328353881836,-0.0015513190301135182,-0.00010466157254995778,0.0002119555720128119,98.0,16.144001007080078
1776232814.722306,2026-04-15T06:00:14.722306,attack_circle_gpsinput_drift,02,47.3979717,8.546164,0.05300000309944153,-0.15900000929832458,0.0,0.009999999776482582,0.03999999910593033,-0.0669955387711525,-0.09567616134881973,-9.754852294921875,0.000685456907376647,0.00010232936620013788,0.00039424854912795126,98.0,16.144001007080078
1776232814.848061,2026-04-15T06:00:14.848061,attack_circle_gpsinput_drift,02,47.3979717,8.546164,0.05300000309944153,-0.15900000929832458,0.0,0.009999999776482582,0.03999999910593033,-0.0676262155175209,-0.08638853579759598,-9.751944541931152,0.00021063229360152036,0.0003630506107583642,-0.0009477832936681807,98.0,16.144001007080078
1776232814.9493525,2026-04-15T06:00:14.949353,attack_circle_gpsinput_drift,02,47.3979717,8.546164,0.05300000309944153,-0.15900000929832458,0.0,0.009999999776482582,0.03999999910593033,-0.0676262155175209,-0.08638853579759598,-9.751944541931152,0.00021063229360152036,0.0003630506107583642,-0.0009477832936681807,98.0,16.144001007080078
1776232815.0647142,2026-04-15T06:00:15.064714,attack_circle_gpsinput_drift,02,47.3979717,8.546164,0.05300000309944153,-0.15900000929832458,0.0,0.009999999776482582,0.03999999910593033,-0.0676262155175209,-0.08638853579759598,-9.751944541931152,0.00021063229360152036,0.0003630506107583642,-0.0009477832936681807,98.0,16.144001007080078
1776232815.195977,2026-04-15T06:00:15.195977,attack_circle_gpsinput_drift,02,47.3979717,8.546164,0.05300000309944153,-0.15900000929832458,0.0,0.009999999776482582,0.03999999910593033,-0.06069350987672806,-0.091585673391819,-9.751250267028809,2.1136242139618844e-05,-0.0003610350249800831,0.000704638718161732,98.0,16.144001007080078
1776232815.298903,2026-04-15T06:00:15.298903,attack_circle_gpsinput_drift,02,47.3979717,8.546164,0.05300000309944153,-0.15900000929832458,0.0,0.009999999776482582,0.03999999910593033,-0.06069350987672806,-0.091585673391819,-9.751250267028809,2.1136242139618844e-05,-0.0003610350249800831,0.000704638718161732,98.0,16.144001007080078
1776232815.422969,2026-04-15T06:00:15.422969,attack_circle_gpsinput_drift,02,47.3979717,8.546164,0.05300000309944153,-0.15900000929832458,0.0,0.009999999776482582,0.03999999910593033,-0.06069350987672806,-0.091585673391819,-9.751250267028809,2.1136242139618844e-05,-0.0003610350249800831,0.000704638718161732,98.0,16.144001007080078
1776232815.5248525,2026-04-15T06:00:15.524853,attack_circle_gpsinput_drift,02,47.3979717,8.546164,0.05300000309944153,-0.15900000929832458,0.0,0.009999999776482582,0.03999999910593033,-0.06069350987672806,-0.091585673391819,-9.751250267028809,2.1136242139618844e-05,-0.0003610350249800831,0.000704638718161732,98.0,16.144001007080078
1776232815.628605,2026-04-15T06:00:15.628605,attack_circle_gpsinput_drift,02,47.3979717,8.546164,0.05300000309944153,-0.15900000929832458,0.0,0.009999999776482582,0.03999999910593033,-0.06069350987672806,-0.091585673391819,-9.751250267028809,2.1136242139618844e-05,-0.0003610350249800831,0.000704638718161732,98.0,16.144001007080078
1776232815.7498417,2026-04-15T06:00:15.749842,attack_circle_gpsinput_drift,02,47.3979717,8.546164,0.05300000309944153,-0.15900000929832458,0.0,0.009999999776482582,0.03999999910593033,-0.06069350987672806,-0.091585673391819,-9.751250267028809,2.1136242139618844e-05,-0.0003610350249800831,0.000704638718161732,98.0,16.144001007080078
1776232815.8527248,2026-04-15T06:00:15.852725,attack_circle_gpsinput_drift,02,47.3979717,8.546164,0.05300000309944153,-0.15900000929832458,0.0,0.009999999776482582,0.03999999910593033,-0.06791471689939499,-0.0853210911154747,-9.755334854125977,-0.000712849956471473,-1.0297026165062562e-05,0.00015676472685299814,98.0,16.144001007080078
1776232815.9706957,2026-04-15T06:00:15.970696,attack_circle_gpsinput_drift,02,47.3979717,8.546164,0.05300000309944153,-0.15900000929832458,0.0,0.009999999776482582,0.03999999910593033,-0.06791471689939499,-0.0853210911154747,-9.755334854125977,-0.000712849956471473,-1.0297026165062562e-05,0.00015676472685299814,98.0,16.144001007080078
1776232816.0967112,2026-04-15T06:00:16.096711,attack_circle_gpsinput_drift,02,47.3979717,8.546164,0.05300000309944153,-0.15900000929832458,0.0,0.009999999776482582,0.03999999910593033,-0.06791471689939499,-0.0853210911154747,-9.755334854125977,-0.000712849956471473,-1.0297026165062562e-05,0.00015676472685299814,98.0,16.144001007080078
1776232816.1989415,2026-04-15T06:00:16.198941,attack_circle_gpsinput_drift,02,47.3979717,8.546164,0.05300000309944153,-0.15900000929832458,0.0,0.009999999776482582,0.03999999910593033,-0.06791471689939499,-0.0853210911154747,-9.755334854125977,-0.000712849956471473,-1.0297026165062562e-05,0.00015676472685299814,98.0,16.144001007080078
1776232816.3027549,2026-04-15T06:00:16.302755,attack_circle_gpsinput_drift,02,47.3979717,8.546164,0.05400000140070915,-0.15800000727176666,0.0,0.009999999776482582,0.03999999910593033,-0.06490074843168259,-0.07737043499946594,-9.754972457885742,-5.0875307351816446e-05,0.0010523836826905608,0.0003652901796158403,98.0,16.144001007080078
1776232816.4048405,2026-04-15T06:00:16.404840,attack_circle_gpsinput_drift,02,47.3979717,8.546164,0.05400000140070915,-0.15800000727176666,0.0,0.009999999776482582,0.03999999910593033,-0.06490074843168259,-0.07737043499946594,-9.754972457885742,-5.0875307351816446e-05,0.0010523836826905608,0.0003652901796158403,98.0,16.144001007080078
1776232816.5061562,2026-04-15T06:00:16.506156,attack_circle_gpsinput_drift,02,47.3979717,8.546164,0.05400000140070915,-0.15800000727176666,0.0,0.009999999776482582,0.04999999701976776,-0.06385250389575958,-0.08107765018939972,-9.761332511901855,0.0002378757344558835,8.135670941555873e-05,-0.0008483678102493286,98.0,16.144001007080078
1776232816.6097145,2026-04-15T06:00:16.609715,attack_circle_gpsinput_drift,02,47.3979717,8.546164,0.05400000140070915,-0.15800000727176666,0.0,0.009999999776482582,0.04999999701976776,-0.06155642494559288,-0.09291741997003555,-9.746460914611816,4.09423591918312e-05,0.00041844946099445224,0.0006228141719475389,98.0,16.144001007080078
1776232816.7151353,2026-04-15T06:00:16.715135,attack_circle_gpsinput_drift,02,47.3979717,8.546164,0.0560000017285347,-0.15600000321865082,0.0,0.009999999776482582,0.03999999910593033,-0.061996590346097946,-0.08770241588354111,-9.74473762512207,-0.00022710225312039256,-0.00034448449150659144,0.00047431839630007744,98.0,16.144001007080078
1776232816.8460238,2026-04-15T06:00:16.846024,attack_circle_gpsinput_drift,02,47.3979717,8.546164,0.0560000017285347,-0.15600000321865082,0.0,0.009999999776482582,0.03999999910593033,-0.061996590346097946,-0.08770241588354111,-9.74473762512207,-0.00022710225312039256,-0.00034448449150659144,0.00047431839630007744,98.0,16.144001007080078
1776232816.9482694,2026-04-15T06:00:16.948269,attack_circle_gpsinput_drift,02,47.3979717,8.546164,0.05700000375509262,-0.1550000011920929,0.0,0.009999999776482582,0.03999999910593033,-0.06443960964679718,-0.08818849176168442,-9.75619125366211,-0.0005467334995046258,-0.00020127143943682313,0.0005533511866815388,98.0,16.144001007080078
1776232817.0520012,2026-04-15T06:00:17.052001,attack_circle_gpsinput_drift,02,47.3979717,8.546164,0.05700000375509262,-0.1550000011920929,0.0,0.009999999776482582,0.03999999910593033,-0.06443960964679718,-0.08818849176168442,-9.75619125366211,-0.0005467334995046258,-0.00020127143943682313,0.0005533511866815388,98.0,16.144001007080078
1776232817.1547968,2026-04-15T06:00:17.154797,attack_circle_gpsinput_drift,02,47.3979717,8.546164,0.05700000375509262,-0.1550000011920929,0.0,0.009999999776482582,0.03999999910593033,-0.06427599489688873,-0.08510428667068481,-9.749090194702148,0.0005082013667561114,0.0001747382921166718,-0.0002485453733243048,98.0,16.144001007080078
1776232817.263814,2026-04-15T06:00:17.263814,attack_circle_gpsinput_drift,02,47.3979717,8.546164,0.05700000375509262,-0.1550000011920929,0.0,0.009999999776482582,0.03999999910593033,-0.06427599489688873,-0.08510428667068481,-9.749090194702148,0.0005082013667561114,0.0001747382921166718,-0.0002485453733243048,98.0,16.144001007080078
1776232817.3697107,2026-04-15T06:00:17.369711,attack_circle_gpsinput_drift,02,47.3979717,8.546164,0.058000002056360245,-0.15400001406669617,0.0,0.009999999776482582,0.03999999910593033,-0.07125309109687805,-0.08832156658172607,-9.749307632446289,0.0003814279625657946,-0.00020662063616327941,0.00014316223678179085,98.0,16.144001007080078
1776232817.4816532,2026-04-15T06:00:17.481653,attack_circle_gpsinput_drift,02,47.3979717,8.546164,0.058000002056360245,-0.15400001406669617,0.0,0.009999999776482582,0.03999999910593033,-0.07125309109687805,-0.08832156658172607,-9.749307632446289,0.0003814279625657946,-0.00020662063616327941,0.00014316223678179085,98.0,16.144001007080078
1776232817.5969143,2026-04-15T06:00:17.596914,attack_circle_gpsinput_drift,02,47.3979717,8.5461639,0.05900000408291817,-0.15300001204013824,0.0,0.009999999776482582,0.029999999329447746,-0.06686552613973618,-0.08218541741371155,-9.75865650177002,-5.276568845147267e-05,-0.0010003745555877686,0.00020728714298456907,98.0,16.144001007080078
1776232817.6993847,2026-04-15T06:00:17.699385,attack_circle_gpsinput_drift,02,47.3979717,8.5461639,0.05900000408291817,-0.15300001204013824,0.0,0.009999999776482582,0.029999999329447746,-0.06686552613973618,-0.08218541741371155,-9.75865650177002,-5.276568845147267e-05,-0.0010003745555877686,0.00020728714298456907,98.0,16.144001007080078
1776232817.8248618,2026-04-15T06:00:17.824862,attack_circle_gpsinput_drift,02,47.3979717,8.5461639,0.05900000408291817,-0.15300001204013824,0.0,0.009999999776482582,0.029999999329447746,-0.06522311270236969,-0.09383490681648254,-9.746448516845703,0.0004187388112768531,-0.00125170371029526,0.0005359945935197175,98.0,16.144001007080078
1776232817.9308825,2026-04-15T06:00:17.930882,attack_circle_gpsinput_drift,02,47.3979717,8.5461639,0.05900000408291817,-0.15300001204013824,0.0,0.009999999776482582,0.029999999329447746,-0.06522311270236969,-0.09383490681648254,-9.746448516845703,0.0004187388112768531,-0.00125170371029526,0.0005359945935197175,98.0,16.144001007080078
1776232818.0348394,2026-04-15T06:00:18.034839,attack_circle_gpsinput_drift,02,47.3979717,8.5461639,0.05900000408291817,-0.15300001204013824,0.0,0.009999999776482582,0.029999999329447746,-0.06522311270236969,-0.09383490681648254,-9.746448516845703,0.0004187388112768531,-0.00125170371029526,0.0005359945935197175,98.0,16.144001007080078
1776232818.1391673,2026-04-15T06:00:18.139167,attack_circle_gpsinput_drift,02,47.3979717,8.5461639,0.06000000238418579,-0.15200001001358032,0.0,0.009999999776482582,0.029999999329447746,-0.06301289796829224,-0.0800466313958168,-9.755837440490723,0.0005220392486080527,0.0009012796217575669,-0.0001240812853211537,98.0,16.144001007080078
1776232818.2423396,2026-04-15T06:00:18.242340,attack_circle_gpsinput_drift,02,47.3979717,8.5461639,0.06100000441074371,-0.1510000079870224,0.0,0.009999999776482582,0.029999999329447746,-0.06746785342693329,-0.09114208817481995,-9.75538444519043,0.00024404574651271105,-0.00036972438101656735,-0.00035270926309749484,98.0,16.144001007080078
1776232818.3500373,2026-04-15T06:00:18.350037,attack_circle_gpsinput_drift,02,47.3979717,8.5461639,0.06400000303983688,-0.14800000190734863,0.0,0.009999999776482582,0.029999999329447746,-0.06663458794355392,-0.08147277683019638,-9.751995086669922,-0.0010812714463099837,-0.0004966697888448834,0.0003781080595217645,98.0,16.144001007080078
1776232818.4651265,2026-04-15T06:00:18.465127,attack_circle_gpsinput_drift,02,47.3979717,8.5461639,0.06400000303983688,-0.14800000190734863,0.0,0.0,0.029999999329447746,-0.06270314007997513,-0.09295010566711426,-9.758980751037598,0.0003632756124716252,0.0006395871751010418,-0.0006731778266839683,98.0,16.144001007080078
1776232818.5799558,2026-04-15T06:00:18.579956,attack_circle_gpsinput_drift,02,47.3979717,8.5461639,0.06400000303983688,-0.14800000190734863,0.0,0.0,0.029999999329447746,-0.06270314007997513,-0.09295010566711426,-9.758980751037598,0.0003632756124716252,0.0006395871751010418,-0.0006731778266839683,98.0,16.144001007080078
1776232818.6831214,2026-04-15T06:00:18.683121,attack_circle_gpsinput_drift,02,47.3979717,8.5461639,0.06599999964237213,-0.14600001275539398,0.0,0.0,0.029999999329447746,-0.06482075154781342,-0.08604489266872406,-9.75828742980957,-0.0003618029586505145,-0.0009219513740390539,-0.0009375380468554795,98.0,16.144001007080078
1776232818.7839887,2026-04-15T06:00:18.783989,attack_circle_gpsinput_drift,02,47.3979717,8.5461639,0.06599999964237213,-0.14600001275539398,0.0,0.0,0.029999999329447746,-0.06482075154781342,-0.08604489266872406,-9.75828742980957,-0.0003618029586505145,-0.0009219513740390539,-0.0009375380468554795,98.0,16.144001007080078
1776232818.8919957,2026-04-15T06:00:18.891996,attack_circle_gpsinput_drift,02,47.3979717,8.5461639,0.06599999964237213,-0.14600001275539398,0.0,0.0,0.029999999329447746,-0.06482075154781342,-0.08604489266872406,-9.75828742980957,-0.0003618029586505145,-0.0009219513740390539,-0.0009375380468554795,98.0,16.144001007080078
1776232819.0081275,2026-04-15T06:00:19.008127,attack_circle_gpsinput_drift,02,47.3979717,8.5461639,0.06700000166893005,-0.14500001072883606,0.0,0.0,0.019999999552965164,-0.06469063460826874,-0.08990922570228577,-9.752594947814941,0.0001515515032224357,-0.0009542615152895451,0.0010832988191395998,98.0,16.144001007080078
1776232819.1099024,2026-04-15T06:00:19.109902,attack_circle_gpsinput_drift,02,47.3979717,8.5461639,0.06700000166893005,-0.14500001072883606,0.0,0.0,0.019999999552965164,-0.06469063460826874,-0.08990922570228577,-9.752594947814941,0.0001515515032224357,-0.0009542615152895451,0.0010832988191395998,98.0,16.144001007080078
1776232819.218044,2026-04-15T06:00:19.218044,attack_circle_gpsinput_drift,02,47.3979717,8.5461639,0.06800000369548798,-0.14400000870227814,0.0,0.0,0.019999999552965164,-0.06172052025794983,-0.08467505872249603,-9.753290176391602,-0.0003101423499174416,0.0009308438166044652,-0.0002096836979035288,98.0,16.144001007080078
1776232819.320996,2026-04-15T06:00:19.320996,attack_circle_gpsinput_drift,02,47.3979717,8.5461639,0.06800000369548798,-0.14400000870227814,0.0,0.0,0.019999999552965164,-0.06172052025794983,-0.08467505872249603,-9.753290176391602,-0.0003101423499174416,0.0009308438166044652,-0.0002096836979035288,98.0,16.144001007080078
1776232819.4300115,2026-04-15T06:00:19.430012,attack_circle_gpsinput_drift,02,47.3979717,8.5461639,0.06800000369548798,-0.14400000870227814,0.0,0.0,0.019999999552965164,-0.06172052025794983,-0.08467505872249603,-9.753290176391602,-0.0003101423499174416,0.0009308438166044652,-0.0002096836979035288,98.0,16.144001007080078
1776232819.552292,2026-04-15T06:00:19.552292,attack_circle_gpsinput_drift,02,47.3979717,8.5461639,0.06800000369548798,-0.14400000870227814,0.0,0.0,0.019999999552965164,-0.06172052025794983,-0.08467505872249603,-9.753290176391602,-0.0003101423499174416,0.0009308438166044652,-0.0002096836979035288,98.0,16.144001007080078
1776232819.6669085,2026-04-15T06:00:19.666909,attack_circle_gpsinput_drift,02,47.3979717,8.5461639,0.06800000369548798,-0.14400000870227814,0.0,0.0,0.019999999552965164,-0.05757516995072365,-0.0855046957731247,-9.750680923461914,0.00013738377310801297,0.0003044882323592901,0.00045449601020663977,98.0,16.144001007080078
1776232819.7707858,2026-04-15T06:00:19.770786,attack_circle_gpsinput_drift,02,47.3979717,8.5461639,0.0690000057220459,-0.14300000667572021,0.0,0.0,0.019999999552965164,-0.05757516995072365,-0.0855046957731247,-9.750680923461914,0.00013738377310801297,0.0003044882323592901,0.00045449601020663977,98.0,16.144001007080078
1776232819.8742068,2026-04-15T06:00:19.874207,attack_circle_gpsinput_drift,02,47.3979717,8.5461639,0.07000000029802322,-0.1420000046491623,0.0,0.0,0.019999999552965164,-0.05848449096083641,-0.08356675505638123,-9.749800682067871,-0.0007771931122988462,-1.6447062080260366e-05,-0.00020755168225150555,98.0,16.144001007080078
1776232819.9816675,2026-04-15T06:00:19.981668,attack_circle_gpsinput_drift,02,47.3979717,8.5461639,0.07000000029802322,-0.1420000046491623,0.0,0.0,0.019999999552965164,-0.05848449096083641,-0.08356675505638123,-9.749800682067871,-0.0007771931122988462,-1.6447062080260366e-05,-0.00020755168225150555,98.0,16.144001007080078
1776232820.110803,2026-04-15T06:00:20.110803,attack_circle_gpsinput_drift,02,47.3979717,8.5461639,0.07000000029802322,-0.1420000046491623,0.0,0.0,0.019999999552965164,-0.05848449096083641,-0.08356675505638123,-9.749800682067871,-0.0007771931122988462,-1.6447062080260366e-05,-0.00020755168225150555,98.0,16.144001007080078
1776232820.215291,2026-04-15T06:00:20.215291,attack_circle_gpsinput_drift,02,47.3979717,8.5461639,0.07100000232458115,-0.14100000262260437,0.0,0.0,0.019999999552965164,-0.06526752561330795,-0.08107741177082062,-9.753303527832031,0.000591713993344456,-0.0005278828321024776,0.00021102282335050404,98.0,16.144001007080078
1776232820.3203232,2026-04-15T06:00:20.320323,attack_circle_gpsinput_drift,02,47.3979717,8.5461639,0.07100000232458115,-0.14100000262260437,0.0,0.0,0.019999999552965164,-0.06526752561330795,-0.08107741177082062,-9.753303527832031,0.000591713993344456,-0.0005278828321024776,0.00021102282335050404,98.0,16.144001007080078
1776232820.4236042,2026-04-15T06:00:20.423604,attack_circle_gpsinput_drift,02,47.3979717,8.5461639,0.07200000435113907,-0.14000000059604645,0.0,0.0,0.019999999552965164,-0.07128218561410904,-0.08571739494800568,-9.753705024719238,0.0004572632897179574,-0.0004559559456538409,7.911227294243872e-05,98.0,16.144001007080078
1776232820.5251696,2026-04-15T06:00:20.525170,attack_circle_gpsinput_drift,02,47.3979717,8.5461639,0.07200000435113907,-0.14000000059604645,0.0,0.0,0.019999999552965164,-0.07128218561410904,-0.08571739494800568,-9.753705024719238,0.0004572632897179574,-0.0004559559456538409,7.911227294243872e-05,98.0,16.144001007080078
1776232820.7890823,2026-04-15T06:00:20.789082,attack_circle_gpsinput_drift,02,47.3979717,8.5461639,0.07200000435113907,-0.14000000059604645,0.0,0.0,0.019999999552965164,-0.07128218561410904,-0.08571739494800568,-9.753705024719238,0.0004572632897179574,-0.0004559559456538409,7.911227294243872e-05,98.0,16.144001007080078
1776232820.8951674,2026-04-15T06:00:20.895167,attack_circle_gpsinput_drift,02,47.3979718,8.5461639,0.07200000435113907,-0.14000000059604645,0.0,0.0,0.019999999552965164,-0.05945015326142311,-0.08982931077480316,-9.75084114074707,-0.0003160316846333444,-0.0005924002616666257,0.0006989274988882244,98.0,16.144001007080078
1776232821.0004385,2026-04-15T06:00:21.000438,attack_circle_gpsinput_drift,02,47.3979718,8.5461639,0.07200000435113907,-0.14000000059604645,0.0,0.0,0.019999999552965164,-0.05945015326142311,-0.08982931077480316,-9.75084114074707,-0.0003160316846333444,-0.0005924002616666257,0.0006989274988882244,98.0,16.144001007080078
1776232821.1033158,2026-04-15T06:00:21.103316,attack_circle_gpsinput_drift,02,47.3979718,8.5461639,0.07200000435113907,-0.14000000059604645,0.0,0.0,0.019999999552965164,-0.05945015326142311,-0.08982931077480316,-9.75084114074707,-0.0003160316846333444,-0.0005924002616666257,0.0006989274988882244,98.0,16.144001007080078
1776232821.206911,2026-04-15T06:00:21.206911,attack_circle_gpsinput_drift,02,47.3979718,8.5461639,0.07200000435113907,-0.14000000059604645,0.0,0.0,0.019999999552965164,-0.05967968702316284,-0.08569864928722382,-9.755631446838379,-0.00021571319666691124,-0.00027921507717110217,-2.2113761588116176e-05,98.0,16.144001007080078
1776232821.3326764,2026-04-15T06:00:21.332676,attack_circle_gpsinput_drift,02,47.3979718,8.5461639,0.07200000435113907,-0.14000000059604645,0.0,0.0,0.019999999552965164,-0.05967968702316284,-0.08569864928722382,-9.755631446838379,-0.00021571319666691124,-0.00027921507717110217,-2.2113761588116176e-05,98.0,16.144001007080078
1776232821.4491434,2026-04-15T06:00:21.449143,attack_circle_gpsinput_drift,02,47.3979718,8.5461639,0.07300000637769699,-0.13900001347064972,0.0,0.0,0.019999999552965164,-0.05967968702316284,-0.08569864928722382,-9.755631446838379,-0.00021571319666691124,-0.00027921507717110217,-2.2113761588116176e-05,98.0,16.144001007080078
1776232821.5521188,2026-04-15T06:00:21.552119,attack_circle_gpsinput_drift,02,47.3979718,8.5461639,0.07400000095367432,-0.1380000114440918,0.0,0.0,0.019999999552965164,-0.06162221357226372,-0.08625463396310806,-9.75317096710205,-0.0006235036998987198,0.0008633583202026784,0.00013534056779462844,98.0,16.144001007080078
1776232821.6557002,2026-04-15T06:00:21.655700,attack_circle_gpsinput_drift,02,47.3979718,8.5461639,0.07400000095367432,-0.1380000114440918,0.0,0.0,0.019999999552965164,-0.06162221357226372,-0.08625463396310806,-9.75317096710205,-0.0006235036998987198,0.0008633583202026784,0.00013534056779462844,98.0,16.144001007080078
1776232821.776467,2026-04-15T06:00:21.776467,attack_circle_gpsinput_drift,02,47.3979718,8.5461639,0.07400000095367432,-0.1380000114440918,0.0,0.0,0.019999999552965164,-0.06162221357226372,-0.08625463396310806,-9.75317096710205,-0.0006235036998987198,0.0008633583202026784,0.00013534056779462844,98.0,16.144001007080078
1776232821.8807821,2026-04-15T06:00:21.880782,attack_circle_gpsinput_drift,02,47.3979718,8.5461639,0.07500000298023224,-0.13700000941753387,0.0,0.0,0.019999999552965164,-0.06568644940853119,-0.09216548502445221,-9.753693580627441,0.0010723996674641967,-0.0009211097494699061,-0.00022937884205020964,98.0,16.144001007080078
1776232821.9818869,2026-04-15T06:00:21.981887,attack_circle_gpsinput_drift,02,47.3979718,8.5461639,0.07500000298023224,-0.13700000941753387,0.0,0.0,0.019999999552965164,-0.06568644940853119,-0.09216548502445221,-9.753693580627441,0.0010723996674641967,-0.0009211097494699061,-0.00022937884205020964,98.0,16.144001007080078
1776232822.086759,2026-04-15T06:00:22.086759,attack_circle_gpsinput_drift,02,47.3979718,8.5461639,0.07500000298023224,-0.13700000941753387,0.0,0.0,0.019999999552965164,-0.06568644940853119,-0.09216548502445221,-9.753693580627441,0.0010723996674641967,-0.0009211097494699061,-0.00022937884205020964,98.0,16.144001007080078
1776232822.1949303,2026-04-15T06:00:22.194930,attack_circle_gpsinput_drift,02,47.3979718,8.5461639,0.07500000298023224,-0.13700000941753387,0.0,0.0,0.019999999552965164,-0.06568644940853119,-0.09216548502445221,-9.753693580627441,0.0010723996674641967,-0.0009211097494699061,-0.00022937884205020964,98.0,16.144001007080078
1776232822.296309,2026-04-15T06:00:22.296309,attack_circle_gpsinput_drift,02,47.3979718,8.5461639,0.07500000298023224,-0.13700000941753387,0.0,0.0,0.019999999552965164,-0.06568644940853119,-0.09216548502445221,-9.753693580627441,0.0010723996674641967,-0.0009211097494699061,-0.00022937884205020964,98.0,16.144001007080078
1776232822.4022715,2026-04-15T06:00:22.402272,attack_circle_gpsinput_drift,02,47.3979718,8.5461638,0.07600000500679016,-0.13600000739097595,0.0,0.0,0.019999999552965164,-0.06505417823791504,-0.08750271052122116,-9.76138687133789,0.0006038196152076125,0.000255513412412256,-0.0009207793627865613,98.0,16.144001007080078
1776232822.5139022,2026-04-15T06:00:22.513902,attack_circle_gpsinput_drift,02,47.3979718,8.5461638,0.07600000500679016,-0.13600000739097595,0.0,0.0,0.019999999552965164,-0.06505417823791504,-0.08750271052122116,-9.76138687133789,0.0006038196152076125,0.000255513412412256,-0.0009207793627865613,98.0,16.144001007080078
1776232822.64412,2026-04-15T06:00:22.644120,attack_circle_gpsinput_drift,02,47.3979718,8.5461638,0.07600000500679016,-0.13600000739097595,0.0,0.0,0.019999999552965164,-0.06505417823791504,-0.08750271052122116,-9.76138687133789,0.0006038196152076125,0.000255513412412256,-0.0009207793627865613,98.0,16.144001007080078
1776232822.7461915,2026-04-15T06:00:22.746192,attack_circle_gpsinput_drift,02,47.3979718,8.5461638,0.07600000500679016,-0.13600000739097595,0.0,0.0,0.019999999552965164,-0.06505417823791504,-0.08750271052122116,-9.76138687133789,0.0006038196152076125,0.000255513412412256,-0.0009207793627865613,98.0,16.144001007080078
1776232822.8803027,2026-04-15T06:00:22.880303,attack_circle_gpsinput_drift,02,47.3979718,8.5461638,0.07700000703334808,-0.13500000536441803,0.0,0.0,0.019999999552965164,-0.061398569494485855,-0.08624661713838577,-9.746199607849121,-9.255160694010556e-05,-0.0002377491327933967,0.0005671316175721586,98.0,16.144001007080078
1776232822.9956636,2026-04-15T06:00:22.995664,attack_circle_gpsinput_drift,02,47.3979718,8.5461638,0.07700000703334808,-0.13500000536441803,0.0,0.0,0.019999999552965164,-0.061398569494485855,-0.08624661713838577,-9.746199607849121,-9.255160694010556e-05,-0.0002377491327933967,0.0005671316175721586,98.0,16.144001007080078
1776232823.103022,2026-04-15T06:00:23.103022,attack_circle_gpsinput_drift,02,47.3979718,8.5461638,0.07700000703334808,-0.13500000536441803,0.0,0.0,0.019999999552965164,-0.061398569494485855,-0.08624661713838577,-9.746199607849121,-9.255160694010556e-05,-0.0002377491327933967,0.0005671316175721586,98.0,16.144001007080078
1776232823.217734,2026-04-15T06:00:23.217734,attack_circle_gpsinput_drift,02,47.3979718,8.5461638,0.07700000703334808,-0.13500000536441803,0.0,0.0,0.019999999552965164,-0.061398569494485855,-0.08624661713838577,-9.746199607849121,-9.255160694010556e-05,-0.0002377491327933967,0.0005671316175721586,98.0,16.144001007080078
1776232823.3219035,2026-04-15T06:00:23.321903,attack_circle_gpsinput_drift,02,47.3979718,8.5461638,0.07700000703334808,-0.13500000536441803,0.0,0.0,0.019999999552965164,-0.061398569494485855,-0.08624661713838577,-9.746199607849121,-9.255160694010556e-05,-0.0002377491327933967,0.0005671316175721586,98.0,16.144001007080078
1776232823.4340744,2026-04-15T06:00:23.434074,attack_circle_gpsinput_drift,02,47.3979718,8.5461638,0.07700000703334808,-0.13500000536441803,0.0,0.0,0.019999999552965164,-0.061398569494485855,-0.08624661713838577,-9.746199607849121,-9.255160694010556e-05,-0.0002377491327933967,0.0005671316175721586,98.0,16.144001007080078
1776232823.6016593,2026-04-15T06:00:23.601659,attack_circle_gpsinput_drift,02,47.3979718,8.5461638,0.07700000703334808,-0.13500000536441803,0.0,0.0,0.019999999552965164,-0.061398569494485855,-0.08624661713838577,-9.746199607849121,-9.255160694010556e-05,-0.0002377491327933967,0.0005671316175721586,98.0,16.144001007080078
1776232823.7577212,2026-04-15T06:00:23.757721,attack_circle_gpsinput_drift,02,47.3979718,8.5461638,0.07700000703334808,-0.13500000536441803,0.0,0.0,0.019999999552965164,-0.061398569494485855,-0.08624661713838577,-9.746199607849121,-9.255160694010556e-05,-0.0002377491327933967,0.0005671316175721586,98.0,16.144001007080078
1776232823.8647752,2026-04-15T06:00:23.864775,attack_circle_gpsinput_drift,02,47.3979718,8.5461638,0.07700000703334808,-0.13500000536441803,0.0,0.0,0.019999999552965164,-0.061398569494485855,-0.08624661713838577,-9.746199607849121,-9.255160694010556e-05,-0.0002377491327933967,0.0005671316175721586,98.0,16.144001007080078
1776232823.9680662,2026-04-15T06:00:23.968066,attack_circle_gpsinput_drift,02,47.3979718,8.5461638,0.07700000703334808,-0.13500000536441803,0.0,0.0,0.019999999552965164,-0.061398569494485855,-0.08624661713838577,-9.746199607849121,-9.255160694010556e-05,-0.0002377491327933967,0.0005671316175721586,98.0,16.144001007080078
1776232824.0922227,2026-04-15T06:00:24.092223,attack_circle_gpsinput_drift,02,47.3979718,8.5461638,0.07700000703334808,-0.13500000536441803,0.0,0.0,0.019999999552965164,-0.061398569494485855,-0.08624661713838577,-9.746199607849121,-9.255160694010556e-05,-0.0002377491327933967,0.0005671316175721586,98.0,16.144001007080078
1776232824.1964955,2026-04-15T06:00:24.196496,attack_circle_gpsinput_drift,02,47.3979718,8.5461638,0.07900000363588333,-0.13300000131130219,0.0,0.0,0.019999999552965164,-0.06148330122232437,-0.0926375463604927,-9.759682655334473,9.309827873948961e-05,0.00021160891628824174,-0.0002591793308965862,98.0,16.144001007080078
1776232824.3228796,2026-04-15T06:00:24.322880,attack_circle_gpsinput_drift,02,47.3979718,8.5461638,0.07900000363588333,-0.13300000131130219,0.0,0.0,0.019999999552965164,-0.06148330122232437,-0.0926375463604927,-9.759682655334473,9.309827873948961e-05,0.00021160891628824174,-0.0002591793308965862,98.0,16.144001007080078
1776232824.4282362,2026-04-15T06:00:24.428236,attack_circle_gpsinput_drift,02,47.3979718,8.5461638,0.07900000363588333,-0.13300000131130219,0.0,0.0,0.019999999552965164,-0.06148330122232437,-0.0926375463604927,-9.759682655334473,9.309827873948961e-05,0.00021160891628824174,-0.0002591793308965862,98.0,16.144001007080078
1776232824.545024,2026-04-15T06:00:24.545024,attack_circle_gpsinput_drift,02,47.3979718,8.5461638,0.07900000363588333,-0.13300000131130219,0.0,0.0,0.019999999552965164,-0.06148330122232437,-0.0926375463604927,-9.759682655334473,9.309827873948961e-05,0.00021160891628824174,-0.0002591793308965862,98.0,16.144001007080078
1776232824.646063,2026-04-15T06:00:24.646063,attack_circle_gpsinput_drift,02,47.3979718,8.5461638,0.07900000363588333,-0.13300000131130219,0.0,0.0,0.019999999552965164,-0.06148330122232437,-0.0926375463604927,-9.759682655334473,9.309827873948961e-05,0.00021160891628824174,-0.0002591793308965862,98.0,16.144001007080078
1776232824.7519588,2026-04-15T06:00:24.751959,attack_circle_gpsinput_drift,02,47.3979718,8.5461638,0.07900000363588333,-0.13300000131130219,0.0,0.0,0.019999999552965164,-0.06148330122232437,-0.0926375463604927,-9.759682655334473,9.309827873948961e-05,0.00021160891628824174,-0.0002591793308965862,98.0,16.144001007080078
1776232824.8719492,2026-04-15T06:00:24.871949,attack_circle_gpsinput_drift,02,47.3979718,8.5461638,0.07900000363588333,-0.13300000131130219,0.0,0.0,0.019999999552965164,-0.06148330122232437,-0.0926375463604927,-9.759682655334473,9.309827873948961e-05,0.00021160891628824174,-0.0002591793308965862,98.0,16.144001007080078
1776232824.9847918,2026-04-15T06:00:24.984792,attack_circle_gpsinput_drift,02,47.3979718,8.5461638,0.07900000363588333,-0.13300000131130219,0.0,0.0,0.019999999552965164,-0.06556767225265503,-0.08653669059276581,-9.76237678527832,-1.7986021703109145e-05,0.0011195694096386433,-0.00023596583923790604,98.0,16.144001007080078
1776232825.104863,2026-04-15T06:00:25.104863,attack_circle_gpsinput_drift,02,47.3979718,8.5461638,0.08000000566244125,-0.13199999928474426,0.0,0.0,0.019999999552965164,-0.06556767225265503,-0.08653669059276581,-9.76237678527832,-1.7986021703109145e-05,0.0011195694096386433,-0.00023596583923790604,98.0,16.144001007080078
1776232825.2081444,2026-04-15T06:00:25.208144,attack_circle_gpsinput_drift,02,47.3979718,8.5461638,0.08000000566244125,-0.13199999928474426,0.0,0.0,0.019999999552965164,-0.06297283619642258,-0.08151653409004211,-9.757684707641602,0.000343803723808378,-0.0003413914528209716,0.0012080376036465168,98.0,16.144001007080078
1776232825.3181584,2026-04-15T06:00:25.318158,attack_circle_gpsinput_drift,02,47.3979718,8.5461638,0.08000000566244125,-0.13199999928474426,0.0,0.0,0.019999999552965164,-0.06297283619642258,-0.08151653409004211,-9.757684707641602,0.000343803723808378,-0.0003413914528209716,0.0012080376036465168,98.0,16.144001007080078
1776232825.4932241,2026-04-15T06:00:25.493224,attack_circle_gpsinput_drift,02,47.3979718,8.5461638,0.08000000566244125,-0.13199999928474426,0.0,0.0,0.019999999552965164,-0.06297283619642258,-0.08151653409004211,-9.757684707641602,0.000343803723808378,-0.0003413914528209716,0.0012080376036465168,98.0,16.144001007080078
1776232825.6000893,2026-04-15T06:00:25.600089,attack_circle_gpsinput_drift,02,47.3979718,8.5461638,0.08100000023841858,-0.13100001215934753,0.0,0.0,0.019999999552965164,-0.06629787385463715,-0.0888412594795227,-9.745187759399414,-3.604239100241102e-05,-0.00036536160041578114,-0.0002989928761962801,98.0,16.144001007080078
1776232825.70197,2026-04-15T06:00:25.701970,attack_circle_gpsinput_drift,02,47.3979718,8.5461638,0.0820000022649765,-0.1300000101327896,0.0,0.0,0.019999999552965164,-0.07015032321214676,-0.0867527574300766,-9.751971244812012,0.0007634272915311158,-0.0006679300568066537,-0.0007982886163517833,98.0,16.144001007080078
1776232825.8065689,2026-04-15T06:00:25.806569,attack_circle_gpsinput_drift,02,47.3979718,8.5461638,0.0820000022649765,-0.1300000101327896,0.0,0.0,0.019999999552965164,-0.07015032321214676,-0.0867527574300766,-9.751971244812012,0.0007634272915311158,-0.0006679300568066537,-0.0007982886163517833,98.0,16.144001007080078
1776232825.9348156,2026-04-15T06:00:25.934816,attack_circle_gpsinput_drift,02,47.3979718,8.5461638,0.0820000022649765,-0.1300000101327896,0.0,0.0,0.019999999552965164,-0.07015032321214676,-0.0867527574300766,-9.751971244812012,0.0007634272915311158,-0.0006679300568066537,-0.0007982886163517833,98.0,16.144001007080078
1776232826.0718658,2026-04-15T06:00:26.071866,attack_circle_gpsinput_drift,02,47.3979718,8.5461638,0.0820000022649765,-0.1300000101327896,0.0,0.0,0.019999999552965164,-0.07015032321214676,-0.0867527574300766,-9.751971244812012,0.0007634272915311158,-0.0006679300568066537,-0.0007982886163517833,98.0,16.144001007080078
1776232826.2663138,2026-04-15T06:00:26.266314,attack_circle_gpsinput_drift,02,47.3979718,8.5461638,0.0820000022649765,-0.1300000101327896,0.0,0.0,0.019999999552965164,-0.07015032321214676,-0.0867527574300766,-9.751971244812012,0.0007634272915311158,-0.0006679300568066537,-0.0007982886163517833,98.0,16.144001007080078
1776232826.3756816,2026-04-15T06:00:26.375682,attack_circle_gpsinput_drift,02,47.3979718,8.5461638,0.08300000429153442,-0.1290000081062317,0.0,0.0,0.029999999329447746,-0.06729113310575485,-0.08557908982038498,-9.754544258117676,-0.0005596395349130034,-0.0006973508861847222,-0.0002657487930264324,98.0,16.144001007080078
1776232826.4770672,2026-04-15T06:00:26.477067,attack_circle_gpsinput_drift,02,47.3979718,8.5461638,0.08300000429153442,-0.1290000081062317,0.0,0.0,0.029999999329447746,-0.06729113310575485,-0.08557908982038498,-9.754544258117676,-0.0005596395349130034,-0.0006973508861847222,-0.0002657487930264324,98.0,16.144001007080078
1776232826.592825,2026-04-15T06:00:26.592825,attack_circle_gpsinput_drift,02,47.3979718,8.5461638,0.08300000429153442,-0.1290000081062317,0.0,0.0,0.029999999329447746,-0.06729113310575485,-0.08557908982038498,-9.754544258117676,-0.0005596395349130034,-0.0006973508861847222,-0.0002657487930264324,98.0,16.144001007080078
1776232826.705334,2026-04-15T06:00:26.705334,attack_circle_gpsinput_drift,02,47.3979718,8.5461638,0.08300000429153442,-0.1290000081062317,0.0,0.0,0.029999999329447746,-0.06729113310575485,-0.08557908982038498,-9.754544258117676,-0.0005596395349130034,-0.0006973508861847222,-0.0002657487930264324,98.0,16.144001007080078
1776232826.8116024,2026-04-15T06:00:26.811602,attack_circle_gpsinput_drift,02,47.3979718,8.5461638,0.08300000429153442,-0.1290000081062317,0.0,0.0,0.029999999329447746,-0.05959749594330788,-0.0862870141863823,-9.755537033081055,0.0014806464314460754,-0.0007466191309504211,0.000449385610409081,98.0,16.144001007080078
1776232826.9198878,2026-04-15T06:00:26.919888,attack_circle_gpsinput_drift,02,47.3979718,8.5461638,0.08300000429153442,-0.1290000081062317,0.0,0.0,0.029999999329447746,-0.05959749594330788,-0.0862870141863823,-9.755537033081055,0.0014806464314460754,-0.0007466191309504211,0.000449385610409081,98.0,16.144001007080078
1776232827.0232804,2026-04-15T06:00:27.023280,attack_circle_gpsinput_drift,02,47.3979718,8.5461638,0.08300000429153442,-0.1290000081062317,0.0,0.0,0.029999999329447746,-0.05959749594330788,-0.0862870141863823,-9.755537033081055,0.0014806464314460754,-0.0007466191309504211,0.000449385610409081,98.0,16.144001007080078
1776232827.1290572,2026-04-15T06:00:27.129057,attack_circle_gpsinput_drift,02,47.3979718,8.5461638,0.08400000631809235,-0.12800000607967377,0.0,0.0,0.029999999329447746,-0.06865482777357101,-0.08585213124752045,-9.751483917236328,-2.845181370503269e-05,-0.0008275392465293407,-0.0006357278907671571,98.0,16.144001007080078
1776232827.230919,2026-04-15T06:00:27.230919,attack_circle_gpsinput_drift,02,47.3979718,8.5461638,0.08400000631809235,-0.12800000607967377,0.0,0.0,0.029999999329447746,-0.06865482777357101,-0.08585213124752045,-9.751483917236328,-2.845181370503269e-05,-0.0008275392465293407,-0.0006357278907671571,98.0,16.144001007080078
1776232827.4435244,2026-04-15T06:00:27.443524,attack_circle_gpsinput_drift,02,47.3979718,8.5461638,0.08400000631809235,-0.12800000607967377,0.0,0.0,0.029999999329447746,-0.06865482777357101,-0.08585213124752045,-9.751483917236328,-2.845181370503269e-05,-0.0008275392465293407,-0.0006357278907671571,98.0,16.144001007080078
1776232827.5879073,2026-04-15T06:00:27.587907,attack_circle_gpsinput_drift,02,47.3979718,8.5461638,0.08400000631809235,-0.12800000607967377,0.0,0.0,0.029999999329447746,-0.06710273027420044,-0.083405502140522,-9.744059562683105,-0.0001223207509610802,0.0007793871336616576,-2.6659283321350813e-05,98.0,16.144001007080078
1776232827.70662,2026-04-15T06:00:27.706620,attack_circle_gpsinput_drift,02,47.3979718,8.5461638,0.08400000631809235,-0.12800000607967377,0.0,0.0,0.029999999329447746,-0.05797744169831276,-0.08581628650426865,-9.757529258728027,-0.00016350075020454824,-0.0004349411465227604,-0.0003429856151342392,98.0,16.144001007080078
1776232827.8089163,2026-04-15T06:00:27.808916,attack_circle_gpsinput_drift,02,47.3979718,8.5461638,0.08400000631809235,-0.12800000607967377,0.0,0.0,0.029999999329447746,-0.05797744169831276,-0.08581628650426865,-9.757529258728027,-0.00016350075020454824,-0.0004349411465227604,-0.0003429856151342392,98.0,16.144001007080078
1776232827.916738,2026-04-15T06:00:27.916738,attack_circle_gpsinput_drift,02,47.3979718,8.5461638,0.08400000631809235,-0.12800000607967377,0.0,0.0,0.029999999329447746,-0.05797744169831276,-0.08581628650426865,-9.757529258728027,-0.00016350075020454824,-0.0004349411465227604,-0.0003429856151342392,98.0,16.144001007080078
1776232828.0184002,2026-04-15T06:00:28.018400,attack_circle_gpsinput_drift,02,47.3979718,8.5461638,0.08400000631809235,-0.12800000607967377,0.0,0.0,0.029999999329447746,-0.062904492020607,-0.08788114786148071,-9.755054473876953,0.0007955266046337783,0.0001575657370267436,0.0008327586692757905,98.0,16.144001007080078
1776232828.126129,2026-04-15T06:00:28.126129,attack_circle_gpsinput_drift,02,47.3979718,8.5461638,0.08400000631809235,-0.12800000607967377,0.0,0.0,0.029999999329447746,-0.062904492020607,-0.08788114786148071,-9.755054473876953,0.0007955266046337783,0.0001575657370267436,0.0008327586692757905,98.0,16.144001007080078
1776232828.2310097,2026-04-15T06:00:28.231010,attack_circle_gpsinput_drift,02,47.3979718,8.5461638,0.08400000631809235,-0.12800000607967377,0.0,0.0,0.029999999329447746,-0.062904492020607,-0.08788114786148071,-9.755054473876953,0.0007955266046337783,0.0001575657370267436,0.0008327586692757905,98.0,16.144001007080078
1776232828.3396885,2026-04-15T06:00:28.339689,attack_circle_gpsinput_drift,02,47.3979718,8.5461638,0.08500000089406967,-0.12700000405311584,0.0,0.0,0.029999999329447746,-0.07423138618469238,-0.08262984454631805,-9.756929397583008,0.0007208154420368373,-0.00041340154712088406,0.00010697702964534983,98.0,16.144001007080078
1776232828.4420223,2026-04-15T06:00:28.442022,attack_circle_gpsinput_drift,02,47.3979718,8.5461638,0.08500000089406967,-0.12700000405311584,0.0,0.0,0.029999999329447746,-0.07423138618469238,-0.08262984454631805,-9.756929397583008,0.0007208154420368373,-0.00041340154712088406,0.00010697702964534983,98.0,16.144001007080078
1776232828.5476196,2026-04-15T06:00:28.547620,attack_circle_gpsinput_drift,02,47.3979718,8.5461638,0.08500000089406967,-0.12700000405311584,0.0,0.0,0.029999999329447746,-0.058046258985996246,-0.08448036015033722,-9.755427360534668,-0.00036542126326821744,-0.0006209759158082306,0.0002401775709586218,98.0,16.144001007080078
1776232828.660116,2026-04-15T06:00:28.660116,attack_circle_gpsinput_drift,02,47.3979718,8.5461638,0.08500000089406967,-0.12700000405311584,0.0,0.0,0.029999999329447746,-0.058046258985996246,-0.08448036015033722,-9.755427360534668,-0.00036542126326821744,-0.0006209759158082306,0.0002401775709586218,98.0,16.144001007080078
1776232828.7749126,2026-04-15T06:00:28.774913,attack_circle_gpsinput_drift,02,47.3979718,8.5461638,0.0860000029206276,-0.12600000202655792,0.0,0.0,0.029999999329447746,-0.06426221132278442,-0.08093167096376419,-9.757650375366211,0.0006901433225721121,0.00048331174184568226,0.0014442906249314547,98.0,16.144001007080078
1776232828.8778725,2026-04-15T06:00:28.877872,attack_circle_gpsinput_drift,02,47.3979718,8.5461638,0.0860000029206276,-0.12600000202655792,0.0,0.0,0.029999999329447746,-0.06426221132278442,-0.08093167096376419,-9.757650375366211,0.0006901433225721121,0.00048331174184568226,0.0014442906249314547,98.0,16.144001007080078
1776232828.985292,2026-04-15T06:00:28.985292,attack_circle_gpsinput_drift,02,47.3979718,8.5461638,0.08700000494718552,-0.125,0.0,0.0,0.019999999552965164,-0.0651605874300003,-0.08984342962503433,-9.756999969482422,0.0017995606176555157,0.0006163078942336142,-0.001325110555626452,98.0,16.144001007080078
1776232829.0963972,2026-04-15T06:00:29.096397,attack_circle_gpsinput_drift,02,47.3979718,8.5461638,0.08700000494718552,-0.125,0.0,0.0,0.019999999552965164,-0.06354929506778717,-0.08501002192497253,-9.757461547851562,-0.0009798700921237469,-0.00037312842323444784,0.00036399936652742326,98.0,16.144001007080078
1776232829.1991146,2026-04-15T06:00:29.199115,attack_circle_gpsinput_drift,02,47.3979718,8.5461638,0.08800000697374344,-0.12400000542402267,0.0,0.0,0.019999999552965164,-0.06354929506778717,-0.08501002192497253,-9.757461547851562,-0.0009798700921237469,-0.00037312842323444784,0.00036399936652742326,98.0,16.144001007080078
1776232829.3139536,2026-04-15T06:00:29.313954,attack_circle_gpsinput_drift,02,47.3979718,8.5461638,0.08800000697374344,-0.12400000542402267,0.0,0.0,0.019999999552965164,-0.06354929506778717,-0.08501002192497253,-9.757461547851562,-0.0009798700921237469,-0.00037312842323444784,0.00036399936652742326,98.0,16.144001007080078
1776232829.4288013,2026-04-15T06:00:29.428801,attack_circle_gpsinput_drift,02,47.3979718,8.5461638,0.08800000697374344,-0.12400000542402267,0.0,0.0,0.019999999552965164,-0.06354929506778717,-0.08501002192497253,-9.757461547851562,-0.0009798700921237469,-0.00037312842323444784,0.00036399936652742326,98.0,16.144001007080078
1776232829.5407934,2026-04-15T06:00:29.540793,attack_circle_gpsinput_drift,02,47.3979718,8.5461638,0.08900000154972076,-0.12300000339746475,0.0,0.0,0.019999999552965164,-0.0713271051645279,-0.08798713237047195,-9.746088981628418,0.0007328321225941181,-0.000985788181424141,0.0003258321376051754,98.0,16.144001007080078
1776232829.6554818,2026-04-15T06:00:29.655482,attack_circle_gpsinput_drift,02,47.3979718,8.5461638,0.08900000154972076,-0.12300000339746475,0.0,0.0,0.019999999552965164,-0.0713271051645279,-0.08798713237047195,-9.746088981628418,0.0007328321225941181,-0.000985788181424141,0.0003258321376051754,98.0,16.144001007080078
1776232829.7622988,2026-04-15T06:00:29.762299,attack_circle_gpsinput_drift,02,47.3979718,8.5461638,0.08900000154972076,-0.12300000339746475,0.0,0.0,0.019999999552965164,-0.05887604504823685,-0.09600774198770523,-9.757307052612305,0.00024584264610894024,0.0005226003704592586,-0.000669316272251308,98.0,16.144001007080078
1776232829.8958335,2026-04-15T06:00:29.895833,attack_circle_gpsinput_drift,02,47.3979718,8.5461638,0.08900000154972076,-0.12300000339746475,0.0,0.0,0.019999999552965164,-0.05887604504823685,-0.09600774198770523,-9.757307052612305,0.00024584264610894024,0.0005226003704592586,-0.000669316272251308,98.0,16.144001007080078
1776232829.9997952,2026-04-15T06:00:29.999795,attack_circle_gpsinput_drift,02,47.3979718,8.5461637,0.09100000560283661,-0.1210000067949295,0.0,0.0,0.009999999776482582,-0.06111133098602295,-0.08845321089029312,-9.749585151672363,-1.4898469089530408e-06,-4.755604095407762e-06,-0.0009955654386430979,98.0,16.144001007080078
1776232830.103544,2026-04-15T06:00:30.103544,attack_circle_gpsinput_drift,02,47.3979718,8.5461637,0.09100000560283661,-0.1210000067949295,0.0,0.0,0.009999999776482582,-0.06111133098602295,-0.08845321089029312,-9.749585151672363,-1.4898469089530408e-06,-4.755604095407762e-06,-0.0009955654386430979,98.0,16.144001007080078
1776232830.210222,2026-04-15T06:00:30.210222,attack_circle_gpsinput_drift,02,47.3979718,8.5461637,0.09100000560283661,-0.1210000067949295,0.0,0.0,0.009999999776482582,-0.06111133098602295,-0.08845321089029312,-9.749585151672363,-1.4898469089530408e-06,-4.755604095407762e-06,-0.0009955654386430979,98.0,16.144001007080078
1776232830.317284,2026-04-15T06:00:30.317284,attack_circle_gpsinput_drift,02,47.3979718,8.5461637,0.09400000423192978,-0.11800000816583633,0.0,0.0,0.0,-0.06030005216598511,-0.08795734494924545,-9.762409210205078,-0.0012070272350683808,0.00036411467590369284,-0.00023327264352701604,98.0,16.144001007080078
1776232830.4232202,2026-04-15T06:00:30.423220,attack_circle_gpsinput_drift,02,47.3979718,8.5461637,0.09400000423192978,-0.11800000816583633,0.0,0.0,0.0,-0.06543511152267456,-0.0908016487956047,-9.753969192504883,7.208655006252229e-05,-0.0002246417134301737,-0.0005566921317949891,98.0,16.144001007080078
1776232830.5459206,2026-04-15T06:00:30.545921,attack_circle_gpsinput_drift,02,47.3979718,8.5461637,0.09400000423192978,-0.11800000816583633,0.0,0.0,0.0,-0.06543511152267456,-0.0908016487956047,-9.753969192504883,7.208655006252229e-05,-0.0002246417134301737,-0.0005566921317949891,98.0,16.144001007080078
1776232830.6514468,2026-04-15T06:00:30.651447,attack_circle_gpsinput_drift,02,47.3979718,8.5461637,0.09700000286102295,-0.11500000208616257,0.0,0.0,-0.009999999776482582,-0.06410223990678787,-0.08922269195318222,-9.757769584655762,-6.663918611593544e-05,2.630334893183317e-05,0.0006721571553498507,98.0,16.144001007080078
1776232830.763169,2026-04-15T06:00:30.763169,attack_circle_gpsinput_drift,02,47.3979718,8.5461637,0.09700000286102295,-0.11500000208616257,0.0,0.0,-0.009999999776482582,-0.06410223990678787,-0.08922269195318222,-9.757769584655762,-6.663918611593544e-05,2.630334893183317e-05,0.0006721571553498507,98.0,16.144001007080078
1776232830.872689,2026-04-15T06:00:30.872689,attack_circle_gpsinput_drift,02,47.3979718,8.5461637,0.09800000488758087,-0.11400000751018524,0.0,0.0,-0.019999999552965164,-0.06711868941783905,-0.08863414078950882,-9.753595352172852,-0.00015415159577969462,0.0005854660412296653,-0.0007141869282349944,98.0,16.144001007080078
1776232830.9887893,2026-04-15T06:00:30.988789,attack_circle_gpsinput_drift,02,47.3979718,8.5461637,0.09800000488758087,-0.11400000751018524,0.0,0.0,-0.019999999552965164,-0.06711868941783905,-0.08863414078950882,-9.753595352172852,-0.00015415159577969462,0.0005854660412296653,-0.0007141869282349944,98.0,16.144001007080078
1776232831.107085,2026-04-15T06:00:31.107085,attack_circle_gpsinput_drift,02,47.3979718,8.5461637,0.10100000351667404,-0.11100000888109207,0.0,0.0,-0.029999999329447746,-0.06665553897619247,-0.08629457652568817,-9.753376960754395,0.00030166335636749864,-0.0007173300837166607,-0.00041225505992770195,98.0,16.144001007080078
1776232831.2082558,2026-04-15T06:00:31.208256,attack_circle_gpsinput_drift,02,47.3979718,8.5461637,0.10100000351667404,-0.11100000888109207,0.0,0.0,-0.029999999329447746,-0.06665553897619247,-0.08629457652568817,-9.753376960754395,0.00030166335636749864,-0.0007173300837166607,-0.00041225505992770195,98.0,16.144001007080078
1776232831.3224256,2026-04-15T06:00:31.322426,attack_circle_gpsinput_drift,02,47.3979718,8.5461637,0.10300000756978989,-0.10900000482797623,0.0,0.0,-0.029999999329447746,-0.0670447051525116,-0.09080573916435242,-9.751585960388184,-0.0005544875166378915,-0.00017337454482913017,0.0003851876244880259,98.0,16.144001007080078
1776232831.424271,2026-04-15T06:00:31.424271,attack_circle_gpsinput_drift,02,47.3979718,8.5461637,0.10300000756978989,-0.10900000482797623,0.0,0.0,-0.029999999329447746,-0.0670447051525116,-0.09080573916435242,-9.751585960388184,-0.0005544875166378915,-0.00017337454482913017,0.0003851876244880259,98.0,16.144001007080078
1776232831.5285976,2026-04-15T06:00:31.528598,attack_circle_gpsinput_drift,02,47.3979717,8.5461637,0.10600000619888306,-0.10600000619888306,0.0,0.0,-0.03999999910593033,-0.0617542564868927,-0.08366604149341583,-9.748138427734375,0.00042933644726872444,3.498626028886065e-07,0.0008656426798552275,98.0,16.144001007080078
1776232831.654314,2026-04-15T06:00:31.654314,attack_circle_gpsinput_drift,02,47.3979717,8.5461637,0.10600000619888306,-0.10600000619888306,0.0,0.0,-0.03999999910593033,-0.0617542564868927,-0.08366604149341583,-9.748138427734375,0.00042933644726872444,3.498626028886065e-07,0.0008656426798552275,98.0,16.144001007080078
1776232831.7671542,2026-04-15T06:00:31.767154,attack_circle_gpsinput_drift,02,47.3979717,8.5461637,0.1080000028014183,-0.10400000214576721,0.0,0.0,-0.04999999701976776,-0.06479720771312714,-0.08558697998523712,-9.757003784179688,-0.00010469542758073658,0.0008562867296859622,-0.0008166906191036105,98.0,16.144001007080078
1776232831.891952,2026-04-15T06:00:31.891952,attack_circle_gpsinput_drift,02,47.3979717,8.5461637,0.11000000685453415,-0.10200000554323196,0.0,0.0,-0.04999999701976776,-0.06619378924369812,-0.0941755548119545,-9.757570266723633,-0.0004904951201751828,0.00016554800095036626,0.00020280759781599045,98.0,16.144001007080078
1776232831.9964132,2026-04-15T06:00:31.996413,attack_circle_gpsinput_drift,02,47.3979717,8.5461637,0.11000000685453415,-0.10200000554323196,0.0,0.0,-0.04999999701976776,-0.06619378924369812,-0.0941755548119545,-9.757570266723633,-0.0004904951201751828,0.00016554800095036626,0.00020280759781599045,98.0,16.144001007080078
1776232832.1139796,2026-04-15T06:00:32.113980,attack_circle_gpsinput_drift,02,47.3979717,8.5461637,0.11000000685453415,-0.10200000554323196,0.0,0.0,-0.04999999701976776,-0.06619378924369812,-0.0941755548119545,-9.757570266723633,-0.0004904951201751828,0.00016554800095036626,0.00020280759781599045,98.0,16.144001007080078
1776232832.2411911,2026-04-15T06:00:32.241191,attack_circle_gpsinput_drift,02,47.3979717,8.5461637,0.11300000548362732,-0.0990000069141388,0.0,0.0,-0.04999999701976776,-0.061476029455661774,-0.0898052230477333,-9.757547378540039,0.00046237584319896996,-0.00010632879275362939,-9.479627624386922e-05,98.0,16.144001007080078
1776232832.3475206,2026-04-15T06:00:32.347521,attack_circle_gpsinput_drift,02,47.3979717,8.5461637,0.11300000548362732,-0.0990000069141388,0.0,0.0,-0.04999999701976776,-0.061476029455661774,-0.0898052230477333,-9.757547378540039,0.00046237584319896996,-0.00010632879275362939,-9.479627624386922e-05,98.0,16.144001007080078
1776232832.4532857,2026-04-15T06:00:32.453286,attack_circle_gpsinput_drift,02,47.3979717,8.5461637,0.11300000548362732,-0.0990000069141388,0.0,0.0,-0.04999999701976776,-0.06580904871225357,-0.08789381384849548,-9.755992889404297,8.790471474640071e-05,0.0009182802750729024,-0.0006511238752864301,98.0,16.144001007080078
1776232832.577056,2026-04-15T06:00:32.577056,attack_circle_gpsinput_drift,02,47.3979717,8.5461637,0.11700000613927841,-0.0950000062584877,0.0,0.0,-0.05999999865889549,-0.06580904871225357,-0.08789381384849548,-9.755992889404297,8.790471474640071e-05,0.0009182802750729024,-0.0006511238752864301,98.0,16.144001007080078
1776232832.7148867,2026-04-15T06:00:32.714887,attack_circle_gpsinput_drift,02,47.3979717,8.5461637,0.11700000613927841,-0.0950000062584877,0.0,0.0,-0.05999999865889549,-0.06580904871225357,-0.08789381384849548,-9.755992889404297,8.790471474640071e-05,0.0009182802750729024,-0.0006511238752864301,98.0,16.144001007080078
1776232832.8399494,2026-04-15T06:00:32.839949,attack_circle_gpsinput_drift,02,47.3979717,8.5461637,0.11900000274181366,-0.09300000220537186,0.0,0.0,-0.05999999865889549,-0.054865654557943344,-0.08740446716547012,-9.762873649597168,-1.4142065083433408e-05,0.0003573533322196454,-0.000391501554986462,98.0,16.144001007080078
1776232832.9443834,2026-04-15T06:00:32.944383,attack_circle_gpsinput_drift,02,47.3979717,8.5461637,0.11900000274181366,-0.09300000220537186,0.0,0.0,-0.05999999865889549,-0.054865654557943344,-0.08740446716547012,-9.762873649597168,-1.4142065083433408e-05,0.0003573533322196454,-0.000391501554986462,98.0,16.144001007080078
1776232833.0518363,2026-04-15T06:00:33.051836,attack_circle_gpsinput_drift,02,47.3979717,8.5461637,0.12200000882148743,-0.09000000357627869,0.0,0.0,-0.05999999865889549,-0.05994320660829544,-0.07503394037485123,-9.752001762390137,-0.00108324212487787,-0.00013301662693265826,0.00028622630634345114,98.0,16.144001007080078
1776232833.170392,2026-04-15T06:00:33.170392,attack_circle_gpsinput_drift,02,47.3979717,8.5461637,0.12200000882148743,-0.09000000357627869,0.0,0.0,-0.05999999865889549,-0.05994320660829544,-0.07503394037485123,-9.752001762390137,-0.00108324212487787,-0.00013301662693265826,0.00028622630634345114,98.0,16.144001007080078
1776232833.2723596,2026-04-15T06:00:33.272360,attack_circle_gpsinput_drift,02,47.3979717,8.5461637,0.12200000882148743,-0.09000000357627869,0.0,0.0,-0.05999999865889549,-0.05994320660829544,-0.07503394037485123,-9.752001762390137,-0.00108324212487787,-0.00013301662693265826,0.00028622630634345114,98.0,16.144001007080078
1776232833.3810682,2026-04-15T06:00:33.381068,attack_circle_gpsinput_drift,02,47.3979717,8.5461637,0.12200000882148743,-0.09000000357627869,0.0,0.0,-0.05999999865889549,-0.05994320660829544,-0.07503394037485123,-9.752001762390137,-0.00108324212487787,-0.00013301662693265826,0.00028622630634345114,98.0,16.144001007080078
1776232833.4839153,2026-04-15T06:00:33.483915,attack_circle_gpsinput_drift,02,47.3979717,8.5461637,0.125,-0.08700000494718552,0.0,0.0,-0.07000000029802322,-0.05666681379079819,-0.09021683037281036,-9.753779411315918,-3.2685682526789606e-05,-8.927618182497099e-05,0.0003296418581157923,98.0,16.144001007080078
1776232833.6006129,2026-04-15T06:00:33.600613,attack_circle_gpsinput_drift,02,47.3979717,8.5461637,0.125,-0.08700000494718552,0.0,0.0,-0.07000000029802322,-0.05666681379079819,-0.09021683037281036,-9.753779411315918,-3.2685682526789606e-05,-8.927618182497099e-05,0.0003296418581157923,98.0,16.144001007080078
1776232833.7046459,2026-04-15T06:00:33.704646,attack_circle_gpsinput_drift,02,47.3979717,8.5461637,0.12800000607967377,-0.08400000631809235,0.0,0.0,-0.07000000029802322,-0.06461532413959503,-0.08250359445810318,-9.754654884338379,-0.00042397945071570575,-8.068492752499878e-05,-0.0014797402545809746,95.0,16.084001541137695
1776232833.820922,2026-04-15T06:00:33.820922,attack_circle_gpsinput_drift,02,47.3979717,8.5461637,0.12800000607967377,-0.08400000631809235,0.0,0.0,-0.07000000029802322,-0.06461532413959503,-0.08250359445810318,-9.754654884338379,-0.00042397945071570575,-8.068492752499878e-05,-0.0014797402545809746,95.0,16.084001541137695
1776232833.9391716,2026-04-15T06:00:33.939172,attack_circle_gpsinput_drift,02,47.3979717,8.5461637,0.12800000607967377,-0.08400000631809235,0.0,0.0,-0.07000000029802322,-0.06461532413959503,-0.08250359445810318,-9.754654884338379,-0.00042397945071570575,-8.068492752499878e-05,-0.0014797402545809746,95.0,16.084001541137695
1776232834.0446362,2026-04-15T06:00:34.044636,attack_circle_gpsinput_drift,02,47.3979717,8.5461637,0.1300000101327896,-0.0820000022649765,0.0,0.0,-0.07000000029802322,-0.06591811031103134,-0.07816202938556671,-9.751017570495605,1.0272377039655112e-05,0.0004624290741048753,-0.00022487377282232046,95.0,16.084001541137695
1776232834.1587298,2026-04-15T06:00:34.158730,attack_circle_gpsinput_drift,02,47.3979717,8.5461637,0.1300000101327896,-0.0820000022649765,0.0,0.0,-0.07000000029802322,-0.06591811031103134,-0.07816202938556671,-9.751017570495605,1.0272377039655112e-05,0.0004624290741048753,-0.00022487377282232046,95.0,16.084001541137695
1776232834.260213,2026-04-15T06:00:34.260213,attack_circle_gpsinput_drift,02,47.3979717,8.5461637,0.1300000101327896,-0.0820000022649765,0.0,0.0,-0.07000000029802322,-0.06591811031103134,-0.07816202938556671,-9.751017570495605,1.0272377039655112e-05,0.0004624290741048753,-0.00022487377282232046,95.0,16.084001541137695
1776232834.3623762,2026-04-15T06:00:34.362376,attack_circle_gpsinput_drift,02,47.3979717,8.5461637,0.13199999928474426,-0.08000000566244125,0.0,0.0,-0.07000000029802322,-0.06381796300411224,-0.09169945865869522,-9.746341705322266,0.00042742842924781144,0.00014071138866711408,0.0005957543617114425,95.0,16.084001541137695
1776232834.4770284,2026-04-15T06:00:34.477028,attack_circle_gpsinput_drift,02,47.3979717,8.5461637,0.1340000033378601,-0.07800000160932541,0.0,0.0,-0.07000000029802322,-0.05914812907576561,-0.08556756377220154,-9.763242721557617,-0.0002624901826493442,-0.00026363058714196086,0.0009615281014703214,95.0,16.084001541137695
1776232834.5790083,2026-04-15T06:00:34.579008,attack_circle_gpsinput_drift,02,47.3979717,8.5461637,0.1340000033378601,-0.07800000160932541,0.0,0.0,-0.07000000029802322,-0.05914812907576561,-0.08556756377220154,-9.763242721557617,-0.0002624901826493442,-0.00026363058714196086,0.0009615281014703214,95.0,16.084001541137695
1776232834.6831372,2026-04-15T06:00:34.683137,attack_circle_gpsinput_drift,02,47.3979717,8.5461637,0.13700000941753387,-0.07500000298023224,0.0,0.0,-0.07000000029802322,-0.08009365946054459,-0.09181705862283707,-9.759005546569824,0.00036356443888507783,0.00041720480658113956,0.0007793522672727704,95.0,16.084001541137695
1776232834.7879744,2026-04-15T06:00:34.787974,attack_circle_gpsinput_drift,02,47.3979717,8.5461637,0.13700000941753387,-0.07500000298023224,0.0,0.0,-0.07000000029802322,-0.08009365946054459,-0.09181705862283707,-9.759005546569824,0.00036356443888507783,0.00041720480658113956,0.0007793522672727704,95.0,16.084001541137695
1776232834.8912947,2026-04-15T06:00:34.891295,attack_circle_gpsinput_drift,02,47.3979717,8.5461637,0.14000000059604645,-0.07200000435113907,0.0,0.0,-0.07000000029802322,-0.05895179137587547,-0.08507034927606583,-9.7529878616333,0.0001787311484804377,-0.0002642377803567797,-0.0003262041718699038,95.0,16.084001541137695
1776232835.0003371,2026-04-15T06:00:35.000337,attack_circle_gpsinput_drift,02,47.3979717,8.5461637,0.14000000059604645,-0.07200000435113907,0.0,0.0,-0.07000000029802322,-0.05895179137587547,-0.08507034927606583,-9.7529878616333,0.0001787311484804377,-0.0002642377803567797,-0.0003262041718699038,95.0,16.084001541137695
1776232835.1065757,2026-04-15T06:00:35.106576,attack_circle_gpsinput_drift,02,47.3979717,8.5461637,0.14300000667572021,-0.0690000057220459,0.0,0.0,-0.07000000029802322,-0.06660991907119751,-0.08685042709112167,-9.753345489501953,-0.00013669030158780515,-0.00040918952436186373,-0.00029680674197152257,95.0,16.084001541137695
1776232835.2088883,2026-04-15T06:00:35.208888,attack_circle_gpsinput_drift,02,47.3979717,8.5461637,0.14300000667572021,-0.0690000057220459,0.0,0.0,-0.07000000029802322,-0.06660991907119751,-0.08685042709112167,-9.753345489501953,-0.00013669030158780515,-0.00040918952436186373,-0.00029680674197152257,95.0,16.084001541137695
1776232835.3126853,2026-04-15T06:00:35.312685,attack_circle_gpsinput_drift,02,47.3979717,8.5461637,0.14400000870227814,-0.06800000369548798,0.0,0.0,-0.07000000029802322,-0.06179121881723404,-0.0919361263513565,-9.746052742004395,0.0006232456071302295,0.0002851850294973701,-0.0005592498346231878,95.0,16.084001541137695
1776232835.418022,2026-04-15T06:00:35.418022,attack_circle_gpsinput_drift,02,47.3979717,8.5461637,0.14400000870227814,-0.06800000369548798,0.0,0.0,-0.07000000029802322,-0.06179121881723404,-0.0919361263513565,-9.746052742004395,0.0006232456071302295,0.0002851850294973701,-0.0005592498346231878,95.0,16.084001541137695
1776232835.5199401,2026-04-15T06:00:35.519940,attack_circle_gpsinput_drift,02,47.3979717,8.5461637,0.14400000870227814,-0.06800000369548798,0.0,0.0,-0.07000000029802322,-0.06179121881723404,-0.0919361263513565,-9.746052742004395,0.0006232456071302295,0.0002851850294973701,-0.0005592498346231878,95.0,16.084001541137695
1776232835.626015,2026-04-15T06:00:35.626015,attack_circle_gpsinput_drift,02,47.3979717,8.5461637,0.14400000870227814,-0.06800000369548798,0.0,0.0,-0.07000000029802322,-0.06179121881723404,-0.0919361263513565,-9.746052742004395,0.0006232456071302295,0.0002851850294973701,-0.0005592498346231878,95.0,16.084001541137695
1776232835.7298992,2026-04-15T06:00:35.729899,attack_circle_gpsinput_drift,02,47.3979717,8.5461637,0.1469999998807907,-0.0650000050663948,0.0,0.0,-0.07000000029802322,-0.06742855161428452,-0.09252417832612991,-9.75455379486084,0.00041662433068268,0.0005842191749252379,-0.001590545172803104,95.0,16.084001541137695
1776232835.8371537,2026-04-15T06:00:35.837154,attack_circle_gpsinput_drift,02,47.3979717,8.5461637,0.14900000393390656,-0.06300000101327896,0.0,0.0,-0.07000000029802322,-0.06107654422521591,-0.08424064517021179,-9.751070022583008,0.00017448885773774236,-0.000406047998694703,4.0872855606721714e-05,95.0,16.084001541137695
1776232835.9383721,2026-04-15T06:00:35.938372,attack_circle_gpsinput_drift,02,47.3979717,8.5461637,0.14900000393390656,-0.06300000101327896,0.0,0.0,-0.07999999821186066,-0.06107654422521591,-0.08424064517021179,-9.751070022583008,0.00017448885773774236,-0.000406047998694703,4.0872855606721714e-05,95.0,16.084001541137695
1776232836.0405297,2026-04-15T06:00:36.040530,attack_circle_gpsinput_drift,02,47.3979717,8.5461637,0.15200001001358032,-0.06000000238418579,0.0,0.0,-0.07999999821186066,-0.055542632937431335,-0.09121445566415787,-9.746253967285156,0.00012804765719920397,0.0007541293743997812,0.0002343954547541216,95.0,16.084001541137695
1776232836.1422927,2026-04-15T06:00:36.142293,attack_circle_gpsinput_drift,02,47.3979717,8.5461637,0.15200001001358032,-0.06000000238418579,0.0,0.0,-0.07999999821186066,-0.055542632937431335,-0.09121445566415787,-9.746253967285156,0.00012804765719920397,0.0007541293743997812,0.0002343954547541216,95.0,16.084001541137695
1776232836.2557263,2026-04-15T06:00:36.255726,attack_circle_gpsinput_drift,02,47.3979717,8.5461637,0.15400001406669617,-0.058000002056360245,0.0,0.0,-0.07999999821186066,-0.06247556954622269,-0.09033861011266708,-9.753215789794922,-0.0004050059651490301,3.106455551460385e-05,0.0005847213906235993,95.0,16.084001541137695
1776232836.4003808,2026-04-15T06:00:36.400381,attack_circle_gpsinput_drift,02,47.3979717,8.5461637,0.1550000011920929,-0.05700000375509262,0.0,0.0,-0.07999999821186066,-0.06716510653495789,-0.08696678280830383,-9.750239372253418,0.00014503853162750602,-4.956564225722104e-05,0.000334855227265507,95.0,16.084001541137695
1776232836.5087602,2026-04-15T06:00:36.508760,attack_circle_gpsinput_drift,02,47.3979717,8.5461637,0.1550000011920929,-0.05700000375509262,0.0,0.0,-0.07999999821186066,-0.06716510653495789,-0.08696678280830383,-9.750239372253418,0.00014503853162750602,-4.956564225722104e-05,0.000334855227265507,95.0,16.084001541137695
1776232836.6217651,2026-04-15T06:00:36.621765,attack_circle_gpsinput_drift,02,47.3979717,8.5461637,0.15700000524520874,-0.055000003427267075,0.0,0.0,-0.07999999821186066,-0.05734863504767418,-0.08023469895124435,-9.760838508605957,0.0008833578322082758,0.00020365347154438496,0.00026313061243854463,95.0,16.084001541137695
1776232836.7843645,2026-04-15T06:00:36.784364,attack_circle_gpsinput_drift,02,47.3979717,8.5461637,0.15700000524520874,-0.055000003427267075,0.0,0.0,-0.07999999821186066,-0.05734863504767418,-0.08023469895124435,-9.760838508605957,0.0008833578322082758,0.00020365347154438496,0.00026313061243854463,95.0,16.084001541137695
1776232836.8896103,2026-04-15T06:00:36.889610,attack_circle_gpsinput_drift,02,47.3979717,8.5461637,0.15700000524520874,-0.055000003427267075,0.0,0.0,-0.07999999821186066,-0.05734863504767418,-0.08023469895124435,-9.760838508605957,0.0008833578322082758,0.00020365347154438496,0.00026313061243854463,95.0,16.084001541137695
1776232836.996679,2026-04-15T06:00:36.996679,attack_circle_gpsinput_drift,02,47.3979717,8.5461637,0.15700000524520874,-0.055000003427267075,0.0,0.0,-0.07999999821186066,-0.05734863504767418,-0.08023469895124435,-9.760838508605957,0.0008833578322082758,0.00020365347154438496,0.00026313061243854463,95.0,16.084001541137695
1776232837.0987604,2026-04-15T06:00:37.098760,attack_circle_gpsinput_drift,02,47.3979717,8.5461637,0.15700000524520874,-0.055000003427267075,0.0,0.0,-0.07999999821186066,-0.05734863504767418,-0.08023469895124435,-9.760838508605957,0.0008833578322082758,0.00020365347154438496,0.00026313061243854463,95.0,16.084001541137695
1776232837.2010393,2026-04-15T06:00:37.201039,attack_circle_gpsinput_drift,02,47.3979717,8.5461637,0.15700000524520874,-0.055000003427267075,0.0,0.0,-0.07999999821186066,-0.0636875256896019,-0.08140354603528976,-9.758575439453125,0.000545634189620614,-0.00012977217556908727,-0.00031280648545362055,95.0,16.084001541137695
1776232837.304867,2026-04-15T06:00:37.304867,attack_circle_gpsinput_drift,02,47.3979717,8.5461637,0.15700000524520874,-0.055000003427267075,0.0,0.0,-0.07999999821186066,-0.0636875256896019,-0.08140354603528976,-9.758575439453125,0.000545634189620614,-0.00012977217556908727,-0.00031280648545362055,95.0,16.084001541137695
1776232837.4123678,2026-04-15T06:00:37.412368,attack_circle_gpsinput_drift,02,47.3979717,8.5461637,0.15700000524520874,-0.055000003427267075,0.0,0.0,-0.07999999821186066,-0.0636875256896019,-0.08140354603528976,-9.758575439453125,0.000545634189620614,-0.00012977217556908727,-0.00031280648545362055,95.0,16.084001541137695
1776232837.5840905,2026-04-15T06:00:37.584090,attack_circle_gpsinput_drift,02,47.3979717,8.5461637,0.15700000524520874,-0.055000003427267075,0.0,0.0,-0.07999999821186066,-0.0636875256896019,-0.08140354603528976,-9.758575439453125,0.000545634189620614,-0.00012977217556908727,-0.00031280648545362055,95.0,16.084001541137695
1776232837.689225,2026-04-15T06:00:37.689225,attack_circle_gpsinput_drift,02,47.3979717,8.5461637,0.15700000524520874,-0.055000003427267075,0.0,0.0,-0.07999999821186066,-0.0636875256896019,-0.08140354603528976,-9.758575439453125,0.000545634189620614,-0.00012977217556908727,-0.00031280648545362055,95.0,16.084001541137695
1776232837.8461213,2026-04-15T06:00:37.846121,attack_circle_gpsinput_drift,02,47.3979717,8.5461637,0.15700000524520874,-0.055000003427267075,0.0,0.0,-0.07999999821186066,-0.0636875256896019,-0.08140354603528976,-9.758575439453125,0.000545634189620614,-0.00012977217556908727,-0.00031280648545362055,95.0,16.084001541137695
1776232837.9545817,2026-04-15T06:00:37.954582,attack_circle_gpsinput_drift,02,47.3979717,8.5461637,0.15700000524520874,-0.055000003427267075,0.0,0.0,-0.07999999821186066,-0.0636875256896019,-0.08140354603528976,-9.758575439453125,0.000545634189620614,-0.00012977217556908727,-0.00031280648545362055,95.0,16.084001541137695
1776232838.058385,2026-04-15T06:00:38.058385,attack_circle_gpsinput_drift,02,47.3979717,8.5461637,0.15700000524520874,-0.055000003427267075,0.0,0.0,-0.07999999821186066,-0.0636875256896019,-0.08140354603528976,-9.758575439453125,0.000545634189620614,-0.00012977217556908727,-0.00031280648545362055,95.0,16.084001541137695
1776232838.1836967,2026-04-15T06:00:38.183697,attack_circle_gpsinput_drift,02,47.3979717,8.5461637,0.15700000524520874,-0.055000003427267075,0.0,0.0,-0.07999999821186066,-0.10289960354566574,-0.08679486811161041,-9.776923179626465,-0.0006711810128763318,0.001973093254491687,4.879522748524323e-05,95.0,16.084001541137695
1776232838.3123574,2026-04-15T06:00:38.312357,attack_circle_gpsinput_drift,02,47.3979717,8.5461637,0.16100001335144043,-0.05100000277161598,0.0,0.0,-0.07000000029802322,-0.10289960354566574,-0.08679486811161041,-9.776923179626465,-0.0006711810128763318,0.001973093254491687,4.879522748524323e-05,95.0,16.084001541137695
1776232838.4196734,2026-04-15T06:00:38.419673,attack_circle_gpsinput_drift,02,47.3979717,8.5461637,0.16100001335144043,-0.05100000277161598,0.0,0.0,-0.07000000029802322,-0.10289960354566574,-0.08679486811161041,-9.776923179626465,-0.0006711810128763318,0.001973093254491687,4.879522748524323e-05,95.0,16.084001541137695
1776232838.5706708,2026-04-15T06:00:38.570671,attack_circle_gpsinput_drift,02,47.3979717,8.5461637,0.16300000250339508,-0.049000002443790436,0.0,0.0,-0.07000000029802322,-0.12893208861351013,-0.09937970340251923,-9.78883171081543,-0.00030942901503294706,0.007519889622926712,-0.00027106315246783197,95.0,16.084001541137695
1776232838.6739328,2026-04-15T06:00:38.673933,attack_circle_gpsinput_drift,02,47.3979717,8.5461637,0.16300000250339508,-0.049000002443790436,0.0,0.0,-0.07000000029802322,-0.12893208861351013,-0.09937970340251923,-9.78883171081543,-0.00030942901503294706,0.007519889622926712,-0.00027106315246783197,95.0,16.084001541137695
1776232838.778921,2026-04-15T06:00:38.778921,attack_circle_gpsinput_drift,02,47.3979717,8.5461637,0.164000004529953,-0.04800000041723251,0.0,0.0,-0.07000000029802322,-0.13764867186546326,-0.12698140740394592,-9.823859214782715,-0.00016531631990801543,0.016052085906267166,-0.004376373253762722,95.0,16.084001541137695
1776232838.8988633,2026-04-15T06:00:38.898863,attack_circle_gpsinput_drift,02,47.3979717,8.5461637,0.164000004529953,-0.04800000041723251,0.0,0.0,-0.07000000029802322,-0.13764867186546326,-0.12698140740394592,-9.823859214782715,-0.00016531631990801543,0.016052085906267166,-0.004376373253762722,95.0,16.084001541137695
1776232839.012221,2026-04-15T06:00:39.012221,attack_circle_gpsinput_drift,02,47.3979717,8.5461637,0.164000004529953,-0.04800000041723251,0.0,0.0,-0.07000000029802322,-0.13764867186546326,-0.12698140740394592,-9.823859214782715,-0.00016531631990801543,0.016052085906267166,-0.004376373253762722,95.0,16.084001541137695
1776232839.1161058,2026-04-15T06:00:39.116106,attack_circle_gpsinput_drift,02,47.3979717,8.5461637,0.16600000858306885,-0.046000003814697266,0.0,0.0,-0.07999999821186066,-0.16236838698387146,-0.16332142055034637,-9.857610702514648,-0.002871357835829258,0.025928495451807976,-0.008854556828737259,95.0,16.084001541137695
1776232839.2262747,2026-04-15T06:00:39.226275,attack_circle_gpsinput_drift,02,47.3979717,8.5461637,0.16600000858306885,-0.046000003814697266,0.0,0.0,-0.07999999821186066,-0.16236838698387146,-0.16332142055034637,-9.857610702514648,-0.002871357835829258,0.025928495451807976,-0.008854556828737259,95.0,16.084001541137695
1776232839.3365448,2026-04-15T06:00:39.336545,attack_circle_gpsinput_drift,02,47.3979717,8.5461637,0.16600000858306885,-0.046000003814697266,0.0,0.0,-0.07999999821186066,-0.16236838698387146,-0.16332142055034637,-9.857610702514648,-0.002871357835829258,0.025928495451807976,-0.008854556828737259,95.0,16.084001541137695
1776232839.482542,2026-04-15T06:00:39.482542,attack_circle_gpsinput_drift,02,47.3979717,8.5461637,0.16700001060962677,-0.04500000178813934,0.0,0.0,-0.07999999821186066,-0.17131184041500092,-0.19737772643566132,-9.891207695007324,-0.010765780694782734,0.03515353798866272,-0.011206362396478653,95.0,16.084001541137695
1776232839.5883603,2026-04-15T06:00:39.588360,attack_circle_gpsinput_drift,02,47.3979717,8.5461637,0.16700001060962677,-0.04500000178813934,0.0,0.0,-0.07999999821186066,-0.17131184041500092,-0.19737772643566132,-9.891207695007324,-0.010765780694782734,0.03515353798866272,-0.011206362396478653,95.0,16.084001541137695
1776232839.694105,2026-04-15T06:00:39.694105,attack_circle_gpsinput_drift,02,47.3979717,8.5461637,0.16900001466274261,-0.0430000014603138,0.0,0.0,-0.07999999821186066,-0.2359132617712021,-0.2814615070819855,-9.958077430725098,-0.021689562126994133,0.0493585579097271,-0.010623883455991745,95.0,16.084001541137695
1776232839.8005838,2026-04-15T06:00:39.800584,attack_circle_gpsinput_drift,02,47.3979717,8.5461637,0.16900001466274261,-0.0430000014603138,0.0,0.0,-0.07999999821186066,-0.2359132617712021,-0.2814615070819855,-9.958077430725098,-0.021689562126994133,0.0493585579097271,-0.010623883455991745,95.0,16.084001541137695
1776232839.9104486,2026-04-15T06:00:39.910449,attack_circle_gpsinput_drift,02,47.3979717,8.5461637,0.17100000381469727,-0.04100000113248825,0.0,-0.009999999776482582,-0.07999999821186066,-0.17697390913963318,-0.21925993263721466,-9.926252365112305,-0.03564108908176422,0.06141497567296028,-0.010602048598229885,95.0,16.084001541137695
1776232840.0121026,2026-04-15T06:00:40.012103,attack_circle_gpsinput_drift,02,47.3979717,8.5461637,0.17100000381469727,-0.04100000113248825,0.0,-0.009999999776482582,-0.07999999821186066,-0.17697390913963318,-0.21925993263721466,-9.926252365112305,-0.03564108908176422,0.06141497567296028,-0.010602048598229885,95.0,16.084001541137695
1776232840.114805,2026-04-15T06:00:40.114805,attack_circle_gpsinput_drift,02,47.3979717,8.5461637,0.1720000058412552,-0.04000000283122063,0.0,-0.009999999776482582,-0.08999999612569809,-0.1430291384458542,-0.18153385818004608,-10.011561393737793,-0.05472596734762192,0.07240097224712372,-0.008604158647358418,95.0,16.084001541137695
1776232840.2161722,2026-04-15T06:00:40.216172,attack_circle_gpsinput_drift,02,47.3979717,8.5461637,0.1720000058412552,-0.04000000283122063,0.0,-0.009999999776482582,-0.08999999612569809,-0.1430291384458542,-0.18153385818004608,-10.011561393737793,-0.05472596734762192,0.07240097224712372,-0.008604158647358418,95.0,16.084001541137695
1776232840.3221247,2026-04-15T06:00:40.322125,attack_circle_gpsinput_drift,02,47.3979717,8.5461637,0.17500001192092896,-0.03700000047683716,0.009999999776482582,-0.009999999776482582,-0.10999999940395355,-0.10431613773107529,-0.1301737278699875,-10.035980224609375,-0.08405514061450958,0.08359576016664505,-0.0075310152024030685,95.0,16.084001541137695
1776232840.4307828,2026-04-15T06:00:40.430783,attack_circle_gpsinput_drift,02,47.3979717,8.5461637,0.1770000010728836,-0.03500000014901161,0.009999999776482582,-0.009999999776482582,-0.11999999731779099,-0.05800934508442879,-0.07611530274152756,-10.109549522399902,-0.12033307552337646,0.10041917860507965,-0.006891072262078524,95.0,16.084001541137695
1776232840.535159,2026-04-15T06:00:40.535159,attack_circle_gpsinput_drift,02,47.3979717,8.5461637,0.1770000010728836,-0.03500000014901161,0.009999999776482582,-0.009999999776482582,-0.11999999731779099,-0.05800934508442879,-0.07611530274152756,-10.109549522399902,-0.12033307552337646,0.10041917860507965,-0.006891072262078524,95.0,16.084001541137695
1776232840.6499429,2026-04-15T06:00:40.649943,attack_circle_gpsinput_drift,02,47.3979717,8.5461637,0.17900000512599945,-0.032999999821186066,0.009999999776482582,-0.009999999776482582,-0.14000000059604645,-0.057705651968717575,-0.08246755599975586,-10.114851951599121,-0.14592576026916504,0.10675051063299179,-0.007229951210319996,95.0,16.084001541137695
1776232840.7522972,2026-04-15T06:00:40.752297,attack_circle_gpsinput_drift,02,47.3979717,8.5461637,0.18200001120567322,-0.030000001192092896,0.009999999776482582,-0.009999999776482582,-0.14999999105930328,-0.06104770302772522,-0.07800881564617157,-10.137873649597168,-0.1509239673614502,0.10209587961435318,-0.006162654142826796,95.0,16.084001541137695
1776232840.8588023,2026-04-15T06:00:40.858802,attack_circle_gpsinput_drift,02,47.3979717,8.5461637,0.18200001120567322,-0.030000001192092896,0.009999999776482582,-0.009999999776482582,-0.14999999105930328,-0.06104770302772522,-0.07800881564617157,-10.137873649597168,-0.1509239673614502,0.10209587961435318,-0.006162654142826796,95.0,16.084001541137695
1776232840.9621134,2026-04-15T06:00:40.962113,attack_circle_gpsinput_drift,02,47.3979717,8.5461637,0.18200001120567322,-0.030000001192092896,0.009999999776482582,-0.009999999776482582,-0.14999999105930328,-0.06104770302772522,-0.07800881564617157,-10.137873649597168,-0.1509239673614502,0.10209587961435318,-0.006162654142826796,95.0,16.084001541137695
1776232841.075111,2026-04-15T06:00:41.075111,attack_circle_gpsinput_drift,02,47.3979717,8.5461637,0.18400001525878906,-0.02800000086426735,0.009999999776482582,-0.019999999552965164,-0.1599999964237213,-0.06048761308193207,-0.07834506034851074,-10.16006851196289,-0.14995160698890686,0.08781441301107407,-0.00582065200433135,95.0,16.084001541137695
1776232841.175918,2026-04-15T06:00:41.175918,attack_circle_gpsinput_drift,02,47.3979717,8.5461637,0.18400001525878906,-0.02800000086426735,0.009999999776482582,-0.019999999552965164,-0.1599999964237213,-0.06048761308193207,-0.07834506034851074,-10.16006851196289,-0.14995160698890686,0.08781441301107407,-0.00582065200433135,95.0,16.084001541137695
1776232841.2806964,2026-04-15T06:00:41.280696,attack_circle_gpsinput_drift,02,47.3979717,8.5461637,0.18400001525878906,-0.02800000086426735,0.009999999776482582,-0.019999999552965164,-0.1599999964237213,-0.06048761308193207,-0.07834506034851074,-10.16006851196289,-0.14995160698890686,0.08781441301107407,-0.00582065200433135,95.0,16.084001541137695
1776232841.430703,2026-04-15T06:00:41.430703,attack_circle_gpsinput_drift,02,47.3979717,8.5461637,0.18400001525878906,-0.02800000086426735,0.009999999776482582,-0.019999999552965164,-0.1599999964237213,-0.06395503878593445,-0.07869337499141693,-10.18424129486084,-0.13936224579811096,0.07725661993026733,-0.005834778305143118,95.0,16.084001541137695
1776232841.533865,2026-04-15T06:00:41.533865,attack_circle_gpsinput_drift,02,47.3979718,8.5461637,0.18800000846385956,-0.024000000208616257,0.019999999552965164,-0.019999999552965164,-0.17000000178813934,-0.06395503878593445,-0.07869337499141693,-10.18424129486084,-0.13936224579811096,0.07725661993026733,-0.005834778305143118,95.0,16.084001541137695
1776232841.6362765,2026-04-15T06:00:41.636276,attack_circle_gpsinput_drift,02,47.3979718,8.5461637,0.18800000846385956,-0.024000000208616257,0.019999999552965164,-0.019999999552965164,-0.17000000178813934,-0.06395503878593445,-0.07869337499141693,-10.18424129486084,-0.13936224579811096,0.07725661993026733,-0.005834778305143118,95.0,16.084001541137695
1776232841.7458327,2026-04-15T06:00:41.745833,attack_circle_gpsinput_drift,02,47.3979718,8.5461637,0.18900001049041748,-0.023000001907348633,0.019999999552965164,-0.019999999552965164,-0.17999999225139618,-0.06071411818265915,-0.08636023849248886,-10.211531639099121,-0.12840357422828674,0.0664559081196785,-0.005052069667726755,95.0,16.084001541137695
1776232841.8612938,2026-04-15T06:00:41.861294,attack_circle_gpsinput_drift,02,47.3979718,8.5461637,0.18900001049041748,-0.023000001907348633,0.019999999552965164,-0.019999999552965164,-0.17999999225139618,-0.06071411818265915,-0.08636023849248886,-10.211531639099121,-0.12840357422828674,0.0664559081196785,-0.005052069667726755,95.0,16.084001541137695
1776232841.9756203,2026-04-15T06:00:41.975620,attack_circle_gpsinput_drift,02,47.3979718,8.5461637,0.18900001049041748,-0.023000001907348633,0.019999999552965164,-0.019999999552965164,-0.17999999225139618,-0.06071411818265915,-0.08636023849248886,-10.211531639099121,-0.12840357422828674,0.0664559081196785,-0.005052069667726755,95.0,16.084001541137695
1776232842.1271534,2026-04-15T06:00:42.127153,attack_circle_gpsinput_drift,02,47.3979718,8.5461637,0.19300000369548798,-0.01900000125169754,0.019999999552965164,-0.019999999552965164,-0.1899999976158142,-0.0606352798640728,-0.08051387965679169,-10.220348358154297,-0.1129666343331337,0.05336500704288483,-0.004302625544369221,95.0,16.084001541137695
1776232842.2624574,2026-04-15T06:00:42.262457,attack_circle_gpsinput_drift,02,47.3979718,8.5461637,0.19300000369548798,-0.01900000125169754,0.019999999552965164,-0.019999999552965164,-0.1899999976158142,-0.0606352798640728,-0.08051387965679169,-10.220348358154297,-0.1129666343331337,0.05336500704288483,-0.004302625544369221,95.0,16.084001541137695
1776232842.3866231,2026-04-15T06:00:42.386623,attack_circle_gpsinput_drift,02,47.3979718,8.5461637,0.19300000369548798,-0.01900000125169754,0.019999999552965164,-0.019999999552965164,-0.1899999976158142,-0.0606352798640728,-0.08051387965679169,-10.220348358154297,-0.1129666343331337,0.05336500704288483,-0.004302625544369221,95.0,16.084001541137695
1776232842.5025063,2026-04-15T06:00:42.502506,attack_circle_gpsinput_drift,02,47.3979718,8.5461637,0.19300000369548798,-0.01900000125169754,0.019999999552965164,-0.019999999552965164,-0.1899999976158142,-0.0606352798640728,-0.08051387965679169,-10.220348358154297,-0.1129666343331337,0.05336500704288483,-0.004302625544369221,95.0,16.084001541137695
1776232842.6330655,2026-04-15T06:00:42.633065,attack_circle_gpsinput_drift,02,47.3979718,8.5461637,0.19300000369548798,-0.01900000125169754,0.019999999552965164,-0.019999999552965164,-0.1899999976158142,-0.0606352798640728,-0.08051387965679169,-10.220348358154297,-0.1129666343331337,0.05336500704288483,-0.004302625544369221,95.0,16.084001541137695
1776232842.7366977,2026-04-15T06:00:42.736698,attack_circle_gpsinput_drift,02,47.3979718,8.5461637,0.19700001180171967,-0.015000000596046448,0.029999999329447746,-0.029999999329447746,-0.19999998807907104,-0.05694267526268959,-0.08152692764997482,-10.240734100341797,-0.1018294170498848,0.04446146637201309,-0.004363564774394035,95.0,16.084001541137695
1776232842.84236,2026-04-15T06:00:42.842360,attack_circle_gpsinput_drift,02,47.3979718,8.5461637,0.19700001180171967,-0.015000000596046448,0.029999999329447746,-0.029999999329447746,-0.19999998807907104,-0.05694267526268959,-0.08152692764997482,-10.240734100341797,-0.1018294170498848,0.04446146637201309,-0.004363564774394035,95.0,16.084001541137695
1776232842.9438322,2026-04-15T06:00:42.943832,attack_circle_gpsinput_drift,02,47.3979718,8.5461637,0.19700001180171967,-0.015000000596046448,0.029999999329447746,-0.029999999329447746,-0.19999998807907104,-0.05694267526268959,-0.08152692764997482,-10.240734100341797,-0.1018294170498848,0.04446146637201309,-0.004363564774394035,95.0,16.084001541137695
1776232843.0600533,2026-04-15T06:00:43.060053,attack_circle_gpsinput_drift,02,47.3979718,8.5461636,0.20800000429153442,-0.004000000189989805,0.03999999910593033,-0.03999999910593033,-0.22999998927116394,-0.051832765340805054,-0.0799516960978508,-10.354561805725098,-0.06567787379026413,0.023256920278072357,-0.004228230565786362,95.0,16.084001541137695
1776232843.161927,2026-04-15T06:00:43.161927,attack_circle_gpsinput_drift,02,47.3979718,8.5461636,0.20800000429153442,-0.004000000189989805,0.03999999910593033,-0.03999999910593033,-0.22999998927116394,-0.051832765340805054,-0.0799516960978508,-10.354561805725098,-0.06567787379026413,0.023256920278072357,-0.004228230565786362,95.0,16.084001541137695
1776232843.2652555,2026-04-15T06:00:43.265255,attack_circle_gpsinput_drift,02,47.3979718,8.5461636,0.2120000123977661,0.0,0.04999999701976776,-0.03999999910593033,-0.23999999463558197,-0.056471116840839386,-0.08544865995645523,-10.340104103088379,-0.051316939294338226,0.013591568917036057,-0.002703642239794135,95.0,16.084001541137695
1776232843.3720539,2026-04-15T06:00:43.372054,attack_circle_gpsinput_drift,02,47.3979718,8.5461636,0.2120000123977661,0.0,0.04999999701976776,-0.03999999910593033,-0.23999999463558197,-0.056471116840839386,-0.08544865995645523,-10.340104103088379,-0.051316939294338226,0.013591568917036057,-0.002703642239794135,95.0,16.084001541137695
1776232843.4739234,2026-04-15T06:00:43.473923,attack_circle_gpsinput_drift,02,47.3979718,8.5461636,0.2120000123977661,0.0,0.04999999701976776,-0.03999999910593033,-0.23999999463558197,-0.056471116840839386,-0.08544865995645523,-10.340104103088379,-0.051316939294338226,0.013591568917036057,-0.002703642239794135,95.0,16.084001541137695
1776232843.581345,2026-04-15T06:00:43.581345,attack_circle_gpsinput_drift,02,47.3979718,8.5461636,0.21800000965595245,0.005000000353902578,0.04999999701976776,-0.03999999910593033,-0.25999999046325684,-0.055468909442424774,-0.08565590530633926,-10.393424034118652,-0.030238766223192215,-0.0017324824584648013,-0.0027637439779937267,95.0,16.084001541137695
1776232843.6838844,2026-04-15T06:00:43.683884,attack_circle_gpsinput_drift,02,47.3979718,8.5461636,0.22200001776218414,0.009000000543892384,0.05999999865889549,-0.03999999910593033,-0.26999998092651367,-0.06089775636792183,-0.08340531587600708,-10.436902046203613,-0.008691663853824139,-0.01656750962138176,-0.0024974725674837828,95.0,16.084001541137695
1776232843.7870543,2026-04-15T06:00:43.787054,attack_circle_gpsinput_drift,02,47.3979718,8.5461636,0.22200001776218414,0.009000000543892384,0.05999999865889549,-0.03999999910593033,-0.26999998092651367,-0.05654192715883255,-0.0827651172876358,-10.4237060546875,0.0059380787424743176,-0.025258541107177734,-0.0016743119340389967,95.0,16.084001541137695
1776232843.8994648,2026-04-15T06:00:43.899465,attack_circle_gpsinput_drift,02,47.397971899999995,8.5461636,0.22700001299381256,0.014000000432133675,0.05999999865889549,-0.04999999701976776,-0.28999999165534973,-0.05654192715883255,-0.0827651172876358,-10.4237060546875,0.0059380787424743176,-0.025258541107177734,-0.0016743119340389967,95.0,16.084001541137695
1776232844.001678,2026-04-15T06:00:44.001678,attack_circle_gpsinput_drift,02,47.397971899999995,8.5461636,0.22700001299381256,0.014000000432133675,0.05999999865889549,-0.04999999701976776,-0.28999999165534973,-0.05654192715883255,-0.0827651172876358,-10.4237060546875,0.0059380787424743176,-0.025258541107177734,-0.0016743119340389967,95.0,16.084001541137695
1776232844.1048484,2026-04-15T06:00:44.104848,attack_circle_gpsinput_drift,02,47.397971899999995,8.5461636,0.23400001227855682,0.021000001579523087,0.07000000029802322,-0.04999999701976776,-0.29999998211860657,-0.05542358011007309,-0.08870454132556915,-10.483129501342773,0.021808510646224022,-0.0315827839076519,-0.0008208557264879346,95.0,16.084001541137695
1776232844.2314463,2026-04-15T06:00:44.231446,attack_circle_gpsinput_drift,02,47.397971899999995,8.5461636,0.23400001227855682,0.021000001579523087,0.07000000029802322,-0.04999999701976776,-0.29999998211860657,-0.05542358011007309,-0.08870454132556915,-10.483129501342773,0.021808510646224022,-0.0315827839076519,-0.0008208557264879346,95.0,16.084001541137695
1776232844.3324761,2026-04-15T06:00:44.332476,attack_circle_gpsinput_drift,02,47.397971899999995,8.5461636,0.23400001227855682,0.021000001579523087,0.07000000029802322,-0.04999999701976776,-0.29999998211860657,-0.05542358011007309,-0.08870454132556915,-10.483129501342773,0.021808510646224022,-0.0315827839076519,-0.0008208557264879346,95.0,16.084001541137695
1776232844.4350166,2026-04-15T06:00:44.435017,attack_circle_gpsinput_drift,02,47.397971899999995,8.5461636,0.23400001227855682,0.021000001579523087,0.07000000029802322,-0.04999999701976776,-0.29999998211860657,-0.05596456304192543,-0.08021708577871323,-10.473212242126465,0.033416762948036194,-0.03409136086702347,-0.001132280915044248,95.0,16.084001541137695
1776232844.536812,2026-04-15T06:00:44.536812,attack_circle_gpsinput_drift,02,47.397971899999995,8.5461635,0.242000013589859,0.029000001028180122,0.07999999821186066,-0.05999999865889549,-0.3199999928474426,-0.05596456304192543,-0.08021708577871323,-10.473212242126465,0.033416762948036194,-0.03409136086702347,-0.001132280915044248,95.0,16.084001541137695
1776232844.652144,2026-04-15T06:00:44.652144,attack_circle_gpsinput_drift,02,47.397971899999995,8.5461635,0.24500000476837158,0.03200000151991844,0.07999999821186066,-0.05999999865889549,-0.3199999928474426,-0.059388671070337296,-0.07382258027791977,-10.480158805847168,0.0412629209458828,-0.038741715252399445,-0.0010666013695299625,95.0,16.084001541137695
1776232844.7628791,2026-04-15T06:00:44.762879,attack_circle_gpsinput_drift,02,47.397971899999995,8.5461635,0.24500000476837158,0.03200000151991844,0.07999999821186066,-0.05999999865889549,-0.3400000035762787,-0.059388671070337296,-0.07382258027791977,-10.480158805847168,0.0412629209458828,-0.038741715252399445,-0.0010666013695299625,95.0,16.084001541137695
1776232844.8658102,2026-04-15T06:00:44.865810,attack_circle_gpsinput_drift,02,47.397971899999995,8.5461635,0.2540000081062317,0.04100000113248825,0.08999999612569809,-0.05999999865889549,-0.3700000047683716,-0.05427534505724907,-0.07468067854642868,-10.566241264343262,0.05672099441289902,-0.04725116118788719,-0.00019451942353043705,95.0,16.084001541137695
1776232844.9751146,2026-04-15T06:00:44.975115,attack_circle_gpsinput_drift,02,47.397971899999995,8.5461635,0.2540000081062317,0.04100000113248825,0.08999999612569809,-0.05999999865889549,-0.3700000047683716,-0.05427534505724907,-0.07468067854642868,-10.566241264343262,0.05672099441289902,-0.04725116118788719,-0.00019451942353043705,95.0,16.084001541137695
1776232845.0856955,2026-04-15T06:00:45.085696,attack_circle_gpsinput_drift,02,47.397971899999995,8.5461635,0.2540000081062317,0.04100000113248825,0.08999999612569809,-0.05999999865889549,-0.3700000047683716,-0.05427534505724907,-0.07468067854642868,-10.566241264343262,0.05672099441289902,-0.04725116118788719,-0.00019451942353043705,95.0,16.084001541137695
1776232845.188037,2026-04-15T06:00:45.188037,attack_circle_gpsinput_drift,02,47.397971999999996,8.5461635,0.2639999985694885,0.05000000074505806,0.09999999403953552,-0.05999999865889549,-0.4099999964237213,-0.05848400294780731,-0.0776510015130043,-10.44814395904541,0.06509213149547577,-0.05054072290658951,-0.0006965879001654685,95.0,16.084001541137695
1776232845.2904255,2026-04-15T06:00:45.290426,attack_circle_gpsinput_drift,02,47.397971999999996,8.5461634,0.27400001883506775,0.06100000441074371,0.09999999403953552,-0.07000000029802322,-0.429999977350235,-0.04645094275474548,-0.0757267102599144,-10.389330863952637,0.07312865555286407,-0.05114723742008209,0.00024663377553224564,95.0,16.084001541137695
1776232845.406163,2026-04-15T06:00:45.406163,attack_circle_gpsinput_drift,02,47.397971999999996,8.5461634,0.27400001883506775,0.06100000441074371,0.09999999403953552,-0.07000000029802322,-0.429999977350235,-0.04645094275474548,-0.0757267102599144,-10.389330863952637,0.07312865555286407,-0.05114723742008209,0.00024663377553224564,95.0,16.084001541137695
1776232845.5091312,2026-04-15T06:00:45.509131,attack_circle_gpsinput_drift,02,47.397971999999996,8.5461634,0.27400001883506775,0.06100000441074371,0.09999999403953552,-0.07000000029802322,-0.429999977350235,-0.05310327932238579,-0.07334829866886139,-10.364523887634277,0.07697980105876923,-0.051675211638212204,-0.00011672279651975259,95.0,16.084001541137695
1776232845.6190045,2026-04-15T06:00:45.619004,attack_circle_gpsinput_drift,02,47.397971999999996,8.5461634,0.281000018119812,0.06800000369548798,0.10999999940395355,-0.07000000029802322,-0.44999998807907104,-0.05310327932238579,-0.07334829866886139,-10.364523887634277,0.07697980105876923,-0.051675211638212204,-0.00011672279651975259,95.0,16.084001541137695
1776232845.7494676,2026-04-15T06:00:45.749468,attack_circle_gpsinput_drift,02,47.397971999999996,8.5461634,0.281000018119812,0.06800000369548798,0.10999999940395355,-0.07000000029802322,-0.44999998807907104,-0.05310327932238579,-0.07334829866886139,-10.364523887634277,0.07697980105876923,-0.051675211638212204,-0.00011672279651975259,95.0,16.084001541137695
1776232845.8507402,2026-04-15T06:00:45.850740,attack_circle_gpsinput_drift,02,47.397971999999996,8.5461634,0.281000018119812,0.06800000369548798,0.10999999940395355,-0.07000000029802322,-0.44999998807907104,-0.05310327932238579,-0.07334829866886139,-10.364523887634277,0.07697980105876923,-0.051675211638212204,-0.00011672279651975259,95.0,16.084001541137695
1776232845.9539406,2026-04-15T06:00:45.953941,attack_circle_gpsinput_drift,02,47.397971999999996,8.5461634,0.2880000174045563,0.07500000298023224,0.10999999940395355,-0.07000000029802322,-0.47999998927116394,-0.05329260602593422,-0.0825808197259903,-10.316523551940918,0.0810442790389061,-0.05424610525369644,-0.0007517095655202866,95.0,16.084001541137695
1776232846.0548055,2026-04-15T06:00:46.054806,attack_circle_gpsinput_drift,02,47.397971999999996,8.5461634,0.2880000174045563,0.07500000298023224,0.10999999940395355,-0.07000000029802322,-0.47999998927116394,-0.05329260602593422,-0.0825808197259903,-10.316523551940918,0.0810442790389061,-0.05424610525369644,-0.0007517095655202866,95.0,16.084001541137695
1776232846.1675684,2026-04-15T06:00:46.167568,attack_circle_gpsinput_drift,02,47.3979721,8.5461634,0.30000001192092896,0.08700000494718552,0.11999999731779099,-0.07000000029802322,-0.4899999797344208,-0.05641806125640869,-0.0840616449713707,-10.310586929321289,0.08482986688613892,-0.05589071288704872,0.001035435008816421,95.0,16.084001541137695
1776232846.2829506,2026-04-15T06:00:46.282951,attack_circle_gpsinput_drift,02,47.3979721,8.5461634,0.30400002002716064,0.09100000560283661,0.11999999731779099,-0.07000000029802322,-0.5,-0.049175139516592026,-0.07792143523693085,-10.278779983520508,0.08582871407270432,-0.05726396664977074,0.000636580865830183,95.0,16.084001541137695
1776232846.3869727,2026-04-15T06:00:46.386973,attack_circle_gpsinput_drift,02,47.3979721,8.5461634,0.30400002002716064,0.09100000560283661,0.11999999731779099,-0.07000000029802322,-0.5,-0.049175139516592026,-0.07792143523693085,-10.278779983520508,0.08582871407270432,-0.05726396664977074,0.000636580865830183,95.0,16.084001541137695
1776232846.4888682,2026-04-15T06:00:46.488868,attack_circle_gpsinput_drift,02,47.3979721,8.5461633,0.31700000166893005,0.10400000214576721,0.11999999731779099,-0.07999999821186066,-0.5199999809265137,-0.0558343306183815,-0.07230585068464279,-10.272562026977539,0.08526522666215897,-0.05949359014630318,0.0006898012361489236,95.0,16.084001541137695
1776232846.5901263,2026-04-15T06:00:46.590126,attack_circle_gpsinput_drift,02,47.3979721,8.5461633,0.31700000166893005,0.10400000214576721,0.11999999731779099,-0.07999999821186066,-0.5199999809265137,-0.0558343306183815,-0.07230585068464279,-10.272562026977539,0.08526522666215897,-0.05949359014630318,0.0006898012361489236,95.0,16.084001541137695
1776232846.693108,2026-04-15T06:00:46.693108,attack_circle_gpsinput_drift,02,47.3979721,8.5461633,0.32600000500679016,0.11300000548362732,0.12999999523162842,-0.07999999821186066,-0.5299999713897705,-0.05522102862596512,-0.08255483210086823,-10.270235061645508,0.08542070537805557,-0.05933816358447075,0.001758574740961194,95.0,16.084001541137695
1776232846.800965,2026-04-15T06:00:46.800965,attack_circle_gpsinput_drift,02,47.3979721,8.5461633,0.32600000500679016,0.11300000548362732,0.12999999523162842,-0.07999999821186066,-0.5299999713897705,-0.05522102862596512,-0.08255483210086823,-10.270235061645508,0.08542070537805557,-0.05933816358447075,0.001758574740961194,95.0,16.084001541137695
1776232846.9019723,2026-04-15T06:00:46.901972,attack_circle_gpsinput_drift,02,47.3979721,8.5461633,0.32600000500679016,0.11300000548362732,0.12999999523162842,-0.07999999821186066,-0.5299999713897705,-0.05522102862596512,-0.08255483210086823,-10.270235061645508,0.08542070537805557,-0.05933816358447075,0.001758574740961194,95.0,16.084001541137695
1776232847.010838,2026-04-15T06:00:47.010838,attack_circle_gpsinput_drift,02,47.3979722,8.5461633,0.33500000834465027,0.12200000882148743,0.12999999523162842,-0.07999999821186066,-0.550000011920929,-0.05813338980078697,-0.0812266618013382,-10.285311698913574,0.08506882935762405,-0.058304887264966965,0.0009560938342474401,95.0,16.084001541137695
1776232847.1158915,2026-04-15T06:00:47.115891,attack_circle_gpsinput_drift,02,47.3979722,8.5461633,0.33500000834465027,0.12200000882148743,0.12999999523162842,-0.07999999821186066,-0.550000011920929,-0.05813338980078697,-0.0812266618013382,-10.285311698913574,0.08506882935762405,-0.058304887264966965,0.0009560938342474401,95.0,16.084001541137695
1776232847.2202158,2026-04-15T06:00:47.220216,attack_circle_gpsinput_drift,02,47.3979722,8.5461633,0.33500000834465027,0.12200000882148743,0.12999999523162842,-0.07999999821186066,-0.550000011920929,-0.05813338980078697,-0.0812266618013382,-10.285311698913574,0.08506882935762405,-0.058304887264966965,0.0009560938342474401,95.0,16.084001541137695
1776232847.3212938,2026-04-15T06:00:47.321294,attack_circle_gpsinput_drift,02,47.3979722,8.5461633,0.3540000021457672,0.14100000262260437,0.12999999523162842,-0.07999999821186066,-0.5699999928474426,-0.05467887222766876,-0.07858852297067642,-10.232076644897461,0.08575109392404556,-0.05882968753576279,0.0006475247209891677,95.0,16.084001541137695
1776232847.431051,2026-04-15T06:00:47.431051,attack_circle_gpsinput_drift,02,47.3979722,8.546163199999999,0.359000027179718,0.14600001275539398,0.12999999523162842,-0.07999999821186066,-0.5799999833106995,-0.05589458718895912,-0.0737142339348793,-10.251954078674316,0.08520951867103577,-0.05815259367227554,0.0010980318766087294,95.0,16.084001541137695
1776232847.5347095,2026-04-15T06:00:47.534709,attack_circle_gpsinput_drift,02,47.3979722,8.546163199999999,0.359000027179718,0.14600001275539398,0.12999999523162842,-0.07999999821186066,-0.5799999833106995,-0.05589458718895912,-0.0737142339348793,-10.251954078674316,0.08520951867103577,-0.05815259367227554,0.0010980318766087294,95.0,16.084001541137695
1776232847.6366806,2026-04-15T06:00:47.636681,attack_circle_gpsinput_drift,02,47.3979723,8.546163199999999,0.37400001287460327,0.16100001335144043,0.14000000059604645,-0.07999999821186066,-0.5899999737739563,-0.05199888348579407,-0.07575855404138565,-10.318385124206543,0.08393549174070358,-0.055579788982868195,0.0017574412049725652,95.0,16.084001541137695
1776232847.743778,2026-04-15T06:00:47.743778,attack_circle_gpsinput_drift,02,47.3979723,8.546163199999999,0.37400001287460327,0.16100001335144043,0.14000000059604645,-0.07999999821186066,-0.5899999737739563,-0.05199888348579407,-0.07575855404138565,-10.318385124206543,0.08393549174070358,-0.055579788982868195,0.0017574412049725652,95.0,16.084001541137695
1776232847.8459163,2026-04-15T06:00:47.845916,attack_circle_gpsinput_drift,02,47.3979723,8.546163199999999,0.3840000033378601,0.17100000381469727,0.14000000059604645,-0.07999999821186066,-0.5999999642372131,-0.04887109622359276,-0.08071748912334442,-10.326087951660156,0.08137388527393341,-0.053162023425102234,0.0017166768666356802,95.0,16.084001541137695
1776232847.9502301,2026-04-15T06:00:47.950230,attack_circle_gpsinput_drift,02,47.3979723,8.546163199999999,0.3840000033378601,0.17100000381469727,0.14000000059604645,-0.07999999821186066,-0.5999999642372131,-0.04887109622359276,-0.08071748912334442,-10.326087951660156,0.08137388527393341,-0.053162023425102234,0.0017166768666356802,95.0,16.084001541137695
1776232848.0567257,2026-04-15T06:00:48.056726,attack_circle_gpsinput_drift,02,47.3979723,8.546163199999999,0.39900001883506775,0.1860000044107437,0.14000000059604645,-0.07999999821186066,-0.6200000047683716,-0.050266530364751816,-0.07799762487411499,-10.326111793518066,0.08099588751792908,-0.055071596056222916,0.002367854816839099,95.0,16.084001541137695
1776232848.1635811,2026-04-15T06:00:48.163581,attack_circle_gpsinput_drift,02,47.3979724,8.5461631,0.4140000343322754,0.20100000500679016,0.14000000059604645,-0.07999999821186066,-0.6399999856948853,-0.05813644081354141,-0.06930482387542725,-10.333910942077637,0.07869325578212738,-0.052722226828336716,-0.00045931400381959975,95.0,16.084001541137695
1776232848.2677402,2026-04-15T06:00:48.267740,attack_circle_gpsinput_drift,02,47.3979724,8.5461631,0.4140000343322754,0.20100000500679016,0.14000000059604645,-0.07999999821186066,-0.6399999856948853,-0.05813644081354141,-0.06930482387542725,-10.333910942077637,0.07869325578212738,-0.052722226828336716,-0.00045931400381959975,95.0,16.084001541137695
1776232848.370697,2026-04-15T06:00:48.370697,attack_circle_gpsinput_drift,02,47.3979724,8.5461631,0.42500001192092896,0.2120000123977661,0.14000000059604645,-0.07999999821186066,-0.6499999761581421,-0.04790589585900307,-0.06425968557596207,-10.347979545593262,0.07727368921041489,-0.050490379333496094,0.002127548214048147,95.0,16.084001541137695
1776232848.4728003,2026-04-15T06:00:48.472800,attack_circle_gpsinput_drift,02,47.3979724,8.5461631,0.42500001192092896,0.2120000123977661,0.14000000059604645,-0.07999999821186066,-0.6499999761581421,-0.04790589585900307,-0.06425968557596207,-10.347979545593262,0.07727368921041489,-0.050490379333496094,0.002127548214048147,95.0,16.084001541137695
1776232848.5881255,2026-04-15T06:00:48.588125,attack_circle_gpsinput_drift,02,47.3979724,8.5461631,0.42500001192092896,0.2120000123977661,0.14000000059604645,-0.07999999821186066,-0.6499999761581421,-0.04790589585900307,-0.06425968557596207,-10.347979545593262,0.07727368921041489,-0.050490379333496094,0.002127548214048147,95.0,16.084001541137695
1776232848.691087,2026-04-15T06:00:48.691087,attack_circle_gpsinput_drift,02,47.3979724,8.5461631,0.42500001192092896,0.2120000123977661,0.14000000059604645,-0.07999999821186066,-0.6499999761581421,-0.04790589585900307,-0.06425968557596207,-10.347979545593262,0.07727368921041489,-0.050490379333496094,0.002127548214048147,95.0,16.084001541137695
1776232848.7970638,2026-04-15T06:00:48.797064,attack_circle_gpsinput_drift,02,47.3979724,8.5461631,0.42500001192092896,0.2120000123977661,0.14000000059604645,-0.07999999821186066,-0.6499999761581421,-0.051147956401109695,-0.07378306239843369,-10.362589836120605,0.0745893269777298,-0.048623304814100266,0.0008962922729551792,95.0,16.084001541137695
1776232848.9135013,2026-04-15T06:00:48.913501,attack_circle_gpsinput_drift,02,47.3979724,8.5461631,0.4350000321865082,0.22200001776218414,0.14000000059604645,-0.07999999821186066,-0.6599999666213989,-0.051147956401109695,-0.07378306239843369,-10.362589836120605,0.0745893269777298,-0.048623304814100266,0.0008962922729551792,95.0,16.084001541137695
1776232849.0188427,2026-04-15T06:00:49.018843,attack_circle_gpsinput_drift,02,47.3979724,8.5461631,0.4350000321865082,0.22200001776218414,0.14000000059604645,-0.07999999821186066,-0.6599999666213989,-0.051147956401109695,-0.07378306239843369,-10.362589836120605,0.0745893269777298,-0.048623304814100266,0.0008962922729551792,95.0,16.084001541137695
1776232849.1251676,2026-04-15T06:00:49.125168,attack_circle_gpsinput_drift,02,47.3979724,8.5461631,0.4350000321865082,0.22200001776218414,0.14000000059604645,-0.07999999821186066,-0.6599999666213989,-0.051147956401109695,-0.07378306239843369,-10.362589836120605,0.0745893269777298,-0.048623304814100266,0.0008962922729551792,95.0,16.084001541137695
1776232849.2287595,2026-04-15T06:00:49.228760,attack_circle_gpsinput_drift,02,47.397972499999995,8.5461631,0.4520000219345093,0.23900000751018524,0.14000000059604645,-0.07999999821186066,-0.6800000071525574,-0.05944269523024559,-0.06768233329057693,-10.375426292419434,0.07043948024511337,-0.04850459098815918,0.00037231907481327653,95.0,16.084001541137695
1776232849.3308458,2026-04-15T06:00:49.330846,attack_circle_gpsinput_drift,02,47.397972499999995,8.546163,0.46300002932548523,0.25,0.14000000059604645,-0.07999999821186066,-0.6899999976158142,-0.04596075415611267,-0.0725826770067215,-10.399785041809082,0.06667635589838028,-0.045477911829948425,0.0017198884161189198,95.0,16.084001541137695
1776232849.4331546,2026-04-15T06:00:49.433155,attack_circle_gpsinput_drift,02,47.397972499999995,8.546163,0.4740000367164612,0.26100000739097595,0.14000000059604645,-0.07999999821186066,-0.699999988079071,-0.04919569194316864,-0.07155066728591919,-10.383097648620605,0.06393392384052277,-0.043386779725551605,0.0014027415309101343,95.0,16.084001541137695
1776232849.5390651,2026-04-15T06:00:49.539065,attack_circle_gpsinput_drift,02,47.397972499999995,8.546163,0.4740000367164612,0.26100000739097595,0.14000000059604645,-0.07999999821186066,-0.699999988079071,-0.04919569194316864,-0.07155066728591919,-10.383097648620605,0.06393392384052277,-0.043386779725551605,0.0014027415309101343,95.0,16.084001541137695
1776232849.6977227,2026-04-15T06:00:49.697723,attack_circle_gpsinput_drift,02,47.397972499999995,8.546163,0.48500001430511475,0.2720000147819519,0.14000000059604645,-0.07999999821186066,-0.7099999785423279,-0.05668821185827255,-0.07177902013063431,-10.420845031738281,0.0631382092833519,-0.041792746633291245,0.0021867009345442057,95.0,16.084001541137695
1776232849.799916,2026-04-15T06:00:49.799916,attack_circle_gpsinput_drift,02,47.397972499999995,8.546163,0.48500001430511475,0.2720000147819519,0.14000000059604645,-0.07999999821186066,-0.7099999785423279,-0.05668821185827255,-0.07177902013063431,-10.420845031738281,0.0631382092833519,-0.041792746633291245,0.0021867009345442057,95.0,16.084001541137695
1776232849.9058833,2026-04-15T06:00:49.905883,attack_circle_gpsinput_drift,02,47.397972599999996,8.546163,0.5020000338554382,0.289000004529953,0.14000000059604645,-0.07999999821186066,-0.7299999594688416,-0.05373162776231766,-0.07366294413805008,-10.418864250183105,0.06306827813386917,-0.040313079953193665,0.0015163507778197527,95.0,16.084001541137695
1776232850.008543,2026-04-15T06:00:50.008543,attack_circle_gpsinput_drift,02,47.397972599999996,8.546163,0.5020000338554382,0.289000004529953,0.14000000059604645,-0.07999999821186066,-0.7299999594688416,-0.05373162776231766,-0.07366294413805008,-10.418864250183105,0.06306827813386917,-0.040313079953193665,0.0015163507778197527,95.0,16.084001541137695
1776232850.1230152,2026-04-15T06:00:50.123015,attack_circle_gpsinput_drift,02,47.397972599999996,8.546163,0.5020000338554382,0.289000004529953,0.14000000059604645,-0.07999999821186066,-0.7299999594688416,-0.05373162776231766,-0.07366294413805008,-10.418864250183105,0.06306827813386917,-0.040313079953193665,0.0015163507778197527,95.0,16.084001541137695
1776232850.2447674,2026-04-15T06:00:50.244767,attack_circle_gpsinput_drift,02,47.397972599999996,8.546163,0.5020000338554382,0.289000004529953,0.14000000059604645,-0.07999999821186066,-0.7299999594688416,-0.05373162776231766,-0.07366294413805008,-10.418864250183105,0.06306827813386917,-0.040313079953193665,0.0015163507778197527,95.0,16.084001541137695
1776232850.356648,2026-04-15T06:00:50.356648,attack_circle_gpsinput_drift,02,47.397972599999996,8.546163,0.5130000114440918,0.30000001192092896,0.14000000059604645,-0.07999999821186066,-0.7400000095367432,-0.04956287890672684,-0.07865116745233536,-10.494063377380371,0.060132987797260284,-0.040638867765665054,0.00163285993039608,95.0,16.084001541137695
1776232850.4594276,2026-04-15T06:00:50.459428,attack_circle_gpsinput_drift,02,47.397972599999996,8.546163,0.5130000114440918,0.30000001192092896,0.14000000059604645,-0.07999999821186066,-0.7400000095367432,-0.04956287890672684,-0.07865116745233536,-10.494063377380371,0.060132987797260284,-0.040638867765665054,0.00163285993039608,95.0,16.084001541137695
1776232850.5698347,2026-04-15T06:00:50.569835,attack_circle_gpsinput_drift,02,47.397972599999996,8.546163,0.5130000114440918,0.30000001192092896,0.14000000059604645,-0.07999999821186066,-0.7400000095367432,-0.04956287890672684,-0.07865116745233536,-10.494063377380371,0.060132987797260284,-0.040638867765665054,0.00163285993039608,95.0,16.084001541137695
1776232850.6728313,2026-04-15T06:00:50.672831,attack_circle_gpsinput_drift,02,47.397972599999996,8.546162899999999,0.5300000309944153,0.31700000166893005,0.12999999523162842,-0.07000000029802322,-0.7599999904632568,-0.05394738167524338,-0.07303575426340103,-10.469243049621582,0.05679330229759216,-0.03725257143378258,0.0008453955524601042,95.0,16.084001541137695
1776232850.7757032,2026-04-15T06:00:50.775703,attack_circle_gpsinput_drift,02,47.397972599999996,8.546162899999999,0.5300000309944153,0.31700000166893005,0.12999999523162842,-0.07000000029802322,-0.7599999904632568,-0.05394738167524338,-0.07303575426340103,-10.469243049621582,0.05679330229759216,-0.03725257143378258,0.0008453955524601042,95.0,16.084001541137695
1776232850.877247,2026-04-15T06:00:50.877247,attack_circle_gpsinput_drift,02,47.3979727,8.546162899999999,0.5450000166893005,0.3320000171661377,0.12999999523162842,-0.07000000029802322,-0.7699999809265137,-0.04651554301381111,-0.08143647015094757,-10.480856895446777,0.050575319677591324,-0.03448876738548279,0.001639866386540234,95.0,16.084001541137695
1776232850.9828684,2026-04-15T06:00:50.982868,attack_circle_gpsinput_drift,02,47.3979727,8.546162899999999,0.5630000233650208,0.3500000238418579,0.12999999523162842,-0.07000000029802322,-0.7899999618530273,-0.04698639735579491,-0.06413354724645615,-10.450462341308594,0.04726067930459976,-0.03290310502052307,0.0024338834919035435,95.0,16.084001541137695
1776232851.0921836,2026-04-15T06:00:51.092184,attack_circle_gpsinput_drift,02,47.3979727,8.546162899999999,0.5630000233650208,0.3500000238418579,0.12999999523162842,-0.07000000029802322,-0.7899999618530273,-0.04698639735579491,-0.06413354724645615,-10.450462341308594,0.04726067930459976,-0.03290310502052307,0.0024338834919035435,95.0,16.084001541137695
1776232851.1991246,2026-04-15T06:00:51.199125,attack_circle_gpsinput_drift,02,47.3979727,8.546162899999999,0.5750000476837158,0.3620000183582306,0.12999999523162842,-0.07000000029802322,-0.7999999523162842,-0.05614979565143585,-0.06997217983007431,-10.520371437072754,0.043755076825618744,-0.03122970648109913,0.0015042322920635343,95.0,16.084001541137695
1776232851.3060408,2026-04-15T06:00:51.306041,attack_circle_gpsinput_drift,02,47.3979727,8.5461628,0.5870000123977661,0.37400001287460327,0.11999999731779099,-0.07000000029802322,-0.8199999928474426,-0.05821447819471359,-0.06530437618494034,-10.47868824005127,0.04049946367740631,-0.02736498974263668,0.001949719269759953,95.0,16.084001541137695
1776232851.4083047,2026-04-15T06:00:51.408305,attack_circle_gpsinput_drift,02,47.3979727,8.5461628,0.5870000123977661,0.37400001287460327,0.11999999731779099,-0.07000000029802322,-0.8199999928474426,-0.05821447819471359,-0.06530437618494034,-10.47868824005127,0.04049946367740631,-0.02736498974263668,0.001949719269759953,95.0,16.084001541137695
1776232851.520154,2026-04-15T06:00:51.520154,attack_circle_gpsinput_drift,02,47.3979727,8.5461628,0.5870000123977661,0.37400001287460327,0.11999999731779099,-0.07000000029802322,-0.8199999928474426,-0.05821447819471359,-0.06530437618494034,-10.47868824005127,0.04049946367740631,-0.02736498974263668,0.001949719269759953,95.0,16.084001541137695
1776232851.627544,2026-04-15T06:00:51.627544,attack_circle_gpsinput_drift,02,47.3979728,8.5461628,0.6050000190734863,0.3920000195503235,0.11999999731779099,-0.07000000029802322,-0.8299999833106995,-0.05525388568639755,-0.07510381191968918,-10.568013191223145,0.03811122104525566,-0.026264311745762825,0.0012222444638609886,95.0,16.084001541137695
1776232851.7298117,2026-04-15T06:00:51.729812,attack_circle_gpsinput_drift,02,47.3979728,8.5461628,0.6050000190734863,0.3920000195503235,0.11999999731779099,-0.07000000029802322,-0.8299999833106995,-0.05525388568639755,-0.07510381191968918,-10.568013191223145,0.03811122104525566,-0.026264311745762825,0.0012222444638609886,95.0,16.084001541137695
1776232851.830445,2026-04-15T06:00:51.830445,attack_circle_gpsinput_drift,02,47.3979728,8.5461628,0.6050000190734863,0.3920000195503235,0.11999999731779099,-0.07000000029802322,-0.8299999833106995,-0.0600866824388504,-0.07622281461954117,-10.556835174560547,0.03229978308081627,-0.02652071975171566,0.0022410708479583263,95.0,16.084001541137695
1776232851.932183,2026-04-15T06:00:51.932183,attack_circle_gpsinput_drift,02,47.3979728,8.5461628,0.6240000128746033,0.41100001335144043,0.10999999940395355,-0.05999999865889549,-0.8499999642372131,-0.0600866824388504,-0.07622281461954117,-10.556835174560547,0.03229978308081627,-0.02652071975171566,0.0022410708479583263,95.0,16.084001541137695
1776232852.0347826,2026-04-15T06:00:52.034783,attack_circle_gpsinput_drift,02,47.3979728,8.5461628,0.6370000243186951,0.4240000247955322,0.10999999940395355,-0.05999999865889549,-0.85999995470047,-0.048559125512838364,-0.07850004732608795,-10.529053688049316,0.029232757166028023,-0.026029884815216064,0.0014900554670020938,95.0,16.084001541137695
1776232852.1389382,2026-04-15T06:00:52.138938,attack_circle_gpsinput_drift,02,47.3979728,8.5461628,0.6370000243186951,0.4240000247955322,0.10999999940395355,-0.05999999865889549,-0.85999995470047,-0.048559125512838364,-0.07850004732608795,-10.529053688049316,0.029232757166028023,-0.026029884815216064,0.0014900554670020938,95.0,16.084001541137695
1776232852.2411156,2026-04-15T06:00:52.241116,attack_circle_gpsinput_drift,02,47.3979728,8.5461628,0.6370000243186951,0.4240000247955322,0.10999999940395355,-0.05999999865889549,-0.85999995470047,-0.048559125512838364,-0.07850004732608795,-10.529053688049316,0.029232757166028023,-0.026029884815216064,0.0014900554670020938,95.0,16.084001541137695
1776232852.3433707,2026-04-15T06:00:52.343371,attack_circle_gpsinput_drift,02,47.3979728,8.5461627,0.656000018119812,0.44300001859664917,0.10999999940395355,-0.05999999865889549,-0.8799999952316284,-0.05202387645840645,-0.06541650742292404,-10.528477668762207,0.025948112830519676,-0.0216256994754076,0.001657107612118125,95.0,16.084001541137695
1776232852.4470954,2026-04-15T06:00:52.447095,attack_circle_gpsinput_drift,02,47.3979728,8.5461627,0.6690000295639038,0.45600003004074097,0.09999999403953552,-0.05999999865889549,-0.8899999856948853,-0.05049479752779007,-0.08156266808509827,-10.506390571594238,0.02339586429297924,-0.01847110502421856,0.002261500805616379,95.0,16.084001541137695
1776232852.5492609,2026-04-15T06:00:52.549261,attack_circle_gpsinput_drift,02,47.3979728,8.5461627,0.6690000295639038,0.45600003004074097,0.09999999403953552,-0.05999999865889549,-0.8899999856948853,-0.05049479752779007,-0.08156266808509827,-10.506390571594238,0.02339586429297924,-0.01847110502421856,0.002261500805616379,95.0,16.084001541137695
1776232852.6525006,2026-04-15T06:00:52.652501,attack_circle_gpsinput_drift,02,47.3979728,8.5461627,0.6690000295639038,0.45600003004074097,0.09999999403953552,-0.05999999865889549,-0.8899999856948853,-0.05049479752779007,-0.08156266808509827,-10.506390571594238,0.02339586429297924,-0.01847110502421856,0.002261500805616379,95.0,16.084001541137695
1776232852.7597399,2026-04-15T06:00:52.759740,attack_circle_gpsinput_drift,02,47.3979729,8.5461627,0.6880000233650208,0.4750000238418579,0.09999999403953552,-0.05999999865889549,-0.9099999666213989,-0.05968188866972923,-0.07857268303632736,-10.570981979370117,0.020217418670654297,-0.018572431057691574,0.002273148624226451,95.0,16.084001541137695
1776232852.864179,2026-04-15T06:00:52.864179,attack_circle_gpsinput_drift,02,47.3979729,8.5461627,0.6880000233650208,0.4750000238418579,0.09999999403953552,-0.05999999865889549,-0.9099999666213989,-0.05968188866972923,-0.07857268303632736,-10.570981979370117,0.020217418670654297,-0.018572431057691574,0.002273148624226451,95.0,16.084001541137695
1776232852.9670012,2026-04-15T06:00:52.967001,attack_circle_gpsinput_drift,02,47.3979729,8.5461627,0.6880000233650208,0.4750000238418579,0.09999999403953552,-0.05999999865889549,-0.9099999666213989,-0.05968188866972923,-0.07857268303632736,-10.570981979370117,0.020217418670654297,-0.018572431057691574,0.002273148624226451,95.0,16.084001541137695
1776232853.0701988,2026-04-15T06:00:53.070199,attack_circle_gpsinput_drift,02,47.3979729,8.5461627,0.7020000219345093,0.48900002241134644,0.09999999403953552,-0.04999999701976776,-0.9199999570846558,-0.04792175441980362,-0.07840517908334732,-10.577303886413574,0.01689610630273819,-0.01879960112273693,0.0024092444218695164,95.0,16.084001541137695
1776232853.1772146,2026-04-15T06:00:53.177215,attack_circle_gpsinput_drift,02,47.3979729,8.5461627,0.7020000219345093,0.48900002241134644,0.09999999403953552,-0.04999999701976776,-0.9199999570846558,-0.04792175441980362,-0.07840517908334732,-10.577303886413574,0.01689610630273819,-0.01879960112273693,0.0024092444218695164,95.0,16.084001541137695
1776232853.279795,2026-04-15T06:00:53.279795,attack_circle_gpsinput_drift,02,47.3979729,8.5461627,0.7020000219345093,0.48900002241134644,0.09999999403953552,-0.04999999701976776,-0.9199999570846558,-0.04792175441980362,-0.07840517908334732,-10.577303886413574,0.01689610630273819,-0.01879960112273693,0.0024092444218695164,95.0,16.084001541137695
1776232853.384247,2026-04-15T06:00:53.384247,attack_circle_gpsinput_drift,02,47.3979729,8.5461627,0.7220000624656677,0.5090000033378601,0.08999999612569809,-0.04999999701976776,-0.9399999976158142,-0.057383980602025986,-0.0802001804113388,-10.59144401550293,0.015391758643090725,-0.0182233564555645,0.0023987977765500546,95.0,16.084001541137695
1776232853.4889076,2026-04-15T06:00:53.488908,attack_circle_gpsinput_drift,02,47.3979729,8.5461627,0.7220000624656677,0.5090000033378601,0.08999999612569809,-0.04999999701976776,-0.9399999976158142,-0.057383980602025986,-0.0802001804113388,-10.59144401550293,0.015391758643090725,-0.0182233564555645,0.0023987977765500546,95.0,16.084001541137695
1776232853.6010845,2026-04-15T06:00:53.601084,attack_circle_gpsinput_drift,02,47.3979729,8.546162599999999,0.7360000610351562,0.5230000019073486,0.08999999612569809,-0.04999999701976776,-0.949999988079071,-0.048888031393289566,-0.08084981143474579,-10.545405387878418,0.013014743104577065,-0.015108779072761536,0.0021969955414533615,95.0,16.084001541137695
1776232853.7105966,2026-04-15T06:00:53.710597,attack_circle_gpsinput_drift,02,47.3979729,8.546162599999999,0.7360000610351562,0.5230000019073486,0.08999999612569809,-0.04999999701976776,-0.949999988079071,-0.048888031393289566,-0.08084981143474579,-10.545405387878418,0.013014743104577065,-0.015108779072761536,0.0021969955414533615,95.0,16.084001541137695
1776232853.8232825,2026-04-15T06:00:53.823282,attack_circle_gpsinput_drift,02,47.3979729,8.546162599999999,0.7360000610351562,0.5230000019073486,0.08999999612569809,-0.04999999701976776,-0.949999988079071,-0.048888031393289566,-0.08084981143474579,-10.545405387878418,0.013014743104577065,-0.015108779072761536,0.0021969955414533615,95.0,16.084001541137695
1776232853.9338276,2026-04-15T06:00:53.933828,attack_circle_gpsinput_drift,02,47.3979729,8.546162599999999,0.7490000128746033,0.5360000133514404,0.07999999821186066,-0.04999999701976776,-0.9599999785423279,-0.058920279145240784,-0.07395295053720474,-10.530126571655273,0.009047850966453552,-0.01522044837474823,0.0019884672947227955,95.0,16.084001541137695
1776232854.0371006,2026-04-15T06:00:54.037101,attack_circle_gpsinput_drift,02,47.3979729,8.546162599999999,0.7490000128746033,0.5360000133514404,0.07999999821186066,-0.04999999701976776,-0.9599999785423279,-0.058920279145240784,-0.07395295053720474,-10.530126571655273,0.009047850966453552,-0.01522044837474823,0.0019884672947227955,95.0,16.084001541137695
1776232854.1400928,2026-04-15T06:00:54.140093,attack_circle_gpsinput_drift,02,47.3979729,8.546162599999999,0.7490000128746033,0.5360000133514404,0.07999999821186066,-0.04999999701976776,-0.9599999785423279,-0.058920279145240784,-0.07395295053720474,-10.530126571655273,0.009047850966453552,-0.01522044837474823,0.0019884672947227955,95.0,16.084001541137695
1776232854.2549274,2026-04-15T06:00:54.254927,attack_circle_gpsinput_drift,02,47.3979729,8.546162599999999,0.7640000581741333,0.5509999990463257,0.07999999821186066,-0.04999999701976776,-0.9799999594688416,-0.056822825223207474,-0.06579478830099106,-10.61904239654541,0.0052688103169202805,-0.01357700489461422,0.0009273489704355597,95.0,16.084001541137695
1776232854.3682554,2026-04-15T06:00:54.368255,attack_circle_gpsinput_drift,02,47.3979729,8.546162599999999,0.7640000581741333,0.5509999990463257,0.07999999821186066,-0.04999999701976776,-0.9799999594688416,-0.056822825223207474,-0.06579478830099106,-10.61904239654541,0.0052688103169202805,-0.01357700489461422,0.0009273489704355597,95.0,16.084001541137695
1776232854.4775245,2026-04-15T06:00:54.477525,attack_circle_gpsinput_drift,02,47.3979729,8.546162599999999,0.7850000262260437,0.5720000267028809,0.07000000029802322,-0.03999999910593033,-0.9899999499320984,-0.05499007925391197,-0.07804415374994278,-10.552817344665527,0.003539549419656396,-0.01240596640855074,0.0020036939531564713,95.0,16.084001541137695
1776232854.5913217,2026-04-15T06:00:54.591322,attack_circle_gpsinput_drift,02,47.3979729,8.546162599999999,0.7850000262260437,0.5720000267028809,0.07000000029802322,-0.03999999910593033,-0.9899999499320984,-0.05499007925391197,-0.07804415374994278,-10.552817344665527,0.003539549419656396,-0.01240596640855074,0.0020036939531564713,95.0,16.084001541137695
1776232854.696341,2026-04-15T06:00:54.696341,attack_circle_gpsinput_drift,02,47.3979729,8.546162599999999,0.800000011920929,0.5870000123977661,0.07000000029802322,-0.03999999910593033,-1.0,-0.06287673860788345,-0.08073899149894714,-10.484084129333496,0.0019770199432969093,-0.01140095479786396,0.001964448019862175,95.0,16.084001541137695
1776232854.8028724,2026-04-15T06:00:54.802872,attack_circle_gpsinput_drift,02,47.3979729,8.546162599999999,0.800000011920929,0.5870000123977661,0.07000000029802322,-0.03999999910593033,-1.0,-0.06287673860788345,-0.08073899149894714,-10.484084129333496,0.0019770199432969093,-0.01140095479786396,0.001964448019862175,95.0,16.084001541137695
1776232854.9047801,2026-04-15T06:00:54.904780,attack_circle_gpsinput_drift,02,47.3979729,8.546162599999999,0.800000011920929,0.5870000123977661,0.07000000029802322,-0.03999999910593033,-1.0,-0.06287673860788345,-0.08073899149894714,-10.484084129333496,0.0019770199432969093,-0.01140095479786396,0.001964448019862175,95.0,16.084001541137695
1776232855.0083094,2026-04-15T06:00:55.008309,attack_circle_gpsinput_drift,02,47.3979729,8.546162599999999,0.800000011920929,0.5870000123977661,0.07000000029802322,-0.03999999910593033,-1.0,-0.06287673860788345,-0.08073899149894714,-10.484084129333496,0.0019770199432969093,-0.01140095479786396,0.001964448019862175,95.0,16.084001541137695
1776232855.1182444,2026-04-15T06:00:55.118244,attack_circle_gpsinput_drift,02,47.397973,8.5461625,0.8220000267028809,0.6080000400543213,0.05999999865889549,-0.03999999910593033,-1.0099999904632568,-0.0540706031024456,-0.0796465128660202,-10.37965202331543,0.002285260008648038,-0.010361290536820889,0.0024294808972626925,95.0,16.084001541137695
1776232855.221428,2026-04-15T06:00:55.221428,attack_circle_gpsinput_drift,02,47.397973,8.5461625,0.8220000267028809,0.6080000400543213,0.05999999865889549,-0.03999999910593033,-1.0099999904632568,-0.0540706031024456,-0.0796465128660202,-10.37965202331543,0.002285260008648038,-0.010361290536820889,0.0024294808972626925,95.0,16.084001541137695
1776232855.3461742,2026-04-15T06:00:55.346174,attack_circle_gpsinput_drift,02,47.397973,8.5461625,0.8360000252723694,0.6230000257492065,0.05999999865889549,-0.03999999910593033,-1.0199999809265137,-0.05385740473866463,-0.07524529099464417,-10.217029571533203,-0.001690430217422545,-0.009369997307658195,0.0007208370952866971,95.0,16.084001541137695
1776232855.44766,2026-04-15T06:00:55.447660,attack_circle_gpsinput_drift,02,47.397973,8.5461625,0.8510000109672546,0.6380000114440918,0.05999999865889549,-0.029999999329447746,-1.0299999713897705,-0.06259973347187042,-0.07859988510608673,-10.118428230285645,-0.0033011010382324457,-0.0084697799757123,0.000817680440377444,95.0,16.084001541137695
1776232855.5699897,2026-04-15T06:00:55.569990,attack_circle_gpsinput_drift,02,47.397973,8.5461625,0.8510000109672546,0.6380000114440918,0.05999999865889549,-0.029999999329447746,-1.0299999713897705,-0.06259973347187042,-0.07859988510608673,-10.118428230285645,-0.0033011010382324457,-0.0084697799757123,0.000817680440377444,95.0,16.084001541137695
1776232855.673162,2026-04-15T06:00:55.673162,attack_circle_gpsinput_drift,02,47.397973,8.5461625,0.8660000562667847,0.6530000567436218,0.04999999701976776,-0.029999999329447746,-1.0299999713897705,-0.055593665689229965,-0.07485612481832504,-10.043704986572266,-0.004528641700744629,-0.009418521076440811,0.0011976443929597735,95.0,16.084001541137695
1776232855.7752473,2026-04-15T06:00:55.775247,attack_circle_gpsinput_drift,02,47.397973,8.5461625,0.8740000128746033,0.6600000262260437,0.04999999701976776,-0.029999999329447746,-1.0299999713897705,-0.057875439524650574,-0.08011667430400848,-10.003847122192383,-0.003466477384790778,-0.007600240409374237,0.00170552683994174,95.0,16.084001541137695
1776232855.8769455,2026-04-15T06:00:55.876945,attack_circle_gpsinput_drift,02,47.397973,8.5461625,0.8740000128746033,0.6600000262260437,0.04999999701976776,-0.029999999329447746,-1.0299999713897705,-0.057875439524650574,-0.08011667430400848,-10.003847122192383,-0.003466477384790778,-0.007600240409374237,0.00170552683994174,95.0,16.084001541137695
1776232855.9838426,2026-04-15T06:00:55.983843,attack_circle_gpsinput_drift,02,47.397973,8.5461625,0.8960000276565552,0.6830000281333923,0.04999999701976776,-0.029999999329447746,-1.0299999713897705,-0.06340669840574265,-0.07779698073863983,-9.87446403503418,-0.004567315336316824,-0.006104832049459219,0.0009881076402962208,95.0,16.084001541137695
1776232856.0937204,2026-04-15T06:00:56.093720,attack_circle_gpsinput_drift,02,47.397973,8.5461625,0.9110000729560852,0.6980000138282776,0.03999999910593033,-0.029999999329447746,-1.0299999713897705,-0.06866474449634552,-0.0838937759399414,-9.884483337402344,-0.005199046339839697,-0.00593908503651619,0.001940702204592526,95.0,16.084001541137695
1776232856.204754,2026-04-15T06:00:56.204754,attack_circle_gpsinput_drift,02,47.397973,8.5461625,0.9110000729560852,0.6980000138282776,0.03999999910593033,-0.029999999329447746,-1.0299999713897705,-0.06866474449634552,-0.0838937759399414,-9.884483337402344,-0.005199046339839697,-0.00593908503651619,0.001940702204592526,95.0,16.084001541137695
1776232856.3056965,2026-04-15T06:00:56.305696,attack_circle_gpsinput_drift,02,47.397973,8.5461625,0.9110000729560852,0.6980000138282776,0.03999999910593033,-0.029999999329447746,-1.0299999713897705,-0.06866474449634552,-0.0838937759399414,-9.884483337402344,-0.005199046339839697,-0.00593908503651619,0.001940702204592526,95.0,16.084001541137695
1776232856.410235,2026-04-15T06:00:56.410235,attack_circle_gpsinput_drift,02,47.397973,8.5461624,0.9450000524520874,0.7320000529289246,0.03999999910593033,-0.019999999552965164,-1.0399999618530273,-0.05468447133898735,-0.08556250482797623,-9.918766021728516,-0.006886074785143137,-0.005440970882773399,0.0027187138330191374,95.0,16.084001541137695
1776232856.5190098,2026-04-15T06:00:56.519010,attack_circle_gpsinput_drift,02,47.397973,8.5461624,0.9600000381469727,0.7470000386238098,0.029999999329447746,-0.019999999552965164,-1.0399999618530273,-0.0623285286128521,-0.08249425888061523,-9.87437915802002,-0.006033547222614288,-0.004875623155385256,0.0023110387846827507,95.0,16.084001541137695
1776232856.6211805,2026-04-15T06:00:56.621181,attack_circle_gpsinput_drift,02,47.397973,8.5461624,0.9600000381469727,0.7470000386238098,0.029999999329447746,-0.019999999552965164,-1.0399999618530273,-0.0623285286128521,-0.08249425888061523,-9.87437915802002,-0.006033547222614288,-0.004875623155385256,0.0023110387846827507,95.0,16.084001541137695
1776232856.732009,2026-04-15T06:00:56.732009,attack_circle_gpsinput_drift,02,47.397973,8.5461624,0.987000048160553,0.7740000486373901,0.029999999329447746,-0.019999999552965164,-1.0399999618530273,-0.05168149620294571,-0.0838252604007721,-9.945242881774902,-0.006280578672885895,-0.0013703053118661046,0.0016676272498443723,95.0,16.084001541137695
1776232856.83382,2026-04-15T06:00:56.833820,attack_circle_gpsinput_drift,02,47.397973,8.5461624,1.0010000467300415,0.7880000472068787,0.019999999552965164,-0.019999999552965164,-1.0399999618530273,-0.05738789215683937,-0.08849957585334778,-9.916204452514648,-0.009320355020463467,-0.0011793227167800069,0.002516981214284897,95.0,16.084001541137695
1776232856.9357042,2026-04-15T06:00:56.935704,attack_circle_gpsinput_drift,02,47.397973,8.5461624,1.0160000324249268,0.8030000329017639,0.019999999552965164,-0.009999999776482582,-1.0399999618530273,-0.05907859280705452,-0.07629577815532684,-9.98859977722168,-0.01002096850425005,-9.985393262468278e-05,0.0019379382720217109,95.0,16.084001541137695
1776232857.037344,2026-04-15T06:00:57.037344,attack_circle_gpsinput_drift,02,47.397973,8.5461624,1.0160000324249268,0.8030000329017639,0.019999999552965164,-0.009999999776482582,-1.0399999618530273,-0.06368730217218399,-0.0872020497918129,-9.995097160339355,-0.01190404873341322,0.0007570548332296312,0.0007542304811067879,95.0,16.084001541137695
1776232857.1480765,2026-04-15T06:00:57.148077,attack_circle_gpsinput_drift,02,47.397973,8.5461624,1.0350000858306885,0.8220000267028809,0.019999999552965164,-0.009999999776482582,-1.0399999618530273,-0.06368730217218399,-0.0872020497918129,-9.995097160339355,-0.01190404873341322,0.0007570548332296312,0.0007542304811067879,95.0,16.084001541137695
1776232857.2549245,2026-04-15T06:00:57.254925,attack_circle_gpsinput_drift,02,47.397973,8.5461624,1.0570000410079956,0.8440000414848328,0.009999999776482582,-0.009999999776482582,-1.0499999523162842,-0.05753669515252113,-0.07497861236333847,-10.0255708694458,-0.014021162874996662,0.0011892407201230526,0.0022206823341548443,95.0,16.084001541137695
1776232857.3714046,2026-04-15T06:00:57.371405,attack_circle_gpsinput_drift,02,47.397973,8.5461624,1.0570000410079956,0.8440000414848328,0.009999999776482582,-0.009999999776482582,-1.0499999523162842,-0.05753669515252113,-0.07497861236333847,-10.0255708694458,-0.014021162874996662,0.0011892407201230526,0.0022206823341548443,95.0,16.084001541137695
1776232857.4792728,2026-04-15T06:00:57.479273,attack_circle_gpsinput_drift,02,47.397973,8.5461624,1.0720000267028809,0.859000027179718,0.009999999776482582,-0.009999999776482582,-1.0499999523162842,-0.06359654664993286,-0.08313173800706863,-10.059793472290039,-0.014760633930563927,0.001879775314591825,0.0014027029974386096,95.0,16.084001541137695
1776232857.5859394,2026-04-15T06:00:57.585939,attack_circle_gpsinput_drift,02,47.397973,8.5461624,1.0720000267028809,0.859000027179718,0.009999999776482582,-0.009999999776482582,-1.0499999523162842,-0.06359654664993286,-0.08313173800706863,-10.059793472290039,-0.014760633930563927,0.001879775314591825,0.0014027029974386096,95.0,16.084001541137695
1776232857.6939325,2026-04-15T06:00:57.693933,attack_circle_gpsinput_drift,02,47.397973,8.5461624,1.0860000848770142,0.8730000257492065,0.0,0.0,-1.0499999523162842,-0.060772694647312164,-0.08619381487369537,-10.042356491088867,-0.01567813567817211,0.0027009404730051756,0.0018743389518931508,95.0,16.084001541137695
1776232857.8009658,2026-04-15T06:00:57.800966,attack_circle_gpsinput_drift,02,47.397973,8.5461624,1.0860000848770142,0.8730000257492065,0.0,0.0,-1.0499999523162842,-0.060772694647312164,-0.08619381487369537,-10.042356491088867,-0.01567813567817211,0.0027009404730051756,0.0018743389518931508,95.0,16.084001541137695
1776232857.9087043,2026-04-15T06:00:57.908704,attack_circle_gpsinput_drift,02,47.397973,8.5461624,1.1010000705718994,0.8880000710487366,0.0,0.0,-1.059999942779541,-0.06346303969621658,-0.08316468447446823,-10.048344612121582,-0.01679897867143154,0.0020199858117848635,0.0021075154654681683,95.0,16.084001541137695
1776232858.0122333,2026-04-15T06:00:58.012233,attack_circle_gpsinput_drift,02,47.397973,8.5461624,1.1010000705718994,0.8880000710487366,0.0,0.0,-1.059999942779541,-0.06346303969621658,-0.08316468447446823,-10.048344612121582,-0.01679897867143154,0.0020199858117848635,0.0021075154654681683,92.0,16.02400016784668
1776232858.1179745,2026-04-15T06:00:58.117975,attack_circle_gpsinput_drift,02,47.397973,8.5461624,1.1230000257492065,0.9100000262260437,0.0,0.0,-1.059999942779541,-0.06010046601295471,-0.08182409405708313,-10.070595741271973,-0.017927046865224838,0.003287253435701132,0.001398097607307136,92.0,16.02400016784668
1776232858.22102,2026-04-15T06:00:58.221020,attack_circle_gpsinput_drift,02,47.397973,8.5461624,1.1230000257492065,0.9100000262260437,0.0,0.0,-1.059999942779541,-0.06010046601295471,-0.08182409405708313,-10.070595741271973,-0.017927046865224838,0.003287253435701132,0.001398097607307136,92.0,16.02400016784668
1776232858.3285675,2026-04-15T06:00:58.328568,attack_circle_gpsinput_drift,02,47.397973,8.5461624,1.1230000257492065,0.9100000262260437,0.0,0.0,-1.059999942779541,-0.06010046601295471,-0.08182409405708313,-10.070595741271973,-0.017927046865224838,0.003287253435701132,0.001398097607307136,92.0,16.02400016784668
1776232858.4343567,2026-04-15T06:00:58.434357,attack_circle_gpsinput_drift,02,47.397973,8.5461624,1.1380000114440918,0.9250000715255737,0.0,0.0,-1.059999942779541,-0.06397438794374466,-0.08796969801187515,-10.056419372558594,-0.018671315163373947,0.005412240978330374,0.002151011023670435,92.0,16.02400016784668
1776232858.5559378,2026-04-15T06:00:58.555938,attack_circle_gpsinput_drift,02,47.397973,8.5461624,1.1380000114440918,0.9250000715255737,0.0,0.0,-1.059999942779541,-0.06397438794374466,-0.08796969801187515,-10.056419372558594,-0.018671315163373947,0.005412240978330374,0.002151011023670435,92.0,16.02400016784668
1776232858.668269,2026-04-15T06:00:58.668269,attack_circle_gpsinput_drift,02,47.397973,8.5461624,1.1380000114440918,0.9250000715255737,0.0,0.0,-1.059999942779541,-0.06397438794374466,-0.08796969801187515,-10.056419372558594,-0.018671315163373947,0.005412240978330374,0.002151011023670435,92.0,16.02400016784668
1776232858.780389,2026-04-15T06:00:58.780389,attack_circle_gpsinput_drift,02,47.397973,8.5461624,1.1380000114440918,0.9250000715255737,0.0,0.0,-1.059999942779541,-0.06397438794374466,-0.08796969801187515,-10.056419372558594,-0.018671315163373947,0.005412240978330374,0.002151011023670435,92.0,16.02400016784668
1776232858.8837569,2026-04-15T06:00:58.883757,attack_circle_gpsinput_drift,02,47.397973,8.5461624,1.152999997138977,0.940000057220459,0.0,0.0,-1.0699999332427979,-0.07114122807979584,-0.07867083698511124,-10.078596115112305,-0.02037007361650467,0.005613002926111221,0.0022936309687793255,92.0,16.02400016784668
1776232858.9859126,2026-04-15T06:00:58.985913,attack_circle_gpsinput_drift,02,47.397973,8.5461624,1.152999997138977,0.940000057220459,0.0,0.0,-1.0699999332427979,-0.07114122807979584,-0.07867083698511124,-10.078596115112305,-0.02037007361650467,0.005613002926111221,0.0022936309687793255,92.0,16.02400016784668
1776232859.0888615,2026-04-15T06:00:59.088861,attack_circle_gpsinput_drift,02,47.397973,8.5461624,1.152999997138977,0.940000057220459,0.0,0.0,-1.0699999332427979,-0.07114122807979584,-0.07867083698511124,-10.078596115112305,-0.02037007361650467,0.005613002926111221,0.0022936309687793255,92.0,16.02400016784668
1776232859.2009406,2026-04-15T06:00:59.200941,attack_circle_gpsinput_drift,02,47.397973,8.5461624,1.1790000200271606,0.9660000205039978,-0.009999999776482582,0.0,-1.0699999332427979,-0.06896241009235382,-0.08377306163311005,-10.084481239318848,-0.022963277995586395,0.0069356621243059635,0.0010562757961452007,92.0,16.02400016784668
1776232859.3030827,2026-04-15T06:00:59.303083,attack_circle_gpsinput_drift,02,47.397973,8.5461624,1.1790000200271606,0.9660000205039978,-0.009999999776482582,0.0,-1.0699999332427979,-0.06896241009235382,-0.08377306163311005,-10.084481239318848,-0.022963277995586395,0.0069356621243059635,0.0010562757961452007,92.0,16.02400016784668
1776232859.4068348,2026-04-15T06:00:59.406835,attack_circle_gpsinput_drift,02,47.397973,8.5461624,1.194000005722046,0.9810000658035278,-0.009999999776482582,0.0,-1.0799999237060547,-0.05620226263999939,-0.08215264230966568,-10.093395233154297,-0.022545499727129936,0.006560011766850948,0.0017421121010556817,92.0,16.02400016784668
1776232859.5185602,2026-04-15T06:00:59.518560,attack_circle_gpsinput_drift,02,47.3979729,8.5461624,1.218000054359436,1.0049999952316284,-0.009999999776482582,0.009999999776482582,-1.0799999237060547,-0.05436883494257927,-0.09428367018699646,-10.099635124206543,-0.020869700238108635,0.00883816834539175,0.0016803613398224115,92.0,16.02400016784668
1776232859.6203604,2026-04-15T06:00:59.620360,attack_circle_gpsinput_drift,02,47.3979729,8.5461624,1.218000054359436,1.0049999952316284,-0.009999999776482582,0.009999999776482582,-1.0799999237060547,-0.05436883494257927,-0.09428367018699646,-10.099635124206543,-0.020869700238108635,0.00883816834539175,0.0016803613398224115,92.0,16.02400016784668
1776232859.7226255,2026-04-15T06:00:59.722625,attack_circle_gpsinput_drift,02,47.3979729,8.5461624,1.2330000400543213,1.0200001001358032,-0.019999999552965164,0.009999999776482582,-1.090000033378601,-0.06630396842956543,-0.08627806603908539,-10.108597755432129,-0.022961974143981934,0.010031106881797314,0.0018811877816915512,92.0,16.02400016784668
1776232859.8303306,2026-04-15T06:00:59.830331,attack_circle_gpsinput_drift,02,47.3979729,8.5461624,1.2330000400543213,1.0200001001358032,-0.019999999552965164,0.009999999776482582,-1.090000033378601,-0.06630396842956543,-0.08627806603908539,-10.108597755432129,-0.022961974143981934,0.010031106881797314,0.0018811877816915512,92.0,16.02400016784668
1776232859.93939,2026-04-15T06:00:59.939390,attack_circle_gpsinput_drift,02,47.3979729,8.5461624,1.2330000400543213,1.0200001001358032,-0.019999999552965164,0.009999999776482582,-1.090000033378601,-0.06630396842956543,-0.08627806603908539,-10.108597755432129,-0.022961974143981934,0.010031106881797314,0.0018811877816915512,92.0,16.02400016784668
1776232860.044053,2026-04-15T06:01:00.044053,attack_circle_gpsinput_drift,02,47.3979729,8.5461624,1.25600004196167,1.0430001020431519,-0.019999999552965164,0.009999999776482582,-1.090000033378601,-0.0684710294008255,-0.08442548662424088,-10.074783325195312,-0.024210907518863678,0.010940151289105415,0.0017288730014115572,92.0,16.02400016784668
1776232860.1499903,2026-04-15T06:01:00.149990,attack_circle_gpsinput_drift,02,47.3979729,8.5461624,1.25600004196167,1.0430001020431519,-0.019999999552965164,0.009999999776482582,-1.090000033378601,-0.0684710294008255,-0.08442548662424088,-10.074783325195312,-0.024210907518863678,0.010940151289105415,0.0017288730014115572,92.0,16.02400016784668
1776232860.2555592,2026-04-15T06:01:00.255559,attack_circle_gpsinput_drift,02,47.3979729,8.5461624,1.25600004196167,1.0430001020431519,-0.019999999552965164,0.009999999776482582,-1.090000033378601,-0.0684710294008255,-0.08442548662424088,-10.074783325195312,-0.024210907518863678,0.010940151289105415,0.0017288730014115572,92.0,16.02400016784668
1776232860.40605,2026-04-15T06:01:00.406050,attack_circle_gpsinput_drift,02,47.3979729,8.5461624,1.25600004196167,1.0430001020431519,-0.019999999552965164,0.009999999776482582,-1.090000033378601,-0.0684710294008255,-0.08442548662424088,-10.074783325195312,-0.024210907518863678,0.010940151289105415,0.0017288730014115572,92.0,16.02400016784668
1776232860.514313,2026-04-15T06:01:00.514313,attack_circle_gpsinput_drift,02,47.3979729,8.5461624,1.25600004196167,1.0430001020431519,-0.019999999552965164,0.009999999776482582,-1.090000033378601,-0.0684710294008255,-0.08442548662424088,-10.074783325195312,-0.024210907518863678,0.010940151289105415,0.0017288730014115572,92.0,16.02400016784668
1776232860.6167028,2026-04-15T06:01:00.616703,attack_circle_gpsinput_drift,02,47.3979729,8.5461624,1.2790000438690186,1.0660001039505005,-0.019999999552965164,0.009999999776482582,-1.100000023841858,-0.05922296270728111,-0.09271527081727982,-10.056905746459961,-0.023297635838389397,0.0126472357660532,0.002081683836877346,92.0,16.02400016784668
1776232860.7179055,2026-04-15T06:01:00.717906,attack_circle_gpsinput_drift,02,47.3979729,8.5461624,1.2790000438690186,1.0660001039505005,-0.019999999552965164,0.009999999776482582,-1.100000023841858,-0.05922296270728111,-0.09271527081727982,-10.056905746459961,-0.023297635838389397,0.0126472357660532,0.002081683836877346,92.0,16.02400016784668
1776232860.8203547,2026-04-15T06:01:00.820355,attack_circle_gpsinput_drift,02,47.3979729,8.5461624,1.2950000762939453,1.0820000171661377,-0.029999999329447746,0.019999999552965164,-1.100000023841858,-0.07044602185487747,-0.08281859755516052,-10.056467056274414,-0.024907508864998817,0.013807474635541439,0.0007912279106676579,92.0,16.02400016784668
1776232860.9301271,2026-04-15T06:01:00.930127,attack_circle_gpsinput_drift,02,47.3979729,8.5461624,1.2950000762939453,1.0820000171661377,-0.029999999329447746,0.019999999552965164,-1.100000023841858,-0.07044602185487747,-0.08281859755516052,-10.056467056274414,-0.024907508864998817,0.013807474635541439,0.0007912279106676579,92.0,16.02400016784668
1776232861.0335994,2026-04-15T06:01:01.033599,attack_circle_gpsinput_drift,02,47.3979729,8.5461624,1.2950000762939453,1.0820000171661377,-0.029999999329447746,0.019999999552965164,-1.100000023841858,-0.07044602185487747,-0.08281859755516052,-10.056467056274414,-0.024907508864998817,0.013807474635541439,0.0007912279106676579,92.0,16.02400016784668
1776232861.1344743,2026-04-15T06:01:01.134474,attack_circle_gpsinput_drift,02,47.3979729,8.5461624,1.2950000762939453,1.0820000171661377,-0.029999999329447746,0.019999999552965164,-1.100000023841858,-0.07044602185487747,-0.08281859755516052,-10.056467056274414,-0.024907508864998817,0.013807474635541439,0.0007912279106676579,92.0,16.02400016784668
1776232861.2388272,2026-04-15T06:01:01.238827,attack_circle_gpsinput_drift,02,47.3979729,8.5461624,1.3260000944137573,1.1130000352859497,-0.029999999329447746,0.019999999552965164,-1.1100000143051147,-0.063970185816288,-0.08162356913089752,-10.078926086425781,-0.023325959220528603,0.018037941306829453,0.0010056898463517427,92.0,16.02400016784668
1776232861.3418517,2026-04-15T06:01:01.341852,attack_circle_gpsinput_drift,02,47.3979729,8.5461624,1.3340001106262207,1.121000051498413,-0.029999999329447746,0.019999999552965164,-1.1100000143051147,-0.06565557420253754,-0.09270349144935608,-10.082130432128906,-0.022538458928465843,0.017205949872732162,0.0017297520535066724,92.0,16.02400016784668
1776232861.446208,2026-04-15T06:01:01.446208,attack_circle_gpsinput_drift,02,47.3979729,8.5461624,1.3340001106262207,1.121000051498413,-0.029999999329447746,0.019999999552965164,-1.1100000143051147,-0.06565557420253754,-0.09270349144935608,-10.082130432128906,-0.022538458928465843,0.017205949872732162,0.0017297520535066724,92.0,16.02400016784668
1776232861.5521922,2026-04-15T06:01:01.552192,attack_circle_gpsinput_drift,02,47.3979729,8.5461624,1.371000051498413,1.158000111579895,-0.03999999910593033,0.029999999329447746,-1.1200000047683716,-0.06886019557714462,-0.09535029530525208,-10.070770263671875,-0.019444888457655907,0.01810041069984436,0.001297311275266111,92.0,16.02400016784668
1776232861.6705053,2026-04-15T06:01:01.670505,attack_circle_gpsinput_drift,02,47.3979729,8.5461624,1.371000051498413,1.158000111579895,-0.03999999910593033,0.029999999329447746,-1.1200000047683716,-0.06886019557714462,-0.09535029530525208,-10.070770263671875,-0.019444888457655907,0.01810041069984436,0.001297311275266111,92.0,16.02400016784668
1776232861.7741673,2026-04-15T06:01:01.774167,attack_circle_gpsinput_drift,02,47.3979729,8.5461624,1.3870000839233398,1.1740000247955322,-0.03999999910593033,0.029999999329447746,-1.1200000047683716,-0.07345949858427048,-0.07725250720977783,-9.992181777954102,-0.0203264020383358,0.017568795010447502,0.0017665167106315494,92.0,16.02400016784668
1776232861.882037,2026-04-15T06:01:01.882037,attack_circle_gpsinput_drift,02,47.3979728,8.5461625,1.415000081062317,1.2020000219345093,-0.03999999910593033,0.029999999329447746,-1.1200000047683716,-0.07093239575624466,-0.08349502086639404,-10.065939903259277,-0.022447599098086357,0.01973954774439335,0.0010813168482854962,92.0,16.02400016784668
1776232861.9836905,2026-04-15T06:01:01.983691,attack_circle_gpsinput_drift,02,47.3979728,8.5461625,1.4310001134872437,1.218000054359436,-0.03999999910593033,0.029999999329447746,-1.1299999952316284,-0.07044723629951477,-0.08360318094491959,-10.029233932495117,-0.024058561772108078,0.02095218375325203,0.001750657451339066,92.0,16.02400016784668
1776232862.089959,2026-04-15T06:01:02.089959,attack_circle_gpsinput_drift,02,47.3979728,8.5461625,1.4550000429153442,1.2420001029968262,-0.04999999701976776,0.03999999910593033,-1.1299999952316284,-0.06940529495477676,-0.08681003004312515,-10.045369148254395,-0.02396467700600624,0.022641880437731743,0.0002705652150325477,92.0,16.02400016784668
1776232862.19506,2026-04-15T06:01:02.195060,attack_circle_gpsinput_drift,02,47.3979728,8.5461625,1.471000075340271,1.2580000162124634,-0.04999999701976776,0.03999999910593033,-1.1299999952316284,-0.0664655864238739,-0.1018299087882042,-10.03460693359375,-0.02373889647424221,0.022755485028028488,0.0011835338082164526,92.0,16.02400016784668
1776232862.2979877,2026-04-15T06:01:02.297988,attack_circle_gpsinput_drift,02,47.3979728,8.5461625,1.471000075340271,1.2580000162124634,-0.04999999701976776,0.03999999910593033,-1.1299999952316284,-0.0664655864238739,-0.1018299087882042,-10.03460693359375,-0.02373889647424221,0.022755485028028488,0.0011835338082164526,92.0,16.02400016784668
1776232862.4404998,2026-04-15T06:01:02.440500,attack_circle_gpsinput_drift,02,47.3979728,8.5461625,1.4880000352859497,1.2750000953674316,-0.04999999701976776,0.03999999910593033,-1.1399999856948853,-0.0654202476143837,-0.09471727162599564,-10.073968887329102,-0.022071147337555885,0.023234985768795013,0.0012547987280413508,92.0,16.02400016784668
1776232862.5426877,2026-04-15T06:01:02.542688,attack_circle_gpsinput_drift,02,47.3979728,8.5461625,1.4880000352859497,1.2750000953674316,-0.04999999701976776,0.03999999910593033,-1.1399999856948853,-0.0654202476143837,-0.09471727162599564,-10.073968887329102,-0.022071147337555885,0.023234985768795013,0.0012547987280413508,92.0,16.02400016784668
1776232862.6500487,2026-04-15T06:01:02.650049,attack_circle_gpsinput_drift,02,47.3979728,8.5461625,1.5130001306533813,1.3000000715255737,-0.04999999701976776,0.03999999910593033,-1.1399999856948853,-0.07410649210214615,-0.09137949347496033,-10.084480285644531,-0.020780125632882118,0.02353372611105442,0.001063952106051147,92.0,16.02400016784668
1776232862.7515779,2026-04-15T06:01:02.751578,attack_circle_gpsinput_drift,02,47.3979728,8.5461625,1.5130001306533813,1.3000000715255737,-0.04999999701976776,0.03999999910593033,-1.1399999856948853,-0.07410649210214615,-0.09137949347496033,-10.084480285644531,-0.020780125632882118,0.02353372611105442,0.001063952106051147,92.0,16.02400016784668
1776232862.8728287,2026-04-15T06:01:02.872829,attack_circle_gpsinput_drift,02,47.3979728,8.546162599999999,1.5290000438690186,1.3160001039505005,-0.04999999701976776,0.04999999701976776,-1.149999976158142,-0.0687834694981575,-0.08331029862165451,-10.082191467285156,-0.020743006840348244,0.024493789300322533,0.0014560507843270898,92.0,16.02400016784668
1776232862.9860067,2026-04-15T06:01:02.986007,attack_circle_gpsinput_drift,02,47.3979728,8.546162599999999,1.5290000438690186,1.3160001039505005,-0.04999999701976776,0.04999999701976776,-1.149999976158142,-0.0687834694981575,-0.08331029862165451,-10.082191467285156,-0.020743006840348244,0.024493789300322533,0.0014560507843270898,92.0,16.02400016784668
1776232863.090534,2026-04-15T06:01:03.090534,attack_circle_gpsinput_drift,02,47.3979728,8.546162599999999,1.5290000438690186,1.3160001039505005,-0.04999999701976776,0.04999999701976776,-1.149999976158142,-0.0687834694981575,-0.08331029862165451,-10.082191467285156,-0.020743006840348244,0.024493789300322533,0.0014560507843270898,92.0,16.02400016784668
1776232863.2011206,2026-04-15T06:01:03.201121,attack_circle_gpsinput_drift,02,47.3979727,8.546162599999999,1.5980000495910645,1.3850001096725464,-0.05999999865889549,0.04999999701976776,-1.159999966621399,-0.06903679668903351,-0.08646386861801147,-10.090331077575684,-0.020623914897441864,0.029383618384599686,0.0013327900087460876,92.0,16.02400016784668
1776232863.3103912,2026-04-15T06:01:03.310391,attack_circle_gpsinput_drift,02,47.3979727,8.546162599999999,1.6150001287460327,1.402000069618225,-0.05999999865889549,0.04999999701976776,-1.159999966621399,-0.06418754905462265,-0.09284316748380661,-10.066289901733398,-0.019533498212695122,0.031177716329693794,-0.00019540381617844105,92.0,16.02400016784668
1776232863.4129848,2026-04-15T06:01:03.412985,attack_circle_gpsinput_drift,02,47.3979727,8.5461627,1.6400001049041748,1.4270000457763672,-0.05999999865889549,0.04999999701976776,-1.1699999570846558,-0.07306743413209915,-0.08830184489488602,-10.06877613067627,-0.016983069479465485,0.032334912568330765,0.0001740051811793819,92.0,16.02400016784668
1776232863.5200105,2026-04-15T06:01:03.520010,attack_circle_gpsinput_drift,02,47.3979727,8.5461627,1.6660001277923584,1.4530000686645508,-0.05999999865889549,0.05999999865889549,-1.1799999475479126,-0.06482014060020447,-0.0876937210559845,-10.077588081359863,-0.014473806135356426,0.034732747822999954,-0.00011794752208516002,92.0,16.02400016784668
1776232863.6257348,2026-04-15T06:01:03.625735,attack_circle_gpsinput_drift,02,47.3979727,8.5461627,1.6660001277923584,1.4530000686645508,-0.05999999865889549,0.05999999865889549,-1.1799999475479126,-0.06482014060020447,-0.0876937210559845,-10.077588081359863,-0.014473806135356426,0.034732747822999954,-0.00011794752208516002,92.0,16.02400016784668
1776232863.72869,2026-04-15T06:01:03.728690,attack_circle_gpsinput_drift,02,47.3979727,8.5461627,1.683000087738037,1.4700000286102295,-0.05999999865889549,0.05999999865889549,-1.1799999475479126,-0.061174824833869934,-0.09429512917995453,-10.045242309570312,-0.011502468027174473,0.03207534924149513,0.0003859849530272186,92.0,16.02400016784668
1776232863.8631806,2026-04-15T06:01:03.863181,attack_circle_gpsinput_drift,02,47.3979727,8.5461627,1.683000087738037,1.4700000286102295,-0.05999999865889549,0.05999999865889549,-1.1799999475479126,-0.061174824833869934,-0.09429512917995453,-10.045242309570312,-0.011502468027174473,0.03207534924149513,0.0003859849530272186,92.0,16.02400016784668
1776232864.039778,2026-04-15T06:01:04.039778,attack_circle_gpsinput_drift,02,47.3979727,8.5461627,1.683000087738037,1.4700000286102295,-0.05999999865889549,0.05999999865889549,-1.1799999475479126,-0.061174824833869934,-0.09429512917995453,-10.045242309570312,-0.011502468027174473,0.03207534924149513,0.0003859849530272186,92.0,16.02400016784668
1776232864.1460528,2026-04-15T06:01:04.146053,attack_circle_gpsinput_drift,02,47.3979727,8.5461627,1.683000087738037,1.4700000286102295,-0.05999999865889549,0.05999999865889549,-1.1799999475479126,-0.061174824833869934,-0.09429512917995453,-10.045242309570312,-0.011502468027174473,0.03207534924149513,0.0003859849530272186,92.0,16.02400016784668
1776232864.2502518,2026-04-15T06:01:04.250252,attack_circle_gpsinput_drift,02,47.3979727,8.5461627,1.683000087738037,1.4700000286102295,-0.05999999865889549,0.05999999865889549,-1.1799999475479126,-0.061174824833869934,-0.09429512917995453,-10.045242309570312,-0.011502468027174473,0.03207534924149513,0.0003859849530272186,92.0,16.02400016784668
1776232864.35332,2026-04-15T06:01:04.353320,attack_circle_gpsinput_drift,02,47.3979727,8.5461627,1.7100000381469727,1.4970000982284546,-0.05999999865889549,0.05999999865889549,-1.1799999475479126,-0.0735316351056099,-0.09598784148693085,-10.005545616149902,-0.009407256729900837,0.025677504017949104,0.0002619888400658965,92.0,16.02400016784668
1776232864.4602325,2026-04-15T06:01:04.460232,attack_circle_gpsinput_drift,02,47.3979727,8.5461627,1.7100000381469727,1.4970000982284546,-0.05999999865889549,0.05999999865889549,-1.1799999475479126,-0.0735316351056099,-0.09598784148693085,-10.005545616149902,-0.009407256729900837,0.025677504017949104,0.0002619888400658965,92.0,16.02400016784668
1776232864.5634842,2026-04-15T06:01:04.563484,attack_circle_gpsinput_drift,02,47.3979727,8.5461628,1.727000117301941,1.5140000581741333,-0.05999999865889549,0.05999999865889549,-1.1899999380111694,-0.06746281683444977,-0.09951316565275192,-10.061656951904297,-0.0078781982883811,0.02338491939008236,0.0016284440644085407,92.0,16.02400016784668
1776232864.6667607,2026-04-15T06:01:04.666761,attack_circle_gpsinput_drift,02,47.3979727,8.5461628,1.727000117301941,1.5140000581741333,-0.05999999865889549,0.05999999865889549,-1.1899999380111694,-0.06746281683444977,-0.09951316565275192,-10.061656951904297,-0.0078781982883811,0.02338491939008236,0.0016284440644085407,92.0,16.02400016784668
1776232864.7717524,2026-04-15T06:01:04.771752,attack_circle_gpsinput_drift,02,47.3979727,8.5461628,1.727000117301941,1.5140000581741333,-0.05999999865889549,0.05999999865889549,-1.1899999380111694,-0.06746281683444977,-0.09951316565275192,-10.061656951904297,-0.0078781982883811,0.02338491939008236,0.0016284440644085407,92.0,16.02400016784668
1776232864.8769934,2026-04-15T06:01:04.876993,attack_circle_gpsinput_drift,02,47.3979727,8.5461628,1.7450001239776611,1.5320000648498535,-0.05999999865889549,0.05999999865889549,-1.1899999380111694,-0.07045366615056992,-0.08518882095813751,-10.054244041442871,-0.006690787151455879,0.022433863952755928,0.00020386817050166428,92.0,16.02400016784668
1776232864.9796467,2026-04-15T06:01:04.979647,attack_circle_gpsinput_drift,02,47.3979727,8.5461628,1.7450001239776611,1.5320000648498535,-0.05999999865889549,0.05999999865889549,-1.1899999380111694,-0.07045366615056992,-0.08518882095813751,-10.054244041442871,-0.006690787151455879,0.022433863952755928,0.00020386817050166428,92.0,16.02400016784668
1776232865.0820303,2026-04-15T06:01:05.082030,attack_circle_gpsinput_drift,02,47.3979727,8.5461628,1.7450001239776611,1.5320000648498535,-0.05999999865889549,0.05999999865889549,-1.1899999380111694,-0.07045366615056992,-0.08518882095813751,-10.054244041442871,-0.006690787151455879,0.022433863952755928,0.00020386817050166428,92.0,16.02400016784668
1776232865.1867902,2026-04-15T06:01:05.186790,attack_circle_gpsinput_drift,02,47.3979727,8.5461628,1.7610000371932983,1.5480000972747803,-0.05999999865889549,0.05999999865889549,-1.1999999284744263,-0.06110001355409622,-0.09331103414297104,-9.988431930541992,-0.0064857532270252705,0.021160254254937172,0.0008057564846239984,92.0,16.02400016784668
1776232865.3298995,2026-04-15T06:01:05.329900,attack_circle_gpsinput_drift,02,47.3979727,8.5461628,1.7610000371932983,1.5480000972747803,-0.05999999865889549,0.05999999865889549,-1.1999999284744263,-0.06110001355409622,-0.09331103414297104,-9.988431930541992,-0.0064857532270252705,0.021160254254937172,0.0008057564846239984,92.0,16.02400016784668
1776232865.4384818,2026-04-15T06:01:05.438482,attack_circle_gpsinput_drift,02,47.3979727,8.5461628,1.7610000371932983,1.5480000972747803,-0.05999999865889549,0.05999999865889549,-1.1999999284744263,-0.06110001355409622,-0.09331103414297104,-9.988431930541992,-0.0064857532270252705,0.021160254254937172,0.0008057564846239984,92.0,16.02400016784668
1776232865.542243,2026-04-15T06:01:05.542243,attack_circle_gpsinput_drift,02,47.3979727,8.5461628,1.7610000371932983,1.5480000972747803,-0.05999999865889549,0.05999999865889549,-1.1999999284744263,-0.06110001355409622,-0.09331103414297104,-9.988431930541992,-0.0064857532270252705,0.021160254254937172,0.0008057564846239984,92.0,16.02400016784668
1776232865.644955,2026-04-15T06:01:05.644955,attack_circle_gpsinput_drift,02,47.3979727,8.5461628,1.7610000371932983,1.5480000972747803,-0.05999999865889549,0.05999999865889549,-1.1999999284744263,-0.06110001355409622,-0.09331103414297104,-9.988431930541992,-0.0064857532270252705,0.021160254254937172,0.0008057564846239984,92.0,16.02400016784668
1776232865.7510905,2026-04-15T06:01:05.751091,attack_circle_gpsinput_drift,02,47.397972599999996,8.5461628,1.78600013256073,1.5730000734329224,-0.05999999865889549,0.05999999865889549,-1.2200000286102295,-0.0735820084810257,-0.09557430446147919,-9.985480308532715,-0.006226470228284597,0.019746916368603706,-0.0002752029395196587,92.0,16.02400016784668
1776232865.8532887,2026-04-15T06:01:05.853289,attack_circle_gpsinput_drift,02,47.397972599999996,8.5461628,1.78600013256073,1.5730000734329224,-0.05999999865889549,0.05999999865889549,-1.2200000286102295,-0.0735820084810257,-0.09557430446147919,-9.985480308532715,-0.006226470228284597,0.019746916368603706,-0.0002752029395196587,92.0,16.02400016784668
1776232865.9630942,2026-04-15T06:01:05.963094,attack_circle_gpsinput_drift,02,47.397972599999996,8.5461628,1.8030000925064087,1.590000033378601,-0.05999999865889549,0.05999999865889549,-1.2300000190734863,-0.06531451642513275,-0.08816362172365189,-9.980406761169434,-0.006847372744232416,0.021491847932338715,0.0007736675324849784,92.0,16.02400016784668
1776232866.065189,2026-04-15T06:01:06.065189,attack_circle_gpsinput_drift,02,47.397972599999996,8.546162899999999,1.8200000524520874,1.6070001125335693,-0.05999999865889549,0.05999999865889549,-1.2300000190734863,-0.06457938998937607,-0.09644301980733871,-9.934372901916504,-0.005521594081073999,0.020005077123641968,0.00045701934141106904,92.0,16.02400016784668
1776232866.1671896,2026-04-15T06:01:06.167190,attack_circle_gpsinput_drift,02,47.397972599999996,8.546162899999999,1.8200000524520874,1.6070001125335693,-0.05999999865889549,0.05999999865889549,-1.2300000190734863,-0.06457938998937607,-0.09644301980733871,-9.934372901916504,-0.005521594081073999,0.020005077123641968,0.00045701934141106904,92.0,16.02400016784668
1776232866.2699955,2026-04-15T06:01:06.269995,attack_circle_gpsinput_drift,02,47.397972599999996,8.546162899999999,1.8380000591278076,1.6250001192092896,-0.05999999865889549,0.05999999865889549,-1.2400000095367432,-0.06958869099617004,-0.09802842140197754,-9.89689826965332,-0.005188369192183018,0.01930813491344452,-0.0012772316113114357,92.0,16.02400016784668
1776232866.376852,2026-04-15T06:01:06.376852,attack_circle_gpsinput_drift,02,47.397972599999996,8.546162899999999,1.8650001287460327,1.652000069618225,-0.05999999865889549,0.05999999865889549,-1.25,-0.06605260819196701,-0.08727938681840897,-9.872379302978516,-0.003508748719468713,0.018194200471043587,0.0003276201896369457,92.0,16.02400016784668
1776232866.4812129,2026-04-15T06:01:06.481213,attack_circle_gpsinput_drift,02,47.397972599999996,8.546162899999999,1.8650001287460327,1.652000069618225,-0.05999999865889549,0.05999999865889549,-1.25,-0.06605260819196701,-0.08727938681840897,-9.872379302978516,-0.003508748719468713,0.018194200471043587,0.0003276201896369457,92.0,16.02400016784668
1776232866.5867505,2026-04-15T06:01:06.586751,attack_circle_gpsinput_drift,02,47.397972599999996,8.546162899999999,1.8650001287460327,1.652000069618225,-0.05999999865889549,0.05999999865889549,-1.25,-0.06605260819196701,-0.08727938681840897,-9.872379302978516,-0.003508748719468713,0.018194200471043587,0.0003276201896369457,92.0,16.02400016784668
1776232866.6880972,2026-04-15T06:01:06.688097,attack_circle_gpsinput_drift,02,47.397972599999996,8.546162899999999,1.8650001287460327,1.652000069618225,-0.05999999865889549,0.05999999865889549,-1.25,-0.06605260819196701,-0.08727938681840897,-9.872379302978516,-0.003508748719468713,0.018194200471043587,0.0003276201896369457,92.0,16.02400016784668
1776232866.7940645,2026-04-15T06:01:06.794065,attack_circle_gpsinput_drift,02,47.397972599999996,8.546162899999999,1.9030001163482666,1.690000057220459,-0.05999999865889549,0.05999999865889549,-1.2599999904632568,-0.06719473004341125,-0.09780706465244293,-9.8156156539917,-0.003941921982914209,0.016131067648530006,0.001209123758599162,92.0,16.02400016784668
1776232866.8965356,2026-04-15T06:01:06.896536,attack_circle_gpsinput_drift,02,47.397972599999996,8.546162899999999,1.9030001163482666,1.690000057220459,-0.05999999865889549,0.05999999865889549,-1.2599999904632568,-0.06719473004341125,-0.09780706465244293,-9.8156156539917,-0.003941921982914209,0.016131067648530006,0.001209123758599162,92.0,16.02400016784668
1776232867.0116208,2026-04-15T06:01:07.011621,attack_circle_gpsinput_drift,02,47.397972599999996,8.546163,1.9220000505447388,1.7090001106262207,-0.05999999865889549,0.05999999865889549,-1.2599999904632568,-0.07352785021066666,-0.09387270361185074,-9.742597579956055,-0.004022639710456133,0.01492260117083788,6.558967288583517e-05,92.0,16.02400016784668
1776232867.11503,2026-04-15T06:01:07.115030,attack_circle_gpsinput_drift,02,47.397972599999996,8.546163,1.9510000944137573,1.7380000352859497,-0.05999999865889549,0.05999999865889549,-1.2599999904632568,-0.07342621684074402,-0.09529896825551987,-9.753698348999023,-0.004565848968923092,0.015437480062246323,-0.0003729049349203706,92.0,16.02400016784668
1776232867.2247596,2026-04-15T06:01:07.224760,attack_circle_gpsinput_drift,02,47.397972599999996,8.546163,1.9510000944137573,1.7380000352859497,-0.05999999865889549,0.05999999865889549,-1.2599999904632568,-0.07342621684074402,-0.09529896825551987,-9.753698348999023,-0.004565848968923092,0.015437480062246323,-0.0003729049349203706,92.0,16.02400016784668
1776232867.3285995,2026-04-15T06:01:07.328599,attack_circle_gpsinput_drift,02,47.397972599999996,8.546163,1.970000147819519,1.7570000886917114,-0.05999999865889549,0.05999999865889549,-1.2599999904632568,-0.08059600740671158,-0.0975237563252449,-9.773506164550781,-0.005890738684684038,0.015012550167739391,0.0014171620132401586,92.0,16.02400016784668
1776232867.4345694,2026-04-15T06:01:07.434569,attack_circle_gpsinput_drift,02,47.397972499999995,8.546163,1.998000144958496,1.7850000858306885,-0.05999999865889549,0.05999999865889549,-1.2699999809265137,-0.06937836855649948,-0.09920965135097504,-9.72802734375,-0.006683336105197668,0.014263015240430832,0.00016441955813206732,92.0,16.02400016784668
1776232867.5361855,2026-04-15T06:01:07.536186,attack_circle_gpsinput_drift,02,47.397972499999995,8.546163,1.998000144958496,1.7850000858306885,-0.05999999865889549,0.05999999865889549,-1.2699999809265137,-0.06937836855649948,-0.09920965135097504,-9.72802734375,-0.006683336105197668,0.014263015240430832,0.00016441955813206732,92.0,16.02400016784668
1776232867.646675,2026-04-15T06:01:07.646675,attack_circle_gpsinput_drift,02,47.397972499999995,8.546163,2.0180001258850098,1.8050000667572021,-0.05999999865889549,0.05999999865889549,-1.2699999809265137,-0.07848681509494781,-0.09320934861898422,-9.762006759643555,-0.0065941778011620045,0.014978006482124329,0.0006331040640361607,92.0,16.02400016784668
1776232867.759597,2026-04-15T06:01:07.759597,attack_circle_gpsinput_drift,02,47.397972499999995,8.546163,2.0180001258850098,1.8050000667572021,-0.05999999865889549,0.05999999865889549,-1.2699999809265137,-0.07848681509494781,-0.09320934861898422,-9.762006759643555,-0.0065941778011620045,0.014978006482124329,0.0006331040640361607,92.0,16.02400016784668
1776232867.8749807,2026-04-15T06:01:07.874981,attack_circle_gpsinput_drift,02,47.397972499999995,8.546163,2.0270001888275146,1.814000129699707,-0.05999999865889549,0.05999999865889549,-1.2699999809265137,-0.07412400841712952,-0.09409551322460175,-9.73286247253418,-0.0055742994882166386,0.013619660399854183,0.0005386098637245595,92.0,16.02400016784668
1776232867.976111,2026-04-15T06:01:07.976111,attack_circle_gpsinput_drift,02,47.397972499999995,8.546163,2.0270001888275146,1.814000129699707,-0.05999999865889549,0.05999999865889549,-1.2699999809265137,-0.07412400841712952,-0.09409551322460175,-9.73286247253418,-0.0055742994882166386,0.013619660399854183,0.0005386098637245595,92.0,16.02400016784668
1776232868.0986784,2026-04-15T06:01:08.098678,attack_circle_gpsinput_drift,02,47.397972499999995,8.546163,2.0270001888275146,1.814000129699707,-0.05999999865889549,0.05999999865889549,-1.2699999809265137,-0.07412400841712952,-0.09409551322460175,-9.73286247253418,-0.0055742994882166386,0.013619660399854183,0.0005386098637245595,92.0,16.02400016784668
1776232868.2046475,2026-04-15T06:01:08.204648,attack_circle_gpsinput_drift,02,47.397972499999995,8.5461631,2.071000099182129,1.8580000400543213,-0.05999999865889549,0.05999999865889549,-1.2699999809265137,-0.07736746966838837,-0.09030508995056152,-9.757749557495117,-0.005778541788458824,0.01200544647872448,-0.0002760441566351801,92.0,16.02400016784668
1776232868.308829,2026-04-15T06:01:08.308829,attack_circle_gpsinput_drift,02,47.397972499999995,8.5461631,2.0900001525878906,1.877000093460083,-0.05999999865889549,0.05999999865889549,-1.2699999809265137,-0.0702304020524025,-0.09404139965772629,-9.788984298706055,-0.005090740974992514,0.013171575963497162,4.3047519284300506e-05,92.0,16.02400016784668
1776232868.4108593,2026-04-15T06:01:08.410859,attack_circle_gpsinput_drift,02,47.397972499999995,8.5461631,2.0900001525878906,1.877000093460083,-0.05999999865889549,0.05999999865889549,-1.2699999809265137,-0.0702304020524025,-0.09404139965772629,-9.788984298706055,-0.005090740974992514,0.013171575963497162,4.3047519284300506e-05,92.0,16.02400016784668
1776232868.5170324,2026-04-15T06:01:08.517032,attack_circle_gpsinput_drift,02,47.397972499999995,8.5461631,2.1090002059936523,1.8960001468658447,-0.05999999865889549,0.05999999865889549,-1.2699999809265137,-0.06312614679336548,-0.08367203921079636,-9.798349380493164,-0.005796654615551233,0.011039401404559612,-0.0009451801888644695,92.0,16.02400016784668
1776232868.617925,2026-04-15T06:01:08.617925,attack_circle_gpsinput_drift,02,47.397972499999995,8.5461631,2.1090002059936523,1.8960001468658447,-0.05999999865889549,0.05999999865889549,-1.2699999809265137,-0.06312614679336548,-0.08367203921079636,-9.798349380493164,-0.005796654615551233,0.011039401404559612,-0.0009451801888644695,92.0,16.02400016784668
1776232868.7204998,2026-04-15T06:01:08.720500,attack_circle_gpsinput_drift,02,47.397972499999995,8.5461631,2.1430001258850098,1.9300000667572021,-0.05999999865889549,0.05999999865889549,-1.2699999809265137,-0.0780700221657753,-0.08742547780275345,-9.839818000793457,-0.007273724768310785,0.012510868720710278,-0.001396987121552229,92.0,16.02400016784668
1776232868.8307416,2026-04-15T06:01:08.830742,attack_circle_gpsinput_drift,02,47.397972499999995,8.5461631,2.1430001258850098,1.9300000667572021,-0.05999999865889549,0.05999999865889549,-1.2699999809265137,-0.0780700221657753,-0.08742547780275345,-9.839818000793457,-0.007273724768310785,0.012510868720710278,-0.001396987121552229,92.0,16.02400016784668
1776232868.9389546,2026-04-15T06:01:08.938955,attack_circle_gpsinput_drift,02,47.397972499999995,8.5461631,2.1520001888275146,1.939000129699707,-0.05999999865889549,0.05999999865889549,-1.2799999713897705,-0.07467419654130936,-0.0917939767241478,-9.814199447631836,-0.008187495172023773,0.01182236522436142,-0.00014449252921622247,92.0,16.02400016784668
1776232869.050027,2026-04-15T06:01:09.050027,attack_circle_gpsinput_drift,02,47.397972499999995,8.5461631,2.1520001888275146,1.939000129699707,-0.05999999865889549,0.05999999865889549,-1.2799999713897705,-0.07467419654130936,-0.0917939767241478,-9.814199447631836,-0.008187495172023773,0.01182236522436142,-0.00014449252921622247,92.0,16.02400016784668
1776232869.1636295,2026-04-15T06:01:09.163630,attack_circle_gpsinput_drift,02,47.397972499999995,8.546163199999999,2.186000108718872,1.9730000495910645,-0.05999999865889549,0.05999999865889549,-1.2799999713897705,-0.06978760659694672,-0.09472327679395676,-9.773336410522461,-0.006241773720830679,0.011810698546469212,0.0011183918686583638,92.0,16.02400016784668
1776232869.2796605,2026-04-15T06:01:09.279660,attack_circle_gpsinput_drift,02,47.397972499999995,8.546163199999999,2.186000108718872,1.9730000495910645,-0.05999999865889549,0.05999999865889549,-1.2799999713897705,-0.06978760659694672,-0.09472327679395676,-9.773336410522461,-0.006241773720830679,0.011810698546469212,0.0011183918686583638,92.0,16.02400016784668
1776232869.3821137,2026-04-15T06:01:09.382114,attack_circle_gpsinput_drift,02,47.3979724,8.546163199999999,2.205000162124634,1.9920001029968262,-0.05999999865889549,0.05999999865889549,-1.2799999713897705,-0.06274911016225815,-0.09522666037082672,-9.835993766784668,-0.006347430404275656,0.008064525201916695,0.0011720091570168734,92.0,16.02400016784668
1776232869.5094206,2026-04-15T06:01:09.509421,attack_circle_gpsinput_drift,02,47.3979724,8.546163199999999,2.205000162124634,1.9920001029968262,-0.05999999865889549,0.05999999865889549,-1.2799999713897705,-0.06274911016225815,-0.09522666037082672,-9.835993766784668,-0.006347430404275656,0.008064525201916695,0.0011720091570168734,92.0,16.02400016784668
1776232869.6130006,2026-04-15T06:01:09.613001,attack_circle_gpsinput_drift,02,47.3979724,8.546163199999999,2.205000162124634,1.9920001029968262,-0.05999999865889549,0.05999999865889549,-1.2799999713897705,-0.06274911016225815,-0.09522666037082672,-9.835993766784668,-0.006347430404275656,0.008064525201916695,0.0011720091570168734,92.0,16.02400016784668
1776232869.7173448,2026-04-15T06:01:09.717345,attack_circle_gpsinput_drift,02,47.3979724,8.546163199999999,2.2200000286102295,2.007000207901001,-0.05999999865889549,0.05999999865889549,-1.2799999713897705,-0.06151208654046059,-0.0885225459933281,-9.849235534667969,-0.0071728527545928955,0.006308290176093578,0.00040701296529732645,92.0,16.02400016784668
1776232869.8304422,2026-04-15T06:01:09.830442,attack_circle_gpsinput_drift,02,47.3979724,8.546163199999999,2.2200000286102295,2.007000207901001,-0.05999999865889549,0.05999999865889549,-1.2799999713897705,-0.06151208654046059,-0.0885225459933281,-9.849235534667969,-0.0071728527545928955,0.006308290176093578,0.00040701296529732645,92.0,16.02400016784668
1776232869.9413538,2026-04-15T06:01:09.941354,attack_circle_gpsinput_drift,02,47.3979724,8.546163199999999,2.2200000286102295,2.007000207901001,-0.05999999865889549,0.05999999865889549,-1.2799999713897705,-0.06151208654046059,-0.0885225459933281,-9.849235534667969,-0.0071728527545928955,0.006308290176093578,0.00040701296529732645,92.0,16.02400016784668
1776232870.0653758,2026-04-15T06:01:10.065376,attack_circle_gpsinput_drift,02,47.3979724,8.546163199999999,2.2200000286102295,2.007000207901001,-0.05999999865889549,0.05999999865889549,-1.2799999713897705,-0.0731680616736412,-0.090851329267025,-9.858787536621094,-0.007417543791234493,0.0077026910148561,0.0007644322467967868,92.0,16.02400016784668
1776232870.2280812,2026-04-15T06:01:10.228081,attack_circle_gpsinput_drift,02,47.3979724,8.546163199999999,2.239000082015991,2.0260000228881836,-0.05999999865889549,0.05999999865889549,-1.2799999713897705,-0.0731680616736412,-0.090851329267025,-9.858787536621094,-0.007417543791234493,0.0077026910148561,0.0007644322467967868,92.0,16.02400016784668
1776232870.3486388,2026-04-15T06:01:10.348639,attack_circle_gpsinput_drift,02,47.3979724,8.546163199999999,2.239000082015991,2.0260000228881836,-0.05999999865889549,0.05999999865889549,-1.2799999713897705,-0.0731680616736412,-0.090851329267025,-9.858787536621094,-0.007417543791234493,0.0077026910148561,0.0007644322467967868,92.0,16.02400016784668
1776232870.4525752,2026-04-15T06:01:10.452575,attack_circle_gpsinput_drift,02,47.3979724,8.546163199999999,2.239000082015991,2.0260000228881836,-0.05999999865889549,0.05999999865889549,-1.2799999713897705,-0.0731680616736412,-0.090851329267025,-9.858787536621094,-0.007417543791234493,0.0077026910148561,0.0007644322467967868,92.0,16.02400016784668
1776232870.5533242,2026-04-15T06:01:10.553324,attack_circle_gpsinput_drift,02,47.3979724,8.546163199999999,2.239000082015991,2.0260000228881836,-0.05999999865889549,0.05999999865889549,-1.2799999713897705,-0.0731680616736412,-0.090851329267025,-9.858787536621094,-0.007417543791234493,0.0077026910148561,0.0007644322467967868,92.0,16.02400016784668
1776232870.6660197,2026-04-15T06:01:10.666020,attack_circle_gpsinput_drift,02,47.3979724,8.546163199999999,2.258000135421753,2.0450000762939453,-0.05999999865889549,0.05999999865889549,-1.2799999713897705,-0.07408660650253296,-0.09516748040914536,-9.858427047729492,-0.006611653603613377,0.009827129542827606,-0.00021867567556910217,92.0,16.02400016784668
1776232870.7969942,2026-04-15T06:01:10.796994,attack_circle_gpsinput_drift,02,47.3979724,8.546163199999999,2.258000135421753,2.0450000762939453,-0.05999999865889549,0.05999999865889549,-1.2799999713897705,-0.07408660650253296,-0.09516748040914536,-9.858427047729492,-0.006611653603613377,0.009827129542827606,-0.00021867567556910217,92.0,16.02400016784668
1776232870.9340613,2026-04-15T06:01:10.934061,attack_circle_gpsinput_drift,02,47.3979724,8.546163199999999,2.258000135421753,2.0450000762939453,-0.05999999865889549,0.05999999865889549,-1.2799999713897705,-0.07408660650253296,-0.09516748040914536,-9.858427047729492,-0.006611653603613377,0.009827129542827606,-0.00021867567556910217,92.0,16.02400016784668
1776232871.0357463,2026-04-15T06:01:11.035746,attack_circle_gpsinput_drift,02,47.3979724,8.546163199999999,2.258000135421753,2.0450000762939453,-0.05999999865889549,0.05999999865889549,-1.2799999713897705,-0.07408660650253296,-0.09516748040914536,-9.858427047729492,-0.006611653603613377,0.009827129542827606,-0.00021867567556910217,92.0,16.02400016784668
1776232871.145507,2026-04-15T06:01:11.145507,attack_circle_gpsinput_drift,02,47.3979724,8.5461633,2.2870001792907715,2.074000120162964,-0.05999999865889549,0.05999999865889549,-1.2799999713897705,-0.06700275838375092,-0.09884028881788254,-9.798254013061523,-0.007159150205552578,0.011015101335942745,-0.000522606133017689,92.0,16.02400016784668
1776232871.2490401,2026-04-15T06:01:11.249040,attack_circle_gpsinput_drift,02,47.3979724,8.5461633,2.2870001792907715,2.074000120162964,-0.05999999865889549,0.05999999865889549,-1.2799999713897705,-0.06700275838375092,-0.09884028881788254,-9.798254013061523,-0.007159150205552578,0.011015101335942745,-0.000522606133017689,92.0,16.02400016784668
1776232871.351855,2026-04-15T06:01:11.351855,attack_circle_gpsinput_drift,02,47.3979724,8.5461633,2.2870001792907715,2.074000120162964,-0.05999999865889549,0.05999999865889549,-1.2799999713897705,-0.06700275838375092,-0.09884028881788254,-9.798254013061523,-0.007159150205552578,0.011015101335942745,-0.000522606133017689,92.0,16.02400016784668
1776232871.4561367,2026-04-15T06:01:11.456137,attack_circle_gpsinput_drift,02,47.3979724,8.5461633,2.2870001792907715,2.074000120162964,-0.05999999865889549,0.05999999865889549,-1.2799999713897705,-0.06700275838375092,-0.09884028881788254,-9.798254013061523,-0.007159150205552578,0.011015101335942745,-0.000522606133017689,92.0,16.02400016784668
1776232871.571126,2026-04-15T06:01:11.571126,attack_circle_gpsinput_drift,02,47.3979724,8.5461633,2.2870001792907715,2.074000120162964,-0.05999999865889549,0.05999999865889549,-1.2799999713897705,-0.06700275838375092,-0.09884028881788254,-9.798254013061523,-0.007159150205552578,0.011015101335942745,-0.000522606133017689,92.0,16.02400016784668
1776232871.683363,2026-04-15T06:01:11.683363,attack_circle_gpsinput_drift,02,47.3979724,8.5461633,2.2870001792907715,2.074000120162964,-0.05999999865889549,0.05999999865889549,-1.2799999713897705,-0.06700275838375092,-0.09884028881788254,-9.798254013061523,-0.007159150205552578,0.011015101335942745,-0.000522606133017689,92.0,16.02400016784668
1776232871.7919016,2026-04-15T06:01:11.791902,attack_circle_gpsinput_drift,02,47.3979724,8.5461633,2.305999994277954,2.0930001735687256,-0.05999999865889549,0.05999999865889549,-1.2799999713897705,-0.06810823082923889,-0.09602139890193939,-9.85192584991455,-0.0061936154961586,0.010514711029827595,0.00029960996471345425,92.0,16.02400016784668
1776232871.902125,2026-04-15T06:01:11.902125,attack_circle_gpsinput_drift,02,47.3979724,8.5461633,2.305999994277954,2.0930001735687256,-0.05999999865889549,0.05999999865889549,-1.2799999713897705,-0.06810823082923889,-0.09602139890193939,-9.85192584991455,-0.0061936154961586,0.010514711029827595,0.00029960996471345425,92.0,16.02400016784668
1776232872.0106597,2026-04-15T06:01:12.010660,attack_circle_gpsinput_drift,02,47.3979724,8.5461633,2.305999994277954,2.0930001735687256,-0.05999999865889549,0.05999999865889549,-1.2799999713897705,-0.06810823082923889,-0.09602139890193939,-9.85192584991455,-0.0061936154961586,0.010514711029827595,0.00029960996471345425,92.0,16.02400016784668
1776232872.1361022,2026-04-15T06:01:12.136102,attack_circle_gpsinput_drift,02,47.3979724,8.5461633,2.305999994277954,2.0930001735687256,-0.05999999865889549,0.05999999865889549,-1.2799999713897705,-0.06810823082923889,-0.09602139890193939,-9.85192584991455,-0.0061936154961586,0.010514711029827595,0.00029960996471345425,92.0,16.02400016784668
1776232872.2660375,2026-04-15T06:01:12.266037,attack_circle_gpsinput_drift,02,47.3979724,8.5461633,2.305999994277954,2.0930001735687256,-0.05999999865889549,0.05999999865889549,-1.2799999713897705,-0.06810823082923889,-0.09602139890193939,-9.85192584991455,-0.0061936154961586,0.010514711029827595,0.00029960996471345425,92.0,16.02400016784668
1776232872.3775218,2026-04-15T06:01:12.377522,attack_circle_gpsinput_drift,02,47.3979724,8.5461633,2.305999994277954,2.0930001735687256,-0.05999999865889549,0.05999999865889549,-1.2799999713897705,-0.06810823082923889,-0.09602139890193939,-9.85192584991455,-0.0061936154961586,0.010514711029827595,0.00029960996471345425,92.0,16.02400016784668
1776232872.4960482,2026-04-15T06:01:12.496048,attack_circle_gpsinput_drift,02,47.3979724,8.5461633,2.305999994277954,2.0930001735687256,-0.05999999865889549,0.05999999865889549,-1.2799999713897705,-0.06810823082923889,-0.09602139890193939,-9.85192584991455,-0.0061936154961586,0.010514711029827595,0.00029960996471345425,92.0,16.02400016784668
1776232872.6079993,2026-04-15T06:01:12.607999,attack_circle_gpsinput_drift,02,47.3979724,8.5461633,2.3340001106262207,2.121000051498413,-0.05999999865889549,0.05999999865889549,-1.2899999618530273,-0.07027196884155273,-0.09269063919782639,-9.83658504486084,-0.005374762695282698,0.00899102259427309,0.001112339785322547,92.0,16.02400016784668
1776232872.710923,2026-04-15T06:01:12.710923,attack_circle_gpsinput_drift,02,47.3979724,8.5461633,2.3340001106262207,2.121000051498413,-0.05999999865889549,0.05999999865889549,-1.2899999618530273,-0.07027196884155273,-0.09269063919782639,-9.83658504486084,-0.005374762695282698,0.00899102259427309,0.001112339785322547,92.0,16.02400016784668
1776232872.8128533,2026-04-15T06:01:12.812853,attack_circle_gpsinput_drift,02,47.3979724,8.5461633,2.3340001106262207,2.121000051498413,-0.05999999865889549,0.05999999865889549,-1.2899999618530273,-0.07027196884155273,-0.09269063919782639,-9.83658504486084,-0.005374762695282698,0.00899102259427309,0.001112339785322547,92.0,16.02400016784668
1776232872.9289868,2026-04-15T06:01:12.928987,attack_circle_gpsinput_drift,02,47.3979724,8.5461633,2.3340001106262207,2.121000051498413,-0.05999999865889549,0.05999999865889549,-1.2899999618530273,-0.07027196884155273,-0.09269063919782639,-9.83658504486084,-0.005374762695282698,0.00899102259427309,0.001112339785322547,92.0,16.02400016784668
1776232873.1124191,2026-04-15T06:01:13.112419,attack_circle_gpsinput_drift,02,47.3979724,8.5461633,2.3340001106262207,2.121000051498413,-0.05999999865889549,0.05999999865889549,-1.2899999618530273,-0.07861223816871643,-0.091104656457901,-9.867990493774414,-0.004555364605039358,0.007301241159439087,0.0010468661785125732,92.0,16.02400016784668
1776232873.215118,2026-04-15T06:01:13.215118,attack_circle_gpsinput_drift,02,47.3979724,8.5461633,2.3530001640319824,2.140000104904175,-0.05999999865889549,0.05999999865889549,-1.2899999618530273,-0.07861223816871643,-0.091104656457901,-9.867990493774414,-0.004555364605039358,0.007301241159439087,0.0010468661785125732,92.0,16.02400016784668
1776232873.3247876,2026-04-15T06:01:13.324788,attack_circle_gpsinput_drift,02,47.3979724,8.5461633,2.3530001640319824,2.140000104904175,-0.05999999865889549,0.05999999865889549,-1.2899999618530273,-0.07861223816871643,-0.091104656457901,-9.867990493774414,-0.004555364605039358,0.007301241159439087,0.0010468661785125732,92.0,16.02400016784668
1776232873.437352,2026-04-15T06:01:13.437352,attack_circle_gpsinput_drift,02,47.3979724,8.5461633,2.3530001640319824,2.140000104904175,-0.05999999865889549,0.05999999865889549,-1.2899999618530273,-0.07861223816871643,-0.091104656457901,-9.867990493774414,-0.004555364605039358,0.007301241159439087,0.0010468661785125732,92.0,16.02400016784668
1776232873.556582,2026-04-15T06:01:13.556582,attack_circle_gpsinput_drift,02,47.3979724,8.5461633,2.372000217437744,2.1590001583099365,-0.05999999865889549,0.05999999865889549,-1.2899999618530273,-0.07327716052532196,-0.09468762576580048,-9.831798553466797,-0.0036023773718625307,0.00711794150993228,0.00045740132918581367,92.0,16.02400016784668
1776232873.6733341,2026-04-15T06:01:13.673334,attack_circle_gpsinput_drift,02,47.3979724,8.5461633,2.372000217437744,2.1590001583099365,-0.05999999865889549,0.05999999865889549,-1.2899999618530273,-0.07327716052532196,-0.09468762576580048,-9.831798553466797,-0.0036023773718625307,0.00711794150993228,0.00045740132918581367,92.0,16.02400016784668
1776232873.789089,2026-04-15T06:01:13.789089,attack_circle_gpsinput_drift,02,47.3979724,8.5461633,2.372000217437744,2.1590001583099365,-0.05999999865889549,0.05999999865889549,-1.2899999618530273,-0.07327716052532196,-0.09468762576580048,-9.831798553466797,-0.0036023773718625307,0.00711794150993228,0.00045740132918581367,92.0,16.02400016784668
1776232873.8903058,2026-04-15T06:01:13.890306,attack_circle_gpsinput_drift,02,47.3979724,8.5461633,2.372000217437744,2.1590001583099365,-0.05999999865889549,0.05999999865889549,-1.2899999618530273,-0.07327716052532196,-0.09468762576580048,-9.831798553466797,-0.0036023773718625307,0.00711794150993228,0.00045740132918581367,92.0,16.02400016784668
1776232874.000823,2026-04-15T06:01:14.000823,attack_circle_gpsinput_drift,02,47.3979724,8.5461633,2.372000217437744,2.1590001583099365,-0.05999999865889549,0.05999999865889549,-1.2899999618530273,-0.07327716052532196,-0.09468762576580048,-9.831798553466797,-0.0036023773718625307,0.00711794150993228,0.00045740132918581367,92.0,16.02400016784668
