timestamp_unix_s,timestamp_iso,scenario,run_id,lat_deg,lon_deg,abs_alt_m,rel_alt_m,vel_n_m_s,vel_e_m_s,vel_d_m_s,accel_x_mps2,accel_y_mps2,accel_z_mps2,gyro_x_rps,gyro_y_rps,gyro_z_rps,battery_remaining_pct,battery_voltage_v,true_lat_deg,true_lon_deg,label,attack_elapsed_s
1776224708.3978963,2026-04-15T03:45:08.397896,normal_circle,1,47.3979712,8.5461636,0.1370000094175338,-0.1540000140666961,0.0,0.0,0.0199999995529651,-0.0660609826445579,-0.0079307276755571,-9.776238441467283,-8.282233466161415e-05,5.331803549779579e-05,0.0006897139828652,,,47.3979712,8.5461636,normal,0.0
1776224708.5088823,2026-04-15T03:45:08.508883,normal_circle,1,47.3979712,8.5461636,0.1370000094175338,0.0,0.0,0.0,0.0199999995529651,-0.0648015290498733,-0.0074880900792777,-9.772320747375488,0.0001642436982365,-0.0006838490371592,2.5208573788404465e-06,,,47.3979712,8.5461636,normal,0.0
1776224708.6110766,2026-04-15T03:45:08.611077,normal_circle,1,47.3979712,8.5461636,0.1370000094175338,0.0,0.0,0.0,0.0199999995529651,-0.069739706814289,-0.0084813451394438,-9.770044326782228,-0.000439017690951,-0.0003390099736861,0.0006101736216805,,,47.3979712,8.5461636,normal,0.0
1776224708.71415,2026-04-15T03:45:08.714150,normal_circle,1,47.3979712,8.5461636,0.1370000094175338,0.0,0.0,0.0,0.0199999995529651,-0.069739706814289,-0.0084813451394438,-9.770044326782228,-0.000439017690951,-0.0003390099736861,0.0006101736216805,,,47.3979712,8.5461636,normal,0.0
1776224708.8157632,2026-04-15T03:45:08.815763,normal_circle,1,47.3979712,8.5461636,0.1370000094175338,0.0,0.0,0.0,0.0199999995529651,-0.0665300861001014,-0.0091669242829084,-9.776165962219238,0.0001380200410494,0.0002968516491819,-0.000144194549648,,,47.3979712,8.5461636,normal,0.0
1776224708.9323006,2026-04-15T03:45:08.932301,normal_circle,1,47.3979712,8.5461636,0.1370000094175338,0.0,0.0,0.0,0.0199999995529651,-0.0665300861001014,-0.0091669242829084,-9.776165962219238,0.0001380200410494,0.0002968516491819,-0.000144194549648,,,47.3979712,8.5461636,normal,0.0
1776224709.038865,2026-04-15T03:45:09.038865,normal_circle,1,47.3979712,8.5461636,0.1370000094175338,0.0,0.0,0.0,0.0199999995529651,-0.0694784298539161,-0.0034611243754625,-9.770153045654297,-0.0002472185879014,-0.0005122618167661,0.000167439924553,,,47.3979712,8.5461636,normal,0.0
1776224709.1440392,2026-04-15T03:45:09.144039,normal_circle,1,47.3979712,8.5461636,0.1370000094175338,0.0,0.0,0.0,0.0199999995529651,-0.0670510381460189,-0.0104001900181174,-9.780365943908691,0.0006462825112976,-0.0002746296231634,-0.0006361320265568,,,47.3979712,8.5461636,normal,0.0
1776224709.2467704,2026-04-15T03:45:09.246770,normal_circle,1,47.3979712,8.5461636,0.1370000094175338,0.0,0.0,0.0,0.0199999995529651,-0.0653191655874252,-0.0067004049196839,-9.775925636291504,0.0006702496903017,-0.0002082150022033,-7.371787796728313e-05,,,47.3979712,8.5461636,normal,0.0
1776224709.3500218,2026-04-15T03:45:09.350022,normal_circle,1,47.3979712,8.5461636,0.1380000114440918,0.0,0.0,0.0,0.0199999995529651,-0.0671763271093368,-0.0107654705643653,-9.776006698608398,-0.000325499131577,-0.0005480577237904,0.0001174146309494,,,47.3979712,8.5461636,normal,0.0
1776224709.4517732,2026-04-15T03:45:09.451773,normal_circle,1,47.3979712,8.5461636,0.1380000114440918,0.0,0.0,0.0,0.0199999995529651,-0.0591986663639545,-0.0077855545096099,-9.76951026916504,0.0006996236625127,0.0002668432134669,0.0005116366664879,,,47.3979712,8.5461636,normal,0.0
1776224709.5535142,2026-04-15T03:45:09.553514,normal_circle,1,47.3979712,8.5461636,0.1380000114440918,0.0,0.0,0.0,0.0299999993294477,-0.073525071144104,-0.0066490639001131,-9.771504402160645,-1.989757220144384e-05,-0.0002987089392263,0.000352207745891,,,47.3979712,8.5461636,normal,0.0
1776224709.6696672,2026-04-15T03:45:09.669667,normal_circle,1,47.3979712,8.5461636,0.1380000114440918,0.0,0.0,0.0,0.0299999993294477,-0.0664898976683616,-0.0137542961165308,-9.76650619506836,0.0006993485731072,-0.0001235144154634,-5.212107498664409e-05,,,47.3979712,8.5461636,normal,0.0
1776224709.7713058,2026-04-15T03:45:09.771306,normal_circle,1,47.3979712,8.5461636,0.1390000134706497,0.0010000000474974,0.0,0.0,0.0199999995529651,-0.0647174417972564,-0.0131373777985572,-9.772181510925291,-0.0005000940873287,0.0011043592821806,0.0004429320106282,,,47.3979712,8.5461636,normal,0.0
1776224709.877227,2026-04-15T03:45:09.877227,normal_circle,1,47.3979712,8.5461636,0.1400000005960464,0.0020000000949949,0.0,0.0,0.0099999997764825,-0.0698425248265266,-0.0081463512033224,-9.774205207824709,0.0005483673885464,-0.0004239899280946,-0.0002871281467378,,,47.3979712,8.5461636,normal,0.0
1776224709.9788847,2026-04-15T03:45:09.978885,normal_circle,1,47.3979712,8.5461636,0.1410000026226043,0.0040000001899898,0.0,0.0,0.0,-0.0747770890593528,-0.0069041913375258,-9.77385139465332,0.0013614541385322,0.0002553562226239,-0.0008408784633502,,,47.3979712,8.5461636,normal,0.0
1776224710.0865934,2026-04-15T03:45:10.086593,normal_circle,1,47.3979712,8.5461636,0.1410000026226043,0.0040000001899898,0.0,0.0,0.0,-0.0747770890593528,-0.0069041913375258,-9.77385139465332,0.0013614541385322,0.0002553562226239,-0.0008408784633502,,,47.3979712,8.5461636,normal,0.0
1776224710.1917658,2026-04-15T03:45:10.191766,normal_circle,1,47.3979712,8.5461636,0.1440000087022781,0.006000000052154,0.0,0.0,-0.0099999997764825,-0.0648347660899162,-0.0013454600702971,-9.772294998168944,-0.0009093305561691,0.0002314215525984,0.0004532364837359,,,47.3979712,8.5461636,normal,0.0
1776224710.29329,2026-04-15T03:45:10.293290,normal_circle,1,47.3979712,8.5461636,0.1440000087022781,0.006000000052154,0.0,0.0,-0.0099999997764825,-0.0648347660899162,-0.0013454600702971,-9.772294998168944,-0.0009093305561691,0.0002314215525984,0.0004532364837359,,,47.3979712,8.5461636,normal,0.0
1776224710.3978174,2026-04-15T03:45:10.397817,normal_circle,1,47.3979712,8.5461636,0.145000010728836,0.0070000002160668,0.0,0.0,-0.0099999997764825,-0.0653509199619293,-0.0053240335546433,-9.769731521606444,0.0002003470290219,0.000805024523288,-0.0003378157853148,,,47.3979712,8.5461636,normal,0.0
1776224710.501382,2026-04-15T03:45:10.501382,normal_circle,1,47.3979712,8.5461636,0.1469999998807907,0.0100000007078051,0.0,0.0,-0.0199999995529651,-0.0678394138813018,-0.0109332185238599,-9.774453163146973,0.0010057868203148,0.0003734067140612,-0.0003933767438866,,,47.3979712,8.5461636,normal,0.0
1776224710.606127,2026-04-15T03:45:10.606127,normal_circle,1,47.3979712,8.5461636,0.1490000039339065,0.0110000008717179,0.0,0.0,-0.0199999995529651,-0.0674611926078796,-0.0064073158428072,-9.775991439819336,-0.0010820842580869,-0.000545144546777,-5.724827497033402e-05,,,47.3979712,8.5461636,normal,0.0
1776224710.709733,2026-04-15T03:45:10.709733,normal_circle,1,47.3979712,8.5461636,0.1490000039339065,0.0110000008717179,0.0,0.0,-0.0199999995529651,-0.0605497322976589,-0.0162575487047433,-9.765563011169434,-1.1402808013372123e-05,0.0002156292030122,0.0001688524498604,,,47.3979712,8.5461636,normal,0.0
1776224710.812605,2026-04-15T03:45:10.812605,normal_circle,1,47.3979712,8.5461636,0.1530000120401382,0.0150000005960464,0.0,0.0,-0.0299999993294477,-0.071137435734272,-0.0071790856309235,-9.77241325378418,-0.0008442427497357,-0.0001685831375652,-0.0008547334582544,,,47.3979712,8.5461636,normal,0.0
1776224710.917923,2026-04-15T03:45:10.917923,normal_circle,1,47.3979712,8.5461636,0.1530000120401382,0.0150000005960464,0.0,0.0,-0.0299999993294477,-0.071137435734272,-0.0071790856309235,-9.77241325378418,-0.0008442427497357,-0.0001685831375652,-0.0008547334582544,,,47.3979712,8.5461636,normal,0.0
1776224711.019575,2026-04-15T03:45:11.019575,normal_circle,1,47.3979712,8.5461636,0.1550000011920929,0.0180000010877847,0.0,0.0,-0.0299999993294477,-0.0700166597962379,-0.0147390263155102,-9.77926540374756,-0.0001040160059346,-5.2724575652973726e-05,-0.0001704023597994,,,47.3979712,8.5461636,normal,0.0
1776224711.1216896,2026-04-15T03:45:11.121690,normal_circle,1,47.3979712,8.5461636,0.1550000011920929,0.0180000010877847,0.0,0.0,-0.0299999993294477,-0.0700166597962379,-0.0147390263155102,-9.77926540374756,-0.0001040160059346,-5.2724575652973726e-05,-0.0001704023597994,,,47.3979712,8.5461636,normal,0.0
1776224711.223138,2026-04-15T03:45:11.223138,normal_circle,1,47.3979712,8.5461636,0.1570000052452087,0.0200000014156103,0.0,0.0,-0.0399999991059303,-0.0644371733069419,-0.0129703758284449,-9.77495574951172,-0.0003004771715495,0.0008610286749899,8.005918061826378e-05,,,47.3979712,8.5461636,normal,0.0
1776224711.3289008,2026-04-15T03:45:11.328901,normal_circle,1,47.3979712,8.5461636,0.1600000113248825,0.0220000017434358,0.0,0.0,-0.0399999991059303,-0.0692889541387558,-0.0047391369007527,-9.76837921142578,0.0010634523350745,-0.0005922527634538,-0.0009283925173804,,,47.3979712,8.5461636,normal,0.0
1776224711.431635,2026-04-15T03:45:11.431635,normal_circle,1,47.3979712,8.5461636,0.1600000113248825,0.0220000017434358,0.0,0.0,-0.0399999991059303,-0.0692889541387558,-0.0047391369007527,-9.76837921142578,0.0010634523350745,-0.0005922527634538,-0.0009283925173804,,,47.3979712,8.5461636,normal,0.0
1776224711.5430322,2026-04-15T03:45:11.543032,normal_circle,1,47.3979712,8.5461636,0.1620000004768371,0.0240000002086162,0.0,0.0,-0.0399999991059303,-0.0656097754836082,-0.0046554440632462,-9.77063274383545,-0.0006390020134858,0.0001734540564939,-0.0007532958406955,,,47.3979712,8.5461636,normal,0.0
1776224711.6458092,2026-04-15T03:45:11.645809,normal_circle,1,47.3979712,8.5461636,0.1650000065565109,0.0270000007003545,0.0,0.0,-0.0399999991059303,-0.0672161057591438,-0.0082498248666524,-9.777270317077637,0.0002328411064809,-0.0004603715497069,-0.0003004463214892,,,47.3979712,8.5461636,normal,0.0
1776224711.7528946,2026-04-15T03:45:11.752895,normal_circle,1,47.3979712,8.5461636,0.1670000106096267,0.0290000010281801,0.0,0.0,-0.0499999970197677,-0.0753136202692985,-0.0144983464851975,-9.77668571472168,0.0002690751280169,0.0007172036566771,0.0001921435905387,,,47.3979712,8.5461636,normal,0.0
1776224711.8547497,2026-04-15T03:45:11.854750,normal_circle,1,47.3979712,8.5461636,0.1700000017881393,0.0320000015199184,0.0,0.0,-0.0499999970197677,-0.0692984759807586,-0.007348557934165,-9.76279354095459,-0.0003021756419911,-0.0005137011175975,-0.0003212078590877,,,47.3979712,8.5461636,normal,0.0
1776224711.9600198,2026-04-15T03:45:11.960020,normal_circle,1,47.3979712,8.5461636,0.1710000038146972,0.0340000018477439,0.0,0.0,-0.0499999970197677,-0.0677662715315818,-0.0009874373208731,-9.770037651062012,0.0006468115607276,-0.0005890793399885,0.0003959247551392,,,47.3979712,8.5461636,normal,0.0
1776224712.074087,2026-04-15T03:45:12.074087,normal_circle,1,47.3979712,8.5461636,0.1730000078678131,0.0360000021755695,0.0,0.0,-0.0499999970197677,-0.0671293959021568,-0.0036586348433047,-9.772446632385254,-0.0015711907763034,0.0001916614710353,0.0001067654957296,,,47.3979712,8.5461636,normal,0.0
1776224712.1779778,2026-04-15T03:45:12.177978,normal_circle,1,47.3979712,8.5461636,0.1760000139474868,0.038000002503395,0.0,0.0,-0.0499999970197677,-0.0704812705516815,-0.0086555974557995,-9.780470848083496,-0.000135959853651,-1.9981613149866465e-05,0.0009711688617244,,,47.3979712,8.5461636,normal,0.0
1776224712.2813592,2026-04-15T03:45:12.281359,normal_circle,1,47.3979712,8.5461636,0.1790000051259994,0.0410000011324882,0.0,0.0,-0.0499999970197677,-0.065847247838974,-0.004767179954797,-9.776345252990724,9.375945955980568e-05,-0.0009259129874408,0.0009274575277231,,,47.3979712,8.5461636,normal,0.0
1776224712.3851664,2026-04-15T03:45:12.385166,normal_circle,1,47.3979712,8.5461636,0.1800000071525573,0.0430000014603138,0.0,0.0,-0.0499999970197677,-0.0723159089684486,-0.0048413514159619,-9.779340744018556,-0.0002196398563683,-0.0007735179387964,-0.0004109186993446,,,47.3979712,8.5461636,normal,0.0
1776224712.5182598,2026-04-15T03:45:12.518260,normal_circle,1,47.3979712,8.5461636,0.1830000132322311,0.0450000017881393,0.0,0.0,-0.0499999970197677,-0.0668084993958473,-0.0077127995900809,-9.76576805114746,-2.116831819876097e-05,-0.0006958426092751,-0.0013454527361318,,,47.3979712,8.5461636,normal,0.0
1776224712.6195865,2026-04-15T03:45:12.619586,normal_circle,1,47.3979712,8.5461636,0.1850000023841858,0.0470000021159648,0.0,0.0,-0.0599999986588954,-0.0704562366008758,-0.0067427838221192,-9.778434753417969,-4.940912913298234e-05,0.0001896454923553,0.000870753545314,,,47.3979712,8.5461636,normal,0.0
1776224712.7237945,2026-04-15T03:45:12.723794,normal_circle,1,47.3979712,8.5461636,0.1870000064373016,0.050000000745058,0.0,0.0,-0.0599999986588954,-0.0691807717084884,-0.0044060857035219,-9.768993377685549,0.0009243229869753,-0.0002563734888099,0.0002800739894155,,,47.3979712,8.5461636,normal,0.0
1776224712.8260489,2026-04-15T03:45:12.826049,normal_circle,1,47.3979712,8.5461636,0.1890000104904174,0.0510000027716159,0.0,0.0,-0.0599999986588954,-0.070029392838478,-0.0076573411934077,-9.775461196899414,-0.0001974856277229,-0.0004347797948867,8.449106098851189e-05,,,47.3979712,8.5461636,normal,0.0
1776224712.930004,2026-04-15T03:45:12.930004,normal_circle,1,47.3979712,8.5461636,0.1910000145435333,0.0530000030994415,0.0,0.0,-0.0599999986588954,-0.0693401023745536,-0.0034633674658834,-9.771592140197754,0.0005655705463141,-0.000608681642916,-9.648601553635672e-05,,,47.3979712,8.5461636,normal,0.0
1776224713.0323496,2026-04-15T03:45:13.032350,normal_circle,1,47.3979712,8.5461636,0.1930000036954879,0.055000003427267,0.0,0.0,-0.0599999986588954,-0.069537229835987,-0.0087977461516857,-9.779767990112305,-0.0008949242183007,-0.0006802420248277,-0.0001370573590975,,,47.3979712,8.5461636,normal,0.0
1776224713.1339717,2026-04-15T03:45:13.133971,normal_circle,1,47.3979712,8.5461636,0.1940000057220459,0.0570000037550926,0.0,0.0,-0.0599999986588954,-0.0551870577037334,-0.0084259798750281,-9.779518127441406,-0.0001479416096117,-0.0006912717362865,-0.0007743323803879,,,47.3979712,8.5461636,normal,0.0
1776224713.2359014,2026-04-15T03:45:13.235901,normal_circle,1,47.3979712,8.5461636,0.1970000118017196,0.0590000040829181,0.0,0.0,-0.0599999986588954,-0.0724016577005386,-0.0021177511662244,-9.78812313079834,-0.0003371747443452,0.0012409010669216,-0.0001537919742986,,,47.3979712,8.5461636,normal,0.0
1776224713.341944,2026-04-15T03:45:13.341944,normal_circle,1,47.3979712,8.5461636,0.1980000138282776,0.0610000044107437,0.0,0.0,-0.0599999986588954,-0.0703407824039459,-0.0064697079360485,-9.775792121887209,-0.0006700043450109,-0.000675045303069,-0.000151303000166,100.0,16.17500114440918,47.3979712,8.5461636,normal,0.0
1776224713.4447055,2026-04-15T03:45:13.444705,normal_circle,1,47.3979712,8.5461636,0.2000000029802322,0.0630000010132789,0.0,0.0,-0.0599999986588954,-0.0619585514068603,-0.0153936985880136,-9.77912139892578,0.0004596670041792,-0.000358928926289,-0.000128176936414,100.0,16.17500114440918,47.3979712,8.5461636,normal,0.0
1776224713.555797,2026-04-15T03:45:13.555797,normal_circle,1,47.3979712,8.5461636,0.202000007033348,0.0640000030398368,0.0,0.0,-0.0599999986588954,-0.0662494823336601,-0.0121912490576505,-9.771282196044922,-0.0003225961118005,-0.0002670943213161,-0.0007896680617704,100.0,16.17500114440918,47.3979712,8.5461636,normal,0.0
1776224713.6578608,2026-04-15T03:45:13.657861,normal_circle,1,47.3979712,8.5461636,0.203000009059906,0.0650000050663948,0.0,0.0,-0.0599999986588954,-0.0619838498532772,-0.012474768795073,-9.774761199951172,-0.0003921394236385,-0.0002481844858266,-0.0007944693206809,100.0,16.17500114440918,47.3979712,8.5461636,normal,0.0
1776224713.765983,2026-04-15T03:45:13.765983,normal_circle,1,47.3979712,8.5461636,0.2040000110864639,0.0659999996423721,0.0,0.0,-0.0599999986588954,-0.0735902488231659,-0.0079050417989492,-9.780444145202637,0.000392937043216,0.0004961302620358,0.0005146348266862,100.0,16.17500114440918,47.3979712,8.5461636,normal,0.0
1776224713.8707304,2026-04-15T03:45:13.870730,normal_circle,1,47.3979712,8.5461636,0.2060000151395797,0.0680000036954879,0.0,0.0,-0.0599999986588954,-0.0669573321938514,-0.0101859485730528,-9.769675254821776,-0.0001579892850713,0.001140764914453,0.0007880022167228,100.0,16.17500114440918,47.3979712,8.5461636,normal,0.0
1776224713.9728196,2026-04-15T03:45:13.972820,normal_circle,1,47.3979712,8.5461636,0.2070000171661377,0.0700000002980232,0.0,0.0,-0.0599999986588954,-0.0694313645362854,-0.0122204087674617,-9.76980209350586,-3.6514364182949066e-05,1.1391901352908462e-05,-0.0001425517548341,100.0,16.17500114440918,47.3979712,8.5461636,normal,0.0
1776224714.0772023,2026-04-15T03:45:14.077202,normal_circle,1,47.3979712,8.5461636,0.2110000103712082,0.0730000063776969,0.0,0.0,-0.0599999986588954,-0.068377636373043,-0.0189349167048931,-9.770512580871582,0.0010841666953638,0.0001026943937176,-0.0004506682162173,100.0,16.17500114440918,47.3979712,8.5461636,normal,0.0
1776224714.1794012,2026-04-15T03:45:14.179401,normal_circle,1,47.3979712,8.5461636,0.2110000103712082,0.0730000063776969,0.0,0.0,-0.0599999986588954,-0.068377636373043,-0.0189349167048931,-9.770512580871582,0.0010841666953638,0.0001026943937176,-0.0004506682162173,100.0,16.17500114440918,47.3979712,8.5461636,normal,0.0
1776224714.2836597,2026-04-15T03:45:14.283660,normal_circle,1,47.3979712,8.5461636,0.2120000123977661,0.0750000029802322,0.0,0.0,-0.0499999970197677,-0.0658330470323562,-0.008207750506699,-9.767019271850586,-0.0002082737191813,0.0004532367456704,-0.0007569892914034,100.0,16.17500114440918,47.3979712,8.5461636,normal,0.0
1776224714.384864,2026-04-15T03:45:14.384864,normal_circle,1,47.3979712,8.5461636,0.213000014424324,0.0760000050067901,0.0,0.0,-0.0499999970197677,-0.062679573893547,-0.0153911169618368,-9.780606269836426,0.0005110960919409,0.0007757764542475,0.0001106561758206,100.0,16.17500114440918,47.3979712,8.5461636,normal,0.0
1776224714.4880211,2026-04-15T03:45:14.488021,normal_circle,1,47.3979712,8.5461636,0.213000014424324,0.0760000050067901,0.0,0.0,-0.0499999970197677,-0.062679573893547,-0.0153911169618368,-9.780606269836426,0.0005110960919409,0.0007757764542475,0.0001106561758206,100.0,16.17500114440918,47.3979712,8.5461636,normal,0.0
1776224714.590701,2026-04-15T03:45:14.590701,normal_circle,1,47.3979712,8.5461636,0.2150000035762787,0.077000007033348,0.0,0.0,-0.0499999970197677,-0.0688234195113182,-0.0103959282860159,-9.78251838684082,0.0004182859556749,-0.0007444520015269,-8.61701846588403e-05,100.0,16.17500114440918,47.3979712,8.5461636,normal,0.0
1776224714.6970224,2026-04-15T03:45:14.697022,normal_circle,1,47.3979712,8.5461636,0.2160000056028366,0.0780000016093254,0.0,0.0,-0.0499999970197677,-0.0679102763533592,-0.0148208057507872,-9.77185344696045,-0.0002191173989558,-0.0009003878803923,-0.0003864837344735,100.0,16.17500114440918,47.3979712,8.5461636,normal,0.0
1776224714.7987244,2026-04-15T03:45:14.798724,normal_circle,1,47.3979712,8.5461637,0.2170000076293945,0.0800000056624412,0.0,0.0,-0.0499999970197677,-0.0647039487957954,-0.0076080639846622,-9.7714262008667,0.0003526670625433,-0.0001735771656967,0.0015086290659382,100.0,16.17500114440918,47.3979712,8.5461637,normal,0.0
1776224714.904068,2026-04-15T03:45:14.904068,normal_circle,1,47.3979711,8.5461637,0.2180000096559524,0.0810000002384185,0.0,0.0,-0.0499999970197677,-0.0624717362225055,-0.0050010839477181,-9.77708339691162,0.0001114456754294,0.0001517063647042,4.9545313231647015e-05,100.0,16.17500114440918,47.3979711,8.5461637,normal,0.0
1776224715.0128577,2026-04-15T03:45:15.012858,normal_circle,1,47.3979711,8.5461637,0.2190000116825103,0.0820000022649765,0.0,0.0,-0.0499999970197677,-0.0703828111290931,-0.0065652700141072,-9.768506050109863,3.2378020478063263e-06,-0.0003347849706187,0.0002750327985268,100.0,16.17500114440918,47.3979711,8.5461637,normal,0.0
1776224715.1172016,2026-04-15T03:45:15.117202,normal_circle,1,47.3979711,8.5461637,0.2200000137090683,0.0830000042915344,0.0,0.0,-0.0499999970197677,-0.0677216574549675,-0.0033695553429424,-9.770149230957031,0.0004604457644745,0.0002092875511152,-5.618153954856098e-05,100.0,16.17500114440918,47.3979711,8.5461637,normal,0.0
1776224715.2178311,2026-04-15T03:45:15.217831,normal_circle,1,47.3979711,8.5461637,0.2210000157356262,0.0840000063180923,0.0,0.0,-0.0499999970197677,-0.0620165094733238,-0.0064034303650259,-9.770271301269531,-0.000714095425792,1.794889976736158e-05,-0.0004481251235119,100.0,16.17500114440918,47.3979711,8.5461637,normal,0.0
1776224715.3188715,2026-04-15T03:45:15.318871,normal_circle,1,47.3979711,8.5461637,0.2230000048875808,0.0860000029206276,0.0,0.0,-0.0499999970197677,-0.0688562616705894,-0.0073746223933994,-9.769899368286133,0.0008680197643116,-8.159811841323972e-06,0.0014319930924102,100.0,16.17500114440918,47.3979711,8.5461637,normal,0.0
1776224715.423084,2026-04-15T03:45:15.423084,normal_circle,1,47.3979711,8.5461637,0.2250000089406967,0.0870000049471855,0.0,0.0,-0.0499999970197677,-0.0674272999167442,-0.0034051071852445,-9.777560234069824,-0.0002334730525035,-0.0012663145316764,-6.86222774675116e-05,100.0,16.17500114440918,47.3979711,8.5461637,normal,0.0
1776224715.5251143,2026-04-15T03:45:15.525114,normal_circle,1,47.3979711,8.5461637,0.2260000109672546,0.0880000069737434,0.0,0.0,-0.0499999970197677,-0.0624585375189781,-0.0072579276748001,-9.772658348083496,0.0003925527562387,0.0009776911465451,-0.0005431394674815,100.0,16.17500114440918,47.3979711,8.5461637,normal,0.0
1776224715.6271331,2026-04-15T03:45:15.627133,normal_circle,1,47.3979711,8.5461637,0.2270000129938125,0.0890000015497207,0.0,0.0,-0.0399999991059303,-0.0682049021124839,-0.0062026665546,-9.772327423095703,0.0007107606506906,4.809290112461895e-05,-0.0001535700866952,100.0,16.17500114440918,47.3979711,8.5461637,normal,0.0
1776224715.7295158,2026-04-15T03:45:15.729516,normal_circle,1,47.3979711,8.5461637,0.2290000170469284,0.0910000056028366,0.0,0.0,-0.0399999991059303,-0.070036843419075,-0.0109881218522787,-9.77443027496338,-0.0001317438873229,-0.0004365528002381,-0.0003994219296146,100.0,16.17500114440918,47.3979711,8.5461637,normal,0.0
1776224715.8310933,2026-04-15T03:45:15.831093,normal_circle,1,47.3979711,8.5461637,0.2300000041723251,0.0920000076293945,0.0,0.0,-0.0399999991059303,-0.0707891285419464,-0.0098353531211614,-9.777022361755373,-0.0008695197175256,0.0005358973867259,0.00013531697914,100.0,16.17500114440918,47.3979711,8.5461637,normal,0.0
1776224715.9346502,2026-04-15T03:45:15.934650,normal_circle,1,47.3979711,8.5461637,0.231000006198883,0.0930000022053718,0.0,0.0,-0.0399999991059303,-0.0662022978067398,-0.0178898088634014,-9.772968292236328,0.0002451378968544,6.359182589221746e-05,0.0001941251102834,100.0,16.17500114440918,47.3979711,8.5461637,normal,0.0
1776224716.0361538,2026-04-15T03:45:16.036154,normal_circle,1,47.3979711,8.5461637,0.2330000102519989,0.0950000062584877,0.0,0.0,-0.0399999991059303,-0.0625934824347496,-0.0083409817889332,-9.781878471374512,-0.0008157964912243,0.0002278810279676,0.0008327705436386,100.0,16.17500114440918,47.3979711,8.5461637,normal,0.0
1776224716.142387,2026-04-15T03:45:16.142387,normal_circle,1,47.3979711,8.5461637,0.2340000122785568,0.0970000028610229,0.0,0.0,-0.0399999991059303,-0.0695346370339393,0.0054918508976697,-9.774299621582031,0.000188374222489,-0.0008038526866585,0.0003433552919887,100.0,16.17500114440918,47.3979711,8.5461637,normal,0.0
1776224716.2527442,2026-04-15T03:45:16.252744,normal_circle,1,47.3979711,8.5461637,0.2350000143051147,0.0970000028610229,0.0,0.0,-0.0399999991059303,-0.066934235394001,-0.0099775558337569,-9.775480270385742,-8.251197868958116e-05,-0.000606030691415,-0.0006450777873396,100.0,16.17500114440918,47.3979711,8.5461637,normal,0.0
1776224716.3556116,2026-04-15T03:45:16.355612,normal_circle,1,47.3979711,8.5461637,0.2350000143051147,0.0970000028610229,0.0,0.0,-0.0399999991059303,-0.066934235394001,-0.0099775558337569,-9.775480270385742,-8.251197868958116e-05,-0.000606030691415,-0.0006450777873396,100.0,16.17500114440918,47.3979711,8.5461637,normal,0.0
1776224716.4659493,2026-04-15T03:45:16.465949,normal_circle,1,47.3979711,8.5461637,0.2360000163316726,0.0990000069141388,0.0,0.0,-0.0399999991059303,-0.0676567927002906,-0.0100252302363514,-9.778298377990724,0.0007594153285026,0.0001074548927135,3.498993464745581e-06,100.0,16.17500114440918,47.3979711,8.5461637,normal,0.0
1776224716.5728118,2026-04-15T03:45:16.572812,normal_circle,1,47.397971,8.5461637,0.2370000183582306,0.0990000069141388,0.0,0.0,-0.0399999991059303,-0.0674207210540771,-0.0040851514786481,-9.776945114135742,0.0013108777347952,-0.001126104965806,3.909888619091362e-05,100.0,16.17500114440918,47.397971,8.5461637,normal,0.0
1776224716.6790836,2026-04-15T03:45:16.679084,normal_circle,1,47.397971,8.5461637,0.2370000183582306,0.0990000069141388,0.0,0.0,-0.0399999991059303,-0.0674207210540771,-0.0040851514786481,-9.776945114135742,0.0013108777347952,-0.001126104965806,3.909888619091362e-05,100.0,16.17500114440918,47.397971,8.5461637,normal,0.0
1776224716.781712,2026-04-15T03:45:16.781712,normal_circle,1,47.397971,8.5461637,0.2380000054836273,0.1000000014901161,0.0,0.0,-0.0399999991059303,-0.0661879628896713,-0.0063089723698794,-9.770244598388672,-0.0003535714349709,0.0009067030623555,0.000637378601823,100.0,16.17500114440918,47.397971,8.5461637,normal,0.0
1776224716.883969,2026-04-15T03:45:16.883969,normal_circle,1,47.397971,8.5461637,0.2380000054836273,0.101000003516674,0.0,0.0,-0.0299999993294477,-0.0714446976780891,-0.0102616185322403,-9.772939682006836,0.0001648171019041,0.0003441896988078,-0.0003743596607819,100.0,16.17500114440918,47.397971,8.5461637,normal,0.0
1776224716.988752,2026-04-15T03:45:16.988752,normal_circle,1,47.397971,8.5461637,0.2390000075101852,0.1020000055432319,0.0,0.0,-0.0299999993294477,-0.0655795857310295,-0.0163632165640592,-9.776283264160156,0.000607878784649,0.0004531744052655,-0.0015130214160308,100.0,16.17500114440918,47.397971,8.5461637,normal,0.0
1776224717.0907936,2026-04-15T03:45:17.090794,normal_circle,1,47.397971,8.5461637,0.2400000095367431,0.1030000075697898,0.0,0.0,-0.0299999993294477,-0.0709855258464813,-0.0097968634217977,-9.778321266174316,6.22174993623048e-05,-0.0001225449814228,0.0005171014927327,100.0,16.17500114440918,47.397971,8.5461637,normal,0.0
1776224717.1927843,2026-04-15T03:45:17.192785,normal_circle,1,47.397971,8.5461637,0.2410000115633011,0.1040000021457672,0.0,0.0,-0.0299999993294477,-0.0654126927256584,-0.0120866121724247,-9.771568298339844,0.001022667507641,-0.0009394784574396,0.000959062599577,100.0,16.17500114440918,47.397971,8.5461637,normal,0.0
1776224717.2972648,2026-04-15T03:45:17.297265,normal_circle,1,47.397971,8.5461637,0.2430000156164169,0.1050000041723251,0.0,0.0,-0.0299999993294477,-0.0661402121186256,-0.0059187728911638,-9.774863243103027,7.457745141437044e-06,0.0009780243271961,0.0002816555497702,100.0,16.17500114440918,47.397971,8.5461637,normal,0.0
1776224717.4012604,2026-04-15T03:45:17.401260,normal_circle,1,47.397971,8.5461637,0.2430000156164169,0.106000006198883,0.0,0.0,-0.0299999993294477,-0.0680398121476173,0.0014740169281139,-9.775006294250488,-0.0002901411207858,8.238417649408802e-05,-2.899594983318821e-05,100.0,16.17500114440918,47.397971,8.5461637,normal,0.0
1776224717.5041556,2026-04-15T03:45:17.504156,normal_circle,1,47.397971,8.5461637,0.2450000047683715,0.1070000082254409,0.0,0.0,-0.0299999993294477,-0.0746472179889679,-0.0047878264449536,-9.775568962097168,-0.0001404781505698,0.00057950662449,0.0004594781785272,100.0,16.17500114440918,47.397971,8.5461637,normal,0.0
1776224717.6059146,2026-04-15T03:45:17.605915,normal_circle,1,47.397971,8.5461637,0.2450000047683715,0.1080000028014183,0.0,0.0,-0.0299999993294477,-0.0722482651472091,-0.0005194082623347,-9.77420139312744,-0.0001619836402824,5.647052603308112e-06,3.903478864231147e-05,100.0,16.17500114440918,47.397971,8.5461637,normal,0.0
1776224717.7078824,2026-04-15T03:45:17.707882,normal_circle,1,47.397971,8.5461637,0.2470000088214874,0.1100000068545341,0.0,0.0,-0.0299999993294477,-0.0650071129202842,-0.003795750439167,-9.76696491241455,0.0004924745298922,0.0003904904879163,0.0005674465792253,100.0,16.17500114440918,47.397971,8.5461637,normal,0.0
1776224717.8096132,2026-04-15T03:45:17.809613,normal_circle,1,47.397971,8.5461637,0.2480000108480453,0.111000008881092,0.0,0.0,-0.0299999993294477,-0.0558113381266593,-0.0117341093719005,-9.772947311401367,-0.000400403921958,0.0008384773391298,-0.0003235337790101,100.0,16.17500114440918,47.397971,8.5461637,normal,0.0
1776224717.9140534,2026-04-15T03:45:17.914053,normal_circle,1,47.397971,8.5461637,0.2490000128746032,0.111000008881092,0.0,0.0,-0.0299999993294477,-0.0717821642756462,-0.0130172558128833,-9.775484085083008,-7.098597416188568e-05,-0.0012434850214049,0.0004628318711183,100.0,16.17500114440918,47.397971,8.5461637,normal,0.0
1776224718.0164304,2026-04-15T03:45:18.016430,normal_circle,1,47.397971,8.5461637,0.25,0.1120000034570694,0.0,0.0,-0.0199999995529651,-0.0696942061185836,-0.0072643314488232,-9.786198616027832,-0.0011582382721826,-0.0010439748875796,-0.0005669760284945,100.0,16.17500114440918,47.397971,8.5461637,normal,0.0
1776224718.1250951,2026-04-15T03:45:18.125095,normal_circle,1,47.397971,8.5461637,0.25,0.1130000054836273,0.0,0.0,-0.0199999995529651,-0.0668742954730987,-0.0080538699403405,-9.773285865783691,0.0004503139643929,-0.0004269583150744,0.0001734229008434,100.0,16.17500114440918,47.397971,8.5461637,normal,0.0
1776224718.226545,2026-04-15T03:45:18.226545,normal_circle,1,47.397971,8.5461638,0.2510000169277191,0.1140000075101852,0.0,0.0,-0.0199999995529651,-0.0612638033926487,-0.0129529405385255,-9.765575408935549,-0.0008504635770805,-0.0005412806058302,0.0007865617517381,100.0,16.17500114440918,47.397971,8.5461638,normal,0.0
1776224718.3283043,2026-04-15T03:45:18.328305,normal_circle,1,47.397971,8.5461638,0.2520000040531158,0.1140000075101852,0.0,0.0,-0.0199999995529651,-0.0652308389544487,-0.0120147485285997,-9.779622077941896,0.0001103930189856,-0.0009469243814237,-0.0007165223360061,100.0,16.17500114440918,47.397971,8.5461638,normal,0.0
1776224718.4312124,2026-04-15T03:45:18.431212,normal_circle,1,47.397971318034195,8.546164269837853,0.2530000209808349,0.1150000020861625,0.0,0.0,-0.0199999995529651,-0.0686529427766799,-0.0081184888258576,-9.773880958557127,-0.0007123966352082,-0.0002218853624071,-0.0011571423383429,100.0,16.17500114440918,47.397971,8.5461638,attack,0.033
1776224718.5338316,2026-04-15T03:45:18.533832,normal_circle,1,47.39797229763179,8.546165717015636,0.2530000209808349,0.1160000041127204,0.0,0.0,-0.0199999995529651,-0.0653805881738662,-0.0150718381628394,-9.769697189331056,0.0009229831048287,-0.0002656940196175,0.0002438481897115,100.0,16.17500114440918,47.397971,8.5461638,attack,0.136
1776224718.6419044,2026-04-15T03:45:18.641904,normal_circle,1,47.397973329289044,8.546167241102143,0.2540000081062317,0.1170000061392784,0.0,0.0,-0.0199999995529651,-0.0656760334968566,-0.0087871747091412,-9.775686264038086,-0.0001657375833019,0.0005399197689257,1.0146901331609117e-05,100.0,16.17500114440918,47.397971,8.5461638,attack,0.244
1776224718.7429526,2026-04-15T03:45:18.742953,normal_circle,1,47.39797429389052,8.546168666125883,0.2550000250339508,0.1170000061392784,0.0,0.0,-0.0199999995529651,-0.0700663030147552,-0.0043429108336567,-9.773167610168455,-6.250209844438359e-05,0.0003612782456912,0.0001049042330123,100.0,16.17500114440918,47.397971,8.5461638,attack,0.345
1776224718.8478258,2026-04-15T03:45:18.847826,normal_circle,1,47.39797529500477,8.546170145090633,0.2560000121593475,0.1180000081658363,0.0,0.0,-0.0199999995529651,-0.0722626373171806,-0.0077989720739424,-9.770074844360352,-9.909857180900872e-05,0.0010885789524763,-0.0003067631623707,100.0,16.17500114440918,47.397971,8.5461638,attack,0.45
1776224718.9498212,2026-04-15T03:45:18.949821,normal_circle,1,47.39797626864852,8.5461715834727,0.2560000121593475,0.1190000027418136,0.0,0.0,-0.0099999997764825,-0.0669521689414978,-0.0042993952520191,-9.7746000289917,0.0008313047001138,-9.098144801100716e-05,-0.0009252307354472,100.0,16.17500114440918,47.397971,8.5461638,attack,0.552
1776224719.0592458,2026-04-15T03:45:19.059246,normal_circle,1,47.39797731321031,8.546173126623316,0.2569999992847442,0.1190000027418136,0.0,0.0,-0.0099999997764825,-0.0647184327244758,-0.0022495258599519,-9.777151107788086,2.2455447833635844e-05,-0.0007225446170195,6.889909855090082e-06,100.0,16.17500114440918,47.397971,8.5461638,attack,0.661
1776224719.1600597,2026-04-15T03:45:19.160060,normal_circle,1,47.397978275574545,8.54617454834194,0.2569999992847442,0.1200000047683715,0.0,0.0,-0.0099999997764825,-0.0749979019165039,-0.010059711523354,-9.776556015014648,-0.000430564454291,-0.00013571557065,-1.1453512342995964e-05,100.0,16.17500114440918,47.397971,8.5461638,attack,0.762
1776224719.2618704,2026-04-15T03:45:19.261870,normal_circle,1,47.39797924745445,8.546175984118241,0.2569999992847442,0.1200000047683715,0.0,0.0,-0.0099999997764825,-0.0754617378115654,-0.000634474097751,-9.779044151306152,-0.0003670720325317,0.0003304561541881,-5.802376108476892e-05,100.0,16.17500114440918,47.397971,8.5461638,attack,0.864
1776224719.3732631,2026-04-15T03:45:19.373263,normal_circle,1,47.397980310804066,8.546177555024453,0.2569999992847442,0.1200000047683715,0.0,0.0,-0.0099999997764825,-0.0709332600235939,-0.003903625998646,-9.774078369140623,-0.0002646304783411,0.0008371189469471,1.9835217244690284e-05,100.0,16.17500114440918,47.397971,8.5461638,attack,0.975
1776224719.5060756,2026-04-15T03:45:19.506076,normal_circle,1,47.39798157862569,8.546179428000986,0.2580000162124634,0.1200000047683715,0.0,0.0,-0.0099999997764825,-0.0629936009645462,-0.0077405157499015,-9.764699935913086,0.0003617540060076,-0.0010270586935803,-0.0008469388703815,100.0,16.17500114440918,47.397971,8.5461638,attack,1.108
1776224719.6109035,2026-04-15T03:45:19.610904,normal_circle,1,47.39798267930752,8.546180906326935,0.2580000162124634,0.1200000047683715,0.0,0.0099999997764825,-0.0099999997764825,-0.0638771429657936,-0.0123853143304586,-9.780106544494627,-0.0010454156436026,-0.0009846525499597,-0.0001735484984237,100.0,16.17500114440918,47.3979711,8.5461638,attack,1.213
1776224719.714226,2026-04-15T03:45:19.714226,normal_circle,1,47.39798366561911,8.546182363423439,0.2580000162124634,0.1200000047683715,0.0,0.0099999997764825,-0.0099999997764825,-0.0697918906807899,-0.0079915048554539,-9.778295516967772,-0.0003440206055529,-0.0012592424172908,-0.0008423430263064,100.0,16.17500114440918,47.3979711,8.5461638,attack,1.316
1776224719.8162854,2026-04-15T03:45:19.816285,normal_circle,1,47.3979846398728,8.546183802706599,0.2580000162124634,0.1200000047683715,0.0,0.0099999997764825,-0.0099999997764825,-0.0666064694523811,-0.0104393362998962,-9.776778221130373,0.0003361770068295,0.0006550840334966,0.0002824720577336,100.0,16.17500114440918,47.3979711,8.5461638,attack,1.418
1776224719.921921,2026-04-15T03:45:19.921921,normal_circle,1,47.39798564826549,8.546185292423914,0.2580000162124634,0.1200000047683715,0.0,0.0099999997764825,-0.0099999997764825,-0.0687320753931999,-0.0094105042517185,-9.77778148651123,-0.0004404314095154,0.0004693555238191,0.0005386322154663,100.0,16.17500114440918,47.3979711,8.5461638,attack,1.524
1776224720.025154,2026-04-15T03:45:20.025154,normal_circle,1,47.3979866337236,8.546186748259563,0.2580000162124634,0.1200000047683715,0.0,0.0099999997764825,-0.0099999997764825,-0.06120141223073,-0.0137793496251106,-9.764852523803713,-8.358568447874859e-05,-0.0003679873771034,-0.0007276142132468,100.0,16.17500114440918,47.3979711,8.5461638,attack,1.627
1776224720.1289818,2026-04-15T03:45:20.128982,normal_circle,1,47.39798762485789,8.54618821248073,0.2580000162124634,0.1200000047683715,0.0,0.0099999997764825,-0.0099999997764825,-0.0692784115672111,-0.0053110918961465,-9.777488708496094,0.0015532615361735,-0.0011853741016238,-3.099150490015745e-05,100.0,16.17500114440918,47.3979711,8.5461638,attack,1.731
1776224720.2311478,2026-04-15T03:45:20.231148,normal_circle,1,47.39798860012893,8.546189653266829,0.2580000162124634,0.1200000047683715,0.0,0.0099999997764825,-0.0099999997764825,-0.073073998093605,-0.0076757841743528,-9.776007652282717,-0.0002035165962297,-0.0001954750041477,-0.0011546855093911,100.0,16.17500114440918,47.3979711,8.5461638,attack,1.833
1776224720.340346,2026-04-15T03:45:20.340346,normal_circle,1,47.39798964253087,8.546191193226646,0.2569999992847442,0.1200000047683715,0.0,0.0099999997764825,0.0,-0.0602165162563324,-0.0079859923571348,-9.76755142211914,0.00037710860488,-0.0005351575091481,-0.0004074409371241,100.0,16.17500114440918,47.3979711,8.5461638,attack,1.942
1776224720.4421835,2026-04-15T03:45:20.442184,normal_circle,1,47.39799061466567,8.546192629379528,0.2569999992847442,0.1200000047683715,0.0,0.0099999997764825,0.0,-0.0656000077724456,-0.0133692389354109,-9.78494930267334,0.000327652436681,0.0001180962353828,0.0006373960059136,100.0,16.17500114440918,47.3979711,8.5461638,attack,2.044
1776224720.544845,2026-04-15T03:45:20.544845,normal_circle,1,47.397991594668376,8.546194077155798,0.2569999992847442,0.1190000027418136,0.0,0.0099999997764825,0.0,-0.0644822195172309,-0.0052206027321517,-9.770405769348145,-0.0004111934104003,-0.000436580972746,0.0005783549859188,100.0,16.17500114440918,47.3979711,8.5461638,attack,2.147
1776224720.6491342,2026-04-15T03:45:20.649134,normal_circle,1,47.3979925902066,8.546195547882972,0.2569999992847442,0.1190000027418136,0.0,0.0099999997764825,0.0,-0.0617079399526119,-0.0051864157430827,-9.772467613220217,-0.0009695722837932,-9.006739855976775e-05,-0.0004811017424799,100.0,16.17500114440918,47.3979711,8.5461638,attack,2.251
1776224720.752065,2026-04-15T03:45:20.752065,normal_circle,1,47.39799357277883,8.546196999455255,0.2569999992847442,0.1190000027418136,0.0,0.0099999997764825,0.0,-0.0647752657532692,-0.0139671890065073,-9.771273612976074,0.0002666939981281,-1.34661968331784e-06,-0.0003834370581898,100.0,16.17500114440918,47.3979711,8.5461638,attack,2.354
1776224720.8540766,2026-04-15T03:45:20.854077,normal_circle,1,47.397994546577344,8.546198438065959,0.2569999992847442,0.1190000027418136,0.0,0.0099999997764825,0.0,-0.0647752657532692,-0.0139671890065073,-9.771273612976074,0.0002666939981281,-1.34661968331784e-06,-0.0003834370581898,100.0,16.17500114440918,47.3979711,8.5461638,attack,2.456
1776224720.9569736,2026-04-15T03:45:20.956974,normal_circle,1,47.39799552882639,8.546199889160798,0.2560000121593475,0.1190000027418136,0.0,0.0099999997764825,0.0,-0.0651883259415626,-0.0062208594754338,-9.77100944519043,0.0005850835004821,0.000609497539699,-0.0002919965481851,100.0,16.17500114440918,47.3979711,8.5461638,attack,2.559
1776224721.0637531,2026-04-15T03:45:21.063753,normal_circle,1,47.397996548139,8.546201395010318,0.2560000121593475,0.1190000027418136,0.0,0.0099999997764825,0.0,-0.0659592822194099,-0.007854220457375,-9.76990795135498,-0.0006265953998081,-0.0003263840044382,3.36854973284062e-05,100.0,16.17500114440918,47.3979711,8.5461638,attack,2.666
1776224721.173319,2026-04-15T03:45:21.173319,normal_circle,1,47.397997594050416,8.546203040154765,0.2560000121593475,0.1180000081658363,0.0,0.0099999997764825,0.0,-0.0659592822194099,-0.007854220457375,-9.76990795135498,-0.0006265953998081,-0.0003263840044382,3.36854973284062e-05,100.0,16.17500114440918,47.3979711,8.5461639,attack,2.775
1776224721.2797472,2026-04-15T03:45:21.279747,normal_circle,1,47.3979986100083,8.546204541048288,0.2560000121593475,0.1180000081658363,0.0,0.0099999997764825,0.0,-0.0718405693769455,-0.0094534894451498,-9.768847465515137,0.0006399264093488,0.0001857677125371,-0.0002484766300767,100.0,16.17500114440918,47.3979711,8.5461639,attack,2.882
1776224721.391336,2026-04-15T03:45:21.391336,normal_circle,1,47.397999675228725,8.546206114718295,0.2550000250339508,0.1180000081658363,0.0,0.0099999997764825,0.0,-0.0661870017647743,-0.0170091688632965,-9.775287628173828,-0.0016295103123411,-1.1071871995227411e-05,-0.0007114383624866,100.0,16.17500114440918,47.3979711,8.5461639,attack,2.993
1776224721.4939256,2026-04-15T03:45:21.493926,normal_circle,1,47.3980006545441,8.546207561479159,0.2550000250339508,0.1180000081658363,0.0,0.0099999997764825,0.0,-0.063885748386383,-0.0027275441680103,-9.77178192138672,-0.0005034446949139,4.33602835983038e-05,-0.0003714179911185,100.0,16.17500114440918,47.3979711,8.5461639,attack,3.096
1776224721.597176,2026-04-15T03:45:21.597176,normal_circle,1,47.39800164016836,8.546209017560255,0.2550000250339508,0.1170000061392784,0.0,0.0099999997764825,0.0,-0.063885748386383,-0.0027275441680103,-9.77178192138672,-0.0005034446949139,4.33602835983038e-05,-0.0003714179911185,100.0,16.17500114440918,47.3979711,8.5461639,attack,3.199
1776224721.7041566,2026-04-15T03:45:21.704157,normal_circle,1,47.39800266139957,8.546210526244172,0.2550000250339508,0.1170000061392784,0.0,0.0099999997764825,0.0,-0.0652965828776359,-0.0069596441462635,-9.780868530273438,-0.0005129547789692,8.679262828081846e-05,-0.0010340344160795,100.0,16.17500114440918,47.3979711,8.5461639,attack,3.306
1776224721.806873,2026-04-15T03:45:21.806873,normal_circle,1,47.39800364192574,8.546211974793767,0.2540000081062317,0.1170000061392784,0.0,0.0099999997764825,0.0,-0.0660654753446579,-0.0099093839526176,-9.77102279663086,-4.312157398089767e-05,-0.0005421582609415,-5.087173485662788e-05,100.0,16.17500114440918,47.3979711,8.5461639,attack,3.409
1776224721.9137914,2026-04-15T03:45:21.913791,normal_circle,1,47.39800466256294,8.546213482600132,0.2540000081062317,0.1160000041127204,0.0,0.0099999997764825,0.0,-0.0735465735197067,0.0010127353016287,-9.774154663085938,-0.0004454309528227,-0.0002448736340738,0.0001720166183076,100.0,16.17500114440918,47.3979711,8.5461639,attack,3.516
1776224722.021111,2026-04-15T03:45:22.021111,normal_circle,1,47.398005687030526,8.546214996065208,0.2530000209808349,0.1160000041127204,0.0,0.0099999997764825,0.0,-0.0723945870995521,-0.0087400591000914,-9.76215934753418,0.0005494988290593,0.0004253576626069,0.0003224539104849,97.0,16.115001678466797,47.3979711,8.5461639,attack,3.623
1776224722.1231675,2026-04-15T03:45:22.123168,normal_circle,1,47.398006661256915,8.54621643530802,0.2530000209808349,0.1150000020861625,0.0,0.0099999997764825,0.0,-0.0604313649237155,-0.0046096197329461,-9.778560638427734,-0.0007058579358272,4.97955406899564e-05,0.0001431257405783,97.0,16.115001678466797,47.3979711,8.5461639,attack,3.725
1776224722.2308874,2026-04-15T03:45:22.230887,normal_circle,1,47.3980076895458,8.54621795441836,0.2520000040531158,0.1140000075101852,0.0,0.0099999997764825,0.0,-0.0755038857460022,-0.0082144932821393,-9.781461715698242,-0.0002976566029246,-0.0003341455594636,-1.7188285710290074e-06,97.0,16.115001678466797,47.3979711,8.5461639,attack,3.833
1776224722.332732,2026-04-15T03:45:22.332732,normal_circle,1,47.39800866174888,8.546219390672107,0.2510000169277191,0.1140000075101852,0.0,0.0099999997764825,0.0,-0.0640237107872963,-0.0138545017689466,-9.771979331970217,0.0001135032798629,0.0010338969295844,-0.0002553521480876,97.0,16.115001678466797,47.3979711,8.5461639,attack,3.935
1776224722.436993,2026-04-15T03:45:22.436993,normal_circle,1,47.39800965701854,8.546220861002533,0.2510000169277191,0.1130000054836273,0.0,0.0099999997764825,0.0,-0.0702790692448616,-0.00405358010903,-9.77255630493164,-7.774891128065065e-05,-0.0003513440024107,-0.000615147058852,97.0,16.115001678466797,47.3979711,8.5461639,attack,4.039
1776224722.54004,2026-04-15T03:45:22.540040,normal_circle,1,47.39801064070143,8.546222314215607,0.2510000169277191,0.1130000054836273,0.0,0.0099999997764825,0.0,-0.0659675747156143,-0.0116619318723678,-9.779022216796877,-0.0005775045719929,0.0001335602428298,0.0007456946768797,97.0,16.115001678466797,47.3979711,8.5461639,attack,4.142
1776224722.6416852,2026-04-15T03:45:22.641685,normal_circle,1,47.398011611001834,8.546223747658491,0.25,0.1120000034570694,0.0,0.0099999997764825,0.0,-0.06541608273983,-0.0062420638278126,-9.773805618286133,0.0003785038134083,-0.0005429179873317,-0.0007382173207588,97.0,16.115001678466797,47.3979711,8.5461639,attack,4.244
1776224722.7447538,2026-04-15T03:45:22.744754,normal_circle,1,47.39801259488956,8.54622520117417,0.2490000128746032,0.1120000034570694,0.0,0.0099999997764825,0.0,-0.0700112357735633,-0.0116760842502117,-9.767824172973633,0.0002134874084731,0.0005220676539465,-0.0003003884630743,97.0,16.115001678466797,47.3979711,8.5461639,attack,4.347
1776224722.8471906,2026-04-15T03:45:22.847191,normal_circle,1,47.39801357274605,8.546226645779814,0.2490000128746032,0.111000008881092,0.0,0.0099999997764825,0.0,-0.0692426338791847,0.0018593054264783,-9.762266159057615,-0.0004505516262724,-0.0009352539200335,0.0001607942976988,97.0,16.115001678466797,47.3979711,8.5461639,attack,4.449
1776224722.954126,2026-04-15T03:45:22.954126,normal_circle,1,47.39801459354484,8.5462281538249,0.2480000108480453,0.111000008881092,0.0,0.0099999997764825,0.0,-0.0618283152580261,-0.0111590707674622,-9.77115249633789,0.000579270767048,6.871571531519294e-05,0.0004014738951809,97.0,16.115001678466797,47.3979711,8.5461639,attack,4.556
1776224723.0567522,2026-04-15T03:45:23.056752,normal_circle,1,47.39801557321071,8.546229601103555,0.2470000088214874,0.1090000048279762,0.0,0.0099999997764825,0.0,-0.0701545253396034,0.0010063381632789,-9.782833099365234,0.0002597787533886,1.080683432519436e-06,-0.0014424576656892,97.0,16.115001678466797,47.3979711,8.5461639,attack,4.659
1776224723.1583312,2026-04-15T03:45:23.158331,normal_circle,1,47.39801654287841,8.546231033611727,0.2470000088214874,0.1090000048279762,0.0,0.0099999997764825,0.0,-0.0701545253396034,0.0010063381632789,-9.782833099365234,0.0002597787533886,1.080683432519436e-06,-0.0014424576656892,97.0,16.115001678466797,47.3979711,8.5461639,attack,4.76
1776224723.263282,2026-04-15T03:45:23.263282,normal_circle,1,47.398017544734614,8.546232513672582,0.2460000067949295,0.1090000048279762,0.0,0.0099999997764825,0.0099999997764825,-0.0737382397055625,-0.0050826258957386,-9.774234771728516,-8.562977018300444e-05,-0.0003299997770227,0.0002501507988199,97.0,16.115001678466797,47.3979711,8.5461639,attack,4.865
1776224723.3701,2026-04-15T03:45:23.370100,normal_circle,1,47.39801856441364,8.546234020063427,0.2450000047683715,0.1080000028014183,0.0,0.0099999997764825,0.0099999997764825,-0.0679116249084472,-0.0049663251265883,-9.773652076721191,-0.001038318965584,-3.257265416323207e-05,-0.0003665911208372,97.0,16.115001678466797,47.3979711,8.5461639,attack,4.972
1776224723.473868,2026-04-15T03:45:23.473868,normal_circle,1,47.39801955497667,8.546235483440663,0.2440000176429748,0.1070000082254409,0.0,0.0099999997764825,0.0099999997764825,-0.064036026597023,-0.0127774784341454,-9.777473449707031,-0.0005979025736451,0.0009840304264798,-5.86163587286137e-05,97.0,16.115001678466797,47.3979711,8.5461639,attack,5.076
1776224723.576601,2026-04-15T03:45:23.576601,normal_circle,1,47.398020535662155,8.546236932225618,0.2430000156164169,0.106000006198883,0.0,0.0099999997764825,0.0099999997764825,-0.0622252337634563,-0.0115047506988048,-9.777549743652344,-0.0009103195625357,0.0005257666343823,-0.0002003369299927,97.0,16.115001678466797,47.3979711,8.5461639,attack,5.179
1776224723.678013,2026-04-15T03:45:23.678013,normal_circle,1,47.3980215037367,8.546238362380196,0.242000013589859,0.1050000041723251,0.0,0.0099999997764825,0.0099999997764825,-0.0627466589212417,-0.003058997914195,-9.778860092163086,0.0005357087356969,-0.0005760813364759,0.0002657963486853,97.0,16.115001678466797,47.3979711,8.5461639,attack,5.28
1776224723.7808042,2026-04-15T03:45:23.780804,normal_circle,1,47.398022484975236,8.546239811982185,0.2410000115633011,0.1040000021457672,0.0,0.0099999997764825,0.0099999997764825,-0.0755470767617225,-0.0030697174370288,-9.77340030670166,-0.0001372873521177,0.0002137135161319,-0.0001274194510187,97.0,16.115001678466797,47.3979711,8.5461639,attack,5.383
1776224723.8817863,2026-04-15T03:45:23.881786,normal_circle,1,47.398023448946276,8.546241236074577,0.2410000115633011,0.1030000075697898,0.0,0.0099999997764825,0.0099999997764825,-0.0606237277388572,-0.0044502085074782,-9.773605346679688,-0.0004292798985261,0.0007717535481788,-0.0007591053145006,97.0,16.115001678466797,47.3979711,8.5461639,attack,5.484
1776224723.9878,2026-04-15T03:45:23.987800,normal_circle,1,47.39802446094631,8.5462427311211,0.2400000095367431,0.1020000055432319,0.0,0.0099999997764825,0.0099999997764825,-0.0633877962827682,-0.0153107279911637,-9.771060943603516,-0.0001736895937938,-0.0016896481392905,-0.0006241993978619,97.0,16.115001678466797,47.3979711,8.5461639,attack,5.59
1776224724.0910804,2026-04-15T03:45:24.091080,normal_circle,1,47.39802544685733,8.546244187625842,0.2380000054836273,0.1000000014901161,0.0,0.0099999997764825,0.0099999997764825,-0.0685505047440528,-0.0037106447853147,-9.772282600402832,0.0001592010667081,-0.0002596067497506,-0.0003944432246498,97.0,16.115001678466797,47.3979711,8.5461639,attack,5.693
1776224724.192881,2026-04-15T03:45:24.192881,normal_circle,1,47.39802651864165,8.546245623261086,0.2370000183582306,0.1000000014901161,0.0,0.0099999997764825,0.0099999997764825,-0.0695653408765792,-0.0051206732168793,-9.776653289794922,-0.000261047593085,0.0005472331540659,0.0011452009202912,97.0,16.115001678466797,47.3979712,8.5461639,attack,5.795
1776224724.2965915,2026-04-15T03:45:24.296592,normal_circle,1,47.39802750865618,8.546247085828018,0.2350000143051147,0.0980000048875808,0.0,0.0099999997764825,0.0099999997764825,-0.0656107515096664,-0.0092704752460122,-9.777074813842772,0.0005098554538562,-0.0005303433863446,-0.0004886172246187,97.0,16.115001678466797,47.3979712,8.5461639,attack,5.899
1776224724.3987954,2026-04-15T03:45:24.398795,normal_circle,1,47.39802848428909,8.54624852714872,0.2350000143051147,0.0970000028610229,0.0,0.0099999997764825,0.0199999995529651,-0.0695116966962814,-0.0029710365924984,-9.766176223754885,0.0009601992787793,0.0004213624633848,-0.0003488368238322,97.0,16.115001678466797,47.3979712,8.5461639,attack,6.001
1776224724.500011,2026-04-15T03:45:24.500011,normal_circle,1,47.398029450488266,8.546249954532785,0.2330000102519989,0.096000000834465,0.0,0.0099999997764825,0.0199999995529651,-0.0732029005885124,-0.0010910388082265,-9.761907577514648,-0.0002625341294333,-0.0005910630570724,-0.0004919727216474,97.0,16.115001678466797,47.3979712,8.5461639,attack,6.102
1776224724.6030698,2026-04-15T03:45:24.603070,normal_circle,1,47.398030434282674,8.546251407910614,0.2320000082254409,0.0950000062584877,0.0,0.0099999997764825,0.0199999995529651,-0.0725880339741706,-0.0130424769595265,-9.765886306762695,-0.0004600117972586,-0.0001724585890769,-0.0003936632710974,97.0,16.115001678466797,47.3979712,8.5461639,attack,6.205
1776224724.7079132,2026-04-15T03:45:24.707913,normal_circle,1,47.398031435112436,8.546252886455083,0.231000006198883,0.0940000042319297,0.0,0.0099999997764825,0.0199999995529651,-0.0690173134207725,-0.0075908815488219,-9.77943992614746,-0.000348127563484,4.755543341161683e-05,0.0002157702110707,97.0,16.115001678466797,47.3979712,8.5461639,attack,6.31
1776224724.8088825,2026-04-15T03:45:24.808882,normal_circle,1,47.398032398960574,8.546254310365915,0.2300000041723251,0.0920000076293945,0.0,0.0099999997764825,0.0199999995529651,-0.0680344328284263,-0.0091780107468366,-9.770285606384276,-0.0008030766621232,-0.0001879929186543,-0.0006852718652226,97.0,16.115001678466797,47.3979712,8.5461639,attack,6.411
1776224724.9130156,2026-04-15T03:45:24.913016,normal_circle,1,47.39803339301033,8.546255778894164,0.2290000170469284,0.0920000076293945,0.0,0.0099999997764825,0.0199999995529651,-0.0706935003399849,-0.0079278377816081,-9.769180297851562,-0.000739240378607,2.8426424250938e-05,0.0005796542973257,97.0,16.115001678466797,47.3979712,8.5461639,attack,6.515
1776224725.015324,2026-04-15T03:45:25.015324,normal_circle,1,47.39803436964238,8.546257221690906,0.2280000150203704,0.0900000035762786,0.0,0.0099999997764825,0.0199999995529651,-0.0732004791498184,-0.0064258924685418,-9.778450965881348,-0.0005458199302665,0.0009042611927725,-0.0006206639227457,97.0,16.115001678466797,47.3979712,8.5461639,attack,6.617
1776224725.11733,2026-04-15T03:45:25.117330,normal_circle,1,47.398035343386276,8.546258660220918,0.2280000150203704,0.0900000035762786,0.0,0.0099999997764825,0.0199999995529651,-0.0732004791498184,-0.0064258924685418,-9.778450965881348,-0.0005458199302665,0.0009042611927725,-0.0006206639227457,97.0,16.115001678466797,47.3979712,8.5461639,attack,6.719
1776224725.2417588,2026-04-15T03:45:25.241759,normal_circle,1,47.39803653117703,8.546260414966353,0.2250000089406967,0.0880000069737434,0.0,0.0099999997764825,0.0199999995529651,-0.0658628344535827,-0.0014311679406091,-9.775304794311523,-0.0002653769333846,0.0003057426656596,-0.0008701673941686,97.0,16.115001678466797,47.3979712,8.5461639,attack,6.844
1776224725.343897,2026-04-15T03:45:25.343897,normal_circle,1,47.39803750618406,8.54626185536243,0.2250000089406967,0.0870000049471855,0.0,0.0099999997764825,0.0199999995529651,-0.0728699788451194,-0.0137605499476194,-9.777936935424805,-0.000323052459862,0.0005197154241614,0.0002793555322568,97.0,16.115001678466797,47.3979712,8.5461639,attack,6.946
1776224725.447848,2026-04-15T03:45:25.447848,normal_circle,1,47.398038498495005,8.546263321321897,0.2240000069141388,0.0860000029206276,0.0,0.0099999997764825,0.0199999995529651,-0.061617936939001,-0.0044883261434733,-9.775219917297363,-0.0004250547790434,0.0003801204729825,-0.0004363452026154,97.0,16.115001678466797,47.3979712,8.5461639,attack,7.05
1776224725.5500443,2026-04-15T03:45:25.550044,normal_circle,1,47.39803947405509,8.546264762535007,0.2230000048875808,0.0850000008940696,0.0,0.0099999997764825,0.0299999993294477,-0.0700816437602043,-0.0079918559640645,-9.782703399658203,-0.0005139119457453,-0.0004310030490159,-0.000398681993829,97.0,16.115001678466797,47.3979712,8.5461639,attack,7.152
1776224725.6552153,2026-04-15T03:45:25.655215,normal_circle,1,47.39804047801198,8.546266245699245,0.2220000177621841,0.0840000063180923,0.0,0.0099999997764825,0.0299999993294477,-0.0698190331459045,-0.0046119806356728,-9.772297859191896,-0.000387807318475,-0.0007270076894201,3.3515254472149536e-05,97.0,16.115001678466797,47.3979712,8.5461639,attack,7.257
1776224725.7578866,2026-04-15T03:45:25.757887,normal_circle,1,47.398041458108,8.546267693613373,0.2210000157356262,0.0840000063180923,0.0,0.0099999997764825,0.0299999993294477,-0.0640574172139167,-0.0097102597355842,-9.765670776367188,0.0001582212280482,-0.0007269670022651,-0.0005265669897198,97.0,16.115001678466797,47.3979712,8.5461639,attack,7.36
1776224725.8687992,2026-04-15T03:45:25.868799,normal_circle,1,47.398042516873886,8.546269257747966,0.2210000157356262,0.0830000042915344,0.0,0.0099999997764825,0.0299999993294477,-0.0681400224566459,-0.0207513775676488,-9.769805908203123,-0.0002397304051555,0.0005143376183696,0.0002586719056125,97.0,16.115001678466797,47.3979712,8.5461639,attack,7.471
1776224725.970945,2026-04-15T03:45:25.970945,normal_circle,1,47.398043491951476,8.546270698248273,0.2190000116825103,0.0810000002384185,0.0,0.0099999997764825,0.0299999993294477,-0.070066824555397,-0.0162290148437023,-9.769248008728027,0.000384361075703,-0.0002749249979387,0.000147901897435,97.0,16.115001678466797,47.3979712,8.5461639,attack,7.573
1776224726.0749416,2026-04-15T03:45:26.074942,normal_circle,1,47.3980444846994,8.546272164853297,0.2180000096559524,0.0800000056624412,0.0,0.0099999997764825,0.0299999993294477,-0.073726013302803,-0.0041299192234873,-9.76957893371582,-0.0004863915382884,-0.0003438158892095,0.0002741448406595,97.0,16.115001678466797,47.3979712,8.5461639,attack,7.677
1776224726.17689,2026-04-15T03:45:26.176890,normal_circle,1,47.398045457892515,8.54627360256964,0.2170000076293945,0.0790000036358833,0.0,0.0,0.0299999993294477,-0.0663382485508918,-0.0058983988128602,-9.770756721496582,0.0002693776623345,-0.0007024451042525,0.0005124349845573,97.0,16.115001678466797,47.3979712,8.5461639,attack,7.779
1776224726.280768,2026-04-15T03:45:26.280768,normal_circle,1,47.39804644950702,8.54627506750025,0.2160000056028366,0.0790000036358833,0.0,0.0,0.0299999993294477,-0.0673229172825813,-0.0021644330117851,-9.764633178710938,7.525645196437836e-05,-0.0005445311544463,-0.0006579479668289,97.0,16.115001678466797,47.3979712,8.5461639,attack,7.883
1776224726.3848355,2026-04-15T03:45:26.384835,normal_circle,1,47.3980474429309,8.546276535103873,0.2160000056028366,0.0780000016093254,0.0,0.0,0.0299999993294477,-0.0675690174102783,-0.0110831577330827,-9.779951095581056,0.0004195237415842,1.4144290616968648e-05,-0.000462518481072,97.0,16.115001678466797,47.3979712,8.5461639,attack,7.987
1776224726.4860585,2026-04-15T03:45:26.486058,normal_circle,1,47.398048409200634,8.546277962592168,0.2140000164508819,0.0760000050067901,0.0,0.0,0.0299999993294477,-0.0727890953421592,-0.0050428551621735,-9.773098945617676,0.000383196194889,0.0005114187952131,0.0004730772634502,97.0,16.115001678466797,47.3979712,8.5461639,attack,8.088
1776224726.589101,2026-04-15T03:45:26.589101,normal_circle,1,47.39804939284028,8.546279415741362,0.213000014424324,0.0760000050067901,0.0,0.0,0.0299999993294477,-0.0677200779318809,-0.0106879444792866,-9.773619651794434,-0.0002193968102801,0.0004814967978745,0.0002900876861531,97.0,16.115001678466797,47.3979712,8.5461639,attack,8.191
1776224726.6919708,2026-04-15T03:45:26.691971,normal_circle,1,47.39805027482987,8.546280866452681,0.2120000123977661,0.0740000009536743,0.0,0.0,0.0299999993294477,-0.0606963075697422,-0.0009408282348886,-9.773439407348633,-0.0003728102601598,0.0012967593502253,-0.0003966946387663,97.0,16.115001678466797,47.3979711,8.5461639,attack,8.294
1776224726.7940638,2026-04-15T03:45:26.794064,normal_circle,1,47.398051249404475,8.546282306209923,0.2110000103712082,0.0730000063776969,0.0,0.0,0.0299999993294477,-0.0662677958607673,-0.0105980103835463,-9.775121688842772,-0.0011428755242377,0.0011400388320907,0.000280915381154,97.0,16.115001678466797,47.3979711,8.5461639,attack,8.396
1776224726.8968031,2026-04-15T03:45:26.896803,normal_circle,1,47.39805223014913,8.546283755082296,0.2100000083446502,0.0730000063776969,0.0,0.0,0.0299999993294477,-0.0701286569237709,-0.0066030300222337,-9.785408973693848,-1.1085012374678629e-06,0.0004559335648082,0.0008006822317838,97.0,16.115001678466797,47.3979711,8.5461639,attack,8.499
1776224727.0023985,2026-04-15T03:45:27.002398,normal_circle,1,47.39805323815718,8.546285244231385,0.2090000063180923,0.072000004351139,0.0,0.0,0.0299999993294477,-0.0681272819638252,-0.011604243889451,-9.770057678222656,0.0004550549783743,0.0005242541665211,-0.0010856812587007,97.0,16.115001678466797,47.3979711,8.5461639,attack,8.605
1776224727.104745,2026-04-15T03:45:27.104745,normal_circle,1,47.398054215151106,8.546286687562727,0.2080000042915344,0.0700000002980232,0.0,0.0,0.0399999991059303,-0.0697312355041503,-0.0093471426516771,-9.771143913269045,4.965870175510645e-05,0.0005378932110033,4.024481313535944e-06,97.0,16.115001678466797,47.3979711,8.5461639,attack,8.707
1776224727.2061956,2026-04-15T03:45:27.206196,normal_circle,1,47.39805518359435,8.546288118261995,0.2070000171661377,0.0700000002980232,0.0,0.0,0.0399999991059303,-0.082441933453083,-0.0181139521300792,-9.78092098236084,-8.681497274665162e-05,-0.0002262860216433,-0.0003339157847221,97.0,16.115001678466797,47.3979711,8.5461639,attack,8.808
1776224727.3098462,2026-04-15T03:45:27.309846,normal_circle,1,47.398056173037624,8.54628957998499,0.2060000151395797,0.0690000057220459,0.0,0.0,0.0399999991059303,-0.1732349246740341,-0.0015619677724316,-9.82895278930664,-0.0004783651093021,0.0061820894479751,-0.0002465134602971,97.0,16.115001678466797,47.3979711,8.5461639,attack,8.912
1776224727.412846,2026-04-15T03:45:27.412846,normal_circle,1,47.39805715626987,8.546290932532333,0.2050000131130218,0.0680000036954879,0.0,0.0,0.0299999993294477,-0.2165692448616027,-0.0139680402353405,-9.863171577453612,0.0001357958826702,0.0294827315956354,-0.0001038952323142,97.0,16.115001678466797,47.3979711,8.5461638,attack,9.015
1776224727.5160668,2026-04-15T03:45:27.516067,normal_circle,1,47.39805814160964,8.546292388193145,0.2050000131130218,0.06700000166893,0.0,0.0,0.0299999993294477,-0.2299923002719879,-0.0141848698258399,-9.863970756530762,0.0008925279835239,0.0432129129767417,0.0001404474314767,97.0,16.115001678466797,47.3979711,8.5461638,attack,9.118
1776224727.6248617,2026-04-15T03:45:27.624862,normal_circle,1,47.39805918016069,8.54629392246399,0.2050000131130218,0.06700000166893,0.0,0.0,0.0299999993294477,-0.2164168357849121,-0.010298540815711,-9.86707592010498,-0.0001348350924672,0.0617621056735515,-0.0012303024996072,97.0,16.115001678466797,47.3979711,8.5461638,attack,9.227
1776224727.7272696,2026-04-15T03:45:27.727270,normal_circle,1,47.39806015774181,8.546295366662799,0.2040000110864639,0.0659999996423721,0.0,0.0,0.0299999993294477,-0.167281374335289,-0.0304785519838333,-9.951873779296877,0.0002318277984159,0.0843772292137146,-0.0024428772740066,97.0,16.115001678466797,47.3979711,8.5461638,attack,9.329
1776224727.8320675,2026-04-15T03:45:27.832067,normal_circle,1,47.39806115813687,8.546296844565072,0.203000009059906,0.0659999996423721,0.0,-0.0099999997764825,0.0299999993294477,-0.0734167844057083,-0.0113432686775922,-10.02316951751709,-0.0005711382837034,0.1176167875528335,-0.0035059149377048,97.0,16.115001678466797,47.3979711,8.5461638,attack,9.434
1776224727.9342272,2026-04-15T03:45:27.934227,normal_circle,1,47.39806213334873,8.54629828526375,0.203000009059906,0.0659999996423721,0.0,-0.0099999997764825,0.0199999995529651,-0.056794449687004,-0.017382726073265,-10.118969917297363,-0.0068966229446232,0.1430313438177108,-0.0038952564354985,97.0,16.115001678466797,47.3979711,8.5461638,attack,9.536
1776224728.0416698,2026-04-15T03:45:28.041670,normal_circle,1,47.3980631589907,8.54629980046376,0.203000009059906,0.0659999996423721,0.0,-0.0099999997764825,0.0099999997764825,-0.0567226260900497,-0.0098335798829793,-10.256047248840332,-0.0116053344681859,0.1232107281684875,-0.0025012562982738,97.0,16.115001678466797,47.3979711,8.5461638,attack,9.644
1776224728.1459796,2026-04-15T03:45:28.145980,normal_circle,1,47.39806415472693,8.546301271483454,0.203000009059906,0.0659999996423721,0.0,-0.0199999995529651,0.0,-0.0588992163538932,-0.0087571404874324,-10.30435848236084,-0.0117346905171871,0.113734945654869,-0.0025595079641789,97.0,16.115001678466797,47.3979711,8.5461638,attack,9.748
1776224728.248941,2026-04-15T03:45:28.248941,normal_circle,1,47.39806513759048,8.546302723486107,0.2040000110864639,0.0659999996423721,0.0,-0.0199999995529651,-0.0099999997764825,-0.0624096803367137,-0.0103596430271863,-10.40234088897705,-0.0122011369094252,0.0992588251829147,-0.0040240250527858,97.0,16.115001678466797,47.3979711,8.5461638,attack,9.851
1776224728.3518856,2026-04-15T03:45:28.351886,normal_circle,1,47.398066120294715,8.5463041752534,0.2050000131130218,0.06700000166893,0.0,-0.0199999995529651,-0.0199999995529651,-0.0652743875980377,-0.0046241199597716,-10.4114351272583,-0.0110526541247963,0.0860882401466369,-0.0025477127637714,97.0,16.115001678466797,47.3979711,8.5461638,attack,9.954
1776224728.4567528,2026-04-15T03:45:28.456753,normal_circle,1,47.39806712135207,8.546305654134096,0.2050000131130218,0.0680000036954879,0.0,-0.0299999993294477,-0.0299999993294477,-0.0722558721899986,-0.0062458184547722,-10.484419822692873,-0.0111779002472758,0.0699988603591919,-0.0020578803960233,97.0,16.115001678466797,47.3979711,8.5461638,attack,10.059
1776224728.5609846,2026-04-15T03:45:28.560985,normal_circle,1,47.398068116344064,8.546307024054324,0.2090000063180923,0.0710000023245811,0.0,-0.0399999991059303,-0.0599999986588954,-0.0517682209610939,-0.012540478259325,-10.56666660308838,-0.0082418397068977,0.037538856267929,-0.0026327420491725,97.0,16.115001678466797,47.3979711,8.5461637,attack,10.163
1776224728.6639287,2026-04-15T03:45:28.663929,normal_circle,1,47.398069099043745,8.546308475814893,0.2110000103712082,0.0740000009536743,0.0,-0.0399999991059303,-0.0799999982118606,-0.0611867383122444,-0.0139444237574934,-10.560500144958496,-0.0079516600817441,0.0236099008470773,-0.0017377834301441,97.0,16.115001678466797,47.3979711,8.5461637,attack,10.266
1776224728.7663803,2026-04-15T03:45:28.766380,normal_circle,1,47.39807007704135,8.546309920628998,0.213000014424324,0.0760000050067901,0.0099999997764825,-0.0499999970197677,-0.089999996125698,-0.0642259791493415,-0.002608603099361,-10.60808563232422,-0.0077359820716083,0.0077921538613736,-0.0012220219941809,97.0,16.115001678466797,47.3979711,8.5461637,attack,10.368
1776224728.877113,2026-04-15T03:45:28.877113,normal_circle,1,47.39807113409119,8.546311382228431,0.2170000076293945,0.0790000036358833,0.0099999997764825,-0.0499999970197677,-0.1099999994039535,-0.0693976134061813,-8.45652975840494e-05,-10.587730407714844,-0.0076194684952497,-0.008012137375772,-0.0015437866095453,97.0,16.115001678466797,47.3979711,8.5461636,attack,10.479
1776224728.979772,2026-04-15T03:45:28.979772,normal_circle,1,47.39807211406886,8.546312829967718,0.2180000096559524,0.0810000002384185,0.0099999997764825,-0.0599999986588954,-0.1099999994039535,-0.0607104562222957,-0.0057440865784883,-10.638381004333496,-0.0064646899700164,-0.0169918909668922,-0.0017350313719362,97.0,16.115001678466797,47.3979711,8.5461636,attack,10.582
1776224729.0813484,2026-04-15T03:45:29.081348,normal_circle,1,47.39807308371152,8.546314262438905,0.2210000157356262,0.0830000042915344,0.0099999997764825,-0.0599999986588954,-0.1299999952316284,-0.066085934638977,-0.0008681144099682,-10.664874076843262,-0.0061465646140277,-0.0245576836168766,-0.0022200297098606,97.0,16.115001678466797,47.3979711,8.5461636,attack,10.683
1776224729.1847975,2026-04-15T03:45:29.184798,normal_circle,1,47.398074071231626,8.546315721320777,0.2240000069141388,0.0860000029206276,0.0099999997764825,-0.0599999986588954,-0.1400000005960464,-0.0665423348546028,-0.0054646846838295,-10.662538528442385,-0.0049156313762068,-0.0288678128272295,-0.001006233273074,97.0,16.115001678466797,47.3979711,8.5461636,attack,10.787
1776224729.288491,2026-04-15T03:45:29.288491,normal_circle,1,47.39807506108457,8.546317183648984,0.2280000150203704,0.0910000056028366,0.0099999997764825,-0.0700000002980232,-0.1599999964237213,-0.0565254129469394,-0.0086617982015013,-10.712580680847168,-0.0042514707893133,-0.0377944447100162,-0.0011183000169694,97.0,16.115001678466797,47.3979711,8.5461636,attack,10.891
1776224729.3932018,2026-04-15T03:45:29.393202,normal_circle,1,47.39807606064891,8.546318560324027,0.2340000122785568,0.096000000834465,0.0099999997764825,-0.0799999982118606,-0.1799999922513961,-0.0573273971676826,-0.0123796127736568,-10.7058744430542,-0.0050118849612772,-0.0451890900731086,-0.001356910681352,97.0,16.115001678466797,47.3979711,8.5461635,attack,10.995
1776224729.4939454,2026-04-15T03:45:29.493945,normal_circle,1,47.39807702234174,8.546319981050779,0.2340000122785568,0.096000000834465,0.0099999997764825,-0.0799999982118606,-0.1799999922513961,-0.0573273971676826,-0.0123796127736568,-10.7058744430542,-0.0050118849612772,-0.0451890900731086,-0.001356910681352,97.0,16.115001678466797,47.3979711,8.5461635,attack,11.096
1776224729.6043437,2026-04-15T03:45:29.604344,normal_circle,1,47.39807807619844,8.546321537932938,0.2380000054836273,0.1000000014901161,0.0099999997764825,-0.0799999982118606,-0.199999988079071,-0.06137066334486,-0.0077182627283036,-10.719666481018066,-0.0032662071753293,-0.0540234446525573,-0.0014557719696313,97.0,16.115001678466797,47.3979711,8.5461635,attack,11.206
1776224729.70526,2026-04-15T03:45:29.705260,normal_circle,1,47.39807903954132,8.546322861097341,0.2490000128746032,0.111000008881092,0.0099999997764825,-0.089999996125698,-0.2399999946355819,-0.0614233501255512,-0.0013833160046488,-10.721814155578612,-0.0006659285863861,-0.0571170523762702,-9.192945071845315e-06,97.0,16.115001678466797,47.3979711,8.5461634,attack,11.307
1776224729.8100357,2026-04-15T03:45:29.810036,normal_circle,1,47.39808003972472,8.546324338686922,0.2590000033378601,0.1220000088214874,0.0099999997764825,-0.089999996125698,-0.2699999809265136,-0.0611313618719577,-0.0115556251257658,-10.719918251037598,-0.0006427884218282,-0.0652200803160667,-0.0001329328515566,97.0,16.115001678466797,47.3979711,8.5461634,attack,11.412
1776224729.913558,2026-04-15T03:45:29.913558,normal_circle,1,47.39808102794353,8.546325698601015,0.2680000066757202,0.1300000101327896,0.0099999997764825,-0.0999999940395355,-0.2899999916553497,-0.0611882396042346,0.0022271894849836,-10.677035331726074,0.0001496214099461,-0.0676055699586868,-0.0006932195974513,97.0,16.115001678466797,47.3979711,8.5461633,attack,11.516
1776224730.017497,2026-04-15T03:45:30.017497,normal_circle,1,47.398082020140684,8.546327164392366,0.2740000188350677,0.1360000073909759,0.0099999997764825,-0.0999999940395355,-0.3100000023841858,-0.057419404387474,-0.0153359090909361,-10.747576713562012,0.000613430282101,-0.0701097697019577,0.0004646259185392,97.0,16.115001678466797,47.3979711,8.5461633,attack,11.62
1776224730.1241086,2026-04-15T03:45:30.124109,normal_circle,1,47.39808303784876,8.546328567871477,0.2830000221729278,0.145000010728836,0.0099999997764825,-0.1099999994039535,-0.3299999833106994,-0.0596945025026798,-0.0170571785420179,-10.725029945373535,0.0006091549876146,-0.0713613778352737,-0.0008563922019675,97.0,16.115001678466797,47.3979711,8.546163199999999,attack,11.726
1776224730.2299137,2026-04-15T03:45:30.229914,normal_circle,1,47.398084047859626,8.54633005997937,0.289000004529953,0.1520000100135803,0.0099999997764825,-0.1099999994039535,-0.3400000035762787,-0.0634405612945556,-0.0120405443012714,-10.686424255371094,0.0008325849776156,-0.0719929710030555,-0.0007083025993779,97.0,16.115001678466797,47.3979711,8.546163199999999,attack,11.832
1776224730.3322606,2026-04-15T03:45:30.332261,normal_circle,1,47.3980850248581,8.546331503317436,0.2960000038146972,0.1590000092983245,0.0099999997764825,-0.1099999994039535,-0.3599999845027923,-0.0548820085823535,0.0009981333278119,-10.73377799987793,0.0007851882837712,-0.0717339888215065,-0.0004491356085054,97.0,16.115001678466797,47.3979711,8.546163199999999,attack,11.934
1776224730.4350228,2026-04-15T03:45:30.435023,normal_circle,1,47.39808600582125,8.54633285251259,0.3030000030994415,0.1660000085830688,0.0199999995529651,-0.1099999994039535,-0.3700000047683716,-0.0519295297563076,-0.0006562630878761,-10.7078218460083,0.0001917119661811,-0.0718004927039146,0.0011709401151165,97.0,16.115001678466797,47.3979711,8.5461631,attack,12.037
1776224730.5378883,2026-04-15T03:45:30.537889,normal_circle,1,47.39808698776987,8.546334303163608,0.3140000104904175,0.1760000139474868,0.0199999995529651,-0.1099999994039535,-0.3999999761581421,-0.063342161476612,-0.0070222378708422,-10.712475776672363,0.0001508394925622,-0.0702868178486824,0.0007919585332274,97.0,16.115001678466797,47.3979711,8.5461631,attack,12.14
1776224730.6412673,2026-04-15T03:45:30.641267,normal_circle,1,47.39808797462086,8.546335761056971,0.3220000267028808,0.184000015258789,0.0199999995529651,-0.1099999994039535,-0.4099999964237213,-0.0576355159282684,-0.0019717100076377,-10.751654624938965,0.0006384018925018,-0.0709245577454567,-0.0003045899793505,97.0,16.115001678466797,47.3979711,8.5461631,attack,12.243
1776224730.7468505,2026-04-15T03:45:30.746850,normal_circle,1,47.39808898251284,8.546337150034585,0.3290000259876251,0.19200000166893,0.0199999995529651,-0.1199999973177909,-0.429999977350235,-0.054556306451559,-0.0114518525078892,-10.727142333984377,-9.046613558894025e-05,-0.0707154348492622,0.0005103870644234,97.0,16.115001678466797,47.3979711,8.546163,attack,12.349
1776224730.8483996,2026-04-15T03:45:30.848400,normal_circle,1,47.39808995189604,8.546338582122472,0.3420000076293945,0.2040000110864639,0.0199999995529651,-0.1199999973177909,-0.449999988079071,-0.0529267787933349,-0.0042422828264534,-10.682890892028809,0.0006207930273376,-0.0716121420264244,0.0002842836256604,94.0,16.05500030517578,47.3979711,8.546163,attack,12.451
1776224730.951758,2026-04-15T03:45:30.951758,normal_circle,1,47.39809093854902,8.546339939723316,0.3500000238418579,0.213000014424324,0.0199999995529651,-0.1199999973177909,-0.4599999785423279,-0.0577752962708473,-0.0130462711676955,-10.715409278869627,0.0002689214015845,-0.0688010528683662,-8.033867197809741e-05,94.0,16.05500030517578,47.3979711,8.546162899999999,attack,12.554
1776224731.055107,2026-04-15T03:45:31.055107,normal_circle,1,47.398091925115516,8.546341397196395,0.3730000257492065,0.2360000163316726,0.0199999995529651,-0.1199999973177909,-0.5,-0.0567432418465614,-0.0040834886021912,-10.705838203430176,-0.0003984326322097,-0.0665480121970176,-0.0003899853327311,94.0,16.05500030517578,47.3979711,8.546162899999999,attack,12.657
1776224731.1572964,2026-04-15T03:45:31.157296,normal_circle,1,47.3980929006096,8.546342838311995,0.3730000257492065,0.2360000163316726,0.0199999995529651,-0.1199999973177909,-0.5,-0.0567432418465614,-0.0040834886021912,-10.705838203430176,-0.0003984326322097,-0.0665480121970176,-0.0003899853327311,94.0,16.05500030517578,47.3979711,8.546162899999999,attack,12.759
1776224731.2591856,2026-04-15T03:45:31.259186,normal_circle,1,47.39809387323828,8.54634417519449,0.3830000162124634,0.2460000067949295,0.0199999995529651,-0.1199999973177909,-0.5199999809265137,-0.051467478275299,-0.0131684821099042,-10.6639986038208,-0.0002731090644374,-0.0631893128156662,0.0008521980489604,94.0,16.05500030517578,47.3979711,8.5461628,attack,12.861
1776224731.3623383,2026-04-15T03:45:31.362338,normal_circle,1,47.39809485792941,8.546345629897052,0.3930000066757202,0.2550000250339508,0.0199999995529651,-0.1199999973177909,-0.5299999713897705,-0.0533511415123939,-0.0164310839027166,-10.613017082214355,-0.0002556950494181,-0.058285154402256,5.881269316887483e-05,94.0,16.05500030517578,47.3979711,8.5461628,attack,12.964
1776224731.464597,2026-04-15T03:45:31.464597,normal_circle,1,47.39809583408579,8.546347071991075,0.3930000066757202,0.2550000250339508,0.0199999995529651,-0.1199999973177909,-0.5299999713897705,-0.0533511415123939,-0.0164310839027166,-10.613017082214355,-0.0002556950494181,-0.058285154402256,5.881269316887483e-05,94.0,16.05500030517578,47.3979711,8.5461628,attack,13.067
1776224731.5667782,2026-04-15T03:45:31.566778,normal_circle,1,47.39809680950249,8.54634851299236,0.4080000221729278,0.270000010728836,0.0199999995529651,-0.1199999973177909,-0.550000011920929,-0.0610471442341804,-0.0071979039348661,-10.669245719909668,0.0006488710059784,-0.0544145405292511,-0.0001832175767049,94.0,16.05500030517578,47.3979711,8.5461628,attack,13.169
1776224731.6709566,2026-04-15T03:45:31.670957,normal_circle,1,47.39809780398467,8.546349882159438,0.4180000126361847,0.281000018119812,0.0199999995529651,-0.1199999973177909,-0.5699999928474426,-0.0484420247375965,-0.0113532012328505,-10.668293952941896,-0.0002268794632982,-0.0541648343205452,0.0003597657196223,94.0,16.05500030517578,47.3979711,8.5461627,attack,13.273
1776224731.7728913,2026-04-15T03:45:31.772891,normal_circle,1,47.39809877704806,8.546351319684126,0.4180000126361847,0.281000018119812,0.0199999995529651,-0.1199999973177909,-0.5699999928474426,-0.0484420247375965,-0.0113532012328505,-10.668293952941896,-0.0002268794632982,-0.0541648343205452,0.0003597657196223,94.0,16.05500030517578,47.3979711,8.5461627,attack,13.375
1776224731.875931,2026-04-15T03:45:31.875931,normal_circle,1,47.39809976066039,8.54635277279297,0.4290000200271606,0.2910000085830688,0.0199999995529651,-0.1099999994039535,-0.5799999833106995,-0.0645654946565628,-0.0103459106758236,-10.64767360687256,-0.0004505727847572,-0.0531894490122795,0.0004757776041515,94.0,16.05500030517578,47.3979711,8.5461627,attack,13.478
1776224731.9783645,2026-04-15T03:45:31.978364,normal_circle,1,47.39810073848503,8.546354117351541,0.445000022649765,0.3080000281333923,0.0199999995529651,-0.1099999994039535,-0.5999999642372131,-0.0572769679129123,-0.0022537470795214,-10.624561309814451,0.001159124309197,-0.0479692444205284,-0.0008379883947782,94.0,16.05500030517578,47.3979711,8.546162599999999,attack,13.58
1776224732.082277,2026-04-15T03:45:32.082277,normal_circle,1,47.39810173042955,8.54635558276968,0.4560000300407409,0.3190000057220459,0.0199999995529651,-0.1099999994039535,-0.6200000047683716,-0.0572769679129123,-0.0022537470795214,-10.624561309814451,0.001159124309197,-0.0479692444205284,-0.0008379883947782,94.0,16.05500030517578,47.3979711,8.546162599999999,attack,13.684
1776224732.19329,2026-04-15T03:45:32.193290,normal_circle,1,47.39810279015361,8.546357148319787,0.4740000367164612,0.3370000123977661,0.0199999995529651,-0.1099999994039535,-0.6499999761581421,-0.0583075582981109,-0.0045463754795491,-10.608970642089844,0.0018011627253144,-0.0454536378383636,0.0003867468913085,94.0,16.05500030517578,47.3979711,8.546162599999999,attack,13.795
1776224732.309766,2026-04-15T03:45:32.309766,normal_circle,1,47.39810390202837,8.54635869091311,0.4930000305175781,0.3550000190734863,0.0199999995529651,-0.1099999994039535,-0.6699999570846558,-0.0498481579124927,-0.009620439261198,-10.612052917480469,0.0001098027132684,-0.0444638021290302,-0.0001751085947034,94.0,16.05500030517578,47.3979711,8.5461625,attack,13.912
1776224732.4121444,2026-04-15T03:45:32.412144,normal_circle,1,47.39810487932726,8.546360134694996,0.4990000128746032,0.3610000312328338,0.0199999995529651,-0.1099999994039535,-0.6800000071525574,-0.0593392252922058,-0.0049473480321466,-10.571682929992676,-8.009158045751974e-05,-0.0405438058078289,-0.0002353675663471,94.0,16.05500030517578,47.3979711,8.5461625,attack,14.014
1776224732.517474,2026-04-15T03:45:32.517474,normal_circle,1,47.39810588479765,8.546361620095146,0.5049999952316284,0.3680000305175781,0.0199999995529651,-0.1099999994039535,-0.6899999976158142,-0.0522589422762393,-0.0157383177429437,-10.487067222595217,0.0003313518536742,-0.0400293916463851,0.0007683541043661,94.0,16.05500030517578,47.3979711,8.5461625,attack,14.12
1776224732.6200776,2026-04-15T03:45:32.620078,normal_circle,1,47.3981068642473,8.546363067054385,0.5250000357627869,0.387000024318695,0.0199999995529651,-0.0999999940395355,-0.7099999785423279,-0.0523598976433277,-0.0094395857304334,-10.464101791381836,0.0011373629095032,-0.0368053168058395,0.0002073063515126,94.0,16.05500030517578,47.3979711,8.5461625,attack,14.222
1776224732.7375722,2026-04-15T03:45:32.737572,normal_circle,1,47.398107985844845,8.546364724011353,0.5250000357627869,0.387000024318695,0.0199999995529651,-0.0999999940395355,-0.7099999785423279,-0.0523598976433277,-0.0094395857304334,-10.464101791381836,0.0011373629095032,-0.0368053168058395,0.0002073063515126,94.0,16.05500030517578,47.3979711,8.5461625,attack,14.34
1776224732.8398817,2026-04-15T03:45:32.839882,normal_circle,1,47.398108962486,8.546366066821543,0.5450000166893005,0.4070000052452087,0.0199999995529651,-0.0999999940395355,-0.7400000095367432,-0.060584720224142,-0.0037725435104221,-10.490875244140623,0.0003136529703624,-0.0356785655021667,0.0009582777856849,94.0,16.05500030517578,47.3979711,8.5461624,attack,14.442
1776224732.956116,2026-04-15T03:45:32.956116,normal_circle,1,47.398110072052965,8.546367706005515,0.5580000281333923,0.4210000336170196,0.0199999995529651,-0.0999999940395355,-0.75,-0.0603735744953155,-0.0115827284753322,-10.462162971496582,0.0012446765322238,-0.0352924168109893,7.019671465968713e-05,94.0,16.05500030517578,47.3979711,8.5461624,attack,14.558
1776224733.058014,2026-04-15T03:45:33.058014,normal_circle,1,47.39811104476586,8.546369143012413,0.5580000281333923,0.4210000336170196,0.0199999995529651,-0.0999999940395355,-0.75,-0.0603735744953155,-0.0115827284753322,-10.462162971496582,0.0012446765322238,-0.0352924168109893,7.019671465968713e-05,94.0,16.05500030517578,47.3979711,8.5461624,attack,14.66
1776224733.1639612,2026-04-15T03:45:33.163961,normal_circle,1,47.398112056133186,8.546370637124223,0.5790000557899475,0.4420000314712524,0.0199999995529651,-0.089999996125698,-0.7699999809265137,-0.0532005205750465,5.693789717042819e-05,-10.478290557861328,0.0038333868142217,-0.0305945295840501,0.0009640409261919,94.0,16.05500030517578,47.3979711,8.5461624,attack,14.766
1776224733.2710376,2026-04-15T03:45:33.271038,normal_circle,1,47.39811307827932,8.546372047159776,0.5940000414848328,0.4560000300407409,0.0199999995529651,-0.089999996125698,-0.7899999618530273,-0.0597099475562572,-0.009473449550569,-10.475696563720703,0.0028381291776895,-0.0286863427609205,-0.0010508703999221,94.0,16.05500030517578,47.3979711,8.546162299999999,attack,14.873
1776224733.3741646,2026-04-15T03:45:33.374165,normal_circle,1,47.39811406272465,8.546373501499211,0.6190000176429749,0.4810000360012054,0.0199999995529651,-0.089999996125698,-0.8100000023841858,-0.0579146072268486,-0.0070715667679905,-10.420317649841309,0.0016712698852643,-0.026257375255227,0.0002453695924486,94.0,16.05500030517578,47.3979711,8.546162299999999,attack,14.976
1776224733.475763,2026-04-15T03:45:33.475763,normal_circle,1,47.39811503257897,8.54637493428309,0.6340000033378601,0.4970000088214874,0.0199999995529651,-0.0799999982118606,-0.8199999928474426,-0.0563320033252239,-0.0162523109465837,-10.41467571258545,-3.845131868729368e-05,-0.0235215779393911,0.0008282904163934,94.0,16.05500030517578,47.3979711,8.546162299999999,attack,15.078
1776224733.5915406,2026-04-15T03:45:33.591541,normal_circle,1,47.39811613778525,8.546376567024941,0.6580000519752502,0.5200000405311584,0.0199999995529651,-0.0799999982118606,-0.8399999737739563,-0.0588800758123397,-0.0107914516702294,-10.434771537780762,0.0027521597221493,-0.0193802136927843,-0.0002876014041248,94.0,16.05500030517578,47.3979711,8.546162299999999,attack,15.194
1776224733.6930845,2026-04-15T03:45:33.693084,normal_circle,1,47.39811710711839,8.546377899038859,0.6740000247955322,0.5360000133514404,0.0199999995529651,-0.0799999982118606,-0.8499999642372131,-0.0672132670879364,-0.0090175792574882,-10.418597221374512,0.0039688325487077,-0.0158317275345325,0.000574663572479,94.0,16.05500030517578,47.3979711,8.5461622,attack,15.295
1776224733.796343,2026-04-15T03:45:33.796343,normal_circle,1,47.39811809282003,8.546379355234272,0.690000057220459,0.5520000457763672,0.0199999995529651,-0.0700000002980232,-0.8700000047683716,-0.0523722507059574,-0.0022966149263083,-10.434270858764648,0.0041547352448105,-0.0121015077456831,0.0005292739369906,94.0,16.05500030517578,47.3979711,8.5461622,attack,15.398
1776224733.9021292,2026-04-15T03:45:33.902129,normal_circle,1,47.39811910264882,8.546380847073182,0.7140000462532043,0.5770000219345093,0.0199999995529651,-0.0700000002980232,-0.8799999952316284,-0.050925962626934,-0.0098453573882579,-10.426019668579102,0.0043742796406149,-0.0117048546671867,0.0001930241996888,94.0,16.05500030517578,47.3979711,8.5461622,attack,15.504
1776224734.0066743,2026-04-15T03:45:34.006675,normal_circle,1,47.398120100631395,8.546382321411441,0.7140000462532043,0.5770000219345093,0.0199999995529651,-0.0700000002980232,-0.8799999952316284,-0.050925962626934,-0.0098453573882579,-10.426019668579102,0.0043742796406149,-0.0117048546671867,0.0001930241996888,94.0,16.05500030517578,47.3979711,8.5461622,attack,15.609
1776224734.1089003,2026-04-15T03:45:34.108901,normal_circle,1,47.39812107647597,8.546383763044833,0.7720000147819519,0.6350000500679016,0.0199999995529651,-0.0599999986588954,-0.9300000071525574,-0.0509490221738815,-0.0046932003460824,-10.442991256713867,0.0048202951438724,-0.004696131683886,0.0007975617772899,94.0,16.05500030517578,47.3979711,8.5461622,attack,15.711
1776224734.2112918,2026-04-15T03:45:34.211292,normal_circle,1,47.39812205390004,8.546385207011646,0.7900000214576721,0.6520000100135803,0.0199999995529651,-0.0499999970197677,-0.9399999976158142,-0.0581003800034523,-0.0071214083582162,-10.453043937683104,0.0044743330217897,-0.003155895974487,0.0001009003244689,94.0,16.05500030517578,47.3979711,8.5461622,attack,15.813
1776224734.3146417,2026-04-15T03:45:34.314642,normal_circle,1,47.398123040473365,8.546386564494812,0.8160000443458557,0.6780000329017639,0.0199999995529651,-0.0499999970197677,-0.959999978542328,-0.0632788836956024,-0.0131322750821709,-10.42697048187256,0.0059536462649703,-0.0035978218074887,-0.0009401334100402,94.0,16.05500030517578,47.3979711,8.5461621,attack,15.917
1776224734.41789,2026-04-15T03:45:34.417890,normal_circle,1,47.398124026077134,8.546388020545646,0.8160000443458557,0.6780000329017639,0.0199999995529651,-0.0499999970197677,-0.959999978542328,-0.0548256188631057,-0.0062142242677509,-10.43224048614502,0.0073938285931944,-0.0007752829696983,-0.0001916343462653,94.0,16.05500030517578,47.3979711,8.5461621,attack,16.02
1776224734.5240688,2026-04-15T03:45:34.524069,normal_circle,1,47.39812503965439,8.546389517922227,0.8600000143051147,0.7220000624656677,0.0199999995529651,-0.0399999991059303,-0.9899999499320984,-0.0630446523427963,0.0105655547231435,-10.47302532196045,0.0061479578725993,0.0028204207774251,0.0004764069453813,94.0,16.05500030517578,47.3979711,8.5461621,attack,16.126
1776224734.6342225,2026-04-15T03:45:34.634223,normal_circle,1,47.39812609117599,8.54639107135469,0.878000020980835,0.7400000095367432,0.0199999995529651,-0.0399999991059303,-1.0,-0.0644206926226615,-0.002225660951808,-10.4194917678833,0.0050739753060042,0.0043943244963884,0.0010625128634274,94.0,16.05500030517578,47.3979711,8.5461621,attack,16.236
1776224734.7370515,2026-04-15T03:45:34.737052,normal_circle,1,47.3981270727764,8.54639252149128,0.8960000276565552,0.7580000162124634,0.0199999995529651,-0.0299999993294477,-1.0099999904632568,-0.0563697516918182,-0.0062782526947557,-10.465447425842283,0.0037714175414294,0.0057594557292759,0.0013775407569482,94.0,16.05500030517578,47.3979711,8.5461621,attack,16.339
1776224734.8397734,2026-04-15T03:45:34.839773,normal_circle,1,47.39812805335491,8.546393970118206,0.9230000376701356,0.7860000133514404,0.0199999995529651,-0.0299999993294477,-1.0299999713897705,-0.0623723231256008,-0.0043489043600857,-10.38351345062256,0.0053052683360874,0.0047619813121855,-0.0001289446663577,94.0,16.05500030517578,47.3979711,8.5461621,attack,16.442
1776224734.942968,2026-04-15T03:45:34.942968,normal_circle,1,47.398129138444325,8.54639542540961,0.9510000348091124,0.8140000104904175,0.0199999995529651,-0.0199999995529651,-1.0399999618530271,-0.0557375028729438,-0.0039427992887794,-10.300333023071287,0.0028452530968934,0.004997344687581,-0.0004931922303512,94.0,16.05500030517578,47.3979712,8.5461621,attack,16.545
1776224735.046045,2026-04-15T03:45:35.046045,normal_circle,1,47.39813012241398,8.546396879046332,0.9700000286102296,0.8320000171661377,0.0199999995529651,-0.0199999995529651,-1.0499999523162842,-0.0635198950767517,-0.0129645625129342,-10.194869041442873,0.0038620077539235,0.0069899847730994,0.0012892127269878,94.0,16.05500030517578,47.3979712,8.5461621,attack,16.648
1776224735.1489284,2026-04-15T03:45:35.148928,normal_circle,1,47.3981311045333,8.546398329949525,0.9880000352859496,0.8510000109672546,0.0199999995529651,-0.0199999995529651,-1.059999942779541,-0.0590662360191345,-0.000199436704861,-10.096349716186523,0.0007700595306232,0.0086135612800717,0.0003153578436467,94.0,16.05500030517578,47.3979712,8.5461621,attack,16.751
1776224735.2600083,2026-04-15T03:45:35.260008,normal_circle,1,47.39813216489689,8.546399896444436,1.0170000791549685,0.8790000677108765,0.0099999997764825,-0.0099999997764825,-1.059999942779541,-0.0649653151631355,-0.0061687743291258,-9.979211807250977,0.0024850107729434,0.0096177048981189,0.0001746774360071,94.0,16.05500030517578,47.3979712,8.5461621,attack,16.862
1776224735.3634312,2026-04-15T03:45:35.363431,normal_circle,1,47.39813315216665,8.54640135495646,1.0350000858306885,0.8980000615119934,0.0099999997764825,-0.0099999997764825,-1.069999933242798,-0.0634518712759018,-0.002187002915889,-9.85928726196289,0.0006232135929167,0.0120330452919006,0.0014693904668092,94.0,16.05500030517578,47.3979712,8.5461621,attack,16.966
1776224735.4658017,2026-04-15T03:45:35.465801,normal_circle,1,47.39813412939044,8.546402798627394,1.0640000104904177,0.9260000586509703,0.0099999997764825,-0.0099999997764825,-1.069999933242798,-0.066809207201004,-0.000806487398222,-9.79336643218994,0.0014441992389038,0.0130540644749999,0.0011246270732954,94.0,16.05500030517578,47.3979712,8.5461621,attack,17.068
1776224735.5759995,2026-04-15T03:45:35.575999,normal_circle,1,47.39813518133308,8.546404352681881,1.1010000705718994,0.9640000462532043,0.0099999997764825,0.0,-1.069999933242798,-0.0678925737738609,-0.0018398314714431,-9.765287399291992,0.0001636064262129,0.0130668180063366,0.0014579952694475,94.0,16.05500030517578,47.3979712,8.5461621,attack,17.178
1776224735.6779077,2026-04-15T03:45:35.677907,normal_circle,1,47.39813615414384,8.54640578983336,1.1290000677108765,0.9920000433921814,0.0099999997764825,0.0,-1.069999933242798,-0.0656216666102409,-0.0023621588479727,-9.786932945251465,-0.0006666625849902,0.0138920284807682,3.824460145551711e-05,94.0,16.05500030517578,47.3979712,8.5461621,attack,17.28
1776224735.7815623,2026-04-15T03:45:35.781562,normal_circle,1,47.3981371436258,8.546407251613518,1.1480000019073486,1.0110000371932983,0.0099999997764825,0.0,-1.069999933242798,-0.066358596086502,-0.0092359445989131,-9.783061027526855,-0.0002390339650446,0.0150614827871322,0.000983198871836,94.0,16.05500030517578,47.3979712,8.5461621,attack,17.384
1776224735.8910887,2026-04-15T03:45:35.891089,normal_circle,1,47.39813818915942,8.546408796199831,1.1759999990463257,1.0390000343322754,0.0099999997764825,0.0,-1.069999933242798,-0.0743961185216903,-0.0089120185002684,-9.806203842163086,0.001478623598814,0.0137706138193607,6.847112672403455e-07,94.0,16.05500030517578,47.3979712,8.5461621,attack,17.493
1776224735.9975915,2026-04-15T03:45:35.997592,normal_circle,1,47.398139205829665,8.54641029814575,1.1950000524520874,1.0570000410079956,0.0099999997764825,0.0,-1.069999933242798,-0.0662606582045555,-0.0125671243295073,-9.83959674835205,0.0023951393086463,0.0147732384502887,0.0003014889080077,94.0,16.05500030517578,47.3979712,8.5461621,attack,17.6
1776224736.0990462,2026-04-15T03:45:36.099046,normal_circle,1,47.39814017431161,8.546411728902179,1.227000117301941,1.090000033378601,0.0099999997764825,0.0099999997764825,-1.069999933242798,-0.0661910474300384,-0.0027154118288308,-9.898720741271973,0.0008389815920963,0.015464381314814,0.0007489254348911,94.0,16.05500030517578,47.3979712,8.5461621,attack,17.701
1776224736.2020326,2026-04-15T03:45:36.202033,normal_circle,1,47.39814115741413,8.546413281257873,1.25600004196167,1.118000030517578,0.0099999997764825,0.0099999997764825,-1.069999933242798,-0.0614383742213249,-0.006083648186177,-9.880714416503906,0.0020648019853979,0.0174058601260185,0.0002667527005542,94.0,16.05500030517578,47.3979712,8.5461622,attack,17.804
1776224736.3051596,2026-04-15T03:45:36.305160,normal_circle,1,47.39814214185945,8.546414735597311,1.293000102043152,1.15500009059906,0.0099999997764825,0.0199999995529651,-1.079999923706055,-0.0659058466553688,-0.0138316368684172,-9.912510871887209,0.0007110811420716,0.0183686278760433,0.0004456878523342,94.0,16.05500030517578,47.3979712,8.5461622,attack,17.907
1776224736.4085517,2026-04-15T03:45:36.408552,normal_circle,1,47.39814312883561,8.546416193675602,1.321000099182129,1.183000087738037,0.0099999997764825,0.0199999995529651,-1.079999923706055,-0.0651427581906318,9.307137952418998e-05,-9.930129051208496,0.0004811294202227,0.0174986328929662,0.0005140957073308,94.0,16.05500030517578,47.3979712,8.5461622,attack,18.011
1776224736.5096004,2026-04-15T03:45:36.509600,normal_circle,1,47.39814409344164,8.546417618706073,1.349000096321106,1.2110000848770142,0.0099999997764825,0.0199999995529651,-1.090000033378601,-0.0641959905624389,-0.0080486051738262,-9.919732093811035,0.0016120075015351,0.0181249268352985,0.0002618635189719,94.0,16.05500030517578,47.3979712,8.5461622,attack,18.112
1776224736.6105754,2026-04-15T03:45:36.610575,normal_circle,1,47.3981450573444,8.5464190426976,1.368000030517578,1.2300000190734863,0.0099999997764825,0.0199999995529651,-1.090000033378601,-0.0717976614832878,-0.0090177347883582,-9.904501914978027,0.0019941485952585,0.021821592003107,0.0006285946583375,94.0,16.05500030517578,47.3979712,8.5461622,attack,18.213
1776224736.7167244,2026-04-15T03:45:36.716724,normal_circle,1,47.39814607063716,8.5464205396539,1.3860000371932983,1.249000072479248,0.0099999997764825,0.0299999993294477,-1.090000033378601,-0.0680360496044159,-0.0035134640056639,-9.941953659057615,0.0020283355843275,0.0215818770229816,0.0021762489341199,94.0,16.05500030517578,47.3979712,8.5461622,attack,18.319
1776224736.8220532,2026-04-15T03:45:36.822053,normal_circle,1,47.39814707610072,8.546422125043966,1.4140000343322754,1.277000069618225,0.0099999997764825,0.0299999993294477,-1.100000023841858,-0.065264344215393,-0.0093653025105595,-10.004379272460938,0.0029373196884989,0.0201337020844221,0.0005949006881564,94.0,16.05500030517578,47.3979712,8.546162299999999,attack,18.424
1776224736.930214,2026-04-15T03:45:36.930214,normal_circle,1,47.398148108597795,8.546423650371157,1.433000087738037,1.2960000038146973,0.0099999997764825,0.0299999993294477,-1.100000023841858,-0.0763539224863052,-0.0069341398775577,-9.974691390991213,0.0020404206588864,0.019621904939413,0.0002096504613291,94.0,16.05500030517578,47.3979712,8.546162299999999,attack,18.532
1776224737.031824,2026-04-15T03:45:37.031824,normal_circle,1,47.39814907856364,8.546425083319791,1.433000087738037,1.2960000038146973,0.0099999997764825,0.0299999993294477,-1.100000023841858,-0.0763539224863052,-0.0069341398775577,-9.974691390991213,0.0020404206588864,0.019621904939413,0.0002096504613291,94.0,16.05500030517578,47.3979712,8.546162299999999,attack,18.634
1776224737.133095,2026-04-15T03:45:37.133095,normal_circle,1,47.39815004529083,8.546426511483904,1.4520000219345093,1.315000057220459,0.0099999997764825,0.0299999993294477,-1.100000023841858,-0.0749203041195869,-0.0047351960092782,-9.928496360778809,0.0034563697408884,0.0210897829383611,0.00033075211104,94.0,16.05500030517578,47.3979712,8.546162299999999,attack,18.735
1776224737.236902,2026-04-15T03:45:37.236902,normal_circle,1,47.39815103622712,8.546427975412556,1.4800000190734863,1.343000054359436,0.0099999997764825,0.0399999991059303,-1.100000023841858,-0.0695720463991165,-0.0159022454172372,-9.94589900970459,0.0045920745469629,0.0223242472857236,-3.954541170969605e-06,94.0,16.05500030517578,47.3979712,8.546162299999999,attack,18.839
1776224737.3379607,2026-04-15T03:45:37.337961,normal_circle,1,47.39815200092873,8.546429400584243,1.499000072479248,1.3620001077651978,0.0099999997764825,0.0399999991059303,-1.1100000143051147,-0.0649325773119926,-0.0014395070029422,-9.988770484924316,0.005244830623269,0.0230496693402528,0.0010562541428953,94.0,16.05500030517578,47.3979712,8.546162299999999,attack,18.94
1776224737.4388945,2026-04-15T03:45:37.438894,normal_circle,1,47.398152964437756,8.546430823994097,1.5180001258850098,1.380000114440918,0.0099999997764825,0.0399999991059303,-1.1100000143051147,-0.0745538994669914,-0.0010352266253903,-9.997708320617676,0.0062780953012406,0.0230619739741086,0.0010155780473724,94.0,16.05500030517578,47.3979712,8.546162299999999,attack,19.041
1776224737.541054,2026-04-15T03:45:37.541054,normal_circle,1,47.398153939647344,8.546432364689416,1.5460001230239868,1.409000039100647,0.0099999997764825,0.0399999991059303,-1.1200000047683716,-0.0757186636328697,-0.0028166780248284,-9.942760467529297,0.0067542530596256,0.0224167592823505,0.0010132798925042,94.0,16.05500030517578,47.3979712,8.5461624,attack,19.143
1776224737.6439488,2026-04-15T03:45:37.643949,normal_circle,1,47.398154921875914,8.546433815753998,1.565000057220459,1.4280000925064087,0.0099999997764825,0.0499999970197677,-1.1200000047683716,-0.071958377957344,-0.0115372017025947,-9.966254234313965,0.007605833467096,0.0219445619732141,0.0002812849415931,94.0,16.05500030517578,47.3979712,8.5461624,attack,19.246
1776224737.7499614,2026-04-15T03:45:37.749961,normal_circle,1,47.398155933866846,8.546435310787075,1.5940001010894775,1.4560000896453855,0.0099999997764825,0.0499999970197677,-1.1200000047683716,-0.0744151845574379,-0.0042142337188124,-9.953035354614258,0.0082273827865719,0.0234762858599424,0.0008474047062918,94.0,16.05500030517578,47.3979712,8.5461624,attack,19.352
1776224737.8535798,2026-04-15T03:45:37.853580,normal_circle,1,47.398156923002865,8.546436772056166,1.6030000448226929,1.4660000801086426,0.0099999997764825,0.0499999970197677,-1.1200000047683716,-0.0675574019551277,-0.0039053126238286,-9.97780704498291,0.0088237402960658,0.0225763246417045,0.0010572387836873,94.0,16.05500030517578,47.3979712,8.5461624,attack,19.456
1776224737.9557328,2026-04-15T03:45:37.955733,normal_circle,1,47.39815799815101,8.546438212661227,1.6320000886917114,1.4940000772476196,0.0099999997764825,0.0499999970197677,-1.1299999952316284,-0.0711642503738403,-0.0056002121418714,-9.979453086853027,0.0088291717693209,0.0243672523647546,0.000989852938801,94.0,16.05500030517578,47.3979713,8.5461624,attack,19.558
1776224738.0581589,2026-04-15T03:45:38.058159,normal_circle,1,47.39815897590509,8.546439757115575,1.66100013256073,1.5230001211166382,0.0099999997764825,0.0499999970197677,-1.1299999952316284,-0.0760543867945671,-0.0130228102207183,-9.987661361694336,0.0080863861367106,0.0248192958533763,0.0010265342425554,94.0,16.05500030517578,47.3979713,8.5461625,attack,19.66
1776224738.1623037,2026-04-15T03:45:38.162304,normal_circle,1,47.39815997006637,8.546441225808577,1.699000120162964,1.561000108718872,0.0099999997764825,0.0499999970197677,-1.1399999856948853,-0.0717159956693649,-0.0072626005858182,-9.993034362792969,0.0089042522013187,0.01992679387331,-3.9459588151657954e-05,94.0,16.05500030517578,47.3979713,8.5461625,attack,19.764
1776224738.2717707,2026-04-15T03:45:38.271771,normal_circle,1,47.39816101503328,8.546442769557686,1.699000120162964,1.561000108718872,0.0099999997764825,0.0499999970197677,-1.1399999856948853,-0.0717159956693649,-0.0072626005858182,-9.993034362792969,0.0089042522013187,0.01992679387331,-3.9459588151657954e-05,94.0,16.05500030517578,47.3979713,8.5461625,attack,19.874
1776224738.3741465,2026-04-15T03:45:38.374146,normal_circle,1,47.398161992307145,8.546444213302593,1.7650001049041748,1.628000020980835,0.0099999997764825,0.0599999986588954,-1.149999976158142,-0.0760254859924316,-0.0060915071517229,-9.906879425048828,0.0104569653049111,0.0189898181706666,0.0004727556370198,94.0,16.05500030517578,47.3979713,8.5461625,attack,19.976
1776224738.477057,2026-04-15T03:45:38.477057,normal_circle,1,47.39816297468592,8.546445664589088,1.7650001049041748,1.628000020980835,0.0099999997764825,0.0599999986588954,-1.149999976158142,-0.0760254859924316,-0.0060915071517229,-9.906879425048828,0.0104569653049111,0.0189898181706666,0.0004727556370198,94.0,16.05500030517578,47.3979713,8.5461625,attack,20.079
1776224738.584539,2026-04-15T03:45:38.584539,normal_circle,1,47.39816400070342,8.546447280343878,1.8040001392364504,1.6660001277923584,0.0099999997764825,0.0599999986588954,-1.149999976158142,-0.0800305977463722,-0.0052940342575311,-9.98770236968994,0.0117175253108143,0.0171934626996517,0.0009730485617183,94.0,16.05500030517578,47.3979713,8.546162599999999,attack,20.187
1776224738.689644,2026-04-15T03:45:38.689644,normal_circle,1,47.39816500403215,8.546448762580132,1.8330000638961792,1.6950000524520874,0.0099999997764825,0.0599999986588954,-1.159999966621399,-0.0735267624258995,-0.0087930923327803,-9.968587875366213,0.0117367263883352,0.016941862180829,0.001421810593456,94.0,16.05500030517578,47.3979713,8.546162599999999,attack,20.292
1776224738.795085,2026-04-15T03:45:38.795085,normal_circle,1,47.3981660105654,8.546450249550473,1.852000117301941,1.715000033378601,0.0099999997764825,0.0599999986588954,-1.159999966621399,-0.071218192577362,-0.0039833476766943,-10.005541801452637,0.0107701374217867,0.0173956174403429,0.0006918477592989,94.0,16.05500030517578,47.3979713,8.546162599999999,attack,20.397
1776224738.9110243,2026-04-15T03:45:38.911024,normal_circle,1,47.39816711731704,8.546451884575314,1.88100004196167,1.7440000772476196,0.0099999997764825,0.0599999986588954,-1.1699999570846558,-0.0696611404418945,-0.0111369220539927,-9.954107284545898,0.0106416717171669,0.0159280430525541,0.0009543088381178,94.0,16.05500030517578,47.3979713,8.546162599999999,attack,20.513
1776224739.0172064,2026-04-15T03:45:39.017206,normal_circle,1,47.39816823092615,8.546453481999526,1.91100013256073,1.7730001211166382,0.0099999997764825,0.0599999986588954,-1.1699999570846558,-0.0777254253625869,-0.0005679498426616,-9.943293571472168,0.0098823243752121,0.0161891635507345,-0.0006245687254704,94.0,16.05500030517578,47.3979714,8.5461627,attack,20.619
1776224739.11928,2026-04-15T03:45:39.119280,normal_circle,1,47.398169205316414,8.54645492148443,1.9600000381469729,1.8230000734329224,0.0099999997764825,0.0599999986588954,-1.1799999475479126,-0.0771884322166442,-0.0086679235100746,-9.97803783416748,0.0115125104784965,0.0138709479942917,0.0011389792198315,94.0,16.05500030517578,47.3979714,8.5461627,attack,20.721
1776224739.2266767,2026-04-15T03:45:39.226677,normal_circle,1,47.39817023051913,8.54645643603553,1.980000138282776,1.842000126838684,0.0099999997764825,0.0599999986588954,-1.1799999475479126,-0.0732399374246597,-0.0055643855594098,-9.99882698059082,0.010856800712645,0.0133059034124016,0.0003399572742637,94.0,16.05500030517578,47.3979714,8.5461627,attack,20.829
1776224739.3340113,2026-04-15T03:45:39.334011,normal_circle,1,47.3981712551301,8.546457949712439,2.009000062942505,1.8720000982284544,0.0099999997764825,0.0599999986588954,-1.1899999380111694,-0.0673020184040069,-0.0042642736807465,-9.961915016174316,0.0119557613506913,0.0131057547405362,0.0002784574171528,94.0,16.05500030517578,47.3979714,8.5461627,attack,20.936
1776224739.4352698,2026-04-15T03:45:39.435270,normal_circle,1,47.398172221738946,8.54645937770172,2.0290000438690186,1.8920000791549685,0.0099999997764825,0.0599999986588954,-1.1899999380111694,-0.0673020184040069,-0.0042642736807465,-9.961915016174316,0.0119557613506913,0.0131057547405362,0.0002784574171528,94.0,16.05500030517578,47.3979714,8.5461627,attack,21.037
1776224739.5386949,2026-04-15T03:45:39.538695,normal_circle,1,47.39817320902919,8.546460836244009,2.0290000438690186,1.8920000791549685,0.0099999997764825,0.0599999986588954,-1.1899999380111694,-0.0673020184040069,-0.0042642736807465,-9.961915016174316,0.0119557613506913,0.0131057547405362,0.0002784574171528,94.0,16.05500030517578,47.3979714,8.5461627,attack,21.141
1776224739.641086,2026-04-15T03:45:39.641086,normal_circle,1,47.39817418645098,8.546462380207467,2.0990002155303955,1.9610000848770144,0.0099999997764825,0.0599999986588954,-1.1999999284744265,-0.0714952796697616,-0.0106965582817792,-9.976932525634766,0.0109813446179032,0.0105709247291088,-5.8002566220238805e-05,94.0,16.05500030517578,47.3979714,8.5461628,attack,21.243
1776224739.7430143,2026-04-15T03:45:39.743014,normal_circle,1,47.39817515945292,8.546463817641383,2.129000186920166,1.9920001029968264,0.0099999997764825,0.0599999986588954,-1.1999999284744265,-0.0751765221357345,0.001194312586449,-9.9598970413208,0.0106403725221753,0.0078815137967467,-0.0002296857273904,94.0,16.05500030517578,47.3979714,8.5461628,attack,21.345
1776224739.8471744,2026-04-15T03:45:39.847174,normal_circle,1,47.39817625375985,8.546465286550147,2.14900016784668,2.01200008392334,0.0099999997764825,0.0599999986588954,-1.209999918937683,-0.0729105174541473,-2.761068753898144e-05,-9.954967498779297,0.0114238392561674,0.008683736436069,-0.000737412890885,94.0,16.05500030517578,47.3979715,8.5461628,attack,21.449
1776224739.953171,2026-04-15T03:45:39.953171,normal_circle,1,47.39817726559829,8.54646678135796,2.14900016784668,2.01200008392334,0.0099999997764825,0.0599999986588954,-1.209999918937683,-0.0729105174541473,-2.761068753898144e-05,-9.954967498779297,0.0114238392561674,0.008683736436069,-0.000737412890885,94.0,16.05500030517578,47.3979715,8.5461628,attack,21.555
1776224740.055237,2026-04-15T03:45:40.055237,normal_circle,1,47.39817823991572,8.546468220735274,2.17900013923645,2.0420000553131104,0.0099999997764825,0.0599999986588954,-1.209999918937683,-0.082926720380783,-0.004073261283338,-9.97985553741455,0.0106823835521936,0.0086998902261257,0.0001103834074456,94.0,16.05500030517578,47.3979715,8.5461628,attack,21.657
1776224740.1572769,2026-04-15T03:45:40.157277,normal_circle,1,47.39817921398279,8.546469659742739,2.17900013923645,2.0420000553131104,0.0099999997764825,0.0599999986588954,-1.209999918937683,-0.082926720380783,-0.004073261283338,-9.97985553741455,0.0106823835521936,0.0086998902261257,0.0001103834074456,94.0,16.05500030517578,47.3979715,8.5461628,attack,21.759
1776224740.2681642,2026-04-15T03:45:40.268164,normal_circle,1,47.39818027250743,8.546471323520938,2.200000047683716,2.062000036239624,0.0099999997764825,0.0599999986588954,-1.209999918937683,-0.0742636024951934,-0.0045497971586883,-9.962884902954102,0.0110923554748296,0.0077075557783246,-8.83519824128598e-05,94.0,16.05500030517578,47.3979715,8.546162899999999,attack,21.87
1776224740.373214,2026-04-15T03:45:40.373214,normal_circle,1,47.39818127530815,8.54647280497715,2.200000047683716,2.062000036239624,0.0099999997764825,0.0599999986588954,-1.209999918937683,-0.0742636024951934,-0.0045497971586883,-9.962884902954102,0.0110923554748296,0.0077075557783246,-8.83519824128598e-05,94.0,16.05500030517578,47.3979715,8.546162899999999,attack,21.975
1776224740.4781067,2026-04-15T03:45:40.478107,normal_circle,1,47.39818227660903,8.54647428421762,2.2300000190734863,2.0930001735687256,0.0099999997764825,0.0599999986588954,-1.2200000286102295,-0.074828527867794,-0.0057612205855548,-9.935765266418455,0.0094439461827278,0.0060783708468079,0.0001399975881213,94.0,16.05500030517578,47.3979715,8.546162899999999,attack,22.08
1776224740.5955744,2026-04-15T03:45:40.595574,normal_circle,1,47.39818339794939,8.546475940794663,2.25,2.1130001544952397,0.0099999997764825,0.0599999986588954,-1.2200000286102295,-0.0749184563755989,-0.0100126694887876,-9.95265769958496,0.0095909414812922,0.004755581729114,0.0003713257028721,94.0,16.05500030517578,47.3979715,8.546162899999999,attack,22.198
1776224740.6994648,2026-04-15T03:45:40.699465,normal_circle,1,47.39818438968225,8.54647740590012,2.2710001468658447,2.133000135421753,0.0099999997764825,0.0599999986588954,-1.2200000286102295,-0.0724990144371986,-0.0020426476839929,-9.955010414123535,0.0095449285581707,0.0073249638080596,-3.8567632145714015e-06,94.0,16.05500030517578,47.3979715,8.546162899999999,attack,22.302
1776224740.805171,2026-04-15T03:45:40.805171,normal_circle,1,47.39818539874861,8.54647889661268,2.2710001468658447,2.133000135421753,0.0099999997764825,0.0599999986588954,-1.2200000286102295,-0.0724990144371986,-0.0020426476839929,-9.955010414123535,0.0095449285581707,0.0073249638080596,-3.8567632145714015e-06,94.0,16.05500030517578,47.3979715,8.546162899999999,attack,22.407
1776224740.9069352,2026-04-15T03:45:40.906935,normal_circle,1,47.3981863701847,8.546480331733353,2.3010001182556152,2.1640000343322754,0.0,0.0599999986588954,-1.2300000190734863,-0.0745733603835105,-0.0047565824352204,-9.971424102783203,0.0088237738236784,0.0084035843610763,-0.0001367540971841,94.0,16.05500030517578,47.3979715,8.546162899999999,attack,22.509
1776224741.0089228,2026-04-15T03:45:41.008923,normal_circle,1,47.39818734375335,8.546481770004478,2.322000026702881,2.184000015258789,0.0,0.0599999986588954,-1.2300000190734863,-0.0680586546659469,-0.0024429629556834,-9.954429626464844,0.0093045681715011,0.0067093512043356,0.0007982646930031,94.0,16.05500030517578,47.3979715,8.546162899999999,attack,22.611
1776224741.1177497,2026-04-15T03:45:41.117749,normal_circle,1,47.39818838260938,8.54648330472588,2.3530001640319824,2.21500015258789,0.0,0.0599999986588954,-1.2300000190734863,-0.0724679604172706,-0.0163268968462944,-9.987319946289062,0.0076851621270179,0.0062722219154238,-0.0005661390023306,94.0,16.05500030517578,47.3979715,8.546162899999999,attack,22.72
1776224741.2198832,2026-04-15T03:45:41.219883,normal_circle,1,47.3981893575709,8.54648484505472,2.373000144958496,2.236000061035156,0.0,0.0599999986588954,-1.2400000095367432,-0.0775947645306587,-0.0055242283269762,-9.962339401245115,0.0081409318372607,0.0061819115653634,-0.00065136392368,94.0,16.05500030517578,47.3979715,8.546163,attack,22.822
1776224741.3213058,2026-04-15T03:45:41.321306,normal_circle,1,47.39819032574558,8.54648627535725,2.4040000438690186,2.2660000324249268,0.0,0.0599999986588954,-1.2400000095367432,-0.076836809515953,0.003291135886684,-9.94612979888916,0.0069236396811902,0.0043210554867982,9.986379154725e-06,94.0,16.05500030517578,47.3979715,8.546163,attack,22.923
1776224741.425552,2026-04-15T03:45:41.425552,normal_circle,1,47.39819132087413,8.546487745479226,2.4040000438690186,2.2660000324249268,0.0,0.0599999986588954,-1.2400000095367432,-0.076836809515953,0.003291135886684,-9.94612979888916,0.0069236396811902,0.0043210554867982,9.986379154725e-06,94.0,16.05500030517578,47.3979715,8.546163,attack,23.028
1776224741.528146,2026-04-15T03:45:41.528146,normal_circle,1,47.39819240023275,8.546489192304602,2.455000162124634,2.318000078201294,0.0,0.0599999986588954,-1.25,-0.0762308910489082,-0.0106299016624689,-9.97598361968994,0.0037039362359791,0.0026797321625053,0.0003703476104419,94.0,16.05500030517578,47.3979716,8.546163,attack,23.13
1776224741.632612,2026-04-15T03:45:41.632612,normal_circle,1,47.39819339745971,8.5464906655266,2.486000061035156,2.3490002155303955,0.0,0.0599999986588954,-1.25,-0.0743866711854934,-0.010832761414349,-9.962608337402344,0.0043648849241435,0.0032780994661152,-0.0007790955714881,94.0,16.05500030517578,47.3979716,8.546163,attack,23.235
1776224741.735031,2026-04-15T03:45:41.735031,normal_circle,1,47.398194375145515,8.546492109880088,2.507000207901001,2.370000123977661,0.0,0.0599999986588954,-1.25,-0.0755393579602241,-0.0089960740879178,-9.94536018371582,0.0054348702542483,0.0021205148659646,6.641404615947977e-05,94.0,16.05500030517578,47.3979716,8.546163,attack,23.337
1776224741.8368108,2026-04-15T03:45:41.836811,normal_circle,1,47.398195346731825,8.546493645222672,2.5440001487731934,2.4060001373291016,0.0,0.0499999970197677,-1.2599999904632568,-0.079298660159111,-0.0052898293361067,-9.916936874389648,0.0021654707379639,0.0027646152302622,0.0001047555124387,90.0,15.995000839233398,47.3979716,8.5461631,attack,23.439
1776224741.9399424,2026-04-15T03:45:41.939942,normal_circle,1,47.39819633122039,8.546495099626005,2.575000047683716,2.437000036239624,0.0,0.0499999970197677,-1.2599999904632568,-0.0741971954703331,-0.0023276882711797,-9.932278633117676,0.0019890621770173,0.0022336582187563,-0.0004994943737983,90.0,15.995000839233398,47.3979716,8.5461631,attack,23.542
1776224742.0420744,2026-04-15T03:45:42.042074,normal_circle,1,47.39819730616825,8.546496539934672,2.5960001945495605,2.4580001831054688,0.0,0.0499999970197677,-1.2599999904632568,-0.0756687894463539,-0.0071771866641938,-9.903562545776367,0.0015643257647752,0.0011102261487394,0.000195142449229,90.0,15.995000839233398,47.3979716,8.5461631,attack,23.644
1776224742.1495895,2026-04-15T03:45:42.149590,normal_circle,1,47.398198332502105,8.54649805615683,2.617000102996826,2.4790000915527344,0.0,0.0499999970197677,-1.2599999904632568,-0.0758275315165519,-0.0012924703769385,-9.931835174560549,0.0011963613796979,0.0009249236318282,-0.0007766734343022,90.0,15.995000839233398,47.3979716,8.5461631,attack,23.752
1776224742.2521043,2026-04-15T03:45:42.252105,normal_circle,1,47.398199311102836,8.546499501861954,2.617000102996826,2.4790000915527344,0.0,0.0499999970197677,-1.2599999904632568,-0.0758275315165519,-0.0012924703769385,-9.931835174560549,0.0011963613796979,0.0009249236318282,-0.0007766734343022,90.0,15.995000839233398,47.3979716,8.5461631,attack,23.854
1776224742.3549502,2026-04-15T03:45:42.354950,normal_circle,1,47.398200292864836,8.54650095223728,2.638000011444092,2.5,0.0,0.0499999970197677,-1.2699999809265137,-0.0670230761170387,-0.0079357698559761,-9.905613899230955,0.0003509032248985,0.0037642053794115,-0.000407515122788,90.0,15.995000839233398,47.3979716,8.5461631,attack,23.957
1776224742.463496,2026-04-15T03:45:42.463496,normal_circle,1,47.39820132903754,8.54650248299456,2.6700000762939453,2.532000064849853,0.0,0.0499999970197677,-1.2699999809265137,-0.0768793821334838,-0.0058553642593324,-9.884483337402344,0.0005299151525832,0.0036443381104618,0.0001172496849903,90.0,15.995000839233398,47.3979716,8.5461631,attack,24.066
1776224742.5649295,2026-04-15T03:45:42.564929,normal_circle,1,47.39820229731692,8.546503913451756,2.7220001220703125,2.5850000381469727,0.0,0.0499999970197677,-1.2699999809265137,-0.0675562247633934,-0.0020324187353253,-9.894454956054688,-0.0003199978091288,0.0022472776472568,-0.00115246407222,90.0,15.995000839233398,47.3979716,8.5461631,attack,24.167
1776224742.667207,2026-04-15T03:45:42.667207,normal_circle,1,47.398203273653095,8.546505455811413,2.754000186920166,2.616000175476074,0.0,0.0499999970197677,-1.2799999713897705,-0.0819150879979133,-0.0132570788264274,-9.92670726776123,-4.150046152062714e-05,0.0018874544184654,-0.0002829488075803,90.0,15.995000839233398,47.3979716,8.546163199999999,attack,24.269
1776224742.7688415,2026-04-15T03:45:42.768842,normal_circle,1,47.39820424385109,8.546506889103009,2.775000095367432,2.63700008392334,0.0,0.0499999970197677,-1.2799999713897705,-0.0775393694639206,-0.0118931382894515,-9.899007797241213,0.0001193397765746,0.0015673422021791,-0.0003351756022311,90.0,15.995000839233398,47.3979716,8.546163199999999,attack,24.371
1776224742.8719883,2026-04-15T03:45:42.871988,normal_circle,1,47.39820522848532,8.546508343721529,2.806000232696533,2.6690001487731934,-0.0099999997764825,0.0499999970197677,-1.2799999713897705,-0.0719717368483543,-0.0120865339413285,-9.932284355163574,-0.0018796185031533,0.001365446485579,-0.0004978564684279,90.0,15.995000839233398,47.3979716,8.546163199999999,attack,24.474
1776224742.9742198,2026-04-15T03:45:42.974220,normal_circle,1,47.39820620438224,8.546509785432265,2.806000232696533,2.6690001487731934,-0.0099999997764825,0.0499999970197677,-1.2799999713897705,-0.0719717368483543,-0.0120865339413285,-9.932284355163574,-0.0018796185031533,0.001365446485579,-0.0004978564684279,90.0,15.995000839233398,47.3979716,8.546163199999999,attack,24.576
1776224743.0763514,2026-04-15T03:45:43.076351,normal_circle,1,47.398207179325546,8.546511225734209,2.827000141143799,2.690000057220459,-0.0099999997764825,0.0499999970197677,-1.2799999713897705,-0.0804932788014411,-0.0121028097346425,-9.96295928955078,-0.0042875506915152,-1.3146227502147669e-05,0.0003828784683719,90.0,15.995000839233398,47.3979716,8.546163199999999,attack,24.678
1776224743.182014,2026-04-15T03:45:43.182014,normal_circle,1,47.398208187975406,8.546512715831474,2.8490002155303955,2.711000204086304,-0.0099999997764825,0.0499999970197677,-1.2899999618530271,-0.0731526911258697,-0.0030418145470321,-9.93773078918457,-0.0038029397837817,-0.0004729520878754,0.000576278893277,90.0,15.995000839233398,47.3979716,8.546163199999999,attack,24.784
1776224743.2880564,2026-04-15T03:45:43.288056,normal_circle,1,47.39820920025083,8.546514211284848,2.8490002155303955,2.711000204086304,-0.0099999997764825,0.0499999970197677,-1.2899999618530271,-0.0731526911258697,-0.0030418145470321,-9.93773078918457,-0.0038029397837817,-0.0004729520878754,0.000576278893277,90.0,15.995000839233398,47.3979716,8.546163199999999,attack,24.89
1776224743.391461,2026-04-15T03:45:43.391461,normal_circle,1,47.39821018734534,8.546515669537987,2.885000228881836,2.748000144958496,-0.0099999997764825,0.0399999991059303,-1.2899999618530271,-0.0735387876629829,-0.0121595961973071,-9.858062744140623,-0.0056432713754475,-0.000766217475757,0.0004762148309964,90.0,15.995000839233398,47.3979716,8.546163199999999,attack,24.994
1776224743.4964778,2026-04-15T03:45:43.496478,normal_circle,1,47.398211189831976,8.546517150530207,2.907000064849853,2.7690000534057617,-0.0099999997764825,0.0399999991059303,-1.2899999618530271,-0.0765774697065353,-0.0100673642009496,-9.939455032348633,-0.0060751363635063,0.0003700032248161,0.0008566586766391,90.0,15.995000839233398,47.3979716,8.546163199999999,attack,25.099
1776224743.599076,2026-04-15T03:45:43.599076,normal_circle,1,47.39821216922928,8.546518597412128,2.9280002117156982,2.7900002002716064,-0.0099999997764825,0.0399999991059303,-1.2899999618530271,-0.076971098780632,-0.0097350357100367,-9.926542282104492,-0.0073757101781666,0.0016721005085855,-0.00056801259052,90.0,15.995000839233398,47.3979716,8.546163199999999,attack,25.201
1776224743.7028928,2026-04-15T03:45:43.702893,normal_circle,1,47.39821316025888,8.546520061478644,2.9600000381469727,2.822000026702881,-0.0099999997764825,0.0399999991059303,-1.2999999523162842,-0.0672364383935928,-0.0078924586996436,-9.925692558288574,-0.0074112694710493,0.0026354293804615,0.0005616735434159,90.0,15.995000839233398,47.3979716,8.546163199999999,attack,25.305
1776224743.8061864,2026-04-15T03:45:43.806186,normal_circle,1,47.39821414629508,8.546521518168326,2.9810001850128174,2.8430001735687256,-0.0099999997764825,0.0399999991059303,-1.2999999523162842,-0.0773097947239875,-0.0083622969686985,-9.90989112854004,-0.0078640701249241,0.0011077440576627,0.0007116845808923,90.0,15.995000839233398,47.3979716,8.546163199999999,attack,25.408
1776224743.9094412,2026-04-15T03:45:43.909441,normal_circle,1,47.398215131960306,8.546522974309957,3.013000249862671,2.875000238418579,-0.0199999995529651,0.0399999991059303,-1.2999999523162842,-0.0786977857351303,-0.000740791496355,-9.91611385345459,-0.0081885382533073,0.0001699294807622,-0.0004131294263061,90.0,15.995000839233398,47.3979716,8.546163199999999,attack,25.512
1776224744.0138712,2026-04-15T03:45:44.013871,normal_circle,1,47.39821612884359,8.546524547024251,3.0340001583099365,2.8970000743865967,-0.0199999995529651,0.0399999991059303,-1.2999999523162842,-0.0722678080201149,-0.0079656951129436,-9.913585662841797,-0.007657388690859,-0.0001574897469254,0.0001521109516033,90.0,15.995000839233398,47.3979716,8.5461633,attack,25.616
1776224744.1178827,2026-04-15T03:45:44.117883,normal_circle,1,47.39821712173263,8.546526013837749,3.0340001583099365,2.8970000743865967,-0.0199999995529651,0.0399999991059303,-1.2999999523162842,-0.0722678080201149,-0.0079656951129436,-9.913585662841797,-0.007657388690859,-0.0001574897469254,0.0001521109516033,90.0,15.995000839233398,47.3979716,8.5461633,attack,25.72
1776224744.220036,2026-04-15T03:45:44.220036,normal_circle,1,47.39821809688305,8.546527454445659,3.088000059127808,2.950000047683716,-0.0199999995529651,0.0399999991059303,-1.309999942779541,-0.0761346966028213,-0.0032370905391871,-9.936120986938477,-0.0100671434774994,0.0005584345199167,0.0004433381545823,90.0,15.995000839233398,47.3979716,8.5461633,attack,25.822
1776224744.330956,2026-04-15T03:45:44.330956,normal_circle,1,47.39821915571949,8.546529018684494,3.120000123977661,2.9820001125335693,-0.0199999995529651,0.0399999991059303,-1.309999942779541,-0.0727778002619743,-0.0113005014136433,-9.917078971862791,-0.0094567527994513,-0.0003819860285148,0.000480677030282,90.0,15.995000839233398,47.3979716,8.5461633,attack,25.933
1776224744.433062,2026-04-15T03:45:44.433062,normal_circle,1,47.39822013041927,8.546530458626673,3.1410000324249268,3.004000186920166,-0.0199999995529651,0.0399999991059303,-1.309999942779541,-0.0686625242233276,-0.0121997566893696,-9.887067794799805,-0.0104657094925642,-0.0001996290375245,0.0003174012817908,90.0,15.995000839233398,47.3979716,8.5461633,attack,26.035
1776224744.5354493,2026-04-15T03:45:44.535449,normal_circle,1,47.39822110780238,8.546531902532978,3.1630001068115234,3.025000095367432,-0.0199999995529651,0.0399999991059303,-1.309999942779541,-0.0669393837451934,-0.0070678936317563,-9.928651809692385,-0.0101859308779239,-0.0020756269805133,-0.0001719085557851,90.0,15.995000839233398,47.3979716,8.5461633,attack,26.138
1776224744.6381855,2026-04-15T03:45:44.638186,normal_circle,1,47.39822208851745,8.546533351361656,3.1630001068115234,3.025000095367432,-0.0199999995529651,0.0399999991059303,-1.309999942779541,-0.0669393837451934,-0.0070678936317563,-9.928651809692385,-0.0101859308779239,-0.0020756269805133,-0.0001719085557851,90.0,15.995000839233398,47.3979716,8.5461633,attack,26.24
1776224744.7408226,2026-04-15T03:45:44.740823,normal_circle,1,47.39822306828573,8.546534798791628,3.195000171661377,3.058000087738037,-0.0199999995529651,0.0399999991059303,-1.319999933242798,-0.0791968181729316,-0.0135627659037709,-9.901008605957031,-0.0115008736029267,-0.0025886776857078,0.0005831421585753,90.0,15.995000839233398,47.3979716,8.5461633,attack,26.343
1776224744.850008,2026-04-15T03:45:44.850008,normal_circle,1,47.39822411056477,8.546536338569897,3.195000171661377,3.058000087738037,-0.0199999995529651,0.0399999991059303,-1.319999933242798,-0.0791968181729316,-0.0135627659037709,-9.901008605957031,-0.0115008736029267,-0.0025886776857078,0.0005831421585753,90.0,15.995000839233398,47.3979716,8.5461633,attack,26.452
1776224744.9514666,2026-04-15T03:45:44.951467,normal_circle,1,47.39822507908312,8.546537769380134,3.195000171661377,3.058000087738037,-0.0199999995529651,0.0399999991059303,-1.319999933242798,-0.0791968181729316,-0.0135627659037709,-9.901008605957031,-0.0115008736029267,-0.0025886776857078,0.0005831421585753,90.0,15.995000839233398,47.3979716,8.5461633,attack,26.554
1776224745.0555563,2026-04-15T03:45:45.055556,normal_circle,1,47.39822607271866,8.546539237296457,3.282000064849853,3.1440000534057617,-0.0299999993294477,0.0299999993294477,-1.319999933242798,-0.071590632200241,-0.0106418328359723,-9.897786140441896,-0.0087977387011051,-0.000972996931523,3.63129802281037e-05,90.0,15.995000839233398,47.3979716,8.5461633,attack,26.658
1776224745.159943,2026-04-15T03:45:45.159943,normal_circle,1,47.39822706919001,8.546540709402178,3.30400013923645,3.1660001277923584,-0.0299999993294477,0.0299999993294477,-1.319999933242798,-0.0694488435983657,-0.0160232447087764,-9.908228874206545,-0.0074392999522387,-0.000886038003955,0.000739240029361,90.0,15.995000839233398,47.3979716,8.5461633,attack,26.762
1776224745.268173,2026-04-15T03:45:45.268173,normal_circle,1,47.398228102347105,8.546542235704443,3.336000204086304,3.199000120162964,-0.0299999993294477,0.0299999993294477,-1.329999923706055,-0.0792236775159835,-0.0107374265789985,-9.900327682495115,-0.0097608612850308,0.0006904254551045,-0.0010172307956963,90.0,15.995000839233398,47.3979716,8.5461633,attack,26.87
1776224745.369918,2026-04-15T03:45:45.369918,normal_circle,1,47.39822897360113,8.546543770555413,3.380000114440918,3.242000102996826,-0.0299999993294477,0.0299999993294477,-1.329999923706055,-0.0714005231857299,-0.0128021957352757,-9.894824981689451,-0.0104158148169517,0.0006133272545412,-0.000476252491353,90.0,15.995000839233398,47.3979715,8.5461634,attack,26.972
1776224745.473078,2026-04-15T03:45:45.473078,normal_circle,1,47.39822995836053,8.546545225358853,3.402000188827514,3.264000177383423,-0.0299999993294477,0.0299999993294477,-1.329999923706055,-0.0740422531962394,-0.0195992067456245,-9.89847183227539,-0.0086989924311637,4.610492760548368e-05,5.09661840624176e-05,90.0,15.995000839233398,47.3979715,8.5461634,attack,27.075
1776224745.5872731,2026-04-15T03:45:45.587273,normal_circle,1,47.39823104846145,8.546546835785284,3.402000188827514,3.264000177383423,-0.0299999993294477,0.0299999993294477,-1.329999923706055,-0.0740422531962394,-0.0195992067456245,-9.89847183227539,-0.0086989924311637,4.610492760548368e-05,5.09661840624176e-05,90.0,15.995000839233398,47.3979715,8.5461634,attack,27.189
1776224745.6978388,2026-04-15T03:45:45.697839,normal_circle,1,47.39823210391585,8.546548395027772,3.4780001640319824,3.34000015258789,-0.0299999993294477,0.0299999993294477,-1.3399999141693115,-0.0737906470894813,-0.0090500377118587,-9.88653564453125,-0.0094657782465219,-0.0006033506360836,0.0009277161443606,90.0,15.995000839233398,47.3979715,8.5461634,attack,27.3
1776224745.8031096,2026-04-15T03:45:45.803110,normal_circle,1,47.39823310882636,8.546549879600814,3.500000238418579,3.3620002269744877,-0.0299999993294477,0.0299999993294477,-1.3399999141693115,-0.0712771937251091,-0.0112790632992982,-9.89276885986328,-0.0085599720478057,-0.0002414800692349,-0.0007376302382908,90.0,15.995000839233398,47.3979715,8.5461634,attack,27.405
1776224745.9061413,2026-04-15T03:45:45.906141,normal_circle,1,47.39823409236131,8.546551332595351,3.532000064849853,3.3950002193450928,-0.0299999993294477,0.0299999993294477,-1.3399999141693115,-0.0752200782299041,-0.019431572407484,-9.889077186584473,-0.0082678217440843,0.0026505549903959,0.0003584110527299,90.0,15.995000839233398,47.3979715,8.5461634,attack,27.508
1776224746.0113404,2026-04-15T03:45:46.011340,normal_circle,1,47.39823509658676,8.546552816156346,3.55400013923645,3.4170000553131104,-0.0299999993294477,0.0299999993294477,-1.3399999141693115,-0.0726052150130271,-0.0088652605190873,-9.909286499023438,-0.0084006171673536,0.0006782890995964,-0.000661589554511,90.0,15.995000839233398,47.3979715,8.5461634,attack,27.613
1776224746.11547,2026-04-15T03:45:46.115470,normal_circle,1,47.39823609060238,8.546554284634169,3.576000213623047,3.439000129699707,-0.0299999993294477,0.0299999993294477,-1.3399999141693115,-0.0782143101096153,-0.0127399945631623,-9.87346649169922,-0.0088952453806996,0.0005981868016533,-0.0004740910080727,90.0,15.995000839233398,47.3979715,8.5461634,attack,27.718
1776224746.2179987,2026-04-15T03:45:46.217999,normal_circle,1,47.39823706933739,8.546555730537662,3.642000198364258,3.505000114440918,-0.0299999993294477,0.0299999993294477,-1.350000023841858,-0.078038603067398,-0.0128813246265053,-9.868793487548828,-0.0067903888411819,-0.000348575762473,-0.0008317098836414,90.0,15.995000839233398,47.3979715,8.5461634,attack,27.82
1776224746.3188884,2026-04-15T03:45:46.318888,normal_circle,1,47.39823803242537,8.546557153325503,3.6640002727508554,3.527000188827514,-0.0299999993294477,0.0299999993294477,-1.350000023841858,-0.0709947422146797,-0.0175857692956924,-9.898298263549805,-0.0080099925398826,-0.0001832040579756,-0.0001506663393229,90.0,15.995000839233398,47.3979715,8.5461634,attack,27.921
1776224746.4209983,2026-04-15T03:45:46.420998,normal_circle,1,47.398239007161564,8.546558593321476,3.686000108718872,3.5490002632141118,-0.0299999993294477,0.0299999993294477,-1.350000023841858,-0.0739974454045295,-0.0089648710563778,-9.885912895202637,-0.0085085639730095,0.0020874242763966,-0.0001278055133298,90.0,15.995000839233398,47.3979715,8.5461634,attack,28.023
1776224746.524659,2026-04-15T03:45:46.524659,normal_circle,1,47.398239996700426,8.546560055185699,3.7200002670288086,3.582000255584717,-0.0299999993294477,0.0199999995529651,-1.350000023841858,-0.0758536979556083,-0.0101465322077274,-9.86041259765625,-0.0081701362505555,0.0018546131905168,-0.0005351806175895,90.0,15.995000839233398,47.3979715,8.5461634,attack,28.127
1776224746.6265886,2026-04-15T03:45:46.626589,normal_circle,1,47.39824096971602,8.546561492639793,3.7200002670288086,3.582000255584717,-0.0299999993294477,0.0199999995529651,-1.350000023841858,-0.0758536979556083,-0.0101465322077274,-9.86041259765625,-0.0081701362505555,0.0018546131905168,-0.0005351806175895,90.0,15.995000839233398,47.3979715,8.5461634,attack,28.229
1776224746.7289913,2026-04-15T03:45:46.728991,normal_circle,1,47.39824194724706,8.546562936764643,3.753000259399414,3.615000247955322,-0.0299999993294477,0.0199999995529651,-1.3600000143051147,-0.073703147470951,-0.0156399384140968,-9.89289093017578,-0.0079522337764501,0.0007885083905421,0.0008358510676771,90.0,15.995000839233398,47.3979715,8.5461634,attack,28.331
1776224746.8302495,2026-04-15T03:45:46.830250,normal_circle,1,47.39824291385363,8.546564464750563,3.775000095367432,3.63700008392334,-0.0299999993294477,0.0199999995529651,-1.3600000143051147,-0.0765474662184715,-0.0190268531441688,-9.869510650634766,-0.0094265732914209,-0.0003460224543232,-3.61125566996634e-05,90.0,15.995000839233398,47.3979715,8.5461635,attack,28.432
1776224746.9377158,2026-04-15T03:45:46.937716,normal_circle,1,47.39824393972092,8.546565980283452,3.808000087738037,3.671000242233277,-0.0299999993294477,0.0199999995529651,-1.3600000143051147,-0.070376768708229,-0.0099011836573481,-9.89421558380127,-0.0100795049220323,-0.0007211868069134,7.484018715331331e-05,90.0,15.995000839233398,47.3979715,8.5461635,attack,28.54
1776224747.039459,2026-04-15T03:45:47.039459,normal_circle,1,47.39824481095674,8.546567415107477,3.8530001640319824,3.71500015258789,-0.0299999993294477,0.0199999995529651,-1.3600000143051147,-0.0712183713912963,-0.0035262992605566,-9.917062759399414,-0.0067067411728203,0.001103009446524,-0.0006698538782075,90.0,15.995000839233398,47.3979714,8.5461635,attack,28.642
1776224747.1411395,2026-04-15T03:45:47.141140,normal_circle,1,47.39824578159398,8.546568849047986,3.875000238418579,3.7370002269744873,-0.0299999993294477,0.0199999995529651,-1.3600000143051147,-0.0657837465405464,-0.020971467718482,-9.880841255187988,-0.0068813865073025,-0.000983451725915,0.0014345565577968,90.0,15.995000839233398,47.3979714,8.5461635,attack,28.743
1776224747.2442937,2026-04-15T03:45:47.244293,normal_circle,1,47.39824676629876,8.54657030377073,3.8970000743865967,3.760000228881836,-0.0299999993294477,0.0199999995529651,-1.3700000047683716,-0.0729120150208473,-0.0093534337356686,-9.89842128753662,-0.0063491258770227,0.0011538735125213,-0.0008287681848742,90.0,15.995000839233398,47.3979714,8.5461635,attack,28.846
1776224747.346746,2026-04-15T03:45:47.346746,normal_circle,1,47.3982477443032,8.546571748594932,3.931000232696533,3.7930002212524414,-0.0299999993294477,0.0199999995529651,-1.3700000047683716,-0.071313202381134,-0.0056082597002387,-9.911249160766602,-0.0075304862111806,0.000334788870532,0.000455803994555,90.0,15.995000839233398,47.3979714,8.5461635,attack,28.949
1776224747.449692,2026-04-15T03:45:47.449692,normal_circle,1,47.39824872702109,8.546573200382408,3.953000068664551,3.81600022315979,-0.0299999993294477,0.0199999995529651,-1.3700000047683716,-0.0678973495960235,-0.0202224291861057,-9.889982223510742,-0.0057483143173158,0.00091593794059,-0.0003174724697601,90.0,15.995000839233398,47.3979714,8.5461635,attack,29.052
1776224747.5525908,2026-04-15T03:45:47.552591,normal_circle,1,47.39824970928835,8.546574651504153,3.9870002269744873,3.849000215530396,-0.0299999993294477,0.0199999995529651,-1.3700000047683716,-0.0671526938676834,-0.0146458987146615,-9.896650314331056,-0.004519002046436,0.001699507702142,0.0005959104164503,90.0,15.995000839233398,47.3979714,8.5461635,attack,29.155
1776224747.656927,2026-04-15T03:45:47.656927,normal_circle,1,47.3982507052772,8.546576122897067,4.009000301361084,3.872000217437744,-0.0299999993294477,0.0199999995529651,-1.3700000047683716,-0.0705978795886039,-0.0123318657279014,-9.917762756347656,-0.0051486240699887,0.0014919906388968,0.0006498927250504,90.0,15.995000839233398,47.3979714,8.5461635,attack,29.259
1776224747.7637615,2026-04-15T03:45:47.763762,normal_circle,1,47.39825172511327,8.546577629519918,4.043000221252441,3.9050002098083496,-0.0299999993294477,0.0199999995529651,-1.3799999952316284,-0.0778133198618888,-0.0160261783748865,-9.882842063903809,-0.0044398326426744,0.0021680076606571,0.0002915768127422,90.0,15.995000839233398,47.3979714,8.5461635,attack,29.366
1776224747.8649926,2026-04-15T03:45:47.864993,normal_circle,1,47.39825269146038,8.546579057122536,4.088000297546387,3.951000213623047,-0.0299999993294477,0.0199999995529651,-1.3799999952316284,-0.0616178326308727,-0.0086737228557467,-9.82925033569336,-0.0053208200260996,-0.0006228892598301,7.286428444785997e-05,90.0,15.995000839233398,47.3979714,8.5461635,attack,29.467
1776224747.966715,2026-04-15T03:45:47.966715,normal_circle,1,47.398253662498185,8.546580491654806,4.111000061035156,3.973000288009644,-0.0299999993294477,0.0199999995529651,-1.3799999952316284,-0.078706607222557,-0.0163652244955301,-9.86613941192627,-0.0063787619583308,-0.0022735642269253,0.0024556268472224,90.0,15.995000839233398,47.3979714,8.5461635,attack,29.569
1776224748.0698042,2026-04-15T03:45:48.069804,normal_circle,1,47.39825464658164,8.546582045459648,4.184000015258789,4.047000408172607,-0.0299999993294477,0.0199999995529651,-1.3799999952316284,-0.0711578279733657,-0.0191995631903409,-9.882328033447266,-0.0041547785513103,0.0047506364062428,0.0010401911567896,90.0,15.995000839233398,47.3979714,8.5461636,attack,29.672
1776224748.175301,2026-04-15T03:45:48.175301,normal_circle,1,47.39825565364973,8.546583533220126,4.219000339508057,4.081000328063965,-0.0299999993294477,0.0199999995529651,-1.3899999856948853,-0.0642348378896713,-0.0176758915185928,-9.77814483642578,-0.0012922624591737,0.0028258508536964,-0.0004157171933911,90.0,15.995000839233398,47.3979714,8.5461636,attack,29.777
1776224748.2794604,2026-04-15T03:45:48.279460,normal_circle,1,47.398256647949836,8.54658500211823,4.241000175476074,4.104000091552734,-0.0299999993294477,0.0199999995529651,-1.3899999856948853,-0.0729537606239318,-0.0160116739571094,-9.870477676391602,-0.0010710239876061,0.0032540084794163,0.0003394387022126,90.0,15.995000839233398,47.3979714,8.5461636,attack,29.882
1776224748.3810766,2026-04-15T03:45:48.381077,normal_circle,1,47.39825761797258,8.546586435150925,4.299000263214111,4.16100025177002,-0.0299999993294477,0.0199999995529651,-1.3899999856948853,-0.074619673192501,-0.0208593066781759,-9.833412170410156,0.001678763423115,0.0013205794384703,0.0017845454858615,90.0,15.995000839233398,47.3979714,8.5461636,attack,29.983
1776224748.4830637,2026-04-15T03:45:48.483063,normal_circle,1,47.398258591536674,8.546587873415323,4.321000099182129,4.184000015258789,-0.0299999993294477,0.0199999995529651,-1.3899999856948853,-0.0696434304118156,-0.0126547235995531,-9.889566421508787,0.0019852186087518,0.0032457238994538,0.0014932978665456,90.0,15.995000839233398,47.3979714,8.5461636,attack,30.085
1776224748.5849066,2026-04-15T03:45:48.584907,normal_circle,1,47.398259563723826,8.546589309645544,4.379000186920166,4.241000175476074,-0.0299999993294477,0.0199999995529651,-1.3899999856948853,-0.0709574371576309,-0.0159864258021116,-9.878599166870115,0.001836622483097,0.0049625243991613,0.0018937945133075,90.0,15.995000839233398,47.3979714,8.5461636,attack,30.187
1776224748.687554,2026-04-15T03:45:48.687554,normal_circle,1,47.39826054358998,8.546590757220088,4.402000427246094,4.265000343322754,-0.0299999993294477,0.0199999995529651,-1.3899999856948853,-0.0707397162914276,-0.0169509388506412,-9.834171295166016,0.0016557062044739,0.0032293312251567,0.0016040618065744,90.0,15.995000839233398,47.3979714,8.5461636,attack,30.29
1776224748.7893171,2026-04-15T03:45:48.789317,normal_circle,1,47.39826151501697,8.546592192327306,4.4720001220703125,4.335000038146973,-0.0199999995529651,0.0199999995529651,-1.399999976158142,-0.0775111243128776,-0.0129486620426177,-9.874982833862305,0.0013669416075572,0.0031073943246155,0.0016340336296707,90.0,15.995000839233398,47.3979714,8.5461636,attack,30.391
1776224748.8923707,2026-04-15T03:45:48.892371,normal_circle,1,47.398262498761305,8.54659374563117,4.49500036239624,4.3580002784729,-0.0199999995529651,0.0199999995529651,-1.399999976158142,-0.0720271840691566,-0.0166242942214012,-9.89777374267578,0.0013295337557792,0.003770483424887,0.0031068420503288,90.0,15.995000839233398,47.3979714,8.5461637,attack,30.494
1776224748.9949968,2026-04-15T03:45:48.994997,normal_circle,1,47.39826337842489,8.546595192905652,4.554000377655029,4.4160003662109375,-0.0199999995529651,0.0199999995529651,-1.399999976158142,-0.0742669850587844,-0.0136404009535908,-9.887954711914062,0.0021339855156838,0.0054663871414959,0.0036327941343188,90.0,15.995000839233398,47.3979713,8.5461637,attack,30.597
1776224749.0968776,2026-04-15T03:45:49.096878,normal_circle,1,47.398264350973925,8.546596629670471,4.588000297546387,4.451000213623047,-0.0199999995529651,0.0199999995529651,-1.399999976158142,-0.0653544813394546,-0.0148089081048965,-9.856016159057615,0.0008111599599942,0.0063393679447472,0.0035062918905168,90.0,15.995000839233398,47.3979713,8.5461637,attack,30.699
1776224749.202047,2026-04-15T03:45:49.202047,normal_circle,1,47.39826535491716,8.54659811281454,4.611999988555908,4.473999977111816,-0.0199999995529651,0.0199999995529651,-1.399999976158142,-0.0691803321242332,-0.0207898933440446,-9.81445598602295,0.0005296978051774,0.0051388596184551,0.003140203654766,90.0,15.995000839233398,47.3979713,8.5461637,attack,30.804
1776224749.307717,2026-04-15T03:45:49.307717,normal_circle,1,47.398266363637575,8.546599603016027,4.6579999923706055,4.521000385284424,-0.0199999995529651,0.0199999995529651,-1.409999966621399,-0.07437714189291,-0.0126387579366564,-9.856487274169922,0.0005816025077365,0.0061825872398912,0.0037345825694501,90.0,15.995000839233398,47.3979713,8.5461637,attack,30.91
1776224749.4105868,2026-04-15T03:45:49.410587,normal_circle,1,47.39826734562717,8.546601053727573,4.694000244140625,4.556000232696533,-0.0199999995529651,0.0099999997764825,-1.409999966621399,-0.0669258162379264,-0.012470930814743,-9.846321105957031,0.0003017295675817,0.0064416122622787,0.0039635603316128,90.0,15.995000839233398,47.3979713,8.5461637,attack,31.013
1776224749.5126994,2026-04-15T03:45:49.512699,normal_circle,1,47.3982683203884,8.546602493760526,4.740000247955322,4.603000164031982,-0.0199999995529651,0.0099999997764825,-1.409999966621399,-0.0697245895862579,-0.0121523542329669,-9.8545560836792,-0.0002319834602531,0.0045496984384953,0.0042830128222703,90.0,15.995000839233398,47.3979713,8.5461637,attack,31.115
1776224749.6165276,2026-04-15T03:45:49.616528,normal_circle,1,47.39826931152724,8.546604057988425,4.799000263214111,4.662000179290772,-0.0199999995529651,0.0099999997764825,-1.409999966621399,-0.0745527371764183,-0.0111486036330461,-9.899580955505373,0.0005279102479107,0.0035182835999876,0.0046347677707672,90.0,15.995000839233398,47.3979713,8.5461638,attack,31.219
1776224749.7178452,2026-04-15T03:45:49.717845,normal_circle,1,47.398270278700515,8.546605486811547,4.8580002784729,4.720000267028809,-0.0199999995529651,0.0099999997764825,-1.4199999570846558,-0.0624284222722053,-0.0159932039678096,-9.8303861618042,-0.0009521217434667,0.0036158559378236,0.0041536027565598,90.0,15.995000839233398,47.3979713,8.5461638,attack,31.32
1776224749.8197582,2026-04-15T03:45:49.819758,normal_circle,1,47.39827125155679,8.546606924030275,4.928000450134277,4.7910003662109375,-0.0199999995529651,0.0099999997764825,-1.4199999570846558,-0.0650238096714019,-0.0127813555300235,-9.834242820739746,-0.0026908484287559,0.0029499726369976,0.006058077327907,90.0,15.995000839233398,47.3979713,8.5461638,attack,31.422
1776224749.923323,2026-04-15T03:45:49.923323,normal_circle,1,47.39827224018073,8.546608384542857,4.963000297546387,4.826000213623047,-0.0199999995529651,0.0099999997764825,-1.4199999570846558,-0.0741595402359962,-0.0106289163231849,-9.829716682434082,-0.0021482165902853,0.0011879482772201,0.0053973598405718,90.0,15.995000839233398,47.3979713,8.5461638,attack,31.525
1776224750.0251114,2026-04-15T03:45:50.025111,normal_circle,1,47.398273211848974,8.546609820006475,5.023000240325928,4.885000228881836,-0.0199999995529651,0.0099999997764825,-1.4199999570846558,-0.0704247653484344,-0.0176800414919853,-9.847112655639648,-0.0034409814979881,0.0029244392644613,0.0056074615567922,90.0,15.995000839233398,47.3979713,8.5461638,attack,31.627
1776224750.1278782,2026-04-15T03:45:50.127878,normal_circle,1,47.39827419285536,8.546611269265517,5.046000003814697,4.909000396728516,-0.0199999995529651,0.0099999997764825,-1.4199999570846558,-0.0709684416651725,-0.0079674711450934,-9.859244346618652,-0.0042471224442124,-0.0001882772921817,0.0052184551022946,90.0,15.995000839233398,47.3979713,8.5461638,attack,31.73
1776224750.228752,2026-04-15T03:45:50.228752,normal_circle,1,47.39827515579085,8.546612691828079,5.046000003814697,4.909000396728516,-0.0199999995529651,0.0099999997764825,-1.4199999570846558,-0.0709684416651725,-0.0079674711450934,-9.859244346618652,-0.0042471224442124,-0.0001882772921817,0.0052184551022946,90.0,15.995000839233398,47.3979713,8.5461638,attack,31.831
1776224750.3333988,2026-04-15T03:45:50.333399,normal_circle,1,47.39827605474524,8.54661416760118,5.129000186920166,4.992000102996826,-0.0199999995529651,0.0099999997764825,-1.4199999570846558,-0.0751120746135711,-0.007542205043137,-9.874998092651367,-0.004002537112683,0.0008045005961321,0.0060002482496201,90.0,15.995000839233398,47.3979712,8.5461638,attack,31.936
1776224750.438962,2026-04-15T03:45:50.438962,normal_circle,1,47.39827706244604,8.546615656296366,5.189000129699707,5.052000045776367,-0.0199999995529651,0.0,-1.4299999475479126,-0.0776467323303222,-0.0219523273408412,-9.852339744567873,-0.0021375201176851,-0.0009831895586103,0.0063516455702483,90.0,15.995000839233398,47.3979712,8.5461638,attack,32.041
1776224750.5510635,2026-04-15T03:45:50.551064,normal_circle,1,47.398278132562,8.546617237198634,5.225000381469727,5.088000297546387,-0.0199999995529651,0.0,-1.4299999475479126,-0.0722729191184043,-0.0112548442557454,-9.83393096923828,-0.0012605227530002,-0.0003617277252487,0.0051861205138266,90.0,15.995000839233398,47.3979712,8.5461638,attack,32.153
1776224750.6549115,2026-04-15T03:45:50.654912,normal_circle,1,47.39827912388974,8.546618701705597,5.273000240325928,5.135000228881836,-0.0199999995529651,0.0,-1.4299999475479126,-0.0661335885524749,-0.0189931914210319,-9.876851081848145,-0.0010767850326374,-0.0026539396494627,0.0056179980747401,90.0,15.995000839233398,47.3979712,8.5461638,attack,32.257
1776224750.7580562,2026-04-15T03:45:50.758056,normal_circle,1,47.398280108503485,8.546620156293846,5.297000408172607,5.159000396728516,-0.0199999995529651,0.0,-1.4299999475479126,-0.0715597197413444,-0.0152480173856019,-9.870071411132812,-0.0021950311493128,-0.000310693954816,0.0054510100744664,87.0,15.9350004196167,47.3979712,8.5461638,attack,32.36
1776224750.8607056,2026-04-15T03:45:50.860706,normal_circle,1,47.39828108839012,8.546621603898643,5.332000255584717,5.195000171661377,-0.0099999997764825,0.0,-1.4299999475479126,-0.075100228190422,-0.0065504615195095,-9.829556465148926,-0.0010685644811019,-0.0041619478724896,0.0056750564835965,87.0,15.9350004196167,47.3979712,8.5461638,attack,32.463
1776224750.9627223,2026-04-15T03:45:50.962723,normal_circle,1,47.398282062236426,8.54662304257996,5.392000198364258,5.255000114440918,-0.0099999997764825,0.0,-1.4299999475479126,-0.0748536437749862,-0.0195030737668275,-9.799259185791016,-0.00458102254197,-0.003250163514167,0.004847802221775,87.0,15.9350004196167,47.3979712,8.5461638,attack,32.565
1776224751.0660193,2026-04-15T03:45:51.066019,normal_circle,1,47.39828304830449,8.546624499316701,5.4160003662109375,5.279000282287598,-0.0099999997764825,0.0,-1.4299999475479126,-0.0717779919505119,-0.0148784350603818,-9.839761734008787,-0.0042505278252065,-0.0048551536165177,0.0050687035545706,87.0,15.9350004196167,47.3979712,8.5461638,attack,32.668
1776224751.1675234,2026-04-15T03:45:51.167523,normal_circle,1,47.398284017257545,8.546625930769121,5.464000225067139,5.327000141143799,-0.0099999997764825,0.0,-1.4399999380111694,-0.0705390349030494,-0.0099963331595063,-9.821209907531738,-0.0043389578349888,-0.00731309549883,0.0038960583042353,87.0,15.9350004196167,47.3979712,8.5461638,attack,32.77
1776224751.2698507,2026-04-15T03:45:51.269851,normal_circle,1,47.39828499406939,8.546627373831484,5.50100040435791,5.363000392913818,-0.0099999997764825,0.0,-1.4399999380111694,-0.0623647645115852,-0.0166729260236024,-9.848000526428224,-0.0044384337961673,-0.0060212863609194,0.0038412781432271,87.0,15.9350004196167,47.3979712,8.5461638,attack,32.872
1776224751.37997,2026-04-15T03:45:51.379970,normal_circle,1,47.398285945263254,8.546628926778897,5.561000347137451,5.423000335693359,-0.0099999997764825,0.0,-1.4399999380111694,-0.0706915408372879,-0.0166000109165906,-9.876371383666992,-0.006159100215882,-0.0062408815138041,0.0043300450779497,87.0,15.9350004196167,47.3979711,8.5461638,attack,32.982
1776224751.486691,2026-04-15T03:45:51.486691,normal_circle,1,47.39828696401597,8.546630431801296,5.621000289916992,5.484000205993652,-0.0099999997764825,0.0,-1.4399999380111694,-0.0617978200316429,-0.0148242888972163,-9.780220985412598,-0.0056566330604255,-0.0047914017923176,0.0040401713922619,87.0,15.9350004196167,47.3979711,8.5461638,attack,33.089
1776224751.5881562,2026-04-15T03:45:51.588156,normal_circle,1,47.39828793259805,8.546631862705661,5.645000457763672,5.508000373840332,-0.0099999997764825,0.0,-1.4399999380111694,-0.0583792775869369,-0.0166116878390312,-9.82557773590088,-0.0051567037589848,-0.0062020584009587,0.0030259042978286,87.0,15.9350004196167,47.3979711,8.5461638,attack,33.19
1776224751.6907785,2026-04-15T03:45:51.690778,normal_circle,1,47.39828891222523,8.546633309927158,5.706000328063965,5.568000316619873,-0.0099999997764825,0.0,-1.4399999380111694,-0.0686401575803756,-0.0095157902687788,-9.838359832763672,-0.0051292283460497,-0.0072926031425595,0.0028603826649487,87.0,15.9350004196167,47.3979711,8.5461638,attack,33.293
1776224751.7940173,2026-04-15T03:45:51.794017,normal_circle,1,47.39828989773797,8.546634765843502,5.754000186920166,5.617000102996826,-0.0099999997764825,0.0,-1.4399999380111694,-0.0585763342678546,-0.022587863728404,-9.835801124572754,-0.0078586535528302,-0.0030115346889942,0.0027438078541308,87.0,15.9350004196167,47.3979711,8.5461638,attack,33.396
1776224751.896591,2026-04-15T03:45:51.896591,normal_circle,1,47.39829087690085,8.546636212379093,5.833000183105469,5.695000171661377,-0.0099999997764825,0.0,-1.4499999284744265,-0.0704969391226768,-0.0207799933850765,-9.807141304016112,-0.0070519084110856,-0.0031916808802634,0.0036068561021238,87.0,15.9350004196167,47.3979711,8.5461638,attack,33.499
1776224751.9985788,2026-04-15T03:45:51.998579,normal_circle,1,47.39829175047177,8.54663765065267,5.894000053405762,5.75600004196167,-0.0099999997764825,0.0,-1.4499999284744265,-0.0606414750218391,-0.0086375493556261,-9.866129875183104,-0.0060516744852066,-0.0040251202881336,0.0034423239994794,87.0,15.9350004196167,47.397971,8.5461638,attack,33.601
1776224752.1000214,2026-04-15T03:45:52.100021,normal_circle,1,47.39829271883764,8.546639081237618,5.930000305175781,5.793000221252441,-0.0099999997764825,0.0,-1.4499999284744265,-0.0670180097222328,-0.0140226352959871,-9.84709930419922,-0.0058303037658333,-0.0037923890631645,0.0017036738572642,87.0,15.9350004196167,47.397971,8.5461638,attack,33.702
1776224752.217271,2026-04-15T03:45:52.217271,normal_circle,1,47.3982938380978,8.546640734741525,5.954000473022461,5.817000389099121,-0.0099999997764825,0.0,-1.4499999284744265,-0.0630310848355293,-0.004255527164787,-9.812551498413086,-0.005729679018259,-0.0034770325291901,0.002487382851541,87.0,15.9350004196167,47.397971,8.5461638,attack,33.819
1776224752.328692,2026-04-15T03:45:52.328692,normal_circle,1,47.39829490171597,8.546642306044486,5.991000175476074,5.853000164031982,-0.0099999997764825,0.0,-1.4499999284744265,-0.0675208792090416,-0.0098863746970891,-9.80626106262207,-0.0052971844561398,-0.0017050595488399,0.0019546565599739,87.0,15.9350004196167,47.397971,8.5461638,attack,33.931
1776224752.431219,2026-04-15T03:45:52.431219,normal_circle,1,47.39829588043505,8.54664375192443,6.015000343322754,5.878000259399414,-0.0099999997764825,0.0,-1.4499999284744265,-0.0689623728394508,-0.0149631416425108,-9.807857513427734,-0.0062773395329713,-0.0037515498697757,0.0024094169493764,87.0,15.9350004196167,47.397971,8.5461638,attack,34.033
1776224752.5323288,2026-04-15T03:45:52.532329,normal_circle,1,47.39829684562371,8.546645177815638,6.076000213623047,5.939000129699707,-0.0099999997764825,0.0,-1.4499999284744265,-0.0686544254422187,-0.0072942515835165,-9.861380577087402,-0.0064936284907162,-0.0014103309949859,0.0010143432300537,87.0,15.9350004196167,47.397971,8.5461638,attack,34.134
1776224752.634266,2026-04-15T03:45:52.634266,normal_circle,1,47.398297818709864,8.546646615373948,6.13700008392334,6.000000476837158,-0.0099999997764825,0.0,-1.459999918937683,-0.0674423053860664,-0.0038945665583014,-9.840164184570312,-0.0055382563732564,-0.0023111428599804,0.0015909087378531,87.0,15.9350004196167,47.397971,8.5461638,attack,34.236
1776224752.737009,2026-04-15T03:45:52.737009,normal_circle,1,47.39829879949093,8.546647964300114,6.186000347137451,6.048000335693359,0.0,0.0,-1.459999918937683,-0.0642775520682334,-0.0068457266315817,-9.825641632080078,-0.005143639165908,-0.0033932328224182,0.002996816067025,87.0,15.9350004196167,47.397971,8.5461637,attack,34.339
1776224752.8418531,2026-04-15T03:45:52.841853,normal_circle,1,47.39829980032752,8.546649442854665,6.223000526428223,6.085000514984131,0.0,0.0,-1.459999918937683,-0.0691174119710922,-0.0053190663456916,-9.83275318145752,-0.0049399151466786,-0.0038788008969277,0.0018149071838706,87.0,15.9350004196167,47.397971,8.5461637,attack,34.444
1776224752.943947,2026-04-15T03:45:52.943947,normal_circle,1,47.398300774911235,8.546650882625354,6.284000396728516,6.146000385284424,0.0,0.0,-1.459999918937683,-0.0659137070178985,-0.0085593611001968,-9.788748741149902,-0.0052015124820172,-0.0036934113595634,0.0023351209238171,87.0,15.9350004196167,47.397971,8.5461637,attack,34.546
1776224753.0461118,2026-04-15T03:45:53.046112,normal_circle,1,47.398301750170894,8.546652323394637,6.345000267028809,6.207000255584717,0.0,0.0,-1.459999918937683,-0.0582637973129749,-0.0147103881463408,-9.81590175628662,-0.0029353681020438,-0.003741520224139,0.0029165453743189,87.0,15.9350004196167,47.397971,8.5461637,attack,34.648
1776224753.1501205,2026-04-15T03:45:53.150120,normal_circle,1,47.398302643032615,8.546653790166841,6.381000518798828,6.244000434875488,0.0,0.0,-1.459999918937683,-0.0644303038716316,-0.0115458266809582,-9.81884479522705,-0.0023945772554725,-0.0025415546260774,0.0023565853480249,87.0,15.9350004196167,47.3979709,8.5461637,attack,34.752
1776224753.2539537,2026-04-15T03:45:53.253953,normal_circle,1,47.398303634219246,8.546655254465335,6.442000389099121,6.305000305175781,0.0,0.0,-1.459999918937683,-0.0657176226377487,0.0002367987472098,-9.802884101867676,-0.0001077232445823,0.0002662658807821,0.0025713262148201,87.0,15.9350004196167,47.3979709,8.5461637,attack,34.856
1776224753.356778,2026-04-15T03:45:53.356778,normal_circle,1,47.39830461577414,8.546656704534675,6.503000259399414,6.366000175476074,0.0,0.0,-1.459999918937683,-0.0609469301998615,-0.0128878392279148,-9.804255485534668,-0.0002040071994997,-0.0014512924244627,0.001578519353643,87.0,15.9350004196167,47.3979709,8.5461637,attack,34.959
1776224753.4599917,2026-04-15T03:45:53.459992,normal_circle,1,47.3983056010479,8.546658160097973,6.528000354766846,6.390000343322754,0.0,0.0,-1.459999918937683,-0.0583862662315368,-0.0066583799198269,-9.799044609069824,0.0001455295132473,0.0005212624673731,0.0014111408963799,87.0,15.9350004196167,47.3979709,8.5461637,attack,35.062
1776224753.5610452,2026-04-15T03:45:53.561045,normal_circle,1,47.39830656569944,8.546659585195682,6.577000141143799,6.439000129699707,0.0,0.0,-1.459999918937683,-0.0645361393690109,-0.0144532555714249,-9.823516845703123,0.0008601490408182,-0.0021222145296633,0.0007845914224162,87.0,15.9350004196167,47.3979709,8.5461637,attack,35.163
1776224753.661986,2026-04-15T03:45:53.661986,normal_circle,1,47.39830752927675,8.546661008706396,6.613000392913818,6.476000308990479,0.0,0.0,-1.459999918937683,-0.0653633028268814,-0.0173042509704828,-9.830273628234863,0.001008182647638,-0.0030583208426833,0.0001297889393754,87.0,15.9350004196167,47.3979709,8.5461637,attack,35.264
1776224753.7647874,2026-04-15T03:45:53.764787,normal_circle,1,47.39830851061315,8.546662458452957,6.613000392913818,6.476000308990479,0.0,0.0,-1.459999918937683,-0.0653633028268814,-0.0173042509704828,-9.830273628234863,0.001008182647638,-0.0030583208426833,0.0001297889393754,87.0,15.9350004196167,47.3979709,8.5461637,attack,35.367
1776224753.8661911,2026-04-15T03:45:53.866191,normal_circle,1,47.398309478608034,8.54666388848985,6.613000392913818,6.476000308990479,0.0,0.0,-1.459999918937683,-0.0653633028268814,-0.0173042509704828,-9.830273628234863,0.001008182647638,-0.0030583208426833,0.0001297889393754,87.0,15.9350004196167,47.3979709,8.5461637,attack,35.468
1776224753.9709926,2026-04-15T03:45:53.970993,normal_circle,1,47.39831047903723,8.54666536644255,6.723000526428223,6.586000442504883,0.0,0.0,-1.459999918937683,-0.0664226189255714,-0.0107441283762454,-9.820961952209473,0.0040251868776977,-0.0019472986459732,0.0007254480733536,87.0,15.9350004196167,47.3979709,8.5461637,attack,35.573
1776224754.071786,2026-04-15T03:45:54.071786,normal_circle,1,47.398311441205735,8.546666787872015,6.760000228881836,6.623000144958496,0.0,0.0,-1.46999990940094,-0.0697449371218681,-0.0077428882941603,-9.839975357055664,0.0047220936976373,-0.0033963525202125,0.0002198523288825,87.0,15.9350004196167,47.3979709,8.5461637,attack,35.674
1776224754.1742632,2026-04-15T03:45:54.174263,normal_circle,1,47.39831241944914,8.54666823304924,6.785000324249268,6.647000312805176,0.0,-0.0099999997764825,-1.46999990940094,-0.0672138184309005,-0.0040849321521818,-9.80763339996338,0.0028136402834206,-0.0042686038650572,0.0005841347156092,87.0,15.9350004196167,47.3979709,8.5461637,attack,35.776
1776224754.2767491,2026-04-15T03:45:54.276749,normal_circle,1,47.39831339777449,8.54666967834751,6.822000503540039,6.684000492095947,0.0,-0.0099999997764825,-1.46999990940094,-0.0668188780546188,-0.0088502271100878,-9.813148498535156,0.0036853447090834,-0.0060596885159611,7.048145198496059e-05,87.0,15.9350004196167,47.3979709,8.5461637,attack,35.879
1776224754.390983,2026-04-15T03:45:54.390983,normal_circle,1,47.39831448824638,8.546671189321973,6.895000457763672,6.758000373840332,0.0099999997764825,-0.0099999997764825,-1.46999990940094,-0.0648245364427566,-0.0149894803762435,-9.786545753479004,0.006300295703113,-0.0071254703216254,0.0003671219456009,87.0,15.9350004196167,47.3979709,8.5461636,attack,35.993
1776224754.5017145,2026-04-15T03:45:54.501714,normal_circle,1,47.39831554528256,8.546672750901225,6.920000553131104,6.782000541687012,0.0099999997764825,-0.0099999997764825,-1.46999990940094,-0.0631561800837516,-0.0071447151713073,-9.786123275756836,0.00569723919034,-0.0054864017292857,0.0010989720467478,87.0,15.9350004196167,47.3979709,8.5461636,attack,36.104
1776224754.6089203,2026-04-15T03:45:54.608920,normal_circle,1,47.39831656866453,8.54667426276249,6.975000381469727,6.837000370025635,0.0099999997764825,-0.0099999997764825,-1.46999990940094,-0.066824622452259,-0.0066749504767358,-9.816508293151855,0.0063778851181268,-0.0066123004071414,0.000818058848381,87.0,15.9350004196167,47.3979709,8.5461636,attack,36.211
1776224754.7110903,2026-04-15T03:45:54.711090,normal_circle,1,47.398317543974265,8.546675703605741,7.012000560760498,6.874000549316406,0.0099999997764825,-0.0099999997764825,-1.46999990940094,-0.0634559616446495,-0.0089955627918243,-9.813990592956545,0.0055045005865395,-0.0068706930615007,-0.0001026447789627,87.0,15.9350004196167,47.3979709,8.5461636,attack,36.313
1776224754.8156447,2026-04-15T03:45:54.815645,normal_circle,1,47.398318542045594,8.546677178075123,7.03600025177002,6.89900016784668,0.0099999997764825,-0.0099999997764825,-1.46999990940094,-0.0621354728937149,-0.0074431905522942,-9.83960247039795,0.0065533863380551,-0.0076443515717983,-0.0001687993644736,87.0,15.9350004196167,47.3979709,8.5461636,attack,36.418
1776224754.9179907,2026-04-15T03:45:54.917991,normal_circle,1,47.39831951903496,8.546678621399735,7.098000526428223,6.961000442504883,0.0099999997764825,-0.0099999997764825,-1.46999990940094,-0.0715589001774787,-0.0126244537532329,-9.854649543762209,0.0047542667016386,-0.0075154830701649,-0.0001839336473494,87.0,15.9350004196167,47.3979709,8.5461636,attack,36.52
1776224755.0241072,2026-04-15T03:45:55.024107,normal_circle,1,47.3983205320182,8.546680017898757,7.148000240325928,7.010000228881836,0.0099999997764825,-0.0099999997764825,-1.46999990940094,-0.0535087287425994,-0.0066799325868487,-9.826922416687012,0.0070983064360916,-0.0084836725145578,-0.0003883112221956,87.0,15.9350004196167,47.3979709,8.5461635,attack,36.626
1776224755.1265554,2026-04-15T03:45:55.126555,normal_circle,1,47.398321509983944,8.546681462665784,7.185000419616699,7.048000335693359,0.0099999997764825,-0.0099999997764825,-1.46999990940094,-0.0615589581429958,-0.0087261656299233,-9.831219673156738,0.0080828992649912,-0.0075061074458062,-0.0006539674359373,87.0,15.9350004196167,47.3979709,8.5461635,attack,36.729
1776224755.2300994,2026-04-15T03:45:55.230099,normal_circle,1,47.398322498409875,8.546682922885838,7.235000133514404,7.098000526428223,0.0099999997764825,-0.0099999997764825,-1.46999990940094,-0.063027799129486,-0.0153550710529088,-9.79898166656494,0.008562390692532,-0.0075502251274883,-0.001725279726088,87.0,15.9350004196167,47.3979709,8.5461635,attack,36.832
1776224755.3335154,2026-04-15T03:45:55.333515,normal_circle,1,47.39832348561363,8.546684381300349,7.272000312805176,7.135000228881836,0.0099999997764825,-0.0099999997764825,-1.46999990940094,-0.0685822218656539,-0.0071500474587082,-9.828648567199709,0.0053056897595524,-0.0073897480033338,7.198027014965191e-05,87.0,15.9350004196167,47.3979709,8.5461635,attack,36.936
1776224755.4391637,2026-04-15T03:45:55.439164,normal_circle,1,47.39832449412693,8.546685871195857,7.309000492095947,7.172000408172607,0.0199999995529651,-0.0099999997764825,-1.46999990940094,-0.0624330602586269,-0.0055502885952591,-9.816605567932127,0.004376120865345,-0.0069620897993445,-0.0014068790478631,87.0,15.9350004196167,47.3979709,8.5461635,attack,37.041
1776224755.5409622,2026-04-15T03:45:55.540962,normal_circle,1,47.398325465890764,8.546687306800681,7.371000289916992,7.2330002784729,0.0199999995529651,-0.0099999997764825,-1.46999990940094,-0.0720745846629142,-0.0072427061386406,-9.801859855651855,0.0047734547406435,-0.0069341259077191,-0.0007710827048867,87.0,15.9350004196167,47.3979709,8.5461635,attack,37.143
1776224755.6450016,2026-04-15T03:45:55.645002,normal_circle,1,47.39832655904608,8.546688774008542,7.395000457763672,7.258000373840332,0.0199999995529651,0.0,-1.46999990940094,-0.0661091580986976,-0.001330001046881,-9.809794425964355,0.0045338366180658,-0.0055319177918136,-6.529701931867748e-05,87.0,15.9350004196167,47.397971,8.5461635,attack,37.247
1776224755.746842,2026-04-15T03:45:55.746842,normal_circle,1,47.3983275312082,8.546690210201767,7.445000171661377,7.307000160217285,0.0199999995529651,0.0,-1.4800000190734863,-0.0679160803556442,-0.0152591373771429,-9.805919647216797,0.0040555731393396,-0.0053145037963986,0.0004275167011655,87.0,15.9350004196167,47.397971,8.5461635,attack,37.349
1776224755.8514066,2026-04-15T03:45:55.851407,normal_circle,1,47.398328529377395,8.54669158481573,7.52500057220459,7.38800048828125,0.0199999995529651,0.0,-1.4800000190734863,-0.0745818316936492,-0.0070673776790499,-9.800986289978027,0.0042381943203508,-0.0040394845418632,8.534669177606702e-05,87.0,15.9350004196167,47.397971,8.5461634,attack,37.454
1776224755.9531574,2026-04-15T03:45:55.953157,normal_circle,1,47.39832950068604,8.5466930197481,7.587000370025635,7.449000358581543,0.0199999995529651,0.0,-1.4800000190734863,-0.0602044463157653,0.0023717014119029,-9.807901382446287,0.0043183607049286,-0.0033021809067577,1.672693542786874e-05,87.0,15.9350004196167,47.397971,8.5461634,attack,37.555
1776224756.0579348,2026-04-15T03:45:56.057935,normal_circle,1,47.398330500885365,8.546694497361214,7.624000549316406,7.486000537872314,0.0199999995529651,0.0,-1.4800000190734863,-0.0729113221168518,-0.0053464355878531,-9.644956588745115,0.0036881796550005,-0.0018101263558492,0.0007060071220621,87.0,15.9350004196167,47.397971,8.5461634,attack,37.66
1776224756.15996,2026-04-15T03:45:56.159960,normal_circle,1,47.39833147481361,8.546695936163566,7.686000347137451,7.548000335693359,0.0199999995529651,0.0,-1.46999990940094,-0.0697232633829116,-0.0099586136639118,-9.54864501953125,0.0041454182937741,-0.0021970549132674,0.0002657871809788,87.0,15.9350004196167,47.397971,8.5461634,attack,37.762
1776224756.261641,2026-04-15T03:45:56.261641,normal_circle,1,47.3983324454554,8.54669737011079,7.710000514984131,7.573000431060791,0.0199999995529651,0.0,-1.46999990940094,-0.061025321483612,-0.0059433719143271,-9.4122896194458,0.0049780579283833,0.0015070484951138,0.0003088296216446,87.0,15.9350004196167,47.397971,8.5461634,attack,37.864
1776224756.3639915,2026-04-15T03:45:56.363991,normal_circle,1,47.398333422488015,8.546698813499287,7.797000408172607,7.659000396728516,0.0199999995529651,0.0,-1.4399999380111694,-0.0667856782674789,-0.0037367050535976,-9.206833839416504,0.0027669684495776,-0.0010333704994991,0.0010313445236533,87.0,15.9350004196167,47.397971,8.5461634,attack,37.966
1776224756.4661007,2026-04-15T03:45:56.466101,normal_circle,1,47.39833439721739,8.54670025348516,7.833000183105469,7.696000576019287,0.0199999995529651,0.0,-1.4199999570846558,-0.0689185932278633,0.0003173159784637,-9.152874946594238,0.0018093204125761,-0.0018657346954569,0.0004440946504473,87.0,15.9350004196167,47.397971,8.5461634,attack,38.068
1776224756.575045,2026-04-15T03:45:56.575045,normal_circle,1,47.398335437195456,8.546701789864152,7.893000602722168,7.756000518798828,0.0199999995529651,0.0,-1.399999976158142,-0.0634332224726677,-0.0117291659116745,-9.19040584564209,0.0019980554934591,-0.0010704757878556,0.0007944314274936,87.0,15.9350004196167,47.397971,8.5461634,attack,38.177
1776224756.677863,2026-04-15T03:45:56.677863,normal_circle,1,47.39833641868889,8.54670323984271,7.9170002937316895,7.779000282287598,0.0199999995529651,0.0,-1.3899999856948853,-0.0691250339150428,-0.0069889673031866,-9.138652801513672,0.0018983888439834,0.001580920186825,0.0013063082005828,87.0,15.9350004196167,47.397971,8.5461634,attack,38.28
1776224756.782323,2026-04-15T03:45:56.782323,normal_circle,1,47.398337415858954,8.546704712980635,7.952000141143799,7.814000606536865,0.0199999995529651,0.0,-1.3799999952316284,-0.0598151199519634,0.001182512147352,-9.21587085723877,0.0025061997584998,0.0010091745061799,0.0009936306159943,87.0,15.9350004196167,47.397971,8.5461634,attack,38.384
1776224756.88489,2026-04-15T03:45:56.884890,normal_circle,1,47.39833839496039,8.546706159425442,7.975000381469727,7.838000297546387,0.0199999995529651,0.0,-1.3700000047683716,-0.0658176466822624,-0.0083399452269077,-9.253045082092283,0.0016726549947634,0.0006784831057302,-4.616270962287672e-05,87.0,15.9350004196167,47.397971,8.5461634,attack,38.487
1776224756.9890535,2026-04-15T03:45:56.989054,normal_circle,1,47.398339389299196,8.546707628380693,8.032000541687012,7.895000457763672,0.0199999995529651,0.0,-1.3399999141693115,-0.0621756352484226,-0.0003394826781004,-9.145610809326172,0.0021595053840428,0.0001932333980221,-0.0006095459684729,87.0,15.9350004196167,47.397971,8.5461634,attack,38.591
1776224757.0904057,2026-04-15T03:45:57.090405,normal_circle,1,47.39834035680248,8.546709057691338,8.093000411987305,7.956000328063965,0.0199999995529651,0.0,-1.319999933242798,-0.0667017549276351,-0.0120661221444606,-9.242502212524414,0.0030604307539761,0.0037686335854232,0.0017533014761283,87.0,15.9350004196167,47.397971,8.5461634,attack,38.693
1776224757.1913605,2026-04-15T03:45:57.191360,normal_circle,1,47.39834132051178,8.546710481397065,8.093000411987305,7.956000328063965,0.0199999995529651,0.0,-1.319999933242798,-0.0667017549276351,-0.0120661221444606,-9.242502212524414,0.0030604307539761,0.0037686335854232,0.0017533014761283,87.0,15.9350004196167,47.397971,8.5461634,attack,38.793
1776224757.291993,2026-04-15T03:45:57.291993,normal_circle,1,47.39834228114403,8.546711900556994,8.093000411987305,7.956000328063965,0.0199999995529651,0.0,-1.319999933242798,-0.0667017549276351,-0.0120661221444606,-9.242502212524414,0.0030604307539761,0.0037686335854232,0.0017533014761283,87.0,15.9350004196167,47.397971,8.5461634,attack,38.894
1776224757.3938084,2026-04-15T03:45:57.393808,normal_circle,1,47.398343253069456,8.546713336400543,8.20300006866455,8.065999984741211,0.0199999995529651,0.0,-1.2799999713897705,-0.06866055727005,-0.0055677238851785,-9.245546340942385,0.0048448545858263,0.0012313530314713,0.000759563408792,87.0,15.9350004196167,47.397971,8.5461634,attack,38.996
1776224757.499368,2026-04-15T03:45:57.499368,normal_circle,1,47.39834436073611,8.546714825046335,8.267000198364258,8.130000114440918,0.0199999995529651,0.0,-1.25,-0.064409039914608,-0.0090299984440207,-9.271681785583496,0.004248441196978,0.0005676719592884,2.5116103643085808e-05,84.0,15.875000953674316,47.3979711,8.5461634,attack,39.101
1776224757.6058984,2026-04-15T03:45:57.605898,normal_circle,1,47.39834537767037,8.546716327382274,8.300000190734863,8.16200065612793,0.0199999995529651,0.0,-1.2400000095367432,-0.0644033849239349,0.0035760586615651,-9.258858680725098,0.00454140920192,-0.0005621871678158,4.223805444780737e-05,84.0,15.875000953674316,47.3979711,8.5461634,attack,39.208
1776224757.7077827,2026-04-15T03:45:57.707783,normal_circle,1,47.39834635025353,8.546717764197522,8.321000099182129,8.183000564575195,0.0199999995529651,0.0,-1.2300000190734863,-0.0622201263904571,-0.0038879406638443,-9.262221336364746,0.0057005719281733,-0.0001376761938445,0.0001479585189372,84.0,15.875000953674316,47.3979711,8.5461634,attack,39.31
1776224757.8100016,2026-04-15T03:45:57.810002,normal_circle,1,47.398347326029835,8.546719205730046,8.332000732421875,8.194000244140625,0.0199999995529651,0.0,-1.2300000190734863,-0.0699990317225456,-0.0080950185656547,-9.24764347076416,0.0060601257719099,0.0009141819318756,0.0003686242271214,84.0,15.875000953674316,47.3979711,8.5461634,attack,39.412
1776224757.9116266,2026-04-15T03:45:57.911627,normal_circle,1,47.39834829613679,8.546720638887138,8.394000053405762,8.256000518798828,0.0199999995529651,0.0,-1.1999999284744265,-0.0690129622817039,-0.007073079701513,-9.298250198364258,0.0065084546804428,4.77538924315013e-06,-0.0005208257352933,84.0,15.875000953674316,47.3979711,8.5461634,attack,39.514
1776224758.0146468,2026-04-15T03:45:58.014647,normal_circle,1,47.398349279562495,8.546722091720273,8.42400074005127,8.28600025177002,0.0199999995529651,0.0,-1.1899999380111694,-0.0622937679290771,-0.0090076643973588,-9.354288101196287,0.0060509317554533,0.0035022078081965,-0.0006918982835486,84.0,15.875000953674316,47.3979711,8.5461634,attack,39.617
1776224758.116101,2026-04-15T03:45:58.116101,normal_circle,1,47.398350248039876,8.546723522469975,8.447999954223633,8.31100082397461,0.0199999995529651,0.0,-1.1799999475479126,-0.0611811801791191,-0.0101792318746447,-9.339669227600098,0.0064702806994318,0.0053321733139455,-0.0009982739575207,84.0,15.875000953674316,47.3979711,8.5461634,attack,39.718
1776224758.220597,2026-04-15T03:45:58.220597,normal_circle,1,47.398351245553606,8.546724996115605,8.498000144958496,8.361000061035156,0.0199999995529651,0.0,-1.159999966621399,-0.0719495937228202,-0.0021250532008707,-9.286375999450684,0.0065319477580487,0.0037502946797758,-0.0014598816633224,84.0,15.875000953674316,47.3979711,8.5461634,attack,39.823
1776224758.3240216,2026-04-15T03:45:58.324022,normal_circle,1,47.398352232839294,8.546726454651163,8.498000144958496,8.361000061035156,0.0199999995529651,0.0,-1.159999966621399,-0.0719495937228202,-0.0021250532008707,-9.286375999450684,0.0065319477580487,0.0037502946797758,-0.0014598816633224,84.0,15.875000953674316,47.3979711,8.5461634,attack,39.926
1776224758.425758,2026-04-15T03:45:58.425758,normal_circle,1,47.398353204009105,8.546727889378438,8.54699993133545,8.409000396728516,0.0199999995529651,0.0,-1.1399999856948853,-0.0631672218441963,-0.0101404003798961,-9.306382179260254,0.0055187563411891,0.0030029695481061,-0.0004834535648114,84.0,15.875000953674316,47.3979711,8.5461634,attack,40.028
1776224758.5297534,2026-04-15T03:45:58.529753,normal_circle,1,47.39835419674565,8.546729355966649,8.595000267028809,8.457000732421875,0.0199999995529651,0.0099999997764825,-1.1299999952316284,-0.0680228248238563,-0.0091166514903306,-9.358567237854004,0.004393265582621,0.0028429098892956,-0.0003258479118812,84.0,15.875000953674316,47.3979711,8.5461634,attack,40.132
1776224758.6313736,2026-04-15T03:45:58.631374,normal_circle,1,47.39835516680708,8.546730789056495,8.61400032043457,8.476000785827637,0.0199999995529651,0.0099999997764825,-1.1200000047683716,-0.0538703799247741,0.0023977411910891,-9.350189208984377,0.0050334664992988,0.0034089791588485,-0.0010750625515356,84.0,15.875000953674316,47.3979711,8.5461634,attack,40.233
1776224758.7345576,2026-04-15T03:45:58.734558,normal_circle,1,47.39835625179636,8.546732244200594,8.643000602722168,8.505000114440918,0.0199999995529651,0.0099999997764825,-1.1100000143051147,-0.0639657452702522,-0.0087035419419407,-9.318154335021973,0.0042153447866439,0.0032916194759309,-0.0011260735336691,84.0,15.875000953674316,47.3979712,8.5461634,attack,40.337
1776224758.852944,2026-04-15T03:45:58.852944,normal_circle,1,47.39835738190588,8.546733913732483,8.690000534057617,8.552000045776367,0.0199999995529651,0.0099999997764825,-1.090000033378601,-0.064732514321804,-0.0071373116225004,-9.324209213256836,0.006423566956073,0.0047475253231823,-0.0015559421153739,84.0,15.875000953674316,47.3979712,8.5461634,attack,40.455
1776224758.9562554,2026-04-15T03:45:58.956255,normal_circle,1,47.39835836811278,8.546735370674323,8.708000183105469,8.571000099182129,0.0199999995529651,0.0099999997764825,-1.079999923706055,-0.0741214901208877,-0.0106155294924974,-9.376203536987305,0.0047291279770433,0.0045434045605361,-0.0005807561101391,84.0,15.875000953674316,47.3979712,8.5461634,attack,40.558
1776224759.0578847,2026-04-15T03:45:59.057885,normal_circle,1,47.3983593382607,8.546736803891939,8.726000785827637,8.589000701904297,0.0199999995529651,0.0099999997764825,-1.069999933242798,-0.0626312121748924,-0.0052656512707471,-9.337831497192385,0.0050207176245749,0.0048106200993061,-0.0010651008924469,84.0,15.875000953674316,47.3979712,8.5461634,attack,40.66
1776224759.1602488,2026-04-15T03:45:59.160249,normal_circle,1,47.39836031542304,8.546738247472092,8.744000434875488,8.607000350952148,0.0199999995529651,0.0099999997764825,-1.069999933242798,-0.0619049780070781,-0.0060655986890196,-9.308063507080078,0.0064936052076518,0.0068552326411008,-0.0012779246317222,84.0,15.875000953674316,47.3979712,8.5461634,attack,40.762
1776224759.2634952,2026-04-15T03:45:59.263495,normal_circle,1,47.398361301008606,8.546739703496032,8.780000686645508,8.643000602722168,0.0199999995529651,0.0099999997764825,-1.0499999523162842,-0.0720261186361312,-0.0010311064543202,-9.341913223266602,0.0072872675955295,0.0063076741062104,-0.0016761515289545,84.0,15.875000953674316,47.3979712,8.5461634,attack,40.866
1776224759.364896,2026-04-15T03:45:59.364896,normal_circle,1,47.39836226897618,8.546741233492586,8.845000267028809,8.708000183105469,0.0199999995529651,0.0099999997764825,-1.0299999713897705,-0.0624724850058555,-0.0086149359121918,-9.37760066986084,0.0029706314671784,0.004641871433705,-0.0020195734687149,84.0,15.875000953674316,47.3979712,8.5461635,attack,40.967
1776224759.4668467,2026-04-15T03:45:59.466847,normal_circle,1,47.398363242192055,8.546742671242551,8.871000289916992,8.734000205993652,0.0099999997764825,0.0099999997764825,-1.0199999809265137,-0.0650757923722267,-0.0041700270958244,-9.302569389343262,0.0038407735992223,0.0047932160086929,-0.0010113049065694,84.0,15.875000953674316,47.3979712,8.5461635,attack,41.069
1776224759.5691073,2026-04-15T03:45:59.569107,normal_circle,1,47.398364218366645,8.546744113363475,8.906000137329102,8.768000602722168,0.0099999997764825,0.0099999997764825,-1.0,-0.0683653727173805,-0.0017603519372642,-9.338844299316406,0.0046475627459585,0.0060122078284621,-0.0020694397389888,84.0,15.875000953674316,47.3979712,8.5461635,attack,41.171
1776224759.6726832,2026-04-15T03:45:59.672683,normal_circle,1,47.39836520709755,8.546745574034082,8.931000709533691,8.793000221252441,0.0099999997764825,0.0099999997764825,-0.9899999499320984,-0.0706095919013023,-0.005562737584114,-9.326021194458008,0.003112860256806,0.004450686275959,-0.0022711036726832,84.0,15.875000953674316,47.3979712,8.5461635,attack,41.275
1776224759.7774577,2026-04-15T03:45:59.777458,normal_circle,1,47.39836620726956,8.546747051606854,8.96500015258789,8.827000617980957,0.0099999997764825,0.0099999997764825,-0.9699999690055848,-0.0715607106685638,-0.0078323343768715,-9.31143856048584,0.0030297546181827,0.0047685131430625,-0.0026102361734956,84.0,15.875000953674316,47.3979712,8.5461635,attack,41.38
1776224759.878796,2026-04-15T03:45:59.878796,normal_circle,1,47.398367174640846,8.546748480722492,8.981000900268555,8.844000816345215,0.0099999997764825,0.0099999997764825,-0.9699999690055848,-0.0685565471649169,-0.003156604245305,-9.323232650756836,0.0018015183741226,0.0035401885397732,-0.0018832428613677,84.0,15.875000953674316,47.3979712,8.5461635,attack,41.481
1776224759.9819248,2026-04-15T03:45:59.981925,normal_circle,1,47.3983681591021,8.546749935085467,9.006000518798828,8.868000030517578,0.0099999997764825,0.0099999997764825,-0.949999988079071,-0.0696495249867439,-0.0003690497542265,-9.364328384399414,0.001266895676963,0.0030391393229365,-0.0021403625141829,84.0,15.875000953674316,47.3979712,8.5461635,attack,41.584
1776224760.084181,2026-04-15T03:46:00.084181,normal_circle,1,47.39836913523572,8.54675137714587,9.006000518798828,8.868000030517578,0.0099999997764825,0.0099999997764825,-0.949999988079071,-0.0696495249867439,-0.0003690497542265,-9.364328384399414,0.001266895676963,0.0030391393229365,-0.0021403625141829,84.0,15.875000953674316,47.3979712,8.5461635,attack,41.686
1776224760.1858451,2026-04-15T03:46:00.185845,normal_circle,1,47.39837010571593,8.546752810854377,9.022000312805176,8.885000228881836,0.0099999997764825,0.0099999997764825,-0.949999988079071,-0.0650430619716644,-0.0072274315170943,-9.348475456237791,0.0015523430192843,0.0034618012141436,-0.0028569505084306,84.0,15.875000953674316,47.3979712,8.5461635,attack,41.788
1776224760.2932894,2026-04-15T03:46:00.293289,normal_circle,1,47.39837113137383,8.546754326077927,9.038000106811523,8.901000022888184,0.0099999997764825,0.0099999997764825,-0.9399999976158142,-0.0765691846609115,-0.009071784093976,-9.328664779663086,0.0022265464067459,0.0036450824700295,-0.0012955808779224,84.0,15.875000953674316,47.3979712,8.5461635,attack,41.895
1776224760.396911,2026-04-15T03:46:00.396911,normal_circle,1,47.398372120539435,8.54675578739073,9.062000274658203,8.92400074005127,0.0099999997764825,0.0099999997764825,-0.9300000071525574,-0.0684412866830825,-0.002398538403213,-9.325032234191896,0.0015977884177118,0.0039757792837917,-0.0031497245654463,84.0,15.875000953674316,47.3979712,8.5461635,attack,41.999
1776224760.498041,2026-04-15T03:46:00.498041,normal_circle,1,47.398373085921556,8.546757213567735,9.062000274658203,8.92400074005127,0.0099999997764825,0.0099999997764825,-0.9300000071525574,-0.0621059387922287,-0.007274180650711,-9.362699508666992,0.0008514001965522,0.0025496701709926,-0.0022553163580596,84.0,15.875000953674316,47.3979712,8.5461635,attack,42.1
1776224760.6001463,2026-04-15T03:46:00.600147,normal_circle,1,47.39837406061451,8.546758653499818,9.062000274658203,8.92400074005127,0.0099999997764825,0.0099999997764825,-0.9300000071525574,-0.0621059387922287,-0.007274180650711,-9.362699508666992,0.0008514001965522,0.0025496701709926,-0.0022553163580596,84.0,15.875000953674316,47.3979712,8.5461635,attack,42.202
1776224760.7029276,2026-04-15T03:46:00.702928,normal_circle,1,47.39837504175973,8.546760102963956,9.131000518798828,8.994000434875488,0.0099999997764825,0.0099999997764825,-0.8999999761581421,-0.0707622766494751,-0.0077867987565696,-9.37594223022461,-0.0004783961630892,0.000972052803263,-0.0021574590355157,84.0,15.875000953674316,47.3979712,8.5461635,attack,42.305
1776224760.8089747,2026-04-15T03:46:00.808975,normal_circle,1,47.39837605408067,8.546761598484563,9.131000518798828,8.994000434875488,0.0099999997764825,0.0099999997764825,-0.8999999761581421,-0.0707622766494751,-0.0077867987565696,-9.37594223022461,-0.0004783961630892,0.000972052803263,-0.0021574590355157,84.0,15.875000953674316,47.3979712,8.5461635,attack,42.411
1776224760.9111984,2026-04-15T03:46:00.911198,normal_circle,1,47.39837702990249,8.546763040084334,9.157000541687012,9.020000457763672,0.0099999997764825,0.0099999997764825,-0.8899999856948853,-0.0700971558690071,-0.0072191334329545,-9.381000518798828,-0.0013157678768038,0.0009356474038213,-0.0018033261876553,84.0,15.875000953674316,47.3979712,8.5461635,attack,42.513
1776224761.0147223,2026-04-15T03:46:01.014722,normal_circle,1,47.39837801813724,8.546764500021965,9.179000854492188,9.042000770568848,0.0099999997764825,0.0099999997764825,-0.8700000047683716,-0.0700971558690071,-0.0072191334329545,-9.381000518798828,-0.0013157678768038,0.0009356474038213,-0.0018033261876553,84.0,15.875000953674316,47.3979712,8.5461635,attack,42.617
1776224761.117447,2026-04-15T03:46:01.117447,normal_circle,1,47.39837899874079,8.546765948685879,9.194000244140623,9.057000160217283,0.0,0.0099999997764825,-0.8700000047683716,-0.0649287402629852,-0.0041880342178046,-9.33613395690918,-0.0015627249376848,-0.0003691060701385,-0.002884677844122,84.0,15.875000953674316,47.3979712,8.5461635,attack,42.72
1776224761.2201085,2026-04-15T03:46:01.220109,normal_circle,1,47.3983799787435,8.546767396462155,9.2160005569458,9.07800006866455,0.0,0.0099999997764825,-0.85999995470047,-0.0601913183927536,-0.0124308913946151,-9.349674224853516,-0.0042992136441171,-0.0013036511372774,-0.0028358537238091,84.0,15.875000953674316,47.3979712,8.5461635,attack,42.822
1776224761.3280797,2026-04-15T03:46:01.328079,normal_circle,1,47.398381009431205,8.546768919116335,9.25100040435791,9.11400032043457,0.0,0.0099999997764825,-0.8399999737739563,-0.0712183564901351,-0.0112636974081397,-9.29534149169922,-0.0057465308345854,0.0003791340859606,-0.0029303261544555,84.0,15.875000953674316,47.3979712,8.5461635,attack,42.93
1776224761.4301047,2026-04-15T03:46:01.430105,normal_circle,1,47.398381983357176,8.546770357915332,9.25100040435791,9.11400032043457,0.0,0.0099999997764825,-0.8399999737739563,-0.0712183564901351,-0.0112636974081397,-9.29534149169922,-0.0057465308345854,0.0003791340859606,-0.0029303261544555,84.0,15.875000953674316,47.3979712,8.5461635,attack,43.032
1776224761.550411,2026-04-15T03:46:01.550411,normal_circle,1,47.39838313179479,8.546772054523634,9.28600025177002,9.14900016784668,0.0,0.0099999997764825,-0.8199999928474426,-0.0656026676297187,-0.009437208995223,-9.306565284729004,-0.0062062973156571,-0.0024989722296595,-0.0034187340643256,84.0,15.875000953674316,47.3979712,8.5461635,attack,43.153
1776224761.6586418,2026-04-15T03:46:01.658642,normal_circle,1,47.39838416496099,8.546773580839336,9.307000160217283,9.170000076293944,0.0,0.0099999997764825,-0.7999999523162842,-0.070442795753479,-0.0079939551651477,-9.303751945495604,-0.0044935620389878,-0.0029225884936749,-0.0031905856449157,84.0,15.875000953674316,47.3979712,8.5461635,attack,43.261
1776224761.763868,2026-04-15T03:46:01.763868,normal_circle,1,47.398385169445895,8.546775064783622,9.321000099182127,9.183000564575195,0.0,0.0099999997764825,-0.7999999523162842,-0.0742493644356727,-0.0138074876740574,-9.356274604797363,-0.0056268139742314,-0.004002877511084,-0.0024764775298535,84.0,15.875000953674316,47.3979712,8.5461635,attack,43.366
1776224761.8667755,2026-04-15T03:46:01.866776,normal_circle,1,47.39838615179509,8.546776516026405,9.33400058746338,9.19700050354004,0.0,0.0099999997764825,-0.7899999618530273,-0.0700193867087364,-0.0098686525598168,-9.345276832580566,-0.0060152122750878,-0.0012729546288028,-0.0009257034398615,84.0,15.875000953674316,47.3979712,8.5461635,attack,43.469
1776224761.9703472,2026-04-15T03:46:01.970347,normal_circle,1,47.39838714048502,8.54677797663649,9.348000526428224,9.210000038146973,0.0,0.0099999997764825,-0.7799999713897705,-0.0676921904087066,-0.0020225748885422,-9.34889793395996,-0.0067987348884344,-0.0011776922037824,-0.0031242766417562,84.0,15.875000953674316,47.3979712,8.5461635,attack,43.572
1776224762.0780475,2026-04-15T03:46:02.078048,normal_circle,1,47.398388168587275,8.546779495471124,9.367000579833984,9.230000495910645,0.0,0.0099999997764825,-0.7699999809265137,-0.07073575258255,-0.0059481691569089,-9.291705131530762,-0.0070168324746191,-0.001771452720277,-0.0013745393371209,84.0,15.875000953674316,47.3979712,8.5461635,attack,43.68
1776224762.1796913,2026-04-15T03:46:02.179691,normal_circle,1,47.39838913887402,8.54678092889384,9.38700008392334,9.249000549316406,0.0,0.0,-0.7599999904632568,-0.0674137324094772,-0.0075674285180866,-9.328469276428224,-0.0064158802852034,-0.002311279065907,-0.0021251244470477,84.0,15.875000953674316,47.3979712,8.5461635,attack,43.782
1776224762.283706,2026-04-15T03:46:02.283706,normal_circle,1,47.398390131792645,8.546782395751036,9.39900016784668,9.26200008392334,0.0,0.0,-0.75,-0.0709010958671569,-0.0064464886672794,-9.3489990234375,-0.0136408619582653,-0.0017234188271686,-0.0021910276263952,84.0,15.875000953674316,47.3979712,8.5461635,attack,43.886
1776224762.3857822,2026-04-15T03:46:02.385782,normal_circle,1,47.39839110620794,8.54678383527292,9.41800022125244,9.281000137329102,0.0,0.0,-0.7400000095367432,-0.0654282867908477,-0.0031886240467429,-9.349519729614258,-0.0293013211339712,0.0007140737143345,-0.003039073664695,84.0,15.875000953674316,47.3979712,8.5461635,attack,43.988
1776224762.4909985,2026-04-15T03:46:02.490998,normal_circle,1,47.39839211059726,8.546785319075992,9.431000709533691,9.29300022125244,0.0,0.0,-0.7299999594688416,-0.0709517151117324,-0.0068364990875124,-9.360286712646484,-0.0500979237258434,0.0026322253979742,-0.0030943290330469,84.0,15.875000953674316,47.3979712,8.5461635,attack,44.093
1776224762.596952,2026-04-15T03:46:02.596952,normal_circle,1,47.398393122023755,8.546786813275224,9.462000846862791,9.324000358581545,0.0,0.0,-0.7199999690055847,-0.0731214582920074,-0.0046000336296856,-9.383691787719728,-0.1077093407511711,0.0087691452354192,-0.0043972600251436,84.0,15.875000953674316,47.3979712,8.5461635,attack,44.199
1776224762.69784,2026-04-15T03:46:02.697840,normal_circle,1,47.3983940850958,8.54678823603952,9.462000846862791,9.324000358581545,0.0,0.0,-0.7199999690055847,-0.0731214582920074,-0.0046000336296856,-9.383691787719728,-0.1077093407511711,0.0087691452354192,-0.0043972600251436,84.0,15.875000953674316,47.3979712,8.5461635,attack,44.3
1776224762.7999566,2026-04-15T03:46:02.799957,normal_circle,1,47.398395059895726,8.54678967612963,9.473999977111816,9.336000442504885,0.0,0.0,-0.7099999785423279,-0.069959856569767,0.0037680834066122,-9.39590835571289,-0.140930026769638,0.0118286106735467,-0.0062596062198281,84.0,15.875000953674316,47.3979712,8.5461635,attack,44.402
1776224762.9030924,2026-04-15T03:46:02.903092,normal_circle,1,47.398396044425255,8.546791130593473,9.492000579833984,9.355000495910645,0.0,0.0,-0.699999988079071,-0.0636978447437286,0.003573979018256,-9.397104263305664,-0.1761583983898162,0.0161777269095182,-0.0075503825210034,84.0,15.875000953674316,47.3979712,8.5461635,attack,44.505
1776224763.0078669,2026-04-15T03:46:03.007867,normal_circle,1,47.398397044597274,8.546792608166244,9.504000663757324,9.367000579833984,0.0,0.0,-0.699999988079071,-0.0670706108212471,0.0069443737156689,-9.41404628753662,-0.2102845162153244,0.0204547382891178,-0.0114840418100357,84.0,15.875000953674316,47.3979712,8.5461635,attack,44.61
1776224763.1123433,2026-04-15T03:46:03.112343,normal_circle,1,47.398398041924374,8.546794081536172,9.516000747680664,9.378000259399414,0.0,0.0,-0.6899999976158142,-0.0653773993253707,-0.0048877112567424,-9.410757064819336,-0.2428250163793563,0.0237394124269485,-0.0135216750204563,84.0,15.875000953674316,47.3979712,8.5461635,attack,44.714
1776224763.22199,2026-04-15T03:46:03.221990,normal_circle,1,47.398399088607334,8.546795627820435,9.551000595092772,9.414000511169434,0.0099999997764825,0.0,-0.6699999570846558,-0.0764306411147117,0.0123399849981069,-9.43307876586914,-0.3000322878360748,0.0301618352532386,-0.0205731801688671,84.0,15.875000953674316,47.3979712,8.5461635,attack,44.824
1776224763.3241282,2026-04-15T03:46:03.324128,normal_circle,1,47.398400063612094,8.546797068213149,9.551000595092772,9.414000511169434,0.0099999997764825,0.0,-0.6699999570846558,-0.0764306411147117,0.0123399849981069,-9.43307876586914,-0.3000322878360748,0.0301618352532386,-0.0205731801688671,84.0,15.875000953674316,47.3979712,8.5461635,attack,44.926
1776224763.425769,2026-04-15T03:46:03.425769,normal_circle,1,47.39840103387153,8.546798501595516,9.563000679016112,9.425000190734863,0.0099999997764825,0.0,-0.6699999570846558,-0.0746449828147888,0.014678644016385,-9.430498123168944,-0.3228685259819031,0.0342842638492584,-0.0261726919561624,84.0,15.875000953674316,47.3979712,8.5461635,attack,45.028
1776224763.5291402,2026-04-15T03:46:03.529140,normal_circle,1,47.39840202064741,8.546799959377926,9.580000877380373,9.44200038909912,0.0199999995529651,0.0,-0.6599999666213989,-0.0682283192873001,0.0132618518546223,-9.435365676879885,-0.3458777666091919,0.0337226316332817,-0.0286715980619192,84.0,15.875000953674316,47.3979712,8.5461635,attack,45.131
1776224763.6307802,2026-04-15T03:46:03.630780,normal_circle,1,47.39840299089775,8.546801392746845,9.586000442504885,9.44800090789795,0.0199999995529651,0.0,-0.6499999761581421,-0.0691426321864128,0.0122559256851673,-9.467697143554688,-0.3647493124008178,0.0348676145076751,-0.0347991175949573,84.0,15.875000953674316,47.3979712,8.5461635,attack,45.233
1776224763.7318184,2026-04-15T03:46:03.731818,normal_circle,1,47.39840395540363,8.546802817629375,9.586000442504885,9.44800090789795,0.0199999995529651,0.0,-0.6499999761581421,-0.0691426321864128,0.0122559256851673,-9.467697143554688,-0.3647493124008178,0.0348676145076751,-0.0347991175949573,84.0,15.875000953674316,47.3979712,8.5461635,attack,45.334
1776224763.8359685,2026-04-15T03:46:03.835968,normal_circle,1,47.39840494961498,8.546804286396345,9.60200023651123,9.46500015258789,0.0299999993294477,0.0,-0.6499999761581421,-0.0577704645693302,0.009255152195692,-9.494016647338867,-0.3921169638633728,0.0370765551924705,-0.0414097607135772,84.0,15.875000953674316,47.3979712,8.5461635,attack,45.438
1776224763.945215,2026-04-15T03:46:03.945215,normal_circle,1,47.398405992476654,8.546805827035346,9.60200023651123,9.46500015258789,0.0299999993294477,0.0,-0.6499999761581421,-0.0577704645693302,0.009255152195692,-9.494016647338867,-0.3921169638633728,0.0370765551924705,-0.0414097607135772,84.0,15.875000953674316,47.3979712,8.5461635,attack,45.547
1776224764.0489154,2026-04-15T03:46:04.048915,normal_circle,1,47.39840698239559,8.54680728946106,9.61400032043457,9.476000785827637,0.0399999991059303,0.0,-0.6399999856948853,-0.070739597082138,0.0115684168413281,-9.516952514648438,-0.4190458655357361,0.0414537079632282,-0.0456954166293144,84.0,15.875000953674316,47.3979712,8.5461635,attack,45.651
1776224764.1744983,2026-04-15T03:46:04.174498,normal_circle,1,47.39840818120413,8.546809060483277,9.61400032043457,9.476000785827637,0.0399999991059303,0.0,-0.6399999856948853,-0.070739597082138,0.0115684168413281,-9.516952514648438,-0.4190458655357361,0.0414537079632282,-0.0456954166293144,84.0,15.875000953674316,47.3979712,8.5461635,attack,45.777
1776224764.276167,2026-04-15T03:46:04.276167,normal_circle,1,47.398409151727584,8.546810494255668,9.630000114440918,9.493000030517578,0.0599999986588954,0.0,-0.6299999952316284,-0.0570201054215431,0.0182623080909252,-9.517022132873535,-0.4377502799034118,0.04260179027915,-0.0532974936068058,84.0,15.875000953674316,47.3979712,8.5461635,attack,45.878
1776224764.377057,2026-04-15T03:46:04.377057,normal_circle,1,47.39841011482011,8.546811917050224,9.641000747680664,9.504000663757324,0.0700000002980232,0.0,-0.6299999952316284,-0.0736044719815254,0.0069637377746403,-9.53040599822998,-0.4526563584804535,0.0456865243613719,-0.0583945699036121,84.0,15.875000953674316,47.3979712,8.5461635,attack,45.979
1776224764.4816206,2026-04-15T03:46:04.481621,normal_circle,1,47.398411112977925,8.546813391647381,9.652000427246094,9.515000343322754,0.0799999982118606,0.0,-0.6299999952316284,-0.0624004937708377,0.0214434266090393,-9.52663803100586,-0.4601300060749054,0.0456727892160415,-0.0639153197407722,84.0,15.875000953674316,47.3979712,8.5461635,attack,46.084
1776224764.5861998,2026-04-15T03:46:04.586200,normal_circle,1,47.39841211128595,8.54681486646645,9.652000427246094,9.515000343322754,0.0799999982118606,0.0,-0.6299999952316284,-0.0624004937708377,0.0214434266090393,-9.52663803100586,-0.4601300060749054,0.0456727892160415,-0.0639153197407722,84.0,15.875000953674316,47.3979712,8.5461635,attack,46.188
1776224764.6905124,2026-04-15T03:46:04.690512,normal_circle,1,47.398413107049485,8.546816337526492,9.669000625610352,9.531000137329102,0.0999999940395355,0.0,-0.6200000047683716,-0.0668013095855712,0.0286957547068595,-9.561077117919922,-0.4701485335826874,0.0458529964089393,-0.0728079155087471,84.0,15.875000953674316,47.3979712,8.5461635,attack,46.293
1776224764.7942126,2026-04-15T03:46:04.794213,normal_circle,1,47.39841409696615,8.546817799948844,9.68000030517578,9.542000770568848,0.1099999994039535,0.0,-0.6100000143051147,-0.0696771219372749,0.0225399509072303,-9.566341400146484,-0.4781654477119446,0.0464165918529033,-0.0795762613415718,84.0,15.875000953674316,47.3979712,8.5461635,attack,46.396
1776224764.8953292,2026-04-15T03:46:04.895329,normal_circle,1,47.39841506222081,8.546819225937565,9.68000030517578,9.542000770568848,0.1099999994039535,0.0,-0.6100000143051147,-0.0696771219372749,0.0225399509072303,-9.566341400146484,-0.4781654477119446,0.0464165918529033,-0.0795762613415718,84.0,15.875000953674316,47.3979712,8.5461635,attack,46.497
1776224764.99673,2026-04-15T03:46:04.996730,normal_circle,1,47.39841603018839,8.546820655934118,9.68000030517578,9.542000770568848,0.1099999994039535,0.0,-0.6100000143051147,-0.0696771219372749,0.0225399509072303,-9.566341400146484,-0.4781654477119446,0.0464165918529033,-0.0795762613415718,84.0,15.875000953674316,47.3979712,8.5461635,attack,46.599
1776224765.0999048,2026-04-15T03:46:05.099905,normal_circle,1,47.398417115088904,8.546822110947263,9.718000411987305,9.580000877380373,0.1700000017881393,0.0,-0.5999999642372131,-0.0639474689960479,0.0270840153098106,-9.611175537109377,-0.4986216127872467,0.0499863550066947,-0.1032932698726654,84.0,15.875000953674316,47.3979713,8.5461635,attack,46.702
1776224765.2011464,2026-04-15T03:46:05.201146,normal_circle,1,47.39841818153616,8.546823538699071,9.734000205993652,9.597000122070312,0.209999993443489,0.0,-0.5899999737739563,-0.0700344815850257,0.0362117551267147,-9.56905746459961,-0.492675244808197,0.0500929057598114,-0.1142018139362335,84.0,15.875000953674316,47.3979714,8.5461635,attack,46.803
1776224765.3073175,2026-04-15T03:46:05.307318,normal_circle,1,47.39841919504058,8.546825035968068,9.746000289916992,9.609000205993652,0.2299999892711639,0.0,-0.5899999737739563,-0.067434012889862,0.0300591699779033,-9.6314058303833,-0.4908106923103332,0.0486673973500728,-0.1255153268575668,84.0,15.875000953674316,47.3979714,8.5461635,attack,46.909
1776224765.4171662,2026-04-15T03:46:05.417166,normal_circle,1,47.39842034365125,8.546826585101444,9.772000312805176,9.635000228881836,0.2999999821186065,0.0,-0.5799999833106995,-0.0676773190498352,0.040270660072565,-9.63359832763672,-0.4839087128639221,0.0497440807521343,-0.146970734000206,84.0,15.875000953674316,47.3979715,8.5461635,attack,47.019
1776224765.522211,2026-04-15T03:46:05.522211,normal_circle,1,47.39842144640418,8.546828066488308,9.788000106811523,9.65000057220459,0.3400000035762787,0.0,-0.5699999928474426,-0.0651968792080879,0.0355964228510856,-9.6428861618042,-0.4742904603481293,0.0510280467569828,-0.1559900939464569,84.0,15.875000953674316,47.3979716,8.5461635,attack,47.124
1776224765.6297023,2026-04-15T03:46:05.629702,normal_circle,1,47.39842257251044,8.546829482375502,9.803000450134276,9.666000366210938,0.3799999952316284,0.0,-0.5600000023841858,-0.0701753050088882,0.0411483906209468,-9.644771575927734,-0.4618233144283294,0.0487443543970584,-0.1658052504062652,84.0,15.875000953674316,47.3979717,8.5461634,attack,47.232
1776224765.7317746,2026-04-15T03:46:05.731775,normal_circle,1,47.39842354688704,8.546830921840241,9.813000679016112,9.676000595092772,0.4099999964237213,0.0,-0.5600000023841858,-0.065791867673397,0.0406508184969425,-9.657995223999023,-0.4518156051635742,0.0441130548715591,-0.1776167601346969,84.0,15.875000953674316,47.3979717,8.5461634,attack,47.334
1776224765.838151,2026-04-15T03:46:05.838151,normal_circle,1,47.39842466235105,8.546832422005435,9.82800006866455,9.690999984741213,0.4599999785423279,0.0,-0.550000011920929,-0.0592231787741184,0.0489917360246181,-9.654658317565918,-0.4429948329925537,0.0436876006424427,-0.1864805817604065,84.0,15.875000953674316,47.3979718,8.5461634,attack,47.44
1776224765.9450254,2026-04-15T03:46:05.945025,normal_circle,1,47.39842578256947,8.546833929194433,9.838000297546388,9.701000213623049,0.4899999797344208,0.0,-0.5399999618530273,-0.0561488531529903,0.0582352764904499,-9.683006286621094,-0.4349335134029388,0.0415415950119495,-0.1977528780698776,84.0,15.875000953674316,47.3979719,8.5461634,attack,47.547
1776224766.049007,2026-04-15T03:46:06.049007,normal_circle,1,47.39842697517173,8.546835395586843,9.854000091552734,9.7160005569458,0.550000011920929,0.0,-0.5399999618530273,-0.0636335983872413,0.0607081726193428,-9.702448844909668,-0.4286953806877136,0.0402651764452457,-0.2070847153663635,84.0,15.875000953674316,47.3979721,8.5461634,attack,47.651
1776224766.150962,2026-04-15T03:46:06.150962,normal_circle,1,47.39842804843085,8.546836833401994,9.86400032043457,9.726000785827637,0.5799999833106995,0.0,-0.5299999713897705,-0.072529636323452,0.0606458634138107,-9.72035026550293,-0.4259202182292938,0.0387474372982978,-0.2164592146873474,84.0,15.875000953674316,47.3979722,8.5461634,attack,47.753
1776224766.254845,2026-04-15T03:46:06.254845,normal_circle,1,47.39842914009088,8.546838298401159,9.874000549316406,9.736000061035156,0.6200000047683716,0.0,-0.5299999713897705,-0.0620871372520923,0.053584299981594,-9.715479850769045,-0.4176854789257049,0.033490277826786,-0.2268645018339157,84.0,15.875000953674316,47.3979723,8.5461634,attack,47.857
1776224766.3566818,2026-04-15T03:46:06.356682,normal_circle,1,47.398430212221136,8.546839734548632,9.883000373840332,9.746000289916992,0.6599999666213989,0.0,-0.5199999809265137,-0.0595246106386184,0.069754846394062,-9.72169303894043,-0.4094182252883911,0.0318099223077297,-0.2352639138698578,84.0,15.875000953674316,47.3979724,8.5461634,attack,47.959
1776224766.4579847,2026-04-15T03:46:06.457985,normal_circle,1,47.39843127925331,8.546841063164608,9.893000602722168,9.755000114440918,0.699999988079071,-0.0099999997764825,-0.5199999809265137,-0.0640397742390632,0.0675416961312294,-9.72173309326172,-0.4022554159164428,0.0296224690973758,-0.2429660111665725,84.0,15.875000953674316,47.3979725,8.5461633,attack,48.06
1776224766.5662258,2026-04-15T03:46:06.566226,normal_circle,1,47.39843251251737,8.546842589627504,9.907000541687012,9.769000053405762,0.7599999904632568,-0.0099999997764825,-0.5099999904632568,-0.0562712475657463,0.082890085875988,-9.802361488342283,-0.4059337675571441,0.0261005200445652,-0.2568817436695099,84.0,15.875000953674316,47.3979727,8.5461633,attack,48.168
1776224766.67306,2026-04-15T03:46:06.673060,normal_circle,1,47.398433732351165,8.546844096249615,9.921000480651855,9.782999992370604,0.8199999928474426,-0.0099999997764825,-0.5,-0.0618963204324245,0.0901567339897155,-9.780851364135742,-0.4039412438869476,0.0240631587803363,-0.2674924731254577,84.0,15.875000953674316,47.3979729,8.5461633,attack,48.275
1776224766.776183,2026-04-15T03:46:06.776183,normal_circle,1,47.3984348167578,8.546845550533236,9.93000030517578,9.792000770568848,0.8700000047683716,-0.0099999997764825,-0.4899999797344208,-0.0686053484678268,0.0944852232933044,-9.76576042175293,-0.3897438049316406,0.0222422704100608,-0.2765138149261474,84.0,15.875000953674316,47.397973,8.5461633,attack,48.378
1776224766.8830092,2026-04-15T03:46:06.883009,normal_circle,1,47.39843613651648,8.546847057045708,9.943000793457031,9.806000709533691,0.9300000071525574,-0.0199999995529651,-0.4799999892711639,-0.0657287240028381,0.0902975723147392,-9.74609661102295,-0.3658084869384765,0.0189666599035263,-0.2878051698207855,84.0,15.875000953674316,47.3979733,8.5461633,attack,48.485
1776224766.9885936,2026-04-15T03:46:06.988594,normal_circle,1,47.39843724441984,8.546848446041494,9.952000617980955,9.814000129699709,0.9799999594688416,-0.0199999995529651,-0.4799999892711639,-0.0674005821347236,0.0931372940540313,-9.717249870300291,-0.3370241522789001,0.01595289260149,-0.2974568903446197,84.0,15.875000953674316,47.3979734,8.546163199999999,attack,48.591
1776224767.0943165,2026-04-15T03:46:07.094316,normal_circle,1,47.39843865364551,8.54684993699468,9.969000816345217,9.831000328063965,1.069999933242798,-0.0299999993294477,-0.4599999785423279,-0.0620150305330753,0.1166023761034011,-9.69430160522461,-0.2930318713188171,0.0091998726129531,-0.3132719993591308,84.0,15.875000953674316,47.3979738,8.546163199999999,attack,48.696
1776224767.196908,2026-04-15T03:46:07.196908,normal_circle,1,47.3984396329791,8.546851383782517,9.973000526428224,9.835000038146973,1.100000023841858,-0.0299999993294477,-0.4599999785423279,-0.0680132135748863,0.113314151763916,-9.67122745513916,-0.2627617716789245,0.0060755745507776,-0.3207075893878937,84.0,15.875000953674316,47.3979738,8.546163199999999,attack,48.799
1776224767.299715,2026-04-15T03:46:07.299715,normal_circle,1,47.39844121437012,8.546852733617705,9.997000694274902,9.860000610351562,1.2400000095367432,-0.0399999991059303,-0.429999977350235,-0.0729472041130065,0.1141631454229354,-9.639724731445312,-0.1771150231361389,-0.0029294963460415,-0.3407736420631408,80.0,15.815000534057615,47.3979744,8.5461631,attack,48.902
1776224767.4059188,2026-04-15T03:46:07.405919,normal_circle,1,47.398442628186345,8.546854231352667,10.009000778198242,9.872000694274902,1.319999933242798,-0.0399999991059303,-0.4099999964237213,-0.0694618970155716,0.1239066570997238,-9.645356178283691,-0.1445180773735046,-0.0075519839301705,-0.3491549789905548,80.0,15.815000534057615,47.3979748,8.5461631,attack,49.008
1776224767.5072188,2026-04-15T03:46:07.507219,normal_circle,1,47.398443795191206,8.546855659929703,10.017000198364258,9.880000114440918,1.3700000047683716,-0.0499999970197677,-0.3999999761581421,-0.0752767920494079,0.1234914064407348,-9.62478256225586,-0.1149792149662971,-0.0122354999184608,-0.3591773211956024,80.0,15.815000534057615,47.397975,8.5461631,attack,49.109
1776224767.623896,2026-04-15T03:46:07.623896,normal_circle,1,47.398445208984576,8.5468572053615,10.028000831604004,9.891000747680664,1.4399999380111694,-0.0499999970197677,-0.3899999856948852,-0.0766334235668182,0.1351225823163986,-9.627914428710938,-0.0864404812455177,-0.0194222033023834,-0.3685413599014282,80.0,15.815000534057615,47.3979753,8.546163,attack,49.226
1776224767.7268765,2026-04-15T03:46:07.726876,normal_circle,1,47.39844649203248,8.546858657640573,10.03600025177002,9.898000717163086,1.5,-0.0599999986588954,-0.3799999952316284,-0.0748892128467559,0.1434476226568222,-9.631776809692385,-0.0576303787529468,-0.0242046136409044,-0.3767514526844024,80.0,15.815000534057615,47.3979756,8.546163,attack,49.329
1776224767.8289723,2026-04-15T03:46:07.828972,normal_circle,1,47.39844786663439,8.546860097443577,10.047000885009766,9.909000396728516,1.569999933242798,-0.0700000002980232,-0.3599999845027923,-0.0740471631288528,0.1435229182243347,-9.636582374572754,-0.0371095389127731,-0.0280692707747221,-0.3849652707576751,80.0,15.815000534057615,47.397976,8.546163,attack,49.431
1776224767.9318953,2026-04-15T03:46:07.931895,normal_circle,1,47.39844904913152,8.54686144890769,10.054000854492188,9.916000366210938,1.6200000047683716,-0.0700000002980232,-0.3499999940395355,-0.0859698876738548,0.1468062102794647,-9.634180068969728,-0.0171531047672033,-0.0362332761287689,-0.3938964307308197,80.0,15.815000534057615,47.3979762,8.546162899999999,attack,49.534
1776224768.0352654,2026-04-15T03:46:08.035265,normal_circle,1,47.3984507358983,8.54686280668609,10.070000648498535,9.933000564575195,1.75,-0.0799999982118606,-0.3299999833106994,-0.0810362100601196,0.164518803358078,-9.657859802246094,0.0088032661005854,-0.0476794280111789,-0.4067107439041137,80.0,15.815000534057615,47.3979769,8.5461628,attack,49.637
1776224768.1387837,2026-04-15T03:46:08.138783,normal_circle,1,47.398452224078426,8.54686426654984,10.080000877380373,9.94200038909912,1.829999923706055,-0.089999996125698,-0.3100000023841858,-0.0839439332485199,0.1792139559984207,-9.672725677490234,0.0193921457976102,-0.053466759622097,-0.4139904379844665,80.0,15.815000534057615,47.3979774,8.5461628,attack,49.741
1776224768.2431395,2026-04-15T03:46:08.243140,normal_circle,1,47.398453220253906,8.546865738218626,10.080000877380373,9.94200038909912,1.829999923706055,-0.089999996125698,-0.3100000023841858,-0.0839439332485199,0.1792139559984207,-9.672725677490234,0.0193921457976102,-0.053466759622097,-0.4139904379844665,80.0,15.815000534057615,47.3979774,8.5461628,attack,49.845
1776224768.3459728,2026-04-15T03:46:08.345973,normal_circle,1,47.39845450189528,8.546867088419923,10.086000442504885,9.94800090789795,1.8799999952316284,-0.0999999940395355,-0.2999999821186065,-0.0832906812429428,0.1748388558626175,-9.678791999816896,0.0318613424897193,-0.0598511137068271,-0.4203106462955475,80.0,15.815000534057615,47.3979777,8.5461627,attack,49.948
