timestamp_unix_s,timestamp_iso,scenario,run_id,lat_deg,lon_deg,abs_alt_m,rel_alt_m,accel_x_mps2,accel_y_mps2,accel_z_mps2,gyro_x_rps,gyro_y_rps,gyro_z_rps,battery_remaining_pct,battery_voltage_v,true_lat_deg,true_lon_deg,label,attack_elapsed_s
1776226818.210465,2026-04-15T04:20:18.210465,normal_hover,2,,,,,,,,,,,,,,,normal,0.0
1776226818.360089,2026-04-15T04:20:18.360089,normal_hover,2,,,,,,,,,,,,,,,normal,0.0
1776226818.4700785,2026-04-15T04:20:18.470078,normal_hover,2,,,,,,,,,,,,,,,normal,0.0
1776226818.5710423,2026-04-15T04:20:18.571042,normal_hover,2,,,,,,,,,,,,,,,normal,0.0
1776226818.672212,2026-04-15T04:20:18.672212,normal_hover,2,,,,,,,,,,,,,,,normal,0.0
1776226818.774138,2026-04-15T04:20:18.774138,normal_hover,2,,,,,,,,,,,,,,,normal,0.0
1776226818.8786554,2026-04-15T04:20:18.878655,normal_hover,2,,,,,,,,,,,,,,,normal,0.0
1776226818.9806783,2026-04-15T04:20:18.980678,normal_hover,2,,,,,,,,,,,,,,,normal,0.0
1776226819.0846014,2026-04-15T04:20:19.084601,normal_hover,2,,,,,,,,,,,,,,,normal,0.0
1776226819.2855556,2026-04-15T04:20:19.285556,normal_hover,2,47.3979708,8.5461627,0.1000000014901161,-0.0010000000474974,-0.0641222968697547,-0.0083872424438595,-9.768810272216797,0.0005067676538601,-0.0008283631759695,-0.0015174018917605,,,47.3979708,8.5461627,normal,0.0
1776226819.431378,2026-04-15T04:20:19.431378,normal_hover,2,47.3979708,8.5461627,0.1000000014901161,-0.0010000000474974,-0.0641222968697547,-0.0083872424438595,-9.768810272216797,0.0005067676538601,-0.0008283631759695,-0.0015174018917605,,,47.3979708,8.5461627,normal,0.0
1776226819.5379894,2026-04-15T04:20:19.537989,normal_hover,2,47.3979708,8.5461627,0.1000000014901161,-0.0010000000474974,-0.0641222968697547,-0.0083872424438595,-9.768810272216797,0.0005067676538601,-0.0008283631759695,-0.0015174018917605,,,47.3979708,8.5461627,normal,0.0
1776226819.6402695,2026-04-15T04:20:19.640270,normal_hover,2,47.3979708,8.5461627,0.1000000014901161,-0.0010000000474974,-0.0641222968697547,-0.0083872424438595,-9.768810272216797,0.0005067676538601,-0.0008283631759695,-0.0015174018917605,,,47.3979708,8.5461627,normal,0.0
1776226819.743034,2026-04-15T04:20:19.743034,normal_hover,2,47.3979708,8.5461627,0.1000000014901161,-0.0010000000474974,-0.0641222968697547,-0.0083872424438595,-9.768810272216797,0.0005067676538601,-0.0008283631759695,-0.0015174018917605,,,47.3979708,8.5461627,normal,0.0
1776226819.8456087,2026-04-15T04:20:19.845609,normal_hover,2,47.3979708,8.5461627,0.1000000014901161,-0.0010000000474974,-0.0641222968697547,-0.0083872424438595,-9.768810272216797,0.0005067676538601,-0.0008283631759695,-0.0015174018917605,,,47.3979708,8.5461627,normal,0.0
1776226819.9483984,2026-04-15T04:20:19.948398,normal_hover,2,47.3979708,8.5461627,0.1000000014901161,-0.0010000000474974,-0.0641222968697547,-0.0083872424438595,-9.768810272216797,0.0005067676538601,-0.0008283631759695,-0.0015174018917605,,,47.3979708,8.5461627,normal,0.0
1776226820.051259,2026-04-15T04:20:20.051259,normal_hover,2,47.3979708,8.5461627,0.1000000014901161,-0.0010000000474974,-0.0641222968697547,-0.0083872424438595,-9.768810272216797,0.0005067676538601,-0.0008283631759695,-0.0015174018917605,,,47.3979708,8.5461627,normal,0.0
1776226820.1537666,2026-04-15T04:20:20.153767,normal_hover,2,47.3979708,8.5461628,0.0970000028610229,-0.003000000026077,-0.0685554146766662,-0.0075870025902986,-9.765254020690918,0.0003335131332278,8.8914530351758e-06,-4.4502456148620695e-05,,,47.3979708,8.5461628,normal,0.0
1776226820.2559817,2026-04-15T04:20:20.255982,normal_hover,2,47.3979708,8.5461628,0.0970000028610229,-0.003000000026077,-0.0685554146766662,-0.0075870025902986,-9.765254020690918,0.0003335131332278,8.8914530351758e-06,-4.4502456148620695e-05,,,47.3979708,8.5461628,normal,0.0
1776226820.3579478,2026-04-15T04:20:20.357948,normal_hover,2,47.3979708,8.5461628,0.0970000028610229,-0.003000000026077,-0.0685554146766662,-0.0075870025902986,-9.765254020690918,0.0003335131332278,8.8914530351758e-06,-4.4502456148620695e-05,,,47.3979708,8.5461628,normal,0.0
1776226820.463234,2026-04-15T04:20:20.463234,normal_hover,2,47.3979708,8.5461628,0.0970000028610229,-0.003000000026077,-0.0685554146766662,-0.0075870025902986,-9.765254020690918,0.0003335131332278,8.8914530351758e-06,-4.4502456148620695e-05,,,47.3979708,8.5461628,normal,0.0
1776226820.564926,2026-04-15T04:20:20.564926,normal_hover,2,47.3979708,8.5461628,0.0970000028610229,-0.003000000026077,-0.0685554146766662,-0.0075870025902986,-9.765254020690918,0.0003335131332278,8.8914530351758e-06,-4.4502456148620695e-05,,,47.3979708,8.5461628,normal,0.0
1776226820.6679983,2026-04-15T04:20:20.667998,normal_hover,2,47.3979708,8.5461628,0.0970000028610229,-0.003000000026077,-0.0685554146766662,-0.0075870025902986,-9.765254020690918,0.0003335131332278,8.8914530351758e-06,-4.4502456148620695e-05,,,47.3979708,8.5461628,normal,0.0
1776226820.7705011,2026-04-15T04:20:20.770501,normal_hover,2,47.3979708,8.5461628,0.0970000028610229,-0.003000000026077,-0.0685554146766662,-0.0075870025902986,-9.765254020690918,0.0003335131332278,8.8914530351758e-06,-4.4502456148620695e-05,,,47.3979708,8.5461628,normal,0.0
1776226820.878141,2026-04-15T04:20:20.878141,normal_hover,2,47.3979708,8.5461628,0.0970000028610229,-0.003000000026077,-0.0685554146766662,-0.0075870025902986,-9.765254020690918,0.0003335131332278,8.8914530351758e-06,-4.4502456148620695e-05,,,47.3979708,8.5461628,normal,0.0
1776226820.9798553,2026-04-15T04:20:20.979855,normal_hover,2,47.3979708,8.5461628,0.0970000028610229,-0.003000000026077,-0.0685554146766662,-0.0075870025902986,-9.765254020690918,0.0003335131332278,8.8914530351758e-06,-4.4502456148620695e-05,99.0,16.170000076293945,47.3979708,8.5461628,normal,0.0
1776226821.0848737,2026-04-15T04:20:21.084874,normal_hover,2,47.3979709,8.5461628,0.0990000069141388,-0.0020000000949949,-0.0689078792929649,-0.0046921279281377,-9.772666931152344,-0.0005183877656236,-7.445312803611159e-06,-0.0005224526976235,99.0,16.170000076293945,47.3979709,8.5461628,normal,0.0
1776226821.1885693,2026-04-15T04:20:21.188569,normal_hover,2,47.3979709,8.5461628,0.0990000069141388,-0.0020000000949949,-0.0689078792929649,-0.0046921279281377,-9.772666931152344,-0.0005183877656236,-7.445312803611159e-06,-0.0005224526976235,99.0,16.170000076293945,47.3979709,8.5461628,normal,0.0
1776226821.2900078,2026-04-15T04:20:21.290008,normal_hover,2,47.3979709,8.5461628,0.0990000069141388,-0.0020000000949949,-0.0689078792929649,-0.0046921279281377,-9.772666931152344,-0.0005183877656236,-7.445312803611159e-06,-0.0005224526976235,99.0,16.170000076293945,47.3979709,8.5461628,normal,0.0
1776226821.3953395,2026-04-15T04:20:21.395340,normal_hover,2,47.3979709,8.5461628,0.0990000069141388,-0.0020000000949949,-0.0689078792929649,-0.0046921279281377,-9.772666931152344,-0.0005183877656236,-7.445312803611159e-06,-0.0005224526976235,99.0,16.170000076293945,47.3979709,8.5461628,normal,0.0
1776226821.498212,2026-04-15T04:20:21.498212,normal_hover,2,47.3979709,8.5461628,0.0990000069141388,-0.0020000000949949,-0.0689078792929649,-0.0046921279281377,-9.772666931152344,-0.0005183877656236,-7.445312803611159e-06,-0.0005224526976235,99.0,16.170000076293945,47.3979709,8.5461628,normal,0.0
1776226821.6008306,2026-04-15T04:20:21.600831,normal_hover,2,47.3979709,8.5461628,0.0990000069141388,-0.0020000000949949,-0.0689078792929649,-0.0046921279281377,-9.772666931152344,-0.0005183877656236,-7.445312803611159e-06,-0.0005224526976235,99.0,16.170000076293945,47.3979709,8.5461628,normal,0.0
1776226821.7024417,2026-04-15T04:20:21.702441,normal_hover,2,47.3979709,8.5461628,0.0990000069141388,-0.0020000000949949,-0.0689078792929649,-0.0046921279281377,-9.772666931152344,-0.0005183877656236,-7.445312803611159e-06,-0.0005224526976235,99.0,16.170000076293945,47.3979709,8.5461628,normal,0.0
1776226821.8051734,2026-04-15T04:20:21.805173,normal_hover,2,47.3979709,8.5461628,0.1000000014901161,-0.0010000000474974,-0.0808929502964019,-0.0078538032248616,-9.76191520690918,0.0007145286072045,0.0012109884992241,0.0007576065836474,99.0,16.170000076293945,47.3979709,8.5461628,normal,0.0
1776226821.9066594,2026-04-15T04:20:21.906659,normal_hover,2,47.3979709,8.5461628,0.1000000014901161,-0.0010000000474974,-0.0808929502964019,-0.0078538032248616,-9.76191520690918,0.0007145286072045,0.0012109884992241,0.0007576065836474,99.0,16.170000076293945,47.3979709,8.5461628,normal,0.0
1776226822.0078547,2026-04-15T04:20:22.007855,normal_hover,2,47.3979709,8.5461628,0.1000000014901161,-0.0010000000474974,-0.0808929502964019,-0.0078538032248616,-9.76191520690918,0.0007145286072045,0.0012109884992241,0.0007576065836474,99.0,16.170000076293945,47.3979709,8.5461628,normal,0.0
1776226822.1104133,2026-04-15T04:20:22.110413,normal_hover,2,47.3979709,8.5461628,0.1000000014901161,-0.0010000000474974,-0.0808929502964019,-0.0078538032248616,-9.76191520690918,0.0007145286072045,0.0012109884992241,0.0007576065836474,99.0,16.170000076293945,47.3979709,8.5461628,normal,0.0
1776226822.2178016,2026-04-15T04:20:22.217802,normal_hover,2,47.3979709,8.5461628,0.1000000014901161,-0.0010000000474974,-0.0808929502964019,-0.0078538032248616,-9.76191520690918,0.0007145286072045,0.0012109884992241,0.0007576065836474,99.0,16.170000076293945,47.3979709,8.5461628,normal,0.0
1776226822.4060493,2026-04-15T04:20:22.406049,normal_hover,2,47.3979709,8.5461628,0.1000000014901161,-0.0010000000474974,-0.0808929502964019,-0.0078538032248616,-9.76191520690918,0.0007145286072045,0.0012109884992241,0.0007576065836474,99.0,16.170000076293945,47.3979709,8.5461628,normal,0.0
1776226822.5338502,2026-04-15T04:20:22.533850,normal_hover,2,47.3979709,8.546162899999999,0.1020000055432319,0.0,-0.0669912844896316,-0.0082379151135683,-9.7730131149292,8.123556472128257e-05,8.862056711222976e-05,0.0005895668291486,99.0,16.170000076293945,47.3979709,8.546162899999999,normal,0.0
1776226822.6356895,2026-04-15T04:20:22.635689,normal_hover,2,47.3979709,8.546162899999999,0.1020000055432319,0.0,-0.0669912844896316,-0.0082379151135683,-9.7730131149292,8.123556472128257e-05,8.862056711222976e-05,0.0005895668291486,99.0,16.170000076293945,47.3979709,8.546162899999999,normal,0.0
1776226822.7386472,2026-04-15T04:20:22.738647,normal_hover,2,47.3979709,8.546162899999999,0.1020000055432319,0.0,-0.0669912844896316,-0.0082379151135683,-9.7730131149292,8.123556472128257e-05,8.862056711222976e-05,0.0005895668291486,99.0,16.170000076293945,47.3979709,8.546162899999999,normal,0.0
1776226822.8412817,2026-04-15T04:20:22.841282,normal_hover,2,47.3979709,8.546162899999999,0.1020000055432319,0.0,-0.0669912844896316,-0.0082379151135683,-9.7730131149292,8.123556472128257e-05,8.862056711222976e-05,0.0005895668291486,99.0,16.170000076293945,47.3979709,8.546162899999999,normal,0.0
1776226822.9441092,2026-04-15T04:20:22.944109,normal_hover,2,47.3979709,8.546162899999999,0.1020000055432319,0.0,-0.0669912844896316,-0.0082379151135683,-9.7730131149292,8.123556472128257e-05,8.862056711222976e-05,0.0005895668291486,99.0,16.170000076293945,47.3979709,8.546162899999999,normal,0.0
1776226823.0577233,2026-04-15T04:20:23.057723,normal_hover,2,47.3979709,8.546162899999999,0.1020000055432319,0.0,-0.0669912844896316,-0.0082379151135683,-9.7730131149292,8.123556472128257e-05,8.862056711222976e-05,0.0005895668291486,99.0,16.170000076293945,47.3979709,8.546162899999999,normal,0.0
1776226823.1589425,2026-04-15T04:20:23.158942,normal_hover,2,47.3979709,8.546162899999999,0.1020000055432319,0.0,-0.0669912844896316,-0.0082379151135683,-9.7730131149292,8.123556472128257e-05,8.862056711222976e-05,0.0005895668291486,99.0,16.170000076293945,47.3979709,8.546162899999999,normal,0.0
1776226823.2617967,2026-04-15T04:20:23.261797,normal_hover,2,47.3979709,8.546162899999999,0.1020000055432319,0.0,-0.0669912844896316,-0.0082379151135683,-9.7730131149292,8.123556472128257e-05,8.862056711222976e-05,0.0005895668291486,99.0,16.170000076293945,47.3979709,8.546162899999999,normal,0.0
1776226823.3661325,2026-04-15T04:20:23.366132,normal_hover,2,47.3979709,8.546162899999999,0.1050000041723251,0.003000000026077,-0.0646921023726463,-0.0180444400757551,-9.761112213134766,-0.0008732470450922,0.0004411909612827,0.0002833632752299,99.0,16.170000076293945,47.3979709,8.546162899999999,normal,0.0
1776226823.4688046,2026-04-15T04:20:23.468805,normal_hover,2,47.3979709,8.546162899999999,0.1050000041723251,0.003000000026077,-0.0646921023726463,-0.0180444400757551,-9.761112213134766,-0.0008732470450922,0.0004411909612827,0.0002833632752299,99.0,16.170000076293945,47.3979709,8.546162899999999,normal,0.0
1776226823.57153,2026-04-15T04:20:23.571530,normal_hover,2,47.3979709,8.546162899999999,0.1050000041723251,0.003000000026077,-0.0646921023726463,-0.0180444400757551,-9.761112213134766,-0.0008732470450922,0.0004411909612827,0.0002833632752299,99.0,16.170000076293945,47.3979709,8.546162899999999,normal,0.0
1776226823.676905,2026-04-15T04:20:23.676905,normal_hover,2,47.3979709,8.546162899999999,0.1050000041723251,0.003000000026077,-0.0646921023726463,-0.0180444400757551,-9.761112213134766,-0.0008732470450922,0.0004411909612827,0.0002833632752299,99.0,16.170000076293945,47.3979709,8.546162899999999,normal,0.0
1776226823.7788873,2026-04-15T04:20:23.778887,normal_hover,2,47.3979709,8.546162899999999,0.1050000041723251,0.003000000026077,-0.0646921023726463,-0.0180444400757551,-9.761112213134766,-0.0008732470450922,0.0004411909612827,0.0002833632752299,99.0,16.170000076293945,47.3979709,8.546162899999999,normal,0.0
1776226823.8797698,2026-04-15T04:20:23.879770,normal_hover,2,47.3979709,8.546162899999999,0.1050000041723251,0.003000000026077,-0.0646921023726463,-0.0180444400757551,-9.761112213134766,-0.0008732470450922,0.0004411909612827,0.0002833632752299,99.0,16.170000076293945,47.3979709,8.546162899999999,normal,0.0
1776226823.9821734,2026-04-15T04:20:23.982173,normal_hover,2,47.3979709,8.546162899999999,0.1050000041723251,0.003000000026077,-0.0646921023726463,-0.0180444400757551,-9.761112213134766,-0.0008732470450922,0.0004411909612827,0.0002833632752299,99.0,16.170000076293945,47.3979709,8.546162899999999,normal,0.0
1776226824.087701,2026-04-15T04:20:24.087701,normal_hover,2,47.3979709,8.546162899999999,0.1050000041723251,0.003000000026077,-0.0628673732280731,-0.0149749796837568,-9.766868591308594,0.0005576665280386,0.0012600185582414,-0.0002210725506301,99.0,16.170000076293945,47.3979709,8.546162899999999,normal,0.0
1776226824.1977198,2026-04-15T04:20:24.197720,normal_hover,2,47.3979709,8.546162899999999,0.1050000041723251,0.003000000026077,-0.0628673732280731,-0.0149749796837568,-9.766868591308594,0.0005576665280386,0.0012600185582414,-0.0002210725506301,99.0,16.170000076293945,47.3979709,8.546162899999999,normal,0.0
1776226824.3013194,2026-04-15T04:20:24.301319,normal_hover,2,47.3979709,8.546162899999999,0.1050000041723251,0.003000000026077,-0.0628673732280731,-0.0149749796837568,-9.766868591308594,0.0005576665280386,0.0012600185582414,-0.0002210725506301,99.0,16.170000076293945,47.3979709,8.546162899999999,normal,0.0
1776226824.4039967,2026-04-15T04:20:24.403997,normal_hover,2,47.3979709,8.546162899999999,0.1050000041723251,0.003000000026077,-0.0628673732280731,-0.0149749796837568,-9.766868591308594,0.0005576665280386,0.0012600185582414,-0.0002210725506301,99.0,16.170000076293945,47.3979709,8.546162899999999,normal,0.0
1776226824.5058162,2026-04-15T04:20:24.505816,normal_hover,2,47.3979709,8.546162899999999,0.1050000041723251,0.003000000026077,-0.0628673732280731,-0.0149749796837568,-9.766868591308594,0.0005576665280386,0.0012600185582414,-0.0002210725506301,99.0,16.170000076293945,47.3979709,8.546162899999999,normal,0.0
1776226824.6090567,2026-04-15T04:20:24.609057,normal_hover,2,47.3979709,8.546162899999999,0.1050000041723251,0.003000000026077,-0.0628673732280731,-0.0149749796837568,-9.766868591308594,0.0005576665280386,0.0012600185582414,-0.0002210725506301,99.0,16.170000076293945,47.3979709,8.546162899999999,normal,0.0
1776226824.7120516,2026-04-15T04:20:24.712052,normal_hover,2,47.3979709,8.546162899999999,0.1050000041723251,0.003000000026077,-0.0628673732280731,-0.0149749796837568,-9.766868591308594,0.0005576665280386,0.0012600185582414,-0.0002210725506301,99.0,16.170000076293945,47.3979709,8.546162899999999,normal,0.0
1776226824.8180263,2026-04-15T04:20:24.818026,normal_hover,2,47.3979708,8.546162899999999,0.1040000021457672,0.003000000026077,-0.0670443102717399,-0.0078283855691552,-9.755199432373049,-0.0005087117897346,-0.00033090042416,-0.0003354351210873,99.0,16.170000076293945,47.3979708,8.546162899999999,normal,0.0
1776226824.9209518,2026-04-15T04:20:24.920952,normal_hover,2,47.3979708,8.546162899999999,0.1040000021457672,0.003000000026077,-0.0670443102717399,-0.0078283855691552,-9.755199432373049,-0.0005087117897346,-0.00033090042416,-0.0003354351210873,99.0,16.170000076293945,47.3979708,8.546162899999999,normal,0.0
1776226825.022916,2026-04-15T04:20:25.022916,normal_hover,2,47.3979708,8.546162899999999,0.1040000021457672,0.003000000026077,-0.0670443102717399,-0.0078283855691552,-9.755199432373049,-0.0005087117897346,-0.00033090042416,-0.0003354351210873,99.0,16.170000076293945,47.3979708,8.546162899999999,normal,0.0
1776226825.124196,2026-04-15T04:20:25.124196,normal_hover,2,47.3979708,8.546162899999999,0.1040000021457672,0.003000000026077,-0.0670443102717399,-0.0078283855691552,-9.755199432373049,-0.0005087117897346,-0.00033090042416,-0.0003354351210873,99.0,16.170000076293945,47.3979708,8.546162899999999,normal,0.0
1776226825.2271087,2026-04-15T04:20:25.227109,normal_hover,2,47.3979708,8.546162899999999,0.1040000021457672,0.003000000026077,-0.0670443102717399,-0.0078283855691552,-9.755199432373049,-0.0005087117897346,-0.00033090042416,-0.0003354351210873,99.0,16.170000076293945,47.3979708,8.546162899999999,normal,0.0
1776226825.3354635,2026-04-15T04:20:25.335464,normal_hover,2,47.3979708,8.546162899999999,0.1040000021457672,0.003000000026077,-0.0670443102717399,-0.0078283855691552,-9.755199432373049,-0.0005087117897346,-0.00033090042416,-0.0003354351210873,99.0,16.170000076293945,47.3979708,8.546162899999999,normal,0.0
1776226825.4453754,2026-04-15T04:20:25.445375,normal_hover,2,47.3979708,8.546162899999999,0.1040000021457672,0.003000000026077,-0.0670443102717399,-0.0078283855691552,-9.755199432373049,-0.0005087117897346,-0.00033090042416,-0.0003354351210873,99.0,16.170000076293945,47.3979708,8.546162899999999,normal,0.0
1776226825.5477738,2026-04-15T04:20:25.547774,normal_hover,2,47.3979708,8.546162899999999,0.1040000021457672,0.0,-0.0639451295137405,-0.0056644910946488,-9.76524543762207,0.000122681070934,-0.0009950534440577,0.0003227769921068,99.0,16.170000076293945,47.3979708,8.546162899999999,normal,0.0
1776226825.6537688,2026-04-15T04:20:25.653769,normal_hover,2,47.3979708,8.546162899999999,0.1040000021457672,0.0,-0.0639451295137405,-0.0056644910946488,-9.76524543762207,0.000122681070934,-0.0009950534440577,0.0003227769921068,99.0,16.170000076293945,47.3979708,8.546162899999999,normal,0.0
1776226825.758596,2026-04-15T04:20:25.758596,normal_hover,2,47.3979708,8.546162899999999,0.1040000021457672,0.0,-0.0639451295137405,-0.0056644910946488,-9.76524543762207,0.000122681070934,-0.0009950534440577,0.0003227769921068,99.0,16.170000076293945,47.3979708,8.546162899999999,normal,0.0
1776226825.8608446,2026-04-15T04:20:25.860845,normal_hover,2,47.3979708,8.546162899999999,0.1040000021457672,0.0,-0.0639451295137405,-0.0056644910946488,-9.76524543762207,0.000122681070934,-0.0009950534440577,0.0003227769921068,99.0,16.170000076293945,47.3979708,8.546162899999999,normal,0.0
1776226825.962919,2026-04-15T04:20:25.962919,normal_hover,2,47.3979708,8.546162899999999,0.1040000021457672,0.0,-0.0639451295137405,-0.0056644910946488,-9.76524543762207,0.000122681070934,-0.0009950534440577,0.0003227769921068,99.0,16.170000076293945,47.3979708,8.546162899999999,normal,0.0
1776226826.0654416,2026-04-15T04:20:26.065442,normal_hover,2,47.3979708,8.546162899999999,0.1040000021457672,0.0,-0.0639451295137405,-0.0056644910946488,-9.76524543762207,0.000122681070934,-0.0009950534440577,0.0003227769921068,99.0,16.170000076293945,47.3979708,8.546162899999999,normal,0.0
1776226826.166963,2026-04-15T04:20:26.166963,normal_hover,2,47.3979708,8.546162899999999,0.1040000021457672,0.0,-0.0639451295137405,-0.0056644910946488,-9.76524543762207,0.000122681070934,-0.0009950534440577,0.0003227769921068,99.0,16.170000076293945,47.3979708,8.546162899999999,normal,0.0
1776226826.271973,2026-04-15T04:20:26.271973,normal_hover,2,47.3979708,8.546163,0.1030000075697898,-0.0010000000474974,-0.0720559656620025,-0.0066562304273247,-9.763484954833984,4.325159534346312e-05,0.000418380863266,-0.0007162107503972,99.0,16.170000076293945,47.3979708,8.546163,normal,0.0
1776226826.3739471,2026-04-15T04:20:26.373947,normal_hover,2,47.3979708,8.546163,0.1030000075697898,-0.0010000000474974,-0.0720559656620025,-0.0066562304273247,-9.763484954833984,4.325159534346312e-05,0.000418380863266,-0.0007162107503972,99.0,16.170000076293945,47.3979708,8.546163,normal,0.0
1776226826.475533,2026-04-15T04:20:26.475533,normal_hover,2,47.3979708,8.546163,0.1030000075697898,-0.0010000000474974,-0.0720559656620025,-0.0066562304273247,-9.763484954833984,4.325159534346312e-05,0.000418380863266,-0.0007162107503972,99.0,16.170000076293945,47.3979708,8.546163,normal,0.0
1776226826.5771086,2026-04-15T04:20:26.577109,normal_hover,2,47.3979708,8.546163,0.1030000075697898,-0.0010000000474974,-0.0720559656620025,-0.0066562304273247,-9.763484954833984,4.325159534346312e-05,0.000418380863266,-0.0007162107503972,99.0,16.170000076293945,47.3979708,8.546163,normal,0.0
1776226826.678727,2026-04-15T04:20:26.678727,normal_hover,2,47.3979708,8.546163,0.1030000075697898,-0.0010000000474974,-0.0720559656620025,-0.0066562304273247,-9.763484954833984,4.325159534346312e-05,0.000418380863266,-0.0007162107503972,99.0,16.170000076293945,47.3979708,8.546163,normal,0.0
1776226826.7820203,2026-04-15T04:20:26.782020,normal_hover,2,47.3979708,8.546163,0.1030000075697898,-0.0010000000474974,-0.0720559656620025,-0.0066562304273247,-9.763484954833984,4.325159534346312e-05,0.000418380863266,-0.0007162107503972,99.0,16.170000076293945,47.3979708,8.546163,normal,0.0
1776226826.8849494,2026-04-15T04:20:26.884949,normal_hover,2,47.3979708,8.546163,0.1030000075697898,-0.0010000000474974,-0.0720559656620025,-0.0066562304273247,-9.763484954833984,4.325159534346312e-05,0.000418380863266,-0.0007162107503972,99.0,16.170000076293945,47.3979708,8.546163,normal,0.0
1776226826.9901364,2026-04-15T04:20:26.990136,normal_hover,2,47.3979708,8.546163,0.1040000021457672,0.0,-0.0607240982353687,-0.0078544057905673,-9.764253616333008,-0.001023044460453,-0.0002391840534983,-2.570841752458364e-05,99.0,16.170000076293945,47.3979708,8.546163,normal,0.0
1776226827.0944204,2026-04-15T04:20:27.094420,normal_hover,2,47.3979708,8.546163,0.1040000021457672,0.0,-0.0607240982353687,-0.0078544057905673,-9.764253616333008,-0.001023044460453,-0.0002391840534983,-2.570841752458364e-05,99.0,16.170000076293945,47.3979708,8.546163,normal,0.0
1776226827.1969864,2026-04-15T04:20:27.196986,normal_hover,2,47.3979708,8.546163,0.1040000021457672,0.0,-0.0607240982353687,-0.0078544057905673,-9.764253616333008,-0.001023044460453,-0.0002391840534983,-2.570841752458364e-05,99.0,16.170000076293945,47.3979708,8.546163,normal,0.0
1776226827.3000772,2026-04-15T04:20:27.300077,normal_hover,2,47.3979708,8.546163,0.1040000021457672,0.0,-0.0607240982353687,-0.0078544057905673,-9.764253616333008,-0.001023044460453,-0.0002391840534983,-2.570841752458364e-05,99.0,16.170000076293945,47.3979708,8.546163,normal,0.0
1776226827.402015,2026-04-15T04:20:27.402015,normal_hover,2,47.3979708,8.546163,0.1040000021457672,0.0,-0.0607240982353687,-0.0078544057905673,-9.764253616333008,-0.001023044460453,-0.0002391840534983,-2.570841752458364e-05,99.0,16.170000076293945,47.3979708,8.546163,normal,0.0
1776226827.505109,2026-04-15T04:20:27.505109,normal_hover,2,47.3979708,8.546163,0.1040000021457672,0.0,-0.0607240982353687,-0.0078544057905673,-9.764253616333008,-0.001023044460453,-0.0002391840534983,-2.570841752458364e-05,99.0,16.170000076293945,47.3979708,8.546163,normal,0.0
1776226827.606918,2026-04-15T04:20:27.606918,normal_hover,2,47.3979708,8.546163,0.1040000021457672,0.0,-0.0607240982353687,-0.0078544057905673,-9.764253616333008,-0.001023044460453,-0.0002391840534983,-2.570841752458364e-05,99.0,16.170000076293945,47.3979708,8.546163,normal,0.0
1776226827.7081838,2026-04-15T04:20:27.708184,normal_hover,2,47.3979708,8.546163,0.1040000021457672,0.0,-0.0607240982353687,-0.0078544057905673,-9.764253616333008,-0.001023044460453,-0.0002391840534983,-2.570841752458364e-05,99.0,16.170000076293945,47.3979708,8.546163,normal,0.0
1776226827.811834,2026-04-15T04:20:27.811834,normal_hover,2,47.3979708,8.546163,0.1040000021457672,0.0,-0.069450207054615,-0.002393081318587,-9.766200065612791,-0.0002051089395536,-0.0008373821619898,-6.41356164123863e-05,99.0,16.170000076293945,47.3979708,8.546163,normal,0.0
1776226827.9149954,2026-04-15T04:20:27.914995,normal_hover,2,47.3979708,8.546163,0.1040000021457672,0.0,-0.069450207054615,-0.002393081318587,-9.766200065612791,-0.0002051089395536,-0.0008373821619898,-6.41356164123863e-05,99.0,16.170000076293945,47.3979708,8.546163,normal,0.0
1776226828.0177195,2026-04-15T04:20:28.017720,normal_hover,2,47.3979708,8.546163,0.1040000021457672,0.0,-0.069450207054615,-0.002393081318587,-9.766200065612791,-0.0002051089395536,-0.0008373821619898,-6.41356164123863e-05,99.0,16.170000076293945,47.3979708,8.546163,normal,0.0
1776226828.1187794,2026-04-15T04:20:28.118779,normal_hover,2,47.3979708,8.546163,0.1040000021457672,0.0,-0.069450207054615,-0.002393081318587,-9.766200065612791,-0.0002051089395536,-0.0008373821619898,-6.41356164123863e-05,99.0,16.170000076293945,47.3979708,8.546163,normal,0.0
1776226828.219911,2026-04-15T04:20:28.219911,normal_hover,2,47.39797089017243,8.546163133213412,0.1040000021457672,0.0,-0.069450207054615,-0.002393081318587,-9.766200065612791,-0.0002051089395536,-0.0008373821619898,-6.41356164123863e-05,99.0,16.170000076293945,47.3979708,8.546163,attack,0.009
1776226828.3238986,2026-04-15T04:20:28.323899,normal_hover,2,47.3979718828316,8.546164599687296,0.1040000021457672,0.0,-0.069450207054615,-0.002393081318587,-9.766200065612791,-0.0002051089395536,-0.0008373821619898,-6.41356164123863e-05,99.0,16.170000076293945,47.3979708,8.546163,attack,0.113
1776226828.4268138,2026-04-15T04:20:28.426814,normal_hover,2,47.397972865255895,8.546166051041022,0.1040000021457672,0.0,-0.069450207054615,-0.002393081318587,-9.766200065612791,-0.0002051089395536,-0.0008373821619898,-6.41356164123863e-05,99.0,16.170000076293945,47.3979708,8.546163,attack,0.216
1776226828.5302896,2026-04-15T04:20:28.530290,normal_hover,2,47.397973853030905,8.546167510299462,0.1020000055432319,-0.0020000000949949,-0.0763617753982544,-0.0117011442780494,-9.765332221984863,-0.0001077113702194,0.0004733122768811,-0.0001409861142747,99.0,16.170000076293945,47.3979708,8.546163,attack,0.32
1776226828.633943,2026-04-15T04:20:28.633943,normal_hover,2,47.39797484250149,8.546168972062796,0.1020000055432319,-0.0020000000949949,-0.0763617753982544,-0.0117011442780494,-9.765332221984863,-0.0001077113702194,0.0004733122768811,-0.0001409861142747,99.0,16.170000076293945,47.3979708,8.546163,attack,0.423
1776226828.7359974,2026-04-15T04:20:28.735997,normal_hover,2,47.397975816707394,8.546170411275341,0.1020000055432319,-0.0020000000949949,-0.0763617753982544,-0.0117011442780494,-9.765332221984863,-0.0001077113702194,0.0004733122768811,-0.0001409861142747,99.0,16.170000076293945,47.3979708,8.546163,attack,0.526
1776226828.837464,2026-04-15T04:20:28.837464,normal_hover,2,47.39797678530313,8.546171842199872,0.1020000055432319,-0.0020000000949949,-0.0763617753982544,-0.0117011442780494,-9.765332221984863,-0.0001077113702194,0.0004733122768811,-0.0001409861142747,99.0,16.170000076293945,47.3979708,8.546163,attack,0.627
1776226828.9401262,2026-04-15T04:20:28.940126,normal_hover,2,47.39797776531038,8.54617328998286,0.1020000055432319,-0.0020000000949949,-0.0763617753982544,-0.0117011442780494,-9.765332221984863,-0.0001077113702194,0.0004733122768811,-0.0001409861142747,99.0,16.170000076293945,47.3979708,8.546163,attack,0.73
1776226829.0441048,2026-04-15T04:20:29.044105,normal_hover,2,47.39797875788533,8.546174756332341,0.1020000055432319,-0.0020000000949949,-0.0763617753982544,-0.0117011442780494,-9.765332221984863,-0.0001077113702194,0.0004733122768811,-0.0001409861142747,99.0,16.170000076293945,47.3979708,8.546163,attack,0.834
1776226829.1461103,2026-04-15T04:20:29.146111,normal_hover,2,47.39797973162467,8.546176194855619,0.1020000055432319,-0.0020000000949949,-0.0763617753982544,-0.0117011442780494,-9.765332221984863,-0.0001077113702194,0.0004733122768811,-0.0001409861142747,99.0,16.170000076293945,47.3979708,8.546163,attack,0.936
1776226829.2507007,2026-04-15T04:20:29.250701,normal_hover,2,47.39798063003967,8.546177669832675,0.1030000075697898,-0.0010000000474974,-0.0671235173940658,-0.0057196621783077,-9.766769409179688,-8.891175093594939e-05,-0.0004573730402626,0.0001250639325007,99.0,16.170000076293945,47.3979707,8.546163,attack,1.04
1776226829.3524828,2026-04-15T04:20:29.352483,normal_hover,2,47.397981601646464,8.546179105205495,0.1030000075697898,-0.0010000000474974,-0.0671235173940658,-0.0057196621783077,-9.766769409179688,-8.891175093594939e-05,-0.0004573730402626,0.0001250639325007,99.0,16.170000076293945,47.3979707,8.546163,attack,1.142
1776226829.4561777,2026-04-15T04:20:29.456177,normal_hover,2,47.397982591513056,8.546180567553865,0.1030000075697898,-0.0010000000474974,-0.0671235173940658,-0.0057196621783077,-9.766769409179688,-8.891175093594939e-05,-0.0004573730402626,0.0001250639325007,99.0,16.170000076293945,47.3979707,8.546163,attack,1.246
1776226829.5600815,2026-04-15T04:20:29.560081,normal_hover,2,47.39798358337337,8.546182032847588,0.1030000075697898,-0.0010000000474974,-0.0671235173940658,-0.0057196621783077,-9.766769409179688,-8.891175093594939e-05,-0.0004573730402626,0.0001250639325007,99.0,16.170000076293945,47.3979707,8.546163,attack,1.35
1776226829.6611674,2026-04-15T04:20:29.661167,normal_hover,2,47.397984548334435,8.54618345840256,0.1030000075697898,-0.0010000000474974,-0.0671235173940658,-0.0057196621783077,-9.766769409179688,-8.891175093594939e-05,-0.0004573730402626,0.0001250639325007,99.0,16.170000076293945,47.3979707,8.546163,attack,1.451
1776226829.768322,2026-04-15T04:20:29.768322,normal_hover,2,47.39798557122708,8.54618496954093,0.1030000075697898,-0.0010000000474974,-0.0671235173940658,-0.0057196621783077,-9.766769409179688,-8.891175093594939e-05,-0.0004573730402626,0.0001250639325007,99.0,16.170000076293945,47.3979707,8.546163,attack,1.558
1776226829.872131,2026-04-15T04:20:29.872131,normal_hover,2,47.397986562183846,8.546186433499829,0.1030000075697898,-0.0010000000474974,-0.0671235173940658,-0.0057196621783077,-9.766769409179688,-8.891175093594939e-05,-0.0004573730402626,0.0001250639325007,99.0,16.170000076293945,47.3979707,8.546163,attack,1.662
1776226829.9758947,2026-04-15T04:20:29.975895,normal_hover,2,47.397987552705914,8.546187896816532,0.1070000082254409,0.0020000000949949,-0.0636029466986656,-0.0073541426099836,-9.773029327392578,0.0010381082538515,-0.0003744424029719,-0.0009678791393525,99.0,16.170000076293945,47.3979707,8.546163,attack,1.765
1776226830.0860903,2026-04-15T04:20:30.086090,normal_hover,2,47.39798860462807,8.546189450840743,0.1070000082254409,0.0020000000949949,-0.0636029466986656,-0.0073541426099836,-9.773029327392578,0.0010381082538515,-0.0003744424029719,-0.0009678791393525,99.0,16.170000076293945,47.3979707,8.546163,attack,1.876
1776226830.187941,2026-04-15T04:20:30.187941,normal_hover,2,47.39798957689033,8.5461908871819,0.1070000082254409,0.0020000000949949,-0.0636029466986656,-0.0073541426099836,-9.773029327392578,0.0010381082538515,-0.0003744424029719,-0.0009678791393525,99.0,16.170000076293945,47.3979707,8.546163,attack,1.977
1776226830.294269,2026-04-15T04:20:30.294269,normal_hover,2,47.39799059189232,8.546192386663256,0.1070000082254409,0.0020000000949949,-0.0636029466986656,-0.0073541426099836,-9.773029327392578,0.0010381082538515,-0.0003744424029719,-0.0009678791393525,99.0,16.170000076293945,47.3979707,8.546163,attack,2.084
1776226830.3962882,2026-04-15T04:20:30.396288,normal_hover,2,47.39799156576139,8.546193825378179,0.1070000082254409,0.0020000000949949,-0.0636029466986656,-0.0073541426099836,-9.773029327392578,0.0010381082538515,-0.0003744424029719,-0.0009678791393525,99.0,16.170000076293945,47.3979707,8.546163,attack,2.186
1776226830.5007846,2026-04-15T04:20:30.500785,normal_hover,2,47.397992563279665,8.546195299030522,0.1070000082254409,0.0020000000949949,-0.0636029466986656,-0.0073541426099836,-9.773029327392578,0.0010381082538515,-0.0003744424029719,-0.0009678791393525,99.0,16.170000076293945,47.3979707,8.546163,attack,2.29
1776226830.6023617,2026-04-15T04:20:30.602362,normal_hover,2,47.397993532929156,8.546196731511786,0.1070000082254409,0.0020000000949949,-0.0636029466986656,-0.0073541426099836,-9.773029327392578,0.0010381082538515,-0.0003744424029719,-0.0009678791393525,99.0,16.170000076293945,47.3979707,8.546163,attack,2.392
1776226830.70692,2026-04-15T04:20:30.706920,normal_hover,2,47.3979945310369,8.546198106034959,0.1120000034570694,0.0070000002160668,-0.0665813684463501,-0.0078517347574234,-9.767261505126951,-0.0011739345500245,0.0001686962496023,0.0005819460493512,99.0,16.170000076293945,47.3979707,8.546162899999999,attack,2.496
1776226830.8098288,2026-04-15T04:20:30.809829,normal_hover,2,47.39799551339974,8.5461995572979,0.1120000034570694,0.0070000002160668,-0.0665813684463501,-0.0078517347574234,-9.767261505126951,-0.0011739345500245,0.0001686962496023,0.0005819460493512,99.0,16.170000076293945,47.3979707,8.546162899999999,attack,2.599
1776226830.9117548,2026-04-15T04:20:30.911755,normal_hover,2,47.397996486381196,8.546200994701536,0.1120000034570694,0.0070000002160668,-0.0665813684463501,-0.0078517347574234,-9.767261505126951,-0.0011739345500245,0.0001686962496023,0.0005819460493512,99.0,16.170000076293945,47.3979707,8.546162899999999,attack,2.701
1776226831.0148432,2026-04-15T04:20:31.014843,normal_hover,2,47.397997470457824,8.546202448496272,0.1120000034570694,0.0070000002160668,-0.0665813684463501,-0.0078517347574234,-9.767261505126951,-0.0011739345500245,0.0001686962496023,0.0005819460493512,99.0,16.170000076293945,47.3979707,8.546162899999999,attack,2.804
1776226831.119241,2026-04-15T04:20:31.119241,normal_hover,2,47.397998467033865,8.546203920756634,0.1120000034570694,0.0070000002160668,-0.0665813684463501,-0.0078517347574234,-9.767261505126951,-0.0011739345500245,0.0001686962496023,0.0005819460493512,99.0,16.170000076293945,47.3979707,8.546162899999999,attack,2.909
1776226831.221306,2026-04-15T04:20:31.221306,normal_hover,2,47.397999441342186,8.546205360120478,0.1120000034570694,0.0070000002160668,-0.0665813684463501,-0.0078517347574234,-9.767261505126951,-0.0011739345500245,0.0001686962496023,0.0005819460493512,99.0,16.170000076293945,47.3979707,8.546162899999999,attack,3.011
1776226831.322371,2026-04-15T04:20:31.322371,normal_hover,2,47.39800040610297,8.54620678537957,0.1120000034570694,0.0070000002160668,-0.0665813684463501,-0.0078517347574234,-9.767261505126951,-0.0011739345500245,0.0001686962496023,0.0005819460493512,99.0,16.170000076293945,47.3979707,8.546162899999999,attack,3.112
1776226831.4316473,2026-04-15T04:20:31.431647,normal_hover,2,47.398001449249136,8.54620832643884,0.1120000034570694,0.0070000002160668,-0.0616390965878963,0.0015190975973382,-9.766511917114258,0.0009097622241824,-0.000353410054231,-0.0002072380448225,99.0,16.170000076293945,47.3979707,8.546162899999999,attack,3.221
1776226831.537422,2026-04-15T04:20:31.537422,normal_hover,2,47.39800245896869,8.54620981811635,0.1170000061392784,0.0120000001043081,-0.0616390965878963,0.0015190975973382,-9.766511917114258,0.0009097622241824,-0.000353410054231,-0.0002072380448225,99.0,16.170000076293945,47.3979707,8.546162899999999,attack,3.327
1776226831.638975,2026-04-15T04:20:31.638975,normal_hover,2,47.39800342838831,8.546211250258024,0.1170000061392784,0.0120000001043081,-0.0616390965878963,0.0015190975973382,-9.766511917114258,0.0009097622241824,-0.000353410054231,-0.0002072380448225,99.0,16.170000076293945,47.3979707,8.546162899999999,attack,3.429
1776226831.743098,2026-04-15T04:20:31.743098,normal_hover,2,47.398004422342474,8.546212718645041,0.1170000061392784,0.0120000001043081,-0.0616390965878963,0.0015190975973382,-9.766511917114258,0.0009097622241824,-0.000353410054231,-0.0002072380448225,99.0,16.170000076293945,47.3979707,8.546162899999999,attack,3.533
1776226831.8503015,2026-04-15T04:20:31.850302,normal_hover,2,47.39800544570169,8.546214230472678,0.1170000061392784,0.0120000001043081,-0.0616390965878963,0.0015190975973382,-9.766511917114258,0.0009097622241824,-0.000353410054231,-0.0002072380448225,99.0,16.170000076293945,47.3979707,8.546162899999999,attack,3.64
1776226831.956216,2026-04-15T04:20:31.956216,normal_hover,2,47.39800645675721,8.546215724123844,0.1170000061392784,0.0120000001043081,-0.0616390965878963,0.0015190975973382,-9.766511917114258,0.0009097622241824,-0.000353410054231,-0.0002072380448225,99.0,16.170000076293945,47.3979707,8.546162899999999,attack,3.746
1776226832.059843,2026-04-15T04:20:32.059843,normal_hover,2,47.39800744597517,8.546217185513964,0.1170000061392784,0.0120000001043081,-0.0616390965878963,0.0015190975973382,-9.766511917114258,0.0009097622241824,-0.000353410054231,-0.0002072380448225,99.0,16.170000076293945,47.3979707,8.546162899999999,attack,3.849
1776226832.162242,2026-04-15T04:20:32.162242,normal_hover,2,47.39800842346979,8.546218629584995,0.1170000061392784,0.0120000001043081,-0.0616390965878963,0.0015190975973382,-9.766511917114258,0.0009097622241824,-0.000353410054231,-0.0002072380448225,99.0,16.170000076293945,47.3979707,8.546162899999999,attack,3.952
1776226832.2640412,2026-04-15T04:20:32.264041,normal_hover,2,47.39800939524045,8.5462200651999,0.1170000061392784,0.0120000001043081,-0.0616390965878963,0.0015190975973382,-9.766511917114258,0.0009097622241824,-0.000353410054231,-0.0002072380448225,99.0,16.170000076293945,47.3979707,8.546162899999999,attack,4.054
1776226832.3671415,2026-04-15T04:20:32.367141,normal_hover,2,47.39801037943087,8.546221519162751,0.1210000067949295,0.0160000007599592,-0.0652988031506538,0.0001009858679026,-9.774249076843262,-0.0002052768832072,-0.0007466675015166,0.0003786148154176,99.0,16.170000076293945,47.3979707,8.546162899999999,attack,4.157
1776226832.4688532,2026-04-15T04:20:32.468853,normal_hover,2,47.39801135036626,8.5462229535437,0.1210000067949295,0.0160000007599592,-0.0652988031506538,0.0001009858679026,-9.774249076843262,-0.0002052768832072,-0.0007466675015166,0.0003786148154176,99.0,16.170000076293945,47.3979707,8.546162899999999,attack,4.258
1776226832.5707672,2026-04-15T04:20:32.570767,normal_hover,2,47.39801232323164,8.54622439077586,0.1210000067949295,0.0160000007599592,-0.0652988031506538,0.0001009858679026,-9.774249076843262,-0.0002052768832072,-0.0007466675015166,0.0003786148154176,99.0,16.170000076293945,47.3979707,8.546162899999999,attack,4.36
1776226832.6722012,2026-04-15T04:20:32.672201,normal_hover,2,47.398013291515575,8.546225821239757,0.1210000067949295,0.0160000007599592,-0.0652988031506538,0.0001009858679026,-9.774249076843262,-0.0002052768832072,-0.0007466675015166,0.0003786148154176,99.0,16.170000076293945,47.3979707,8.546162899999999,attack,4.462
1776226832.7743192,2026-04-15T04:20:32.774319,normal_hover,2,47.398014266329156,8.546227261350026,0.1210000067949295,0.0160000007599592,-0.0652988031506538,0.0001009858679026,-9.774249076843262,-0.0002052768832072,-0.0007466675015166,0.0003786148154176,99.0,16.170000076293945,47.3979707,8.546162899999999,attack,4.564
1776226832.8828976,2026-04-15T04:20:32.882898,normal_hover,2,47.39801530281367,8.546228792567913,0.1210000067949295,0.0160000007599592,-0.0652988031506538,0.0001009858679026,-9.774249076843262,-0.0002052768832072,-0.0007466675015166,0.0003786148154176,99.0,16.170000076293945,47.3979707,8.546162899999999,attack,4.672
1776226832.9842734,2026-04-15T04:20:32.984273,normal_hover,2,47.398016270542264,8.546230222211413,0.125,0.0200000014156103,-0.0726281553506851,-0.0041215769015252,-9.761862754821776,1.3642702469951471e-05,-0.0008616687264293,-0.0018765300046652,99.0,16.170000076293945,47.3979707,8.546162899999999,attack,4.774
1776226833.0870004,2026-04-15T04:20:33.087000,normal_hover,2,47.398017251168575,8.546231670908938,0.125,0.0200000014156103,-0.0726281553506851,-0.0041215769015252,-9.761862754821776,1.3642702469951471e-05,-0.0008616687264293,-0.0018765300046652,99.0,16.170000076293945,47.3979707,8.546162899999999,attack,4.877
1776226833.1879113,2026-04-15T04:20:33.187911,normal_hover,2,47.398018214459114,8.546233093996,0.125,0.0200000014156103,-0.0726281553506851,-0.0041215769015252,-9.761862754821776,1.3642702469951471e-05,-0.0008616687264293,-0.0018765300046652,99.0,16.170000076293945,47.3979707,8.546162899999999,attack,4.977
1776226833.291212,2026-04-15T04:20:33.291212,normal_hover,2,47.39801920056359,8.546234550786524,0.125,0.0200000014156103,-0.0726281553506851,-0.0041215769015252,-9.761862754821776,1.3642702469951471e-05,-0.0008616687264293,-0.0018765300046652,99.0,16.170000076293945,47.3979707,8.546162899999999,attack,5.081
1776226833.4050395,2026-04-15T04:20:33.405040,normal_hover,2,47.39802028715503,8.5462361560283,0.125,0.0200000014156103,-0.0726281553506851,-0.0041215769015252,-9.761862754821776,1.3642702469951471e-05,-0.0008616687264293,-0.0018765300046652,99.0,16.170000076293945,47.3979707,8.546162899999999,attack,5.195
1776226833.508299,2026-04-15T04:20:33.508299,normal_hover,2,47.39802127286577,8.546237612237151,0.125,0.0200000014156103,-0.0726281553506851,-0.0041215769015252,-9.761862754821776,1.3642702469951471e-05,-0.0008616687264293,-0.0018765300046652,99.0,16.170000076293945,47.3979707,8.546162899999999,attack,5.298
1776226833.6093433,2026-04-15T04:20:33.609343,normal_hover,2,47.39802223742855,8.546239037203724,0.1260000020265579,0.021000001579523,-0.07322758436203,-0.0058483001776039,-9.764117240905762,0.0004773864056915,0.0006744087440893,-0.0010647563030943,99.0,16.170000076293945,47.3979707,8.546162899999999,attack,5.399
1776226833.71086,2026-04-15T04:20:33.710860,normal_hover,2,47.39802320650223,8.546240468834332,0.1260000020265579,0.021000001579523,-0.07322758436203,-0.0058483001776039,-9.764117240905762,0.0004773864056915,0.0006744087440893,-0.0010647563030943,99.0,16.170000076293945,47.3979707,8.546162899999999,attack,5.5
1776226833.8150303,2026-04-15T04:20:33.815030,normal_hover,2,47.39802420090703,8.54624193788708,0.1260000020265579,0.021000001579523,-0.07322758436203,-0.0058483001776039,-9.764117240905762,0.0004773864056915,0.0006744087440893,-0.0010647563030943,99.0,16.170000076293945,47.3979707,8.546162899999999,attack,5.605
1776226833.9205449,2026-04-15T04:20:33.920545,normal_hover,2,47.39802520814354,8.546243425896346,0.1260000020265579,0.021000001579523,-0.07322758436203,-0.0058483001776039,-9.764117240905762,0.0004773864056915,0.0006744087440893,-0.0010647563030943,99.0,16.170000076293945,47.3979707,8.546162899999999,attack,5.71
1776226834.0269024,2026-04-15T04:20:34.026902,normal_hover,2,47.39802622342774,8.546244925794625,0.1260000020265579,0.021000001579523,-0.07322758436203,-0.0058483001776039,-9.764117240905762,0.0004773864056915,0.0006744087440893,-0.0010647563030943,99.0,16.170000076293945,47.3979707,8.546162899999999,attack,5.816
1776226834.1280024,2026-04-15T04:20:34.128002,normal_hover,2,47.398027188523095,8.546246351547971,0.1260000020265579,0.021000001579523,-0.07322758436203,-0.0058483001776039,-9.764117240905762,0.0004773864056915,0.0006744087440893,-0.0010647563030943,99.0,16.170000076293945,47.3979707,8.546162899999999,attack,5.918
1776226834.2301006,2026-04-15T04:20:34.230101,normal_hover,2,47.39802816314777,8.546247791379171,0.1260000020265579,0.021000001579523,-0.07322758436203,-0.0058483001776039,-9.764117240905762,0.0004773864056915,0.0006744087440893,-0.0010647563030943,99.0,16.170000076293945,47.3979707,8.546162899999999,attack,6.02
1776226834.331062,2026-04-15T04:20:34.331062,normal_hover,2,47.398029126920804,8.546249215179035,0.1270000040531158,0.0220000017434358,-0.0632896497845649,-0.0065185776911675,-9.776237487792969,-0.0001141182292485,-0.0010103941895067,0.0006306876312009,99.0,16.170000076293945,47.3979707,8.546162899999999,attack,6.121
1776226834.4342575,2026-04-15T04:20:34.434258,normal_hover,2,47.39803011201932,8.546250670483433,0.1270000040531158,0.0220000017434358,-0.0632896497845649,-0.0065185776911675,-9.776237487792969,-0.0001141182292485,-0.0010103941895067,0.0006306876312009,99.0,16.170000076293945,47.3979707,8.546162899999999,attack,6.224
1776226834.5357313,2026-04-15T04:20:34.535731,normal_hover,2,47.39803108068333,8.54625210150883,0.1270000040531158,0.0220000017434358,-0.0632896497845649,-0.0065185776911675,-9.776237487792969,-0.0001141182292485,-0.0010103941895067,0.0006306876312009,99.0,16.170000076293945,47.3979707,8.546162899999999,attack,6.325
1776226834.6379497,2026-04-15T04:20:34.637949,normal_hover,2,47.39803205645508,8.546253543034618,0.1270000040531158,0.0220000017434358,-0.0632896497845649,-0.0065185776911675,-9.776237487792969,-0.0001141182292485,-0.0010103941895067,0.0006306876312009,99.0,16.170000076293945,47.3979707,8.546162899999999,attack,6.427
1776226834.7401412,2026-04-15T04:20:34.740141,normal_hover,2,47.398033031969646,8.54625498418047,0.1270000040531158,0.0220000017434358,-0.0632896497845649,-0.0065185776911675,-9.776237487792969,-0.0001141182292485,-0.0010103941895067,0.0006306876312009,99.0,16.170000076293945,47.3979707,8.546162899999999,attack,6.53
1776226834.8413038,2026-04-15T04:20:34.841304,normal_hover,2,47.39803399766356,8.546256410818096,0.1270000040531158,0.0220000017434358,-0.0632896497845649,-0.0065185776911675,-9.776237487792969,-0.0001141182292485,-0.0010103941895067,0.0006306876312009,99.0,16.170000076293945,47.3979707,8.546162899999999,attack,6.631
1776226834.944713,2026-04-15T04:20:34.944713,normal_hover,2,47.398034984803594,8.546257869138456,0.1270000040531158,0.0220000017434358,-0.0632896497845649,-0.0065185776911675,-9.776237487792969,-0.0001141182292485,-0.0010103941895067,0.0006306876312009,99.0,16.170000076293945,47.3979707,8.546162899999999,attack,6.734
1776226835.0463915,2026-04-15T04:20:35.046392,normal_hover,2,47.398035955420355,8.546259303048686,0.1270000040531158,0.0220000017434358,-0.0632896497845649,-0.0065185776911675,-9.776237487792969,-0.0001141182292485,-0.0010103941895067,0.0006306876312009,99.0,16.170000076293945,47.3979707,8.546162899999999,attack,6.836
1776226835.150138,2026-04-15T04:20:35.150138,normal_hover,2,47.39803694577855,8.546260766123307,0.1270000040531158,0.0220000017434358,-0.0632896497845649,-0.0065185776911675,-9.776237487792969,-0.0001141182292485,-0.0010103941895067,0.0006306876312009,99.0,16.170000076293945,47.3979707,8.546162899999999,attack,6.94
1776226835.252632,2026-04-15T04:20:35.252632,normal_hover,2,47.398037924181274,8.546262211535888,0.1280000060796737,0.0230000019073486,-0.0749651044607162,-0.0092908004298806,-9.768104553222656,3.1746685635880567e-06,-1.371021062368527e-05,-3.2135874789673835e-05,99.0,16.170000076293945,47.3979707,8.546162899999999,attack,7.042
1776226835.3549829,2026-04-15T04:20:35.354983,normal_hover,2,47.398038901218435,8.546263654931101,0.1280000060796737,0.0230000019073486,-0.0749651044607162,-0.0092908004298806,-9.768104553222656,3.1746685635880567e-06,-1.371021062368527e-05,-3.2135874789673835e-05,99.0,16.170000076293945,47.3979707,8.546162899999999,attack,7.145
1776226835.4563563,2026-04-15T04:20:35.456356,normal_hover,2,47.39803986892428,8.546265084540979,0.1280000060796737,0.0230000019073486,-0.0749651044607162,-0.0092908004298806,-9.768104553222656,3.1746685635880567e-06,-1.371021062368527e-05,-3.2135874789673835e-05,99.0,16.170000076293945,47.3979707,8.546162899999999,attack,7.246
1776226835.558983,2026-04-15T04:20:35.558983,normal_hover,2,47.3980408485947,8.546266531826348,0.1280000060796737,0.0230000019073486,-0.0749651044607162,-0.0092908004298806,-9.768104553222656,3.1746685635880567e-06,-1.371021062368527e-05,-3.2135874789673835e-05,99.0,16.170000076293945,47.3979707,8.546162899999999,attack,7.349
1776226835.6638236,2026-04-15T04:20:35.663824,normal_hover,2,47.398041849397146,8.546268010330456,0.1280000060796737,0.0230000019073486,-0.0749651044607162,-0.0092908004298806,-9.768104553222656,3.1746685635880567e-06,-1.371021062368527e-05,-3.2135874789673835e-05,99.0,16.170000076293945,47.3979707,8.546162899999999,attack,7.453
1776226835.7677543,2026-04-15T04:20:35.767754,normal_hover,2,47.39804294151464,8.54626947600432,0.1300000101327896,0.025000000372529,-0.0700094699859619,0.0028652623295783,-9.774434089660645,-1.0098897291754838e-05,0.0003539373283274,0.0004937620251439,99.0,16.170000076293945,47.3979708,8.546162899999999,attack,7.557
1776226835.868894,2026-04-15T04:20:35.868894,normal_hover,2,47.39804390699007,8.54627090231917,0.1300000101327896,0.025000000372529,-0.0700094699859619,0.0028652623295783,-9.774434089660645,-1.0098897291754838e-05,0.0003539373283274,0.0004937620251439,99.0,16.170000076293945,47.3979708,8.546162899999999,attack,7.658
1776226835.971367,2026-04-15T04:20:35.971367,normal_hover,2,47.39804488519024,8.54627234743251,0.1300000101327896,0.025000000372529,-0.0700094699859619,0.0028652623295783,-9.774434089660645,-1.0098897291754838e-05,0.0003539373283274,0.0004937620251439,99.0,16.170000076293945,47.3979708,8.546162899999999,attack,7.761
1776226836.0742075,2026-04-15T04:20:36.074208,normal_hover,2,47.398045866902166,8.546273797733843,0.1300000101327896,0.025000000372529,-0.0700094699859619,0.0028652623295783,-9.774434089660645,-1.0098897291754838e-05,0.0003539373283274,0.0004937620251439,99.0,16.170000076293945,47.3979708,8.546162899999999,attack,7.864
1776226836.185708,2026-04-15T04:20:36.185708,normal_hover,2,47.398046931280504,8.546275370159798,0.1300000101327896,0.025000000372529,-0.0700094699859619,0.0028652623295783,-9.774434089660645,-1.0098897291754838e-05,0.0003539373283274,0.0004937620251439,99.0,16.170000076293945,47.3979708,8.546162899999999,attack,7.975
1776226836.2873902,2026-04-15T04:20:36.287390,normal_hover,2,47.39804790193368,8.546276804123828,0.1300000101327896,0.025000000372529,-0.0700094699859619,0.0028652623295783,-9.774434089660645,-1.0098897291754838e-05,0.0003539373283274,0.0004937620251439,99.0,16.170000076293945,47.3979708,8.546162899999999,attack,8.077
1776226836.3880558,2026-04-15T04:20:36.388056,normal_hover,2,47.39804886288228,8.54627822375111,0.1300000101327896,0.025000000372529,-0.0700094699859619,0.0028652623295783,-9.774434089660645,-1.0098897291754838e-05,0.0003539373283274,0.0004937620251439,99.0,16.170000076293945,47.3979708,8.546162899999999,attack,8.178
1776226836.5089822,2026-04-15T04:20:36.508982,normal_hover,2,47.39805001723959,8.546279929104681,0.1310000121593475,0.0270000007003545,-0.0632936730980873,-0.0110149662941694,-9.77283763885498,-0.000277618295513,0.0004437827738001,0.0008819098584353,99.0,16.170000076293945,47.3979708,8.546162899999999,attack,8.299
1776226836.6154933,2026-04-15T04:20:36.615493,normal_hover,2,47.398051033989496,8.546281431168268,0.1310000121593475,0.0270000007003545,-0.0632936730980873,-0.0110149662941694,-9.77283763885498,-0.000277618295513,0.0004437827738001,0.0008819098584353,99.0,16.170000076293945,47.3979708,8.546162899999999,attack,8.405
1776226836.7166488,2026-04-15T04:20:36.716649,normal_hover,2,47.398051999615134,8.546282857705028,0.1310000121593475,0.0270000007003545,-0.0632936730980873,-0.0110149662941694,-9.77283763885498,-0.000277618295513,0.0004437827738001,0.0008819098584353,99.0,16.170000076293945,47.3979708,8.546162899999999,attack,8.506
1776226836.8200476,2026-04-15T04:20:36.820048,normal_hover,2,47.398052986655024,8.546284315877452,0.1310000121593475,0.0270000007003545,-0.0632936730980873,-0.0110149662941694,-9.77283763885498,-0.000277618295513,0.0004437827738001,0.0008819098584353,99.0,16.170000076293945,47.3979708,8.546162899999999,attack,8.61
1776226836.9231453,2026-04-15T04:20:36.923145,normal_hover,2,47.398053970820406,8.546285769803319,0.1310000121593475,0.0270000007003545,-0.0632936730980873,-0.0110149662941694,-9.77283763885498,-0.000277618295513,0.0004437827738001,0.0008819098584353,99.0,16.170000076293945,47.3979708,8.546162899999999,attack,8.713
1776226837.0246785,2026-04-15T04:20:37.024678,normal_hover,2,47.398054940051125,8.546287201665926,0.1310000121593475,0.0270000007003545,-0.0632936730980873,-0.0110149662941694,-9.77283763885498,-0.000277618295513,0.0004437827738001,0.0008819098584353,99.0,16.170000076293945,47.3979708,8.546162899999999,attack,8.814
1776226837.1260865,2026-04-15T04:20:37.126086,normal_hover,2,47.39805590808698,8.546288631763337,0.1310000121593475,0.0270000007003545,-0.0632936730980873,-0.0110149662941694,-9.77283763885498,-0.000277618295513,0.0004437827738001,0.0008819098584353,99.0,16.170000076293945,47.3979708,8.546162899999999,attack,8.916
1776226837.2349343,2026-04-15T04:20:37.234934,normal_hover,2,47.398056947143296,8.5462901667806,0.1310000121593475,0.0270000007003545,-0.0667365416884422,-0.0042694546282291,-9.765501022338867,-0.0006508503574877,-0.0006832632352598,0.0008380695362575,99.0,16.170000076293945,47.3979708,8.546162899999999,attack,9.024
1776226837.3369544,2026-04-15T04:20:37.336954,normal_hover,2,47.39805792102147,8.546291605508976,0.1310000121593475,0.0260000005364418,-0.0667365416884422,-0.0042694546282291,-9.765501022338867,-0.0006508503574877,-0.0006832632352598,0.0008380695362575,99.0,16.170000076293945,47.3979708,8.546162899999999,attack,9.126
1776226837.4439197,2026-04-15T04:20:37.443920,normal_hover,2,47.39805894210702,8.5462931139777,0.1310000121593475,0.0260000005364418,-0.0667365416884422,-0.0042694546282291,-9.765501022338867,-0.0006508503574877,-0.0006832632352598,0.0008380695362575,99.0,16.170000076293945,47.3979708,8.546162899999999,attack,9.233
1776226837.5500913,2026-04-15T04:20:37.550091,normal_hover,2,47.398059955616,8.546294611253405,0.1310000121593475,0.0260000005364418,-0.0667365416884422,-0.0042694546282291,-9.765501022338867,-0.0006508503574877,-0.0006832632352598,0.0008380695362575,99.0,16.170000076293945,47.3979708,8.546162899999999,attack,9.34
1776226837.652939,2026-04-15T04:20:37.652939,normal_hover,2,47.3980609373962,8.546296061655607,0.1310000121593475,0.0260000005364418,-0.0667365416884422,-0.0042694546282291,-9.765501022338867,-0.0006508503574877,-0.0006832632352598,0.0008380695362575,99.0,16.170000076293945,47.3979708,8.546162899999999,attack,9.442
1776226837.7539897,2026-04-15T04:20:37.753989,normal_hover,2,47.39806190202044,8.546297486712964,0.1310000121593475,0.0260000005364418,-0.0667365416884422,-0.0042694546282291,-9.765501022338867,-0.0006508503574877,-0.0006832632352598,0.0008380695362575,99.0,16.170000076293945,47.3979708,8.546162899999999,attack,9.544
1776226837.8548477,2026-04-15T04:20:37.854848,normal_hover,2,47.398062864805716,8.546298909053602,0.1310000121593475,0.0260000005364418,-0.0667365416884422,-0.0042694546282291,-9.765501022338867,-0.0006508503574877,-0.0006832632352598,0.0008380695362575,99.0,16.170000076293945,47.3979708,8.546162899999999,attack,9.644
1776226837.9570415,2026-04-15T04:20:37.957042,normal_hover,2,47.398063940343036,8.54630035023334,0.1290000081062317,0.025000000372529,-0.2074108868837356,-0.0061602392233908,-9.846096992492676,-0.0005514954100362,0.0178506784141063,-0.0003165632078889,99.0,16.170000076293945,47.3979709,8.546162899999999,attack,9.747
1776226838.0589948,2026-04-15T04:20:38.058995,normal_hover,2,47.398064913583944,8.546301788020282,0.1290000081062317,0.025000000372529,-0.2074108868837356,-0.0061602392233908,-9.846096992492676,-0.0005514954100362,0.0178506784141063,-0.0003165632078889,99.0,16.170000076293945,47.3979709,8.546162899999999,attack,9.849
1776226838.1638243,2026-04-15T04:20:38.163824,normal_hover,2,47.3980659142817,8.546303266369732,0.1290000081062317,0.025000000372529,-0.2074108868837356,-0.0061602392233908,-9.846096992492676,-0.0005514954100362,0.0178506784141063,-0.0003165632078889,99.0,16.170000076293945,47.3979709,8.546162899999999,attack,9.953
1776226838.269276,2026-04-15T04:20:38.269276,normal_hover,2,47.398066920917366,8.546304753491361,0.1290000081062317,0.025000000372529,-0.2074108868837356,-0.0061602392233908,-9.846096992492676,-0.0005514954100362,0.0178506784141063,-0.0003165632078889,99.0,16.170000076293945,47.3979709,8.546162899999999,attack,10.059
1776226838.380299,2026-04-15T04:20:38.380299,normal_hover,2,47.398067980739285,8.54630631918604,0.1290000081062317,0.025000000372529,-0.2074108868837356,-0.0061602392233908,-9.846096992492676,-0.0005514954100362,0.0178506784141063,-0.0003165632078889,99.0,16.170000076293945,47.3979709,8.546162899999999,attack,10.17
1776226838.4827714,2026-04-15T04:20:38.482771,normal_hover,2,47.3980689589349,8.54630776429266,0.1290000081062317,0.025000000372529,-0.2074108868837356,-0.0061602392233908,-9.846096992492676,-0.0005514954100362,0.0178506784141063,-0.0003165632078889,99.0,16.170000076293945,47.3979709,8.546162899999999,attack,10.272
1776226838.5841846,2026-04-15T04:20:38.584185,normal_hover,2,47.39806992702082,8.546309194464044,0.1290000081062317,0.025000000372529,-0.2074108868837356,-0.0061602392233908,-9.846096992492676,-0.0005514954100362,0.0178506784141063,-0.0003165632078889,99.0,16.170000076293945,47.3979709,8.546162899999999,attack,10.374
1776226838.6890817,2026-04-15T04:20:38.689082,normal_hover,2,47.398070928362664,8.546310673765019,0.1290000081062317,0.025000000372529,-0.0589804761111736,-0.0011738897301256,-10.234426498413086,-0.0176105499267578,0.1287030577659607,-0.006751955486834,99.0,16.170000076293945,47.3979709,8.546162899999999,attack,10.479
1776226838.7929864,2026-04-15T04:20:38.792986,normal_hover,2,47.39807192023208,8.546312139072196,0.1300000101327896,0.0260000005364418,-0.0589804761111736,-0.0011738897301256,-10.234426498413086,-0.0176105499267578,0.1287030577659607,-0.006751955486834,99.0,16.170000076293945,47.3979709,8.546162899999999,attack,10.583
1776226838.9097488,2026-04-15T04:20:38.909749,normal_hover,2,47.39807303484024,8.546313785703607,0.1300000101327896,0.0260000005364418,-0.0589804761111736,-0.0011738897301256,-10.234426498413086,-0.0176105499267578,0.1287030577659607,-0.006751955486834,99.0,16.170000076293945,47.3979709,8.546162899999999,attack,10.699
1776226839.014049,2026-04-15T04:20:39.014049,normal_hover,2,47.398074030485425,8.546315256588802,0.1300000101327896,0.0260000005364418,-0.0589804761111736,-0.0011738897301256,-10.234426498413086,-0.0176105499267578,0.1287030577659607,-0.006751955486834,99.0,16.170000076293945,47.3979709,8.546162899999999,attack,10.804
1776226839.1161616,2026-04-15T04:20:39.116162,normal_hover,2,47.39807500524665,8.546316696621744,0.1300000101327896,0.0260000005364418,-0.0589804761111736,-0.0011738897301256,-10.234426498413086,-0.0176105499267578,0.1287030577659607,-0.006751955486834,99.0,16.170000076293945,47.3979709,8.546162899999999,attack,10.906
1776226839.2191715,2026-04-15T04:20:39.219172,normal_hover,2,47.3980759885745,8.546318149310297,0.1300000101327896,0.0260000005364418,-0.0589804761111736,-0.0011738897301256,-10.234426498413086,-0.0176105499267578,0.1287030577659607,-0.006751955486834,99.0,16.170000076293945,47.3979709,8.546162899999999,attack,11.009
1776226839.3254735,2026-04-15T04:20:39.325474,normal_hover,2,47.39807700332841,8.546319648425168,0.1300000101327896,0.0260000005364418,-0.0589804761111736,-0.0011738897301256,-10.234426498413086,-0.0176105499267578,0.1287030577659607,-0.006751955486834,99.0,16.170000076293945,47.3979709,8.546162899999999,attack,11.115
1776226839.428952,2026-04-15T04:20:39.428952,normal_hover,2,47.39807799112846,8.546321107720596,0.1400000005960464,0.0350000001490116,-0.061957910656929,-0.0117630660533905,-10.53419017791748,-0.0063041951507329,0.0392881073057651,-0.0047130291350185,99.0,16.170000076293945,47.3979709,8.546162899999999,attack,11.218
1776226839.533275,2026-04-15T04:20:39.533275,normal_hover,2,47.39807898698986,8.546322578925208,0.1400000005960464,0.0350000001490116,-0.061957910656929,-0.0117630660533905,-10.53419017791748,-0.0063041951507329,0.0392881073057651,-0.0047130291350185,99.0,16.170000076293945,47.3979709,8.546162899999999,attack,11.323
1776226839.6362083,2026-04-15T04:20:39.636209,normal_hover,2,47.39807996958712,8.54632403053447,0.1400000005960464,0.0350000001490116,-0.061957910656929,-0.0117630660533905,-10.53419017791748,-0.0063041951507329,0.0392881073057651,-0.0047130291350185,99.0,16.170000076293945,47.3979709,8.546162899999999,attack,11.426
1776226839.738886,2026-04-15T04:20:39.738886,normal_hover,2,47.39808094974459,8.54632547853937,0.1400000005960464,0.0350000001490116,-0.061957910656929,-0.0117630660533905,-10.53419017791748,-0.0063041951507329,0.0392881073057651,-0.0047130291350185,99.0,16.170000076293945,47.3979709,8.546162899999999,attack,11.528
1776226839.84185,2026-04-15T04:20:39.841850,normal_hover,2,47.398081932633175,8.546326930579003,0.1400000005960464,0.0350000001490116,-0.061957910656929,-0.0117630660533905,-10.53419017791748,-0.0063041951507329,0.0392881073057651,-0.0047130291350185,99.0,16.170000076293945,47.3979709,8.546162899999999,attack,11.631
1776226839.9461026,2026-04-15T04:20:39.946103,normal_hover,2,47.398082927823175,8.546328400791744,0.1400000005960464,0.0350000001490116,-0.061957910656929,-0.0117630660533905,-10.53419017791748,-0.0063041951507329,0.0392881073057651,-0.0047130291350185,99.0,16.170000076293945,47.3979709,8.546162899999999,attack,11.736
1776226840.0529137,2026-04-15T04:20:40.052914,normal_hover,2,47.39808404743621,8.546329807085394,0.1610000133514404,0.0560000017285347,-0.0532723776996135,-0.0013501187786459,-10.656413078308104,0.006622570566833,-0.023125359788537,-0.0024333044420927,99.0,16.170000076293945,47.397971,8.5461628,attack,11.842
1776226840.1538088,2026-04-15T04:20:40.153809,normal_hover,2,47.39808501057653,8.546331229950553,0.1610000133514404,0.0560000017285347,-0.0532723776996135,-0.0013501187786459,-10.656413078308104,0.006622570566833,-0.023125359788537,-0.0024333044420927,99.0,16.170000076293945,47.397971,8.5461628,attack,11.943
1776226840.258921,2026-04-15T04:20:40.258921,normal_hover,2,47.398086013971266,8.546332712284304,0.1610000133514404,0.0560000017285347,-0.0532723776996135,-0.0013501187786459,-10.656413078308104,0.006622570566833,-0.023125359788537,-0.0024333044420927,99.0,16.170000076293945,47.397971,8.5461628,attack,12.048
1776226840.3649352,2026-04-15T04:20:40.364935,normal_hover,2,47.39808702597813,8.546334207340912,0.1610000133514404,0.0560000017285347,-0.0532723776996135,-0.0013501187786459,-10.656413078308104,0.006622570566833,-0.023125359788537,-0.0024333044420927,99.0,16.170000076293945,47.397971,8.5461628,attack,12.154
1776226840.4800453,2026-04-15T04:20:40.480045,normal_hover,2,47.39808812481407,8.546335830671746,0.1610000133514404,0.0560000017285347,-0.0532723776996135,-0.0013501187786459,-10.656413078308104,0.006622570566833,-0.023125359788537,-0.0024333044420927,99.0,16.170000076293945,47.397971,8.5461628,attack,12.27
1776226840.582099,2026-04-15T04:20:40.582099,normal_hover,2,47.398089099013156,8.546337269874208,0.1610000133514404,0.0560000017285347,-0.0532723776996135,-0.0013501187786459,-10.656413078308104,0.006622570566833,-0.023125359788537,-0.0024333044420927,99.0,16.170000076293945,47.397971,8.5461628,attack,12.372
1776226840.685381,2026-04-15T04:20:40.685381,normal_hover,2,47.398090084937834,8.54633872639912,0.1610000133514404,0.0560000017285347,-0.0532723776996135,-0.0013501187786459,-10.656413078308104,0.006622570566833,-0.023125359788537,-0.0024333044420927,99.0,16.170000076293945,47.397971,8.5461628,attack,12.475
1776226840.7866857,2026-04-15T04:20:40.786685,normal_hover,2,47.39809105198821,8.546340155040673,0.1610000133514404,0.0560000017285347,-0.0532723776996135,-0.0013501187786459,-10.656413078308104,0.006622570566833,-0.023125359788537,-0.0024333044420927,99.0,16.170000076293945,47.397971,8.5461628,attack,12.576
1776226840.8941264,2026-04-15T04:20:40.894126,normal_hover,2,47.39809207761197,8.546341570213782,0.2050000131130218,0.1000000014901161,-0.0564482733607292,-0.0105631295591592,-10.678085327148438,0.0100060552358627,-0.0566198900341987,-0.000352354167262,99.0,16.170000076293945,47.397971,8.5461627,attack,12.684
1776226840.9987466,2026-04-15T04:20:40.998747,normal_hover,2,47.398093076311454,8.546343045611156,0.2050000131130218,0.1000000014901161,-0.0564482733607292,-0.0105631295591592,-10.678085327148438,0.0100060552358627,-0.0566198900341987,-0.000352354167262,99.0,16.170000076293945,47.397971,8.5461627,attack,12.788
1776226841.101266,2026-04-15T04:20:41.101266,normal_hover,2,47.39809405495543,8.546344491380147,0.2050000131130218,0.1000000014901161,-0.0564482733607292,-0.0105631295591592,-10.678085327148438,0.0100060552358627,-0.0566198900341987,-0.000352354167262,99.0,16.170000076293945,47.397971,8.5461627,attack,12.891
1776226841.203753,2026-04-15T04:20:41.203753,normal_hover,2,47.39809503329215,8.546345936695229,0.2050000131130218,0.1000000014901161,-0.0564482733607292,-0.0105631295591592,-10.678085327148438,0.0100060552358627,-0.0566198900341987,-0.000352354167262,99.0,16.170000076293945,47.397971,8.5461627,attack,12.993
1776226841.307293,2026-04-15T04:20:41.307293,normal_hover,2,47.39809602167939,8.546347396858126,0.2050000131130218,0.1000000014901161,-0.0564482733607292,-0.0105631295591592,-10.678085327148438,0.0100060552358627,-0.0566198900341987,-0.000352354167262,99.0,16.170000076293945,47.397971,8.5461627,attack,13.097
1776226841.4140918,2026-04-15T04:20:41.414092,normal_hover,2,47.39809704117635,8.546348902979986,0.2050000131130218,0.1000000014901161,-0.0564482733607292,-0.0105631295591592,-10.678085327148438,0.0100060552358627,-0.0566198900341987,-0.000352354167262,99.0,16.170000076293945,47.397971,8.5461627,attack,13.204
1776226841.5159326,2026-04-15T04:20:41.515933,normal_hover,2,47.39809801334302,8.546350339179934,0.2050000131130218,0.1000000014901161,-0.0564482733607292,-0.0105631295591592,-10.678085327148438,0.0100060552358627,-0.0566198900341987,-0.000352354167262,99.0,16.170000076293945,47.397971,8.5461627,attack,13.305
1776226841.617936,2026-04-15T04:20:41.617936,normal_hover,2,47.39809898706187,8.546351477672957,0.262000024318695,0.1570000052452087,-0.057958610355854,-0.0125667210668325,-10.689279556274414,0.0065007410012185,-0.0633690431714057,0.0012923624599352,99.0,16.170000076293945,47.397971,8.5461624,attack,13.407
1776226841.7210507,2026-04-15T04:20:41.721051,normal_hover,2,47.398099971391126,8.546352931840914,0.262000024318695,0.1570000052452087,-0.057958610355854,-0.0125667210668325,-10.689279556274414,0.0065007410012185,-0.0633690431714057,0.0012923624599352,99.0,16.170000076293945,47.397971,8.5461624,attack,13.511
1776226841.8240857,2026-04-15T04:20:41.824086,normal_hover,2,47.39810095495794,8.546354384882509,0.262000024318695,0.1570000052452087,-0.057958610355854,-0.0125667210668325,-10.689279556274414,0.0065007410012185,-0.0633690431714057,0.0012923624599352,99.0,16.170000076293945,47.397971,8.5461624,attack,13.614
1776226841.9250996,2026-04-15T04:20:41.925100,normal_hover,2,47.39810191923168,8.546355809422082,0.262000024318695,0.1570000052452087,-0.057958610355854,-0.0125667210668325,-10.689279556274414,0.0065007410012185,-0.0633690431714057,0.0012923624599352,99.0,16.170000076293945,47.397971,8.5461624,attack,13.715
1776226842.033862,2026-04-15T04:20:42.033862,normal_hover,2,47.398102957473206,8.546357343235655,0.262000024318695,0.1570000052452087,-0.057958610355854,-0.0125667210668325,-10.689279556274414,0.0065007410012185,-0.0633690431714057,0.0012923624599352,99.0,16.170000076293945,47.397971,8.5461624,attack,13.823
1776226842.1378407,2026-04-15T04:20:42.137841,normal_hover,2,47.39810395004816,8.546358809585142,0.262000024318695,0.1570000052452087,-0.057958610355854,-0.0125667210668325,-10.689279556274414,0.0065007410012185,-0.0633690431714057,0.0012923624599352,99.0,16.170000076293945,47.397971,8.5461624,attack,13.927
1776226842.3773253,2026-04-15T04:20:42.377325,normal_hover,2,47.39810623615595,8.546361986894803,0.3350000083446502,0.2300000041723251,-0.0477384030818939,-0.0068766805343329,-10.656251907348633,0.0048624901100993,-0.0547177456319332,0.0016029801918193,99.0,16.170000076293945,47.397971,8.5461622,attack,14.167
1776226842.501131,2026-04-15T04:20:42.501131,normal_hover,2,47.39810741799969,8.546363732854601,0.3350000083446502,0.2300000041723251,-0.0477384030818939,-0.0068766805343329,-10.656251907348633,0.0048624901100993,-0.0547177456319332,0.0016029801918193,99.0,16.170000076293945,47.397971,8.5461622,attack,14.291
1776226842.6081686,2026-04-15T04:20:42.608169,normal_hover,2,47.39810843977485,8.5463652423421,0.3350000083446502,0.2300000041723251,-0.0477384030818939,-0.0068766805343329,-10.656251907348633,0.0048624901100993,-0.0547177456319332,0.0016029801918193,99.0,16.170000076293945,47.397971,8.5461622,attack,14.398
1776226842.713689,2026-04-15T04:20:42.713689,normal_hover,2,47.398109447068265,8.546366430435432,0.4330000281333923,0.328000009059906,-0.044883407652378,-0.0072299628518521,-10.614009857177734,-0.0027009015902876,-0.0462300851941108,0.0009912382811307,99.0,16.170000076293945,47.397971,8.5461619,attack,14.503
1776226842.8147466,2026-04-15T04:20:42.814747,normal_hover,2,47.398110411758495,8.5463678555903,0.4330000281333923,0.328000009059906,-0.044883407652378,-0.0072299628518521,-10.614009857177734,-0.0027009015902876,-0.0462300851941108,0.0009912382811307,99.0,16.170000076293945,47.397971,8.5461619,attack,14.604
1776226842.9187927,2026-04-15T04:20:42.918793,normal_hover,2,47.398111404977534,8.546369322891312,0.4330000281333923,0.328000009059906,-0.044883407652378,-0.0072299628518521,-10.614009857177734,-0.0027009015902876,-0.0462300851941108,0.0009912382811307,99.0,16.170000076293945,47.397971,8.5461619,attack,14.708
1776226843.0214584,2026-04-15T04:20:43.021458,normal_hover,2,47.39811238501893,8.54637077072474,0.4330000281333923,0.328000009059906,-0.044883407652378,-0.0072299628518521,-10.614009857177734,-0.0027009015902876,-0.0462300851941108,0.0009912382811307,99.0,16.170000076293945,47.397971,8.5461619,attack,14.811
1776226843.123104,2026-04-15T04:20:43.123104,normal_hover,2,47.39811335532389,8.546372204174347,0.4330000281333923,0.328000009059906,-0.044883407652378,-0.0072299628518521,-10.614009857177734,-0.0027009015902876,-0.0462300851941108,0.0009912382811307,99.0,16.170000076293945,47.397971,8.5461619,attack,14.913
1776226843.22491,2026-04-15T04:20:43.224910,normal_hover,2,47.398114327158275,8.546373639883404,0.4330000281333923,0.328000009059906,-0.044883407652378,-0.0072299628518521,-10.614009857177734,-0.0027009015902876,-0.0462300851941108,0.0009912382811307,99.0,16.170000076293945,47.397971,8.5461619,attack,15.014
1776226843.3260796,2026-04-15T04:20:43.326080,normal_hover,2,47.3981152929182,8.546375066618543,0.4330000281333923,0.328000009059906,-0.044883407652378,-0.0072299628518521,-10.614009857177734,-0.0027009015902876,-0.0462300851941108,0.0009912382811307,99.0,16.170000076293945,47.397971,8.5461619,attack,15.116
1776226843.4349055,2026-04-15T04:20:43.434906,normal_hover,2,47.398116331765124,8.546376601326482,0.4330000281333923,0.328000009059906,-0.044883407652378,-0.0072299628518521,-10.614009857177734,-0.0027009015902876,-0.0462300851941108,0.0009912382811307,99.0,16.170000076293945,47.397971,8.5461619,attack,15.224
1776226843.5370302,2026-04-15T04:20:43.537030,normal_hover,2,47.39811730664243,8.546378041530904,0.4330000281333923,0.328000009059906,-0.044883407652378,-0.0072299628518521,-10.614009857177734,-0.0027009015902876,-0.0462300851941108,0.0009912382811307,99.0,16.170000076293945,47.397971,8.5461619,attack,15.327
1776226843.6399102,2026-04-15T04:20:43.639910,normal_hover,2,47.39811818872989,8.546379292386604,0.5370000004768372,0.4320000112056732,-0.0552884489297866,-0.0068328115157783,-10.500351905822754,-0.0042808470316231,-0.031772531569004,0.0010531517909839,99.0,16.170000076293945,47.3979709,8.546161699999999,attack,15.429
1776226843.7419243,2026-04-15T04:20:43.741924,normal_hover,2,47.39811916255116,8.546380731030927,0.5370000004768372,0.4320000112056732,-0.0552884489297866,-0.0068328115157783,-10.500351905822754,-0.0042808470316231,-0.031772531569004,0.0010531517909839,99.0,16.170000076293945,47.3979709,8.546161699999999,attack,15.531
1776226843.843185,2026-04-15T04:20:43.843185,normal_hover,2,47.39812012918049,8.546382159050454,0.5370000004768372,0.4320000112056732,-0.0552884489297866,-0.0068328115157783,-10.500351905822754,-0.0042808470316231,-0.031772531569004,0.0010531517909839,99.0,16.170000076293945,47.3979709,8.546161699999999,attack,15.633
1776226843.9441469,2026-04-15T04:20:43.944147,normal_hover,2,47.39812109295808,8.546383582857047,0.5370000004768372,0.4320000112056732,-0.0552884489297866,-0.0068328115157783,-10.500351905822754,-0.0042808470316231,-0.031772531569004,0.0010531517909839,99.0,16.170000076293945,47.3979709,8.546161699999999,attack,15.734
1776226844.0483196,2026-04-15T04:20:44.048320,normal_hover,2,47.39812208738564,8.546385051943425,0.5370000004768372,0.4320000112056732,-0.0552884489297866,-0.0068328115157783,-10.500351905822754,-0.0042808470316231,-0.031772531569004,0.0010531517909839,99.0,16.170000076293945,47.3979709,8.546161699999999,attack,15.838
1776226844.1501756,2026-04-15T04:20:44.150176,normal_hover,2,47.398123059697966,8.546386488358557,0.5370000004768372,0.4320000112056732,-0.0552884489297866,-0.0068328115157783,-10.500351905822754,-0.0042808470316231,-0.031772531569004,0.0010531517909839,99.0,16.170000076293945,47.3979709,8.546161699999999,attack,15.94
1776226844.254987,2026-04-15T04:20:44.254987,normal_hover,2,47.39812406022275,8.546387966452475,0.5370000004768372,0.4320000112056732,-0.0552884489297866,-0.0068328115157783,-10.500351905822754,-0.0042808470316231,-0.031772531569004,0.0010531517909839,99.0,16.170000076293945,47.3979709,8.546161699999999,attack,16.045
1776226844.361693,2026-04-15T04:20:44.361693,normal_hover,2,47.398125078832095,8.546389471263044,0.5370000004768372,0.4320000112056732,-0.0552884489297866,-0.0068328115157783,-10.500351905822754,-0.0042808470316231,-0.031772531569004,0.0010531517909839,99.0,16.170000076293945,47.3979709,8.546161699999999,attack,16.151
1776226844.464311,2026-04-15T04:20:44.464311,normal_hover,2,47.3981260584183,8.546390918424013,0.5370000004768372,0.4320000112056732,-0.0552884489297866,-0.0068328115157783,-10.500351905822754,-0.0042808470316231,-0.031772531569004,0.0010531517909839,99.0,16.170000076293945,47.3979709,8.546161699999999,attack,16.254
1776226844.573073,2026-04-15T04:20:44.573073,normal_hover,2,47.39812709665528,8.546392452230858,0.5370000004768372,0.4320000112056732,-0.0552884489297866,-0.0068328115157783,-10.500351905822754,-0.0042808470316231,-0.031772531569004,0.0010531517909839,99.0,16.170000076293945,47.3979709,8.546161699999999,attack,16.363
1776226844.693813,2026-04-15T04:20:44.693813,normal_hover,2,47.39812824923509,8.546393954958498,0.6480000019073486,0.5430000424385071,-0.052038699388504,-0.0017463590484112,-9.78128719329834,-0.0059664770960807,-0.0212987791746854,6.714701885357499e-05,99.0,16.170000076293945,47.3979709,8.5461615,attack,16.483
1776226844.7992284,2026-04-15T04:20:44.799228,normal_hover,2,47.39812925552481,8.546395441569063,0.6480000019073486,0.5430000424385071,-0.052038699388504,-0.0017463590484112,-9.78128719329834,-0.0059664770960807,-0.0212987791746854,6.714701885357499e-05,99.0,16.170000076293945,47.3979709,8.5461615,attack,16.589
1776226844.901283,2026-04-15T04:20:44.901283,normal_hover,2,47.39813022973299,8.546396880784972,0.6480000019073486,0.5430000424385071,-0.052038699388504,-0.0017463590484112,-9.78128719329834,-0.0059664770960807,-0.0212987791746854,6.714701885357499e-05,99.0,16.170000076293945,47.3979709,8.5461615,attack,16.691
1776226845.0039182,2026-04-15T04:20:45.003918,normal_hover,2,47.39813120948307,8.546398328188024,0.6480000019073486,0.5430000424385071,-0.052038699388504,-0.0017463590484112,-9.78128719329834,-0.0059664770960807,-0.0212987791746854,6.714701885357499e-05,99.0,16.170000076293945,47.3979709,8.5461615,attack,16.793
1776226845.105873,2026-04-15T04:20:45.105873,normal_hover,2,47.39813218273991,8.546399765998501,0.6480000019073486,0.5430000424385071,-0.052038699388504,-0.0017463590484112,-9.78128719329834,-0.0059664770960807,-0.0212987791746854,6.714701885357499e-05,99.0,16.170000076293945,47.3979709,8.5461615,attack,16.895
1776226845.2077105,2026-04-15T04:20:45.207711,normal_hover,2,47.398133154874714,8.546401202151376,0.6480000019073486,0.5430000424385071,-0.052038699388504,-0.0017463590484112,-9.78128719329834,-0.0059664770960807,-0.0212987791746854,6.714701885357499e-05,99.0,16.170000076293945,47.3979709,8.5461615,attack,16.997
1776226845.310884,2026-04-15T04:20:45.310884,normal_hover,2,47.39813413976385,8.546402657146452,0.6480000019073486,0.5430000424385071,-0.052038699388504,-0.0017463590484112,-9.78128719329834,-0.0059664770960807,-0.0212987791746854,6.714701885357499e-05,99.0,16.170000076293945,47.3979709,8.5461615,attack,17.1
1776226845.4129844,2026-04-15T04:20:45.412984,normal_hover,2,47.39813511440901,8.546404097007917,0.6480000019073486,0.5430000424385071,-0.052038699388504,-0.0017463590484112,-9.78128719329834,-0.0059664770960807,-0.0212987791746854,6.714701885357499e-05,99.0,16.170000076293945,47.3979709,8.5461615,attack,17.203
1776226845.5157225,2026-04-15T04:20:45.515723,normal_hover,2,47.398136095142284,8.546405545863475,0.6480000019073486,0.5430000424385071,-0.052038699388504,-0.0017463590484112,-9.78128719329834,-0.0059664770960807,-0.0212987791746854,6.714701885357499e-05,99.0,16.170000076293945,47.3979709,8.5461615,attack,17.305
1776226845.6209557,2026-04-15T04:20:45.620956,normal_hover,2,47.398137099693194,8.546406829905258,0.7830000519752502,0.6780000329017639,-0.0580699890851974,-0.0160879921168088,-9.28653049468994,0.0015069736400619,-0.0107836108654737,0.0003961073816753,99.0,16.170000076293945,47.3979709,8.5461613,attack,17.41
1776226845.735081,2026-04-15T04:20:45.735081,normal_hover,2,47.398138189127266,8.546408439346523,0.7830000519752502,0.6780000329017639,-0.0580699890851974,-0.0160879921168088,-9.28653049468994,0.0015069736400619,-0.0107836108654737,0.0003961073816753,99.0,16.170000076293945,47.3979709,8.5461613,attack,17.525
1776226845.8371878,2026-04-15T04:20:45.837188,normal_hover,2,47.398139163833875,8.546409879298771,0.7830000519752502,0.6780000329017639,-0.0580699890851974,-0.0160879921168088,-9.28653049468994,0.0015069736400619,-0.0107836108654737,0.0003961073816753,99.0,16.170000076293945,47.3979709,8.5461613,attack,17.627
1776226845.9390798,2026-04-15T04:20:45.939080,normal_hover,2,47.39814013648987,8.546411316221608,0.7830000519752502,0.6780000329017639,-0.0580699890851974,-0.0160879921168088,-9.28653049468994,0.0015069736400619,-0.0107836108654737,0.0003961073816753,99.0,16.170000076293945,47.3979709,8.5461613,attack,17.729
1776226846.0419085,2026-04-15T04:20:46.041909,normal_hover,2,47.398141118088006,8.54641276635483,0.7830000519752502,0.6780000329017639,-0.0666026920080185,-0.0085001606494188,-9.533525466918944,0.0046175434254109,-0.0038209464401006,0.0009098938317038,99.0,16.170000076293945,47.3979709,8.5461613,attack,17.831
1776226846.288806,2026-04-15T04:20:46.288806,normal_hover,2,47.39814347495908,8.5464161482044,0.8960000276565552,0.7910000085830688,-0.0666026920080185,-0.0085001606494188,-9.533525466918944,0.0046175434254109,-0.0038209464401006,0.0009098938317038,99.0,16.170000076293945,47.3979709,8.5461612,attack,18.078
1776226846.3921049,2026-04-15T04:20:46.392105,normal_hover,2,47.39814446104535,8.546417604968033,0.8960000276565552,0.7910000085830688,-0.0666026920080185,-0.0085001606494188,-9.533525466918944,0.0046175434254109,-0.0038209464401006,0.0009098938317038,99.0,16.170000076293945,47.3979709,8.5461612,attack,18.182
1776226846.4940455,2026-04-15T04:20:46.494046,normal_hover,2,47.398145434165635,8.546419042576773,0.8960000276565552,0.7910000085830688,-0.0666026920080185,-0.0085001606494188,-9.533525466918944,0.0046175434254109,-0.0038209464401006,0.0009098938317038,99.0,16.170000076293945,47.3979709,8.5461612,attack,18.284
1776226846.5968904,2026-04-15T04:20:46.596890,normal_hover,2,47.39814641591853,8.54642049293863,0.8960000276565552,0.7910000085830688,-0.0666026920080185,-0.0085001606494188,-9.533525466918944,0.0046175434254109,-0.0038209464401006,0.0009098938317038,99.0,16.170000076293945,47.3979709,8.5461612,attack,18.386
1776226846.700596,2026-04-15T04:20:46.700596,normal_hover,2,47.39814740588754,8.546421955438307,0.8960000276565552,0.7910000085830688,-0.0666026920080185,-0.0085001606494188,-9.533525466918944,0.0046175434254109,-0.0038209464401006,0.0009098938317038,99.0,16.170000076293945,47.3979709,8.5461612,attack,18.49
1776226846.8021193,2026-04-15T04:20:46.802119,normal_hover,2,47.39814837502267,8.5464233871597,0.8960000276565552,0.7910000085830688,-0.0666026920080185,-0.0085001606494188,-9.533525466918944,0.0046175434254109,-0.0038209464401006,0.0009098938317038,99.0,16.170000076293945,47.3979709,8.5461612,attack,18.592
1776226846.903114,2026-04-15T04:20:46.903114,normal_hover,2,47.39814933911433,8.546424811430288,0.8960000276565552,0.7910000085830688,-0.0666026920080185,-0.0085001606494188,-9.533525466918944,0.0046175434254109,-0.0038209464401006,0.0009098938317038,99.0,16.170000076293945,47.3979709,8.5461612,attack,18.693
1776226847.0049884,2026-04-15T04:20:47.004988,normal_hover,2,47.39815031160191,8.546426148104315,1.0010000467300415,0.8960000276565552,-0.0593428090214729,-0.0047621093690395,-9.640946388244627,0.0014047679724171,0.0027321353554725,0.0009306679130531,99.0,16.170000076293945,47.3979709,8.546161099999999,attack,18.795
1776226847.259087,2026-04-15T04:20:47.259087,normal_hover,2,47.398152737215234,8.546429731508097,1.0010000467300415,0.8960000276565552,-0.0593428090214729,-0.0047621093690395,-9.640946388244627,0.0014047679724171,0.0027321353554725,0.0009306679130531,99.0,16.170000076293945,47.3979709,8.546161099999999,attack,19.049
1776226847.362568,2026-04-15T04:20:47.362568,normal_hover,2,47.39815372503804,8.546431190837145,1.0010000467300415,0.8960000276565552,-0.0593428090214729,-0.0047621093690395,-9.640946388244627,0.0014047679724171,0.0027321353554725,0.0009306679130531,99.0,16.170000076293945,47.3979709,8.546161099999999,attack,19.152
1776226847.464022,2026-04-15T04:20:47.464022,normal_hover,2,47.39815469351315,8.54643262158348,1.0010000467300415,0.8960000276565552,-0.0593428090214729,-0.0047621093690395,-9.640946388244627,0.0014047679724171,0.0027321353554725,0.0009306679130531,99.0,16.170000076293945,47.3979709,8.546161099999999,attack,19.254
1776226847.566608,2026-04-15T04:20:47.566608,normal_hover,2,47.39815567279438,8.546434068293904,1.0010000467300415,0.8960000276565552,-0.0593428090214729,-0.0047621093690395,-9.640946388244627,0.0014047679724171,0.0027321353554725,0.0009306679130531,99.0,16.170000076293945,47.3979709,8.546161099999999,attack,19.356
1776226847.6730864,2026-04-15T04:20:47.673086,normal_hover,2,47.398156689232486,8.546435569896861,1.0010000467300415,0.8960000276565552,-0.0593428090214729,-0.0047621093690395,-9.640946388244627,0.0014047679724171,0.0027321353554725,0.0009306679130531,99.0,16.170000076293945,47.3979709,8.546161099999999,attack,19.463
1776226847.7757375,2026-04-15T04:20:47.775738,normal_hover,2,47.398157669135045,8.546437017525188,1.0010000467300415,0.8960000276565552,-0.0593428090214729,-0.0047621093690395,-9.640946388244627,0.0014047679724171,0.0027321353554725,0.0009306679130531,99.0,16.170000076293945,47.3979709,8.546161099999999,attack,19.565
1776226847.8789444,2026-04-15T04:20:47.878944,normal_hover,2,47.39815875434281,8.546438472991507,1.1050000190734863,1.0,-0.0639797523617744,-0.0151655972003936,-9.597211837768556,0.0043712127953767,0.0071776830591261,0.0003810631751548,99.0,16.170000076293945,47.397971,8.546161099999999,attack,19.668
1776226847.9819293,2026-04-15T04:20:47.981929,normal_hover,2,47.398159737431676,8.546439925327023,1.1050000190734863,1.0,-0.0639797523617744,-0.0151655972003936,-9.597211837768556,0.0043712127953767,0.0071776830591261,0.0003810631751548,99.0,16.170000076293945,47.397971,8.546161099999999,attack,19.771
1776226848.0845273,2026-04-15T04:20:48.084527,normal_hover,2,47.39816071682671,8.546441372205564,1.1050000190734863,1.0,-0.0639797523617744,-0.0151655972003936,-9.597211837768556,0.0043712127953767,0.0071776830591261,0.0003810631751548,99.0,16.170000076293945,47.397971,8.546161099999999,attack,19.874
1776226848.186898,2026-04-15T04:20:48.186898,normal_hover,2,47.398161694052774,8.546442815879855,1.1050000190734863,1.0,-0.0639797523617744,-0.0151655972003936,-9.597211837768556,0.0043712127953767,0.0071776830591261,0.0003810631751548,99.0,16.170000076293945,47.397971,8.546161099999999,attack,19.976
1776226848.2899034,2026-04-15T04:20:48.289903,normal_hover,2,47.398162677337375,8.546444268504528,1.1050000190734863,1.0,-0.0639797523617744,-0.0151655972003936,-9.597211837768556,0.0043712127953767,0.0071776830591261,0.0003810631751548,99.0,16.170000076293945,47.397971,8.546161099999999,attack,20.079
1776226848.3929727,2026-04-15T04:20:48.392973,normal_hover,2,47.398163661231926,8.54644572203029,1.1050000190734863,1.0,-0.0639797523617744,-0.0151655972003936,-9.597211837768556,0.0043712127953767,0.0071776830591261,0.0003810631751548,99.0,16.170000076293945,47.397971,8.546161099999999,attack,20.183
1776226848.4980392,2026-04-15T04:20:48.498039,normal_hover,2,47.39816466419196,8.546447203721845,1.2000000476837158,1.0950000286102295,-0.0738350972533226,-0.004232850857079,-9.562295913696287,0.0047927699051797,0.0118999788537621,0.0005538742989301,99.0,16.170000076293945,47.397971,8.546161099999999,attack,20.288
1776226848.612222,2026-04-15T04:20:48.612222,normal_hover,2,47.39816575417453,8.546448813973422,1.2000000476837158,1.0950000286102295,-0.0738350972533226,-0.004232850857079,-9.562295913696287,0.0047927699051797,0.0118999788537621,0.0005538742989301,99.0,16.170000076293945,47.397971,8.546161099999999,attack,20.402
1776226848.7140963,2026-04-15T04:20:48.714097,normal_hover,2,47.398166726662105,8.546450250647453,1.2000000476837158,1.0950000286102295,-0.0738350972533226,-0.004232850857079,-9.562295913696287,0.0047927699051797,0.0118999788537621,0.0005538742989301,99.0,16.170000076293945,47.397971,8.546161099999999,attack,20.504
1776226848.8156064,2026-04-15T04:20:48.815606,normal_hover,2,47.39816769567206,8.546451682183925,1.2000000476837158,1.0950000286102295,-0.0738350972533226,-0.004232850857079,-9.562295913696287,0.0047927699051797,0.0118999788537621,0.0005538742989301,99.0,16.170000076293945,47.397971,8.546161099999999,attack,20.605
1776226848.9165788,2026-04-15T04:20:48.916579,normal_hover,2,47.39816865954978,8.546453106138461,1.2000000476837158,1.0950000286102295,-0.0738350972533226,-0.004232850857079,-9.562295913696287,0.0047927699051797,0.0118999788537621,0.0005538742989301,99.0,16.170000076293945,47.397971,8.546161099999999,attack,20.706
1776226849.018989,2026-04-15T04:20:49.018989,normal_hover,2,47.39816963715366,8.54645455037089,1.2000000476837158,1.0950000286102295,-0.0738350972533226,-0.004232850857079,-9.562295913696287,0.0047927699051797,0.0118999788537621,0.0005538742989301,99.0,16.170000076293945,47.397971,8.546161099999999,attack,20.809
1776226849.1218426,2026-04-15T04:20:49.121843,normal_hover,2,47.39817061898849,8.546456100853794,1.3100000619888306,1.2050000429153442,-0.0686144977807998,-0.0036710866261273,-9.529409408569336,0.0079755531623959,0.0150107396766543,-0.0001078501154552,99.0,16.170000076293945,47.397971,8.5461612,attack,20.911
1776226849.2259948,2026-04-15T04:20:49.225995,normal_hover,2,47.39817161322032,8.546457569651018,1.3100000619888306,1.2050000429153442,-0.0686144977807998,-0.0036710866261273,-9.529409408569336,0.0079755531623959,0.0150107396766543,-0.0001078501154552,99.0,16.170000076293945,47.397971,8.5461612,attack,21.016
1776226849.3320754,2026-04-15T04:20:49.332075,normal_hover,2,47.39817262585989,8.546459065642336,1.3100000619888306,1.2050000429153442,-0.0686144977807998,-0.0036710866261273,-9.529409408569336,0.0079755531623959,0.0150107396766543,-0.0001078501154552,99.0,16.170000076293945,47.397971,8.5461612,attack,21.122
1776226849.4331715,2026-04-15T04:20:49.433172,normal_hover,2,47.39817359091882,8.546460491341897,1.3100000619888306,1.2050000429153442,-0.0686144977807998,-0.0036710866261273,-9.529409408569336,0.0079755531623959,0.0150107396766543,-0.0001078501154552,99.0,16.170000076293945,47.397971,8.5461612,attack,21.223
1776226849.534202,2026-04-15T04:20:49.534202,normal_hover,2,47.39817455535188,8.546461916116828,1.3100000619888306,1.2050000429153442,-0.0686144977807998,-0.0036710866261273,-9.529409408569336,0.0079755531623959,0.0150107396766543,-0.0001078501154552,99.0,16.170000076293945,47.397971,8.5461612,attack,21.324
1776226849.6358688,2026-04-15T04:20:49.635869,normal_hover,2,47.39817552585712,8.546463349862316,1.3100000619888306,1.2050000429153442,-0.0686144977807998,-0.0036710866261273,-9.529409408569336,0.0079755531623959,0.0150107396766543,-0.0001078501154552,99.0,16.170000076293945,47.397971,8.5461612,attack,21.425
1776226849.736662,2026-04-15T04:20:49.736662,normal_hover,2,47.398176488023346,8.54646477128842,1.3100000619888306,1.2050000429153442,-0.0686144977807998,-0.0036710866261273,-9.529409408569336,0.0079755531623959,0.0150107396766543,-0.0001078501154552,99.0,16.170000076293945,47.397971,8.5461612,attack,21.526
1776226849.838729,2026-04-15T04:20:49.838729,normal_hover,2,47.39817756234987,8.54646621067975,1.4100000858306885,1.305000066757202,-0.07656230032444,-0.0111342929303646,-9.572677612304688,0.0093654803931713,0.0156980659812688,-0.0007311432273127,99.0,16.170000076293945,47.3979711,8.5461612,attack,21.628
1776226849.9401536,2026-04-15T04:20:49.940154,normal_hover,2,47.398178530545046,8.546467641012528,1.4100000858306885,1.305000066757202,-0.07656230032444,-0.0111342929303646,-9.572677612304688,0.0093654803931713,0.0156980659812688,-0.0007311432273127,99.0,16.170000076293945,47.3979711,8.5461612,attack,21.73
1776226850.0439072,2026-04-15T04:20:50.043907,normal_hover,2,47.39817952097152,8.546469104188029,1.4100000858306885,1.305000066757202,-0.07656230032444,-0.0111342929303646,-9.572677612304688,0.0093654803931713,0.0156980659812688,-0.0007311432273127,99.0,16.170000076293945,47.3979711,8.5461612,attack,21.833
1776226850.1559184,2026-04-15T04:20:50.155918,normal_hover,2,47.3981805902249,8.54647068381599,1.4100000858306885,1.305000066757202,-0.07656230032444,-0.0111342929303646,-9.572677612304688,0.0093654803931713,0.0156980659812688,-0.0007311432273127,99.0,16.170000076293945,47.3979711,8.5461612,attack,21.945
1776226850.2619865,2026-04-15T04:20:50.261986,normal_hover,2,47.39818160274612,8.546472179632474,1.4100000858306885,1.305000066757202,-0.07656230032444,-0.0111342929303646,-9.572677612304688,0.0093654803931713,0.0156980659812688,-0.0007311432273127,99.0,16.170000076293945,47.3979711,8.5461612,attack,22.052
1776226850.3630245,2026-04-15T04:20:50.363024,normal_hover,2,47.39818256724973,8.54647360451164,1.4100000858306885,1.305000066757202,-0.07656230032444,-0.0111342929303646,-9.572677612304688,0.0093654803931713,0.0156980659812688,-0.0007311432273127,99.0,16.170000076293945,47.3979711,8.5461612,attack,22.153
1776226850.4652352,2026-04-15T04:20:50.465235,normal_hover,2,47.398183542948644,8.546475045929846,1.4100000858306885,1.305000066757202,-0.07656230032444,-0.0111342929303646,-9.572677612304688,0.0093654803931713,0.0156980659812688,-0.0007311432273127,99.0,16.170000076293945,47.3979711,8.5461612,attack,22.255
1776226850.5681248,2026-04-15T04:20:50.568125,normal_hover,2,47.39818452512714,8.546476496920453,1.4100000858306885,1.305000066757202,-0.07656230032444,-0.0111342929303646,-9.572677612304688,0.0093654803931713,0.0156980659812688,-0.0007311432273127,99.0,16.170000076293945,47.3979711,8.5461612,attack,22.358
1776226850.6698854,2026-04-15T04:20:50.669885,normal_hover,2,47.398185496529095,8.546477931990681,1.4100000858306885,1.305000066757202,-0.07656230032444,-0.0111342929303646,-9.572677612304688,0.0093654803931713,0.0156980659812688,-0.0007311432273127,99.0,16.170000076293945,47.3979711,8.5461612,attack,22.459
1776226850.7726994,2026-04-15T04:20:50.772699,normal_hover,2,47.39818647798612,8.546479381915448,1.4100000858306885,1.305000066757202,-0.07656230032444,-0.0111342929303646,-9.572677612304688,0.0093654803931713,0.0156980659812688,-0.0007311432273127,99.0,16.170000076293945,47.3979711,8.5461612,attack,22.562
1776226850.8762493,2026-04-15T04:20:50.876249,normal_hover,2,47.398187466468954,8.546480842219562,1.4100000858306885,1.305000066757202,-0.07656230032444,-0.0111342929303646,-9.572677612304688,0.0093654803931713,0.0156980659812688,-0.0007311432273127,99.0,16.170000076293945,47.3979711,8.5461612,attack,22.666
1776226850.9825463,2026-04-15T04:20:50.982546,normal_hover,2,47.39818848117507,8.546482441263832,1.4980000257492063,1.3930000066757202,-0.0749005302786827,-0.0028922739438712,-9.614412307739258,0.0077632591128349,0.0160544775426387,0.0008170458604581,99.0,16.170000076293945,47.3979711,8.5461613,attack,22.772
1776226851.0836475,2026-04-15T04:20:51.083647,normal_hover,2,47.3981894462818,8.546483867034002,1.4980000257492063,1.3930000066757202,-0.0749005302786827,-0.0028922739438712,-9.614412307739258,0.0077632591128349,0.0160544775426387,0.0008170458604581,99.0,16.170000076293945,47.3979711,8.5461613,attack,22.873
1776226851.1916509,2026-04-15T04:20:51.191651,normal_hover,2,47.39819047727676,8.546485390142088,1.4980000257492063,1.3930000066757202,-0.0749005302786827,-0.0028922739438712,-9.614412307739258,0.0077632591128349,0.0160544775426387,0.0008170458604581,99.0,16.170000076293945,47.3979711,8.5461613,attack,22.981
1776226851.2971516,2026-04-15T04:20:51.297152,normal_hover,2,47.398191484381265,8.546486877956353,1.4980000257492063,1.3930000066757202,-0.0749005302786827,-0.0028922739438712,-9.614412307739258,0.0077632591128349,0.0160544775426387,0.0008170458604581,99.0,16.170000076293945,47.3979711,8.5461613,attack,23.087
1776226851.4021115,2026-04-15T04:20:51.402112,normal_hover,2,47.39819248632396,8.546488358144975,1.4980000257492063,1.3930000066757202,-0.0749005302786827,-0.0028922739438712,-9.614412307739258,0.0077632591128349,0.0160544775426387,0.0008170458604581,99.0,16.170000076293945,47.3979711,8.5461613,attack,23.192
1776226851.5033925,2026-04-15T04:20:51.503392,normal_hover,2,47.39819345314674,8.5464897864503,1.4980000257492063,1.3930000066757202,-0.0749005302786827,-0.0028922739438712,-9.614412307739258,0.0077632591128349,0.0160544775426387,0.0008170458604581,99.0,16.170000076293945,47.3979711,8.5461613,attack,23.293
1776226851.60754,2026-04-15T04:20:51.607540,normal_hover,2,47.398194447333054,8.546491255180282,1.4980000257492063,1.3930000066757202,-0.0749005302786827,-0.0028922739438712,-9.614412307739258,0.0077632591128349,0.0160544775426387,0.0008170458604581,99.0,16.170000076293945,47.3979711,8.5461613,attack,23.397
1776226851.7143044,2026-04-15T04:20:51.714304,normal_hover,2,47.39819546650227,8.546492960817977,1.5890001058578491,1.4840000867843628,-0.0672093406319618,-0.0135792233049869,-9.65084457397461,0.0021501365117728,0.0199568606913089,0.000464919488877,99.0,16.170000076293945,47.3979711,8.5461615,attack,23.504
1776226851.8151257,2026-04-15T04:20:51.815125,normal_hover,2,47.398196428937055,8.546494382640834,1.5890001058578491,1.4840000867843628,-0.0672093406319618,-0.0135792233049869,-9.65084457397461,0.0021501365117728,0.0199568606913089,0.000464919488877,99.0,16.170000076293945,47.3979711,8.5461615,attack,23.605
1776226851.9170089,2026-04-15T04:20:51.917009,normal_hover,2,47.398197401508845,8.54649581943927,1.5890001058578491,1.4840000867843628,-0.0672093406319618,-0.0135792233049869,-9.65084457397461,0.0021501365117728,0.0199568606913089,0.000464919488877,99.0,16.170000076293945,47.3979711,8.5461615,attack,23.707
1776226852.0199904,2026-04-15T04:20:52.019990,normal_hover,2,47.398198384565845,8.546497271727718,1.5890001058578491,1.4840000867843628,-0.0672093406319618,-0.0135792233049869,-9.65084457397461,0.0021501365117728,0.0199568606913089,0.000464919488877,99.0,16.170000076293945,47.3979711,8.5461615,attack,23.81
1776226852.1211383,2026-04-15T04:20:52.121138,normal_hover,2,47.39819935011866,8.546498698156894,1.5890001058578491,1.4840000867843628,-0.0672093406319618,-0.0135792233049869,-9.65084457397461,0.0021501365117728,0.0199568606913089,0.000464919488877,99.0,16.170000076293945,47.3979711,8.5461615,attack,23.911
1776226852.2239602,2026-04-15T04:20:52.223960,normal_hover,2,47.39820033165079,8.546500248192615,1.670000076293945,1.565000057220459,-0.075419969856739,-0.0024843802675604,-9.6255464553833,-0.0047668614424765,0.0166870933026075,3.4553664590930566e-05,99.0,16.170000076293945,47.3979711,8.5461616,attack,24.013
1776226852.3274434,2026-04-15T04:20:52.327443,normal_hover,2,47.39820131949636,8.546501707555292,1.670000076293945,1.565000057220459,-0.075419969856739,-0.0024843802675604,-9.6255464553833,-0.0047668614424765,0.0166870933026075,3.4553664590930566e-05,99.0,16.170000076293945,47.3979711,8.5461616,attack,24.117
1776226852.4290087,2026-04-15T04:20:52.429009,normal_hover,2,47.39820228903433,8.546503139871815,1.670000076293945,1.565000057220459,-0.075419969856739,-0.0024843802675604,-9.6255464553833,-0.0047668614424765,0.0166870933026075,3.4553664590930566e-05,99.0,16.170000076293945,47.3979711,8.5461616,attack,24.219
1776226852.5328166,2026-04-15T04:20:52.532817,normal_hover,2,47.39820327997971,8.546504603813913,1.670000076293945,1.565000057220459,-0.075419969856739,-0.0024843802675604,-9.6255464553833,-0.0047668614424765,0.0166870933026075,3.4553664590930566e-05,99.0,16.170000076293945,47.3979711,8.5461616,attack,24.322
1776226852.6340058,2026-04-15T04:20:52.634006,normal_hover,2,47.39820424592626,8.546506030824764,1.670000076293945,1.565000057220459,-0.075419969856739,-0.0024843802675604,-9.6255464553833,-0.0047668614424765,0.0166870933026075,3.4553664590930566e-05,99.0,16.170000076293945,47.3979711,8.5461616,attack,24.424
1776226852.7362008,2026-04-15T04:20:52.736201,normal_hover,2,47.39820522147497,8.546507472021059,1.670000076293945,1.565000057220459,-0.075419969856739,-0.0024843802675604,-9.6255464553833,-0.0047668614424765,0.0166870933026075,3.4553664590930566e-05,99.0,16.170000076293945,47.3979711,8.5461616,attack,24.526
1776226852.8414817,2026-04-15T04:20:52.841482,normal_hover,2,47.398206226481065,8.546509156735306,1.75600004196167,1.6510000228881836,-0.0707110539078712,-0.0052879429422318,-9.606171607971191,-0.0056798462755978,0.0179224256426095,-0.0011330215493217,99.0,16.170000076293945,47.3979711,8.5461618,attack,24.631
1776226852.9432414,2026-04-15T04:20:52.943241,normal_hover,2,47.398207197873916,8.546510591792083,1.75600004196167,1.6510000228881836,-0.0707110539078712,-0.0052879429422318,-9.606171607971191,-0.0056798462755978,0.0179224256426095,-0.0011330215493217,99.0,16.170000076293945,47.3979711,8.5461618,attack,24.733
1776226853.045626,2026-04-15T04:20:53.045626,normal_hover,2,47.398208175231986,8.546512035661388,1.75600004196167,1.6510000228881836,-0.0707110539078712,-0.0052879429422318,-9.606171607971191,-0.0056798462755978,0.0179224256426095,-0.0011330215493217,99.0,16.170000076293945,47.3979711,8.5461618,attack,24.835
1776226853.1470077,2026-04-15T04:20:53.147008,normal_hover,2,47.39820914301749,8.546513465388959,1.75600004196167,1.6510000228881836,-0.0707110539078712,-0.0052879429422318,-9.606171607971191,-0.0056798462755978,0.0179224256426095,-0.0011330215493217,99.0,16.170000076293945,47.3979711,8.5461618,attack,24.937
1776226853.2482064,2026-04-15T04:20:53.248206,normal_hover,2,47.39821010905507,8.546514892534299,1.75600004196167,1.6510000228881836,-0.0707110539078712,-0.0052879429422318,-9.606171607971191,-0.0056798462755978,0.0179224256426095,-0.0011330215493217,99.0,16.170000076293945,47.3979711,8.5461618,attack,25.038
1776226853.3508556,2026-04-15T04:20:53.350856,normal_hover,2,47.398211088939426,8.546516340135732,1.75600004196167,1.6510000228881836,-0.0707110539078712,-0.0052879429422318,-9.606171607971191,-0.0056798462755978,0.0179224256426095,-0.0011330215493217,99.0,16.170000076293945,47.3979711,8.5461618,attack,25.14
1776226853.456856,2026-04-15T04:20:53.456856,normal_hover,2,47.398212100814284,8.54651783499733,1.75600004196167,1.6510000228881836,-0.0707110539078712,-0.0052879429422318,-9.606171607971191,-0.0056798462755978,0.0179224256426095,-0.0011330215493217,99.0,16.170000076293945,47.3979711,8.5461618,attack,25.246
1776226853.5691512,2026-04-15T04:20:53.569151,normal_hover,2,47.398213172778306,8.546519518629761,1.830000042915344,1.725000023841858,-0.0740484744310379,-0.0084887035191059,-9.58970832824707,-0.0044774012640118,0.0144381895661354,-0.0002252316189697,99.0,16.170000076293945,47.3979711,8.5461619,attack,25.359
1776226853.7122216,2026-04-15T04:20:53.712222,normal_hover,2,47.39821453852191,8.546521536268264,1.830000042915344,1.725000023841858,-0.0740484744310379,-0.0084887035191059,-9.58970832824707,-0.0044774012640118,0.0144381895661354,-0.0002252316189697,99.0,16.170000076293945,47.3979711,8.5461619,attack,25.502
1776226853.815889,2026-04-15T04:20:53.815889,normal_hover,2,47.398215528124496,8.546522998226619,1.830000042915344,1.725000023841858,-0.0740484744310379,-0.0084887035191059,-9.58970832824707,-0.0044774012640118,0.0144381895661354,-0.0002252316189697,99.0,16.170000076293945,47.3979711,8.5461619,attack,25.605
1776226853.9208703,2026-04-15T04:20:53.920870,normal_hover,2,47.39821653027202,8.546524478717846,1.830000042915344,1.725000023841858,-0.0740484744310379,-0.0084887035191059,-9.58970832824707,-0.0044774012640118,0.0144381895661354,-0.0002252316189697,99.0,16.170000076293945,47.3979711,8.5461619,attack,25.71
1776226854.026874,2026-04-15T04:20:54.026874,normal_hover,2,47.39821754217874,8.546525973626515,1.830000042915344,1.725000023841858,-0.0740484744310379,-0.0084887035191059,-9.58970832824707,-0.0044774012640118,0.0144381895661354,-0.0002252316189697,99.0,16.170000076293945,47.3979711,8.5461619,attack,25.816
1776226854.140924,2026-04-15T04:20:54.140924,normal_hover,2,47.39821863089362,8.546527582005305,1.830000042915344,1.725000023841858,-0.0740484744310379,-0.0084887035191059,-9.58970832824707,-0.0044774012640118,0.0144381895661354,-0.0002252316189697,99.0,16.170000076293945,47.3979711,8.5461619,attack,25.93
1776226854.241698,2026-04-15T04:20:54.241698,normal_hover,2,47.39821959287777,8.546529003162432,1.830000042915344,1.725000023841858,-0.0740484744310379,-0.0084887035191059,-9.58970832824707,-0.0044774012640118,0.0144381895661354,-0.0002252316189697,99.0,16.170000076293945,47.3979711,8.5461619,attack,26.031
1776226854.3490958,2026-04-15T04:20:54.349096,normal_hover,2,47.39822061809187,8.546530517730334,1.830000042915344,1.725000023841858,-0.0740484744310379,-0.0084887035191059,-9.58970832824707,-0.0044774012640118,0.0144381895661354,-0.0002252316189697,99.0,16.170000076293945,47.3979711,8.5461619,attack,26.139
1776226854.450254,2026-04-15T04:20:54.450254,normal_hover,2,47.39822158374255,8.546531944304087,1.830000042915344,1.725000023841858,-0.0740484744310379,-0.0084887035191059,-9.58970832824707,-0.0044774012640118,0.0144381895661354,-0.0002252316189697,99.0,16.170000076293945,47.3979711,8.5461619,attack,26.24
1776226854.5540292,2026-04-15T04:20:54.554029,normal_hover,2,47.39822257437613,8.546533607785555,1.90500009059906,1.8010001182556152,-0.0760311782360076,-0.0052483929321169,-9.214999198913574,-0.0051741651259362,0.0082291336730122,0.0006595603190362,99.0,16.170000076293945,47.3979711,8.5461621,attack,26.344
1776226854.7182753,2026-04-15T04:20:54.718275,normal_hover,2,47.3982241422612,8.546535924051406,1.90500009059906,1.8010001182556152,-0.0760311782360076,-0.0052483929321169,-9.214999198913574,-0.0051741651259362,0.0082291336730122,0.0006595603190362,99.0,16.170000076293945,47.3979711,8.5461621,attack,26.508
1776226854.8208587,2026-04-15T04:20:54.820859,normal_hover,2,47.39822512151739,8.54653737072485,1.90500009059906,1.8010001182556152,-0.0760311782360076,-0.0052483929321169,-9.214999198913574,-0.0051741651259362,0.0082291336730122,0.0006595603190362,99.0,16.170000076293945,47.3979711,8.5461621,attack,26.61
1776226854.958635,2026-04-15T04:20:54.958635,normal_hover,2,47.39822643672393,8.546539313703994,1.90500009059906,1.8010001182556152,-0.0760311782360076,-0.0052483929321169,-9.214999198913574,-0.0051741651259362,0.0082291336730122,0.0006595603190362,99.0,16.170000076293945,47.3979711,8.5461621,attack,26.748
1776226855.065519,2026-04-15T04:20:55.065519,normal_hover,2,47.39822745703339,8.54654082102619,1.90500009059906,1.8010001182556152,-0.0760311782360076,-0.0052483929321169,-9.214999198913574,-0.0051741651259362,0.0082291336730122,0.0006595603190362,99.0,16.170000076293945,47.3979711,8.5461621,attack,26.855
1776226855.1698654,2026-04-15T04:20:55.169865,normal_hover,2,47.39822845311783,8.546542292560309,1.90500009059906,1.8010001182556152,-0.0760311782360076,-0.0052483929321169,-9.214999198913574,-0.0051741651259362,0.0082291336730122,0.0006595603190362,99.0,16.170000076293945,47.3979711,8.5461621,attack,26.959
1776226855.2717285,2026-04-15T04:20:55.271728,normal_hover,2,47.39822942549844,8.546543729076316,1.90500009059906,1.8010001182556152,-0.0760311782360076,-0.0052483929321169,-9.214999198913574,-0.0051741651259362,0.0082291336730122,0.0006595603190362,99.0,16.170000076293945,47.3979711,8.5461621,attack,27.061
1776226855.3968625,2026-04-15T04:20:55.396863,normal_hover,2,47.3982306200214,8.546545493767361,1.90500009059906,1.8010001182556152,-0.0760311782360076,-0.0052483929321169,-9.214999198913574,-0.0051741651259362,0.0082291336730122,0.0006595603190362,99.0,16.170000076293945,47.3979711,8.5461621,attack,27.186
1776226855.516645,2026-04-15T04:20:55.516645,normal_hover,2,47.39823176345879,8.54654718298874,1.90500009059906,1.8010001182556152,-0.0760311782360076,-0.0052483929321169,-9.214999198913574,-0.0051741651259362,0.0082291336730122,0.0006595603190362,99.0,16.170000076293945,47.3979711,8.5461621,attack,27.306
1776226855.7191522,2026-04-15T04:20:55.719152,normal_hover,2,47.39823369658317,8.54655003882943,1.90500009059906,1.8010001182556152,-0.0760311782360076,-0.0052483929321169,-9.214999198913574,-0.0051741651259362,0.0082291336730122,0.0006595603190362,99.0,16.170000076293945,47.3979711,8.5461621,attack,27.509
1776226855.9229472,2026-04-15T04:20:55.922947,normal_hover,2,47.398235641999854,8.546552912829778,1.90500009059906,1.8010001182556152,-0.0760311782360076,-0.0052483929321169,-9.214999198913574,-0.0051741651259362,0.0082291336730122,0.0006595603190362,99.0,16.170000076293945,47.3979711,8.5461621,attack,27.712
1776226856.0262978,2026-04-15T04:20:56.026298,normal_hover,2,47.39823662858,8.54655437032303,1.90500009059906,1.8010001182556152,-0.0760311782360076,-0.0052483929321169,-9.214999198913574,-0.0051741651259362,0.0082291336730122,0.0006595603190362,99.0,16.170000076293945,47.3979711,8.5461621,attack,27.816
1776226856.1580756,2026-04-15T04:20:56.158076,normal_hover,2,47.398237886524086,8.546556228707285,1.90500009059906,1.8010001182556152,-0.0760311782360076,-0.0052483929321169,-9.214999198913574,-0.0051741651259362,0.0082291336730122,0.0006595603190362,99.0,16.170000076293945,47.3979711,8.5461621,attack,27.948
1776226856.2763371,2026-04-15T04:20:56.276337,normal_hover,2,47.3982390154433,8.546557896480698,1.90500009059906,1.8010001182556152,-0.0760311782360076,-0.0052483929321169,-9.214999198913574,-0.0051741651259362,0.0082291336730122,0.0006595603190362,99.0,16.170000076293945,47.3979711,8.5461621,attack,28.066
1776226856.3844428,2026-04-15T04:20:56.384443,normal_hover,2,47.39824004741464,8.546559421031201,1.90500009059906,1.8010001182556152,-0.0760311782360076,-0.0052483929321169,-9.214999198913574,-0.0051741651259362,0.0082291336730122,0.0006595603190362,99.0,16.170000076293945,47.3979711,8.5461621,attack,28.174
1776226856.4851384,2026-04-15T04:20:56.485138,normal_hover,2,47.39824100865001,8.546560841082137,1.90500009059906,1.8010001182556152,-0.0760311782360076,-0.0052483929321169,-9.214999198913574,-0.0051741651259362,0.0082291336730122,0.0006595603190362,99.0,16.170000076293945,47.3979711,8.5461621,attack,28.275
1776226856.5873835,2026-04-15T04:20:56.587384,normal_hover,2,47.39824198467666,8.54656228298451,1.90500009059906,1.8010001182556152,-0.0760311782360076,-0.0052483929321169,-9.214999198913574,-0.0051741651259362,0.0082291336730122,0.0006595603190362,99.0,16.170000076293945,47.3979711,8.5461621,attack,28.377
1776226856.692786,2026-04-15T04:20:56.692786,normal_hover,2,47.39824299084348,8.546563769413519,1.90500009059906,1.8010001182556152,-0.0760311782360076,-0.0052483929321169,-9.214999198913574,-0.0051741651259362,0.0082291336730122,0.0006595603190362,99.0,16.170000076293945,47.3979711,8.5461621,attack,28.482
1776226856.795053,2026-04-15T04:20:56.795053,normal_hover,2,47.398243967079516,8.546565211625222,1.90500009059906,1.8010001182556152,-0.0760311782360076,-0.0052483929321169,-9.214999198913574,-0.0051741651259362,0.0082291336730122,0.0006595603190362,99.0,16.170000076293945,47.3979711,8.5461621,attack,28.585
1776226856.904909,2026-04-15T04:20:56.904909,normal_hover,2,47.39824491575847,8.54656686085743,1.970000147819519,1.8650001287460327,-0.0749136805534362,-0.0055228886194527,-8.56594181060791,-0.0017694530542939,0.0039260457269847,0.0013396188151091,99.0,16.170000076293945,47.397971,8.5461622,attack,28.694
1776226857.0156696,2026-04-15T04:20:57.015670,normal_hover,2,47.39824597307459,8.546568422850246,1.970000147819519,1.8650001287460327,-0.0749136805534362,-0.0055228886194527,-8.56594181060791,-0.0017694530542939,0.0039260457269847,0.0013396188151091,99.0,16.170000076293945,47.397971,8.5461622,attack,28.805
1776226857.1476247,2026-04-15T04:20:57.147625,normal_hover,2,47.39824723271197,8.546570283736031,1.970000147819519,1.8650001287460327,-0.0749136805534362,-0.0055228886194527,-8.56594181060791,-0.0017694530542939,0.0039260457269847,0.0013396188151091,99.0,16.170000076293945,47.397971,8.5461622,attack,28.937
1776226857.2518544,2026-04-15T04:20:57.251854,normal_hover,2,47.398248227683474,8.546571753625996,1.970000147819519,1.8650001287460327,-0.0749136805534362,-0.0055228886194527,-8.56594181060791,-0.0017694530542939,0.0039260457269847,0.0013396188151091,99.0,16.170000076293945,47.397971,8.5461622,attack,29.041
1776226857.3551762,2026-04-15T04:20:57.355176,normal_hover,2,47.39824921398824,8.54657321071241,1.970000147819519,1.8650001287460327,-0.0749136805534362,-0.0055228886194527,-8.56594181060791,-0.0017694530542939,0.0039260457269847,0.0013396188151091,99.0,16.170000076293945,47.397971,8.5461622,attack,29.145
1776226857.4836392,2026-04-15T04:20:57.483639,normal_hover,2,47.398250440290035,8.546575022350924,1.970000147819519,1.8650001287460327,-0.0749136805534362,-0.0055228886194527,-8.56594181060791,-0.0017694530542939,0.0039260457269847,0.0013396188151091,99.0,16.170000076293945,47.397971,8.5461622,attack,29.273
1776226857.589345,2026-04-15T04:20:57.589345,normal_hover,2,47.39825144935185,8.546576513056745,1.970000147819519,1.8650001287460327,-0.0749136805534362,-0.0055228886194527,-8.56594181060791,-0.0017694530542939,0.0039260457269847,0.0013396188151091,99.0,16.170000076293945,47.397971,8.5461622,attack,29.379
1776226857.7035892,2026-04-15T04:20:57.703589,normal_hover,2,47.39825253992161,8.54657812417579,1.970000147819519,1.8650001287460327,-0.0749136805534362,-0.0055228886194527,-8.56594181060791,-0.0017694530542939,0.0039260457269847,0.0013396188151091,99.0,16.170000076293945,47.397971,8.5461622,attack,29.493
1776226857.8067546,2026-04-15T04:20:57.806755,normal_hover,2,47.398253524733356,8.54657957905655,1.970000147819519,1.8650001287460327,-0.0749136805534362,-0.0055228886194527,-8.56594181060791,-0.0017694530542939,0.0039260457269847,0.0013396188151091,99.0,16.170000076293945,47.397971,8.5461622,attack,29.596
1776226857.909118,2026-04-15T04:20:57.909118,normal_hover,2,47.39825450188887,8.54658102262661,1.970000147819519,1.8650001287460327,-0.0749136805534362,-0.0055228886194527,-8.56594181060791,-0.0017694530542939,0.0039260457269847,0.0013396188151091,99.0,16.170000076293945,47.397971,8.5461622,attack,29.699
1776226858.0129445,2026-04-15T04:20:58.012944,normal_hover,2,47.398255493011774,8.546582486830964,1.970000147819519,1.8650001287460327,-0.0749136805534362,-0.0055228886194527,-8.56594181060791,-0.0017694530542939,0.0039260457269847,0.0013396188151091,99.0,16.170000076293945,47.397971,8.5461622,attack,29.802
1776226858.118757,2026-04-15T04:20:58.118757,normal_hover,2,47.3982565030932,8.546583979043085,1.970000147819519,1.8650001287460327,-0.0749136805534362,-0.0055228886194527,-8.56594181060791,-0.0017694530542939,0.0039260457269847,0.0013396188151091,99.0,16.170000076293945,47.397971,8.5461622,attack,29.908
1776226858.222818,2026-04-15T04:20:58.222818,normal_hover,2,47.398257496453354,8.546585446552555,1.970000147819519,1.8650001287460327,-0.0749136805534362,-0.0055228886194527,-8.56594181060791,-0.0017694530542939,0.0039260457269847,0.0013396188151091,99.0,16.170000076293945,47.397971,8.5461622,attack,30.012
1776226858.3300955,2026-04-15T04:20:58.330096,normal_hover,2,47.39825852052038,8.546587059425867,2.009000062942505,1.9040000438690183,-0.0733117312192916,-0.0095205605030059,-8.828609466552734,-0.0027761596720665,0.0022540076170116,0.0011697903973981,99.0,16.170000076293945,47.397971,8.546162299999999,attack,30.12
1776226858.4341602,2026-04-15T04:20:58.434160,normal_hover,2,47.39825951391694,8.546588526989137,2.009000062942505,1.9040000438690183,-0.0733117312192916,-0.0095205605030059,-8.828609466552734,-0.0027761596720665,0.0022540076170116,0.0011697903973981,99.0,16.170000076293945,47.397971,8.546162299999999,attack,30.224
1776226858.535979,2026-04-15T04:20:58.535979,normal_hover,2,47.398260485874225,8.546589962879755,2.009000062942505,1.9040000438690183,-0.0733117312192916,-0.0095205605030059,-8.828609466552734,-0.0027761596720665,0.0022540076170116,0.0011697903973981,99.0,16.170000076293945,47.397971,8.546162299999999,attack,30.326
1776226858.6403697,2026-04-15T04:20:58.640370,normal_hover,2,47.39826148238199,8.546591435039257,2.009000062942505,1.9040000438690183,-0.0733117312192916,-0.0095205605030059,-8.828609466552734,-0.0027761596720665,0.0022540076170116,0.0011697903973981,99.0,16.170000076293945,47.397971,8.546162299999999,attack,30.43
1776226858.748231,2026-04-15T04:20:58.748231,normal_hover,2,47.3982625120205,8.546592956143424,2.009000062942505,1.9040000438690183,-0.0733117312192916,-0.0095205605030059,-8.828609466552734,-0.0027761596720665,0.0022540076170116,0.0011697903973981,99.0,16.170000076293945,47.397971,8.546162299999999,attack,30.538
1776226858.863144,2026-04-15T04:20:58.863144,normal_hover,2,47.39826360897425,8.546594576693655,2.009000062942505,1.9040000438690183,-0.0733117312192916,-0.0095205605030059,-8.828609466552734,-0.0027761596720665,0.0022540076170116,0.0011697903973981,99.0,16.170000076293945,47.397971,8.546162299999999,attack,30.653
1776226858.9809225,2026-04-15T04:20:58.980922,normal_hover,2,47.39826473328243,8.546596237655091,2.009000062942505,1.9040000438690183,-0.0733117312192916,-0.0095205605030059,-8.828609466552734,-0.0027761596720665,0.0022540076170116,0.0011697903973981,99.0,16.170000076293945,47.397971,8.546162299999999,attack,30.77
1776226859.0969398,2026-04-15T04:20:59.096940,normal_hover,2,47.3982658407783,8.546597873779389,2.009000062942505,1.9040000438690183,-0.0733117312192916,-0.0095205605030059,-8.828609466552734,-0.0027761596720665,0.0022540076170116,0.0011697903973981,99.0,16.170000076293945,47.397971,8.546162299999999,attack,30.886
1776226859.2010882,2026-04-15T04:20:59.201088,normal_hover,2,47.39826683497372,8.546599342522816,2.009000062942505,1.9040000438690183,-0.0733117312192916,-0.0095205605030059,-8.828609466552734,-0.0027761596720665,0.0022540076170116,0.0011697903973981,99.0,16.170000076293945,47.397971,8.546162299999999,attack,30.991
1776226859.3234997,2026-04-15T04:20:59.323500,normal_hover,2,47.39826800350781,8.546601068820019,2.009000062942505,1.9040000438690183,-0.0733117312192916,-0.0095205605030059,-8.828609466552734,-0.0027761596720665,0.0022540076170116,0.0011697903973981,99.0,16.170000076293945,47.397971,8.546162299999999,attack,31.113
1776226859.4359932,2026-04-15T04:20:59.435993,normal_hover,2,47.3982690773654,8.546602655249863,2.009000062942505,1.9040000438690183,-0.0733117312192916,-0.0095205605030059,-8.828609466552734,-0.0027761596720665,0.0022540076170116,0.0011697903973981,99.0,16.170000076293945,47.397971,8.546162299999999,attack,31.226
1776226859.5378926,2026-04-15T04:20:59.537893,normal_hover,2,47.39827005009195,8.546604092276933,2.032999992370605,1.9290001392364504,-0.0751857236027717,-0.0106832925230264,-9.320109367370604,-0.0061174565926194,-0.0038678618147969,0.0007144756964407,99.0,16.170000076293945,47.397971,8.546162299999999,attack,31.327
1776226859.6435952,2026-04-15T04:20:59.643595,normal_hover,2,47.39827105912417,8.546605582939044,2.032999992370605,1.9290001392364504,-0.0751857236027717,-0.0106832925230264,-9.320109367370604,-0.0061174565926194,-0.0038678618147969,0.0007144756964407,99.0,16.170000076293945,47.397971,8.546162299999999,attack,31.433
1776226859.7524486,2026-04-15T04:20:59.752449,normal_hover,2,47.39827209823283,8.546607118033645,2.032999992370605,1.9290001392364504,-0.0751857236027717,-0.0106832925230264,-9.320109367370604,-0.0061174565926194,-0.0038678618147969,0.0007144756964407,99.0,16.170000076293945,47.397971,8.546162299999999,attack,31.542
1776226859.915731,2026-04-15T04:20:59.915731,normal_hover,2,47.39827365691858,8.546609420709169,2.032999992370605,1.9290001392364504,-0.0751857236027717,-0.0106832925230264,-9.320109367370604,-0.0061174565926194,-0.0038678618147969,0.0007144756964407,99.0,16.170000076293945,47.397971,8.546162299999999,attack,31.705
1776226860.0269964,2026-04-15T04:21:00.026996,normal_hover,2,47.39827471905285,8.546610989819925,2.032999992370605,1.9290001392364504,-0.0751857236027717,-0.0106832925230264,-9.320109367370604,-0.0061174565926194,-0.0038678618147969,0.0007144756964407,99.0,16.170000076293945,47.397971,8.546162299999999,attack,31.817
1776226860.1442523,2026-04-15T04:21:00.144252,normal_hover,2,47.398275838372186,8.546612643411251,2.032999992370605,1.9290001392364504,-0.0751857236027717,-0.0106832925230264,-9.320109367370604,-0.0061174565926194,-0.0038678618147969,0.0007144756964407,99.0,16.170000076293945,47.397971,8.546162299999999,attack,31.934
1776226860.2537048,2026-04-15T04:21:00.253705,normal_hover,2,47.39827688320026,8.546614186955253,2.032999992370605,1.9290001392364504,-0.0751857236027717,-0.0106832925230264,-9.320109367370604,-0.0061174565926194,-0.0038678618147969,0.0007144756964407,99.0,16.170000076293945,47.397971,8.546162299999999,attack,32.043
1776226860.357941,2026-04-15T04:21:00.357941,normal_hover,2,47.39827787823322,8.546615656935998,2.032999992370605,1.9290001392364504,-0.0751857236027717,-0.0106832925230264,-9.320109367370604,-0.0061174565926194,-0.0038678618147969,0.0007144756964407,99.0,16.170000076293945,47.397971,8.546162299999999,attack,32.147
1776226860.4735618,2026-04-15T04:21:00.473562,normal_hover,2,47.398278981944216,8.546617287468829,2.032999992370605,1.9290001392364504,-0.0751857236027717,-0.0106832925230264,-9.320109367370604,-0.0061174565926194,-0.0038678618147969,0.0007144756964407,99.0,16.170000076293945,47.397971,8.546162299999999,attack,32.263
1776226860.601233,2026-04-15T04:21:00.601233,normal_hover,2,47.398280200687644,8.546619087941222,2.032999992370605,1.9290001392364504,-0.0751857236027717,-0.0106832925230264,-9.320109367370604,-0.0061174565926194,-0.0038678618147969,0.0007144756964407,99.0,16.170000076293945,47.397971,8.546162299999999,attack,32.391
1776226860.7206848,2026-04-15T04:21:00.720685,normal_hover,2,47.39828134096832,8.54662077249912,2.032999992370605,1.9290001392364504,-0.0751857236027717,-0.0106832925230264,-9.320109367370604,-0.0061174565926194,-0.0038678618147969,0.0007144756964407,99.0,16.170000076293945,47.397971,8.546162299999999,attack,32.51
1776226860.839126,2026-04-15T04:21:00.839126,normal_hover,2,47.398282471603586,8.546622442807687,2.032999992370605,1.9290001392364504,-0.0751857236027717,-0.0106832925230264,-9.320109367370604,-0.0061174565926194,-0.0038678618147969,0.0007144756964407,99.0,16.170000076293945,47.397971,8.546162299999999,attack,32.629
1776226860.9709802,2026-04-15T04:21:00.970980,normal_hover,2,47.39828373027597,8.546624302267865,2.032999992370605,1.9290001392364504,-0.0751857236027717,-0.0106832925230264,-9.320109367370604,-0.0061174565926194,-0.0038678618147969,0.0007144756964407,99.0,16.170000076293945,47.397971,8.546162299999999,attack,32.761
1776226861.0808086,2026-04-15T04:21:01.080809,normal_hover,2,47.398284778693196,8.546625851114179,2.032999992370605,1.9290001392364504,-0.0751857236027717,-0.0106832925230264,-9.320109367370604,-0.0061174565926194,-0.0038678618147969,0.0007144756964407,99.0,16.170000076293945,47.397971,8.546162299999999,attack,32.87
1776226861.1894608,2026-04-15T04:21:01.189461,normal_hover,2,47.39828571588097,8.546627483370136,2.0470001697540283,1.942000150680542,-0.0746308043599128,-0.0130382515490055,-9.926095008850098,-0.0085787344723939,-0.0027418022509664,-0.0003847982734441,99.0,16.170000076293945,47.3979709,8.5461624,attack,32.979
1776226861.311767,2026-04-15T04:21:01.311767,normal_hover,2,47.39828688341137,8.546629208184571,2.0470001697540283,1.942000150680542,-0.0746308043599128,-0.0130382515490055,-9.926095008850098,-0.0085787344723939,-0.0027418022509664,-0.0003847982734441,99.0,16.170000076293945,47.3979709,8.5461624,attack,33.101
1776226861.4221115,2026-04-15T04:21:01.422112,normal_hover,2,47.39828793675371,8.54663076430685,2.0470001697540283,1.942000150680542,-0.0746308043599128,-0.0130382515490055,-9.926095008850098,-0.0085787344723939,-0.0027418022509664,-0.0003847982734441,99.0,16.170000076293945,47.3979709,8.5461624,attack,33.212
1776226861.5265849,2026-04-15T04:21:01.526585,normal_hover,2,47.39828893405122,8.546632237633057,2.0470001697540283,1.942000150680542,-0.0746308043599128,-0.0130382515490055,-9.926095008850098,-0.0085787344723939,-0.0027418022509664,-0.0003847982734441,99.0,16.170000076293945,47.3979709,8.5461624,attack,33.316
1776226861.6848495,2026-04-15T04:21:01.684850,normal_hover,2,47.39829044483771,8.546634469546095,2.0470001697540283,1.942000150680542,-0.0746308043599128,-0.0130382515490055,-9.926095008850098,-0.0085787344723939,-0.0027418022509664,-0.0003847982734441,99.0,16.170000076293945,47.3979709,8.5461624,attack,33.474
1776226861.830002,2026-04-15T04:21:01.830002,normal_hover,2,47.39829183045703,8.546636516547354,2.0470001697540283,1.942000150680542,-0.0746308043599128,-0.0130382515490055,-9.926095008850098,-0.0085787344723939,-0.0027418022509664,-0.0003847982734441,99.0,16.170000076293945,47.3979709,8.5461624,attack,33.62
1776226861.935003,2026-04-15T04:21:01.935003,normal_hover,2,47.398292832791185,8.546637997314281,2.0470001697540283,1.942000150680542,-0.0746308043599128,-0.0130382515490055,-9.926095008850098,-0.0085787344723939,-0.0027418022509664,-0.0003847982734441,99.0,16.170000076293945,47.3979709,8.5461624,attack,33.725
1776226862.037278,2026-04-15T04:21:02.037278,normal_hover,2,47.39829380910233,8.546639439636934,2.0470001697540283,1.942000150680542,-0.0746308043599128,-0.0130382515490055,-9.926095008850098,-0.0085787344723939,-0.0027418022509664,-0.0003847982734441,99.0,16.170000076293945,47.3979709,8.5461624,attack,33.827
1776226862.1387322,2026-04-15T04:21:02.138732,normal_hover,2,47.39829477757971,8.54664087038663,2.0470001697540283,1.942000150680542,-0.0746308043599128,-0.0130382515490055,-9.926095008850098,-0.0085787344723939,-0.0027418022509664,-0.0003847982734441,99.0,16.170000076293945,47.3979709,8.5461624,attack,33.928
1776226862.275062,2026-04-15T04:21:02.275062,normal_hover,2,47.39829607897816,8.54664279296683,2.0470001697540283,1.942000150680542,-0.0746308043599128,-0.0130382515490055,-9.926095008850098,-0.0085787344723939,-0.0027418022509664,-0.0003847982734441,99.0,16.170000076293945,47.3979709,8.5461624,attack,34.065
1776226862.3763824,2026-04-15T04:21:02.376382,normal_hover,2,47.398297046176474,8.546644221826927,2.0470001697540283,1.942000150680542,-0.0746308043599128,-0.0130382515490055,-9.926095008850098,-0.0085787344723939,-0.0027418022509664,-0.0003847982734441,99.0,16.170000076293945,47.3979709,8.5461624,attack,34.166
1776226862.5196538,2026-04-15T04:21:02.519654,normal_hover,2,47.398298413838695,8.54664624229982,2.0470001697540283,1.942000150680542,-0.0746308043599128,-0.0130382515490055,-9.926095008850098,-0.0085787344723939,-0.0027418022509664,-0.0003847982734441,99.0,16.170000076293945,47.3979709,8.5461624,attack,34.309
1776226862.6329384,2026-04-15T04:21:02.632938,normal_hover,2,47.398299495247834,8.546647839885697,2.0470001697540283,1.942000150680542,-0.0746308043599128,-0.0130382515490055,-9.926095008850098,-0.0085787344723939,-0.0027418022509664,-0.0003847982734441,99.0,16.170000076293945,47.3979709,8.5461624,attack,34.422
1776226862.7367597,2026-04-15T04:21:02.736760,normal_hover,2,47.39830048632067,8.546649304016078,2.0470001697540283,1.942000150680542,-0.0746308043599128,-0.0130382515490055,-9.926095008850098,-0.0085787344723939,-0.0027418022509664,-0.0003847982734441,99.0,16.170000076293945,47.3979709,8.5461624,attack,34.526
1776226862.8386726,2026-04-15T04:21:02.838673,normal_hover,2,47.39830145917695,8.546650741234794,2.0470001697540283,1.942000150680542,-0.0746308043599128,-0.0130382515490055,-9.926095008850098,-0.0085787344723939,-0.0027418022509664,-0.0003847982734441,99.0,16.170000076293945,47.3979709,8.5461624,attack,34.628
1776226862.9412112,2026-04-15T04:21:02.941211,normal_hover,2,47.398302438005274,8.546652187276125,2.0470001697540283,1.942000150680542,-0.0746308043599128,-0.0130382515490055,-9.926095008850098,-0.0085787344723939,-0.0027418022509664,-0.0003847982734441,99.0,16.170000076293945,47.3979709,8.5461624,attack,34.731
1776226863.0440297,2026-04-15T04:21:03.044030,normal_hover,2,47.39830341950554,8.54665363726477,2.0470001697540283,1.942000150680542,-0.0746308043599128,-0.0130382515490055,-9.926095008850098,-0.0085787344723939,-0.0027418022509664,-0.0003847982734441,99.0,16.170000076293945,47.3979709,8.5461624,attack,34.834
1776226863.1463337,2026-04-15T04:21:03.146333,normal_hover,2,47.398304396094346,8.54665507999762,2.0470001697540283,1.942000150680542,-0.0746308043599128,-0.0130382515490055,-9.926095008850098,-0.0085787344723939,-0.0027418022509664,-0.0003847982734441,99.0,16.170000076293945,47.3979709,8.5461624,attack,34.936
1776226863.2638028,2026-04-15T04:21:03.263803,normal_hover,2,47.398305517448364,8.54665673659482,2.0470001697540283,1.942000150680542,-0.0746308043599128,-0.0130382515490055,-9.926095008850098,-0.0085787344723939,-0.0027418022509664,-0.0003847982734441,99.0,16.170000076293945,47.3979709,8.5461624,attack,35.053
1776226863.3742902,2026-04-15T04:21:03.374290,normal_hover,2,47.398306572156265,8.546658294734463,2.072000026702881,1.967000126838684,-0.0744568035006523,-0.0068164514377713,-9.671899795532228,-0.0110697988420724,-0.0039895651862025,-0.0005574863753281,99.0,16.170000076293945,47.3979709,8.5461624,attack,35.164
1776226863.4830372,2026-04-15T04:21:03.483037,normal_hover,2,47.39830761024986,8.546659828329485,2.072000026702881,1.967000126838684,-0.0744568035006523,-0.0068164514377713,-9.671899795532228,-0.0110697988420724,-0.0039895651862025,-0.0005574863753281,99.0,16.170000076293945,47.3979709,8.5461624,attack,35.273
1776226863.5849795,2026-04-15T04:21:03.584980,normal_hover,2,47.398308583386076,8.546661265961761,2.072000026702881,1.967000126838684,-0.0744568035006523,-0.0068164514377713,-9.671899795532228,-0.0110697988420724,-0.0039895651862025,-0.0005574863753281,99.0,16.170000076293945,47.3979709,8.5461624,attack,35.375
1776226863.6956878,2026-04-15T04:21:03.695688,normal_hover,2,47.39830964020149,8.546662827214874,2.072000026702881,1.967000126838684,-0.0744568035006523,-0.0068164514377713,-9.671899795532228,-0.0110697988420724,-0.0039895651862025,-0.0005574863753281,99.0,16.170000076293945,47.3979709,8.5461624,attack,35.485
1776226863.797145,2026-04-15T04:21:03.797145,normal_hover,2,47.39831060870619,8.546664258004917,2.072000026702881,1.967000126838684,-0.0744568035006523,-0.0068164514377713,-9.671899795532228,-0.0110697988420724,-0.0039895651862025,-0.0005574863753281,99.0,16.170000076293945,47.3979709,8.5461624,attack,35.587
1776226863.8982098,2026-04-15T04:21:03.898210,normal_hover,2,47.39831157346698,8.546665683264013,2.072000026702881,1.967000126838684,-0.0744568035006523,-0.0068164514377713,-9.671899795532228,-0.0110697988420724,-0.0039895651862025,-0.0005574863753281,99.0,16.170000076293945,47.3979709,8.5461624,attack,35.688
1776226864.0031471,2026-04-15T04:21:04.003147,normal_hover,2,47.39831257519345,8.546667163133213,2.072000026702881,1.967000126838684,-0.0744568035006523,-0.0068164514377713,-9.671899795532228,-0.0110697988420724,-0.0039895651862025,-0.0005574863753281,99.0,16.170000076293945,47.3979709,8.5461624,attack,35.793
1776226864.1047308,2026-04-15T04:21:04.104731,normal_hover,2,47.398313544906664,8.546668595708626,2.072000026702881,1.967000126838684,-0.0744568035006523,-0.0068164514377713,-9.671899795532228,-0.0110697988420724,-0.0039895651862025,-0.0005574863753281,99.0,16.170000076293945,47.3979709,8.5461624,attack,35.894
1776226864.2111957,2026-04-15T04:21:04.211195,normal_hover,2,47.39831456121504,8.546670097119932,2.072000026702881,1.967000126838684,-0.0744568035006523,-0.0068164514377713,-9.671899795532228,-0.0110697988420724,-0.0039895651862025,-0.0005574863753281,99.0,16.170000076293945,47.3979709,8.5461624,attack,36.001
1776226864.3140242,2026-04-15T04:21:04.314024,normal_hover,2,47.3983155428109,8.546671547249792,2.072000026702881,1.967000126838684,-0.0744568035006523,-0.0068164514377713,-9.671899795532228,-0.0110697988420724,-0.0039895651862025,-0.0005574863753281,99.0,16.170000076293945,47.3979709,8.5461624,attack,36.104
1776226864.416928,2026-04-15T04:21:04.416928,normal_hover,2,47.39831652512595,8.546672998442132,2.072000026702881,1.967000126838684,-0.0744568035006523,-0.0068164514377713,-9.671899795532228,-0.0110697988420724,-0.0039895651862025,-0.0005574863753281,99.0,16.170000076293945,47.3979709,8.5461624,attack,36.206
1776226864.5232892,2026-04-15T04:21:04.523289,normal_hover,2,47.39831754044429,8.54667449839085,2.072000026702881,1.967000126838684,-0.0744568035006523,-0.0068164514377713,-9.671899795532228,-0.0110697988420724,-0.0039895651862025,-0.0005574863753281,99.0,16.170000076293945,47.3979709,8.5461624,attack,36.313
1776226864.6580682,2026-04-15T04:21:04.658068,normal_hover,2,47.39831882703781,8.54667639909944,2.072000026702881,1.967000126838684,-0.0744568035006523,-0.0068164514377713,-9.671899795532228,-0.0110697988420724,-0.0039895651862025,-0.0005574863753281,99.0,16.170000076293945,47.3979709,8.5461624,attack,36.448
1776226864.7628872,2026-04-15T04:21:04.762887,normal_hover,2,47.398319827635426,8.546677877300949,2.072000026702881,1.967000126838684,-0.0744568035006523,-0.0068164514377713,-9.671899795532228,-0.0110697988420724,-0.0039895651862025,-0.0005574863753281,99.0,16.170000076293945,47.3979709,8.5461624,attack,36.552
1776226864.9176674,2026-04-15T04:21:04.917667,normal_hover,2,47.398321205159164,8.546680060073328,2.118000030517578,2.013000011444092,-0.0669629499316215,-0.0127329574897885,-9.21634292602539,-0.0082491775974631,-0.002387270797044,-0.0003710760793182,99.0,16.170000076293945,47.3979708,8.5461624,attack,36.707
1776226865.0359,2026-04-15T04:21:05.035900,normal_hover,2,47.398322333802994,8.546681727439896,2.118000030517578,2.013000011444092,-0.0669629499316215,-0.0127329574897885,-9.21634292602539,-0.0082491775974631,-0.002387270797044,-0.0003710760793182,99.0,16.170000076293945,47.3979708,8.5461624,attack,36.825
1776226865.1464736,2026-04-15T04:21:05.146474,normal_hover,2,47.39832338933251,8.54668328679332,2.118000030517578,2.013000011444092,-0.0669629499316215,-0.0127329574897885,-9.21634292602539,-0.0082491775974631,-0.002387270797044,-0.0003710760793182,99.0,16.170000076293945,47.3979708,8.5461624,attack,36.936
1776226865.2717211,2026-04-15T04:21:05.271721,normal_hover,2,47.39832458493881,8.546685053084799,2.118000030517578,2.013000011444092,-0.0669629499316215,-0.0127329574897885,-9.21634292602539,-0.0082491775974631,-0.002387270797044,-0.0003710760793182,99.0,16.170000076293945,47.3979708,8.5461624,attack,37.061
1776226865.3745997,2026-04-15T04:21:05.374600,normal_hover,2,47.39832556701261,8.546686503920734,2.118000030517578,2.013000011444092,-0.0669629499316215,-0.0127329574897885,-9.21634292602539,-0.0082491775974631,-0.002387270797044,-0.0003710760793182,99.0,16.170000076293945,47.3979708,8.5461624,attack,37.164
1776226865.4820068,2026-04-15T04:21:05.482007,normal_hover,2,47.39832659231547,8.546688018619758,2.118000030517578,2.013000011444092,-0.0669629499316215,-0.0127329574897885,-9.21634292602539,-0.0082491775974631,-0.002387270797044,-0.0003710760793182,99.0,16.170000076293945,47.3979708,8.5461624,attack,37.272
1776226865.587114,2026-04-15T04:21:05.587114,normal_hover,2,47.39832759566469,8.546689500886258,2.118000030517578,2.013000011444092,-0.0669629499316215,-0.0127329574897885,-9.21634292602539,-0.0082491775974631,-0.002387270797044,-0.0003710760793182,99.0,16.170000076293945,47.3979708,8.5461624,attack,37.377
1776226865.689181,2026-04-15T04:21:05.689181,normal_hover,2,47.398328569991214,8.546690940277001,2.118000030517578,2.013000011444092,-0.0669629499316215,-0.0127329574897885,-9.21634292602539,-0.0082491775974631,-0.002387270797044,-0.0003710760793182,99.0,16.170000076293945,47.3979708,8.5461624,attack,37.479
1776226865.790701,2026-04-15T04:21:05.790701,normal_hover,2,47.39832953909448,8.546692371951321,2.118000030517578,2.013000011444092,-0.0669629499316215,-0.0127329574897885,-9.21634292602539,-0.0082491775974631,-0.002387270797044,-0.0003710760793182,99.0,16.170000076293945,47.3979708,8.5461624,attack,37.58
1776226865.8996625,2026-04-15T04:21:05.899662,normal_hover,2,47.398330579236415,8.54669390857239,2.118000030517578,2.013000011444092,-0.0669629499316215,-0.0127329574897885,-9.21634292602539,-0.0082491775974631,-0.002387270797044,-0.0003710760793182,99.0,16.170000076293945,47.3979708,8.5461624,attack,37.689
1776226866.006609,2026-04-15T04:21:06.006609,normal_hover,2,47.39833160014217,8.546695416775494,2.118000030517578,2.013000011444092,-0.0669629499316215,-0.0127329574897885,-9.21634292602539,-0.0082491775974631,-0.002387270797044,-0.0003710760793182,99.0,16.170000076293945,47.3979708,8.5461624,attack,37.796
1776226866.1145597,2026-04-15T04:21:06.114560,normal_hover,2,47.39833263063416,8.546696939140508,2.118000030517578,2.013000011444092,-0.0669629499316215,-0.0127329574897885,-9.21634292602539,-0.0082491775974631,-0.002387270797044,-0.0003710760793182,99.0,16.170000076293945,47.3979708,8.5461624,attack,37.904
1776226866.2161252,2026-04-15T04:21:06.216125,normal_hover,2,47.398333600174404,8.546698371460383,2.118000030517578,2.013000011444092,-0.0669629499316215,-0.0127329574897885,-9.21634292602539,-0.0082491775974631,-0.002387270797044,-0.0003710760793182,99.0,16.170000076293945,47.3979708,8.5461624,attack,38.006
1776226866.3398492,2026-04-15T04:21:06.339849,normal_hover,2,47.3983346812375,8.546700216265894,2.1730000972747803,2.068000078201294,-0.0669069066643714,-0.0182667486369609,-9.043192863464355,-0.007336460519582,-0.003303179051727,1.449642422812758e-05,99.0,16.170000076293945,47.3979707,8.5461625,attack,38.129
1776226866.4450822,2026-04-15T04:21:06.445082,normal_hover,2,47.39833568578613,8.54670170030431,2.1730000972747803,2.068000078201294,-0.0669069066643714,-0.0182667486369609,-9.043192863464355,-0.007336460519582,-0.003303179051727,1.449642422812758e-05,99.0,16.170000076293945,47.3979707,8.5461625,attack,38.235
1776226866.5610533,2026-04-15T04:21:06.561053,normal_hover,2,47.39833679284047,8.546703335776316,2.1730000972747803,2.068000078201294,-0.0669069066643714,-0.0182667486369609,-9.043192863464355,-0.007336460519582,-0.003303179051727,1.449642422812758e-05,99.0,16.170000076293945,47.3979707,8.5461625,attack,38.351
1776226866.6668303,2026-04-15T04:21:06.666831,normal_hover,2,47.39833780258278,8.54670482748745,2.1730000972747803,2.068000078201294,-0.0669069066643714,-0.0182667486369609,-9.043192863464355,-0.007336460519582,-0.003303179051727,1.449642422812758e-05,99.0,16.170000076293945,47.3979707,8.5461625,attack,38.456
1776226866.768299,2026-04-15T04:21:06.768299,normal_hover,2,47.39833877119899,8.546706258442239,2.1730000972747803,2.068000078201294,-0.0669069066643714,-0.0182667486369609,-9.043192863464355,-0.007336460519582,-0.003303179051727,1.449642422812758e-05,99.0,16.170000076293945,47.3979707,8.5461625,attack,38.558
1776226866.877571,2026-04-15T04:21:06.877571,normal_hover,2,47.398339814304194,8.54670779944099,2.1730000972747803,2.068000078201294,-0.0669069066643714,-0.0182667486369609,-9.043192863464355,-0.007336460519582,-0.003303179051727,1.449642422812758e-05,99.0,16.170000076293945,47.3979707,8.5461625,attack,38.667
1776226866.995557,2026-04-15T04:21:06.995557,normal_hover,2,47.39834094059243,8.546709463327597,2.1730000972747803,2.068000078201294,-0.0669069066643714,-0.0182667486369609,-9.043192863464355,-0.007336460519582,-0.003303179051727,1.449642422812758e-05,99.0,16.170000076293945,47.3979707,8.5461625,attack,38.785
1776226867.1050155,2026-04-15T04:21:07.105016,normal_hover,2,47.39834198547741,8.546711006955647,2.1730000972747803,2.068000078201294,-0.0669069066643714,-0.0182667486369609,-9.043192863464355,-0.007336460519582,-0.003303179051727,1.449642422812758e-05,99.0,16.170000076293945,47.3979707,8.5461625,attack,38.895
1776226867.20842,2026-04-15T04:21:07.208420,normal_hover,2,47.39834297257192,8.546712465208763,2.1730000972747803,2.068000078201294,-0.0669069066643714,-0.0182667486369609,-9.043192863464355,-0.007336460519582,-0.003303179051727,1.449642422812758e-05,99.0,16.170000076293945,47.3979707,8.5461625,attack,38.998
1776226867.3202417,2026-04-15T04:21:07.320241,normal_hover,2,47.398344040015935,8.546714042163702,2.1730000972747803,2.068000078201294,-0.0669069066643714,-0.0182667486369609,-9.043192863464355,-0.007336460519582,-0.003303179051727,1.449642422812758e-05,99.0,16.170000076293945,47.3979707,8.5461625,attack,39.11
1776226867.422137,2026-04-15T04:21:07.422137,normal_hover,2,47.39834491270379,8.546715479132555,2.212000131607056,2.1070001125335693,-0.057931050658226,-0.021900238469243,-9.128012657165527,-0.0110101634636521,-0.0028101040516048,-0.001645907992497,99.0,16.170000076293945,47.3979706,8.5461625,attack,39.212
1776226867.5382276,2026-04-15T04:21:07.538228,normal_hover,2,47.39834602089837,8.54671711628906,2.212000131607056,2.1070001125335693,-0.057931050658226,-0.021900238469243,-9.128012657165527,-0.0110101634636521,-0.0028101040516048,-0.001645907992497,99.0,16.170000076293945,47.3979706,8.5461625,attack,39.328
1776226867.6411033,2026-04-15T04:21:07.641103,normal_hover,2,47.39834700294487,8.546718567084643,2.212000131607056,2.1070001125335693,-0.057931050658226,-0.021900238469243,-9.128012657165527,-0.0110101634636521,-0.0028101040516048,-0.001645907992497,99.0,16.170000076293945,47.3979706,8.5461625,attack,39.431
1776226867.7483068,2026-04-15T04:21:07.748307,normal_hover,2,47.39834802630408,8.546720078912275,2.212000131607056,2.1070001125335693,-0.057931050658226,-0.021900238469243,-9.128012657165527,-0.0110101634636521,-0.0028101040516048,-0.001645907992497,99.0,16.170000076293945,47.3979706,8.5461625,attack,39.538
1776226867.859126,2026-04-15T04:21:07.859126,normal_hover,2,47.398349084180076,8.5467216417322,2.212000131607056,2.1070001125335693,-0.057931050658226,-0.021900238469243,-9.128012657165527,-0.0110101634636521,-0.0028101040516048,-0.001645907992497,99.0,16.170000076293945,47.3979706,8.5461625,attack,39.649
1776226867.968828,2026-04-15T04:21:07.968828,normal_hover,2,47.398350131388774,8.54672318879313,2.212000131607056,2.1070001125335693,-0.057931050658226,-0.021900238469243,-9.128012657165527,-0.0110101634636521,-0.0028101040516048,-0.001645907992497,99.0,16.170000076293945,47.3979706,8.5461625,attack,39.758
1776226868.0761971,2026-04-15T04:21:08.076197,normal_hover,2,47.39835115632976,8.546724702957546,2.212000131607056,2.1070001125335693,-0.057931050658226,-0.021900238469243,-9.128012657165527,-0.0110101634636521,-0.0028101040516048,-0.001645907992497,99.0,16.170000076293945,47.3979706,8.5461625,attack,39.866
1776226868.1779568,2026-04-15T04:21:08.177957,normal_hover,2,47.39835212772262,8.54672613801431,2.212000131607056,2.1070001125335693,-0.057931050658226,-0.021900238469243,-9.128012657165527,-0.0110101634636521,-0.0028101040516048,-0.001645907992497,99.0,16.170000076293945,47.3979706,8.5461625,attack,39.967
1776226868.314398,2026-04-15T04:21:08.314398,normal_hover,2,47.39835343018393,8.546728062164684,2.212000131607056,2.1070001125335693,-0.057931050658226,-0.021900238469243,-9.128012657165527,-0.0110101634636521,-0.0028101040516048,-0.001645907992497,99.0,16.170000076293945,47.3979706,8.5461625,attack,40.104
1776226868.482146,2026-04-15T04:21:08.482146,normal_hover,2,47.39835503149789,8.546730427815636,2.212000131607056,2.1070001125335693,-0.057931050658226,-0.021900238469243,-9.128012657165527,-0.0110101634636521,-0.0028101040516048,-0.001645907992497,99.0,16.170000076293945,47.3979706,8.5461625,attack,40.272
1776226868.5954206,2026-04-15T04:21:08.595421,normal_hover,2,47.398356112811435,8.546732025260289,2.2340002059936523,2.129000186920166,-0.0684886276721954,-0.0130521487444639,-9.316080093383787,-0.0120851192623376,-0.000728792976588,-0.0012826123274862,99.0,16.170000076293945,47.3979706,8.5461625,attack,40.385
1776226868.6972623,2026-04-15T04:21:08.697262,normal_hover,2,47.39835708498721,8.546733461473675,2.2340002059936523,2.129000186920166,-0.0684886276721954,-0.0130521487444639,-9.316080093383787,-0.0120851192623376,-0.000728792976588,-0.0012826123274862,99.0,16.170000076293945,47.3979706,8.5461625,attack,40.487
1776226868.820122,2026-04-15T04:21:08.820122,normal_hover,2,47.398358257800055,8.546735194091946,2.2340002059936523,2.129000186920166,-0.0684886276721954,-0.0130521487444639,-9.316080093383787,-0.0120851192623376,-0.000728792976588,-0.0012826123274862,99.0,16.170000076293945,47.3979706,8.5461625,attack,40.61
1776226868.9815283,2026-04-15T04:21:08.981529,normal_hover,2,47.39835979857649,8.546737470309694,2.2340002059936523,2.129000186920166,-0.0684886276721954,-0.0130521487444639,-9.316080093383787,-0.0120851192623376,-0.000728792976588,-0.0012826123274862,99.0,16.170000076293945,47.3979706,8.5461625,attack,40.771
1776226869.0873473,2026-04-15T04:21:09.087347,normal_hover,2,47.39836080871937,8.546738962612585,2.2340002059936523,2.129000186920166,-0.0684886276721954,-0.0130521487444639,-9.316080093383787,-0.0120851192623376,-0.000728792976588,-0.0012826123274862,99.0,16.170000076293945,47.3979706,8.5461625,attack,40.877
1776226869.1910574,2026-04-15T04:21:09.191057,normal_hover,2,47.39836179873162,8.546740425176138,2.2340002059936523,2.129000186920166,-0.0684886276721954,-0.0130521487444639,-9.316080093383787,-0.0120851192623376,-0.000728792976588,-0.0012826123274862,99.0,16.170000076293945,47.3979706,8.5461625,attack,40.981
1776226869.343646,2026-04-15T04:21:09.343646,normal_hover,2,47.39836325533499,8.546742577043437,2.2340002059936523,2.129000186920166,-0.0684886276721954,-0.0130521487444639,-9.316080093383787,-0.0120851192623376,-0.000728792976588,-0.0012826123274862,99.0,16.170000076293945,47.3979706,8.5461625,attack,41.133
1776226869.4582188,2026-04-15T04:21:09.458219,normal_hover,2,47.39836434904099,8.546744192795687,2.2340002059936523,2.129000186920166,-0.0684886276721954,-0.0130521487444639,-9.316080093383787,-0.0120851192623376,-0.000728792976588,-0.0012826123274862,99.0,16.170000076293945,47.3979706,8.5461625,attack,41.248
1776226869.5910387,2026-04-15T04:21:09.591039,normal_hover,2,47.39836561693317,8.546746065876436,2.2340002059936523,2.129000186920166,-0.0684886276721954,-0.0130521487444639,-9.316080093383787,-0.0120851192623376,-0.000728792976588,-0.0012826123274862,99.0,16.170000076293945,47.3979706,8.5461625,attack,41.381
1776226869.6925783,2026-04-15T04:21:09.692578,normal_hover,2,47.39836658622534,8.546747497829818,2.2340002059936523,2.129000186920166,-0.0684886276721954,-0.0130521487444639,-9.316080093383787,-0.0120851192623376,-0.000728792976588,-0.0012826123274862,99.0,16.170000076293945,47.3979706,8.5461625,attack,41.482
1776226869.8660555,2026-04-15T04:21:09.866056,normal_hover,2,47.39836824222995,8.546749944276286,2.2340002059936523,2.129000186920166,-0.0684886276721954,-0.0130521487444639,-9.316080093383787,-0.0120851192623376,-0.000728792976588,-0.0012826123274862,99.0,16.170000076293945,47.3979706,8.5461625,attack,41.656
1776226869.9906783,2026-04-15T04:21:09.990678,normal_hover,2,47.39836943187331,8.546751701758593,2.2340002059936523,2.129000186920166,-0.0684886276721954,-0.0130521487444639,-9.316080093383787,-0.0120851192623376,-0.000728792976588,-0.0012826123274862,99.0,16.170000076293945,47.3979706,8.5461625,attack,41.78
1776226870.1987708,2026-04-15T04:21:10.198771,normal_hover,2,47.39837141831367,8.546754636363953,2.2340002059936523,2.129000186920166,-0.0684886276721954,-0.0130521487444639,-9.316080093383787,-0.0120851192623376,-0.000728792976588,-0.0012826123274862,99.0,16.170000076293945,47.3979706,8.5461625,attack,41.988
1776226870.4138913,2026-04-15T04:21:10.413891,normal_hover,2,47.39837347184396,8.546757670082515,2.2340002059936523,2.129000186920166,-0.0684886276721954,-0.0130521487444639,-9.316080093383787,-0.0120851192623376,-0.000728792976588,-0.0012826123274862,99.0,16.170000076293945,47.3979706,8.5461625,attack,42.203
1776226870.535923,2026-04-15T04:21:10.535923,normal_hover,2,47.398374636752486,8.546759391023597,2.2340002059936523,2.129000186920166,-0.0684886276721954,-0.0130521487444639,-9.316080093383787,-0.0120851192623376,-0.000728792976588,-0.0012826123274862,99.0,16.170000076293945,47.3979706,8.5461625,attack,42.325
1776226870.7134297,2026-04-15T04:21:10.713429,normal_hover,2,47.39837633122262,8.546761894295905,2.2340002059936523,2.129000186920166,-0.0684886276721954,-0.0130521487444639,-9.316080093383787,-0.0120851192623376,-0.000728792976588,-0.0012826123274862,99.0,16.170000076293945,47.3979706,8.5461625,attack,42.503
1776226870.8202846,2026-04-15T04:21:10.820285,normal_hover,2,47.398377351254425,8.546763401207889,2.2340002059936523,2.129000186920166,-0.0684886276721954,-0.0130521487444639,-9.316080093383787,-0.0120851192623376,-0.000728792976588,-0.0012826123274862,99.0,16.170000076293945,47.3979706,8.5461625,attack,42.61
1776226870.935155,2026-04-15T04:21:10.935155,normal_hover,2,47.39837844780078,8.54676502115626,2.2340002059936523,2.129000186920166,-0.0684886276721954,-0.0130521487444639,-9.316080093383787,-0.0120851192623376,-0.000728792976588,-0.0012826123274862,99.0,16.170000076293945,47.3979706,8.5461625,attack,42.725
1776226871.037907,2026-04-15T04:21:11.037907,normal_hover,2,47.39837942866607,8.54676647020682,2.2340002059936523,2.129000186920166,-0.0684886276721954,-0.0130521487444639,-9.316080093383787,-0.0120851192623376,-0.000728792976588,-0.0012826123274862,99.0,16.170000076293945,47.3979706,8.5461625,attack,42.827
1776226871.1390176,2026-04-15T04:21:11.139018,normal_hover,2,47.39838039386383,8.546767896111467,2.2340002059936523,2.129000186920166,-0.0684886276721954,-0.0130521487444639,-9.316080093383787,-0.0120851192623376,-0.000728792976588,-0.0012826123274862,99.0,16.170000076293945,47.3979706,8.5461625,attack,42.929
1776226871.2818902,2026-04-15T04:21:11.281890,normal_hover,2,47.39838175771842,8.54676991095926,2.2340002059936523,2.129000186920166,-0.0684886276721954,-0.0130521487444639,-9.316080093383787,-0.0120851192623376,-0.000728792976588,-0.0012826123274862,99.0,16.170000076293945,47.3979706,8.5461625,attack,43.071
1776226871.3903942,2026-04-15T04:21:11.390394,normal_hover,2,47.398382793492836,8.546771441128111,2.2340002059936523,2.129000186920166,-0.0684886276721954,-0.0130521487444639,-9.316080093383787,-0.0120851192623376,-0.000728792976588,-0.0012826123274862,99.0,16.170000076293945,47.3979706,8.5461625,attack,43.18
1776226871.493047,2026-04-15T04:21:11.493047,normal_hover,2,47.39838377341133,8.546772888779966,2.2340002059936523,2.129000186920166,-0.0684886276721954,-0.0130521487444639,-9.316080093383787,-0.0120851192623376,-0.000728792976588,-0.0012826123274862,99.0,16.170000076293945,47.3979706,8.5461625,attack,43.283
1776226871.5971434,2026-04-15T04:21:11.597143,normal_hover,2,47.3983847671106,8.546774356790406,2.2340002059936523,2.129000186920166,-0.0684886276721954,-0.0130521487444639,-9.316080093383787,-0.0120851192623376,-0.000728792976588,-0.0012826123274862,99.0,16.170000076293945,47.3979706,8.5461625,attack,43.387
1776226871.7120595,2026-04-15T04:21:11.712060,normal_hover,2,47.39838586409393,8.546775977384334,2.2340002059936523,2.129000186920166,-0.0684886276721954,-0.0130521487444639,-9.316080093383787,-0.0120851192623376,-0.000728792976588,-0.0012826123274862,99.0,16.170000076293945,47.3979706,8.5461625,attack,43.502
1776226871.9459095,2026-04-15T04:21:11.945910,normal_hover,2,47.39838809641462,8.54677927523328,2.2340002059936523,2.129000186920166,-0.0684886276721954,-0.0130521487444639,-9.316080093383787,-0.0120851192623376,-0.000728792976588,-0.0012826123274862,99.0,16.170000076293945,47.3979706,8.5461625,attack,43.735
1776226872.0640416,2026-04-15T04:21:12.064042,normal_hover,2,47.398389224098004,8.54678094118096,2.2340002059936523,2.129000186920166,-0.0684886276721954,-0.0130521487444639,-9.316080093383787,-0.0120851192623376,-0.000728792976588,-0.0012826123274862,99.0,16.170000076293945,47.3979706,8.5461625,attack,43.854
1776226872.17968,2026-04-15T04:21:12.179680,normal_hover,2,47.39839032797742,8.546782571962588,2.2340002059936523,2.129000186920166,-0.0684886276721954,-0.0130521487444639,-9.316080093383787,-0.0120851192623376,-0.000728792976588,-0.0012826123274862,99.0,16.170000076293945,47.3979706,8.5461625,attack,43.969
1776226872.298555,2026-04-15T04:21:12.298555,normal_hover,2,47.39839146275033,8.546784248383762,2.2340002059936523,2.129000186920166,-0.0684886276721954,-0.0130521487444639,-9.316080093383787,-0.0120851192623376,-0.000728792976588,-0.0012826123274862,99.0,16.170000076293945,47.3979706,8.5461625,attack,44.088
1776226872.51526,2026-04-15T04:21:12.515260,normal_hover,2,47.39839353140647,8.546787304448015,2.2340002059936523,2.129000186920166,-0.0684886276721954,-0.0130521487444639,-9.316080093383787,-0.0120851192623376,-0.000728792976588,-0.0012826123274862,99.0,16.170000076293945,47.3979706,8.5461625,attack,44.305
1776226872.6579816,2026-04-15T04:21:12.657982,normal_hover,2,47.39839489382039,8.546789317167486,2.2340002059936523,2.129000186920166,-0.0684886276721954,-0.0130521487444639,-9.316080093383787,-0.0120851192623376,-0.000728792976588,-0.0012826123274862,99.0,16.170000076293945,47.3979706,8.5461625,attack,44.448
1776226872.9380546,2026-04-15T04:21:12.938055,normal_hover,2,47.39839746738285,8.546793366869943,2.247000217437744,2.1430001258850098,-0.0686422511935234,-0.0038669405039399,-9.56371021270752,-0.0037445609923452,-4.075471588294022e-05,-0.0024462065193802,99.0,16.170000076293945,47.3979705,8.546162599999999,attack,44.728
1776226873.050927,2026-04-15T04:21:13.050927,normal_hover,2,47.3983985448569,8.546794958642431,2.247000217437744,2.1430001258850098,-0.0686422511935234,-0.0038669405039399,-9.56371021270752,-0.0037445609923452,-4.075471588294022e-05,-0.0024462065193802,99.0,16.170000076293945,47.3979705,8.546162599999999,attack,44.84
1776226873.177927,2026-04-15T04:21:13.177927,normal_hover,2,47.39839975719358,8.546796749649998,2.247000217437744,2.1430001258850098,-0.0686422511935234,-0.0038669405039399,-9.56371021270752,-0.0037445609923452,-4.075471588294022e-05,-0.0024462065193802,99.0,16.170000076293945,47.3979705,8.546162599999999,attack,44.967
1776226873.2815022,2026-04-15T04:21:13.281502,normal_hover,2,47.398400745917655,8.546798210310497,2.247000217437744,2.1430001258850098,-0.0686422511935234,-0.0038669405039399,-9.56371021270752,-0.0037445609923452,-4.075471588294022e-05,-0.0024462065193802,99.0,16.170000076293945,47.3979705,8.546162599999999,attack,45.071
1776226874.0683365,2026-04-15T04:21:14.068336,normal_hover,2,47.39840825699883,8.54680930657066,2.247000217437744,2.1430001258850098,-0.0686422511935234,-0.0038669405039399,-9.56371021270752,-0.0037445609923452,-4.075471588294022e-05,-0.0024462065193802,99.0,16.170000076293945,47.3979705,8.546162599999999,attack,45.858
1776226874.3044934,2026-04-15T04:21:14.304493,normal_hover,2,47.39841051134143,8.54681263695299,2.247000217437744,2.1430001258850098,-0.0686422511935234,-0.0038669405039399,-9.56371021270752,-0.0037445609923452,-4.075471588294022e-05,-0.0024462065193802,99.0,16.170000076293945,47.3979705,8.546162599999999,attack,46.094
1776226874.4433122,2026-04-15T04:21:14.443312,normal_hover,2,47.39841183649835,8.546814594631986,2.247000217437744,2.1430001258850098,-0.0686422511935234,-0.0038669405039399,-9.56371021270752,-0.0037445609923452,-4.075471588294022e-05,-0.0024462065193802,99.0,16.170000076293945,47.3979705,8.546162599999999,attack,46.233
1776226874.5671082,2026-04-15T04:21:14.567108,normal_hover,2,47.398413018248775,8.546816340453914,2.247000217437744,2.1430001258850098,-0.0686422511935234,-0.0038669405039399,-9.56371021270752,-0.0037445609923452,-4.075471588294022e-05,-0.0024462065193802,99.0,16.170000076293945,47.3979705,8.546162599999999,attack,46.357
1776226874.6808484,2026-04-15T04:21:14.680848,normal_hover,2,47.398414104007216,8.546817944465088,2.247000217437744,2.1430001258850098,-0.0686422511935234,-0.0038669405039399,-9.56371021270752,-0.0037445609923452,-4.075471588294022e-05,-0.0024462065193802,99.0,16.170000076293945,47.3979705,8.546162599999999,attack,46.47
1776226874.7933197,2026-04-15T04:21:14.793320,normal_hover,2,47.39841517765315,8.546819530582226,2.247000217437744,2.1430001258850098,-0.0686422511935234,-0.0038669405039399,-9.56371021270752,-0.0037445609923452,-4.075471588294022e-05,-0.0024462065193802,99.0,16.170000076293945,47.3979705,8.546162599999999,attack,46.583
1776226874.9462852,2026-04-15T04:21:14.946285,normal_hover,2,47.398416637854766,8.546821687765283,2.247000217437744,2.1430001258850098,-0.0686422511935234,-0.0038669405039399,-9.56371021270752,-0.0037445609923452,-4.075471588294022e-05,-0.0024462065193802,99.0,16.170000076293945,47.3979705,8.546162599999999,attack,46.736
1776226875.0472918,2026-04-15T04:21:15.047292,normal_hover,2,47.39841760205795,8.546823112200611,2.247000217437744,2.1430001258850098,-0.0686422511935234,-0.0038669405039399,-9.56371021270752,-0.0037445609923452,-4.075471588294022e-05,-0.0024462065193802,99.0,16.170000076293945,47.3979705,8.546162599999999,attack,46.837
1776226875.1493046,2026-04-15T04:21:15.149305,normal_hover,2,47.398418575867844,8.546824550828111,2.247000217437744,2.1430001258850098,-0.0686422511935234,-0.0038669405039399,-9.56371021270752,-0.0037445609923452,-4.075471588294022e-05,-0.0024462065193802,99.0,16.170000076293945,47.3979705,8.546162599999999,attack,46.939
1776226875.25543,2026-04-15T04:21:15.255430,normal_hover,2,47.39841958893529,8.546826047451525,2.247000217437744,2.1430001258850098,-0.0686422511935234,-0.0038669405039399,-9.56371021270752,-0.0037445609923452,-4.075471588294022e-05,-0.0024462065193802,99.0,16.170000076293945,47.3979705,8.546162599999999,attack,47.045
1776226875.35729,2026-04-15T04:21:15.357290,normal_hover,2,47.39842056128631,8.546827483923805,2.247000217437744,2.1430001258850098,-0.0686422511935234,-0.0038669405039399,-9.56371021270752,-0.0037445609923452,-4.075471588294022e-05,-0.0024462065193802,99.0,16.170000076293945,47.3979705,8.546162599999999,attack,47.147
1776226875.4781675,2026-04-15T04:21:15.478168,normal_hover,2,47.39842171517705,8.546829188588102,2.247000217437744,2.1430001258850098,-0.0686422511935234,-0.0038669405039399,-9.56371021270752,-0.0037445609923452,-4.075471588294022e-05,-0.0024462065193802,99.0,16.170000076293945,47.3979705,8.546162599999999,attack,47.268
1776226875.5820446,2026-04-15T04:21:15.582045,normal_hover,2,47.39842270678246,8.546830653505245,2.247000217437744,2.1430001258850098,-0.0686422511935234,-0.0038669405039399,-9.56371021270752,-0.0037445609923452,-4.075471588294022e-05,-0.0024462065193802,99.0,16.170000076293945,47.3979705,8.546162599999999,attack,47.372
1776226875.704795,2026-04-15T04:21:15.704795,normal_hover,2,47.39842387855065,8.546832384580226,2.247000217437744,2.1430001258850098,-0.0686422511935234,-0.0038669405039399,-9.56371021270752,-0.0037445609923452,-4.075471588294022e-05,-0.0024462065193802,99.0,16.170000076293945,47.3979705,8.546162599999999,attack,47.494
1776226875.810974,2026-04-15T04:21:15.810974,normal_hover,2,47.39842489213018,8.546833881960152,2.247000217437744,2.1430001258850098,-0.0686422511935234,-0.0038669405039399,-9.56371021270752,-0.0037445609923452,-4.075471588294022e-05,-0.0024462065193802,99.0,16.170000076293945,47.3979705,8.546162599999999,attack,47.601
1776226875.916732,2026-04-15T04:21:15.916732,normal_hover,2,47.39842590169269,8.54683537340566,2.247000217437744,2.1430001258850098,-0.0686422511935234,-0.0038669405039399,-9.56371021270752,-0.0037445609923452,-4.075471588294022e-05,-0.0024462065193802,99.0,16.170000076293945,47.3979705,8.546162599999999,attack,47.706
1776226876.028189,2026-04-15T04:21:16.028189,normal_hover,2,47.39842696565453,8.54683694521631,2.247000217437744,2.1430001258850098,-0.0686422511935234,-0.0038669405039399,-9.56371021270752,-0.0037445609923452,-4.075471588294022e-05,-0.0024462065193802,99.0,16.170000076293945,47.3979705,8.546162599999999,attack,47.818
1776226876.1423385,2026-04-15T04:21:16.142339,normal_hover,2,47.39842805532075,8.546838555000514,2.247000217437744,2.1430001258850098,-0.0686422511935234,-0.0038669405039399,-9.56371021270752,-0.0037445609923452,-4.075471588294022e-05,-0.0024462065193802,99.0,16.170000076293945,47.3979705,8.546162599999999,attack,47.932
1776226876.2442002,2026-04-15T04:21:16.244200,normal_hover,2,47.398429027687705,8.546839991496329,2.247000217437744,2.1430001258850098,-0.0686422511935234,-0.0038669405039399,-9.56371021270752,-0.0037445609923452,-4.075471588294022e-05,-0.0024462065193802,99.0,16.170000076293945,47.3979705,8.546162599999999,attack,48.034
1776226876.3745024,2026-04-15T04:21:16.374502,normal_hover,2,47.39843027154604,8.54684182907143,2.245000123977661,2.140000104904175,-0.0739874243736267,-0.0029319103341549,-9.79647445678711,-0.0002036159712588,0.001691163983196,-0.0007276087417267,99.0,16.170000076293945,47.3979705,8.546162599999999,attack,48.164
1776226876.4898884,2026-04-15T04:21:16.489888,normal_hover,2,47.39843137301524,8.546843456292404,2.245000123977661,2.140000104904175,-0.0739874243736267,-0.0029319103341549,-9.79647445678711,-0.0002036159712588,0.001691163983196,-0.0007276087417267,99.0,16.170000076293945,47.3979705,8.546162599999999,attack,48.279
1776226876.611228,2026-04-15T04:21:16.611228,normal_hover,2,47.39843253131674,8.546845167472792,2.245000123977661,2.140000104904175,-0.0739874243736267,-0.0029319103341549,-9.79647445678711,-0.0002036159712588,0.001691163983196,-0.0007276087417267,99.0,16.170000076293945,47.3979705,8.546162599999999,attack,48.401
1776226876.7377372,2026-04-15T04:21:16.737737,normal_hover,2,47.39843373896728,8.546846951557432,2.245000123977661,2.140000104904175,-0.0739874243736267,-0.0029319103341549,-9.79647445678711,-0.0002036159712588,0.001691163983196,-0.0007276087417267,99.0,16.170000076293945,47.3979705,8.546162599999999,attack,48.527
1776226876.8429186,2026-04-15T04:21:16.842919,normal_hover,2,47.39843474302431,8.546848434869592,2.245000123977661,2.140000104904175,-0.0739874243736267,-0.0029319103341549,-9.79647445678711,-0.0002036159712588,0.001691163983196,-0.0007276087417267,99.0,16.170000076293945,47.3979705,8.546162599999999,attack,48.632
1776226876.9461534,2026-04-15T04:21:16.946153,normal_hover,2,47.398435728498356,8.54684989072876,2.245000123977661,2.140000104904175,-0.0739874243736267,-0.0029319103341549,-9.79647445678711,-0.0002036159712588,0.001691163983196,-0.0007276087417267,99.0,16.170000076293945,47.3979705,8.546162599999999,attack,48.736
1776226877.0597908,2026-04-15T04:21:17.059791,normal_hover,2,47.39843681327587,8.546851493290795,2.245000123977661,2.140000104904175,-0.0739874243736267,-0.0029319103341549,-9.79647445678711,-0.0002036159712588,0.001691163983196,-0.0007276087417267,99.0,16.170000076293945,47.3979705,8.546162599999999,attack,48.849
1776226877.196289,2026-04-15T04:21:17.196289,normal_hover,2,47.398438116281135,8.546853418244748,2.245000123977661,2.140000104904175,-0.0739874243736267,-0.0029319103341549,-9.79647445678711,-0.0002036159712588,0.001691163983196,-0.0007276087417267,99.0,16.170000076293945,47.3979705,8.546162599999999,attack,48.986
1776226877.3087757,2026-04-15T04:21:17.308776,normal_hover,2,47.39843919007273,8.546855004577072,2.245000123977661,2.140000104904175,-0.0739874243736267,-0.0029319103341549,-9.79647445678711,-0.0002036159712588,0.001691163983196,-0.0007276087417267,99.0,16.170000076293945,47.3979705,8.546162599999999,attack,49.098
1776226877.4513574,2026-04-15T04:21:17.451357,normal_hover,2,47.39844055115067,8.546857015322882,2.245000123977661,2.140000104904175,-0.0739874243736267,-0.0029319103341549,-9.79647445678711,-0.0002036159712588,0.001691163983196,-0.0007276087417267,99.0,16.170000076293945,47.3979705,8.546162599999999,attack,49.241
1776226877.5693753,2026-04-15T04:21:17.569375,normal_hover,2,47.39844167774389,8.54685867966003,2.245000123977661,2.140000104904175,-0.0739874243736267,-0.0029319103341549,-9.79647445678711,-0.0002036159712588,0.001691163983196,-0.0007276087417267,99.0,16.170000076293945,47.3979705,8.546162599999999,attack,49.359
1776226877.6920197,2026-04-15T04:21:17.692020,normal_hover,2,47.39844284850157,8.546860409242159,2.245000123977661,2.140000104904175,-0.0739874243736267,-0.0029319103341549,-9.79647445678711,-0.0002036159712588,0.001691163983196,-0.0007276087417267,99.0,16.170000076293945,47.3979705,8.546162599999999,attack,49.482
1776226877.8187308,2026-04-15T04:21:17.818731,normal_hover,2,47.39844405807982,8.546862196174647,2.245000123977661,2.140000104904175,-0.0739874243736267,-0.0029319103341549,-9.79647445678711,-0.0002036159712588,0.001691163983196,-0.0007276087417267,99.0,16.170000076293945,47.3979705,8.546162599999999,attack,49.608
1776226877.9383397,2026-04-15T04:21:17.938339,normal_hover,2,47.398445199860326,8.546863882948267,2.245000123977661,2.140000104904175,-0.0739874243736267,-0.0029319103341549,-9.79647445678711,-0.0002036159712588,0.001691163983196,-0.0007276087417267,99.0,16.170000076293945,47.3979705,8.546162599999999,attack,49.728
1776226878.0508916,2026-04-15T04:21:18.050892,normal_hover,2,47.39844627427552,8.546865470201855,2.245000123977661,2.140000104904175,-0.0739874243736267,-0.0029319103341549,-9.79647445678711,-0.0002036159712588,0.001691163983196,-0.0007276087417267,99.0,16.170000076293945,47.3979705,8.546162599999999,attack,49.84
1776226878.1517506,2026-04-15T04:21:18.151751,normal_hover,2,47.3984472370699,8.546866892555935,2.245000123977661,2.140000104904175,-0.0739874243736267,-0.0029319103341549,-9.79647445678711,-0.0002036159712588,0.001691163983196,-0.0007276087417267,99.0,16.170000076293945,47.3979705,8.546162599999999,attack,49.941
