timestamp_unix_s,timestamp_iso,scenario,run_id,lat_deg,lon_deg,abs_alt_m,rel_alt_m,accel_x_mps2,accel_y_mps2,accel_z_mps2,gyro_x_rps,gyro_y_rps,gyro_z_rps,battery_remaining_pct,battery_voltage_v,true_lat_deg,true_lon_deg,label,attack_elapsed_s
1772701830.2639468,2026-03-05T09:10:30.263947,square,1,,,,,,,,,,,,,,,normal,0.0
1772701830.3662722,2026-03-05T09:10:30.366272,square,1,,,,,,,,,,,,,,,normal,0.0
1772701830.4671316,2026-03-05T09:10:30.467132,square,1,,,,,,,,,,,,,,,normal,0.0
1772701830.5681086,2026-03-05T09:10:30.568109,square,1,,,,,,,,,,,,,,,normal,0.0
1772701830.6719909,2026-03-05T09:10:30.671991,square,1,,,,,,,,,,,,,,,normal,0.0
1772701830.7729497,2026-03-05T09:10:30.772949,square,1,,,,,,,,,,,,,,,normal,0.0
1772701830.8753452,2026-03-05T09:10:30.875345,square,1,,,,,,,,,,,,,,,normal,0.0
1772701830.9772685,2026-03-05T09:10:30.977268,square,1,47.397971,8.5461646,0.0950000062584877,-0.1150000020861625,0.0011795395985245,0.0005381418159231,-9.694608688354492,-0.0006495157140307,0.0005421160021796,0.0005579565186053,,,47.397971,8.5461646,normal,0.0
1772701831.0788362,2026-03-05T09:10:31.078836,square,1,47.397971,8.5461646,0.0950000062584877,-0.1150000020861625,0.0011795395985245,0.0005381418159231,-9.694608688354492,-0.0006495157140307,0.0005421160021796,0.0005579565186053,,,47.397971,8.5461646,normal,0.0
1772701831.185499,2026-03-05T09:10:31.185499,square,1,47.397971,8.5461646,0.101000003516674,-0.1090000048279762,-0.0017348821274936,0.0010178969241678,-9.69740867614746,0.0002456732327118,-0.0008427411667071,-0.0004255372623447,,,47.397971,8.5461646,normal,0.0
1772701831.2892332,2026-03-05T09:10:31.289233,square,1,47.397971,8.5461646,0.101000003516674,-0.1090000048279762,-0.0017348821274936,0.0010178969241678,-9.69740867614746,0.0002456732327118,-0.0008427411667071,-0.0004255372623447,,,47.397971,8.5461646,normal,0.0
1772701831.396289,2026-03-05T09:10:31.396289,square,1,47.397971,8.5461646,0.1030000075697898,-0.1070000082254409,-0.0026498869992792,0.0131564866751432,-9.693153381347656,0.0007389168604277,-0.0014920161338523,0.0003286219143774,,,47.397971,8.5461646,normal,0.0
1772701831.49883,2026-03-05T09:10:31.498830,square,1,47.397971,8.5461646,0.1030000075697898,-0.1070000082254409,-0.0026498869992792,0.0131564866751432,-9.693153381347656,0.0007389168604277,-0.0014920161338523,0.0003286219143774,,,47.397971,8.5461646,normal,0.0
1772701831.6051085,2026-03-05T09:10:31.605108,square,1,47.397971,8.5461646,0.1030000075697898,-0.1070000082254409,-0.0026498869992792,0.0131564866751432,-9.693153381347656,0.0007389168604277,-0.0014920161338523,0.0003286219143774,,,47.397971,8.5461646,normal,0.0
1772701831.7200928,2026-03-05T09:10:31.720093,square,1,47.397971,8.5461646,0.1030000075697898,-0.1070000082254409,-0.0026498869992792,0.0131564866751432,-9.693153381347656,0.0007389168604277,-0.0014920161338523,0.0003286219143774,,,47.397971,8.5461646,normal,0.0
1772701831.821998,2026-03-05T09:10:31.821998,square,1,47.397971,8.5461646,0.1070000082254409,-0.1020000055432319,0.0062465574592351,0.0084485225379467,-9.690889358520508,8.364202221855521e-05,-8.87350324774161e-06,-0.001110128709115,,,47.397971,8.5461646,normal,0.0
1772701831.9229925,2026-03-05T09:10:31.922992,square,1,47.397971,8.5461646,0.1070000082254409,-0.1020000055432319,0.0062465574592351,0.0084485225379467,-9.690889358520508,8.364202221855521e-05,-8.87350324774161e-06,-0.001110128709115,,,47.397971,8.5461646,normal,0.0
1772701832.0448446,2026-03-05T09:10:32.044845,square,1,47.397971,8.5461646,0.1070000082254409,-0.1020000055432319,0.0062465574592351,0.0084485225379467,-9.690889358520508,8.364202221855521e-05,-8.87350324774161e-06,-0.001110128709115,,,47.397971,8.5461646,normal,0.0
1772701832.148171,2026-03-05T09:10:32.148171,square,1,47.397971,8.5461646,0.1070000082254409,-0.1020000055432319,0.0062465574592351,0.0084485225379467,-9.690889358520508,8.364202221855521e-05,-8.87350324774161e-06,-0.001110128709115,,,47.397971,8.5461646,normal,0.0
1772701832.250991,2026-03-05T09:10:32.250991,square,1,47.397971,8.5461646,0.111000008881092,-0.0980000048875808,-0.0035252878442406,0.0035588340833783,-9.694323539733888,0.0006635104655288,-0.0007105426047928,0.0005341513315215,,,47.397971,8.5461646,normal,0.0
1772701832.3530104,2026-03-05T09:10:32.353010,square,1,47.397971,8.5461646,0.111000008881092,-0.0980000048875808,-0.0035252878442406,0.0035588340833783,-9.694323539733888,0.0006635104655288,-0.0007105426047928,0.0005341513315215,,,47.397971,8.5461646,normal,0.0
1772701832.463201,2026-03-05T09:10:32.463201,square,1,47.397971,8.5461646,0.111000008881092,-0.0980000048875808,-0.0035252878442406,0.0035588340833783,-9.694323539733888,0.0006635104655288,-0.0007105426047928,0.0005341513315215,,,47.397971,8.5461646,normal,0.0
1772701832.568998,2026-03-05T09:10:32.568998,square,1,47.397971,8.5461646,0.111000008881092,-0.0980000048875808,-0.0035252878442406,0.0035588340833783,-9.694323539733888,0.0006635104655288,-0.0007105426047928,0.0005341513315215,,,47.397971,8.5461646,normal,0.0
1772701832.6760907,2026-03-05T09:10:32.676091,square,1,47.397971,8.5461646,0.111000008881092,-0.0980000048875808,-0.0035252878442406,0.0035588340833783,-9.694323539733888,0.0006635104655288,-0.0007105426047928,0.0005341513315215,,,47.397971,8.5461646,normal,0.0
1772701832.778539,2026-03-05T09:10:32.778539,square,1,47.397971,8.5461646,0.1140000075101852,-0.096000000834465,-0.0008307671523652,0.0050255716778337,-9.70138931274414,0.0012582613853737,0.0008087463211268,-0.0004767010104842,,,47.397971,8.5461646,normal,0.0
1772701832.8823516,2026-03-05T09:10:32.882352,square,1,47.397971,8.5461646,0.1140000075101852,-0.096000000834465,-0.0008307671523652,0.0050255716778337,-9.70138931274414,0.0012582613853737,0.0008087463211268,-0.0004767010104842,,,47.397971,8.5461646,normal,0.0
1772701832.9839346,2026-03-05T09:10:32.983935,square,1,47.397971,8.5461646,0.1140000075101852,-0.096000000834465,-0.0008307671523652,0.0050255716778337,-9.70138931274414,0.0012582613853737,0.0008087463211268,-0.0004767010104842,,,47.397971,8.5461646,normal,0.0
1772701833.089291,2026-03-05T09:10:33.089291,square,1,47.397971,8.5461646,0.1140000075101852,-0.096000000834465,-0.0008307671523652,0.0050255716778337,-9.70138931274414,0.0012582613853737,0.0008087463211268,-0.0004767010104842,,,47.397971,8.5461646,normal,0.0
1772701833.1923814,2026-03-05T09:10:33.192381,square,1,47.397971,8.5461646,0.1170000061392784,-0.0920000076293945,0.004576442297548,0.0070643764920532,-9.698301315307615,-0.0001282605808228,0.0005084127769805,-0.0008307818206958,,,47.397971,8.5461646,normal,0.0
1772701833.294296,2026-03-05T09:10:33.294296,square,1,47.397971,8.5461646,0.1170000061392784,-0.0920000076293945,0.004576442297548,0.0070643764920532,-9.698301315307615,-0.0001282605808228,0.0005084127769805,-0.0008307818206958,,,47.397971,8.5461646,normal,0.0
1772701833.3962286,2026-03-05T09:10:33.396229,square,1,47.397971,8.5461646,0.1170000061392784,-0.0920000076293945,0.004576442297548,0.0070643764920532,-9.698301315307615,-0.0001282605808228,0.0005084127769805,-0.0008307818206958,,,47.397971,8.5461646,normal,0.0
1772701833.5000763,2026-03-05T09:10:33.500076,square,1,47.397971,8.5461646,0.1170000061392784,-0.0920000076293945,0.004576442297548,0.0070643764920532,-9.698301315307615,-0.0001282605808228,0.0005084127769805,-0.0008307818206958,,,47.397971,8.5461646,normal,0.0
1772701833.6032405,2026-03-05T09:10:33.603240,square,1,47.397971,8.5461646,0.1170000061392784,-0.0920000076293945,0.004576442297548,0.0070643764920532,-9.698301315307615,-0.0001282605808228,0.0005084127769805,-0.0008307818206958,,,47.397971,8.5461646,normal,0.0
1772701833.706139,2026-03-05T09:10:33.706139,square,1,47.397971,8.5461646,0.1170000061392784,-0.0920000076293945,0.004576442297548,0.0070643764920532,-9.698301315307615,-0.0001282605808228,0.0005084127769805,-0.0008307818206958,,,47.397971,8.5461646,normal,0.0
1772701833.8174975,2026-03-05T09:10:33.817497,square,1,47.397971,8.5461646,0.1200000047683715,-0.0900000035762786,-0.0008225864148698,-0.004881368484348,-9.704906463623049,-0.0013322674203664,-9.083359327632934e-05,-0.000678347016219,,,47.397971,8.5461646,normal,0.0
1772701833.927107,2026-03-05T09:10:33.927107,square,1,47.397971,8.5461646,0.1200000047683715,-0.0900000035762786,-0.0008225864148698,-0.004881368484348,-9.704906463623049,-0.0013322674203664,-9.083359327632934e-05,-0.000678347016219,,,47.397971,8.5461646,normal,0.0
1772701834.0279996,2026-03-05T09:10:34.028000,square,1,47.397971,8.5461646,0.1200000047683715,-0.0900000035762786,-0.0008225864148698,-0.004881368484348,-9.704906463623049,-0.0013322674203664,-9.083359327632934e-05,-0.000678347016219,,,47.397971,8.5461646,normal,0.0
1772701834.12918,2026-03-05T09:10:34.129180,square,1,47.397971,8.5461646,0.1200000047683715,-0.0900000035762786,-0.0008225864148698,-0.004881368484348,-9.704906463623049,-0.0013322674203664,-9.083359327632934e-05,-0.000678347016219,,,47.397971,8.5461646,normal,0.0
1772701834.2411156,2026-03-05T09:10:34.241116,square,1,47.397971,8.5461646,0.1200000047683715,-0.0900000035762786,-0.0008225864148698,-0.004881368484348,-9.704906463623049,-0.0013322674203664,-9.083359327632934e-05,-0.000678347016219,,,47.397971,8.5461646,normal,0.0
1772701834.3502889,2026-03-05T09:10:34.350289,square,1,47.397971,8.5461646,0.1220000088214874,-0.0880000069737434,-0.00220432667993,0.0053290934301912,-9.696718215942385,-0.0002437518560327,-0.0011822212254628,0.0002533918013796,,,47.397971,8.5461646,normal,0.0
1772701834.4524322,2026-03-05T09:10:34.452432,square,1,47.397971,8.5461646,0.1220000088214874,-0.0880000069737434,-0.00220432667993,0.0053290934301912,-9.696718215942385,-0.0002437518560327,-0.0011822212254628,0.0002533918013796,100.0,16.200000762939453,47.397971,8.5461646,normal,0.0
1772701834.574055,2026-03-05T09:10:34.574055,square,1,47.397971,8.5461646,0.1220000088214874,-0.0880000069737434,-0.00220432667993,0.0053290934301912,-9.696718215942385,-0.0002437518560327,-0.0011822212254628,0.0002533918013796,100.0,16.200000762939453,47.397971,8.5461646,normal,0.0
1772701834.6780992,2026-03-05T09:10:34.678099,square,1,47.397971,8.5461646,0.1260000020265579,-0.0840000063180923,0.0002003004774451,0.0041796793229877,-9.697989463806152,-6.258442590478808e-05,0.0005760781350545,0.0001078382774721,100.0,16.200000762939453,47.397971,8.5461646,normal,0.0
1772701834.7811773,2026-03-05T09:10:34.781177,square,1,47.397971,8.5461646,0.1260000020265579,-0.0840000063180923,0.0002003004774451,0.0041796793229877,-9.697989463806152,-6.258442590478808e-05,0.0005760781350545,0.0001078382774721,100.0,16.200000762939453,47.397971,8.5461646,normal,0.0
1772701834.8840415,2026-03-05T09:10:34.884042,square,1,47.397971,8.5461646,0.1260000020265579,-0.0840000063180923,0.0002003004774451,0.0041796793229877,-9.697989463806152,-6.258442590478808e-05,0.0005760781350545,0.0001078382774721,100.0,16.200000762939453,47.397971,8.5461646,normal,0.0
1772701835.0482504,2026-03-05T09:10:35.048250,square,1,47.397971,8.5461646,0.1260000020265579,-0.0840000063180923,0.0002003004774451,0.0041796793229877,-9.697989463806152,-6.258442590478808e-05,0.0005760781350545,0.0001078382774721,100.0,16.200000762939453,47.397971,8.5461646,normal,0.0
1772701835.152505,2026-03-05T09:10:35.152505,square,1,47.397971,8.5461646,0.1260000020265579,-0.0840000063180923,0.0002003004774451,0.0041796793229877,-9.697989463806152,-6.258442590478808e-05,0.0005760781350545,0.0001078382774721,100.0,16.200000762939453,47.397971,8.5461646,normal,0.0
1772701835.2544422,2026-03-05T09:10:35.254442,square,1,47.397971,8.5461646,0.1260000020265579,-0.0840000063180923,0.0002003004774451,0.0041796793229877,-9.697989463806152,-6.258442590478808e-05,0.0005760781350545,0.0001078382774721,100.0,16.200000762939453,47.397971,8.5461646,normal,0.0
1772701835.361988,2026-03-05T09:10:35.361988,square,1,47.397971,8.5461646,0.1260000020265579,-0.0840000063180923,0.0002003004774451,0.0041796793229877,-9.697989463806152,-6.258442590478808e-05,0.0005760781350545,0.0001078382774721,100.0,16.200000762939453,47.397971,8.5461646,normal,0.0
1772701835.50611,2026-03-05T09:10:35.506110,square,1,47.397971,8.5461646,0.1260000020265579,-0.0840000063180923,0.0002003004774451,0.0041796793229877,-9.697989463806152,-6.258442590478808e-05,0.0005760781350545,0.0001078382774721,100.0,16.200000762939453,47.397971,8.5461646,normal,0.0
1772701835.636016,2026-03-05T09:10:35.636016,square,1,47.397971,8.5461646,0.1260000020265579,-0.0840000063180923,0.0002003004774451,0.0041796793229877,-9.697989463806152,-6.258442590478808e-05,0.0005760781350545,0.0001078382774721,100.0,16.200000762939453,47.397971,8.5461646,normal,0.0
1772701835.7434592,2026-03-05T09:10:35.743459,square,1,47.397971,8.5461646,0.1290000081062317,-0.0800000056624412,-0.0060119573026895,-0.003802953287959,-9.70615005493164,-4.4370058276399504e-06,-0.0006170534761622,0.0006205947138369,100.0,16.200000762939453,47.397971,8.5461646,normal,0.0
1772701835.845491,2026-03-05T09:10:35.845491,square,1,47.397971,8.5461646,0.1290000081062317,-0.0800000056624412,-0.0060119573026895,-0.003802953287959,-9.70615005493164,-4.4370058276399504e-06,-0.0006170534761622,0.0006205947138369,100.0,16.200000762939453,47.397971,8.5461646,normal,0.0
1772701835.97236,2026-03-05T09:10:35.972360,square,1,47.397971,8.5461646,0.1290000081062317,-0.0800000056624412,-0.0060119573026895,-0.003802953287959,-9.70615005493164,-4.4370058276399504e-06,-0.0006170534761622,0.0006205947138369,100.0,16.200000762939453,47.397971,8.5461646,normal,0.0
1772701836.105146,2026-03-05T09:10:36.105146,square,1,47.397971,8.5461646,0.1290000081062317,-0.0800000056624412,-0.0060119573026895,-0.003802953287959,-9.70615005493164,-4.4370058276399504e-06,-0.0006170534761622,0.0006205947138369,100.0,16.200000762939453,47.397971,8.5461646,normal,0.0
1772701836.2090874,2026-03-05T09:10:36.209087,square,1,47.397971,8.5461646,0.1290000081062317,-0.0800000056624412,-0.0060119573026895,-0.003802953287959,-9.70615005493164,-4.4370058276399504e-06,-0.0006170534761622,0.0006205947138369,100.0,16.200000762939453,47.397971,8.5461646,normal,0.0
1772701836.3111074,2026-03-05T09:10:36.311107,square,1,47.397971,8.5461646,0.1290000081062317,-0.0800000056624412,-0.0060119573026895,-0.003802953287959,-9.70615005493164,-4.4370058276399504e-06,-0.0006170534761622,0.0006205947138369,100.0,16.200000762939453,47.397971,8.5461646,normal,0.0
1772701836.414297,2026-03-05T09:10:36.414297,square,1,47.397971,8.5461646,0.1310000121593475,-0.0780000016093254,0.0030782055109739,-0.0018001273274421,-9.699456214904783,-0.0010357229039072,5.953096115263179e-05,0.0003718429652508,100.0,16.200000762939453,47.397971,8.5461646,normal,0.0
1772701836.5198357,2026-03-05T09:10:36.519835,square,1,47.397971,8.5461646,0.1310000121593475,-0.0780000016093254,0.0030782055109739,-0.0018001273274421,-9.699456214904783,-0.0010357229039072,5.953096115263179e-05,0.0003718429652508,100.0,16.200000762939453,47.397971,8.5461646,normal,0.0
1772701836.621925,2026-03-05T09:10:36.621925,square,1,47.397971,8.5461646,0.1330000013113021,-0.0760000050067901,0.0019068192923441,0.0026843207888305,-9.697800636291504,7.331433153012767e-05,0.0004111216403543,0.0006120200851,100.0,16.200000762939453,47.397971,8.5461646,normal,0.0
1772701836.7272518,2026-03-05T09:10:36.727252,square,1,47.397971,8.5461646,0.1330000013113021,-0.0760000050067901,0.0019068192923441,0.0026843207888305,-9.697800636291504,7.331433153012767e-05,0.0004111216403543,0.0006120200851,100.0,16.200000762939453,47.397971,8.5461646,normal,0.0
1772701836.8332927,2026-03-05T09:10:36.833293,square,1,47.397971,8.5461646,0.1330000013113021,-0.0760000050067901,0.0019068192923441,0.0026843207888305,-9.697800636291504,7.331433153012767e-05,0.0004111216403543,0.0006120200851,100.0,16.200000762939453,47.397971,8.5461646,normal,0.0
1772701836.937735,2026-03-05T09:10:36.937735,square,1,47.397971,8.5461646,0.1330000013113021,-0.0760000050067901,0.0019068192923441,0.0026843207888305,-9.697800636291504,7.331433153012767e-05,0.0004111216403543,0.0006120200851,100.0,16.200000762939453,47.397971,8.5461646,normal,0.0
1772701837.1185658,2026-03-05T09:10:37.118566,square,1,47.397971,8.5461646,0.1330000013113021,-0.0760000050067901,0.0019068192923441,0.0026843207888305,-9.697800636291504,7.331433153012767e-05,0.0004111216403543,0.0006120200851,100.0,16.200000762939453,47.397971,8.5461646,normal,0.0
1772701837.236585,2026-03-05T09:10:37.236585,square,1,47.397971,8.5461646,0.1330000013113021,-0.0760000050067901,0.0019068192923441,0.0026843207888305,-9.697800636291504,7.331433153012767e-05,0.0004111216403543,0.0006120200851,100.0,16.200000762939453,47.397971,8.5461646,normal,0.0
1772701837.3414786,2026-03-05T09:10:37.341479,square,1,47.397971,8.5461646,0.135000005364418,-0.0750000029802322,-0.003049986436963,0.0003734183264896,-9.697529792785645,0.0005204456974752,-0.000336219323799,-0.0004694329982157,100.0,16.200000762939453,47.397971,8.5461646,normal,0.0
1772701837.442814,2026-03-05T09:10:37.442814,square,1,47.397971,8.5461646,0.135000005364418,-0.0750000029802322,-0.003049986436963,0.0003734183264896,-9.697529792785645,0.0005204456974752,-0.000336219323799,-0.0004694329982157,100.0,16.200000762939453,47.397971,8.5461646,normal,0.0
1772701837.548149,2026-03-05T09:10:37.548149,square,1,47.397971,8.5461646,0.135000005364418,-0.0750000029802322,-0.003049986436963,0.0003734183264896,-9.697529792785645,0.0005204456974752,-0.000336219323799,-0.0004694329982157,100.0,16.200000762939453,47.397971,8.5461646,normal,0.0
1772701837.6581025,2026-03-05T09:10:37.658102,square,1,47.397971,8.5461646,0.135000005364418,-0.0750000029802322,-0.003049986436963,0.0003734183264896,-9.697529792785645,0.0005204456974752,-0.000336219323799,-0.0004694329982157,100.0,16.200000762939453,47.397971,8.5461646,normal,0.0
1772701837.76426,2026-03-05T09:10:37.764260,square,1,47.397971,8.5461646,0.135000005364418,-0.0750000029802322,-0.003049986436963,0.0003734183264896,-9.697529792785645,0.0005204456974752,-0.000336219323799,-0.0004694329982157,100.0,16.200000762939453,47.397971,8.5461646,normal,0.0
1772701837.8701396,2026-03-05T09:10:37.870140,square,1,47.397971,8.5461646,0.1370000094175338,-0.0730000063776969,0.0007898100884631,-0.0050728060305118,-9.699625968933104,-0.0004495937027968,-0.0007997467764653,5.868362131877802e-05,100.0,16.200000762939453,47.397971,8.5461646,normal,0.0
1772701837.9733183,2026-03-05T09:10:37.973318,square,1,47.397971,8.5461646,0.1370000094175338,-0.0730000063776969,0.0007898100884631,-0.0050728060305118,-9.699625968933104,-0.0004495937027968,-0.0007997467764653,5.868362131877802e-05,100.0,16.200000762939453,47.397971,8.5461646,normal,0.0
1772701838.1203525,2026-03-05T09:10:38.120352,square,1,47.397971,8.5461646,0.1380000114440918,-0.0710000023245811,0.0033463672734797,0.002400207100436,-9.68967056274414,0.000745860801544,0.0005281277699396,-0.0002938062534667,100.0,16.200000762939453,47.397971,8.5461646,normal,0.0
1772701838.2215936,2026-03-05T09:10:38.221594,square,1,47.397971,8.5461646,0.1380000114440918,-0.0710000023245811,0.0033463672734797,0.002400207100436,-9.68967056274414,0.000745860801544,0.0005281277699396,-0.0002938062534667,100.0,16.200000762939453,47.397971,8.5461646,normal,0.0
1772701838.32491,2026-03-05T09:10:38.324910,square,1,47.397971,8.5461646,0.1380000114440918,-0.0710000023245811,0.0033463672734797,0.002400207100436,-9.68967056274414,0.000745860801544,0.0005281277699396,-0.0002938062534667,100.0,16.200000762939453,47.397971,8.5461646,normal,0.0
1772701838.4367788,2026-03-05T09:10:38.436779,square,1,47.397971,8.5461646,0.1400000005960464,-0.0700000002980232,-0.0007678137044422,-0.0024077726993709,-9.705039024353027,-8.114655065583065e-05,2.016236976487562e-05,0.0002377396303927,100.0,16.200000762939453,47.397971,8.5461646,normal,0.0
1772701838.5376384,2026-03-05T09:10:38.537638,square,1,47.397971,8.5461646,0.1400000005960464,-0.0700000002980232,-0.0007678137044422,-0.0024077726993709,-9.705039024353027,-8.114655065583065e-05,2.016236976487562e-05,0.0002377396303927,100.0,16.200000762939453,47.397971,8.5461646,normal,0.0
1772701838.6481333,2026-03-05T09:10:38.648133,square,1,47.397971,8.5461646,0.1400000005960464,-0.0700000002980232,-0.0007678137044422,-0.0024077726993709,-9.705039024353027,-8.114655065583065e-05,2.016236976487562e-05,0.0002377396303927,100.0,16.200000762939453,47.397971,8.5461646,normal,0.0
1772701838.7597978,2026-03-05T09:10:38.759798,square,1,47.397971,8.5461646,0.1420000046491623,-0.0680000036954879,-0.006911355536431,-0.0053012082353234,-9.69324016571045,-0.0008774387533776,0.0011008831206709,-0.0002289658295921,100.0,16.200000762939453,47.397971,8.5461646,normal,0.0
1772701838.8654792,2026-03-05T09:10:38.865479,square,1,47.397971,8.5461646,0.1420000046491623,-0.0680000036954879,-0.006911355536431,-0.0053012082353234,-9.69324016571045,-0.0008774387533776,0.0011008831206709,-0.0002289658295921,100.0,16.200000762939453,47.397971,8.5461646,normal,0.0
1772701839.0373032,2026-03-05T09:10:39.037303,square,1,47.397971,8.5461646,0.1420000046491623,-0.0680000036954879,-0.006911355536431,-0.0053012082353234,-9.69324016571045,-0.0008774387533776,0.0011008831206709,-0.0002289658295921,100.0,16.200000762939453,47.397971,8.5461646,normal,0.0
1772701839.147375,2026-03-05T09:10:39.147375,square,1,47.397971,8.5461646,0.1420000046491623,-0.0680000036954879,-0.006911355536431,-0.0053012082353234,-9.69324016571045,-0.0008774387533776,0.0011008831206709,-0.0002289658295921,100.0,16.200000762939453,47.397971,8.5461646,normal,0.0
1772701839.2986426,2026-03-05T09:10:39.298643,square,1,47.397971,8.5461646,0.1420000046491623,-0.0680000036954879,-0.006911355536431,-0.0053012082353234,-9.69324016571045,-0.0008774387533776,0.0011008831206709,-0.0002289658295921,100.0,16.200000762939453,47.397971,8.5461646,normal,0.0
1772701839.4238188,2026-03-05T09:10:39.423819,square,1,47.397971,8.5461646,0.1440000087022781,-0.0659999996423721,-0.0009786164155229,0.0060088783502578,-9.698237419128418,0.0004824228817597,0.0002226305368822,-0.0003249013097956,100.0,16.200000762939453,47.397971,8.5461646,normal,0.0
1772701839.5286863,2026-03-05T09:10:39.528687,square,1,47.397971,8.5461646,0.1440000087022781,-0.0659999996423721,-0.0009786164155229,0.0060088783502578,-9.698237419128418,0.0004824228817597,0.0002226305368822,-0.0003249013097956,100.0,16.200000762939453,47.397971,8.5461646,normal,0.0
1772701839.642192,2026-03-05T09:10:39.642192,square,1,47.397971,8.5461646,0.145000010728836,-0.0650000050663948,-0.0022632509935647,0.0016784168547019,-9.701699256896973,0.0004235765954945,-0.0018379024695605,-0.0008660706225782,100.0,16.200000762939453,47.397971,8.5461646,normal,0.0
1772701839.745196,2026-03-05T09:10:39.745196,square,1,47.397971,8.5461646,0.145000010728836,-0.0650000050663948,-0.0022632509935647,0.0016784168547019,-9.701699256896973,0.0004235765954945,-0.0018379024695605,-0.0008660706225782,100.0,16.200000762939453,47.397971,8.5461646,normal,0.0
1772701839.852339,2026-03-05T09:10:39.852339,square,1,47.397971,8.5461646,0.145000010728836,-0.0650000050663948,-0.0022632509935647,0.0016784168547019,-9.701699256896973,0.0004235765954945,-0.0018379024695605,-0.0008660706225782,100.0,16.200000762939453,47.397971,8.5461646,normal,0.0
1772701839.9587817,2026-03-05T09:10:39.958781,square,1,47.397971,8.5461646,0.145000010728836,-0.0650000050663948,-0.0022632509935647,0.0016784168547019,-9.701699256896973,0.0004235765954945,-0.0018379024695605,-0.0008660706225782,100.0,16.200000762939453,47.397971,8.5461646,normal,0.0
1772701840.0792308,2026-03-05T09:10:40.079231,square,1,47.397971,8.5461646,0.145000010728836,-0.0650000050663948,-0.0022632509935647,0.0016784168547019,-9.701699256896973,0.0004235765954945,-0.0018379024695605,-0.0008660706225782,100.0,16.200000762939453,47.397971,8.5461646,normal,0.0
1772701840.185707,2026-03-05T09:10:40.185707,square,1,47.397971,8.5461646,0.1460000127553939,-0.0630000010132789,-0.0045044352300465,-0.0018153872806578,-9.687602043151855,0.0003790167393162,0.0005331825814209,-1.947794953593984e-05,100.0,16.200000762939453,47.397971,8.5461646,normal,0.0
1772701840.2952838,2026-03-05T09:10:40.295284,square,1,47.39797129914169,8.54616504192759,0.1460000127553939,-0.0630000010132789,-0.0045044352300465,-0.0018153872806578,-9.687602043151855,0.0003790167393162,0.0005331825814209,-1.947794953593984e-05,100.0,16.200000762939453,47.397971,8.5461646,attack,0.031
1772701840.3980072,2026-03-05T09:10:40.398007,square,1,47.39797227973386,8.54616649057469,0.1460000127553939,-0.0630000010132789,-0.0045044352300465,-0.0018153872806578,-9.687602043151855,0.0003790167393162,0.0005331825814209,-1.947794953593984e-05,100.0,16.200000762939453,47.397971,8.5461646,attack,0.134
1772701840.503885,2026-03-05T09:10:40.503885,square,1,47.397973290438884,8.546167983708074,0.1460000127553939,-0.0630000010132789,-0.0045044352300465,-0.0018153872806578,-9.687602043151855,0.0003790167393162,0.0005331825814209,-1.947794953593984e-05,100.0,16.200000762939453,47.397971,8.5461646,attack,0.24
1772701840.608863,2026-03-05T09:10:40.608863,square,1,47.397974292554544,8.546169464152225,0.1469999998807907,-0.0620000027120113,-0.0020469711162149,-0.0023133456707,-9.694655418395996,1.510460424469784e-05,-5.3165582357905805e-05,-0.0001078801287803,100.0,16.200000762939453,47.397971,8.5461646,attack,0.345
1772701840.7128634,2026-03-05T09:10:40.712863,square,1,47.39797528533661,8.54617093080768,0.1469999998807907,-0.0620000027120113,-0.0020469711162149,-0.0023133456707,-9.694655418395996,1.510460424469784e-05,-5.3165582357905805e-05,-0.0001078801287803,100.0,16.200000762939453,47.397971,8.5461646,attack,0.449
1772701840.8163595,2026-03-05T09:10:40.816360,square,1,47.397976273305076,8.546172390351916,0.1469999998807907,-0.0620000027120113,-0.0020469711162149,-0.0023133456707,-9.694655418395996,1.510460424469784e-05,-5.3165582357905805e-05,-0.0001078801287803,100.0,16.200000762939453,47.397971,8.5461646,attack,0.552
1772701840.9534378,2026-03-05T09:10:40.953438,square,1,47.397977581847684,8.546174323486309,0.1480000019073486,-0.0620000027120113,-0.001853289315477,0.0038308328948915,-9.700949668884276,0.0001829005777835,0.0003608663682825,0.0008148867054842,100.0,16.200000762939453,47.397971,8.5461646,attack,0.689
1772701841.054602,2026-03-05T09:10:41.054602,square,1,47.39797854755526,8.546175750144116,0.1480000019073486,-0.0620000027120113,-0.001853289315477,0.0038308328948915,-9.700949668884276,0.0001829005777835,0.0003608663682825,0.0008148867054842,100.0,16.200000762939453,47.397971,8.5461646,attack,0.791
1772701841.1562734,2026-03-05T09:10:41.156273,square,1,47.39797951810602,8.54617718395685,0.1480000019073486,-0.0620000027120113,-0.001853289315477,0.0038308328948915,-9.700949668884276,0.0001829005777835,0.0003608663682825,0.0008148867054842,100.0,16.200000762939453,47.397971,8.5461646,attack,0.892
1772701841.2783492,2026-03-05T09:10:41.278349,square,1,47.3979806834356,8.546178905519966,0.1480000019073486,-0.0620000027120113,-0.001853289315477,0.0038308328948915,-9.700949668884276,0.0001829005777835,0.0003608663682825,0.0008148867054842,100.0,16.200000762939453,47.397971,8.5461646,attack,1.014
1772701841.3854098,2026-03-05T09:10:41.385410,square,1,47.397981705431526,8.546180415333605,0.1490000039339065,-0.0600000023841857,-0.0064904745668172,0.0011008461005985,-9.698920249938965,0.0010810191743075,-0.0003995765582658,-0.0001886507816379,100.0,16.200000762939453,47.397971,8.5461646,attack,1.121
1772701841.4907677,2026-03-05T09:10:41.490768,square,1,47.397982711172745,8.546181901133865,0.1490000039339065,-0.0600000023841857,-0.0064904745668172,0.0011008461005985,-9.698920249938965,0.0010810191743075,-0.0003995765582658,-0.0001886507816379,100.0,16.200000762939453,47.397971,8.5461646,attack,1.227
1772701841.5920627,2026-03-05T09:10:41.592063,square,1,47.397983678129805,8.546183329637563,0.1490000039339065,-0.0600000023841857,-0.0064904745668172,0.0011008461005985,-9.698920249938965,0.0010810191743075,-0.0003995765582658,-0.0001886507816379,100.0,16.200000762939453,47.397971,8.5461646,attack,1.328
1772701841.6944036,2026-03-05T09:10:41.694404,square,1,47.39798465507138,8.546184772891568,0.1490000039339065,-0.0600000023841857,-0.0064904745668172,0.0011008461005985,-9.698920249938965,0.0010810191743075,-0.0003995765582658,-0.0001886507816379,100.0,16.200000762939453,47.397971,8.5461646,attack,1.43
1772701841.797736,2026-03-05T09:10:41.797736,square,1,47.39798564147628,8.546186230125922,0.1490000039339065,-0.0600000023841857,-0.0064904745668172,0.0011008461005985,-9.698920249938965,0.0010810191743075,-0.0003995765582658,-0.0001886507816379,100.0,16.200000762939453,47.397971,8.5461646,attack,1.534
1772701841.9010775,2026-03-05T09:10:41.901078,square,1,47.39798662796995,8.546187687491406,0.1510000079870224,-0.0590000040829181,-0.0022503468208014,0.000877593003679,-9.704827308654783,0.0004493480082601,-0.000802386610303,-0.0002867668226826,100.0,16.200000762939453,47.397971,8.5461646,attack,1.637
1772701842.1111462,2026-03-05T09:10:42.111146,square,1,47.39798863327551,8.546190649966702,0.1510000079870224,-0.0590000040829181,-0.0022503468208014,0.000877593003679,-9.704827308654783,0.0004493480082601,-0.000802386610303,-0.0002867668226826,100.0,16.200000762939453,47.397971,8.5461646,attack,1.847
1772701842.2122698,2026-03-05T09:10:42.212270,square,1,47.397989598596176,8.546192076052924,0.1510000079870224,-0.0590000040829181,-0.0022503468208014,0.000877593003679,-9.704827308654783,0.0004493480082601,-0.000802386610303,-0.0002867668226826,100.0,16.200000762939453,47.397971,8.5461646,attack,1.948
1772701842.3226583,2026-03-05T09:10:42.322658,square,1,47.39799065235957,8.546193632797225,0.1510000079870224,-0.0590000040829181,-0.0022503468208014,0.000877593003679,-9.704827308654783,0.0004493480082601,-0.000802386610303,-0.0002867668226826,100.0,16.200000762939453,47.397971,8.5461646,attack,2.059
1772701842.4270592,2026-03-05T09:10:42.427059,square,1,47.397991648965196,8.546195105101303,0.1520000100135803,-0.0580000020563602,0.001786460285075,-0.0013476634630933,-9.705506324768066,-0.0001860079646576,-0.0009160366607829,-0.0001427199749741,100.0,16.200000762939453,47.397971,8.5461646,attack,2.163
1772701842.539249,2026-03-05T09:10:42.539249,square,1,47.39799271992325,8.546196687247607,0.1520000100135803,-0.0580000020563602,0.001786460285075,-0.0013476634630933,-9.705506324768066,-0.0001860079646576,-0.0009160366607829,-0.0001427199749741,100.0,16.200000762939453,47.397971,8.5461646,attack,2.275
1772701842.6617234,2026-03-05T09:10:42.661723,square,1,47.397993889058185,8.546198414432451,0.1520000100135803,-0.0580000020563602,0.001786460285075,-0.0013476634630933,-9.705506324768066,-0.0001860079646576,-0.0009160366607829,-0.0001427199749741,100.0,16.200000762939453,47.397971,8.5461646,attack,2.398
1772701842.769501,2026-03-05T09:10:42.769501,square,1,47.39799491789784,8.546199934356459,0.1520000100135803,-0.0580000020563602,0.001786460285075,-0.0013476634630933,-9.705506324768066,-0.0001860079646576,-0.0009160366607829,-0.0001427199749741,100.0,16.200000762939453,47.397971,8.5461646,attack,2.506
1772701842.871875,2026-03-05T09:10:42.871875,square,1,47.39799589515577,8.546201378077821,0.1520000100135803,-0.0580000020563602,0.001786460285075,-0.0013476634630933,-9.705506324768066,-0.0001860079646576,-0.0009160366607829,-0.0001427199749741,100.0,16.200000762939453,47.397971,8.5461646,attack,2.608
1772701842.9735262,2026-03-05T09:10:42.973526,square,1,47.39799686551308,8.54620281160476,0.1530000120401382,-0.0570000037550926,-0.0052212248556315,0.0010390111710876,-9.698285102844238,0.0001326714846072,0.0003254775656387,-0.0005025180871598,100.0,16.200000762939453,47.397971,8.5461646,attack,2.71
1772701843.0805514,2026-03-05T09:10:43.080551,square,1,47.39799788716989,8.54620432091742,0.1530000120401382,-0.0570000037550926,-0.0052212248556315,0.0010390111710876,-9.698285102844238,0.0001326714846072,0.0003254775656387,-0.0005025180871598,100.0,16.200000762939453,47.397971,8.5461646,attack,2.817
1772701843.1830297,2026-03-05T09:10:43.183030,square,1,47.3979988654224,8.546205766108098,0.1530000120401382,-0.0570000037550926,-0.0052212248556315,0.0010390111710876,-9.698285102844238,0.0001326714846072,0.0003254775656387,-0.0005025180871598,100.0,16.200000762939453,47.397971,8.5461646,attack,2.919
1772701843.286202,2026-03-05T09:10:43.286202,square,1,47.39799985030015,8.546207221086364,0.1540000140666961,-0.0560000017285347,0.0029371879063546,-0.0023545811418443,-9.696776390075684,0.0003649137506727,0.0001828483800636,-0.0005188892246223,100.0,16.200000762939453,47.397971,8.5461646,attack,3.022
1772701843.4017413,2026-03-05T09:10:43.401741,square,1,47.39800095323278,8.546208850469297,0.1540000140666961,-0.0560000017285347,0.0029371879063546,-0.0023545811418443,-9.696776390075684,0.0003649137506727,0.0001828483800636,-0.0005188892246223,100.0,16.200000762939453,47.397971,8.5461646,attack,3.138
1772701843.5042777,2026-03-05T09:10:43.504278,square,1,47.39800193204062,8.546210296480371,0.1540000140666961,-0.0560000017285347,0.0029371879063546,-0.0023545811418443,-9.696776390075684,0.0003649137506727,0.0001828483800636,-0.0005188892246223,100.0,16.200000762939453,47.397971,8.5461646,attack,3.24
1772701843.6073782,2026-03-05T09:10:43.607378,square,1,47.39800291623332,8.546211750446592,0.1540000140666961,-0.0560000017285347,0.0029371879063546,-0.0023545811418443,-9.696776390075684,0.0003649137506727,0.0001828483800636,-0.0005188892246223,100.0,16.200000762939453,47.397971,8.5461646,attack,3.343
1772701843.7115054,2026-03-05T09:10:43.711505,square,1,47.39800391022617,8.546213218890776,0.1550000011920929,-0.055000003427267,-0.0037969993427395,-0.0031006245408207,-9.697806358337402,0.0001010097475955,-0.0004507842822931,8.481165423290804e-06,100.0,16.200000762939453,47.397971,8.5461646,attack,3.448
1772701843.840628,2026-03-05T09:10:43.840628,square,1,47.3980051428232,8.546215039829349,0.1550000011920929,-0.055000003427267,-0.0037969993427395,-0.0031006245408207,-9.697806358337402,0.0001010097475955,-0.0004507842822931,8.481165423290804e-06,100.0,16.200000762939453,47.397971,8.5461646,attack,3.577
1772701843.9598525,2026-03-05T09:10:43.959852,square,1,47.398006280934915,8.546216721182995,0.1550000011920929,-0.055000003427267,-0.0037969993427395,-0.0031006245408207,-9.697806358337402,0.0001010097475955,-0.0004507842822931,8.481165423290804e-06,100.0,16.200000762939453,47.397971,8.5461646,attack,3.696
1772701844.0610893,2026-03-05T09:10:44.061089,square,1,47.39800724733664,8.546218148866298,0.1550000011920929,-0.055000003427267,-0.0037969993427395,-0.0031006245408207,-9.697806358337402,0.0001010097475955,-0.0004507842822931,8.481165423290804e-06,100.0,16.200000762939453,47.397971,8.5461646,attack,3.797
1772701844.164824,2026-03-05T09:10:44.164824,square,1,47.39800823758332,8.546219611776175,0.1550000011920929,-0.0540000014007091,-0.0002291043056175,-0.004407376050949,-9.701045036315918,0.0005897931405343,0.0014148753834888,0.0005405157571658,100.0,16.200000762939453,47.397971,8.5461646,attack,3.901
1772701844.2762592,2026-03-05T09:10:44.276259,square,1,47.39800930133805,8.546221183280872,0.1550000011920929,-0.0540000014007091,-0.0002291043056175,-0.004407376050949,-9.701045036315918,0.0005897931405343,0.0014148753834888,0.0005405157571658,100.0,16.200000762939453,47.397971,8.5461646,attack,4.012
1772701844.3860877,2026-03-05T09:10:44.386088,square,1,47.398010349755275,8.546222732127186,0.1550000011920929,-0.0540000014007091,-0.0002291043056175,-0.004407376050949,-9.701045036315918,0.0005897931405343,0.0014148753834888,0.0005405157571658,100.0,16.200000762939453,47.397971,8.5461646,attack,4.122
1772701844.4954865,2026-03-05T09:10:44.495486,square,1,47.39801139407127,8.546224274914676,0.1560000032186508,-0.0540000014007091,0.0014615406980738,-0.0050804507918655,-9.689038276672363,-0.0003239321522414,-0.0004641536215785,0.0003934483975172,100.0,16.200000762939453,47.397971,8.5461646,attack,4.232
1772701844.6070375,2026-03-05T09:10:44.607038,square,1,47.3980124589321,8.54622584805344,0.1560000032186508,-0.0540000014007091,0.0014615406980738,-0.0050804507918655,-9.689038276672363,-0.0003239321522414,-0.0004641536215785,0.0003934483975172,100.0,16.200000762939453,47.397971,8.5461646,attack,4.343
1772701844.7635667,2026-03-05T09:10:44.763567,square,1,47.39801395315207,8.546228055492469,0.1560000032186508,-0.0540000014007091,0.0014615406980738,-0.0050804507918655,-9.689038276672363,-0.0003239321522414,-0.0004641536215785,0.0003934483975172,100.0,16.200000762939453,47.397971,8.5461646,attack,4.5
1772701844.8701668,2026-03-05T09:10:44.870167,square,1,47.3980149707509,8.546229558810191,0.1570000052452087,-0.0530000030994415,0.0042763543315231,-0.0079061733558774,-9.697107315063477,0.0006973603158257,-0.0005760503117926,9.672786109149456e-05,100.0,16.200000762939453,47.397971,8.5461646,attack,4.606
1772701844.9773164,2026-03-05T09:10:44.977316,square,1,47.398015993595756,8.54623106987796,0.1570000052452087,-0.0530000030994415,0.0042763543315231,-0.0079061733558774,-9.697107315063477,0.0006973603158257,-0.0005760503117926,9.672786109149456e-05,100.0,16.200000762939453,47.397971,8.5461646,attack,4.713
1772701845.078903,2026-03-05T09:10:45.078903,square,1,47.39801696333628,8.546232502493723,0.1570000052452087,-0.0530000030994415,0.0042763543315231,-0.0079061733558774,-9.697107315063477,0.0006973603158257,-0.0005760503117926,9.672786109149456e-05,100.0,16.200000762939453,47.397971,8.5461646,attack,4.815
1772701845.1805413,2026-03-05T09:10:45.180541,square,1,47.398017933570685,8.5462339358391,0.1570000052452087,-0.0530000030994415,0.0042763543315231,-0.0079061733558774,-9.697107315063477,0.0006973603158257,-0.0005760503117926,9.672786109149456e-05,100.0,16.200000762939453,47.397971,8.5461646,attack,4.917
1772701845.2834308,2026-03-05T09:10:45.283431,square,1,47.398018915749184,8.546235386829704,0.1580000072717666,-0.0520000010728836,-0.0022821519523859,0.0021016243845224,-9.700139045715332,-0.0002936677192337,3.425320755923167e-05,0.0001854111906141,100.0,16.200000762939453,47.397971,8.5461646,attack,5.019
1772701845.3860042,2026-03-05T09:10:45.386004,square,1,47.398019894909794,8.546236833361931,0.1580000072717666,-0.0520000010728836,-0.0022821519523859,0.0021016243845224,-9.700139045715332,-0.0002936677192337,3.425320755923167e-05,0.0001854111906141,100.0,16.200000762939453,47.397971,8.5461646,attack,5.122
1772701845.4954224,2026-03-05T09:10:45.495422,square,1,47.39802093941014,8.546238376421766,0.1580000072717666,-0.0520000010728836,-0.0022821519523859,0.0021016243845224,-9.700139045715332,-0.0002936677192337,3.425320755923167e-05,0.0001854111906141,100.0,16.200000762939453,47.397971,8.5461646,attack,5.231
1772701845.598698,2026-03-05T09:10:45.598698,square,1,47.39802192527336,8.546239832855898,0.1580000072717666,-0.0510000027716159,0.0040262094698846,0.0104932757094502,-9.68995189666748,0.0013069316046312,-0.0007718756096437,-0.0005175967235118,100.0,16.200000762939453,47.397971,8.5461646,attack,5.335
1772701845.7142556,2026-03-05T09:10:45.714256,square,1,47.39802302838124,8.546241462497726,0.1580000072717666,-0.0510000027716159,0.0040262094698846,0.0104932757094502,-9.68995189666748,0.0013069316046312,-0.0007718756096437,-0.0005175967235118,100.0,16.200000762939453,47.397971,8.5461646,attack,5.45
1772701845.8241005,2026-03-05T09:10:45.824100,square,1,47.3980240769555,8.546243011576035,0.1580000072717666,-0.0510000027716159,0.0040262094698846,0.0104932757094502,-9.68995189666748,0.0013069316046312,-0.0007718756096437,-0.0005175967235118,100.0,16.200000762939453,47.397971,8.5461646,attack,5.56
1772701845.9269698,2026-03-05T09:10:45.926970,square,1,47.39802505894054,8.546244462280848,0.1580000072717666,-0.0510000027716159,0.0040262094698846,0.0104932757094502,-9.68995189666748,0.0013069316046312,-0.0007718756096437,-0.0005175967235118,100.0,16.200000762939453,47.397971,8.5461646,attack,5.663
1772701846.0333822,2026-03-05T09:10:46.033382,square,1,47.39802607474821,8.546245962952456,0.1580000072717666,-0.0510000027716159,0.0040262094698846,0.0104932757094502,-9.68995189666748,0.0013069316046312,-0.0007718756096437,-0.0005175967235118,100.0,16.200000762939453,47.397971,8.5461646,attack,5.769
1772701846.1370013,2026-03-05T09:10:46.137001,square,1,47.39802706389106,8.54624742423163,0.1590000092983245,-0.0510000027716159,-0.0050751022063195,-0.0025765122845768,-9.698089599609377,-0.0011006012791767,-0.0003858678683172,0.0006744114798493,100.0,16.200000762939453,47.397971,8.5461646,attack,5.873
1772701846.2379448,2026-03-05T09:10:46.237945,square,1,47.398028027493396,8.546248847779331,0.1590000092983245,-0.0510000027716159,-0.0050751022063195,-0.0025765122845768,-9.698089599609377,-0.0011006012791767,-0.0003858678683172,0.0006744114798493,100.0,16.200000762939453,47.397971,8.5461646,attack,5.974
1772701846.339399,2026-03-05T09:10:46.339399,square,1,47.39802899597078,8.54625027852903,0.1590000092983245,-0.0510000027716159,-0.0050751022063195,-0.0025765122845768,-9.698089599609377,-0.0011006012791767,-0.0003858678683172,0.0006744114798493,100.0,16.200000762939453,47.397971,8.5461646,attack,6.075
1772701846.4419248,2026-03-05T09:10:46.441925,square,1,47.398029974676206,8.546251724388801,0.1590000092983245,-0.050000000745058,-2.0749983377754688e-05,-0.0041867196559906,-9.691973686218262,0.000548442476429,-0.0001790791429812,0.000216520842514,100.0,16.200000762939453,47.397971,8.5461646,attack,6.178
1772701846.5438168,2026-03-05T09:10:46.543817,square,1,47.3980309473322,8.54625316131164,0.1590000092983245,-0.050000000745058,-2.0749983377754688e-05,-0.0041867196559906,-9.691973686218262,0.000548442476429,-0.0001790791429812,0.000216520842514,100.0,16.200000762939453,47.397971,8.5461646,attack,6.28
1772701846.6463814,2026-03-05T09:10:46.646381,square,1,47.3980319264086,8.546254607719462,0.1590000092983245,-0.050000000745058,-2.0749983377754688e-05,-0.0041867196559906,-9.691973686218262,0.000548442476429,-0.0001790791429812,0.000216520842514,100.0,16.200000762939453,47.397971,8.5461646,attack,6.382
1772701846.748134,2026-03-05T09:10:46.748134,square,1,47.398032897733174,8.546256042675369,0.1590000092983245,-0.050000000745058,-2.0749983377754688e-05,-0.0041867196559906,-9.691973686218262,0.000548442476429,-0.0001790791429812,0.000216520842514,100.0,16.200000762939453,47.397971,8.5461646,attack,6.484
1772701846.8539426,2026-03-05T09:10:46.853943,square,1,47.398033907778185,8.546257534833693,0.1590000092983245,-0.050000000745058,-0.0052287117578089,0.0023977842647582,-9.698854446411133,-0.0003788683097809,0.0002603596076369,-0.0006806759629398,100.0,16.200000762939453,47.397971,8.5461646,attack,6.59
1772701846.957199,2026-03-05T09:10:46.957199,square,1,47.39803489345934,8.546258990998842,0.1590000092983245,-0.050000000745058,-0.0052287117578089,0.0023977842647582,-9.698854446411133,-0.0003788683097809,0.0002603596076369,-0.0006806759629398,100.0,16.200000762939453,47.397971,8.5461646,attack,6.693
1772701847.0671182,2026-03-05T09:10:47.067118,square,1,47.398035942741416,8.546260541122821,0.1590000092983245,-0.050000000745058,-0.0052287117578089,0.0023977842647582,-9.698854446411133,-0.0003788683097809,0.0002603596076369,-0.0006806759629398,100.0,16.200000762939453,47.397971,8.5461646,attack,6.803
1772701847.1690595,2026-03-05T09:10:47.169060,square,1,47.39803691586853,8.54626197874165,0.1590000092983245,-0.050000000745058,-0.0018294021720066,0.0040683234110474,-9.696502685546877,0.0009247870766557,0.0005703281494788,0.0015346511499956,100.0,16.200000762939453,47.397971,8.5461646,attack,6.905
1772701847.2719,2026-03-05T09:10:47.271900,square,1,47.398037897578185,8.546263429039628,0.1600000113248825,-0.050000000745058,-0.0018294021720066,0.0040683234110474,-9.696502685546877,0.0009247870766557,0.0005703281494788,0.0015346511499956,100.0,16.200000762939453,47.397971,8.5461646,attack,7.008
1772701847.3739288,2026-03-05T09:10:47.373929,square,1,47.398038871540564,8.546264867892413,0.1600000113248825,-0.050000000745058,-0.0018294021720066,0.0040683234110474,-9.696502685546877,0.0009247870766557,0.0005703281494788,0.0015346511499956,100.0,16.200000762939453,47.397971,8.5461646,attack,7.11
1772701847.4759896,2026-03-05T09:10:47.475990,square,1,47.39803984580792,8.546266307195745,0.1600000113248825,-0.050000000745058,-0.0018294021720066,0.0040683234110474,-9.696502685546877,0.0009247870766557,0.0005703281494788,0.0015346511499956,100.0,16.200000762939453,47.397971,8.5461646,attack,7.212
1772701847.578186,2026-03-05T09:10:47.578186,square,1,47.39804082137028,8.54626774841221,0.1600000113248825,-0.050000000745058,0.0005332014989107,-0.0043694879859685,-9.702473640441896,0.0002044034481514,0.0003361661802046,0.0008404647232964,100.0,16.200000762939453,47.397971,8.5461646,attack,7.314
1772701847.6812425,2026-03-05T09:10:47.681242,square,1,47.39804180514193,8.546269201756411,0.1600000113248825,-0.050000000745058,0.0005332014989107,-0.0043694879859685,-9.702473640441896,0.0002044034481514,0.0003361661802046,0.0008404647232964,100.0,16.200000762939453,47.397971,8.5461646,attack,7.417
1772701847.797253,2026-03-05T09:10:47.797253,square,1,47.398042912571796,8.546270837783203,0.1600000113248825,-0.050000000745058,0.0005332014989107,-0.0043694879859685,-9.702473640441896,0.0002044034481514,0.0003361661802046,0.0008404647232964,100.0,16.200000762939453,47.397971,8.5461646,attack,7.533
1772701847.899058,2026-03-05T09:10:47.899058,square,1,47.39804388439936,8.546272273482172,0.1600000113248825,-0.050000000745058,0.0005332014989107,-0.0043694879859685,-9.702473640441896,0.0002044034481514,0.0003361661802046,0.0008404647232964,100.0,16.200000762939453,47.397971,8.5461646,attack,7.635
1772701848.013916,2026-03-05T09:10:48.013916,square,1,47.398044980827365,8.546273893255718,0.1600000113248825,-0.050000000745058,0.0005332014989107,-0.0043694879859685,-9.702473640441896,0.0002044034481514,0.0003361661802046,0.0008404647232964,100.0,16.200000762939453,47.397971,8.5461646,attack,7.75
1772701848.1191456,2026-03-05T09:10:48.119146,square,1,47.39804598534413,8.54627537724707,0.1600000113248825,-0.0490000024437904,0.0030742166563868,-0.0068147098645567,-9.70745086669922,-0.0003103215130977,0.0004185203288216,-0.0002138930867658,100.0,16.200000762939453,47.397971,8.5461646,attack,7.855
1772701848.226422,2026-03-05T09:10:48.226422,square,1,47.39804700939978,8.546276890103572,0.1600000113248825,-0.0490000024437904,0.0030742166563868,-0.0068147098645567,-9.70745086669922,-0.0003103215130977,0.0004185203288216,-0.0002138930867658,100.0,16.200000762939453,47.397971,8.5461646,attack,7.962
1772701848.336848,2026-03-05T09:10:48.336848,square,1,47.39804806352049,8.546278447375752,0.1600000113248825,-0.0490000024437904,0.0039151012897491,-0.0074427369982004,-9.699355125427246,-0.0011237357975915,0.000696581613738,-0.0003118442837148,100.0,16.200000762939453,47.397971,8.5461646,attack,8.073
1772701848.4389224,2026-03-05T09:10:48.438922,square,1,47.39804903791757,8.546279886870732,0.1600000113248825,-0.0490000024437904,0.0039151012897491,-0.0074427369982004,-9.699355125427246,-0.0011237357975915,0.000696581613738,-0.0003118442837148,100.0,16.200000762939453,47.397971,8.5461646,attack,8.175
1772701848.540949,2026-03-05T09:10:48.540949,square,1,47.398050011859475,8.546281325693258,0.1600000113248825,-0.0490000024437904,0.0086518637835979,0.0009978841990232,-9.706249237060549,0.0004671814094763,-0.000330816488713,0.0012029691133648,100.0,16.200000762939453,47.397971,8.5461646,attack,8.277
1772701848.6455464,2026-03-05T09:10:48.645546,square,1,47.39805101034047,8.546282800767852,0.1600000113248825,-0.0490000024437904,0.0086518637835979,0.0009978841990232,-9.706249237060549,0.0004671814094763,-0.000330816488713,0.0012029691133648,100.0,16.200000762939453,47.397971,8.5461646,attack,8.382
1772701848.7500246,2026-03-05T09:10:48.750025,square,1,47.3980520076835,8.546284274161309,0.1600000113248825,-0.0490000024437904,0.0086518637835979,0.0009978841990232,-9.706249237060549,0.0004671814094763,-0.000330816488713,0.0012029691133648,100.0,16.200000762939453,47.397971,8.5461646,attack,8.486
1772701848.85511,2026-03-05T09:10:48.855110,square,1,47.39805301082333,8.546285756118484,0.1600000113248825,-0.0490000024437904,-0.0018394136568531,0.0038923642132431,-9.693129539489746,-0.0002467319136485,0.0002723167999647,0.0001294196699745,100.0,16.200000762939453,47.397971,8.5461646,attack,8.591
1772701848.9581113,2026-03-05T09:10:48.958111,square,1,47.39805399406924,8.546287208685998,0.1600000113248825,-0.0490000024437904,-0.0018394136568531,0.0038923642132431,-9.693129539489746,-0.0002467319136485,0.0002723167999647,0.0001294196699745,100.0,16.200000762939453,47.397971,8.5461646,attack,8.694
1772701849.0621035,2026-03-05T09:10:49.062104,square,1,47.39805498677392,8.546288675227135,0.1600000113248825,-0.0490000024437904,-0.0018394136568531,0.0038923642132431,-9.693129539489746,-0.0002467319136485,0.0002723167999647,0.0001294196699745,100.0,16.200000762939453,47.397971,8.5461646,attack,8.798
1772701849.165232,2026-03-05T09:10:49.165232,square,1,47.3980559712329,8.546290129586742,0.1600000113248825,-0.0490000024437904,-0.00030724221142,0.0064313132315874,-9.706737518310549,-2.8806498448830095e-05,-0.0004029662522953,-4.350130984676071e-05,100.0,16.200000762939453,47.397971,8.5461646,attack,8.901
1772701849.2660704,2026-03-05T09:10:49.266070,square,1,47.398056933831555,8.546291551651679,0.1600000113248825,-0.0490000024437904,-0.00030724221142,0.0064313132315874,-9.706737518310549,-2.8806498448830095e-05,-0.0004029662522953,-4.350130984676071e-05,100.0,16.200000762939453,47.397971,8.5461646,attack,9.002
1772701849.3681395,2026-03-05T09:10:49.368140,square,1,47.398057908178565,8.54629299107269,0.1600000113248825,-0.0490000024437904,-0.00030724221142,0.0064313132315874,-9.706737518310549,-2.8806498448830095e-05,-0.0004029662522953,-4.350130984676071e-05,100.0,16.200000762939453,47.397971,8.5461646,attack,9.104
1772701849.4698994,2026-03-05T09:10:49.469899,square,1,47.398058879573696,8.546294426132828,0.1600000113248825,-0.0490000024437904,-0.0064211566932499,0.0047030607238411,-9.699736595153809,-0.0001532412716187,-0.0002391089656157,0.0003885126207023,100.0,16.200000762939453,47.397971,8.5461646,attack,9.206
1772701849.5728753,2026-03-05T09:10:49.572875,square,1,47.398059862576076,8.546295878340578,0.1600000113248825,-0.0490000024437904,0.0029143351130187,-0.0085947830229997,-9.698060035705566,-0.0004975482588633,0.0002202575560659,0.0006401770515367,100.0,16.200000762939453,47.397971,8.5461646,attack,9.309
1772701849.6810777,2026-03-05T09:10:49.681077,square,1,47.398060895471446,8.546297404256162,0.1600000113248825,-0.0490000024437904,0.0029143351130187,-0.0085947830229997,-9.698060035705566,-0.0004975482588633,0.0002202575560659,0.0006401770515367,100.0,16.200000762939453,47.397971,8.5461646,attack,9.417
1772701849.784903,2026-03-05T09:10:49.784903,square,1,47.39806188658297,8.546298868443705,0.1600000113248825,-0.0490000024437904,0.0029143351130187,-0.0085947830229997,-9.698060035705566,-0.0004975482588633,0.0002202575560659,0.0006401770515367,100.0,16.200000762939453,47.397971,8.5461646,attack,9.521
1772701849.88648,2026-03-05T09:10:49.886480,square,1,47.398062856232464,8.546300300924976,0.1600000113248825,-0.0490000024437904,0.0029143351130187,-0.0085947830229997,-9.698060035705566,-0.0004975482588633,0.0002202575560659,0.0006401770515367,100.0,16.200000762939453,47.397971,8.5461646,attack,9.623
1772701849.9901536,2026-03-05T09:10:49.990154,square,1,47.39806384589423,8.546301762970748,0.1600000113248825,-0.0490000024437904,0.0029143351130187,-0.0085947830229997,-9.698060035705566,-0.0004975482588633,0.0002202575560659,0.0006401770515367,100.0,16.200000762939453,47.397971,8.5461646,attack,9.726
1772701850.091909,2026-03-05T09:10:50.091909,square,1,47.398064817246116,8.546303197967001,0.1600000113248825,-0.0490000024437904,-0.0011507354211062,0.00811234023422,-9.702187538146973,-0.0012958877487108,-5.676440196111798e-06,0.0005018084193579,100.0,16.200000762939453,47.397971,8.5461646,attack,9.828
1772701850.1941197,2026-03-05T09:10:50.194119,square,1,47.39806579294503,8.546304639385205,0.1600000113248825,-0.0490000024437904,-0.0011507354211062,0.00811234023422,-9.702187538146973,-0.0012958877487108,-5.676440196111798e-06,0.0005018084193579,100.0,16.200000762939453,47.397971,8.5461646,attack,9.93
1772701850.2970812,2026-03-05T09:10:50.297081,square,1,47.398066775810854,8.546306091391218,0.1600000113248825,-0.0490000024437904,-0.0011507354211062,0.00811234023422,-9.702187538146973,-0.0012958877487108,-5.676440196111798e-06,0.0005018084193579,100.0,16.200000762939453,47.397971,8.5461646,attack,10.033
1772701850.4440567,2026-03-05T09:10:50.444057,square,1,47.398068178831956,8.546308164100449,0.1600000113248825,-0.0490000024437904,-0.0018247502157464,-0.0016025635413825,-9.706671714782717,0.0002698613388929,-0.0005151815712451,-0.0001622192939976,100.0,16.200000762939453,47.397971,8.5461646,attack,10.18
1772701850.5471642,2026-03-05T09:10:50.547164,square,1,47.39806916309065,8.546309618164177,0.1600000113248825,-0.0490000024437904,-0.0018247502157464,-0.0016025635413825,-9.706671714782717,0.0002698613388929,-0.0005151815712451,-0.0001622192939976,100.0,16.200000762939453,47.397971,8.5461646,attack,10.283
1772701850.6490588,2026-03-05T09:10:50.649059,square,1,47.39807013577168,8.546311055124,0.1600000113248825,-0.0490000024437904,-0.0018247502157464,-0.0016025635413825,-9.706671714782717,0.0002698613388929,-0.0005151815712451,-0.0001622192939976,100.0,16.200000762939453,47.397971,8.5461646,attack,10.385
1772701850.7515843,2026-03-05T09:10:50.751585,square,1,47.39807111447483,8.54631250098041,0.1600000113248825,-0.0490000024437904,-0.0018247502157464,-0.0016025635413825,-9.706671714782717,0.0002698613388929,-0.0005151815712451,-0.0001622192939976,100.0,16.200000762939453,47.397971,8.5461646,attack,10.488
1772701850.8581247,2026-03-05T09:10:50.858125,square,1,47.39807213150468,8.54631400345756,0.1600000113248825,-0.0490000024437904,-0.0018247502157464,-0.0016025635413825,-9.706671714782717,0.0002698613388929,-0.0005151815712451,-0.0001622192939976,100.0,16.200000762939453,47.397971,8.5461646,attack,10.594
1772701850.9591198,2026-03-05T09:10:50.959120,square,1,47.39807309559862,8.546315427731514,0.1600000113248825,-0.050000000745058,-0.0041133291088044,0.0019360450096428,-9.699028968811035,0.0006909714429639,0.0005780501523986,0.0005136103718541,100.0,16.200000762939453,47.397971,8.5461646,attack,10.695
1772701851.0608592,2026-03-05T09:10:51.060859,square,1,47.39807406679802,8.546316862502495,0.1600000113248825,-0.050000000745058,-0.0041133291088044,0.0019360450096428,-9.699028968811035,0.0006909714429639,0.0005780501523986,0.0005136103718541,100.0,16.200000762939453,47.397971,8.5461646,attack,10.797
1772701851.1650977,2026-03-05T09:10:51.165098,square,1,47.39807506185374,8.546318332516865,0.1600000113248825,-0.050000000745058,-0.0041133291088044,0.0019360450096428,-9.699028968811035,0.0006909714429639,0.0005780501523986,0.0005136103718541,100.0,16.200000762939453,47.397971,8.5461646,attack,10.901
1772701851.2661474,2026-03-05T09:10:51.266147,square,1,47.398076026468864,8.546319757560779,0.1600000113248825,-0.050000000745058,-0.0041133291088044,0.0019360450096428,-9.699028968811035,0.0006909714429639,0.0005780501523986,0.0005136103718541,100.0,16.200000762939453,47.397971,8.5461646,attack,11.002
1772701851.369095,2026-03-05T09:10:51.369095,square,1,47.39807700920269,8.54632120937178,0.1600000113248825,-0.050000000745058,-0.0041133291088044,0.0019360450096428,-9.699028968811035,0.0006909714429639,0.0005780501523986,0.0005136103718541,100.0,16.200000762939453,47.397971,8.5461646,attack,11.105
1772701851.47295,2026-03-05T09:10:51.472950,square,1,47.398078000596435,8.546322673976245,0.1600000113248825,-0.050000000745058,-0.0082402881234884,-0.0009977726731449,-9.69459056854248,-0.0007858067983761,-0.0001677642867434,-3.690772791742347e-05,100.0,16.200000762939453,47.397971,8.5461646,attack,11.209
1772701851.5749362,2026-03-05T09:10:51.574936,square,1,47.39807897415142,8.546324112227182,0.1600000113248825,-0.050000000745058,-0.0082402881234884,-0.0009977726731449,-9.69459056854248,-0.0007858067983761,-0.0001677642867434,-3.690772791742347e-05,100.0,16.200000762939453,47.397971,8.5461646,attack,11.311
1772701851.677144,2026-03-05T09:10:51.677144,square,1,47.39807994982303,8.546325553605039,0.1600000113248825,-0.050000000745058,-0.0082402881234884,-0.0009977726731449,-9.69459056854248,-0.0007858067983761,-0.0001677642867434,-3.690772791742347e-05,100.0,16.200000762939453,47.397971,8.5461646,attack,11.413
1772701851.7863357,2026-03-05T09:10:51.786335,square,1,47.39808099216123,8.54632709347071,0.1600000113248825,-0.050000000745058,-0.0082402881234884,-0.0009977726731449,-9.69459056854248,-0.0007858067983761,-0.0001677642867434,-3.690772791742347e-05,100.0,16.200000762939453,47.397971,8.5461646,attack,11.522
1772701851.8880515,2026-03-05T09:10:51.888052,square,1,47.39808196313532,8.546328527908827,0.1600000113248825,-0.050000000745058,-0.0035342089831829,0.0057087987661361,-9.703346252441406,0.0002686075458768,0.0002655151474755,-0.0017545606242492,100.0,16.200000762939453,47.397971,8.5461646,attack,11.624
1772701851.9892,2026-03-05T09:10:51.989200,square,1,47.398082928694954,8.546329954348087,0.1600000113248825,-0.050000000745058,-0.0035342089831829,0.0057087987661361,-9.703346252441406,0.0002686075458768,0.0002655151474755,-0.0017545606242492,100.0,16.200000762939453,47.397971,8.5461646,attack,11.725
1772701852.0914226,2026-03-05T09:10:52.091423,square,1,47.3980839045054,8.546331395931041,0.1600000113248825,-0.050000000745058,-0.0035342089831829,0.0057087987661361,-9.703346252441406,0.0002686075458768,0.0002655151474755,-0.0017545606242492,100.0,16.200000762939453,47.397971,8.5461646,attack,11.827
1772701852.1931076,2026-03-05T09:10:52.193108,square,1,47.39808487518588,8.546332829935423,0.1600000113248825,-0.050000000745058,-0.0035342089831829,0.0057087987661361,-9.703346252441406,0.0002686075458768,0.0002655151474755,-0.0017545606242492,100.0,16.200000762939453,47.397971,8.5461646,attack,11.929
1772701852.2960858,2026-03-05T09:10:52.296086,square,1,47.398085858211026,8.546334282176796,0.1600000113248825,-0.050000000745058,-0.0035342089831829,0.0057087987661361,-9.703346252441406,0.0002686075458768,0.0002655151474755,-0.0017545606242492,100.0,16.200000762939453,47.397971,8.5461646,attack,12.032
1772701852.3986957,2026-03-05T09:10:52.398696,square,1,47.39808683771985,8.54633572922345,0.1600000113248825,-0.050000000745058,-0.0035342089831829,0.0057087987661361,-9.703346252441406,0.0002686075458768,0.0002655151474755,-0.0017545606242492,100.0,16.200000762939453,47.397971,8.5461646,attack,12.135
1772701852.5000725,2026-03-05T09:10:52.500072,square,1,47.39808780545756,8.54633715888041,0.1600000113248825,-0.050000000745058,-0.0035342089831829,0.0057087987661361,-9.703346252441406,0.0002686075458768,0.0002655151474755,-0.0017545606242492,100.0,16.200000762939453,47.397971,8.5461646,attack,12.236
1772701852.603184,2026-03-05T09:10:52.603184,square,1,47.398088789754944,8.546338613001295,0.1590000092983245,-0.050000000745058,-0.0014922290574759,0.0023318696767091,-9.70169734954834,0.0004824909847229,-0.0009792441269382,-0.000706106191501,100.0,16.200000762939453,47.397971,8.5461646,attack,12.339
1772701852.704984,2026-03-05T09:10:52.704984,square,1,47.39808976153243,8.546340048626295,0.1590000092983245,-0.050000000745058,-0.0014922290574759,0.0023318696767091,-9.70169734954834,0.0004824909847229,-0.0009792441269382,-0.000706106191501,100.0,16.200000762939453,47.397971,8.5461646,attack,12.441
1772701852.8060467,2026-03-05T09:10:52.806047,square,1,47.398090726272734,8.546341473855135,0.1590000092983245,-0.050000000745058,-0.0014922290574759,0.0023318696767091,-9.70169734954834,0.0004824909847229,-0.0009792441269382,-0.000706106191501,100.0,16.200000762939453,47.397971,8.5461646,attack,12.542
1772701852.9097211,2026-03-05T09:10:52.909721,square,1,47.3980917159436,8.546342935914357,0.1590000092983245,-0.050000000745058,-0.0014922290574759,0.0023318696767091,-9.70169734954834,0.0004824909847229,-0.0009792441269382,-0.000706106191501,100.0,16.200000762939453,47.397971,8.5461646,attack,12.646
1772701853.0139613,2026-03-05T09:10:53.013961,square,1,47.39809271101525,8.54634440595226,0.1590000092983245,-0.050000000745058,-0.0196501165628433,0.0010094901081174,-9.692559242248535,0.0005772418808192,-0.0001067847770173,0.0003619568597059,100.0,16.200000762939453,47.397971,8.5461646,attack,12.75
1772701853.117447,2026-03-05T09:10:53.117447,square,1,47.39809369888358,8.546345865348558,0.1590000092983245,-0.050000000745058,-0.0196501165628433,0.0010094901081174,-9.692559242248535,0.0005772418808192,-0.0001067847770173,0.0003619568597059,100.0,16.200000762939453,47.397971,8.5461646,attack,12.854
1772701853.2191937,2026-03-05T09:10:53.219193,square,1,47.39809467015353,8.54634730022377,0.1590000092983245,-0.050000000745058,-0.0196501165628433,0.0010094901081174,-9.692559242248535,0.0005772418808192,-0.0001067847770173,0.0003619568597059,100.0,16.200000762939453,47.397971,8.5461646,attack,12.955
1772701853.321877,2026-03-05T09:10:53.321877,square,1,47.398095650363345,8.546348748306007,0.1590000092983245,-0.0510000027716159,0.0024480572901666,-0.002757272683084,-9.693215370178224,-0.00063385424437,-0.0008609293727204,-0.0005241275066509,100.0,16.200000762939453,47.397971,8.5461646,attack,13.058
1772701853.4253724,2026-03-05T09:10:53.425372,square,1,47.398096638324986,8.546350207840158,0.1590000092983245,-0.0510000027716159,0.0024480572901666,-0.002757272683084,-9.693215370178224,-0.00063385424437,-0.0008609293727204,-0.0005241275066509,100.0,16.200000762939453,47.397971,8.5461646,attack,13.161
1772701853.5312872,2026-03-05T09:10:53.531287,square,1,47.398097649382784,8.546351701494695,0.1590000092983245,-0.0510000027716159,0.0024480572901666,-0.002757272683084,-9.693215370178224,-0.00063385424437,-0.0008609293727204,-0.0005241275066509,100.0,16.200000762939453,47.397971,8.5461646,attack,13.267
1772701853.6348543,2026-03-05T09:10:53.634854,square,1,47.39809863802948,8.546353162040893,0.1590000092983245,-0.0510000027716159,-5.499692633748055e-05,-0.0025789570063352,-9.697617530822754,6.079573358874768e-05,-0.0014077103696763,-0.0007017613388597,100.0,16.200000762939453,47.397971,8.5461646,attack,13.371
1772701853.73636,2026-03-05T09:10:53.736360,square,1,47.398099606998464,8.546354593516842,0.1590000092983245,-0.0510000027716159,-5.499692633748055e-05,-0.0025789570063352,-9.697617530822754,6.079573358874768e-05,-0.0014077103696763,-0.0007017613388597,100.0,16.200000762939453,47.397971,8.5461646,attack,13.472
1772701853.839177,2026-03-05T09:10:53.839177,square,1,47.3981005884828,8.546356043481953,0.1590000092983245,-0.0510000027716159,-0.0048375097103416,-0.0087314695119857,-9.69615650177002,0.0008947620517574,-0.0005908990860916,-0.0005823820247314,100.0,16.200000762939453,47.397971,8.5461646,attack,13.575
1772701853.9410703,2026-03-05T09:10:53.941070,square,1,47.39810156115245,8.546357480424966,0.1590000092983245,-0.0510000027716159,-0.0048375097103416,-0.0087314695119857,-9.69615650177002,0.0008947620517574,-0.0005908990860916,-0.0005823820247314,100.0,16.200000762939453,47.397971,8.5461646,attack,13.677
1772701854.0431538,2026-03-05T09:10:54.043154,square,1,47.39810253563602,8.546358920047714,0.1590000092983245,-0.0510000027716159,0.0065932678990066,-0.002498505404219,-9.700825691223145,-0.0014584138989448,-0.0002070731425192,-0.0002115894021699,100.0,16.200000762939453,47.397971,8.5461646,attack,13.779
1772701854.1443725,2026-03-05T09:10:54.144372,square,1,47.39810350186479,8.546360347475483,0.1590000092983245,-0.0510000027716159,0.0065932678990066,-0.002498505404219,-9.700825691223145,-0.0014584138989448,-0.0002070731425192,-0.0002115894021699,100.0,16.200000762939453,47.397971,8.5461646,attack,13.88
1772701854.2994034,2026-03-05T09:10:54.299403,square,1,47.3981049817828,8.546362533785963,0.1590000092983245,-0.0510000027716159,0.0065932678990066,-0.002498505404219,-9.700825691223145,-0.0014584138989448,-0.0002070731425192,-0.0002115894021699,100.0,16.200000762939453,47.397971,8.5461646,attack,14.035
1772701854.44293,2026-03-05T09:10:54.442930,square,1,47.39810635188027,8.546364557856498,0.1580000072717666,-0.0520000010728836,-0.0020903681870549,-0.000813010148704,-9.699814796447754,0.0001017262839013,0.0001193397911265,-0.0003042184689547,100.0,16.200000762939453,47.397971,8.5461646,attack,14.179
1772701854.5457911,2026-03-05T09:10:54.545791,square,1,47.39810733378793,8.546366008446991,0.1580000072717666,-0.0520000010728836,-0.0006047212518751,0.0077487868256866,-9.69597625732422,0.0011483835987746,-0.0001268636551685,-0.0006948564550839,100.0,16.200000762939453,47.397971,8.5461646,attack,14.282
1772701854.6470523,2026-03-05T09:10:54.647052,square,1,47.39810830042181,8.546367436473247,0.1580000072717666,-0.0520000010728836,-0.0006047212518751,0.0077487868256866,-9.69597625732422,0.0011483835987746,-0.0001268636551685,-0.0006948564550839,100.0,16.200000762939453,47.397971,8.5461646,attack,14.383
1772701854.749113,2026-03-05T09:10:54.749113,square,1,47.39810927468916,8.546368875776578,0.1580000072717666,-0.0520000010728836,-0.0006047212518751,0.0077487868256866,-9.69597625732422,0.0011483835987746,-0.0001268636551685,-0.0006948564550839,100.0,16.200000762939453,47.397971,8.5461646,attack,14.485
1772701854.8505354,2026-03-05T09:10:54.850535,square,1,47.39811024286158,8.546370306075731,0.1570000052452087,-0.0530000030994415,-0.0006047212518751,0.0077487868256866,-9.69597625732422,0.0011483835987746,-0.0001268636551685,-0.0006948564550839,100.0,16.200000762939453,47.397971,8.5461646,attack,14.587
1772701854.952115,2026-03-05T09:10:54.952115,square,1,47.3981112125361,8.546371738593987,0.1570000052452087,-0.0530000030994415,0.0011880302336066,-0.0015927928034216,-9.700594902038574,0.0007847895030863,-0.0004796739667654,0.0005264627397991,100.0,16.200000762939453,47.397971,8.5461646,attack,14.688
1772701855.103282,2026-03-05T09:10:55.103282,square,1,47.398112655568085,8.546373870412046,0.1570000052452087,-0.0530000030994415,0.0011880302336066,-0.0015927928034216,-9.700594902038574,0.0007847895030863,-0.0004796739667654,0.0005264627397991,100.0,16.200000762939453,47.397971,8.5461646,attack,14.839
1772701855.2071865,2026-03-05T09:10:55.207186,square,1,47.398113647435224,8.546375335715865,0.1570000052452087,-0.0530000030994415,0.0011880302336066,-0.0015927928034216,-9.700594902038574,0.0007847895030863,-0.0004796739667654,0.0005264627397991,100.0,16.200000762939453,47.397971,8.5461646,attack,14.943
1772701855.3149278,2026-03-05T09:10:55.314928,square,1,47.39811467592894,8.546376855128806,0.1570000052452087,-0.0530000030994415,0.0011880302336066,-0.0015927928034216,-9.700594902038574,0.0007847895030863,-0.0004796739667654,0.0005264627397991,100.0,16.200000762939453,47.397971,8.5461646,attack,15.051
1772701855.423069,2026-03-05T09:10:55.423069,square,1,47.39811570823939,8.546378380180284,0.1560000032186508,-0.0530000030994415,-0.0001577037619426,0.0030751193407922,-9.689858436584473,-7.025690865702927e-05,0.0004371493705548,0.0009815725497901,100.0,16.200000762939453,47.397971,8.5461646,attack,15.159
1772701855.5251377,2026-03-05T09:10:55.525138,square,1,47.39811668258185,8.546379819594572,0.1560000032186508,-0.0540000014007091,-0.0001577037619426,0.0030751193407922,-9.689858436584473,-7.025690865702927e-05,0.0004371493705548,0.0009815725497901,100.0,16.200000762939453,47.397971,8.5461646,attack,15.261
1772701855.6280668,2026-03-05T09:10:55.628067,square,1,47.39811766513815,8.546381271143314,0.1550000011920929,-0.0540000014007091,0.0014685668284073,0.0035072776954621,-9.699992179870604,0.0006360482657328,0.0010560852242633,-0.0005314328591339,100.0,16.200000762939453,47.397971,8.5461646,attack,15.364
1772701855.7318811,2026-03-05T09:10:55.731881,square,1,47.39811865614499,8.546382735176193,0.1550000011920929,-0.0540000014007091,0.0014685668284073,0.0035072776954621,-9.699992179870604,0.0006360482657328,0.0010560852242633,-0.0005314328591339,100.0,16.200000762939453,47.397971,8.5461646,attack,15.468
1772701855.8392525,2026-03-05T09:10:55.839252,square,1,47.39811968110646,8.54638424937088,0.1550000011920929,-0.0540000014007091,0.0014685668284073,0.0035072776954621,-9.699992179870604,0.0006360482657328,0.0010560852242633,-0.0005314328591339,100.0,16.200000762939453,47.397971,8.5461646,attack,15.575
1772701855.9527175,2026-03-05T09:10:55.952718,square,1,47.39812076423847,8.546385849502002,0.1540000140666961,-0.055000003427267,-0.0017661321908235,-0.0021890026982873,-9.695357322692873,0.0005059657269157,-0.000400760298362,-0.0002674633869901,100.0,16.200000762939453,47.397971,8.5461646,attack,15.689
1772701856.1116602,2026-03-05T09:10:56.111660,square,1,47.398122281497706,8.546388090977361,0.1540000140666961,-0.055000003427267,-0.0017661321908235,-0.0021890026982873,-9.695357322692873,0.0005059657269157,-0.000400760298362,-0.0002674633869901,100.0,16.200000762939453,47.397971,8.5461646,attack,15.848
1772701856.2260711,2026-03-05T09:10:56.226071,square,1,47.39812337365834,8.546389704446637,0.1540000140666961,-0.055000003427267,-0.0017661321908235,-0.0021890026982873,-9.695357322692873,0.0005059657269157,-0.000400760298362,-0.0002674633869901,100.0,16.200000762939453,47.397971,8.5461646,attack,15.962
1772701856.3309488,2026-03-05T09:10:56.330949,square,1,47.398124374815836,8.54639118347527,0.1540000140666961,-0.055000003427267,-0.0017661321908235,-0.0021890026982873,-9.695357322692873,0.0005059657269157,-0.000400760298362,-0.0002674633869901,100.0,16.200000762939453,47.397971,8.5461646,attack,16.067
1772701856.434,2026-03-05T09:10:56.434000,square,1,47.39812535853741,8.546392736745501,0.1540000140666961,-0.0560000017285347,-0.0068155527114868,-0.0031545972451567,-9.706199645996094,-0.0005260067409835,-6.665966066066176e-05,0.0008450175519101,100.0,16.200000762939453,47.397971,8.5461647,attack,16.17
1772701856.536152,2026-03-05T09:10:56.536152,square,1,47.39812633367418,8.546394177333221,0.1540000140666961,-0.0560000017285347,-0.0020086872391402,0.0043839402496814,-9.700489044189451,0.0001092094753403,-0.00083339685807,8.304871153086424e-05,100.0,16.200000762939453,47.397971,8.5461647,attack,16.272
1772701856.6600285,2026-03-05T09:10:56.660028,square,1,47.398127516193874,8.546395924291616,0.1540000140666961,-0.0560000017285347,-0.0020086872391402,0.0043839402496814,-9.700489044189451,0.0001092094753403,-0.00083339685807,8.304871153086424e-05,100.0,16.200000762939453,47.397971,8.5461647,attack,16.396
1772701856.7782185,2026-03-05T09:10:56.778218,square,1,47.39812864443031,8.546397591056342,0.1540000140666961,-0.0560000017285347,-0.0020086872391402,0.0043839402496814,-9.700489044189451,0.0001092094753403,-0.00083339685807,8.304871153086424e-05,100.0,16.200000762939453,47.397971,8.5461647,attack,16.514
1772701856.8819776,2026-03-05T09:10:56.881978,square,1,47.39812963490913,8.546399054309171,0.1530000120401382,-0.0560000017285347,-0.0055652800947427,-0.0001063407107722,-9.706957817077637,0.0001006824895739,0.0004796745779458,0.0007766609778627,100.0,16.200000762939453,47.397971,8.5461647,attack,16.618
1772701856.9839995,2026-03-05T09:10:56.983999,square,1,47.39813060880551,8.546400493064452,0.1530000120401382,-0.0560000017285347,-0.0055652800947427,-0.0001063407107722,-9.706957817077637,0.0001006824895739,0.0004796745779458,0.0007766609778627,100.0,16.200000762939453,47.397971,8.5461647,attack,16.72
1772701857.087425,2026-03-05T09:10:57.087425,square,1,47.3981315961003,8.546401951613456,0.1530000120401382,-0.0560000017285347,-0.0055652800947427,-0.0001063407107722,-9.706957817077637,0.0001006824895739,0.0004796745779458,0.0007766609778627,100.0,16.200000762939453,47.397971,8.5461647,attack,16.823
1772701857.2289226,2026-03-05T09:10:57.228923,square,1,47.398132946829584,8.546403947071013,0.1530000120401382,-0.0560000017285347,-0.0021520373411476,0.0018731955206021,-9.703633308410645,0.0003535910509526,-0.0003898359136655,-0.0005573398666456,100.0,16.200000762939453,47.397971,8.5461647,attack,16.965
1772701857.4060016,2026-03-05T09:10:57.406002,square,1,47.3981346372167,8.546406444311415,0.1530000120401382,-0.0560000017285347,-0.0021520373411476,0.0018731955206021,-9.703633308410645,0.0003535910509526,-0.0003898359136655,-0.0005573398666456,100.0,16.200000762939453,47.397971,8.5461647,attack,17.142
1772701857.5090892,2026-03-05T09:10:57.509089,square,1,47.39813562128649,8.546407898096072,0.1530000120401382,-0.0560000017285347,-0.0021520373411476,0.0018731955206021,-9.703633308410645,0.0003535910509526,-0.0003898359136655,-0.0005573398666456,100.0,16.200000762939453,47.397971,8.5461647,attack,17.245
1772701857.613465,2026-03-05T09:10:57.613465,square,1,47.39813661765315,8.546409370047112,0.1540000140666961,-0.0560000017285347,-0.0055450024083256,0.0020653996616601,-9.704092979431152,0.0010585761629045,-0.0005469402531161,0.0001138240331783,100.0,16.200000762939453,47.397971,8.5461647,attack,17.35
1772701857.72811,2026-03-05T09:10:57.728110,square,1,47.39813771204876,8.546410986818143,0.1540000140666961,-0.0560000017285347,-0.0055450024083256,0.0020653996616601,-9.704092979431152,0.0010585761629045,-0.0005469402531161,0.0001138240331783,100.0,16.200000762939453,47.397971,8.5461647,attack,17.464
1772701857.8302712,2026-03-05T09:10:57.830271,square,1,47.398138687274276,8.546412427536994,0.1540000140666961,-0.0560000017285347,-0.0055450024083256,0.0020653996616601,-9.704092979431152,0.0010585761629045,-0.0005469402531161,0.0001138240331783,100.0,16.200000762939453,47.397971,8.5461647,attack,17.566
1772701857.931918,2026-03-05T09:10:57.931918,square,1,47.39813965758834,8.54641386100005,0.1540000140666961,-0.0560000017285347,0.0001055062166415,-0.0032714447006583,-9.700249671936035,-0.0007830681861378,0.0004032020515296,0.000299657927826,100.0,16.200000762939453,47.397971,8.5461647,attack,17.668
1772701858.0370083,2026-03-05T09:10:58.037009,square,1,47.398140660775965,8.546415343027833,0.1550000011920929,-0.055000003427267,0.0001055062166415,-0.0032714447006583,-9.700249671936035,-0.0007830681861378,0.0004032020515296,0.000299657927826,100.0,16.200000762939453,47.397971,8.5461647,attack,17.773
1772701858.1674452,2026-03-05T09:10:58.167445,square,1,47.398141905920205,8.546417182502639,0.1550000011920929,-0.055000003427267,0.0001055062166415,-0.0032714447006583,-9.700249671936035,-0.0007830681861378,0.0004032020515296,0.000299657927826,100.0,16.200000762939453,47.397971,8.5461647,attack,17.903
1772701858.3032036,2026-03-05T09:10:58.303204,square,1,47.398143201863256,8.546419097023465,0.1550000011920929,-0.0540000014007091,-9.980250615626574e-05,0.0008284854120574,-9.701936721801758,-6.782833952456713e-05,0.0004539930087048,-0.0001391750120092,100.0,16.200000762939453,47.397971,8.5461647,attack,18.039
1772701858.4188194,2026-03-05T09:10:58.418819,square,1,47.39814430552645,8.546420727485689,0.1550000011920929,-0.0540000014007091,-9.980250615626574e-05,0.0008284854120574,-9.701936721801758,-6.782833952456713e-05,0.0004539930087048,-0.0001391750120092,100.0,16.200000762939453,47.397971,8.5461647,attack,18.155
1772701858.520152,2026-03-05T09:10:58.520152,square,1,47.39814527284311,8.546422156520626,0.1550000011920929,-0.0540000014007091,-9.980250615626574e-05,0.0008284854120574,-9.701936721801758,-6.782833952456713e-05,0.0004539930087048,-0.0001391750120092,100.0,16.200000762939453,47.397971,8.5461647,attack,18.256
1772701858.6389074,2026-03-05T09:10:58.638907,square,1,47.39814640647578,8.546423831257313,0.1560000032186508,-0.0530000030994415,-0.0014828441198915,-0.009513727389276,-9.69261646270752,-0.0002324548258911,0.0002456648799125,-0.0015713829779997,100.0,16.200000762939453,47.397971,8.5461647,attack,18.375
1772701858.7475288,2026-03-05T09:10:58.747529,square,1,47.398147443369965,8.546425363080417,0.1560000032186508,-0.0530000030994415,-0.0014828441198915,-0.009513727389276,-9.69261646270752,-0.0002324548258911,0.0002456648799125,-0.0015713829779997,100.0,16.200000762939453,47.397971,8.5461647,attack,18.484
1772701858.8519611,2026-03-05T09:10:58.851961,square,1,47.39814844027602,8.546426835828317,0.1560000032186508,-0.0530000030994415,-0.0014828441198915,-0.009513727389276,-9.69261646270752,-0.0002324548258911,0.0002456648799125,-0.0015713829779997,100.0,16.200000762939453,47.397971,8.5461647,attack,18.588
1772701858.954001,2026-03-05T09:10:58.954001,square,1,47.39814941434309,8.546428274835767,0.1600000113248825,-0.050000000745058,0.0019313445081934,0.0060911341570317,-9.697688102722168,0.000598358514253,-0.0010901513742282,0.0003179514897055,100.0,16.200000762939453,47.397971,8.5461647,attack,18.69
1772701859.0551813,2026-03-05T09:10:59.055181,square,1,47.39815038020543,8.546429701722209,0.1600000113248825,-0.050000000745058,0.0019313445081934,0.0060911341570317,-9.697688102722168,0.000598358514253,-0.0010901513742282,0.0003179514897055,100.0,16.200000762939453,47.397971,8.5461647,attack,18.791
1772701859.1565866,2026-03-05T09:10:59.156587,square,1,47.398151348216246,8.546431131782642,0.1600000113248825,-0.050000000745058,0.0019313445081934,0.0060911341570317,-9.697688102722168,0.000598358514253,-0.0010901513742282,0.0003179514897055,100.0,16.200000762939453,47.397971,8.5461647,attack,18.893
1772701859.268443,2026-03-05T09:10:59.268443,square,1,47.39815241599255,8.546432709228482,0.1600000113248825,-0.050000000745058,0.0019313445081934,0.0060911341570317,-9.697688102722168,0.000598358514253,-0.0010901513742282,0.0003179514897055,100.0,16.200000762939453,47.397971,8.5461647,attack,19.004
1772701859.3719606,2026-03-05T09:10:59.371961,square,1,47.39815340416585,8.546434169075324,0.1610000133514404,-0.0490000024437904,-0.0008037107763811,0.0026300845202058,-9.696683883666992,0.0002918873506132,-0.0001712399243842,0.0001958125358214,100.0,16.200000762939453,47.397971,8.5461647,attack,19.108
1772701859.4731257,2026-03-05T09:10:59.473125,square,1,47.398154369882526,8.546435595746582,0.1610000133514404,-0.0490000024437904,-0.0008037107763811,0.0026300845202058,-9.696683883666992,0.0002918873506132,-0.0001712399243842,0.0001958125358214,100.0,16.200000762939453,47.397971,8.5461647,attack,19.209
1772701859.574178,2026-03-05T09:10:59.574178,square,1,47.39815533452269,8.546437020827481,0.1610000133514404,-0.0490000024437904,-0.0008037107763811,0.0026300845202058,-9.696683883666992,0.0002918873506132,-0.0001712399243842,0.0001958125358214,100.0,16.200000762939453,47.397971,8.5461647,attack,19.31
1772701859.678393,2026-03-05T09:10:59.678393,square,1,47.39815632935309,8.546438490508985,0.1610000133514404,-0.0490000024437904,-0.0008037107763811,0.0026300845202058,-9.696683883666992,0.0002918873506132,-0.0001712399243842,0.0001958125358214,100.0,16.200000762939453,47.397971,8.5461647,attack,19.414
1772701859.8022766,2026-03-05T09:10:59.802277,square,1,47.398157511941065,8.546440237568246,0.1610000133514404,-0.0490000024437904,-0.0008037107763811,0.0026300845202058,-9.696683883666992,0.0002918873506132,-0.0001712399243842,0.0001958125358214,100.0,16.200000762939453,47.397971,8.5461647,attack,19.538
1772701859.9132006,2026-03-05T09:10:59.913201,square,1,47.3981585708162,8.546441801864221,0.1650000065565109,-0.0450000017881393,0.0061173066496849,0.0034174150787293,-9.698287010192873,0.0002498683752492,0.0002667460066732,-0.0007121654925867,100.0,16.200000762939453,47.397971,8.5461647,attack,19.649
1772701860.0241392,2026-03-05T09:11:00.024139,square,1,47.39815962983016,8.546443366365295,0.1650000065565109,-0.0450000017881393,0.0061173066496849,0.0034174150787293,-9.698287010192873,0.0002498683752492,0.0002667460066732,-0.0007121654925867,100.0,16.200000762939453,47.397971,8.5461647,attack,19.76
1772701860.1310022,2026-03-05T09:11:00.131002,square,1,47.39816064993934,8.546444873391609,0.1650000065565109,-0.0450000017881393,0.0061173066496849,0.0034174150787293,-9.698287010192873,0.0002498683752492,0.0002667460066732,-0.0007121654925867,100.0,16.200000762939453,47.397971,8.5461647,attack,19.867
1772701860.233118,2026-03-05T09:11:00.233118,square,1,47.39816162473244,8.546446313471627,0.1650000065565109,-0.0450000017881393,0.0061173066496849,0.0034174150787293,-9.698287010192873,0.0002498683752492,0.0002667460066732,-0.0007121654925867,100.0,16.200000762939453,47.397971,8.5461647,attack,19.969
1772701860.3365326,2026-03-05T09:11:00.336533,square,1,47.39816261192254,8.546447771865965,0.1680000126361847,-0.0420000031590461,-0.0084073096513748,-0.0062084328383207,-9.69522476196289,-0.0008147294283844,-0.0004229335463605,-0.0003744164132513,100.0,16.200000762939453,47.397971,8.5461647,attack,20.073
1772701860.4396057,2026-03-05T09:11:00.439605,square,1,47.3981635958535,8.546449225445524,0.1680000126361847,-0.0420000031590461,-0.0084073096513748,-0.0062084328383207,-9.69522476196289,-0.0008147294283844,-0.0004229335463605,-0.0003744164132513,100.0,16.200000762939453,47.397971,8.5461647,attack,20.176
1772701860.54115,2026-03-05T09:11:00.541150,square,1,47.39816456519119,8.546450657466163,0.1680000126361847,-0.0420000031590461,-0.0084073096513748,-0.0062084328383207,-9.69522476196289,-0.0008147294283844,-0.0004229335463605,-0.0003744164132513,100.0,16.200000762939453,47.397971,8.5461647,attack,20.277
1772701860.6431122,2026-03-05T09:11:00.643112,square,1,47.39816553851631,8.546452095377512,0.1730000078678131,-0.0370000004768371,-0.0027090772055089,0.0041356231085956,-9.69784164428711,0.0005804745014756,0.0001315303088631,-0.0004051905125379,100.0,16.200000762939453,47.397971,8.5461647,attack,20.379
1772701860.7468522,2026-03-05T09:11:00.746852,square,1,47.39816652881305,8.546453558361359,0.1730000078678131,-0.0370000004768371,-0.0027090772055089,0.0041356231085956,-9.69784164428711,0.0005804745014756,0.0001315303088631,-0.0004051905125379,100.0,16.200000762939453,47.397971,8.5461647,attack,20.483
1772701860.84989,2026-03-05T09:11:00.849890,square,1,47.39816751240718,8.546455011443301,0.1730000078678131,-0.0370000004768371,-0.0027090772055089,0.0041356231085956,-9.69784164428711,0.0005804745014756,0.0001315303088631,-0.0004051905125379,100.0,16.200000762939453,47.397971,8.5461647,attack,20.586
1772701860.952221,2026-03-05T09:11:00.952221,square,1,47.398168489253166,8.546456454556091,0.1730000078678131,-0.0370000004768371,-0.0027090772055089,0.0041356231085956,-9.69784164428711,0.0005804745014756,0.0001315303088631,-0.0004051905125379,100.0,16.200000762939453,47.397971,8.5461647,attack,20.688
1772701861.0552766,2026-03-05T09:11:01.055277,square,1,47.39816947301799,8.546457907890204,0.1760000139474868,-0.0340000018477439,0.0023058545775711,0.0055688084103167,-9.692898750305176,-0.0002220686292275,0.0009750600438565,-0.0003410593490116,100.0,16.200000762939453,47.397971,8.5461647,attack,20.791
1772701861.1563046,2026-03-05T09:11:01.156305,square,1,47.398170437426,8.546459332628151,0.1760000139474868,-0.0340000018477439,0.0023058545775711,0.0055688084103167,-9.692898750305176,-0.0002220686292275,0.0009750600438565,-0.0003410593490116,100.0,16.200000762939453,47.397971,8.5461647,attack,20.892
1772701861.2603583,2026-03-05T09:11:01.260358,square,1,47.39817143071787,8.546460800036755,0.1800000071525573,-0.0300000011920928,-0.0019911942072212,0.0049420460127294,-9.691149711608888,-0.0002654940763022,0.0002513144281692,-0.0001473829324822,100.0,16.200000762939453,47.397971,8.5461647,attack,20.996
1772701861.3619635,2026-03-05T09:11:01.361964,square,1,47.39817240063593,8.546462232914775,0.1800000071525573,-0.0300000011920928,-0.0019911942072212,0.0049420460127294,-9.691149711608888,-0.0002654940763022,0.0002513144281692,-0.0001473829324822,100.0,16.200000762939453,47.397971,8.5461647,attack,21.098
1772701861.465236,2026-03-05T09:11:01.465236,square,1,47.398173386469566,8.546463689305197,0.1800000071525573,-0.0300000011920928,-0.0019911942072212,0.0049420460127294,-9.691149711608888,-0.0002654940763022,0.0002513144281692,-0.0001473829324822,100.0,16.200000762939453,47.397971,8.5461647,attack,21.201
1772701861.5671618,2026-03-05T09:11:01.567162,square,1,47.398174359448745,8.54646512670548,0.1800000071525573,-0.0300000011920928,-0.0019911942072212,0.0049420460127294,-9.691149711608888,-0.0002654940763022,0.0002513144281692,-0.0001473829324822,100.0,16.200000762939453,47.397971,8.5461647,attack,21.303
1772701861.6768918,2026-03-05T09:11:01.676892,square,1,47.39817540692601,8.546466674163172,0.1800000071525573,-0.0300000011920928,-0.0019911942072212,0.0049420460127294,-9.691149711608888,-0.0002654940763022,0.0002513144281692,-0.0001473829324822,100.0,16.200000762939453,47.397971,8.5461647,attack,21.413
1772701861.7980585,2026-03-05T09:11:01.798059,square,1,47.39817656357746,8.546468382905926,0.1870000064373016,-0.0230000019073486,-0.0045779789797961,-0.0052257999777793,-9.701396942138672,-0.0003376767563167,0.0008712566341273,-0.0007257156539708,100.0,16.200000762939453,47.397971,8.5461647,attack,21.534
1772701861.901147,2026-03-05T09:11:01.901147,square,1,47.398177547654086,8.546469836700672,0.1870000064373016,-0.0230000019073486,-0.0045779789797961,-0.0052257999777793,-9.701396942138672,-0.0003376767563167,0.0008712566341273,-0.0007257156539708,100.0,16.200000762939453,47.397971,8.5461647,attack,21.637
1772701862.0046816,2026-03-05T09:11:02.004682,square,1,47.39817853599125,8.5464712967896,0.1870000064373016,-0.0230000019073486,-0.0045779789797961,-0.0052257999777793,-9.701396942138672,-0.0003376767563167,0.0008712566341273,-0.0007257156539708,100.0,16.200000762939453,47.397971,8.5461647,attack,21.741
1772701862.106891,2026-03-05T09:11:02.106891,square,1,47.39817951167651,8.546472738187628,0.1910000145435333,-0.0190000012516975,0.0096444832161068,-0.0077146841213107,-9.708786964416504,0.0005211971583776,-0.0005133139784447,-0.0007271787035278,100.0,16.200000762939453,47.397971,8.5461647,attack,21.843
1772701862.208769,2026-03-05T09:11:02.208769,square,1,47.3981804842005,8.546474174915454,0.1910000145435333,-0.0190000012516975,0.0096444832161068,-0.0077146841213107,-9.708786964416504,0.0005211971583776,-0.0005133139784447,-0.0007271787035278,100.0,16.200000762939453,47.397971,8.5461647,attack,21.945
1772701862.309783,2026-03-05T09:11:02.309783,square,1,47.39818144847424,8.546475599455029,0.1910000145435333,-0.0190000012516975,0.0096444832161068,-0.0077146841213107,-9.708786964416504,0.0005211971583776,-0.0005133139784447,-0.0007271787035278,100.0,16.200000762939453,47.397971,8.5461647,attack,22.046
1772701862.416865,2026-03-05T09:11:02.416865,square,1,47.398182470675,8.546477109571274,0.1910000145435333,-0.0190000012516975,-0.0007581849349662,-0.0007526779081672,-9.695409774780272,0.0001773339754436,0.0001917217159643,-0.0003883392782881,100.0,16.200000762939453,47.397971,8.5461647,attack,22.153
1772701862.5199864,2026-03-05T09:11:02.519986,square,1,47.398183455065706,8.546478563830012,0.2000000029802322,-0.0090000005438923,-0.0046263481490314,-0.0013107048580422,-9.70443058013916,0.0010051778517663,0.0004931408329866,0.0010044109076261,100.0,16.200000762939453,47.397971,8.5461647,attack,22.256
1772701862.6218631,2026-03-05T09:11:02.621863,square,1,47.39818442757604,8.546480000537665,0.2000000029802322,-0.0090000005438923,-0.0046263481490314,-0.0013107048580422,-9.70443058013916,0.0010051778517663,0.0004931408329866,0.0010044109076261,100.0,16.200000762939453,47.397971,8.5461647,attack,22.358
1772701862.7232485,2026-03-05T09:11:02.723248,square,1,47.398185395395686,8.546481430315666,0.2000000029802322,-0.0090000005438923,-0.0046263481490314,-0.0013107048580422,-9.70443058013916,0.0010051778517663,0.0004931408329866,0.0010044109076261,100.0,16.200000762939453,47.397971,8.5461647,attack,22.459
1772701862.825209,2026-03-05T09:11:02.825209,square,1,47.39818636870487,8.546482868203478,0.2000000029802322,-0.0090000005438923,-0.0046263481490314,-0.0013107048580422,-9.70443058013916,0.0010051778517663,0.0004931408329866,0.0010044109076261,100.0,16.200000762939453,47.397971,8.5461647,attack,22.561
1772701862.9265916,2026-03-05T09:11:02.926592,square,1,47.398187336499475,8.546484297944493,0.2060000151395797,-0.0040000001899898,0.0058591347187757,-0.0029265824705362,-9.704535484313965,-0.0002192064275732,4.584887938108295e-05,-0.0004218826652504,100.0,16.200000762939453,47.397971,8.5461647,attack,22.663
1772701863.0650158,2026-03-05T09:11:03.065016,square,1,47.39818865788972,8.546486250058939,0.2060000151395797,-0.0040000001899898,0.0058591347187757,-0.0029265824705362,-9.704535484313965,-0.0002192064275732,4.584887938108295e-05,-0.0004218826652504,100.0,16.200000762939453,47.397971,8.5461647,attack,22.801
1772701863.1693296,2026-03-05T09:11:03.169330,square,1,47.39818965366463,8.546487721135787,0.2060000151395797,-0.0040000001899898,0.0058591347187757,-0.0029265824705362,-9.704535484313965,-0.0002192064275732,4.584887938108295e-05,-0.0004218826652504,100.0,16.200000762939453,47.397971,8.5461647,attack,22.905
1772701863.272346,2026-03-05T09:11:03.272346,square,1,47.39819063705392,8.546489173915123,0.2100000083446502,0.0,0.0039082490839064,-0.0046183164231479,-9.700523376464844,-0.0008875095518305,0.0005596101982519,0.0003936694120056,100.0,16.200000762939453,47.397971,8.5461647,attack,23.008
1772701863.3902285,2026-03-05T09:11:03.390229,square,1,47.39819176235441,8.546490836342514,0.2100000083446502,0.0,0.0039082490839064,-0.0046183164231479,-9.700523376464844,-0.0008875095518305,0.0005596101982519,0.0003936694120056,100.0,16.200000762939453,47.397971,8.5461647,attack,23.126
1772701863.4919455,2026-03-05T09:11:03.491946,square,1,47.398192733339876,8.546492270797442,0.2100000083446502,0.0,0.0039082490839064,-0.0046183164231479,-9.700523376464844,-0.0008875095518305,0.0005596101982519,0.0003936694120056,100.0,16.200000762939453,47.397971,8.5461647,attack,23.228
1772701863.594074,2026-03-05T09:11:03.594074,square,1,47.398193708253594,8.546493711055659,0.213000014424324,0.003000000026077,-0.0025041000917553,-0.0033796580974012,-9.704682350158691,-0.000569611613173,-0.0006299641099758,-0.0004092782037332,100.0,16.200000762939453,47.397971,8.5461647,attack,23.33
1772701863.6957824,2026-03-05T09:11:03.695782,square,1,47.39819467915712,8.546495145389544,0.213000014424324,0.003000000026077,-0.0025041000917553,-0.0033796580974012,-9.704682350158691,-0.000569611613173,-0.0006299641099758,-0.0004092782037332,100.0,16.200000762939453,47.397971,8.5461647,attack,23.432
1772701863.7988214,2026-03-05T09:11:03.798821,square,1,47.398195662762625,8.546496598488298,0.213000014424324,0.003000000026077,-0.0025041000917553,-0.0033796580974012,-9.704682350158691,-0.000569611613173,-0.0006299641099758,-0.0004092782037332,100.0,16.200000762939453,47.397971,8.5461647,attack,23.535
1772701863.915072,2026-03-05T09:11:03.915072,square,1,47.398196772484354,8.546498237900902,0.213000014424324,0.003000000026077,-0.0025041000917553,-0.0033796580974012,-9.704682350158691,-0.000569611613173,-0.0006299641099758,-0.0004092782037332,100.0,16.200000762939453,47.397971,8.5461647,attack,23.651
1772701864.0162654,2026-03-05T09:11:04.016265,square,1,47.39819773847187,8.54649966497227,0.213000014424324,0.003000000026077,-0.0025041000917553,-0.0033796580974012,-9.704682350158691,-0.000569611613173,-0.0006299641099758,-0.0004092782037332,100.0,16.200000762939453,47.397971,8.5461647,attack,23.752
1772701864.1193168,2026-03-05T09:11:04.119317,square,1,47.39819872219572,8.546501118245862,0.2190000116825103,0.0080000003799796,0.0061139268800616,0.0015450433129444,-9.699591636657717,0.0004936168552376,-0.0001660867128521,-1.967715979844797e-05,100.0,16.200000762939453,47.397971,8.5461647,attack,23.855
1772701864.2208369,2026-03-05T09:11:04.220837,square,1,47.398199691301265,8.546502549923549,0.2230000048875808,0.0120000001043081,-0.0050321170128881,-0.0006004669703543,-9.70401096343994,-0.0003417635743971,-0.0001235028612427,0.0001903563679661,100.0,16.200000762939453,47.397971,8.5461647,attack,23.957
1772701864.32408,2026-03-05T09:11:04.324080,square,1,47.39820067685497,8.546504005900411,0.2230000048875808,0.0120000001043081,-0.0050321170128881,-0.0006004669703543,-9.70401096343994,-0.0003417635743971,-0.0001235028612427,0.0001903563679661,100.0,16.200000762939453,47.397971,8.5461647,attack,24.06
1772701864.426039,2026-03-05T09:11:04.426039,square,1,47.398201650150504,8.54650544376805,0.2230000048875808,0.0120000001043081,-0.0050321170128881,-0.0006004669703543,-9.70401096343994,-0.0003417635743971,-0.0001235028612427,0.0001903563679661,100.0,16.200000762939453,47.397971,8.5461647,attack,24.162
1772701864.5334334,2026-03-05T09:11:04.533433,square,1,47.39820267533273,8.546506958288877,0.2230000048875808,0.0120000001043081,-0.0050321170128881,-0.0006004669703543,-9.70401096343994,-0.0003417635743971,-0.0001235028612427,0.0001903563679661,100.0,16.200000762939453,47.397971,8.5461647,attack,24.269
1772701864.649389,2026-03-05T09:11:04.649389,square,1,47.398203782239136,8.546508593542345,0.2260000109672546,0.0160000007599592,-0.0014525662409141,0.0049835899844765,-9.695433616638184,0.0002165007754229,-0.0004843462374992,-0.0004098081844858,100.0,16.200000762939453,47.397971,8.5461647,attack,24.385
1772701864.7587988,2026-03-05T09:11:04.758799,square,1,47.39820482665983,8.5465101364845,0.2260000109672546,0.0160000007599592,-0.0014525662409141,0.0049835899844765,-9.695433616638184,0.0002165007754229,-0.0004843462374992,-0.0004098081844858,100.0,16.200000762939453,47.397971,8.5461647,attack,24.495
1772701864.8612387,2026-03-05T09:11:04.861239,square,1,47.39820580454592,8.546511581133851,0.2260000109672546,0.0160000007599592,-0.0014525662409141,0.0049835899844765,-9.695433616638184,0.0002165007754229,-0.0004843462374992,-0.0004098081844858,100.0,16.200000762939453,47.397971,8.5461647,attack,24.597
1772701864.9661772,2026-03-05T09:11:04.966177,square,1,47.39820680628377,8.546513061019864,0.2260000109672546,0.0160000007599592,-0.0014525662409141,0.0049835899844765,-9.695433616638184,0.0002165007754229,-0.0004843462374992,-0.0004098081844858,100.0,16.200000762939453,47.397971,8.5461647,attack,24.702
1772701865.0759747,2026-03-05T09:11:05.075975,square,1,47.39820785440512,8.546514609429082,0.2320000082254409,0.021000001579523,-0.0052831531502306,0.0005450023454613,-9.696900367736816,-4.57065507362131e-05,0.0011386587284505,0.0004265512689016,100.0,16.200000762939453,47.397971,8.5461647,attack,24.812
1772701865.1912756,2026-03-05T09:11:05.191276,square,1,47.39820895506182,8.546516235449737,0.2320000082254409,0.021000001579523,-0.0052831531502306,0.0005450023454613,-9.696900367736816,-4.57065507362131e-05,0.0011386587284505,0.0004265512689016,100.0,16.200000762939453,47.397971,8.5461647,attack,24.927
1772701865.2925632,2026-03-05T09:11:05.292563,square,1,47.39820992194832,8.546517663849205,0.2320000082254409,0.021000001579523,-0.0052831531502306,0.0005450023454613,-9.696900367736816,-4.57065507362131e-05,0.0011386587284505,0.0004265512689016,100.0,16.200000762939453,47.397971,8.5461647,attack,25.029
1772701865.4022567,2026-03-05T09:11:05.402257,square,1,47.39821096907737,8.546519210792468,0.2320000082254409,0.021000001579523,-0.0052831531502306,0.0005450023454613,-9.696900367736816,-4.57065507362131e-05,0.0011386587284505,0.0004265512689016,100.0,16.200000762939453,47.397971,8.5461647,attack,25.138
1772701865.504772,2026-03-05T09:11:05.504772,square,1,47.398211947682654,8.546520656504299,0.2350000143051147,0.025000000372529,8.664210326969624e-06,-0.0037581003271043,-9.695914268493652,-0.0007538003264926,0.0007393481209874,-2.4915534595493227e-05,100.0,16.200000762939453,47.397971,8.5461647,attack,25.241
1772701865.6094587,2026-03-05T09:11:05.609459,square,1,47.39821294701712,8.546522132839748,0.2350000143051147,0.025000000372529,8.664210326969624e-06,-0.0037581003271043,-9.695914268493652,-0.0007538003264926,0.0007393481209874,-2.4915534595493227e-05,100.0,16.200000762939453,47.397971,8.5461647,attack,25.346
1772701865.7127285,2026-03-05T09:11:05.712728,square,1,47.39821393282573,8.546523589193185,0.2350000143051147,0.025000000372529,8.664210326969624e-06,-0.0037581003271043,-9.695914268493652,-0.0007538003264926,0.0007393481209874,-2.4915534595493227e-05,100.0,16.200000762939453,47.397971,8.5461647,attack,25.449
1772701865.8138547,2026-03-05T09:11:05.813855,square,1,47.39821489817143,8.54652501531639,0.2410000115633011,0.0300000011920928,-0.0076221236959099,-0.0045897024683654,-9.705862045288086,4.894359881291166e-05,-0.0009559316094964,0.0011260313913226,100.0,16.200000762939453,47.397971,8.5461647,attack,25.55
1772701865.9176226,2026-03-05T09:11:05.917623,square,1,47.39821588873446,8.546526478693625,0.2410000115633011,0.0300000011920928,-0.0076221236959099,-0.0045897024683654,-9.705862045288086,4.894359881291166e-05,-0.0009559316094964,0.0011260313913226,100.0,16.200000762939453,47.397971,8.5461647,attack,25.654
1772701866.018551,2026-03-05T09:11:06.018551,square,1,47.398216852193414,8.546527902029503,0.2410000115633011,0.0300000011920928,-0.0076221236959099,-0.0045897024683654,-9.705862045288086,4.894359881291166e-05,-0.0009559316094964,0.0011260313913226,100.0,16.200000762939453,47.397971,8.5461647,attack,25.755
1772701866.1202762,2026-03-05T09:11:06.120276,square,1,47.39821782325626,8.546529336598748,0.2410000115633011,0.0300000011920928,-0.0076221236959099,-0.0045897024683654,-9.705862045288086,4.894359881291166e-05,-0.0009559316094964,0.0011260313913226,100.0,16.200000762939453,47.397971,8.5461647,attack,25.856
1772701866.221382,2026-03-05T09:11:06.221382,square,1,47.39821878840623,8.546530762432798,0.2440000176429748,0.032999999821186,-0.0032320683822035,0.0061835143715143,-9.692277908325195,-0.0010777049465104,-5.397659697337076e-05,7.306783663807437e-05,100.0,16.200000762939453,47.397971,8.5461647,attack,25.957
1772701866.3263094,2026-03-05T09:11:06.326309,square,1,47.3982197900394,8.546532242164146,0.2440000176429748,0.032999999821186,-0.0032320683822035,0.0061835143715143,-9.692277908325195,-0.0010777049465104,-5.397659697337076e-05,7.306783663807437e-05,100.0,16.200000762939453,47.397971,8.5461647,attack,26.062
1772701866.4364123,2026-03-05T09:11:06.436412,square,1,47.39822084107622,8.54653379488044,0.2440000176429748,0.032999999821186,-0.0032320683822035,0.0061835143715143,-9.692277908325195,-0.0010777049465104,-5.397659697337076e-05,7.306783663807437e-05,100.0,16.200000762939453,47.397971,8.5461647,attack,26.172
1772701866.5396774,2026-03-05T09:11:06.539677,square,1,47.398221826839304,8.546535251166631,0.2480000108480453,0.038000002503395,-0.000329916976625,0.0009483726462349,-9.699873924255373,0.0008188666542991,-0.0004061223298776,-4.5120912545826286e-05,100.0,16.200000762939453,47.397971,8.5461647,attack,26.276
1772701866.6471093,2026-03-05T09:11:06.647109,square,1,47.39822285237886,8.546536766215338,0.2480000108480453,0.038000002503395,-0.000329916976625,0.0009483726462349,-9.699873924255373,0.0008188666542991,-0.0004061223298776,-4.5120912545826286e-05,100.0,16.200000762939453,47.397971,8.5461647,attack,26.383
1772701866.7521937,2026-03-05T09:11:06.752194,square,1,47.398223855509585,8.546538248159065,0.2480000108480453,0.038000002503395,-0.000329916976625,0.0009483726462349,-9.699873924255373,0.0008188666542991,-0.0004061223298776,-4.5120912545826286e-05,100.0,16.200000762939453,47.397971,8.5461647,attack,26.488
1772701866.8729107,2026-03-05T09:11:06.872911,square,1,47.39822500786863,8.546539950560565,0.2480000108480453,0.038000002503395,-0.000329916976625,0.0009483726462349,-9.699873924255373,0.0008188666542991,-0.0004061223298776,-4.5120912545826286e-05,100.0,16.200000762939453,47.397971,8.5461647,attack,26.609
1772701866.9740665,2026-03-05T09:11:06.974066,square,1,47.398225973496544,8.546541377100692,0.2520000040531158,0.0410000011324882,-0.0006121108890511,-0.0004609923053067,-9.686591148376465,0.0005731272394768,0.0007162304827943,0.0001118287036661,100.0,16.200000762939453,47.397971,8.5461647,attack,26.71
1772701867.0758965,2026-03-05T09:11:07.075897,square,1,47.3982269455608,8.546542813149339,0.2520000040531158,0.0410000011324882,-0.0006121108890511,-0.0004609923053067,-9.686591148376465,0.0005731272394768,0.0007162304827943,0.0001118287036661,100.0,16.200000762939453,47.397971,8.5461647,attack,26.812
1772701867.1772196,2026-03-05T09:11:07.177220,square,1,47.398227912786425,8.546544242049785,0.2520000040531158,0.0410000011324882,-0.0006121108890511,-0.0004609923053067,-9.686591148376465,0.0005731272394768,0.0007162304827943,0.0001118287036661,100.0,16.200000762939453,47.397971,8.5461647,attack,26.913
1772701867.2799757,2026-03-05T09:11:07.279976,square,1,47.398228893690394,8.546545691157515,0.2520000040531158,0.0410000011324882,-0.0006121108890511,-0.0004609923053067,-9.686591148376465,0.0005731272394768,0.0007162304827943,0.0001118287036661,100.0,16.200000762939453,47.397971,8.5461647,attack,27.016
1772701867.3818514,2026-03-05T09:11:07.381851,square,1,47.39822986619163,8.54654712785172,0.2550000250339508,0.0440000034868717,-0.0020978543907403,0.0043167266994714,-9.697051048278809,0.0004735153343062,-0.0010687714675441,-7.624888894497417e-06,100.0,16.200000762939453,47.397971,8.5461647,attack,27.118
1772701867.483158,2026-03-05T09:11:07.483158,square,1,47.398230833260214,8.54654855652017,0.2550000250339508,0.0440000034868717,-0.0020978543907403,0.0043167266994714,-9.697051048278809,0.0004735153343062,-0.0010687714675441,-7.624888894497417e-06,100.0,16.200000762939453,47.397971,8.5461647,attack,27.219
1772701867.588872,2026-03-05T09:11:07.588872,square,1,47.3982318423994,8.546550047340308,0.2550000250339508,0.0440000034868717,-0.0020978543907403,0.0043167266994714,-9.697051048278809,0.0004735153343062,-0.0010687714675441,-7.624888894497417e-06,100.0,16.200000762939453,47.397971,8.5461647,attack,27.325
1772701867.6932735,2026-03-05T09:11:07.693274,square,1,47.398232839011854,8.546551519654473,0.2550000250339508,0.0440000034868717,-0.0020978543907403,0.0043167266994714,-9.697051048278809,0.0004735153343062,-0.0010687714675441,-7.624888894497417e-06,100.0,16.200000762939453,47.397971,8.5461647,attack,27.429
1772701867.7947989,2026-03-05T09:11:07.794799,square,1,47.39823380816747,8.546552951406131,0.2590000033378601,0.0480000004172325,-0.0017036738572642,0.0027479333803057,-9.695219993591309,-0.0008335884194821,0.0005907979793846,0.0010354007827118,100.0,16.200000762939453,47.397971,8.5461647,attack,27.531
1772701867.8959582,2026-03-05T09:11:07.895958,square,1,47.39823477382952,8.546554377996692,0.2590000033378601,0.0480000004172325,-0.0017036738572642,0.0027479333803057,-9.695219993591309,-0.0008335884194821,0.0005907979793846,0.0010354007827118,100.0,16.200000762939453,47.397971,8.5461647,attack,27.632
1772701867.9970834,2026-03-05T09:11:07.997083,square,1,47.398235739166125,8.546555804106449,0.2590000033378601,0.0480000004172325,-0.0017036738572642,0.0027479333803057,-9.695219993591309,-0.0008335884194821,0.0005907979793846,0.0010354007827118,100.0,16.200000762939453,47.397971,8.5461647,attack,27.733
1772701868.099908,2026-03-05T09:11:08.099908,square,1,47.39823672072556,8.546557254182515,0.262000024318695,0.0510000027716159,-0.0103452624753117,-0.0007690436905249,-9.690983772277832,-0.0007286105537787,4.542848910205066e-05,-5.1267827075207606e-05,100.0,16.200000762939453,47.397971,8.5461647,attack,27.836
1772701868.2039192,2026-03-05T09:11:08.203919,square,1,47.398237713610044,8.546558720989271,0.262000024318695,0.0510000027716159,-0.0103452624753117,-0.0007690436905249,-9.690983772277832,-0.0007286105537787,4.542848910205066e-05,-5.1267827075207606e-05,100.0,16.200000762939453,47.397971,8.5461647,attack,27.94
1772701868.308876,2026-03-05T09:11:08.308876,square,1,47.39823871552315,8.546560201134179,0.2650000154972076,0.055000003427267,-0.0053960951045155,0.0048259827308356,-9.705805778503418,0.0002541686408221,0.0002086716995108,-0.0003752699121832,100.0,16.200000762939453,47.397971,8.5461647,attack,28.045
1772701868.4144046,2026-03-05T09:11:08.414405,square,1,47.39823972289394,8.546561689341829,0.2680000066757202,0.0570000037550926,0.0018239844357594,-0.0001439535117242,-9.693140983581545,-0.0006110579124651,-0.000428095634561,0.0002717462484724,100.0,16.200000762939453,47.397971,8.5461647,attack,28.15
1772701868.5489502,2026-03-05T09:11:08.548950,square,1,47.398241007259315,8.546563586758753,0.2680000066757202,0.0570000037550926,0.0018239844357594,-0.0001439535117242,-9.693140983581545,-0.0006110579124651,-0.000428095634561,0.0002717462484724,100.0,16.200000762939453,47.397971,8.5461647,attack,28.285
1772701868.6548498,2026-03-05T09:11:08.654850,square,1,47.39824201817146,8.546565080198103,0.270000010728836,0.0600000023841857,-0.0058924267068505,0.0066227060742676,-9.70340633392334,7.485816604457796e-05,4.592697223415598e-05,0.0007053000153973,100.0,16.200000762939453,47.397971,8.5461647,attack,28.391
1772701868.763766,2026-03-05T09:11:08.763766,square,1,47.39824305788096,8.546566616180346,0.270000010728836,0.0600000023841857,-0.0058924267068505,0.0066227060742676,-9.70340633392334,7.485816604457796e-05,4.592697223415598e-05,0.0007053000153973,100.0,16.200000762939453,47.397971,8.5461647,attack,28.5
1772701868.867762,2026-03-05T09:11:08.867762,square,1,47.39824405062206,8.546568082775279,0.2740000188350677,0.0630000010132789,-0.0018900273134931,0.0104320840910077,-9.69153881072998,-0.0002245311625301,0.0001360749593004,0.0003991140983998,100.0,16.200000762939453,47.397971,8.5461647,attack,28.604
1772701868.975047,2026-03-05T09:11:08.975047,square,1,47.398245074759636,8.546569595752821,0.2740000188350677,0.0630000010132789,-0.0018900273134931,0.0104320840910077,-9.69153881072998,-0.0002245311625301,0.0001360749593004,0.0003991140983998,100.0,16.200000762939453,47.397971,8.5461647,attack,28.711
1772701869.0762703,2026-03-05T09:11:09.076270,square,1,47.39824604103165,8.546571023244473,0.2740000188350677,0.0630000010132789,-0.0018900273134931,0.0104320840910077,-9.69153881072998,-0.0002245311625301,0.0001360749593004,0.0003991140983998,100.0,16.200000762939453,47.397971,8.5461647,attack,28.812
1772701869.18124,2026-03-05T09:11:09.181240,square,1,47.39824704306765,8.546572503570946,0.2740000188350677,0.0630000010132789,-0.0018900273134931,0.0104320840910077,-9.69153881072998,-0.0002245311625301,0.0001360749593004,0.0003991140983998,100.0,16.200000762939453,47.397971,8.5461647,attack,28.917
1772701869.2842684,2026-03-05T09:11:09.284268,square,1,47.39824802657074,8.546573956518396,0.2760000228881836,0.0650000050663948,-0.0072030303999781,-0.0023635930847376,-9.704858779907228,0.0001089646248146,0.0012554675340652,0.0004592410987243,100.0,16.200000762939453,47.397971,8.5461647,attack,29.02
1772701869.386129,2026-03-05T09:11:09.386129,square,1,47.39824899892631,8.546575392997415,0.2760000228881836,0.0650000050663948,-0.0072030303999781,-0.0023635930847376,-9.704858779907228,0.0001089646248146,0.0012554675340652,0.0004592410987243,100.0,16.200000762939453,47.397971,8.5461647,attack,29.122
1772701869.4966345,2026-03-05T09:11:09.496634,square,1,47.39825005380718,8.546576951392595,0.2760000228881836,0.0650000050663948,-0.0072030303999781,-0.0023635930847376,-9.704858779907228,0.0001089646248146,0.0012554675340652,0.0004592410987243,100.0,16.200000762939453,47.397971,8.5461647,attack,29.233
1772701869.5995672,2026-03-05T09:11:09.599567,square,1,47.39825103639762,8.546578402991772,0.2790000140666961,0.0680000036954879,-0.0003849904169328,-0.0001822465274017,-9.705119132995604,0.0003651521401479,2.0065715943928808e-05,0.0007066481048241,100.0,16.200000762939453,47.397971,8.5461647,attack,29.336
1772701869.7092495,2026-03-05T09:11:09.709249,square,1,47.3982520834197,8.54657994977701,0.2820000052452087,0.0710000023245811,0.0041790748946368,0.0081080431118607,-9.69000244140625,0.0007493822486139,-0.0006312128389254,0.0009853522060438,100.0,16.200000762939453,47.397971,8.5461647,attack,29.445
1772701869.8103552,2026-03-05T09:11:09.810355,square,1,47.39825304856967,8.546581375611058,0.2820000052452087,0.0710000023245811,0.0041790748946368,0.0081080431118607,-9.69000244140625,0.0007493822486139,-0.0006312128389254,0.0009853522060438,100.0,16.200000762939453,47.397971,8.5461647,attack,29.546
1772701869.912738,2026-03-05T09:11:09.912738,square,1,47.39825402591181,8.546582819456827,0.2820000052452087,0.0710000023245811,0.0041790748946368,0.0081080431118607,-9.69000244140625,0.0007493822486139,-0.0006312128389254,0.0009853522060438,100.0,16.200000762939453,47.397971,8.5461647,attack,29.649
1772701870.0139005,2026-03-05T09:11:10.013900,square,1,47.39825499160345,8.546584246091097,0.2820000052452087,0.0710000023245811,0.0041790748946368,0.0081080431118607,-9.69000244140625,0.0007493822486139,-0.0006312128389254,0.0009853522060438,100.0,16.200000762939453,47.397971,8.5461647,attack,29.75
1772701870.1151245,2026-03-05T09:11:10.115124,square,1,47.398255957882284,8.546585673592837,0.2820000052452087,0.0710000023245811,0.0041790748946368,0.0081080431118607,-9.69000244140625,0.0007493822486139,-0.0006312128389254,0.0009853522060438,100.0,16.200000762939453,47.397971,8.5461647,attack,29.851
1772701870.2186646,2026-03-05T09:11:10.218665,square,1,47.3982569462718,8.546587133759097,0.2840000092983246,0.0740000009536743,-0.0025352779775857,0.0048737972974777,-9.706294059753418,-3.831947833532468e-05,0.0010612879414111,0.000125329621369,100.0,16.200000762939453,47.397971,8.5461647,attack,29.955
1772701870.3321636,2026-03-05T09:11:10.332164,square,1,47.398258029727,8.546588734367662,0.2840000092983246,0.0740000009536743,-0.0025352779775857,0.0048737972974777,-9.706294059753418,-3.831947833532468e-05,0.0010612879414111,0.000125329621369,100.0,16.200000762939453,47.397971,8.5461647,attack,30.068
1772701870.4382143,2026-03-05T09:11:10.438214,square,1,47.39825904208208,8.546590229938698,0.2840000092983246,0.0740000009536743,-0.0025352779775857,0.0048737972974777,-9.706294059753418,-3.831947833532468e-05,0.0010612879414111,0.000125329621369,100.0,16.200000762939453,47.397971,8.5461647,attack,30.174
1772701870.5493102,2026-03-05T09:11:10.549310,square,1,47.39826010259816,8.546591796658875,0.2850000262260437,0.0750000029802322,-0.0092849340289831,-0.0032723224721848,-9.696928977966309,-0.0004019967163912,0.0001884872326627,-0.0005596294649876,100.0,16.200000762939453,47.397971,8.5461647,attack,30.285
1772701870.6528563,2026-03-05T09:11:10.652856,square,1,47.398261091044574,8.54659325690919,0.2850000262260437,0.0750000029802322,-0.0092849340289831,-0.0032723224721848,-9.696928977966309,-0.0004019967163912,0.0001884872326627,-0.0005596294649876,100.0,16.200000762939453,47.397971,8.5461647,attack,30.389
1772701870.763409,2026-03-05T09:11:10.763409,square,1,47.3982621463738,8.54659481596674,0.2850000262260437,0.0750000029802322,-0.0092849340289831,-0.0032723224721848,-9.696928977966309,-0.0004019967163912,0.0001884872326627,-0.0005596294649876,100.0,16.200000762939453,47.397971,8.5461647,attack,30.499
1772701870.8655453,2026-03-05T09:11:10.865545,square,1,47.398263121362625,8.546596256335912,0.2850000262260437,0.0750000029802322,-0.0092849340289831,-0.0032723224721848,-9.696928977966309,-0.0004019967163912,0.0001884872326627,-0.0005596294649876,100.0,16.200000762939453,47.397971,8.5461647,attack,30.602
1772701870.9674551,2026-03-05T09:11:10.967455,square,1,47.398264094189315,8.546597693510922,0.2850000262260437,0.0750000029802322,-0.0092849340289831,-0.0032723224721848,-9.696928977966309,-0.0004019967163912,0.0001884872326627,-0.0005596294649876,100.0,16.200000762939453,47.397971,8.5461647,attack,30.704
1772701871.0721056,2026-03-05T09:11:11.072106,square,1,47.39826509317785,8.546599169335305,0.2850000262260437,0.0750000029802322,-0.0092849340289831,-0.0032723224721848,-9.696928977966309,-0.0004019967163912,0.0001884872326627,-0.0005596294649876,100.0,16.200000762939453,47.397971,8.5461647,attack,30.808
1772701871.173834,2026-03-05T09:11:11.173834,square,1,47.398266064272555,8.546600603951623,0.2880000174045563,0.0780000016093254,0.0033660111948847,-0.0039496598765254,-9.701075553894045,0.0001094789913622,-0.0008592570084147,-0.0012900934088975,100.0,16.200000762939453,47.397971,8.5461647,attack,30.91
1772701871.2761862,2026-03-05T09:11:11.276186,square,1,47.3982670413211,8.546602047363656,0.2880000174045563,0.0780000016093254,0.0033660111948847,-0.0039496598765254,-9.701075553894045,0.0001094789913622,-0.0008592570084147,-0.0012900934088975,100.0,16.200000762939453,47.397971,8.5461647,attack,31.012
1772701871.3783374,2026-03-05T09:11:11.378337,square,1,47.398268016451034,8.546603487941288,0.2880000174045563,0.0780000016093254,0.0033660111948847,-0.0039496598765254,-9.701075553894045,0.0001094789913622,-0.0008592570084147,-0.0012900934088975,100.0,16.200000762939453,47.397971,8.5461647,attack,31.114
1772701871.4830587,2026-03-05T09:11:11.483059,square,1,47.39826901611551,8.546604964764269,0.2880000174045563,0.0780000016093254,0.0033660111948847,-0.0039496598765254,-9.701075553894045,0.0001094789913622,-0.0008592570084147,-0.0012900934088975,100.0,16.200000762939453,47.397971,8.5461647,attack,31.219
1772701871.5899515,2026-03-05T09:11:11.589952,square,1,47.39827003650919,8.546606472210867,0.2910000085830688,0.0800000056624412,-0.0046943603083491,-0.0025132801383733,-9.694519996643066,0.000554792524781,-0.0012059340951964,0.0004144808626733,100.0,16.200000762939453,47.397971,8.5461647,attack,31.326
1772701871.6938145,2026-03-05T09:11:11.693815,square,1,47.398271027980314,8.546607936929648,0.2920000255107879,0.0820000022649765,0.0097121875733137,-0.007122223265469,-9.700836181640623,0.0001382196787744,0.0007097103516571,0.0009972900152206,100.0,16.200000762939453,47.397971,8.5461647,attack,31.43
1772701871.798671,2026-03-05T09:11:11.798671,square,1,47.39827202893525,8.546609415659038,0.2920000255107879,0.0820000022649765,0.0097121875733137,-0.007122223265469,-9.700836181640623,0.0001382196787744,0.0007097103516571,0.0009972900152206,100.0,16.200000762939453,47.397971,8.5461647,attack,31.535
1772701871.9002757,2026-03-05T09:11:11.900276,square,1,47.398272998848746,8.546610848530333,0.2920000255107879,0.0820000022649765,0.0097121875733137,-0.007122223265469,-9.700836181640623,0.0001382196787744,0.0007097103516571,0.0009972900152206,100.0,16.200000762939453,47.397971,8.5461647,attack,31.636
1772701872.0071237,2026-03-05T09:11:12.007123,square,1,47.39827401881455,8.546612355344823,0.2920000255107879,0.0820000022649765,0.0097121875733137,-0.007122223265469,-9.700836181640623,0.0001382196787744,0.0007097103516571,0.0009972900152206,100.0,16.200000762939453,47.397971,8.5461647,attack,31.743
1772701872.1642735,2026-03-05T09:11:12.164274,square,1,47.39827551895877,8.546614571535859,0.2920000255107879,0.0820000022649765,0.0097121875733137,-0.007122223265469,-9.700836181640623,0.0001382196787744,0.0007097103516571,0.0009972900152206,100.0,16.200000762939453,47.397971,8.5461647,attack,31.9
1772701872.2869947,2026-03-05T09:11:12.286995,square,1,47.3982766904493,8.54661630220066,0.2939999997615814,0.0830000042915344,0.0034647639840841,-0.0022709527984261,-9.70175552368164,0.0007531852461397,-0.0018928301287814,0.0011648774379864,100.0,16.200000762939453,47.397971,8.5461647,attack,32.023
1772701872.389355,2026-03-05T09:11:12.389355,square,1,47.39827766757522,8.54661774572701,0.2939999997615814,0.0830000042915344,0.0034647639840841,-0.0022709527984261,-9.70175552368164,0.0007531852461397,-0.0018928301287814,0.0011648774379864,100.0,16.200000762939453,47.397971,8.5461647,attack,32.125
1772701872.4912264,2026-03-05T09:11:12.491226,square,1,47.39827864003549,8.546619182360693,0.2950000166893005,0.0840000063180923,0.004147152416408,0.0077269901521503,-9.699572563171388,-0.0002347697882214,0.000525644456502,0.0001439657644368,100.0,16.200000762939453,47.397971,8.5461647,attack,32.227
1772701872.5982945,2026-03-05T09:11:12.598294,square,1,47.39827966210197,8.546620692278564,0.2950000166893005,0.0840000063180923,0.004147152416408,0.0077269901521503,-9.699572563171388,-0.0002347697882214,0.000525644456502,0.0001439657644368,100.0,16.200000762939453,47.397971,8.5461647,attack,32.334
1772701872.7024364,2026-03-05T09:11:12.702436,square,1,47.39828065623594,8.54662216093121,0.2960000038146972,0.0860000029206276,0.0025535197928547,-0.0008424902334809,-9.692915916442873,-0.001027007238008,-0.0004142333345953,-0.0001156111829914,100.0,16.200000762939453,47.397971,8.5461647,attack,32.438
1772701872.8062966,2026-03-05T09:11:12.806297,square,1,47.39828164767975,8.546623625609646,0.2960000038146972,0.0860000029206276,0.0025535197928547,-0.0008424902334809,-9.692915916442873,-0.001027007238008,-0.0004142333345953,-0.0001156111829914,100.0,16.200000762939453,47.397971,8.5461647,attack,32.542
1772701872.9174197,2026-03-05T09:11:12.917420,square,1,47.39828270845529,8.546625192713122,0.2960000038146972,0.0860000029206276,0.0025535197928547,-0.0008424902334809,-9.692915916442873,-0.001027007238008,-0.0004142333345953,-0.0001156111829914,100.0,16.200000762939453,47.397971,8.5461647,attack,32.653
1772701873.0382533,2026-03-05T09:11:13.038253,square,1,47.39828386192726,8.546626896758776,0.2970000207424164,0.0870000049471855,4.666624590754509e-05,0.0016687593888491,-9.696123123168944,-0.0004489897401072,0.0010184784187003,0.0011267289519309,100.0,16.200000762939453,47.397971,8.5461647,attack,32.774
1772701873.1398282,2026-03-05T09:11:13.139828,square,1,47.39828483155627,8.546628329209787,0.2970000207424164,0.0870000049471855,4.666624590754509e-05,0.0016687593888491,-9.696123123168944,-0.0004489897401072,0.0010184784187003,0.0011267289519309,100.0,16.200000762939453,47.397971,8.5461647,attack,32.876
1772701873.2413564,2026-03-05T09:11:13.241356,square,1,47.39828580073919,8.54662976100179,0.2970000207424164,0.0870000049471855,4.666624590754509e-05,0.0016687593888491,-9.696123123168944,-0.0004489897401072,0.0010184784187003,0.0011267289519309,100.0,16.200000762939453,47.397971,8.5461647,attack,32.977
1772701873.3435533,2026-03-05T09:11:13.343553,square,1,47.3982867763061,8.546631202224981,0.2990000247955322,0.0890000015497207,0.0004390075919218,-0.0031214570626616,-9.697872161865234,-4.806093784281984e-06,-0.0008201517630368,-0.0007060080533847,100.0,16.200000762939453,47.397971,8.5461647,attack,33.08
1772701873.451092,2026-03-05T09:11:13.451092,square,1,47.398287802865276,8.546632718779987,0.3000000119209289,0.0900000035762786,-0.0027911255601793,0.000305556866806,-9.703949928283691,0.0003195646277163,-0.001265337690711,0.0007429003017023,100.0,16.200000762939453,47.397971,8.5461647,attack,33.187
1772701873.554074,2026-03-05T09:11:13.554074,square,1,47.39828878592683,8.546634171075157,0.3000000119209289,0.0900000035762786,-0.0027911255601793,0.000305556866806,-9.703949928283691,0.0003195646277163,-0.001265337690711,0.0007429003017023,100.0,16.200000762939453,47.397971,8.5461647,attack,33.29
1772701873.6578722,2026-03-05T09:11:13.657872,square,1,47.39828977677891,8.546635634879399,0.3000000119209289,0.0900000035762786,-0.0027911255601793,0.000305556866806,-9.703949928283691,0.0003195646277163,-0.001265337690711,0.0007429003017023,100.0,16.200000762939453,47.397971,8.5461647,attack,33.394
1772701873.7744863,2026-03-05T09:11:13.774487,square,1,47.398290889971435,8.546637279419476,0.301000028848648,0.0900000035762786,-0.0032314406707882,0.0047635422088205,-9.695711135864258,-0.0004871615383308,-0.0005330560961738,0.0009259192738682,100.0,16.200000762939453,47.397971,8.5461647,attack,33.511
1772701873.8790152,2026-03-05T09:11:13.879015,square,1,47.39829188779924,8.546638753529098,0.301000028848648,0.0900000035762786,-0.0032314406707882,0.0047635422088205,-9.695711135864258,-0.0004871615383308,-0.0005330560961738,0.0009259192738682,100.0,16.200000762939453,47.397971,8.5461647,attack,33.615
1772701873.9891057,2026-03-05T09:11:13.989106,square,1,47.39829293871771,8.546640306070554,0.301000028848648,0.0900000035762786,-0.0032314406707882,0.0047635422088205,-9.695711135864258,-0.0004871615383308,-0.0005330560961738,0.0009259192738682,100.0,16.200000762939453,47.397971,8.5461647,attack,33.725
1772701874.091091,2026-03-05T09:11:14.091091,square,1,47.3982939122636,8.546641744308042,0.301000028848648,0.0900000035762786,-0.0032314406707882,0.0047635422088205,-9.695711135864258,-0.0004871615383308,-0.0005330560961738,0.0009259192738682,100.0,16.200000762939453,47.397971,8.5461647,attack,33.827
1772701874.195016,2026-03-05T09:11:14.195016,square,1,47.39829490432646,8.546643209901017,0.3020000159740448,0.0910000056028366,-0.0002079902333207,-0.0022378051653504,-9.698110580444336,-0.0011032345937564,-0.0004058198828715,-0.0007053656736388,100.0,16.200000762939453,47.397971,8.5461647,attack,33.931
1772701874.2967834,2026-03-05T09:11:14.296783,square,1,47.398295875794425,8.546644645068747,0.3020000159740448,0.0910000056028366,-0.0002079902333207,-0.0022378051653504,-9.698110580444336,-0.0011032345937564,-0.0004058198828715,-0.0007053656736388,100.0,16.200000762939453,47.397971,8.5461647,attack,34.033
1772701874.3983755,2026-03-05T09:11:14.398376,square,1,47.398296845587296,8.546646077761842,0.3020000159740448,0.0920000076293945,-0.0045832358300685,-0.0005121987196616,-9.695322036743164,-7.961426308611408e-05,-0.00067464413587,-0.0003671167360153,100.0,16.200000762939453,47.397971,8.5461647,attack,34.134
1772701874.501401,2026-03-05T09:11:14.501401,square,1,47.398297829063075,8.546647530668945,0.3030000030994415,0.0920000076293945,-0.0076619358733296,0.0012398702092468,-9.695634841918944,-0.0017118841642513,-0.0004275760438758,-0.0005352330626919,100.0,16.200000762939453,47.397971,8.5461647,attack,34.237
1772701874.60505,2026-03-05T09:11:14.605050,square,1,47.39829881849269,8.546648992371765,0.3030000030994415,0.0920000076293945,-0.0076619358733296,0.0012398702092468,-9.695634841918944,-0.0017118841642513,-0.0004275760438758,-0.0005352330626919,100.0,16.200000762939453,47.397971,8.5461647,attack,34.341
1772701874.712258,2026-03-05T09:11:14.712258,square,1,47.398299841895145,8.546650504263292,0.3030000030994415,0.0920000076293945,-0.0076619358733296,0.0012398702092468,-9.695634841918944,-0.0017118841642513,-0.0004275760438758,-0.0005352330626919,100.0,16.200000762939453,47.397971,8.5461647,attack,34.448
1772701874.8163786,2026-03-05T09:11:14.816379,square,1,47.39830083582428,8.546651972613335,0.3050000071525574,0.0950000062584877,5.517312092706561e-05,0.0015092103276401,-9.692217826843262,0.0003982445341534,0.0003598625480663,0.0001157231454271,100.0,16.200000762939453,47.397971,8.5461647,attack,34.552
1772701874.9268897,2026-03-05T09:11:14.926890,square,1,47.398301890757494,8.546653531085846,0.3050000071525574,0.0950000062584877,5.517312092706561e-05,0.0015092103276401,-9.692217826843262,0.0003982445341534,0.0003598625480663,0.0001157231454271,100.0,16.200000762939453,47.397971,8.5461647,attack,34.663
1772701875.0301893,2026-03-05T09:11:15.030189,square,1,47.39830287685059,8.546654987859569,0.3060000240802765,0.0950000062584877,-0.0106092821806669,0.0012209311826154,-9.700014114379885,0.0004126568965148,0.0005356001202017,-0.0002102373255183,100.0,16.200000762939453,47.397971,8.5461647,attack,34.766
1772701875.132823,2026-03-05T09:11:15.132823,square,1,47.39830385658701,8.54665643524245,0.3060000240802765,0.0950000062584877,-0.0106092821806669,0.0012209311826154,-9.700014114379885,0.0004126568965148,0.0005356001202017,-0.0002102373255183,100.0,16.200000762939453,47.397971,8.5461647,attack,34.869
1772701875.2349749,2026-03-05T09:11:15.234975,square,1,47.39830483172378,8.54665787583017,0.3070000112056732,0.096000000834465,0.001488679787144,-0.0008913849596865,-9.704042434692385,0.0001408603711752,-0.000723996781744,6.370062328642234e-05,100.0,16.200000762939453,47.397971,8.5461647,attack,34.971
1772701875.33975,2026-03-05T09:11:15.339750,square,1,47.39830583190262,8.546659353413025,0.3070000112056732,0.096000000834465,0.0002318001934327,-0.0052855261601507,-9.700319290161133,-7.367161742877215e-05,-0.0009090470848605,0.0007545865373685,100.0,16.200000762939453,47.397971,8.5461647,attack,35.076
1772701875.440895,2026-03-05T09:11:15.440895,square,1,47.39830679742812,8.54666077980185,0.3070000112056732,0.096000000834465,0.0002318001934327,-0.0052855261601507,-9.700319290161133,-7.367161742877215e-05,-0.0009090470848605,0.0007545865373685,100.0,16.200000762939453,47.397971,8.5461647,attack,35.177
1772701875.5451272,2026-03-05T09:11:15.545127,square,1,47.398307792422386,8.546662249725438,0.3070000112056732,0.096000000834465,0.0015746280550956,0.0028760214336216,-9.706254959106444,-0.0002611468080431,0.000249696575338,-0.0004901484935544,100.0,16.200000762939453,47.397971,8.5461647,attack,35.281
1772701875.6503603,2026-03-05T09:11:15.650360,square,1,47.398308796973296,8.546663733767225,0.3070000112056732,0.096000000834465,0.0015746280550956,0.0028760214336216,-9.706254959106444,-0.0002611468080431,0.000249696575338,-0.0004901484935544,100.0,16.200000762939453,47.397971,8.5461647,attack,35.386
1772701875.7628806,2026-03-05T09:11:15.762881,square,1,47.39830987108579,8.546665320573645,0.3070000112056732,0.0970000028610229,0.0015348142478615,0.011212395504117,-9.690305709838867,-0.0002116393734468,0.0004213839420117,-0.0011520833941176,100.0,16.200000762939453,47.397971,8.5461647,attack,35.499
1772701875.8793635,2026-03-05T09:11:15.879364,square,1,47.39831098302656,8.54666696326447,0.3070000112056732,0.0970000028610229,0.0015348142478615,0.011212395504117,-9.690305709838867,-0.0002116393734468,0.0004213839420117,-0.0011520833941176,100.0,16.200000762939453,47.397971,8.5461647,attack,35.615
1772701875.9825633,2026-03-05T09:11:15.982563,square,1,47.39831196816604,8.546668418629396,0.3070000112056732,0.0970000028610229,0.0015348142478615,0.011212395504117,-9.690305709838867,-0.0002116393734468,0.0004213839420117,-0.0011520833941176,100.0,16.200000762939453,47.397971,8.5461647,attack,35.719
1772701876.102461,2026-03-05T09:11:16.102461,square,1,47.39831311270498,8.546670109478113,0.3070000112056732,0.0970000028610229,0.0015348142478615,0.011212395504117,-9.690305709838867,-0.0002116393734468,0.0004213839420117,-0.0011520833941176,100.0,16.200000762939453,47.397971,8.5461647,attack,35.839
1772701876.208955,2026-03-05T09:11:16.208955,square,1,47.398314129291016,8.54667161129962,0.3070000112056732,0.0970000028610229,-0.0027172246482223,-0.0051481453701853,-9.698740005493164,-0.0006934127886779,-0.000416035298258,0.0005707206437364,100.0,16.200000762939453,47.397971,8.5461647,attack,35.945
1772701876.3112898,2026-03-05T09:11:16.311290,square,1,47.39831510617342,8.54667305446621,0.3070000112056732,0.0970000028610229,-0.0027172246482223,-0.0051481453701853,-9.698740005493164,-0.0006934127886779,-0.000416035298258,0.0005707206437364,100.0,16.200000762939453,47.397971,8.5461647,attack,36.047
1772701876.415851,2026-03-05T09:11:16.415851,square,1,47.39831610431075,8.5466745290331,0.3070000112056732,0.0970000028610229,-0.0027172246482223,-0.0051481453701853,-9.698740005493164,-0.0006934127886779,-0.000416035298258,0.0005707206437364,100.0,16.200000762939453,47.397971,8.5461647,attack,36.152
1772701876.5235186,2026-03-05T09:11:16.523519,square,1,47.39831713209893,8.546676047403736,0.3070000112056732,0.0970000028610229,-0.0010203819256275,0.0055550788529217,-9.702959060668944,0.0006947658839635,0.0003679821093101,0.0005338439950719,100.0,16.200000762939453,47.397971,8.5461647,attack,36.26
1772701876.6270833,2026-03-05T09:11:16.627083,square,1,47.39831812072286,8.546677507916309,0.3070000112056732,0.096000000834465,-0.0018645259551703,0.0024004087317734,-9.700323104858398,0.001720021944493,1.0193456546403468e-05,-0.0002912434574682,100.0,16.200000762939453,47.397971,8.5461647,attack,36.363
1772701876.7323766,2026-03-05T09:11:16.732377,square,1,47.39831912584731,8.54667899280539,0.3070000112056732,0.096000000834465,-0.0018645259551703,0.0024004087317734,-9.700323104858398,0.001720021944493,1.0193456546403468e-05,-0.0002912434574682,100.0,16.200000762939453,47.397971,8.5461647,attack,36.468
1772701876.83822,2026-03-05T09:11:16.838220,square,1,47.398320136222324,8.546680485451246,0.3070000112056732,0.096000000834465,-0.0018645259551703,0.0024004087317734,-9.700323104858398,0.001720021944493,1.0193456546403468e-05,-0.0002912434574682,100.0,16.200000762939453,47.397971,8.5461647,attack,36.574
1772701876.9463608,2026-03-05T09:11:16.946361,square,1,47.3983211685305,8.546682010499362,0.3070000112056732,0.096000000834465,-0.0018645259551703,0.0024004087317734,-9.700323104858398,0.001720021944493,1.0193456546403468e-05,-0.0002912434574682,100.0,16.200000762939453,47.397971,8.5461647,attack,36.682
1772701877.0483403,2026-03-05T09:11:17.048340,square,1,47.39832214202176,8.546683448656157,0.3060000240802765,0.096000000834465,-0.0027697698678821,-0.0023848770651966,-9.706236839294434,-6.235187174752355e-05,0.0005596299306489,7.176722283475101e-05,100.0,16.200000762939453,47.397971,8.5461647,attack,36.784
1772701877.20917,2026-03-05T09:11:17.209170,square,1,47.398323677295004,8.546685716743937,0.3060000240802765,0.096000000834465,-0.0027697698678821,-0.0023848770651966,-9.706236839294434,-6.235187174752355e-05,0.0005596299306489,7.176722283475101e-05,100.0,16.200000762939453,47.397971,8.5461647,attack,36.945
1772701877.3122585,2026-03-05T09:11:17.312258,square,1,47.398324661371625,8.546687170538682,0.3060000240802765,0.096000000834465,-0.0027697698678821,-0.0023848770651966,-9.706236839294434,-6.235187174752355e-05,0.0005596299306489,7.176722283475101e-05,100.0,16.200000762939453,47.397971,8.5461647,attack,37.048
1772701877.416296,2026-03-05T09:11:17.416296,square,1,47.39832565450873,8.54668873771865,0.3060000240802765,0.0950000062584877,-0.0013592139584943,-0.0063101141713559,-9.699615478515623,0.0009769287426024,0.0011143812444061,-0.0005237569566816,100.0,16.200000762939453,47.397971,8.5461648,attack,37.152
1772701877.5242145,2026-03-05T09:11:17.524215,square,1,47.398326684693465,8.546690259629763,0.3050000071525574,0.0950000062584877,-0.0046974974684417,0.0018609177786856,-9.694993019104004,-0.0008766419487074,1.0784635378513483e-05,0.0002953137445729,100.0,16.200000762939453,47.397971,8.5461648,attack,37.26
1772701877.6269596,2026-03-05T09:11:17.626960,square,1,47.398327665492744,8.546691708582829,0.3050000071525574,0.0950000062584877,-0.0046974974684417,0.0018609177786856,-9.694993019104004,-0.0008766419487074,1.0784635378513483e-05,0.0002953137445729,100.0,16.200000762939453,47.397971,8.5461648,attack,37.363
1772701877.7313116,2026-03-05T09:11:17.731312,square,1,47.39832866163181,8.546693180197641,0.3050000071525574,0.0950000062584877,-0.0046974974684417,0.0018609177786856,-9.694993019104004,-0.0008766419487074,1.0784635378513483e-05,0.0002953137445729,100.0,16.200000762939453,47.397971,8.5461648,attack,37.467
1772701877.8491783,2026-03-05T09:11:17.849178,square,1,47.398329786782085,8.54669484240312,0.3050000071525574,0.0940000042319297,0.0009932008106261,0.013310408219695,-9.703455924987791,-0.0007601735414937,0.000121734883578,0.0012616944732144,100.0,16.200000762939453,47.397971,8.5461648,attack,37.585
1772701877.9542575,2026-03-05T09:11:17.954257,square,1,47.39833078986274,8.546696324272878,0.3050000071525574,0.0940000042319297,0.0009932008106261,0.013310408219695,-9.703455924987791,-0.0007601735414937,0.000121734883578,0.0012616944732144,100.0,16.200000762939453,47.397971,8.5461648,attack,37.69
1772701878.1084008,2026-03-05T09:11:18.108401,square,1,47.39833226130746,8.546698498065602,0.3050000071525574,0.0940000042319297,0.0009932008106261,0.013310408219695,-9.703455924987791,-0.0007601735414937,0.000121734883578,0.0012616944732144,100.0,16.200000762939453,47.397971,8.5461648,attack,37.844
1772701878.2153902,2026-03-05T09:11:18.215390,square,1,47.398333282622886,8.546700006873921,0.3040000200271606,0.0930000022053718,0.0012909027282148,-0.0030644629150629,-9.704529762268066,-0.0001355216954834,0.0008044441929087,0.0001998053485294,100.0,16.200000762939453,47.397971,8.5461648,attack,37.951
1772701878.3172064,2026-03-05T09:11:18.317206,square,1,47.39833425455514,8.546701442727556,0.3040000200271606,0.0930000022053718,0.0038632992655038,0.0004126711864955,-9.696290969848633,0.000865068170242,0.0001517415512353,-0.0016605600249022,100.0,16.200000762939453,47.397971,8.5461648,attack,38.053
1772701878.4364526,2026-03-05T09:11:18.436453,square,1,47.39833539287395,8.54670312438717,0.3040000200271606,0.0930000022053718,-0.0026612307410687,0.0004101791419088,-9.699166297912598,-0.0013351641828194,-0.0006652805022895,-9.838255937211215e-05,100.0,16.200000762939453,47.397971,8.5461648,attack,38.173
1772701878.5394628,2026-03-05T09:11:18.539463,square,1,47.39833637620407,8.546704577079089,0.3040000200271606,0.0930000022053718,-0.0026612307410687,0.0004101791419088,-9.699166297912598,-0.0013351641828194,-0.0006652805022895,-9.838255937211215e-05,100.0,16.200000762939453,47.397971,8.5461648,attack,38.276
1772701878.644061,2026-03-05T09:11:18.644061,square,1,47.39833737469417,8.546706052167131,0.3030000030994415,0.0930000022053718,-0.0088852904736995,-0.0017879882361739,-9.689220428466797,0.0001834263821365,-0.0001067785124178,5.110770871397108e-05,100.0,16.200000762939453,47.397971,8.5461648,attack,38.38
1772701878.7460334,2026-03-05T09:11:18.746033,square,1,47.39833834811716,8.546707490223058,0.3030000030994415,0.0930000022053718,-0.0088852904736995,-0.0017879882361739,-9.689220428466797,0.0001834263821365,-0.0001067785124178,5.110770871397108e-05,100.0,16.200000762939453,47.397971,8.5461648,attack,38.482
1772701878.849203,2026-03-05T09:11:18.849203,square,1,47.398339332969876,8.54670894516434,0.3030000030994415,0.0930000022053718,-0.0088852904736995,-0.0017879882361739,-9.689220428466797,0.0001834263821365,-0.0001067785124178,5.110770871397108e-05,100.0,16.200000762939453,47.397971,8.5461648,attack,38.585
1772701878.951059,2026-03-05T09:11:18.951059,square,1,47.398340305282204,8.546710381579475,0.3030000030994415,0.0920000076293945,-0.0036514005623757,0.0107057522982358,-9.710448265075684,0.0009414667729288,-0.0007034177542664,0.0009403763106092,100.0,16.200000762939453,47.397971,8.5461648,attack,38.687
1772701879.0519829,2026-03-05T09:11:19.051983,square,1,47.39834126869564,8.546711804848107,0.3030000030994415,0.0920000076293945,-0.0036514005623757,0.0107057522982358,-9.710448265075684,0.0009414667729288,-0.0007034177542664,0.0009403763106092,100.0,16.200000762939453,47.397971,8.5461648,attack,38.788
1772701879.156999,2026-03-05T09:11:19.156999,square,1,47.39834227117545,8.546713285830222,0.3030000030994415,0.0920000076293945,-0.0036514005623757,0.0107057522982358,-9.710448265075684,0.0009414667729288,-0.0007034177542664,0.0009403763106092,100.0,16.200000762939453,47.397971,8.5461648,attack,38.893
1772701879.2589304,2026-03-05T09:11:19.258930,square,1,47.39834324420698,8.546714723307838,0.3030000030994415,0.0920000076293945,0.0049506919458508,0.0063453949987888,-9.695428848266602,-0.0004010713018942,0.0003896266571246,0.0004952630260959,100.0,16.200000762939453,47.397971,8.5461648,attack,38.995
1772701879.3621252,2026-03-05T09:11:19.362125,square,1,47.398344229298665,8.546716178602157,0.3020000159740448,0.0910000056028366,0.0027199191972613,-0.0001477885525673,-9.686112403869627,-0.0002366712869843,0.0003662880335468,-4.692853326559998e-05,100.0,16.200000762939453,47.397971,8.5461648,attack,39.098
1772701879.4645123,2026-03-05T09:11:19.464512,square,1,47.39834520668177,8.546717622508446,0.3020000159740448,0.0910000056028366,0.0027199191972613,-0.0001477885525673,-9.686112403869627,-0.0002366712869843,0.0003662880335468,-4.692853326559998e-05,100.0,16.200000762939453,47.397971,8.5461648,attack,39.201
1772701879.5712726,2026-03-05T09:11:19.571273,square,1,47.39834622581002,8.546719128085616,0.301000028848648,0.0910000056028366,-0.0053020962513983,-0.0029765672516077,-9.692380905151367,1.847919156716671e-05,0.0001043565644067,-0.0006792790954932,100.0,16.200000762939453,47.397971,8.5461648,attack,39.307
1772701879.6730604,2026-03-05T09:11:19.673060,square,1,47.39834719747144,8.546720563539141,0.301000028848648,0.0910000056028366,-0.0053020962513983,-0.0029765672516077,-9.692380905151367,1.847919156716671e-05,0.0001043565644067,-0.0006792790954932,100.0,16.200000762939453,47.397971,8.5461648,attack,39.409
1772701879.7751596,2026-03-05T09:11:19.775160,square,1,47.398348172105216,8.546722003383799,0.301000028848648,0.0910000056028366,-0.0053020962513983,-0.0029765672516077,-9.692380905151367,1.847919156716671e-05,0.0001043565644067,-0.0006792790954932,100.0,16.200000762939453,47.397971,8.5461648,attack,39.511
1772701879.8808343,2026-03-05T09:11:19.880834,square,1,47.39834918087115,8.546723493652523,0.301000028848648,0.0910000056028366,-0.0053020962513983,-0.0029765672516077,-9.692380905151367,1.847919156716671e-05,0.0001043565644067,-0.0006792790954932,100.0,16.200000762939453,47.397971,8.5461648,attack,39.617
1772701879.9833465,2026-03-05T09:11:19.983346,square,1,47.39835005944685,8.546724939319581,0.3000000119209289,0.0900000035762786,-0.00756845343858,0.0010145941050723,-9.688657760620115,0.0016854796558618,0.0001596103829797,-0.0006096770521253,100.0,16.200000762939453,47.3979709,8.5461648,attack,39.719
1772701880.089007,2026-03-05T09:11:20.089007,square,1,47.398351068076224,8.546726429386567,0.3000000119209289,0.0900000035762786,-0.00756845343858,0.0010145941050723,-9.688657760620115,0.0016854796558618,0.0001596103829797,-0.0006096770521253,100.0,16.200000762939453,47.3979709,8.5461648,attack,39.825
1772701880.1901796,2026-03-05T09:11:20.190180,square,1,47.398352033865734,8.546727856165413,0.3000000119209289,0.0890000015497207,-0.00107299501542,0.0110827833414077,-9.700325012207031,-9.42200786084868e-05,-0.0011951554333791,-0.0007018904434517,100.0,16.200000762939453,47.3979709,8.5461648,attack,39.926
1772701880.298915,2026-03-05T09:11:20.298915,square,1,47.39835307184781,8.546729389595685,0.3000000119209289,0.0890000015497207,-0.00107299501542,0.0110827833414077,-9.700325012207031,-9.42200786084868e-05,-0.0011951554333791,-0.0007018904434517,100.0,16.200000762939453,47.3979709,8.5461648,attack,40.035
1772701880.4022658,2026-03-05T09:11:20.402266,square,1,47.398354058430236,8.546730847092293,0.3000000119209289,0.0890000015497207,-0.0031621460802853,-0.0051792319864034,-9.698596000671388,-0.0006029654177837,0.000948580505792,0.000266759423539,100.0,16.200000762939453,47.3979709,8.5461648,attack,40.138
1772701880.5052578,2026-03-05T09:11:20.505258,square,1,47.39835504158738,8.546732299528674,0.2990000247955322,0.0880000069737434,-0.0031621460802853,-0.0051792319864034,-9.698596000671388,-0.0006029654177837,0.000948580505792,0.000266759423539,100.0,16.200000762939453,47.3979709,8.5461648,attack,40.241
1772701880.6092498,2026-03-05T09:11:20.609250,square,1,47.39835603428978,8.546733766066446,0.2980000078678131,0.0870000049471855,0.0047366679646074,-0.0022676261141896,-9.704277992248535,8.007969881873578e-05,0.0004384193744044,-0.0013800179585814,100.0,16.200000762939453,47.3979709,8.5461648,attack,40.345
1772701880.7120926,2026-03-05T09:11:20.712093,square,1,47.398357016022196,8.546735216398043,0.2980000078678131,0.0870000049471855,-0.0055689644068479,0.0095662055537104,-9.699464797973633,-0.0009747257572598,0.0005284433136694,-0.0010323580354452,100.0,16.200000762939453,47.3979709,8.5461648,attack,40.448
1772701880.8143272,2026-03-05T09:11:20.814327,square,1,47.39835799194871,8.54673665815247,0.2970000207424164,0.0860000029206276,-0.0055689644068479,0.0095662055537104,-9.699464797973633,-0.0009747257572598,0.0005284433136694,-0.0010323580354452,100.0,16.200000762939453,47.3979709,8.5461648,attack,40.55
1772701880.9201589,2026-03-05T09:11:20.920159,square,1,47.39835900221221,8.546738150633571,0.2970000207424164,0.0860000029206276,-0.0055689644068479,0.0095662055537104,-9.699464797973633,-0.0009747257572598,0.0005284433136694,-0.0010323580354452,100.0,16.200000762939453,47.3979709,8.5461648,attack,40.656
1772701881.02837,2026-03-05T09:11:21.028370,square,1,47.398360035189505,8.546739676670194,0.2960000038146972,0.0850000008940696,0.0033864467404782,0.0079457703977823,-9.694978713989258,0.0006638345657847,-0.000103684636997,-0.0003887803759425,100.0,16.200000762939453,47.3979709,8.5461648,attack,40.764
1772701881.1531756,2026-03-05T09:11:21.153176,square,1,47.39836122657851,8.546741436731377,0.2960000038146972,0.0850000008940696,0.0033864467404782,0.0079457703977823,-9.694978713989258,0.0006638345657847,-0.000103684636997,-0.0003887803759425,100.0,16.200000762939453,47.3979709,8.5461648,attack,40.889
1772701881.256318,2026-03-05T09:11:21.256318,square,1,47.398362211171765,8.546742891289357,0.2950000166893005,0.0850000008940696,-6.044207839295268e-05,0.0013811592943966,-9.690237045288086,0.0010869877878576,0.0010513848392292,0.0008900994434952,100.0,16.200000762939453,47.3979709,8.5461648,attack,40.992
1772701881.3589425,2026-03-05T09:11:21.358943,square,1,47.39836319081943,8.546744338541107,0.2950000166893005,0.0850000008940696,-6.044207839295268e-05,0.0013811592943966,-9.690237045288086,0.0010869877878576,0.0010513848392292,0.0008900994434952,100.0,16.200000762939453,47.3979709,8.5461648,attack,41.095
1772701881.460222,2026-03-05T09:11:21.460222,square,1,47.398364157628556,8.546745766826254,0.2939999997615814,0.0840000063180923,-0.0060424082912504,0.0034460863098502,-9.69126319885254,0.000667680229526,0.0006528388475999,-0.0005914468783885,100.0,16.200000762939453,47.3979709,8.5461648,attack,41.196
1772701881.5631273,2026-03-05T09:11:21.563127,square,1,47.398365139957264,8.546747218038767,0.2930000126361847,0.0830000042915344,2.131739165633917e-06,0.00526117766276,-9.692984580993652,-0.0012551499530673,0.0002077736426144,-0.0011944944271817,100.0,16.200000762939453,47.3979709,8.5461648,attack,41.299
1772701881.664033,2026-03-05T09:11:21.664033,square,1,47.39836610319772,8.546748641051863,0.2930000126361847,0.0830000042915344,2.131739165633917e-06,0.00526117766276,-9.692984580993652,-0.0012551499530673,0.0002077736426144,-0.0011944944271817,100.0,16.200000762939453,47.3979709,8.5461648,attack,41.4
1772701881.7721677,2026-03-05T09:11:21.772168,square,1,47.398367135446726,8.54675016601256,0.2930000126361847,0.0830000042915344,2.131739165633917e-06,0.00526117766276,-9.692984580993652,-0.0012551499530673,0.0002077736426144,-0.0011944944271817,100.0,16.200000762939453,47.3979709,8.5461648,attack,41.508
1772701881.8733437,2026-03-05T09:11:21.873344,square,1,47.3983681012681,8.546751592838477,0.2920000255107879,0.0820000022649765,-0.0018644679803401,0.0026975823566317,-9.698526382446287,-0.0008581575239077,-0.0001257372496183,-0.0001605583820492,100.0,16.200000762939453,47.3979709,8.5461648,attack,41.609
1772701881.974107,2026-03-05T09:11:21.974107,square,1,47.398369063149836,8.546753013844295,0.2920000255107879,0.0820000022649765,-0.0018644679803401,0.0026975823566317,-9.698526382446287,-0.0008581575239077,-0.0001257372496183,-0.0001605583820492,100.0,16.200000762939453,47.3979709,8.5461648,attack,41.71
1772701882.077024,2026-03-05T09:11:22.077024,square,1,47.39837004559006,8.546754465221559,0.2920000255107879,0.0820000022649765,-0.0018644679803401,0.0026975823566317,-9.698526382446287,-0.0008581575239077,-0.0001257372496183,-0.0001605583820492,100.0,16.200000762939453,47.3979709,8.5461648,attack,41.813
1772701882.1872706,2026-03-05T09:11:22.187271,square,1,47.398371097999274,8.546756019965303,0.2910000085830688,0.0810000002384185,0.0029922607354819,0.0006324559217318,-9.698589324951172,0.0003589593397919,-0.0004553580656647,6.89506996423006e-05,100.0,16.200000762939453,47.3979709,8.5461648,attack,41.923
1772701882.2921307,2026-03-05T09:11:22.292131,square,1,47.39837209898835,8.546757498745125,0.2910000085830688,0.0810000002384185,0.0029922607354819,0.0006324559217318,-9.698589324951172,0.0003589593397919,-0.0004553580656647,6.89506996423006e-05,100.0,16.200000762939453,47.3979709,8.5461648,attack,42.028
1772701882.4072728,2026-03-05T09:11:22.407273,square,1,47.39837319812926,8.5467591225265,0.2910000085830688,0.0810000002384185,0.0029922607354819,0.0006324559217318,-9.698589324951172,0.0003589593397919,-0.0004553580656647,6.89506996423006e-05,100.0,16.200000762939453,47.3979709,8.5461648,attack,42.143
1772701882.5190508,2026-03-05T09:11:22.519051,square,1,47.39837426515679,8.54676069886615,0.2910000085830688,0.0800000056624412,-0.0004158148367423,0.0021587961819022,-9.69757843017578,0.0004215820226818,0.0006333364872261,-0.0003568780666682,100.0,16.200000762939453,47.3979709,8.5461648,attack,42.255
1772701882.622417,2026-03-05T09:11:22.622417,square,1,47.39837525188487,8.546762156577943,0.2910000085830688,0.0800000056624412,-0.0004158148367423,0.0021587961819022,-9.69757843017578,0.0004215820226818,0.0006333364872261,-0.0003568780666682,100.0,16.200000762939453,47.3979709,8.5461648,attack,42.358
1772701882.7241197,2026-03-05T09:11:22.724120,square,1,47.39837622273378,8.546763590831132,0.2910000085830688,0.0800000056624412,-0.0004158148367423,0.0021587961819022,-9.69757843017578,0.0004215820226818,0.0006333364872261,-0.0003568780666682,100.0,16.200000762939453,47.3979709,8.5461648,attack,42.46
1772701882.8260856,2026-03-05T09:11:22.826086,square,1,47.39837719609531,8.546765028796274,0.2900000214576721,0.0790000036358833,-0.0051380465738475,-0.0013530710712075,-9.699939727783203,-5.623292963718996e-05,-0.0003551486006472,-0.0001493818999733,100.0,16.200000762939453,47.3979709,8.5461648,attack,42.562
1772701882.9277976,2026-03-05T09:11:22.927798,square,1,47.39837816703298,8.54676646318059,0.2900000214576721,0.0790000036358833,-0.0051380465738475,-0.0013530710712075,-9.699939727783203,-5.623292963718996e-05,-0.0003551486006472,-0.0001493818999733,100.0,16.200000762939453,47.3979709,8.5461648,attack,42.664
1772701883.03011,2026-03-05T09:11:23.030110,square,1,47.39837914370144,8.546767906031121,0.289000004529953,0.0780000016093254,-0.0059377406723797,-0.0054253954440355,-9.694490432739258,-0.0005055210203863,-4.712616282631643e-05,3.07636582874693e-05,100.0,16.200000762939453,47.3979709,8.5461648,attack,42.766
1772701883.1354673,2026-03-05T09:11:23.135467,square,1,47.39838014943811,8.546769391824652,0.289000004529953,0.0780000016093254,-0.0059377406723797,-0.0054253954440355,-9.694490432739258,-0.0005055210203863,-4.712616282631643e-05,3.07636582874693e-05,100.0,16.200000762939453,47.3979709,8.5461648,attack,42.872
1772701883.2458742,2026-03-05T09:11:23.245874,square,1,47.39838120337675,8.546770948827847,0.2880000174045563,0.0780000016093254,-0.0020873402245342,7.522027590312064e-05,-9.695236206054688,0.0002000737440539,0.0003026841441169,-0.0006702378159388,100.0,16.200000762939453,47.3979709,8.5461648,attack,42.982
1772701883.3479023,2026-03-05T09:11:23.347903,square,1,47.3983821773323,8.546772387670543,0.2880000174045563,0.0780000016093254,-0.0020873402245342,7.522027590312064e-05,-9.695236206054688,0.0002000737440539,0.0003026841441169,-0.0006702378159388,100.0,16.200000762939453,47.3979709,8.5461648,attack,43.084
1772701883.4530675,2026-03-05T09:11:23.453068,square,1,47.39838318123457,8.546773870754079,0.2880000174045563,0.077000007033348,-0.0007109770667739,0.0005072071217,-9.699151992797852,0.0014731249539181,0.0008049735915847,0.0004604168061632,100.0,16.200000762939453,47.3979709,8.5461648,attack,43.189
1772701883.557402,2026-03-05T09:11:23.557402,square,1,47.39838417720521,8.54677534212008,0.2880000174045563,0.077000007033348,-0.0007109770667739,0.0005072071217,-9.699151992797852,0.0014731249539181,0.0008049735915847,0.0004604168061632,100.0,16.200000762939453,47.3979709,8.5461648,attack,43.293
1772701883.659083,2026-03-05T09:11:23.659083,square,1,47.39838514784701,8.5467767760673,0.2870000004768371,0.0760000050067901,0.0071868165396153,-0.0037605660036206,-9.695402145385742,-0.0002152289525838,0.0004141099052503,0.0003729514719452,100.0,16.200000762939453,47.3979709,8.5461648,attack,43.395
1772701883.7664952,2026-03-05T09:11:23.766495,square,1,47.39838617319994,8.546778290840297,0.2870000004768371,0.0760000050067901,0.0071868165396153,-0.0037605660036206,-9.695402145385742,-0.0002152289525838,0.0004141099052503,0.0003729514719452,100.0,16.200000762939453,47.3979709,8.5461648,attack,43.503
1772701883.8740294,2026-03-05T09:11:23.874029,square,1,47.39838719971586,8.546779807331417,0.2870000004768371,0.0760000050067901,0.0071868165396153,-0.0037605660036206,-9.695402145385742,-0.0002152289525838,0.0004141099052503,0.0003729514719452,100.0,16.200000762939453,47.3979709,8.5461648,attack,43.61
1772701883.9763825,2026-03-05T09:11:23.976382,square,1,47.398388176773516,8.546781250756897,0.2860000133514404,0.0750000029802322,-0.0027793874032795,0.0054860217496752,-9.695432662963867,-1.7984524674830027e-05,0.0002531982026994,0.0002380540245212,100.0,16.200000762939453,47.3979709,8.5461648,attack,43.712
1772701884.0771055,2026-03-05T09:11:24.077106,square,1,47.398389138270616,8.546782671194489,0.2860000133514404,0.0750000029802322,-0.0027793874032795,0.0054860217496752,-9.695432662963867,-1.7984524674830027e-05,0.0002531982026994,0.0002380540245212,100.0,16.200000762939453,47.3979709,8.5461648,attack,43.813
1772701884.1824958,2026-03-05T09:11:24.182496,square,1,47.39839014432136,8.546784157452015,0.2840000092983246,0.0740000009536743,0.0064517664723098,0.0039731278084218,-9.69700050354004,8.559669367969036e-05,-9.246963600162415e-05,-0.0008269287645816,100.0,16.200000762939453,47.3979709,8.5461648,attack,43.919
1772701884.289013,2026-03-05T09:11:24.289013,square,1,47.39839116112817,8.54678565959966,0.2840000092983246,0.0740000009536743,0.0064517664723098,0.0039731278084218,-9.69700050354004,8.559669367969036e-05,-9.246963600162415e-05,-0.0008269287645816,100.0,16.200000762939453,47.3979709,8.5461648,attack,44.025
1772701884.399218,2026-03-05T09:11:24.399218,square,1,47.39839221314136,8.546787213758368,0.2840000092983246,0.0740000009536743,0.0064517664723098,0.0039731278084218,-9.69700050354004,8.559669367969036e-05,-9.246963600162415e-05,-0.0008269287645816,100.0,16.200000762939453,47.3979709,8.5461648,attack,44.135
1772701884.5021324,2026-03-05T09:11:24.502132,square,1,47.39839319555655,8.546788665098648,0.2840000092983246,0.0740000009536743,0.0064517664723098,0.0039731278084218,-9.69700050354004,8.559669367969036e-05,-9.246963600162415e-05,-0.0008269287645816,100.0,16.200000762939453,47.3979709,8.5461648,attack,44.238
1772701884.6092458,2026-03-05T09:11:24.609246,square,1,47.398394218055465,8.546790175655348,0.2840000092983246,0.0740000009536743,0.0064517664723098,0.0039731278084218,-9.69700050354004,8.559669367969036e-05,-9.246963600162415e-05,-0.0008269287645816,100.0,16.200000762939453,47.3979709,8.5461648,attack,44.345
1772701884.711376,2026-03-05T09:11:24.711376,square,1,47.39839519298511,8.5467916159371,0.2830000221729278,0.0730000063776969,-0.0080212783068418,0.0052399006672203,-9.696337699890137,-3.918848233297467e-05,-0.0008506790036335,-0.0005380929214879,100.0,16.200000762939453,47.3979709,8.5461648,attack,44.447
1772701884.813,2026-03-05T09:11:24.813000,square,1,47.398396163082964,8.546793049080737,0.2820000052452087,0.072000004351139,-0.0004047362599521,0.0014698961749672,-9.696104049682615,0.0002542960864957,0.0002225539938081,-0.0002700869226828,100.0,16.200000762939453,47.3979709,8.5461648,attack,44.549
1772701884.9184682,2026-03-05T09:11:24.918468,square,1,47.39839716987794,8.546794536437726,0.2820000052452087,0.072000004351139,-0.0004047362599521,0.0014698961749672,-9.696104049682615,0.0002542960864957,0.0002225539938081,-0.0002700869226828,100.0,16.200000762939453,47.3979709,8.5461648,attack,44.655
1772701885.022263,2026-03-05T09:11:25.022263,square,1,47.39839816069815,8.546796000194895,0.281000018119812,0.0710000023245811,0.0009991240222007,0.0073843179270625,-9.699414253234863,-0.0002225007774541,-3.419852509978227e-05,0.0019589383155107,100.0,16.200000762939453,47.3979709,8.5461648,attack,44.758
1772701885.124229,2026-03-05T09:11:25.124229,square,1,47.39839913405969,8.546797438160036,0.281000018119812,0.0710000023245811,0.0009991240222007,0.0073843179270625,-9.699414253234863,-0.0002225007774541,-3.419852509978227e-05,0.0019589383155107,100.0,16.200000762939453,47.3979709,8.5461648,attack,44.86
1772701885.2247934,2026-03-05T09:11:25.224793,square,1,47.39840009404329,8.546798856361715,0.2800000011920929,0.0700000002980232,-0.004725594073534,-0.0006918581202626,-9.693612098693848,-0.0002052329655271,-0.0003351488267071,0.0014627435011789,100.0,16.200000762939453,47.3979709,8.5461648,attack,44.961
1772701885.3272388,2026-03-05T09:11:25.327239,square,1,47.39840107198172,8.546800301088396,0.2800000011920929,0.0700000002980232,-0.004725594073534,-0.0006918581202626,-9.693612098693848,-0.0002052329655271,-0.0003351488267071,0.0014627435011789,100.0,16.200000762939453,47.3979709,8.5461648,attack,45.063
1772701885.4311645,2026-03-05T09:11:25.431164,square,1,47.398402064051425,8.546801766691454,0.2780000269412994,0.0680000036954879,-0.0014192690141499,0.0024529243819415,-9.70085906982422,-0.0009721115347929,0.0004720028955489,-0.0005916430382058,100.0,16.200000762939453,47.3979709,8.5461648,attack,45.167
1772701885.5318086,2026-03-05T09:11:25.531809,square,1,47.398403024795186,8.546803186016133,0.2780000269412994,0.0680000036954879,-0.0014192690141499,0.0024529243819415,-9.70085906982422,-0.0009721115347929,0.0004720028955489,-0.0005916430382058,100.0,16.200000762939453,47.3979709,8.5461648,attack,45.268
1772701885.6353106,2026-03-05T09:11:25.635311,square,1,47.398404012820556,8.546804645644425,0.2780000269412994,0.0680000036954879,-0.0014192690141499,0.0024529243819415,-9.70085906982422,-0.0009721115347929,0.0004720028955489,-0.0005916430382058,100.0,16.200000762939453,47.3979709,8.5461648,attack,45.371
1772701885.7362814,2026-03-05T09:11:25.736281,square,1,47.39840497668235,8.546806069575423,0.2770000100135803,0.0659999996423721,0.003657586639747,0.0040444214828312,-9.697052001953123,-0.0003192611329723,-0.0004198992974124,-8.664756751386449e-05,100.0,16.200000762939453,47.3979709,8.5461648,attack,45.472
1772701885.846677,2026-03-05T09:11:25.846677,square,1,47.39840603051402,8.546807626420591,0.2770000100135803,0.0659999996423721,0.003657586639747,0.0040444214828312,-9.697052001953123,-0.0003192611329723,-0.0004198992974124,-8.664756751386449e-05,100.0,16.200000762939453,47.3979709,8.5461648,attack,45.583
1772701885.9513445,2026-03-05T09:11:25.951344,square,1,47.39840692966414,8.54680910248247,0.2750000059604645,0.0640000030398368,-0.0012134092394262,-0.0037456266582012,-9.69880485534668,-0.0009797617094591,-0.0007369318045675,0.0001140109670814,100.0,16.200000762939453,47.3979708,8.5461648,attack,45.687
1772701886.0592828,2026-03-05T09:11:26.059283,square,1,47.39840796003778,8.546810624672645,0.2750000059604645,0.0640000030398368,-0.0012134092394262,-0.0037456266582012,-9.69880485534668,-0.0009797617094591,-0.0007369318045675,0.0001140109670814,100.0,16.200000762939453,47.3979708,8.5461648,attack,45.795
1772701886.1629314,2026-03-05T09:11:26.162931,square,1,47.39840894946284,8.546812086368735,0.2750000059604645,0.0640000030398368,-0.0012134092394262,-0.0037456266582012,-9.69880485534668,-0.0009797617094591,-0.0007369318045675,0.0001140109670814,100.0,16.200000762939453,47.3979708,8.5461648,attack,45.899
1772701886.2824163,2026-03-05T09:11:26.282416,square,1,47.39841009005986,8.546813771393982,0.2740000188350677,0.0630000010132789,-0.000328178924974,-0.0062048095278441,-9.688332557678224,-3.381624264875427e-05,-0.0009390941122546,6.881101580802351e-05,100.0,16.200000762939453,47.3979708,8.5461648,attack,46.018
1772701886.4258125,2026-03-05T09:11:26.425812,square,1,47.3984114589124,8.546815793625342,0.2720000147819519,0.0620000027120113,-0.0137242441996932,0.0040341131389141,-9.696996688842772,-0.0006093116244301,-0.0003470813971944,-0.0003901573363691,100.0,16.200000762939453,47.3979708,8.5461648,attack,46.162
1772701886.5291169,2026-03-05T09:11:26.529117,square,1,47.398412445051015,8.546817250466304,0.2720000147819519,0.0620000027120113,-0.0137242441996932,0.0040341131389141,-9.696996688842772,-0.0006093116244301,-0.0003470813971944,-0.0003901573363691,100.0,16.200000762939453,47.3979708,8.5461648,attack,46.265
1772701886.6311088,2026-03-05T09:11:26.631109,square,1,47.398413418660624,8.54681868879793,0.2720000147819519,0.0620000027120113,-0.0137242441996932,0.0040341131389141,-9.696996688842772,-0.0006093116244301,-0.0003470813971944,-0.0003901573363691,100.0,16.200000762939453,47.3979708,8.5461648,attack,46.367
1772701886.7360525,2026-03-05T09:11:26.736052,square,1,47.39841442044855,8.54682016875791,0.2710000276565552,0.0600000023841857,0.0040159998461604,-0.003598931711167,-9.698269844055176,-5.8279052609577775e-05,0.0009291730239056,-0.0005641757743433,100.0,16.200000762939453,47.3979708,8.5461648,attack,46.472
1772701886.8395245,2026-03-05T09:11:26.839524,square,1,47.39841540818715,8.546821627962553,0.2710000276565552,0.0600000023841857,0.0040159998461604,-0.003598931711167,-9.698269844055176,-5.8279052609577775e-05,0.0009291730239056,-0.0005641757743433,100.0,16.200000762939453,47.3979708,8.5461648,attack,46.576
1772701886.9463282,2026-03-05T09:11:26.946328,square,1,47.39841642772962,8.546823134151651,0.2690000236034393,0.0590000040829181,-0.0028876643627882,-0.0011169626377522,-9.695905685424805,0.0005344137898646,-0.0007879529730416,-0.0008557686815038,100.0,16.200000762939453,47.3979708,8.5461648,attack,46.682
1772701887.0479724,2026-03-05T09:11:27.047972,square,1,47.398417398020925,8.54682456758108,0.2690000236034393,0.0590000040829181,-0.0028876643627882,-0.0011169626377522,-9.695905685424805,0.0005344137898646,-0.0007879529730416,-0.0008557686815038,100.0,16.200000762939453,47.3979708,8.5461648,attack,46.784
1772701887.1489654,2026-03-05T09:11:27.148965,square,1,47.39841836209438,8.546825991824766,0.2690000236034393,0.0590000040829181,-0.0028876643627882,-0.0011169626377522,-9.695905685424805,0.0005344137898646,-0.0007879529730416,-0.0008557686815038,100.0,16.200000762939453,47.3979708,8.5461648,attack,46.885
1772701887.2529843,2026-03-05T09:11:27.252984,square,1,47.39841935505397,8.546827458742474,0.2680000066757202,0.0570000037550926,-0.0052707539871335,0.0072368937544524,-9.693267822265623,0.0002390834415564,-8.623218309367076e-05,0.0004519077483564,100.0,16.200000762939453,47.3979708,8.5461648,attack,46.989
1772701887.3546402,2026-03-05T09:11:27.354640,square,1,47.39842032545679,8.546828892336652,0.2680000066757202,0.0570000037550926,-0.0045255054719746,-0.0057478179223835,-9.702041625976562,-0.0002449976163916,-0.0001311484375037,0.0002151404187316,100.0,16.200000762939453,47.3979708,8.5461648,attack,47.091
1772701887.458675,2026-03-05T09:11:27.458675,square,1,47.39842131856659,8.54683035947627,0.2670000195503235,0.0560000017285347,-0.0045255054719746,-0.0057478179223835,-9.702041625976562,-0.0002449976163916,-0.0001311484375037,0.0002151404187316,100.0,16.200000762939453,47.3979708,8.5461648,attack,47.195
1772701887.5621262,2026-03-05T09:11:27.562126,square,1,47.39842230610718,8.546831818388393,0.2660000026226043,0.055000003427267,-0.0017119514523074,0.0045423340052366,-9.703904151916504,0.0007124520489014,0.0002456297515891,-0.0003027357161045,100.0,16.200000762939453,47.3979708,8.5461648,attack,47.298
1772701887.6676042,2026-03-05T09:11:27.667604,square,1,47.39842331299547,8.546833305883233,0.2650000154972076,0.0540000014007091,-0.0122769437730312,-0.0030190479010343,-9.695335388183594,-0.0006040509906597,3.270731394877657e-05,0.0001005198864731,100.0,16.200000762939453,47.3979708,8.5461648,attack,47.404
1772701887.7685473,2026-03-05T09:11:27.768547,square,1,47.39842427659326,8.546834729424205,0.2650000154972076,0.0540000014007091,-0.0122769437730312,-0.0030190479010343,-9.695335388183594,-0.0006040509906597,3.270731394877657e-05,0.0001005198864731,100.0,16.200000762939453,47.3979708,8.5461648,attack,47.505
1772701887.8712797,2026-03-05T09:11:27.871280,square,1,47.39842525727192,8.546836178199065,0.2650000154972076,0.0540000014007091,-0.0050477823242545,0.0032395687885582,-9.692678451538086,-0.0010154183255508,6.320467218756676e-05,-0.0006951579707674,100.0,16.200000762939453,47.3979708,8.5461648,attack,47.607
1772701887.988078,2026-03-05T09:11:27.988078,square,1,47.39842637222374,8.546837825338175,0.2639999985694885,0.0530000030994415,-0.0050477823242545,0.0032395687885582,-9.692678451538086,-0.0010154183255508,6.320467218756676e-05,-0.0006951579707674,100.0,16.200000762939453,47.3979708,8.5461648,attack,47.724
1772701888.0915885,2026-03-05T09:11:28.091588,square,1,47.39842736032876,8.546839285084143,0.2630000114440918,0.0530000030994415,-0.0035431876312941,0.0030750543810427,-9.695945739746094,7.857724267523736e-05,-0.0001445259258616,0.0003808400069829,100.0,16.200000762939453,47.3979708,8.5461648,attack,47.828
1772701888.1949673,2026-03-05T09:11:28.194967,square,1,47.398428347177465,8.546840742974137,0.2630000114440918,0.0530000030994415,-0.0035431876312941,0.0030750543810427,-9.695945739746094,7.857724267523736e-05,-0.0001445259258616,0.0003808400069829,100.0,16.200000762939453,47.3979708,8.5461648,attack,47.931
1772701888.2962132,2026-03-05T09:11:28.296213,square,1,47.39842931366569,8.5468421707852,0.262000024318695,0.0520000010728836,0.0011869311565533,0.0006861250731162,-9.70281982421875,0.0011262668995186,0.0002596980193629,-0.0004242081777192,100.0,16.200000762939453,47.3979708,8.5461648,attack,48.032
1772701888.407745,2026-03-05T09:11:28.407745,square,1,47.39843037834217,8.546843743651612,0.262000024318695,0.0520000010728836,0.0011869311565533,0.0006861250731162,-9.70281982421875,0.0011262668995186,0.0002596980193629,-0.0004242081777192,100.0,16.200000762939453,47.3979708,8.5461648,attack,48.144
1772701888.5115008,2026-03-05T09:11:28.511501,square,1,47.39843136879141,8.546845206860727,0.262000024318695,0.0520000010728836,0.0011869311565533,0.0006861250731162,-9.70281982421875,0.0011262668995186,0.0002596980193629,-0.0004242081777192,100.0,16.200000762939453,47.3979708,8.5461648,attack,48.248
1772701888.6198597,2026-03-05T09:11:28.619860,square,1,47.39843240317978,8.54684673498196,0.262000024318695,0.0520000010728836,0.0011869311565533,0.0006861250731162,-9.70281982421875,0.0011262668995186,0.0002596980193629,-0.0004242081777192,100.0,16.200000762939453,47.3979708,8.5461648,attack,48.356
1772701888.724957,2026-03-05T09:11:28.724957,square,1,47.398433406433405,8.546848217107243,0.262000024318695,0.0520000010728836,0.0011869311565533,0.0006861250731162,-9.70281982421875,0.0011262668995186,0.0002596980193629,-0.0004242081777192,100.0,16.200000762939453,47.3979708,8.5461648,attack,48.461
1772701888.8291547,2026-03-05T09:11:28.829155,square,1,47.39843440109994,8.546849686546658,0.262000024318695,0.0520000010728836,0.0011869311565533,0.0006861250731162,-9.70281982421875,0.0011262668995186,0.0002596980193629,-0.0004242081777192,100.0,16.200000762939453,47.3979708,8.5461648,attack,48.565
1772701888.935042,2026-03-05T09:11:28.935042,square,1,47.398435411893736,8.546851179811165,0.262000024318695,0.0520000010728836,0.0011869311565533,0.0006861250731162,-9.70281982421875,0.0011262668995186,0.0002596980193629,-0.0004242081777192,100.0,16.200000762939453,47.3979708,8.5461648,attack,48.671
1772701889.0373182,2026-03-05T09:11:29.037318,square,1,47.398436388218535,8.546852622153988,0.262000024318695,0.0510000027716159,0.0057974327355623,-0.0043158107437193,-9.699296951293944,0.0015185358934104,-0.00097398244543,0.0009306386928074,100.0,16.200000762939453,47.3979708,8.5461648,attack,48.773
1772701889.1399384,2026-03-05T09:11:29.139938,square,1,47.398437367825224,8.546854069345216,0.262000024318695,0.0510000027716159,0.0057974327355623,-0.0043158107437193,-9.699296951293944,0.0015185358934104,-0.00097398244543,0.0009306386928074,100.0,16.200000762939453,47.3979708,8.5461648,attack,48.876
1772701889.2411034,2026-03-05T09:11:29.241103,square,1,47.398438333541904,8.546855496016468,0.262000024318695,0.0510000027716159,0.0057974327355623,-0.0043158107437193,-9.699296951293944,0.0015185358934104,-0.00097398244543,0.0009306386928074,100.0,16.200000762939453,47.3979708,8.5461648,attack,48.977
1772701889.3431222,2026-03-05T09:11:29.343122,square,1,47.398439307408694,8.546856934728032,0.2610000073909759,0.050000000745058,-0.001030606101267,-0.0006359711987897,-9.70561408996582,5.508549293153919e-05,0.0005207131616771,-0.0002709965920075,100.0,16.200000762939453,47.3979708,8.5461648,attack,49.079
1772701889.4732356,2026-03-05T09:11:29.473236,square,1,47.398440549464496,8.54685876964022,0.2610000073909759,0.050000000745058,-0.001030606101267,-0.0006359711987897,-9.70561408996582,5.508549293153919e-05,0.0005207131616771,-0.0002709965920075,100.0,16.200000762939453,47.3979708,8.5461648,attack,49.209
1772701889.5747268,2026-03-05T09:11:29.574727,square,1,47.39844151829465,8.546860200911068,0.2610000073909759,0.050000000745058,-0.001030606101267,-0.0006359711987897,-9.70561408996582,5.508549293153919e-05,0.0005207131616771,-0.0002709965920075,100.0,16.200000762939453,47.3979708,8.5461648,attack,49.311
1772701889.6792314,2026-03-05T09:11:29.679231,square,1,47.39844251589031,8.54686167467773,0.2610000073909759,0.050000000745058,-0.001030606101267,-0.0006359711987897,-9.70561408996582,5.508549293153919e-05,0.0005207131616771,-0.0002709965920075,100.0,16.200000762939453,47.3979708,8.5461648,attack,49.415
1772701889.780938,2026-03-05T09:11:29.780938,square,1,47.39844348677563,8.546863108984713,0.2610000073909759,0.050000000745058,-0.001030606101267,-0.0006359711987897,-9.70561408996582,5.508549293153919e-05,0.0005207131616771,-0.0002709965920075,100.0,16.200000762939453,47.3979708,8.5461648,attack,49.517
1772701889.8868716,2026-03-05T09:11:29.886872,square,1,47.39844449801323,8.546864602904865,0.2600000202655792,0.050000000745058,0.0042901216074824,0.0029782480560243,-9.695335388183594,0.0006053930846974,0.0009486558265052,0.0008225956116802,100.0,16.200000762939453,47.3979708,8.5461648,attack,49.623
1772701889.9990938,2026-03-05T09:11:29.999094,square,1,47.39844556928081,8.546866185508431,0.2600000202655792,0.050000000745058,0.0042901216074824,0.0029782480560243,-9.695335388183594,0.0006053930846974,0.0009486558265052,0.0008225956116802,100.0,16.200000762939453,47.3979708,8.5461648,attack,49.735
1772701890.1020334,2026-03-05T09:11:30.102033,square,1,47.398446551937255,8.54686763720511,0.2600000202655792,0.050000000745058,0.0042901216074824,0.0029782480560243,-9.695335388183594,0.0006053930846974,0.0009486558265052,0.0008225956116802,100.0,16.200000762939453,47.3979708,8.5461648,attack,49.838
1772701890.2083,2026-03-05T09:11:30.208300,square,1,47.39844756635433,8.546869135822362,0.2600000202655792,0.050000000745058,0.0042901216074824,0.0029782480560243,-9.695335388183594,0.0006053930846974,0.0009486558265052,0.0008225956116802,100.0,16.200000762939453,47.3979708,8.5461648,attack,49.944
