timestamp_unix_s,timestamp_iso,scenario,run_id,lat_deg,lon_deg,abs_alt_m,rel_alt_m,vel_n_m_s,vel_e_m_s,vel_d_m_s,accel_x_mps2,accel_y_mps2,accel_z_mps2,gyro_x_rps,gyro_y_rps,gyro_z_rps,battery_remaining_pct,battery_voltage_v,true_lat_deg,true_lon_deg,label,attack_elapsed_s
1776211508.3740008,2026-04-15T00:05:08.374001,normal_square,1,47.3979734,8.5461624,0.2200000137090683,0.0,0.0,-0.0099999997764825,0.0,-0.0323305986821651,-0.1172692999243736,-9.773510932922363,-0.0005716031300835,-0.0005011626635678,0.000204212105018,,,47.3979734,8.5461624,normal,0.0
1776211508.490313,2026-04-15T00:05:08.490313,normal_square,1,47.3979734,8.5461624,0.2200000137090683,0.0,0.0,-0.0099999997764825,0.0,-0.0323305986821651,-0.1172692999243736,-9.773510932922363,-0.0005716031300835,-0.0005011626635678,0.000204212105018,,,47.3979734,8.5461624,normal,0.0
1776211508.6321,2026-04-15T00:05:08.632100,normal_square,1,47.3979734,8.5461624,0.2220000177621841,0.0010000000474974,0.0,-0.0099999997764825,0.0,-0.0329497903585433,-0.1135451719164848,-9.767929077148438,-0.0004180176183581,-7.36244983272627e-05,0.0003775728400796,,,47.3979734,8.5461624,normal,0.0
1776211508.742791,2026-04-15T00:05:08.742791,normal_square,1,47.3979734,8.5461624,0.2220000177621841,0.0010000000474974,0.0,-0.0099999997764825,0.0,-0.0329497903585433,-0.1135451719164848,-9.767929077148438,-0.0004180176183581,-7.36244983272627e-05,0.0003775728400796,,,47.3979734,8.5461624,normal,0.0
1776211508.8714411,2026-04-15T00:05:08.871441,normal_square,1,47.3979734,8.5461624,0.2220000177621841,0.0010000000474974,0.0,-0.0099999997764825,0.0,-0.0428537391126155,-0.1139473617076873,-9.768290519714355,-0.0005421194946393,-1.769751906977035e-05,0.0005503420252352,,,47.3979734,8.5461624,normal,0.0
1776211508.9754157,2026-04-15T00:05:08.975416,normal_square,1,47.3979734,8.5461624,0.2230000048875808,0.003000000026077,0.0,-0.0099999997764825,-0.0099999997764825,-0.0428537391126155,-0.1139473617076873,-9.768290519714355,-0.0005421194946393,-1.769751906977035e-05,0.0005503420252352,,,47.3979734,8.5461624,normal,0.0
1776211509.0794113,2026-04-15T00:05:09.079411,normal_square,1,47.3979734,8.5461624,0.2250000089406967,0.0040000001899898,0.0,-0.0099999997764825,-0.0099999997764825,-0.0375826843082904,-0.1146529987454414,-9.766556739807127,0.0002952507929876,0.0010363089386373,-0.0001156344951596,,,47.3979734,8.5461624,normal,0.0
1776211509.1828763,2026-04-15T00:05:09.182876,normal_square,1,47.3979734,8.5461624,0.2250000089406967,0.0040000001899898,0.0,-0.0099999997764825,-0.0099999997764825,-0.0375826843082904,-0.1146529987454414,-9.766556739807127,0.0002952507929876,0.0010363089386373,-0.0001156344951596,,,47.3979734,8.5461624,normal,0.0
1776211509.284194,2026-04-15T00:05:09.284194,normal_square,1,47.3979734,8.5461624,0.2250000089406967,0.0040000001899898,0.0,-0.0099999997764825,-0.0099999997764825,-0.0375826843082904,-0.1146529987454414,-9.766556739807127,0.0002952507929876,0.0010363089386373,-0.0001156344951596,,,47.3979734,8.5461624,normal,0.0
1776211509.387123,2026-04-15T00:05:09.387123,normal_square,1,47.3979734,8.5461624,0.2260000109672546,0.0050000003539025,0.0,-0.0099999997764825,-0.0099999997764825,-0.0433502309024333,-0.1194121092557907,-9.770543098449709,-0.000469553808216,0.0004184376448392,-0.0002182532771257,,,47.3979734,8.5461624,normal,0.0
1776211509.492283,2026-04-15T00:05:09.492283,normal_square,1,47.3979734,8.5461624,0.2260000109672546,0.0050000003539025,0.0,-0.0099999997764825,-0.0099999997764825,-0.0373690724372863,-0.1112508922815322,-9.764822959899902,-0.0007332673412747,-0.0009547434747219,0.0003803505387622,,,47.3979734,8.5461624,normal,0.0
1776211509.594953,2026-04-15T00:05:09.594953,normal_square,1,47.3979734,8.5461624,0.2270000129938125,0.0070000002160668,0.0,-0.0099999997764825,-0.0099999997764825,-0.0373690724372863,-0.1112508922815322,-9.764822959899902,-0.0007332673412747,-0.0009547434747219,0.0003803505387622,,,47.3979734,8.5461624,normal,0.0
1776211509.6980505,2026-04-15T00:05:09.698050,normal_square,1,47.3979734,8.5461624,0.2270000129938125,0.0070000002160668,0.0,-0.0099999997764825,-0.0099999997764825,-0.0373690724372863,-0.1112508922815322,-9.764822959899902,-0.0007332673412747,-0.0009547434747219,0.0003803505387622,,,47.3979734,8.5461624,normal,0.0
1776211509.8017745,2026-04-15T00:05:09.801774,normal_square,1,47.3979733,8.5461624,0.2280000150203704,0.0080000003799796,0.0,-0.0099999997764825,-0.0099999997764825,-0.0411559864878654,-0.1118748262524604,-9.765868186950684,-0.0001666307362029,0.0002153285895474,-0.0007003654609434,,,47.3979733,8.5461624,normal,0.0
1776211509.9051397,2026-04-15T00:05:09.905140,normal_square,1,47.3979733,8.5461624,0.2280000150203704,0.0080000003799796,0.0,-0.0099999997764825,-0.0099999997764825,-0.0411559864878654,-0.1118748262524604,-9.765868186950684,-0.0001666307362029,0.0002153285895474,-0.0007003654609434,,,47.3979733,8.5461624,normal,0.0
1776211510.0133195,2026-04-15T00:05:10.013320,normal_square,1,47.3979733,8.5461624,0.2280000150203704,0.0080000003799796,0.0,-0.0099999997764825,-0.0099999997764825,-0.0411559864878654,-0.1118748262524604,-9.765868186950684,-0.0001666307362029,0.0002153285895474,-0.0007003654609434,,,47.3979733,8.5461624,normal,0.0
1776211510.145928,2026-04-15T00:05:10.145928,normal_square,1,47.3979733,8.5461624,0.2290000170469284,0.0090000005438923,0.0,-0.0099999997764825,-0.0099999997764825,-0.0423846654593944,-0.1071420460939407,-9.76956272125244,0.0011619741562753,0.0004167778533883,-0.0001504722167737,,,47.3979733,8.5461624,normal,0.0
1776211510.2532597,2026-04-15T00:05:10.253260,normal_square,1,47.3979733,8.5461624,0.2290000170469284,0.0090000005438923,0.0,-0.0099999997764825,-0.0099999997764825,-0.0423846654593944,-0.1071420460939407,-9.76956272125244,0.0011619741562753,0.0004167778533883,-0.0001504722167737,,,47.3979733,8.5461624,normal,0.0
1776211510.3568785,2026-04-15T00:05:10.356879,normal_square,1,47.3979733,8.5461624,0.2300000041723251,0.0100000007078051,0.0,-0.0099999997764825,-0.0099999997764825,-0.0359161421656608,-0.122951254248619,-9.768662452697754,-0.0003385980380699,-0.0002009135205298,-0.0009142650524154,,,47.3979733,8.5461624,normal,0.0
1776211510.4590304,2026-04-15T00:05:10.459030,normal_square,1,47.3979733,8.5461624,0.2300000041723251,0.0100000007078051,0.0,-0.0099999997764825,-0.0099999997764825,-0.0359161421656608,-0.122951254248619,-9.768662452697754,-0.0003385980380699,-0.0002009135205298,-0.0009142650524154,,,47.3979733,8.5461624,normal,0.0
1776211510.564817,2026-04-15T00:05:10.564817,normal_square,1,47.3979733,8.5461624,0.231000006198883,0.0110000008717179,0.0,-0.0099999997764825,-0.0099999997764825,-0.036401592195034,-0.1115549206733703,-9.774619102478027,-0.0002085656160488,-0.0003058348956983,0.0006514069973491,,,47.3979733,8.5461624,normal,0.0
1776211510.6676643,2026-04-15T00:05:10.667664,normal_square,1,47.3979733,8.5461624,0.231000006198883,0.0110000008717179,0.0,-0.0099999997764825,-0.0099999997764825,-0.036401592195034,-0.1115549206733703,-9.774619102478027,-0.0002085656160488,-0.0003058348956983,0.0006514069973491,,,47.3979733,8.5461624,normal,0.0
1776211510.7748785,2026-04-15T00:05:10.774879,normal_square,1,47.3979733,8.5461624,0.231000006198883,0.0110000008717179,0.0,-0.0099999997764825,-0.0099999997764825,-0.036401592195034,-0.1115549206733703,-9.774619102478027,-0.0002085656160488,-0.0003058348956983,0.0006514069973491,,,47.3979733,8.5461624,normal,0.0
1776211510.8829205,2026-04-15T00:05:10.882921,normal_square,1,47.3979733,8.5461624,0.2320000082254409,0.0120000001043081,0.0,-0.0099999997764825,-0.0099999997764825,-0.0447148643434047,-0.1149976626038551,-9.763631820678713,-0.0004811365506611,-0.0004334191035013,-0.0006498317234218,,,47.3979733,8.5461624,normal,0.0
1776211510.9886715,2026-04-15T00:05:10.988672,normal_square,1,47.3979733,8.5461624,0.2320000082254409,0.0120000001043081,0.0,-0.0099999997764825,-0.0099999997764825,-0.0447148643434047,-0.1149976626038551,-9.763631820678713,-0.0004811365506611,-0.0004334191035013,-0.0006498317234218,,,47.3979733,8.5461624,normal,0.0
1776211511.0947025,2026-04-15T00:05:11.094702,normal_square,1,47.3979733,8.5461624,0.2320000082254409,0.0120000001043081,0.0,-0.0099999997764825,-0.0099999997764825,-0.0447148643434047,-0.1149976626038551,-9.763631820678713,-0.0004811365506611,-0.0004334191035013,-0.0006498317234218,,,47.3979733,8.5461624,normal,0.0
1776211511.2042642,2026-04-15T00:05:11.204264,normal_square,1,47.3979733,8.5461624,0.2330000102519989,0.0120000001043081,0.0,-0.0099999997764825,-0.0099999997764825,-0.0349457189440727,-0.1171410456299781,-9.767884254455566,-0.0005172140081413,-0.0004226242599543,-0.0001402651396347,,,47.3979733,8.5461624,normal,0.0
1776211511.31704,2026-04-15T00:05:11.317040,normal_square,1,47.3979733,8.5461624,0.2330000102519989,0.0120000001043081,0.0,-0.0099999997764825,-0.0099999997764825,-0.0349457189440727,-0.1171410456299781,-9.767884254455566,-0.0005172140081413,-0.0004226242599543,-0.0001402651396347,,,47.3979733,8.5461624,normal,0.0
1776211511.417804,2026-04-15T00:05:11.417804,normal_square,1,47.3979733,8.5461624,0.2330000102519989,0.0120000001043081,0.0,-0.0099999997764825,-0.0099999997764825,-0.0349457189440727,-0.1171410456299781,-9.767884254455566,-0.0005172140081413,-0.0004226242599543,-0.0001402651396347,,,47.3979733,8.5461624,normal,0.0
1776211511.521803,2026-04-15T00:05:11.521803,normal_square,1,47.3979733,8.5461624,0.2330000102519989,0.0120000001043081,0.0,-0.0099999997764825,-0.0099999997764825,-0.0362342782318592,-0.1127505525946617,-9.77461051940918,-0.0002432298933854,-0.0004586588474921,0.0003946710203308,,,47.3979733,8.5461624,normal,0.0
1776211511.6283398,2026-04-15T00:05:11.628340,normal_square,1,47.3979733,8.5461624,0.2340000122785568,0.0130000002682209,0.0,0.0,-0.0099999997764825,-0.0362342782318592,-0.1127505525946617,-9.77461051940918,-0.0002432298933854,-0.0004586588474921,0.0003946710203308,,,47.3979733,8.5461624,normal,0.0
1776211511.7299778,2026-04-15T00:05:11.729978,normal_square,1,47.3979733,8.5461624,0.2340000122785568,0.0130000002682209,0.0,0.0,-0.0099999997764825,-0.0362342782318592,-0.1127505525946617,-9.77461051940918,-0.0002432298933854,-0.0004586588474921,0.0003946710203308,,,47.3979733,8.5461624,normal,0.0
1776211511.8318987,2026-04-15T00:05:11.831899,normal_square,1,47.3979733,8.5461624,0.2340000122785568,0.0130000002682209,0.0,0.0,-0.0099999997764825,-0.03775205463171,-0.1195304617285728,-9.762529373168944,2.805181793519296e-05,-6.885970651637763e-05,-0.0011702700285241,,,47.3979733,8.5461624,normal,0.0
1776211511.9341395,2026-04-15T00:05:11.934140,normal_square,1,47.3979733,8.5461624,0.2340000122785568,0.0140000004321336,0.0,0.0,-0.0099999997764825,-0.03775205463171,-0.1195304617285728,-9.762529373168944,2.805181793519296e-05,-6.885970651637763e-05,-0.0011702700285241,,,47.3979733,8.5461624,normal,0.0
1776211512.0358074,2026-04-15T00:05:12.035807,normal_square,1,47.3979733,8.5461624,0.2340000122785568,0.0140000004321336,0.0,0.0,-0.0099999997764825,-0.03775205463171,-0.1195304617285728,-9.762529373168944,2.805181793519296e-05,-6.885970651637763e-05,-0.0011702700285241,,,47.3979733,8.5461624,normal,0.0
1776211512.1459548,2026-04-15T00:05:12.145955,normal_square,1,47.3979733,8.5461624,0.2350000143051147,0.0140000004321336,0.0,0.0,-0.0099999997764825,-0.0355406776070594,-0.1237169355154037,-9.77280044555664,-2.004907037189696e-05,0.0002428189618512,-0.000285305082798,,,47.3979733,8.5461624,normal,0.0
1776211512.2500148,2026-04-15T00:05:12.250015,normal_square,1,47.3979733,8.5461624,0.2350000143051147,0.0140000004321336,0.0,0.0,-0.0099999997764825,-0.0355406776070594,-0.1237169355154037,-9.77280044555664,-2.004907037189696e-05,0.0002428189618512,-0.000285305082798,,,47.3979733,8.5461624,normal,0.0
1776211512.352568,2026-04-15T00:05:12.352568,normal_square,1,47.3979733,8.5461624,0.2350000143051147,0.0140000004321336,0.0,0.0,-0.0099999997764825,-0.0355406776070594,-0.1237169355154037,-9.77280044555664,-2.004907037189696e-05,0.0002428189618512,-0.000285305082798,,,47.3979733,8.5461624,normal,0.0
1776211512.4583542,2026-04-15T00:05:12.458354,normal_square,1,47.3979733,8.5461624,0.2350000143051147,0.0150000005960464,0.0,0.0,-0.0099999997764825,-0.039800688624382,-0.1168290749192237,-9.772950172424316,0.0005412253085523,-0.0004496503970585,-0.0008755454327911,,,47.3979733,8.5461624,normal,0.0
1776211512.563064,2026-04-15T00:05:12.563064,normal_square,1,47.3979733,8.5461624,0.2350000143051147,0.0150000005960464,0.0,0.0,-0.0099999997764825,-0.039800688624382,-0.1168290749192237,-9.772950172424316,0.0005412253085523,-0.0004496503970585,-0.0008755454327911,,,47.3979733,8.5461624,normal,0.0
1776211512.6710415,2026-04-15T00:05:12.671041,normal_square,1,47.3979733,8.5461624,0.2350000143051147,0.0150000005960464,0.0,0.0,-0.0099999997764825,-0.0417695678770542,-0.1166915968060493,-9.766128540039062,-0.0005204787594266,-0.0007284946041181,0.0001072930826921,,,47.3979733,8.5461624,normal,0.0
1776211512.7753675,2026-04-15T00:05:12.775367,normal_square,1,47.3979733,8.5461624,0.2350000143051147,0.0150000005960464,0.0,0.0,-0.0099999997764825,-0.0417695678770542,-0.1166915968060493,-9.766128540039062,-0.0005204787594266,-0.0007284946041181,0.0001072930826921,,,47.3979733,8.5461624,normal,0.0
1776211512.8821309,2026-04-15T00:05:12.882131,normal_square,1,47.3979733,8.5461624,0.2350000143051147,0.0150000005960464,0.0,0.0,-0.0099999997764825,-0.0417695678770542,-0.1166915968060493,-9.766128540039062,-0.0005204787594266,-0.0007284946041181,0.0001072930826921,,,47.3979733,8.5461624,normal,0.0
1776211512.9887338,2026-04-15T00:05:12.988734,normal_square,1,47.3979733,8.5461624,0.2360000163316726,0.0150000005960464,0.0,0.0,-0.0099999997764825,-0.0431433022022247,-0.1186997443437576,-9.774682998657228,-2.9734808776993304e-05,-0.0013437380548566,0.000255234161159,,,47.3979733,8.5461624,normal,0.0
1776211513.0952508,2026-04-15T00:05:13.095251,normal_square,1,47.3979733,8.5461624,0.2360000163316726,0.0150000005960464,0.0,0.0,-0.0099999997764825,-0.0431433022022247,-0.1186997443437576,-9.774682998657228,-2.9734808776993304e-05,-0.0013437380548566,0.000255234161159,,,47.3979733,8.5461624,normal,0.0
1776211513.1970866,2026-04-15T00:05:13.197087,normal_square,1,47.3979733,8.5461624,0.2360000163316726,0.0150000005960464,0.0,0.0,-0.0099999997764825,-0.0431433022022247,-0.1186997443437576,-9.774682998657228,-2.9734808776993304e-05,-0.0013437380548566,0.000255234161159,,,47.3979733,8.5461624,normal,0.0
1776211513.301222,2026-04-15T00:05:13.301222,normal_square,1,47.3979733,8.5461624,0.2360000163316726,0.0150000005960464,0.0,0.0,-0.0099999997764825,-0.0409272871911525,-0.1175725013017654,-9.764148712158203,0.0010067669209092,-0.0002203752374043,-0.0014227498322725,,,47.3979733,8.5461624,normal,0.0
1776211513.406719,2026-04-15T00:05:13.406719,normal_square,1,47.3979733,8.5461624,0.2360000163316726,0.0160000007599592,0.0,0.0,-0.0099999997764825,-0.0409272871911525,-0.1175725013017654,-9.764148712158203,0.0010067669209092,-0.0002203752374043,-0.0014227498322725,,,47.3979733,8.5461624,normal,0.0
1776211513.5128615,2026-04-15T00:05:13.512861,normal_square,1,47.3979733,8.5461624,0.2360000163316726,0.0160000007599592,0.0,0.0,-0.0099999997764825,-0.0409272871911525,-0.1175725013017654,-9.764148712158203,0.0010067669209092,-0.0002203752374043,-0.0014227498322725,,,47.3979733,8.5461624,normal,0.0
1776211513.614246,2026-04-15T00:05:13.614246,normal_square,1,47.3979733,8.5461624,0.2360000163316726,0.0160000007599592,0.0,0.0,-0.0099999997764825,-0.0395904146134853,-0.1173099428415298,-9.77333641052246,0.0006915256381034,0.0001015740126604,-0.0002332606527488,,,47.3979733,8.5461624,normal,0.0
1776211513.7179766,2026-04-15T00:05:13.717977,normal_square,1,47.3979733,8.5461624,0.2360000163316726,0.0160000007599592,0.0,0.0,-0.0099999997764825,-0.0395904146134853,-0.1173099428415298,-9.77333641052246,0.0006915256381034,0.0001015740126604,-0.0002332606527488,,,47.3979733,8.5461624,normal,0.0
1776211513.8212538,2026-04-15T00:05:13.821254,normal_square,1,47.3979733,8.5461624,0.2360000163316726,0.0160000007599592,0.0,0.0,-0.0099999997764825,-0.0395904146134853,-0.1173099428415298,-9.77333641052246,0.0006915256381034,0.0001015740126604,-0.0002332606527488,,,47.3979733,8.5461624,normal,0.0
1776211513.9530184,2026-04-15T00:05:13.953018,normal_square,1,47.3979733,8.5461624,0.2360000163316726,0.0160000007599592,0.0,0.0,-0.0099999997764825,-0.0395904146134853,-0.1173099428415298,-9.77333641052246,0.0006915256381034,0.0001015740126604,-0.0002332606527488,,,47.3979733,8.5461624,normal,0.0
1776211514.0699828,2026-04-15T00:05:14.069983,normal_square,1,47.3979733,8.5461624,0.2360000163316726,0.0160000007599592,0.0,0.0,-0.0099999997764825,-0.0331782512366771,-0.1158964037895202,-9.771106719970703,-0.0010575812775641,-0.0003498186997603,-0.0009140723268501,,,47.3979733,8.5461624,normal,0.0
1776211514.186069,2026-04-15T00:05:14.186069,normal_square,1,47.3979733,8.5461624,0.2370000183582306,0.0160000007599592,0.0,0.0,-0.0099999997764825,-0.0331782512366771,-0.1158964037895202,-9.771106719970703,-0.0010575812775641,-0.0003498186997603,-0.0009140723268501,,,47.3979733,8.5461624,normal,0.0
1776211514.303076,2026-04-15T00:05:14.303076,normal_square,1,47.3979733,8.5461624,0.2370000183582306,0.0160000007599592,0.0,0.0,-0.0099999997764825,-0.0331782512366771,-0.1158964037895202,-9.771106719970703,-0.0010575812775641,-0.0003498186997603,-0.0009140723268501,,,47.3979733,8.5461624,normal,0.0
1776211514.4581723,2026-04-15T00:05:14.458172,normal_square,1,47.3979733,8.5461624,0.2370000183582306,0.0160000007599592,0.0,0.0,-0.0099999997764825,-0.0331782512366771,-0.1158964037895202,-9.771106719970703,-0.0010575812775641,-0.0003498186997603,-0.0009140723268501,,,47.3979733,8.5461624,normal,0.0
1776211514.559696,2026-04-15T00:05:14.559696,normal_square,1,47.3979733,8.5461624,0.2370000183582306,0.0160000007599592,0.0,0.0,-0.0099999997764825,-0.0331782512366771,-0.1158964037895202,-9.771106719970703,-0.0010575812775641,-0.0003498186997603,-0.0009140723268501,,,47.3979733,8.5461624,normal,0.0
1776211514.6981015,2026-04-15T00:05:14.698102,normal_square,1,47.3979733,8.5461624,0.2370000183582306,0.0160000007599592,0.0,0.0,-0.0099999997764825,-0.0403214171528816,-0.1100417599081993,-9.771469116210938,0.0005419169319793,-0.0012800057884305,7.659495167899877e-05,,,47.3979733,8.5461624,normal,0.0
1776211514.8003228,2026-04-15T00:05:14.800323,normal_square,1,47.3979733,8.5461624,0.2370000183582306,0.0160000007599592,0.0,0.0,-0.0099999997764825,-0.0403214171528816,-0.1100417599081993,-9.771469116210938,0.0005419169319793,-0.0012800057884305,7.659495167899877e-05,,,47.3979733,8.5461624,normal,0.0
1776211514.903097,2026-04-15T00:05:14.903097,normal_square,1,47.3979733,8.5461624,0.2370000183582306,0.0160000007599592,0.0,0.0,-0.0099999997764825,-0.0403214171528816,-0.1100417599081993,-9.771469116210938,0.0005419169319793,-0.0012800057884305,7.659495167899877e-05,,,47.3979733,8.5461624,normal,0.0
1776211515.010344,2026-04-15T00:05:15.010344,normal_square,1,47.3979733,8.5461624,0.2370000183582306,0.0160000007599592,0.0,0.0,-0.0099999997764825,-0.0380425453186035,-0.1219103634357452,-9.76860809326172,-0.0001042251024045,0.0006076545105315,0.0007180206594057,,,47.3979733,8.5461624,normal,0.0
1776211515.1255116,2026-04-15T00:05:15.125512,normal_square,1,47.3979732,8.5461624,0.2370000183582306,0.0170000009238719,0.0,0.0,-0.0099999997764825,-0.0380425453186035,-0.1219103634357452,-9.76860809326172,-0.0001042251024045,0.0006076545105315,0.0007180206594057,,,47.3979732,8.5461624,normal,0.0
1776211515.227941,2026-04-15T00:05:15.227941,normal_square,1,47.3979732,8.5461624,0.2370000183582306,0.0170000009238719,0.0,0.0,-0.0099999997764825,-0.0380425453186035,-0.1219103634357452,-9.76860809326172,-0.0001042251024045,0.0006076545105315,0.0007180206594057,,,47.3979732,8.5461624,normal,0.0
1776211515.336866,2026-04-15T00:05:15.336866,normal_square,1,47.3979732,8.5461624,0.2370000183582306,0.0170000009238719,0.0,0.0,-0.0099999997764825,-0.0380425453186035,-0.1219103634357452,-9.76860809326172,-0.0001042251024045,0.0006076545105315,0.0007180206594057,,,47.3979732,8.5461624,normal,0.0
1776211515.4389486,2026-04-15T00:05:15.438949,normal_square,1,47.3979732,8.5461624,0.2370000183582306,0.0170000009238719,0.0,0.0,-0.0099999997764825,-0.0411657467484474,-0.1226927861571312,-9.772500991821287,-0.0002458230301272,5.250607136986218e-05,0.0011843098327517,,,47.3979732,8.5461624,normal,0.0
1776211515.5413218,2026-04-15T00:05:15.541322,normal_square,1,47.3979732,8.5461624,0.2370000183582306,0.0170000009238719,0.0,0.0,-0.0099999997764825,-0.0411657467484474,-0.1226927861571312,-9.772500991821287,-0.0002458230301272,5.250607136986218e-05,0.0011843098327517,,,47.3979732,8.5461624,normal,0.0
1776211515.6442444,2026-04-15T00:05:15.644244,normal_square,1,47.3979732,8.5461624,0.2370000183582306,0.0170000009238719,0.0,0.0,-0.0099999997764825,-0.0411657467484474,-0.1226927861571312,-9.772500991821287,-0.0002458230301272,5.250607136986218e-05,0.0011843098327517,,,47.3979732,8.5461624,normal,0.0
1776211515.7489111,2026-04-15T00:05:15.748911,normal_square,1,47.3979732,8.5461624,0.2370000183582306,0.0170000009238719,0.0,0.0,-0.0099999997764825,-0.0411657467484474,-0.1226927861571312,-9.772500991821287,-0.0002458230301272,5.250607136986218e-05,0.0011843098327517,,,47.3979732,8.5461624,normal,0.0
1776211515.852801,2026-04-15T00:05:15.852801,normal_square,1,47.3979732,8.5461624,0.2370000183582306,0.0170000009238719,0.0,0.0,-0.0099999997764825,-0.0411657467484474,-0.1226927861571312,-9.772500991821287,-0.0002458230301272,5.250607136986218e-05,0.0011843098327517,,,47.3979732,8.5461624,normal,0.0
1776211515.9695818,2026-04-15T00:05:15.969582,normal_square,1,47.3979732,8.5461624,0.2370000183582306,0.0170000009238719,0.0,0.0,-0.0099999997764825,-0.0411657467484474,-0.1226927861571312,-9.772500991821287,-0.0002458230301272,5.250607136986218e-05,0.0011843098327517,,,47.3979732,8.5461624,normal,0.0
1776211516.073009,2026-04-15T00:05:16.073009,normal_square,1,47.3979732,8.5461624,0.2370000183582306,0.0170000009238719,0.0,0.0,-0.0099999997764825,-0.045323446393013,-0.112811729311943,-9.766469955444336,3.592261782614514e-05,-0.0007117397035472,0.0008246930665336,,,47.3979732,8.5461624,normal,0.0
1776211516.1805992,2026-04-15T00:05:16.180599,normal_square,1,47.3979732,8.5461624,0.2370000183582306,0.0170000009238719,0.0,0.0,-0.0099999997764825,-0.045323446393013,-0.112811729311943,-9.766469955444336,3.592261782614514e-05,-0.0007117397035472,0.0008246930665336,,,47.3979732,8.5461624,normal,0.0
1776211516.2844987,2026-04-15T00:05:16.284499,normal_square,1,47.3979732,8.5461624,0.2370000183582306,0.0170000009238719,0.0,0.0,-0.0099999997764825,-0.045323446393013,-0.112811729311943,-9.766469955444336,3.592261782614514e-05,-0.0007117397035472,0.0008246930665336,,,47.3979732,8.5461624,normal,0.0
1776211516.3872318,2026-04-15T00:05:16.387232,normal_square,1,47.3979732,8.5461624,0.2370000183582306,0.0170000009238719,0.0,0.0,-0.0099999997764825,-0.045323446393013,-0.112811729311943,-9.766469955444336,3.592261782614514e-05,-0.0007117397035472,0.0008246930665336,,,47.3979732,8.5461624,normal,0.0
1776211516.4931643,2026-04-15T00:05:16.493164,normal_square,1,47.3979732,8.5461624,0.2370000183582306,0.0170000009238719,0.0,0.0,-0.0099999997764825,-0.045323446393013,-0.112811729311943,-9.766469955444336,3.592261782614514e-05,-0.0007117397035472,0.0008246930665336,,,47.3979732,8.5461624,normal,0.0
1776211516.6091783,2026-04-15T00:05:16.609178,normal_square,1,47.3979732,8.5461624,0.2370000183582306,0.0170000009238719,0.0,0.0,-0.0099999997764825,-0.0359911955893039,-0.124451108276844,-9.769367218017578,0.0006084543420001,0.0007895207963883,-0.0005537457182072,,,47.3979732,8.5461624,normal,0.0
1776211516.7115169,2026-04-15T00:05:16.711517,normal_square,1,47.3979732,8.5461624,0.2370000183582306,0.0170000009238719,0.0,0.0,-0.0099999997764825,-0.0359911955893039,-0.124451108276844,-9.769367218017578,0.0006084543420001,0.0007895207963883,-0.0005537457182072,,,47.3979732,8.5461624,normal,0.0
1776211516.813069,2026-04-15T00:05:16.813069,normal_square,1,47.3979732,8.5461624,0.2370000183582306,0.0170000009238719,0.0,0.0,-0.0099999997764825,-0.0356825776398181,-0.1259479820728302,-9.761961936950684,3.657129491330125e-05,-0.0001632649364182,0.0004614340141415,,,47.3979732,8.5461624,normal,0.0
1776211516.9138677,2026-04-15T00:05:16.913867,normal_square,1,47.3979732,8.5461624,0.2370000183582306,0.0170000009238719,0.0,0.0,-0.0099999997764825,-0.0356825776398181,-0.1259479820728302,-9.761961936950684,3.657129491330125e-05,-0.0001632649364182,0.0004614340141415,,,47.3979732,8.5461624,normal,0.0
1776211517.0149302,2026-04-15T00:05:17.014930,normal_square,1,47.3979732,8.5461624,0.2370000183582306,0.0170000009238719,0.0,0.0,-0.0099999997764825,-0.0356825776398181,-0.1259479820728302,-9.761961936950684,3.657129491330125e-05,-0.0001632649364182,0.0004614340141415,,,47.3979732,8.5461624,normal,0.0
1776211517.1168442,2026-04-15T00:05:17.116844,normal_square,1,47.3979732,8.5461624,0.2370000183582306,0.0170000009238719,0.0,0.0,0.0,-0.0369705259799957,-0.1237255483865737,-9.769502639770508,0.0008642511675134,0.0008443925180472,-0.0002354161988478,,,47.3979732,8.5461624,normal,0.0
1776211517.2205937,2026-04-15T00:05:17.220594,normal_square,1,47.3979732,8.5461624,0.2370000183582306,0.0170000009238719,0.0,0.0,0.0,-0.0369705259799957,-0.1237255483865737,-9.769502639770508,0.0008642511675134,0.0008443925180472,-0.0002354161988478,,,47.3979732,8.5461624,normal,0.0
1776211517.3269846,2026-04-15T00:05:17.326985,normal_square,1,47.3979732,8.5461624,0.2370000183582306,0.0170000009238719,0.0,0.0,0.0,-0.0368228144943714,-0.1258023977279663,-9.773527145385742,-0.0004410250985529,-0.0004724930040538,-0.0007733552483841,,,47.3979732,8.5461624,normal,0.0
1776211517.433013,2026-04-15T00:05:17.433013,normal_square,1,47.3979732,8.5461625,0.2370000183582306,0.0170000009238719,0.0,0.0,0.0,-0.0368228144943714,-0.1258023977279663,-9.773527145385742,-0.0004410250985529,-0.0004724930040538,-0.0007733552483841,,,47.3979732,8.5461625,normal,0.0
1776211517.5370731,2026-04-15T00:05:17.537073,normal_square,1,47.3979732,8.5461625,0.2370000183582306,0.0170000009238719,0.0,0.0,0.0,-0.0332181341946125,-0.1203241348266601,-9.774624824523926,-0.0003741278487723,0.00053694518283,-0.0008141316939145,,,47.3979732,8.5461625,normal,0.0
1776211517.641287,2026-04-15T00:05:17.641287,normal_square,1,47.3979732,8.5461625,0.2370000183582306,0.0170000009238719,0.0,0.0,0.0,-0.0387948155403137,-0.119949072599411,-9.773089408874512,-0.0001991858443943,-0.0007956487243063,0.0001534574548713,,,47.3979732,8.5461625,normal,0.0
1776211517.7434032,2026-04-15T00:05:17.743403,normal_square,1,47.3979732,8.5461625,0.2370000183582306,0.0160000007599592,0.0,0.0,0.0,-0.0387948155403137,-0.119949072599411,-9.773089408874512,-0.0001991858443943,-0.0007956487243063,0.0001534574548713,,,47.3979732,8.5461625,normal,0.0
1776211517.850813,2026-04-15T00:05:17.850813,normal_square,1,47.3979732,8.5461625,0.2370000183582306,0.0160000007599592,0.0,0.0,0.0,-0.0433975718915462,-0.1179075092077255,-9.770323753356934,0.0006422151345759,0.0004376918077468,-0.000744407181628,,,47.3979732,8.5461625,normal,0.0
1776211517.9551473,2026-04-15T00:05:17.955147,normal_square,1,47.3979732,8.5461625,0.2370000183582306,0.0160000007599592,0.0,0.0,0.0,-0.0433975718915462,-0.1179075092077255,-9.770323753356934,0.0006422151345759,0.0004376918077468,-0.000744407181628,,,47.3979732,8.5461625,normal,0.0
1776211518.057385,2026-04-15T00:05:18.057385,normal_square,1,47.3979732,8.5461625,0.2360000163316726,0.0160000007599592,0.0,0.0,0.0,-0.0367975011467933,-0.1199716180562973,-9.774876594543455,0.0008312976569868,-0.0006436559488065,-0.0007459775661118,,,47.3979732,8.5461625,normal,0.0
1776211518.1641135,2026-04-15T00:05:18.164114,normal_square,1,47.3979732,8.5461625,0.2360000163316726,0.0160000007599592,0.0,0.0,0.0,-0.0367975011467933,-0.1199716180562973,-9.774876594543455,0.0008312976569868,-0.0006436559488065,-0.0007459775661118,,,47.3979732,8.5461625,normal,0.0
1776211518.2785854,2026-04-15T00:05:18.278585,normal_square,1,47.3979732,8.5461625,0.2360000163316726,0.0160000007599592,0.0,0.0,0.0,-0.0302936695516109,-0.1226891204714775,-9.765707015991213,-7.064455712679774e-05,-0.0005144520546309,-0.0008152941009029,,,47.3979732,8.5461625,normal,0.0
1776211518.3812246,2026-04-15T00:05:18.381225,normal_square,1,47.39797326895847,8.546162601873633,0.2360000163316726,0.0160000007599592,0.0,0.0,0.0,-0.0302936695516109,-0.1226891204714775,-9.765707015991213,-7.064455712679774e-05,-0.0005144520546309,-0.0008152941009029,,,47.3979732,8.5461625,attack,0.007
1776211518.4848733,2026-04-15T00:05:18.484873,normal_square,1,47.397974258383535,8.546164063569789,0.2360000163316726,0.0160000007599592,0.0,0.0,0.0,-0.0333045572042465,-0.1162139475345611,-9.766637802124023,-0.0008306947420351,0.0002901769476011,-0.0001869024708867,,,47.3979732,8.5461625,attack,0.111
1776211518.5889044,2026-04-15T00:05:18.588904,normal_square,1,47.397975251459194,8.546165530659037,0.2360000163316726,0.0150000005960464,0.0,0.0,0.0,-0.0361089147627353,-0.1188943535089492,-9.784839630126951,0.000313717930112,-0.0005794898606836,0.0003133825957775,,,47.3979732,8.5461625,attack,0.215
1776211518.692164,2026-04-15T00:05:18.692164,normal_square,1,47.397976237169935,8.546166986867958,0.2360000163316726,0.0150000005960464,0.0,0.0,0.0,-0.0361089147627353,-0.1188943535089492,-9.784839630126951,0.000313717930112,-0.0005794898606836,0.0003133825957775,,,47.3979732,8.5461625,attack,0.318
1776211518.7980804,2026-04-15T00:05:18.798080,normal_square,1,47.39797724824366,8.546168480546093,0.2360000163316726,0.0150000005960464,0.0,0.0,0.0,-0.0389337725937366,-0.1232858598232269,-9.768712997436523,-0.0001392701524309,0.002024226123467,7.183635898400098e-05,,,47.3979732,8.5461625,attack,0.424
1776211518.9040694,2026-04-15T00:05:18.904069,normal_square,1,47.397978260009275,8.546169975246361,0.2360000163316726,0.0150000005960464,0.0,0.0,0.0,-0.0374278500676155,-0.114482894539833,-9.767627716064451,-0.0002356034674448,8.720623736735433e-05,-0.0004471222055144,,,47.3979732,8.5461625,attack,0.53
1776211519.0266058,2026-04-15T00:05:19.026606,normal_square,1,47.397979429735955,8.546171703305468,0.2360000163316726,0.0150000005960464,0.0,0.0,0.0,-0.0374278500676155,-0.114482894539833,-9.767627716064451,-0.0002356034674448,8.720623736735433e-05,-0.0004471222055144,,,47.3979732,8.5461625,attack,0.653
1776211519.146,2026-04-15T00:05:19.146000,normal_square,1,47.39798056946585,8.546173387049764,0.2350000143051147,0.0150000005960464,0.0,0.0,0.0,-0.0374278500676155,-0.114482894539833,-9.767627716064451,-0.0002356034674448,8.720623736735433e-05,-0.0004471222055144,,,47.3979732,8.5461625,attack,0.772
1776211519.2511902,2026-04-15T00:05:19.251190,normal_square,1,47.39798157360709,8.546174870486404,0.2350000143051147,0.0150000005960464,0.0,0.0,0.0,-0.0392035506665706,-0.1180411428213119,-9.771251678466797,0.0007009117398411,-6.518014561152086e-05,0.0006614961894229,,,47.3979732,8.5461625,attack,0.877
1776211519.352029,2026-04-15T00:05:19.352029,normal_square,1,47.3979825362103,8.546176292558126,0.2350000143051147,0.0150000005960464,-0.0099999997764825,0.0,0.0,-0.0392035506665706,-0.1180411428213119,-9.771251678466797,0.0007009117398411,-6.518014561152086e-05,0.0006614961894229,,,47.3979732,8.5461625,attack,0.978
1776211519.4549284,2026-04-15T00:05:19.454928,normal_square,1,47.397983418482106,8.546177743686616,0.2350000143051147,0.0150000005960464,-0.0099999997764825,0.0,0.0,-0.0464563556015491,-0.1169996708631515,-9.775203704833984,-0.001106483163312,-0.0003361710114404,-0.000244042603299,,,47.3979731,8.5461625,attack,1.081
1776211519.5586455,2026-04-15T00:05:19.558646,normal_square,1,47.39798440856036,8.546179206347743,0.2350000143051147,0.0150000005960464,-0.0099999997764825,0.0,0.0,-0.0343360155820846,-0.1176017671823501,-9.77420139312744,0.0002096873358823,0.000449183920864,-0.0010294318199157,,,47.3979731,8.5461625,attack,1.185
1776211519.662125,2026-04-15T00:05:19.662125,normal_square,1,47.39798539637179,8.546180665660042,0.2340000122785568,0.0140000004321336,-0.0099999997764825,0.0,0.0,-0.0343360155820846,-0.1176017671823501,-9.77420139312744,0.0002096873358823,0.000449183920864,-0.0010294318199157,,,47.3979731,8.5461625,attack,1.288
1776211519.7661638,2026-04-15T00:05:19.766164,normal_square,1,47.39798638952028,8.546182132856881,0.2340000122785568,0.0140000004321336,-0.0099999997764825,0.0,0.0,-0.0313178785145282,-0.1185085177421569,-9.767966270446776,0.0002591146621853,0.0014229700900614,-0.0009561676415614,,,47.3979731,8.5461625,attack,1.392
1776211519.8684518,2026-04-15T00:05:19.868452,normal_square,1,47.397987365956595,8.54618357536452,0.2340000122785568,0.0140000004321336,-0.0099999997764825,0.0,0.0,-0.0313178785145282,-0.1185085177421569,-9.767966270446776,0.0002591146621853,0.0014229700900614,-0.0009561676415614,,,47.3979731,8.5461625,attack,1.494
1776211519.975803,2026-04-15T00:05:19.975803,normal_square,1,47.397988390724606,8.546185089273473,0.2340000122785568,0.0140000004321336,-0.0099999997764825,0.0,0.0,-0.0392412431538105,-0.1112488955259323,-9.77027416229248,0.0002273599093314,-0.0007306365296244,0.0009339168900623,,,47.3979731,8.5461625,attack,1.602
1776211520.077917,2026-04-15T00:05:20.077917,normal_square,1,47.39798936550177,8.546186529330011,0.2340000122785568,0.0130000002682209,-0.0099999997764825,0.0,0.0,-0.0392412431538105,-0.1112488955259323,-9.77027416229248,0.0002273599093314,-0.0007306365296244,0.0009339168900623,,,47.3979731,8.5461625,attack,1.704
1776211520.1797822,2026-04-15T00:05:20.179782,normal_square,1,47.39799033790059,8.54618796587297,0.2340000122785568,0.0130000002682209,-0.0099999997764825,0.0,0.0,-0.0392412431538105,-0.1112488955259323,-9.77027416229248,0.0002273599093314,-0.0007306365296244,0.0009339168900623,,,47.3979731,8.5461625,attack,1.806
1776211520.281297,2026-04-15T00:05:20.281297,normal_square,1,47.39799130695606,8.546189397476745,0.2330000102519989,0.0130000002682209,-0.0099999997764825,0.0,0.0,-0.0328022502362728,-0.1167257130146026,-9.772722244262695,-0.0004787490179296,0.0004985165433026,-0.0010442365892231,,,47.3979731,8.5461625,attack,1.907
1776211520.3872716,2026-04-15T00:05:20.387272,normal_square,1,47.39799231858512,8.546190891975273,0.2330000102519989,0.0130000002682209,-0.0099999997764825,0.0,0.0,-0.0349918901920318,-0.1295099556446075,-9.77345371246338,0.0006172469002194,-0.0006921917665749,1.3305731044965796e-05,,,47.3979731,8.5461625,attack,2.013
1776211520.49286,2026-04-15T00:05:20.492860,normal_square,1,47.397993326527164,8.546192381026913,0.2330000102519989,0.0130000002682209,-0.0099999997764825,0.0,0.0,-0.0349918901920318,-0.1295099556446075,-9.77345371246338,0.0006172469002194,-0.0006921917665749,1.3305731044965796e-05,,,47.3979731,8.5461625,attack,2.119
1776211520.599722,2026-04-15T00:05:20.599722,normal_square,1,47.39799434662496,8.546193888036475,0.2330000102519989,0.0130000002682209,-0.0099999997764825,0.0,0.0,-0.0393493399024009,-0.126822218298912,-9.769352912902832,-0.0002914147626142,0.0001099166984204,-0.0007481572101823,97.0,16.172000885009766,47.3979731,8.5461625,attack,2.226
1776211520.705496,2026-04-15T00:05:20.705496,normal_square,1,47.39799535633996,8.546195379707328,0.2320000082254409,0.0120000001043081,-0.0099999997764825,0.0,0.0,-0.033753901720047,-0.1161470338702201,-9.769168853759766,-0.000105049679405,0.0005031205946579,0.0005161454901099,97.0,16.172000885009766,47.3979731,8.5461625,attack,2.331
1776211520.8084085,2026-04-15T00:05:20.808408,normal_square,1,47.39799633873695,8.54619683102077,0.2320000082254409,0.0120000001043081,-0.0099999997764825,0.0,0.0,-0.033753901720047,-0.1161470338702201,-9.769168853759766,-0.000105049679405,0.0005031205946579,0.0005161454901099,97.0,16.172000885009766,47.3979731,8.5461625,attack,2.434
1776211520.9103756,2026-04-15T00:05:20.910376,normal_square,1,47.397997312109865,8.546198269002783,0.2320000082254409,0.0120000001043081,-0.0099999997764825,0.0,0.0,-0.0340715944766998,-0.1206029504537582,-9.770393371582031,0.0001010789710562,0.0007588095031678,-0.0013074269518256,97.0,16.172000885009766,47.3979731,8.5461625,attack,2.536
1776211521.0131457,2026-04-15T00:05:21.013146,normal_square,1,47.39799829314812,8.546199818308946,0.2320000082254409,0.0120000001043081,-0.0099999997764825,0.0,0.0,-0.0340715944766998,-0.1206029504537582,-9.770393371582031,0.0001010789710562,0.0007588095031678,-0.0013074269518256,97.0,16.172000885009766,47.3979731,8.546162599999999,attack,2.639
1776211521.116366,2026-04-15T00:05:21.116366,normal_square,1,47.39799927848333,8.546201273963087,0.2320000082254409,0.0120000001043081,-0.0099999997764825,0.0,0.0,-0.0340715944766998,-0.1206029504537582,-9.770393371582031,0.0001010789710562,0.0007588095031678,-0.0013074269518256,97.0,16.172000885009766,47.3979731,8.546162599999999,attack,2.742
1776211521.2241905,2026-04-15T00:05:21.224190,normal_square,1,47.39800030777135,8.546202794549524,0.2320000082254409,0.0120000001043081,-0.0099999997764825,0.0,0.0,-0.0415389128029346,-0.1159295663237571,-9.767669677734377,-0.0008427404100075,-0.0002376112970523,0.0001060479335137,97.0,16.172000885009766,47.3979731,8.546162599999999,attack,2.85
1776211521.33644,2026-04-15T00:05:21.336440,normal_square,1,47.39800137930066,8.546204377539821,0.2320000082254409,0.0120000001043081,-0.0099999997764825,0.0,0.0,-0.0392280779778957,-0.1122869178652763,-9.77154541015625,-0.0001289698266191,-9.898244752548636e-05,0.0002234729909105,97.0,16.172000885009766,47.3979731,8.546162599999999,attack,2.962
1776211521.4482346,2026-04-15T00:05:21.448235,normal_square,1,47.39800244648522,8.546205954111533,0.2320000082254409,0.0110000008717179,-0.0099999997764825,0.0,0.0,-0.0392280779778957,-0.1122869178652763,-9.77154541015625,-0.0001289698266191,-9.898244752548636e-05,0.0002234729909105,97.0,16.172000885009766,47.3979731,8.546162599999999,attack,3.074
1776211521.5542307,2026-04-15T00:05:21.554231,normal_square,1,47.39800345831911,8.546207448912666,0.231000006198883,0.0110000008717179,-0.0099999997764825,0.0,0.0,-0.0479914620518684,-0.1164326816797256,-9.778175354003906,-0.0005248922389,0.0003072285908274,0.0002618058933876,97.0,16.172000885009766,47.3979731,8.546162599999999,attack,3.18
1776211521.658433,2026-04-15T00:05:21.658433,normal_square,1,47.39800445302889,8.546208918416028,0.231000006198883,0.0110000008717179,-0.0099999997764825,0.0,0.0,-0.0479914620518684,-0.1164326816797256,-9.778175354003906,-0.0005248922389,0.0003072285908274,0.0002618058933876,97.0,16.172000885009766,47.3979731,8.546162599999999,attack,3.284
1776211521.7624438,2026-04-15T00:05:21.762444,normal_square,1,47.39800544591109,8.54621038521948,0.231000006198883,0.0100000007078051,-0.0099999997764825,0.0,0.0,-0.0404754504561424,-0.1170462444424629,-9.774803161621094,-0.0005743635701946,0.0004096692719031,-3.755449142772704e-05,97.0,16.172000885009766,47.3979731,8.546162599999999,attack,3.388
1776211521.8650322,2026-04-15T00:05:21.865032,normal_square,1,47.39800642521509,8.546211831963587,0.231000006198883,0.0100000007078051,-0.0099999997764825,0.0,0.0,-0.0404754504561424,-0.1170462444424629,-9.774803161621094,-0.0005743635701946,0.0004096692719031,-3.755449142772704e-05,97.0,16.172000885009766,47.3979731,8.546162599999999,attack,3.491
1776211521.9701822,2026-04-15T00:05:21.970182,normal_square,1,47.398007428971695,8.546213314832,0.231000006198883,0.0100000007078051,-0.0099999997764825,0.0,0.0,-0.0359931699931621,-0.1148087605834007,-9.768413543701172,-1.56846217578277e-05,-0.0003918898582924,0.0007023807265795,97.0,16.172000885009766,47.3979731,8.546162599999999,attack,3.596
1776211522.0843627,2026-04-15T00:05:22.084363,normal_square,1,47.39800851893378,8.54621492505338,0.2300000041723251,0.0100000007078051,-0.0099999997764825,0.0,0.0,-0.0359931699931621,-0.1148087605834007,-9.768413543701172,-1.56846217578277e-05,-0.0003918898582924,0.0007023807265795,97.0,16.172000885009766,47.3979731,8.546162599999999,attack,3.71
1776211522.194064,2026-04-15T00:05:22.194064,normal_square,1,47.398009566135656,8.546216472104298,0.2300000041723251,0.0100000007078051,-0.0099999997764825,0.0,0.0,-0.0359931699931621,-0.1148087605834007,-9.768413543701172,-1.56846217578277e-05,-0.0003918898582924,0.0007023807265795,97.0,16.172000885009766,47.3979731,8.546162599999999,attack,3.82
1776211522.2999682,2026-04-15T00:05:22.299968,normal_square,1,47.398010577093316,8.546217965610955,0.2300000041723251,0.0100000007078051,-0.0099999997764825,0.0,0.0,-0.0382054224610328,-0.115179993212223,-9.765058517456056,0.0013889734400436,0.000587310467381,0.0005159222055226,97.0,16.172000885009766,47.3979731,8.546162599999999,attack,3.926
1776211522.4010174,2026-04-15T00:05:22.401017,normal_square,1,47.39801154170389,8.546219390648202,0.2300000041723251,0.0090000005438923,-0.0099999997764825,0.0,0.0099999997764825,-0.0404763929545879,-0.1159154251217842,-9.76889705657959,0.0006638817139901,-0.0002216307620983,0.0004765004559885,97.0,16.172000885009766,47.3979731,8.546162599999999,attack,4.027
1776211522.503321,2026-04-15T00:05:22.503321,normal_square,1,47.39801251828815,8.54622083337439,0.2300000041723251,0.0090000005438923,-0.0099999997764825,0.0,0.0099999997764825,-0.0404763929545879,-0.1159154251217842,-9.76889705657959,0.0006638817139901,-0.0002216307620983,0.0004765004559885,97.0,16.172000885009766,47.3979731,8.546162599999999,attack,4.129
1776211522.608651,2026-04-15T00:05:22.608651,normal_square,1,47.39801352376308,8.54622231878132,0.2290000170469284,0.0090000005438923,-0.0099999997764825,0.0,0.0099999997764825,-0.0397598408162593,-0.1194768548011779,-9.770967483520508,0.0001092332313419,0.000457706337329,-0.000398724572733,97.0,16.172000885009766,47.3979731,8.546162599999999,attack,4.235
1776211522.7107272,2026-04-15T00:05:22.710727,normal_square,1,47.39801449817838,8.546223758303256,0.2290000170469284,0.0090000005438923,-0.0099999997764825,0.0,0.0099999997764825,-0.0397598408162593,-0.1194768548011779,-9.770967483520508,0.0001092332313419,0.000457706337329,-0.000398724572733,97.0,16.172000885009766,47.3979731,8.546162599999999,attack,4.337
1776211522.8160074,2026-04-15T00:05:22.816007,normal_square,1,47.39801550317764,8.546225243007472,0.2280000150203704,0.0080000003799796,-0.0099999997764825,0.0,0.0099999997764825,-0.0289529114961624,-0.1158585622906684,-9.780591011047363,-0.0002628126530908,-0.0006054478581063,-0.0006677994388155,97.0,16.172000885009766,47.3979731,8.546162599999999,attack,4.442
1776211522.918082,2026-04-15T00:05:22.918082,normal_square,1,47.398016477577,8.546226682505873,0.2280000150203704,0.0080000003799796,-0.0099999997764825,0.0,0.0099999997764825,-0.0440873876214027,-0.1186030581593513,-9.771174430847168,-0.0003627359110396,0.0004107413697056,0.0001221855054609,97.0,16.172000885009766,47.3979731,8.546162599999999,attack,4.544
1776211523.022762,2026-04-15T00:05:23.022762,normal_square,1,47.39801747684775,8.546228158747237,0.2280000150203704,0.0080000003799796,-0.0099999997764825,0.0,0.0099999997764825,-0.0440873876214027,-0.1186030581593513,-9.771174430847168,-0.0003627359110396,0.0004107413697056,0.0001221855054609,97.0,16.172000885009766,47.3979731,8.546162599999999,attack,4.649
1776211523.1423352,2026-04-15T00:05:23.142335,normal_square,1,47.39801861828687,8.5462298450166,0.2280000150203704,0.0080000003799796,-0.0099999997764825,0.0,0.0099999997764825,-0.0440873876214027,-0.1186030581593513,-9.771174430847168,-0.0003627359110396,0.0004107413697056,0.0001221855054609,97.0,16.172000885009766,47.3979731,8.546162599999999,attack,4.768
1776211523.2430425,2026-04-15T00:05:23.243042,normal_square,1,47.398019579633754,8.546231265232342,0.2280000150203704,0.0080000003799796,-0.0099999997764825,0.0,0.0099999997764825,-0.0363952443003654,-0.1160866394639015,-9.772575378417969,-0.0006511879037134,-0.0001568729931022,0.0013450488913804,97.0,16.172000885009766,47.3979731,8.546162599999999,attack,4.869
1776211523.3467429,2026-04-15T00:05:23.346743,normal_square,1,47.3980205695527,8.54623272765811,0.2270000129938125,0.0070000002160668,-0.0099999997764825,0.0,0.0099999997764825,-0.0363952443003654,-0.1160866394639015,-9.772575378417969,-0.0006511879037134,-0.0001568729931022,0.0013450488913804,97.0,16.172000885009766,47.3979731,8.546162599999999,attack,4.973
1776211523.448958,2026-04-15T00:05:23.448958,normal_square,1,47.39802154529258,8.54623416913689,0.2270000129938125,0.0070000002160668,-0.0099999997764825,0.0,0.0099999997764825,-0.0464096963405609,-0.1220995187759399,-9.758441925048828,-0.000348071247572,0.0002363310923101,0.0005032834596931,97.0,16.172000885009766,47.3979731,8.546162599999999,attack,5.075
1776211523.553765,2026-04-15T00:05:23.553765,normal_square,1,47.3980225457764,8.546235647170349,0.2270000129938125,0.0070000002160668,-0.0099999997764825,0.0,0.0099999997764825,-0.0464096963405609,-0.1220995187759399,-9.758441925048828,-0.000348071247572,0.0002363310923101,0.0005032834596931,97.0,16.172000885009766,47.3979731,8.546162599999999,attack,5.18
1776211523.669449,2026-04-15T00:05:23.669449,normal_square,1,47.398023650090515,8.546237278594248,0.2270000129938125,0.0070000002160668,-0.0099999997764825,0.0,0.0099999997764825,-0.0464096963405609,-0.1220995187759399,-9.758441925048828,-0.000348071247572,0.0002363310923101,0.0005032834596931,97.0,16.172000885009766,47.3979731,8.546162599999999,attack,5.295
1776211523.7902615,2026-04-15T00:05:23.790262,normal_square,1,47.39802480335993,8.546238982340727,0.2270000129938125,0.006000000052154,-0.0099999997764825,0.0,0.0099999997764825,-0.0388171039521694,-0.1202156841754913,-9.773641586303713,0.0005313863512128,-0.0001292007509618,-0.0002812639868352,97.0,16.172000885009766,47.3979731,8.546162599999999,attack,5.416
1776211523.894014,2026-04-15T00:05:23.894014,normal_square,1,47.39802579377503,8.546240445499471,0.2260000109672546,0.006000000052154,-0.0099999997764825,0.0,0.0099999997764825,-0.0419434793293476,-0.112425610423088,-9.77288055419922,2.3228515146911377e-06,5.697743836208247e-05,-0.0002862343390006,97.0,16.172000885009766,47.3979731,8.546162599999999,attack,5.52
1776211523.9958105,2026-04-15T00:05:23.995811,normal_square,1,47.39802676552065,8.546241881077457,0.2260000109672546,0.0050000003539025,-0.0099999997764825,0.0,0.0099999997764825,-0.0419434793293476,-0.112425610423088,-9.77288055419922,2.3228515146911377e-06,5.697743836208247e-05,-0.0002862343390006,97.0,16.172000885009766,47.3979731,8.546162599999999,attack,5.622
1776211524.098171,2026-04-15T00:05:24.098171,normal_square,1,47.39802774264885,8.546243324607227,0.2260000109672546,0.0050000003539025,-0.0099999997764825,0.0,0.0099999997764825,-0.0419434793293476,-0.112425610423088,-9.77288055419922,2.3228515146911377e-06,5.697743836208247e-05,-0.0002862343390006,97.0,16.172000885009766,47.3979731,8.546162599999999,attack,5.724
1776211524.2023437,2026-04-15T00:05:24.202343,normal_square,1,47.39802873707641,8.546244793693665,0.2260000109672546,0.0050000003539025,-0.0099999997764825,0.0,0.0099999997764825,-0.0430752225220203,-0.1158685237169265,-9.776121139526367,0.0002115832758136,0.0003721014072652,0.0007633813656866,97.0,16.172000885009766,47.3979731,8.546162599999999,attack,5.828
1776211524.3060005,2026-04-15T00:05:24.306000,normal_square,1,47.398029726578855,8.546246255504135,0.2250000089406967,0.0050000003539025,-0.0099999997764825,0.0,0.0099999997764825,-0.0430752225220203,-0.1158685237169265,-9.776121139526367,0.0002115832758136,0.0003721014072652,0.0007633813656866,97.0,16.172000885009766,47.3979731,8.546162599999999,attack,5.932
1776211524.4121902,2026-04-15T00:05:24.412190,normal_square,1,47.39803074026081,8.546247753035438,0.2250000089406967,0.0040000001899898,-0.0099999997764825,0.0,0.0099999997764825,-0.0478764772415161,-0.1255643367767334,-9.768183708190918,0.0006175271701067,-0.0001631277991691,-0.0002262353664264,97.0,16.172000885009766,47.3979731,8.546162599999999,attack,6.038
1776211524.5142007,2026-04-15T00:05:24.514201,normal_square,1,47.39803171404794,8.546249191629386,0.2250000089406967,0.0040000001899898,-0.0099999997764825,0.0,0.0099999997764825,-0.040295273065567,-0.1172547340393066,-9.77328109741211,-0.0006684262771159,-0.0003873291716445,0.0004433753492776,97.0,16.172000885009766,47.3979731,8.546162599999999,attack,6.14
1776211524.6168396,2026-04-15T00:05:24.616840,normal_square,1,47.39803269383443,8.546250639086297,0.2230000048875808,0.003000000026077,-0.0099999997764825,0.0,0.0099999997764825,-0.0263334568589925,-0.1205407083034515,-9.76712703704834,0.0013792853569611,0.0005055853398516,-0.0002449591702315,97.0,16.172000885009766,47.3979731,8.546162599999999,attack,6.243
1776211524.7205467,2026-04-15T00:05:24.720547,normal_square,1,47.3980336838171,8.546252101606209,0.2230000048875808,0.0020000000949949,-0.0099999997764825,0.0,0.0199999995529651,-0.0368971712887287,-0.1169159784913063,-9.775961875915527,0.0001831718109315,-0.0001799931342247,-0.0006608949042856,97.0,16.172000885009766,47.3979731,8.546162599999999,attack,6.347
1776211524.8271391,2026-04-15T00:05:24.827139,normal_square,1,47.39803470134309,8.546253604816396,0.2220000177621841,0.0020000000949949,-0.0099999997764825,0.0,0.0199999995529651,-0.0345463715493679,-0.1098229512572288,-9.769522666931152,-0.0010722702136263,9.049281652551144e-05,0.0003050748782698,97.0,16.172000885009766,47.3979731,8.546162599999999,attack,6.453
1776211524.9574945,2026-04-15T00:05:24.957494,normal_square,1,47.39803594570897,8.546255443141376,0.2210000157356262,0.0010000000474974,-0.0099999997764825,0.0,0.0199999995529651,-0.0345463715493679,-0.1098229512572288,-9.769522666931152,-0.0010722702136263,9.049281652551144e-05,0.0003050748782698,97.0,16.172000885009766,47.3979731,8.546162599999999,attack,6.583
1776211525.0592031,2026-04-15T00:05:25.059203,normal_square,1,47.39803691661477,8.546256877478681,0.2210000157356262,0.0010000000474974,-0.0099999997764825,0.0,0.0199999995529651,-0.0264059007167816,-0.11729596555233,-9.77538013458252,-0.0002825957490131,0.0006252743769437,-0.0005800464423373,97.0,16.172000885009766,47.3979731,8.546162599999999,attack,6.685
1776211525.1648123,2026-04-15T00:05:25.164812,normal_square,1,47.398037924754824,8.54625836682284,0.2210000157356262,0.0,-0.0099999997764825,0.0,0.0199999995529651,-0.0264059007167816,-0.11729596555233,-9.77538013458252,-0.0002825957490131,0.0006252743769437,-0.0005800464423373,97.0,16.172000885009766,47.3979731,8.546162599999999,attack,6.791
1776211525.266268,2026-04-15T00:05:25.266268,normal_square,1,47.39803889324587,8.54625979759277,0.2210000157356262,0.0,-0.0099999997764825,0.0,0.0199999995529651,-0.0264059007167816,-0.11729596555233,-9.77538013458252,-0.0002825957490131,0.0006252743769437,-0.0005800464423373,97.0,16.172000885009766,47.3979731,8.546162599999999,attack,6.892
1776211525.3834622,2026-04-15T00:05:25.383462,normal_square,1,47.39803991197574,8.546261450313143,0.2190000116825103,0.0,-0.0099999997764825,0.0,0.0199999995529651,-0.0350473448634147,-0.1088658347725868,-9.770800590515137,5.199041333980858e-05,-0.0002468212042003,0.0002411917084828,97.0,16.172000885009766,47.397973,8.546162599999999,attack,7.009
1776211525.5037804,2026-04-15T00:05:25.503780,normal_square,1,47.39804106052714,8.546263147089618,0.2170000076293945,-0.0020000000949949,-0.0099999997764825,0.0,0.0199999995529651,-0.0275972802191972,-0.1197822317481041,-9.777957916259766,0.001330398954451,0.0013191744219511,-0.0002835724735632,97.0,16.172000885009766,47.397973,8.546162599999999,attack,7.13
1776211525.6266315,2026-04-15T00:05:25.626631,normal_square,1,47.39804223325805,8.546264879586925,0.2170000076293945,-0.0020000000949949,-0.0099999997764825,0.0,0.0199999995529651,-0.0370130836963653,-0.1190326213836669,-9.772292137145996,0.0004175113281235,0.0001562638790346,-0.0008320436463691,97.0,16.172000885009766,47.397973,8.546162599999999,attack,7.253
1776211525.7471173,2026-04-15T00:05:25.747117,normal_square,1,47.39804338340944,8.546266578727082,0.2170000076293945,-0.003000000026077,-0.0099999997764825,0.0,0.0199999995529651,-0.0370130836963653,-0.1190326213836669,-9.772292137145996,0.0004175113281235,0.0001562638790346,-0.0008320436463691,97.0,16.172000885009766,47.397973,8.546162599999999,attack,7.373
1776211525.8580894,2026-04-15T00:05:25.858089,normal_square,1,47.39804444274431,8.546268143702296,0.2170000076293945,-0.003000000026077,-0.0099999997764825,0.0,0.0199999995529651,-0.0359297208487987,-0.1204827278852462,-9.765751838684082,-0.0005833020550198,0.0004382033657748,0.0004428607935551,97.0,16.172000885009766,47.397973,8.546162599999999,attack,7.484
1776211525.96064,2026-04-15T00:05:25.960640,normal_square,1,47.39804542168643,8.546269589911798,0.2160000056028366,-0.003000000026077,-0.0099999997764825,0.0,0.0199999995529651,-0.0359297208487987,-0.1204827278852462,-9.765751838684082,-0.0005833020550198,0.0004382033657748,0.0004428607935551,97.0,16.172000885009766,47.397973,8.546162599999999,attack,7.587
1776211526.0635376,2026-04-15T00:05:26.063538,normal_square,1,47.39804640394231,8.546271041016777,0.2150000035762787,-0.0040000001899898,-0.0099999997764825,0.0,0.0199999995529651,-0.0367823988199234,-0.1229819655418396,-9.761632919311523,0.0014323199866339,0.001034602173604,7.05233687767759e-05,97.0,16.172000885009766,47.397973,8.546162599999999,attack,7.69
1776211526.1725316,2026-04-15T00:05:26.172532,normal_square,1,47.39804744439377,8.546272578095179,0.2150000035762787,-0.0040000001899898,-0.0099999997764825,0.0,0.0199999995529651,-0.0367823988199234,-0.1229819655418396,-9.761632919311523,0.0014323199866339,0.001034602173604,7.05233687767759e-05,97.0,16.172000885009766,47.397973,8.546162599999999,attack,7.799
1776211526.2750697,2026-04-15T00:05:26.275069,normal_square,1,47.39804842321754,8.546274024129843,0.2150000035762787,-0.0040000001899898,-0.0099999997764825,0.0,0.0199999995529651,-0.0387851893901824,-0.1127301082015037,-9.767196655273438,0.0010400022147223,-0.0005583968013525,0.0002373190800426,97.0,16.172000885009766,47.397973,8.546162599999999,attack,7.901
1776211526.3790865,2026-04-15T00:05:26.379086,normal_square,1,47.398049416156645,8.54627549101735,0.2150000035762787,-0.0050000003539025,-0.0099999997764825,0.0,0.0199999995529651,-0.0387851893901824,-0.1127301082015037,-9.767196655273438,0.0010400022147223,-0.0005583968013525,0.0002373190800426,97.0,16.172000885009766,47.397973,8.546162599999999,attack,8.005
1776211526.4814062,2026-04-15T00:05:26.481406,normal_square,1,47.39805039289566,8.54627693397217,0.2140000164508819,-0.0050000003539025,-0.0099999997764825,0.0,0.0199999995529651,-0.0351089276373386,-0.1168355792760849,-9.770726203918455,-0.0005591997760348,-0.000261990178842,4.008887117379345e-05,97.0,16.172000885009766,47.397973,8.546162599999999,attack,8.107
1776211526.5838964,2026-04-15T00:05:26.583896,normal_square,1,47.39805137126197,8.546278379331016,0.2140000164508819,-0.0050000003539025,-0.0099999997764825,0.0,0.0299999993294477,-0.0407337211072444,-0.1171674951910972,-9.770681381225586,-0.000836604158394,-0.000439929892309,-1.3727054465562103e-05,97.0,16.172000885009766,47.397973,8.546162599999999,attack,8.21
1776211526.6878538,2026-04-15T00:05:26.687854,normal_square,1,47.39805236363437,8.546279845381315,0.213000014424324,-0.006000000052154,-0.0099999997764825,0.0,0.0299999993294477,-0.0342432186007499,-0.1165359765291214,-9.765839576721191,0.0003595211892388,-0.0005586489569395,-0.0011419936781749,97.0,16.172000885009766,47.397973,8.546162599999999,attack,8.314
1776211526.7901328,2026-04-15T00:05:26.790133,normal_square,1,47.3980533399842,8.546281287761184,0.213000014424324,-0.006000000052154,-0.0099999997764825,0.0,0.0299999993294477,-0.0413167253136634,-0.1170397624373436,-9.76313304901123,-0.0003888001083396,0.0004605282738339,-3.0379083909792826e-05,97.0,16.172000885009766,47.397973,8.546162599999999,attack,8.416
1776211526.8935976,2026-04-15T00:05:26.893598,normal_square,1,47.39805432765452,8.54628274686502,0.213000014424324,-0.006000000052154,-0.0099999997764825,0.0,0.0299999993294477,-0.0413167253136634,-0.1170397624373436,-9.76313304901123,-0.0003888001083396,0.0004605282738339,-3.0379083909792826e-05,97.0,16.172000885009766,47.397973,8.546162599999999,attack,8.52
1776211527.0315173,2026-04-15T00:05:27.031517,normal_square,1,47.39805564422889,8.54628469186496,0.213000014424324,-0.006000000052154,-0.0099999997764825,0.0,0.0299999993294477,-0.0345597937703132,-0.116890549659729,-9.772395133972168,0.0003010994405485,-0.0009537268197163,-0.0003130848926957,97.0,16.172000885009766,47.397973,8.546162599999999,attack,8.658
1776211527.145763,2026-04-15T00:05:27.145763,normal_square,1,47.39805673481231,8.546286303004239,0.2120000123977661,-0.0070000002160668,-0.0099999997764825,0.0,0.0299999993294477,-0.0383091531693935,-0.1119994521141052,-9.77580738067627,3.372749688423937e-06,-0.0001104811090044,-0.0012210236163809,97.0,16.172000885009766,47.397973,8.546162599999999,attack,8.772
1776211527.271032,2026-04-15T00:05:27.271032,normal_square,1,47.398057930625725,8.54628806960176,0.2110000103712082,-0.0080000003799796,-0.0099999997764825,0.0,0.0299999993294477,-0.0398099087178707,-0.1135637164115905,-9.776451110839844,1.3946172657597344e-05,2.8554706659633663e-05,-0.0001659718691371,97.0,16.172000885009766,47.397973,8.546162599999999,attack,8.897
1776211527.3809178,2026-04-15T00:05:27.380918,normal_square,1,47.39805897958917,8.546289619255077,0.2110000103712082,-0.0090000005438923,-0.0099999997764825,0.0,0.0299999993294477,-0.0390985310077667,-0.1151550188660621,-9.774245262145996,0.0003353940555825,-0.0013511279830709,-0.0003145672671962,97.0,16.172000885009766,47.397973,8.546162599999999,attack,9.007
1776211527.4831436,2026-04-15T00:05:27.483144,normal_square,1,47.39805995543147,8.546291060885158,0.2100000083446502,-0.0090000005438923,-0.0099999997764825,0.0,0.0299999993294477,-0.027525620535016,-0.119145356118679,-9.766274452209473,0.0001975447521544,0.0003515050048008,0.0011383871315047,97.0,16.172000885009766,47.397973,8.546162599999999,attack,9.109
1776211527.5870605,2026-04-15T00:05:27.587060,normal_square,1,47.39806094741696,8.546292526363871,0.2100000083446502,-0.0090000005438923,-0.0099999997764825,0.0,0.0299999993294477,-0.0290304962545633,-0.1159045398235321,-9.76495361328125,0.0011136464308947,-0.0005174853722564,0.0005289334803819,97.0,16.172000885009766,47.397973,8.546162599999999,attack,9.213
1776211527.6903715,2026-04-15T00:05:27.690372,normal_square,1,47.3980619336193,8.546293983299037,0.2100000083446502,-0.0100000007078051,-0.0099999997764825,0.0,0.0299999993294477,-0.0290304962545633,-0.1159045398235321,-9.76495361328125,0.0011136464308947,-0.0005174853722564,0.0005289334803819,97.0,16.172000885009766,47.397973,8.546162599999999,attack,9.316
1776211527.8037524,2026-04-15T00:05:27.803752,normal_square,1,47.39806301594791,8.546295582243339,0.2090000063180923,-0.0100000007078051,-0.0099999997764825,0.0,0.0299999993294477,-0.0395009890198707,-0.1176878213882446,-9.762210845947266,-0.0013027765089645,-0.0001795923599274,0.0006761747645214,97.0,16.172000885009766,47.397973,8.546162599999999,attack,9.43
1776211527.9080782,2026-04-15T00:05:27.908078,normal_square,1,47.398064011836624,8.546297053488356,0.2090000063180923,-0.0100000007078051,-0.0099999997764825,0.0,0.0299999993294477,-0.0395009890198707,-0.1176878213882446,-9.762210845947266,-0.0013027765089645,-0.0001795923599274,0.0006761747645214,97.0,16.172000885009766,47.397973,8.546162599999999,attack,9.534
1776211528.019841,2026-04-15T00:05:28.019841,normal_square,1,47.39806507871849,8.546298629612881,0.2090000063180923,-0.0100000007078051,-0.0099999997764825,0.0,0.0299999993294477,-0.0346806831657886,-0.112218476831913,-9.763643264770508,3.478524013189599e-05,0.0001845240185502,0.0002425469428999,97.0,16.172000885009766,47.397973,8.546162599999999,attack,9.646
1776211528.1210818,2026-04-15T00:05:28.121082,normal_square,1,47.39806604515891,8.546300057353395,0.2090000063180923,-0.0100000007078051,-0.0099999997764825,0.0,0.0299999993294477,-0.0346806831657886,-0.112218476831913,-9.763643264770508,3.478524013189599e-05,0.0001845240185502,0.0002425469428999,97.0,16.172000885009766,47.397973,8.546162599999999,attack,9.747
1776211528.2247517,2026-04-15T00:05:28.224752,normal_square,1,47.39806703478653,8.54630151934879,0.2090000063180923,-0.0100000007078051,-0.0099999997764825,0.0,0.0299999993294477,-0.0399007871747016,-0.1102870553731918,-9.770150184631348,0.0003087362856604,-0.0015550749376416,0.0015244318637996,97.0,16.172000885009766,47.397973,8.546162599999999,attack,9.851
1776211528.3280056,2026-04-15T00:05:28.328006,normal_square,1,47.39806802044265,8.54630297547701,0.2090000063180923,-0.0110000008717179,-0.0099999997764825,0.0,0.0299999993294477,-0.0399007871747016,-0.1102870553731918,-9.770150184631348,0.0003087362856604,-0.0015550749376416,0.0015244318637996,97.0,16.172000885009766,47.397973,8.546162599999999,attack,9.954
1776211528.42905,2026-04-15T00:05:28.429050,normal_square,1,47.39806898500771,8.546304400447008,0.2080000042915344,-0.0110000008717179,-0.0099999997764825,0.0,0.0299999993294477,-0.0378674119710922,-0.1199602037668228,-9.773146629333496,0.0004270393692422,-0.0004483386874198,0.0002933763898909,97.0,16.172000885009766,47.397973,8.546162599999999,attack,10.055
1776211528.542969,2026-04-15T00:05:28.542969,normal_square,1,47.3980700724731,8.546306006979968,0.2080000042915344,-0.0110000008717179,-0.0099999997764825,0.0,0.0299999993294477,-0.0331975929439067,-0.1228302493691444,-9.773259162902832,-0.0003745248832274,0.000110027482151,-0.001150325522758,97.0,16.172000885009766,47.397973,8.546162599999999,attack,10.169
1776211528.6478343,2026-04-15T00:05:28.647835,normal_square,1,47.39807107351224,8.546307485833818,0.2080000042915344,-0.0110000008717179,-0.0099999997764825,0.0,0.0299999993294477,-0.0331975929439067,-0.1228302493691444,-9.773259162902832,-0.0003745248832274,0.000110027482151,-0.001150325522758,97.0,16.172000885009766,47.397973,8.546162599999999,attack,10.274
1776211528.7519116,2026-04-15T00:05:28.751912,normal_square,1,47.39807206702943,8.546308953575343,0.2080000042915344,-0.0110000008717179,-0.0099999997764825,0.0,0.0299999993294477,-0.0410192497074604,-0.1128739118576049,-9.767420768737791,0.0009200672502629,-0.0003477446443866,-0.0004689504567068,97.0,16.172000885009766,47.397973,8.546162599999999,attack,10.378
1776211528.8547509,2026-04-15T00:05:28.854751,normal_square,1,47.39807304872771,8.546310403856562,0.2080000042915344,-0.0120000001043081,-0.0099999997764825,0.0,0.0299999993294477,-0.0410192497074604,-0.1128739118576049,-9.767420768737791,0.0009200672502629,-0.0003477446443866,-0.0004689504567068,97.0,16.172000885009766,47.397973,8.546162599999999,attack,10.481
1776211528.9683266,2026-04-15T00:05:28.968327,normal_square,1,47.39807413291576,8.546312005547843,0.2080000042915344,-0.0120000001043081,-0.0099999997764825,0.0,0.0299999993294477,-0.0410192497074604,-0.1128739118576049,-9.767420768737791,0.0009200672502629,-0.0003477446443866,-0.0004689504567068,97.0,16.172000885009766,47.397973,8.546162599999999,attack,10.594
1776211529.0964077,2026-04-15T00:05:29.096408,normal_square,1,47.398075355571514,8.54631381180006,0.2080000042915344,-0.0120000001043081,-0.0099999997764825,0.0,0.0299999993294477,-0.0318049415946006,-0.1202937439084053,-9.777764320373535,0.0010648990282788,0.0006690036971122,0.0001417109451722,97.0,16.172000885009766,47.397973,8.546162599999999,attack,10.722
1776211529.2025032,2026-04-15T00:05:29.202503,normal_square,1,47.39807636835447,8.54631520800326,0.2070000171661377,-0.0120000001043081,-0.0099999997764825,0.0,0.0299999993294477,-0.0318049415946006,-0.1202937439084053,-9.777764320373535,0.0010648990282788,0.0006690036971122,0.0001417109451722,97.0,16.172000885009766,47.397973,8.5461625,attack,10.829
1776211529.305237,2026-04-15T00:05:29.305237,normal_square,1,47.39807734904678,8.546316656798354,0.2070000171661377,-0.0120000001043081,-0.0099999997764825,0.0,0.0299999993294477,-0.0371519513428211,-0.1154909878969192,-9.77076244354248,0.0001638546527829,-0.0001345384807791,-0.0008487496525049,97.0,16.172000885009766,47.397973,8.5461625,attack,10.931
1776211529.4070308,2026-04-15T00:05:29.407031,normal_square,1,47.398078320765094,8.546318092335989,0.2070000171661377,-0.0120000001043081,-0.0099999997764825,0.0,0.0299999993294477,-0.0379362665116786,-0.1145966574549675,-9.769328117370604,0.0003450988442637,-0.0003096834407187,-0.0009733703918755,97.0,16.172000885009766,47.397973,8.5461625,attack,11.033
1776211529.5106275,2026-04-15T00:05:29.510628,normal_square,1,47.398079309694005,8.546319553299163,0.2070000171661377,-0.0120000001043081,-0.0099999997764825,0.0,0.0299999993294477,-0.0379362665116786,-0.1145966574549675,-9.769328117370604,0.0003450988442637,-0.0003096834407187,-0.0009733703918755,97.0,16.172000885009766,47.397973,8.5461625,attack,11.137
1776211529.612501,2026-04-15T00:05:29.612501,normal_square,1,47.39808028217248,8.5463209899598,0.2070000171661377,-0.0120000001043081,-0.0099999997764825,0.0,0.0299999993294477,-0.0502672754228115,-0.1156961247324943,-9.769984245300291,0.0006492403335869,0.00084905535914,4.125652776565403e-05,97.0,16.172000885009766,47.397973,8.5461625,attack,11.239
1776211529.7139354,2026-04-15T00:05:29.713935,normal_square,1,47.39808125046096,8.546322420430483,0.2070000171661377,-0.0120000001043081,-0.0099999997764825,0.0,0.0299999993294477,-0.0317776091396808,-0.1159558668732643,-9.764660835266112,-0.0005059468676336,-0.000264655216597,0.0001517417258583,97.0,16.172000885009766,47.397973,8.5461625,attack,11.34
1776211529.815992,2026-04-15T00:05:29.815992,normal_square,1,47.398082224689624,8.546323859676711,0.2060000151395797,-0.0130000002682209,-0.0099999997764825,0.0,0.0399999991059303,-0.036889161914587,-0.1096434891223907,-9.779240608215332,-0.0004016764287371,-8.476488437736407e-05,-0.0010614923667162,97.0,16.172000885009766,47.397973,8.5461625,attack,11.442
1776211529.9201465,2026-04-15T00:05:29.920146,normal_square,1,47.39808321894194,8.54632532850425,0.2060000151395797,-0.0130000002682209,-0.0099999997764825,0.0,0.0399999991059303,-0.036889161914587,-0.1096434891223907,-9.779240608215332,-0.0004016764287371,-8.476488437736407e-05,-0.0010614923667162,97.0,16.172000885009766,47.397973,8.5461625,attack,11.546
1776211530.028134,2026-04-15T00:05:30.028134,normal_square,1,47.39808424978669,8.546326851390482,0.2060000151395797,-0.0130000002682209,-0.0099999997764825,0.0,0.0399999991059303,-0.0402888879179954,-0.1220595613121986,-9.767901420593262,-0.0008880053646862,0.0001180009421659,0.0002046476874966,97.0,16.172000885009766,47.397973,8.5461625,attack,11.654
1776211530.155741,2026-04-15T00:05:30.155741,normal_square,1,47.39808546791562,8.546328650955129,0.2060000151395797,-0.0130000002682209,-0.0099999997764825,0.0,0.0399999991059303,-0.0402888879179954,-0.1220595613121986,-9.767901420593262,-0.0008880053646862,0.0001180009421659,0.0002046476874966,97.0,16.172000885009766,47.397973,8.5461625,attack,11.782
1776211530.2583103,2026-04-15T00:05:30.258310,normal_square,1,47.398086447037535,8.546330097430252,0.2060000151395797,-0.0130000002682209,-0.0099999997764825,0.0,0.0399999991059303,-0.0479572638869285,-0.1217869967222213,-9.766419410705566,7.488684786949307e-05,0.0009046726627275,-0.0002494623186066,97.0,16.172000885009766,47.397973,8.5461625,attack,11.884
1776211530.3598838,2026-04-15T00:05:30.359884,normal_square,1,47.39808741665289,8.546331529861142,0.2060000151395797,-0.0130000002682209,-0.0099999997764825,0.0,0.0399999991059303,-0.0479572638869285,-0.1217869967222213,-9.766419410705566,7.488684786949307e-05,0.0009046726627275,-0.0002494623186066,97.0,16.172000885009766,47.397973,8.5461625,attack,11.986
1776211530.462078,2026-04-15T00:05:30.462078,normal_square,1,47.398088392194765,8.546332971047404,0.2060000151395797,-0.0140000004321336,-0.0099999997764825,0.0,0.0399999991059303,-0.0235461927950382,-0.1154682338237762,-9.782782554626465,0.0005103551084175,-0.0003285622806288,0.0003686297277454,97.0,16.172000885009766,47.397973,8.5461625,attack,12.088
1776211530.564111,2026-04-15T00:05:30.564111,normal_square,1,47.39808936619584,8.546334409957403,0.2060000151395797,-0.0140000004321336,-0.0099999997764825,0.0,0.0399999991059303,-0.041697759181261,-0.1146916449069976,-9.771523475646973,0.0008828266290947,0.0001872619322966,0.0014189429348334,97.0,16.172000885009766,47.397973,8.5461625,attack,12.19
1776211530.6678262,2026-04-15T00:05:30.667826,normal_square,1,47.398090356255885,8.546335872591628,0.2060000151395797,-0.0140000004321336,-0.0099999997764825,0.0,0.0399999991059303,-0.041697759181261,-0.1146916449069976,-9.771523475646973,0.0008828266290947,0.0001872619322966,0.0014189429348334,97.0,16.172000885009766,47.397973,8.5461625,attack,12.294
1776211530.790955,2026-04-15T00:05:30.790955,normal_square,1,47.39809153163826,8.546337609005988,0.2050000131130218,-0.0140000004321336,-0.0099999997764825,0.0,0.0399999991059303,-0.0336845517158508,-0.1115216761827468,-9.766539573669434,-0.0004203034914098,0.0001240039273397,0.0001907680707518,97.0,16.172000885009766,47.397973,8.5461625,attack,12.417
1776211530.897112,2026-04-15T00:05:30.897112,normal_square,1,47.39809254500613,8.546339106073294,0.2050000131130218,-0.0140000004321336,-0.0099999997764825,0.0,0.0399999991059303,-0.0336845517158508,-0.1115216761827468,-9.766539573669434,-0.0004203034914098,0.0001240039273397,0.0001907680707518,97.0,16.172000885009766,47.397973,8.5461625,attack,12.523
1776211531.0029745,2026-04-15T00:05:31.002975,normal_square,1,47.398093555565495,8.546340598991549,0.2050000131130218,-0.0140000004321336,-0.0099999997764825,0.0,0.0399999991059303,-0.0349804833531379,-0.114884465932846,-9.782940864562988,-2.6694253392633985e-05,2.456572110531852e-05,0.0009911849629133,97.0,16.172000885009766,47.397973,8.5461625,attack,12.629
1776211531.1059446,2026-04-15T00:05:31.105945,normal_square,1,47.398094538513256,8.546342051118659,0.2050000131130218,-0.0140000004321336,-0.0099999997764825,0.0,0.0399999991059303,-0.0349804833531379,-0.114884465932846,-9.782940864562988,-2.6694253392633985e-05,2.456572110531852e-05,0.0009911849629133,97.0,16.172000885009766,47.397973,8.5461625,attack,12.732
1776211531.2095692,2026-04-15T00:05:31.209569,normal_square,1,47.39809552770845,8.54634351247522,0.2050000131130218,-0.0140000004321336,-0.0099999997764825,0.0,0.0399999991059303,-0.0313607454299926,-0.1186297312378883,-9.76737117767334,-0.0004536747292149,-3.474706318229437e-07,0.0009684896795079,97.0,16.172000885009766,47.397973,8.5461625,attack,12.836
1776211531.3123448,2026-04-15T00:05:31.312345,normal_square,1,47.39809650879905,8.546344861858714,0.2050000131130218,-0.0140000004321336,-0.0099999997764825,-0.0099999997764825,0.0399999991059303,-0.0313607454299926,-0.1186297312378883,-9.76737117767334,-0.0004536747292149,-3.474706318229437e-07,0.0009684896795079,97.0,16.172000885009766,47.397973,8.5461624,attack,12.938
1776211531.422825,2026-04-15T00:05:31.422825,normal_square,1,47.398097563438675,8.54634641989755,0.2050000131130218,-0.0140000004321336,-0.0099999997764825,-0.0099999997764825,0.0399999991059303,-0.0472528040409088,-0.1176396161317825,-9.762702941894531,0.0005651651299558,-0.000661441241391,0.0003920167509932,97.0,16.172000885009766,47.397973,8.5461624,attack,13.049
1776211531.5279732,2026-04-15T00:05:31.527973,normal_square,1,47.39809856717707,8.546347902739061,0.2050000131130218,-0.0140000004321336,-0.0099999997764825,-0.0099999997764825,0.0399999991059303,-0.0317728891968727,-0.1291923820972442,-9.773640632629396,-3.252724854974076e-05,0.000448891572887,0.0004748884239234,97.0,16.172000885009766,47.397973,8.5461624,attack,13.154
1776211531.6314971,2026-04-15T00:05:31.631497,normal_square,1,47.398099555411825,8.546349362676741,0.2050000131130218,-0.0140000004321336,-0.0099999997764825,-0.0099999997764825,0.0399999991059303,-0.0337540619075298,-0.1260959059000015,-9.769050598144531,-0.0003824880404863,-0.0001780490856617,0.0001393459533574,97.0,16.172000885009766,47.397973,8.5461624,attack,13.257
1776211531.7339804,2026-04-15T00:05:31.733980,normal_square,1,47.39810053371213,8.546350807938081,0.2050000131130218,-0.0150000005960464,-0.0099999997764825,-0.0099999997764825,0.0399999991059303,-0.0337540619075298,-0.1260959059000015,-9.769050598144531,-0.0003824880404863,-0.0001780490856617,0.0001393459533574,97.0,16.172000885009766,47.397973,8.5461624,attack,13.36
1776211531.8580086,2026-04-15T00:05:31.858009,normal_square,1,47.39810171767932,8.54635255703495,0.2050000131130218,-0.0150000005960464,-0.0099999997764825,-0.0099999997764825,0.0399999991059303,-0.0304944794625043,-0.1092128679156303,-9.777853965759276,-0.0003953258565161,0.0002438156225252,0.0014953219797462,97.0,16.172000885009766,47.397973,8.5461624,attack,13.484
1776211531.9601903,2026-04-15T00:05:31.960191,normal_square,1,47.398102693100576,8.54635399804301,0.2050000131130218,-0.0150000005960464,-0.0099999997764825,-0.0099999997764825,0.0399999991059303,-0.0304944794625043,-0.1092128679156303,-9.777853965759276,-0.0003953258565161,0.0002438156225252,0.0014953219797462,97.0,16.172000885009766,47.397973,8.5461624,attack,13.586
1776211532.0621586,2026-04-15T00:05:32.062159,normal_square,1,47.39810366648487,8.546355436041832,0.2040000110864639,-0.0150000005960464,-0.0099999997764825,-0.0099999997764825,0.0399999991059303,-0.0379389449954032,-0.1151219084858894,-9.771077156066896,0.0008478724630549,-0.000348842178937,-4.252134749549441e-05,97.0,16.172000885009766,47.397973,8.5461624,attack,13.688
1776211532.1716242,2026-04-15T00:05:32.171624,normal_square,1,47.39810471143812,8.546356979770819,0.2040000110864639,-0.0150000005960464,-0.0099999997764825,-0.0099999997764825,0.0399999991059303,-0.0379389449954032,-0.1151219084858894,-9.771077156066896,0.0008478724630549,-0.000348842178937,-4.252134749549441e-05,97.0,16.172000885009766,47.397973,8.5461624,attack,13.798
1776211532.2735355,2026-04-15T00:05:32.273535,normal_square,1,47.39810568427847,8.546358416966056,0.2040000110864639,-0.0150000005960464,-0.0099999997764825,-0.0099999997764825,0.0399999991059303,-0.0384927950799465,-0.1143069267272949,-9.767358779907228,-0.0003632877778727,-0.0003120228066109,0.0006953031988814,97.0,16.172000885009766,47.397973,8.5461624,attack,13.9
1776211532.381232,2026-04-15T00:05:32.381232,normal_square,1,47.39810681234431,8.546359935747322,0.2040000110864639,-0.0160000007599592,-0.0099999997764825,-0.0099999997764825,0.0399999991059303,-0.0384927950799465,-0.1143069267272949,-9.767358779907228,-0.0003632877778727,-0.0003120228066109,0.0006953031988814,97.0,16.172000885009766,47.3979731,8.5461624,attack,14.007
1776211532.4860413,2026-04-15T00:05:32.486041,normal_square,1,47.39810781284861,8.54636141381104,0.2040000110864639,-0.0160000007599592,-0.0099999997764825,-0.0099999997764825,0.0399999991059303,-0.040505301207304,-0.1256517469882965,-9.767956733703612,-0.0001441280182916,-0.0015523298643529,0.0001464173983549,97.0,16.172000885009766,47.3979731,8.5461624,attack,14.112
1776211532.5914354,2026-04-15T00:05:32.591435,normal_square,1,47.398108818935775,8.546362900122425,0.2040000110864639,-0.0160000007599592,-0.0099999997764825,-0.0099999997764825,0.0399999991059303,-0.040505301207304,-0.1256517469882965,-9.767956733703612,-0.0001441280182916,-0.0015523298643529,0.0001464173983549,97.0,16.172000885009766,47.3979731,8.5461624,attack,14.217
1776211532.7088318,2026-04-15T00:05:32.708832,normal_square,1,47.398109939595635,8.546364555694197,0.203000009059906,-0.0160000007599592,-0.0099999997764825,-0.0099999997764825,0.0399999991059303,-0.0392153523862361,-0.1198905929923057,-9.781011581420898,-0.0007619147072546,-0.0009184732334688,-0.0004672984650824,97.0,16.172000885009766,47.3979731,8.5461624,attack,14.335
1776211532.811958,2026-04-15T00:05:32.811958,normal_square,1,47.39811092403413,8.546366010023602,0.203000009059906,-0.0160000007599592,-0.0099999997764825,-0.0099999997764825,0.0399999991059303,-0.036978580057621,-0.1194939836859703,-9.76926040649414,0.0009973894339054,0.0003404957533348,-0.0015535014681518,97.0,16.172000885009766,47.3979731,8.5461624,attack,14.438
1776211532.915538,2026-04-15T00:05:32.915538,normal_square,1,47.39811191280373,8.54636747075142,0.203000009059906,-0.0160000007599592,-0.0099999997764825,-0.0099999997764825,0.0399999991059303,-0.036978580057621,-0.1194939836859703,-9.76926040649414,0.0009973894339054,0.0003404957533348,-0.0015535014681518,97.0,16.172000885009766,47.3979731,8.5461624,attack,14.542
1776211533.025002,2026-04-15T00:05:33.025002,normal_square,1,47.39811295774105,8.546369014456873,0.203000009059906,-0.0160000007599592,-0.0099999997764825,-0.0099999997764825,0.0399999991059303,-0.036978580057621,-0.1194939836859703,-9.76926040649414,0.0009973894339054,0.0003404957533348,-0.0015535014681518,97.0,16.172000885009766,47.3979731,8.5461624,attack,14.651
1776211533.1519947,2026-04-15T00:05:33.151995,normal_square,1,47.398114170007176,8.546370805360297,0.203000009059906,-0.0160000007599592,-0.0099999997764825,-0.0099999997764825,0.0399999991059303,-0.036978580057621,-0.1194939836859703,-9.76926040649414,0.0009973894339054,0.0003404957533348,-0.0015535014681518,97.0,16.172000885009766,47.3979731,8.5461624,attack,14.778
1776211533.2567058,2026-04-15T00:05:33.256706,normal_square,1,47.39811516957379,8.546372282038758,0.203000009059906,-0.0160000007599592,-0.0099999997764825,-0.0099999997764825,0.0399999991059303,-0.0377402864396572,-0.1149623468518257,-9.77279567718506,0.0002733474248088,0.0003137418825645,0.0002754142042249,97.0,16.172000885009766,47.3979731,8.5461624,attack,14.883
1776211533.3624873,2026-04-15T00:05:33.362487,normal_square,1,47.39811617935934,8.546373773813842,0.203000009059906,-0.0160000007599592,-0.0099999997764825,-0.0099999997764825,0.0399999991059303,-0.0377402864396572,-0.1149623468518257,-9.77279567718506,0.0002733474248088,0.0003137418825645,0.0002754142042249,97.0,16.172000885009766,47.3979731,8.5461624,attack,14.988
1776211533.4725523,2026-04-15T00:05:33.472553,normal_square,1,47.398117230034295,8.546375325995596,0.203000009059906,-0.0170000009238719,0.0,-0.0099999997764825,0.0399999991059303,-0.0425044186413288,-0.1195731908082962,-9.76997184753418,0.0013035646406933,7.260350685101002e-07,-0.0006716417847201,97.0,16.172000885009766,47.3979731,8.5461624,attack,15.099
1776211533.5741923,2026-04-15T00:05:33.574192,normal_square,1,47.39811820028463,8.546376759364565,0.203000009059906,-0.0170000009238719,0.0,-0.0099999997764825,0.0399999991059303,-0.0456822142004966,-0.1184950098395347,-9.769742012023926,-0.0001061997390934,-0.0004397364973556,0.0002312224532943,97.0,16.172000885009766,47.3979731,8.5461624,attack,15.2
1776211533.6804457,2026-04-15T00:05:33.680446,normal_square,1,47.39811921457425,8.546378257793595,0.203000009059906,-0.0170000009238719,0.0,-0.0099999997764825,0.0399999991059303,-0.0456822142004966,-0.1184950098395347,-9.769742012023926,-0.0001061997390934,-0.0004397364973556,0.0002312224532943,97.0,16.172000885009766,47.3979731,8.5461624,attack,15.306
1776211533.7871814,2026-04-15T00:05:33.787181,normal_square,1,47.398120233468084,8.546379763024513,0.202000007033348,-0.0170000009238719,0.0,-0.0099999997764825,0.0499999970197677,-0.0457623824477195,-0.1209535002708435,-9.770870208740234,0.0005300730117596,-0.0001030232815537,0.0005074730142951,97.0,16.172000885009766,47.3979731,8.5461624,attack,15.413
1776211533.8921475,2026-04-15T00:05:33.892148,normal_square,1,47.398121235469944,8.546381243300608,0.202000007033348,-0.0170000009238719,0.0,-0.0099999997764825,0.0499999970197677,-0.0457623824477195,-0.1209535002708435,-9.770870208740234,0.0005300730117596,-0.0001030232815537,0.0005074730142951,97.0,16.172000885009766,47.3979731,8.5461624,attack,15.518
1776211533.999199,2026-04-15T00:05:33.999199,normal_square,1,47.39812225737711,8.546382752983181,0.202000007033348,-0.0170000009238719,0.0,-0.0099999997764825,0.0499999970197677,-0.0364303849637508,-0.1176463440060615,-9.777825355529783,-0.0002290416450705,-3.133498830720782e-05,-0.0010481349891051,97.0,16.172000885009766,47.3979731,8.5461624,attack,15.625
1776211534.1041956,2026-04-15T00:05:34.104196,normal_square,1,47.3981232596703,8.546384233689649,0.202000007033348,-0.0170000009238719,0.0,-0.0099999997764825,0.0499999970197677,-0.0364303849637508,-0.1176463440060615,-9.777825355529783,-0.0002290416450705,-3.133498830720782e-05,-0.0010481349891051,97.0,16.172000885009766,47.3979731,8.5461624,attack,15.73
1776211534.2089355,2026-04-15T00:05:34.208936,normal_square,1,47.3981242595123,8.546385710774944,0.202000007033348,-0.0170000009238719,0.0,-0.0099999997764825,0.0499999970197677,-0.0364303849637508,-0.1176463440060615,-9.777825355529783,-0.0002290416450705,-3.133498830720782e-05,-0.0010481349891051,97.0,16.172000885009766,47.3979731,8.5461624,attack,15.835
1776211534.3133872,2026-04-15T00:05:34.313387,normal_square,1,47.398125256602704,8.546387183795247,0.202000007033348,-0.0170000009238719,0.0,-0.0099999997764825,0.0499999970197677,-0.0364303849637508,-0.1176463440060615,-9.777825355529783,-0.0002290416450705,-3.133498830720782e-05,-0.0010481349891051,97.0,16.172000885009766,47.3979731,8.5461624,attack,15.939
1776211534.445125,2026-04-15T00:05:34.445125,normal_square,1,47.398126514166705,8.546389041618072,0.202000007033348,-0.0180000010877847,0.0,-0.0099999997764825,0.0499999970197677,-0.0366167165338993,-0.1220525130629539,-9.77601718902588,-0.0014053905615583,-0.0004964828840456,0.0001704684691503,97.0,16.172000885009766,47.3979731,8.5461624,attack,16.071
1776211534.5485094,2026-04-15T00:05:34.548509,normal_square,1,47.39812750106776,8.54639049958546,0.2010000050067901,-0.0180000010877847,0.0,-0.0099999997764825,0.0499999970197677,-0.0366167165338993,-0.1220525130629539,-9.77601718902588,-0.0014053905615583,-0.0004964828840456,0.0001704684691503,97.0,16.172000885009766,47.3979731,8.5461624,attack,16.175
1776211534.6561477,2026-04-15T00:05:34.656147,normal_square,1,47.398128528578276,8.546392017545958,0.2010000050067901,-0.0180000010877847,0.0,-0.0099999997764825,0.0499999970197677,-0.0399064682424068,-0.1218971014022827,-9.780896186828612,0.0003874338581226,-0.0002558090200182,-0.0013711848296225,97.0,16.172000885009766,47.3979731,8.5461624,attack,16.282
1776211534.7640412,2026-04-15T00:05:34.764041,normal_square,1,47.39812955852403,8.546393539104093,0.2010000050067901,-0.0180000010877847,0.0,-0.0099999997764825,0.0499999970197677,-0.0339163653552532,-0.1147694289684295,-9.772398948669434,-0.0006705085979774,0.0002857104409486,0.0009584527579136,97.0,16.172000885009766,47.3979731,8.5461624,attack,16.39
1776211534.8698118,2026-04-15T00:05:34.869812,normal_square,1,47.39813056820489,8.546395030724511,0.2000000029802322,-0.0190000012516975,0.0,-0.0099999997764825,0.0499999970197677,-0.0315347239375114,-0.1175885573029518,-9.776809692382812,0.0001574567286297,0.0002348099369555,-0.0018461698200553,97.0,16.172000885009766,47.3979731,8.5461624,attack,16.496
1776211534.9762187,2026-04-15T00:05:34.976219,normal_square,1,47.398131583960215,8.546396531318848,0.2000000029802322,-0.0190000012516975,0.0,-0.0099999997764825,0.0499999970197677,-0.0430244393646717,-0.1257529258728027,-9.768264770507812,-0.0006472979439422,0.0007826719665899,0.000312926567858,97.0,16.172000885009766,47.3979731,8.5461624,attack,16.602
1776211535.0880518,2026-04-15T00:05:35.088052,normal_square,1,47.39813265151348,8.546398108435248,0.2000000029802322,-0.0190000012516975,0.0,-0.0099999997764825,0.0499999970197677,-0.0430244393646717,-0.1257529258728027,-9.768264770507812,-0.0006472979439422,0.0007826719665899,0.000312926567858,97.0,16.172000885009766,47.3979731,8.5461624,attack,16.714
1776211535.1918168,2026-04-15T00:05:35.191817,normal_square,1,47.398133642049196,8.546399571772193,0.2000000029802322,-0.0190000012516975,0.0,-0.0099999997764825,0.0499999970197677,-0.0357654467225074,-0.1132548972964286,-9.771263122558594,-0.000333849719027,0.0008350183488801,-0.0008659089799039,97.0,16.172000885009766,47.3979731,8.5461624,attack,16.818
1776211535.294606,2026-04-15T00:05:35.294606,normal_square,1,47.39813462326952,8.546400921347338,0.2000000029802322,-0.0190000012516975,0.0,-0.0099999997764825,0.0499999970197677,-0.0357654467225074,-0.1132548972964286,-9.771263122558594,-0.000333849719027,0.0008350183488801,-0.0008659089799039,97.0,16.172000885009766,47.3979731,8.546162299999999,attack,16.921
1776211535.4070911,2026-04-15T00:05:35.407091,normal_square,1,47.39813569704746,8.546402507659565,0.2000000029802322,-0.0200000014156103,0.0,-0.0099999997764825,0.0499999970197677,-0.0439380593597888,-0.1223175376653671,-9.77038288116455,-0.0001962662790901,-0.0002200358139816,-0.0004524904943536,97.0,16.172000885009766,47.3979731,8.546162299999999,attack,17.033
1776211535.5140188,2026-04-15T00:05:35.514019,normal_square,1,47.39813671777341,8.546404015597115,0.1990000158548355,-0.0200000014156103,0.0,-0.0099999997764825,0.0499999970197677,-0.0381760410964489,-0.1202715039253234,-9.767777442932127,-0.0005269987159408,-0.0004365515487734,0.0003891230444423,97.0,16.172000885009766,47.3979731,8.546162299999999,attack,17.14
1776211535.6192248,2026-04-15T00:05:35.619225,normal_square,1,47.39813772206487,8.546405499255663,0.1990000158548355,-0.0200000014156103,0.0,-0.0099999997764825,0.0499999970197677,-0.0364816635847091,-0.1197347491979599,-9.767420768737791,0.0006460356526076,0.0001770253729773,0.0012544759083539,97.0,16.172000885009766,47.3979731,8.546162299999999,attack,17.245
1776211535.7209835,2026-04-15T00:05:35.720984,normal_square,1,47.398138693448615,8.546406934299046,0.1980000138282776,-0.021000001579523,0.0,-0.0099999997764825,0.0499999970197677,-0.0364816635847091,-0.1197347491979599,-9.767420768737791,0.0006460356526076,0.0001770253729773,0.0012544759083539,97.0,16.172000885009766,47.3979731,8.546162299999999,attack,17.347
1776211535.8322165,2026-04-15T00:05:35.832217,normal_square,1,47.398139755273355,8.546408502952595,0.1980000138282776,-0.021000001579523,0.0,-0.0099999997764825,0.0499999970197677,-0.0290752723813056,-0.120180033147335,-9.764572143554688,-6.803652649978176e-05,0.0004326335038058,6.751102773705497e-05,97.0,16.172000885009766,47.3979731,8.546162299999999,attack,17.458
1776211535.9364605,2026-04-15T00:05:35.936460,normal_square,1,47.39814075038142,8.546409973044355,0.1980000138282776,-0.021000001579523,0.0,-0.0099999997764825,0.0499999970197677,-0.0290752723813056,-0.120180033147335,-9.764572143554688,-6.803652649978176e-05,0.0004326335038058,6.751102773705497e-05,97.0,16.172000885009766,47.3979731,8.546162299999999,attack,17.562
1776211536.0458071,2026-04-15T00:05:36.045807,normal_square,1,47.398141794198985,8.546411515095567,0.1980000138282776,-0.021000001579523,0.0,-0.0099999997764825,0.0499999970197677,-0.0290752723813056,-0.120180033147335,-9.764572143554688,-6.803652649978176e-05,0.0004326335038058,6.751102773705497e-05,97.0,16.172000885009766,47.3979731,8.546162299999999,attack,17.672
1776211536.1490767,2026-04-15T00:05:36.149077,normal_square,1,47.398142780005315,8.546412971445701,0.1980000138282776,-0.021000001579523,0.0,-0.0099999997764825,0.0499999970197677,-0.0482133813202381,-0.1082102730870246,-9.77077293395996,0.0007499833009205,0.0003502469335217,-0.0002253831480629,97.0,16.172000885009766,47.3979731,8.546162299999999,attack,17.775
1776211536.2508976,2026-04-15T00:05:36.250898,normal_square,1,47.398143751983085,8.546414407366639,0.1980000138282776,-0.021000001579523,0.0,-0.0099999997764825,0.0499999970197677,-0.0482133813202381,-0.1082102730870246,-9.77077293395996,0.0007499833009205,0.0003502469335217,-0.0002253831480629,97.0,16.172000885009766,47.3979731,8.546162299999999,attack,17.877
1776211536.3581653,2026-04-15T00:05:36.358165,normal_square,1,47.39814477595452,8.546415920098795,0.1980000138282776,-0.021000001579523,0.0,-0.0099999997764825,0.0499999970197677,-0.0370614193379879,-0.1165627911686897,-9.771286010742188,-0.0014329507248476,-0.0016989416908472,0.0005266002262942,97.0,16.172000885009766,47.3979731,8.546162299999999,attack,17.984
1776211536.463097,2026-04-15T00:05:36.463097,normal_square,1,47.398145777628656,8.546417399890723,0.1980000138282776,-0.0220000017434358,0.0,-0.0099999997764825,0.0499999970197677,-0.0370614193379879,-0.1165627911686897,-9.771286010742188,-0.0014329507248476,-0.0016989416908472,0.0005266002262942,97.0,16.172000885009766,47.3979731,8.546162299999999,attack,18.089
1776211536.565264,2026-04-15T00:05:36.565264,normal_square,1,47.3981467529088,8.546418840690325,0.1980000138282776,-0.0220000017434358,0.0,-0.0099999997764825,0.0499999970197677,-0.0375425070524215,-0.1231637895107269,-9.762855529785156,-0.0011490810429677,0.0010931752622127,-9.269348083762452e-05,97.0,16.172000885009766,47.3979731,8.546162299999999,attack,18.191
1776211536.6681025,2026-04-15T00:05:36.668103,normal_square,1,47.39814773460024,8.546420290961462,0.1970000118017196,-0.0220000017434358,0.0,-0.0099999997764825,0.0499999970197677,-0.0375425070524215,-0.1231637895107269,-9.762855529785156,-0.0011490810429677,0.0010931752622127,-9.269348083762452e-05,97.0,16.172000885009766,47.3979731,8.546162299999999,attack,18.294
1776211536.771033,2026-04-15T00:05:36.771033,normal_square,1,47.3981487171702,8.546421742530436,0.1970000118017196,-0.0220000017434358,0.0,-0.0099999997764825,0.0499999970197677,-0.0479744672775268,-0.1195182427763938,-9.771892547607422,-0.0002364919637329,0.0002267789677716,-0.0011262528132647,97.0,16.172000885009766,47.3979731,8.546162299999999,attack,18.397
1776211536.8736715,2026-04-15T00:05:36.873672,normal_square,1,47.39814969695214,8.546423189980622,0.1970000118017196,-0.0220000017434358,0.0,-0.0099999997764825,0.0499999970197677,-0.0343621969223022,-0.1162912100553512,-9.76927089691162,-0.0005915967631153,5.0354796258034185e-05,0.000407307059504,97.0,16.172000885009766,47.3979731,8.546162299999999,attack,18.5
1776211536.9909017,2026-04-15T00:05:36.990901,normal_square,1,47.39815091602568,8.546424843209387,0.1970000118017196,-0.0230000019073486,0.0,-0.0099999997764825,0.0499999970197677,-0.0343621969223022,-0.1162912100553512,-9.76927089691162,-0.0005915967631153,5.0354796258034185e-05,0.000407307059504,97.0,16.172000885009766,47.3979732,8.546162299999999,attack,18.617
1776211537.0931208,2026-04-15T00:05:37.093121,normal_square,1,47.398151891804254,8.54642628474533,0.1970000118017196,-0.0230000019073486,0.0,-0.0099999997764825,0.0499999970197677,-0.0343621969223022,-0.1162912100553512,-9.76927089691162,-0.0005915967631153,5.0354796258034185e-05,0.000407307059504,97.0,16.172000885009766,47.3979732,8.546162299999999,attack,18.719
1776211537.1977994,2026-04-15T00:05:37.197799,normal_square,1,47.39815289106134,8.546427760966523,0.1970000118017196,-0.0230000019073486,0.0,-0.0099999997764825,0.0499999970197677,-0.0315813310444355,-0.122800625860691,-9.76874542236328,-0.0010803289478644,0.0006041004089638,0.0005760707426816,97.0,16.172000885009766,47.3979732,8.546162299999999,attack,18.824
1776211537.30934,2026-04-15T00:05:37.309340,normal_square,1,47.39815395582203,8.546429333957413,0.1960000097751617,-0.0240000002086162,0.0,-0.0099999997764825,0.0499999970197677,-0.0427477099001407,-0.1224336475133895,-9.777145385742188,-0.0009764131973497,-0.0013744009193032,-0.0006858170381747,97.0,16.172000885009766,47.3979732,8.546162299999999,attack,18.935
1776211537.4208505,2026-04-15T00:05:37.420851,normal_square,1,47.39815502029596,8.546430906524655,0.1960000097751617,-0.0240000002086162,0.0,-0.0099999997764825,0.0499999970197677,-0.040934719145298,-0.120730236172676,-9.768184661865234,0.0008296298910863,0.0002651011163834,-8.8412722107023e-05,97.0,16.172000885009766,47.3979732,8.546162299999999,attack,19.047
1776211537.5226283,2026-04-15T00:05:37.522629,normal_square,1,47.398155991861785,8.546432341837024,0.1950000077486038,-0.0240000002086162,0.0,-0.0099999997764825,0.0499999970197677,-0.0444579571485519,-0.1184974834322929,-9.76975440979004,0.0004434033180586,0.000146482794662,-0.00018483682652,97.0,16.172000885009766,47.3979732,8.546162299999999,attack,19.149
1776211537.6254468,2026-04-15T00:05:37.625447,normal_square,1,47.39815697336205,8.54643379182573,0.1940000057220459,-0.025000000372529,0.0,-0.0099999997764825,0.0499999970197677,-0.0444579571485519,-0.1184974834322929,-9.76975440979004,0.0004434033180586,0.000146482794662,-0.00018483682652,97.0,16.172000885009766,47.3979732,8.546162299999999,attack,19.251
1776211537.7310915,2026-04-15T00:05:37.731091,normal_square,1,47.398157981841216,8.54643528167087,0.1940000057220459,-0.025000000372529,0.0,-0.0099999997764825,0.0499999970197677,-0.0391678288578987,-0.1150819733738899,-9.765878677368164,-0.0008974423399195,7.429678225889802e-05,5.379150388762355e-05,97.0,16.172000885009766,47.3979732,8.546162299999999,attack,19.357
1776211537.8455684,2026-04-15T00:05:37.845568,normal_square,1,47.39815907463229,8.546436896071564,0.1930000036954879,-0.0260000005364418,0.0,-0.0099999997764825,0.0499999970197677,-0.0350652560591697,-0.124702014029026,-9.771672248840332,0.000230358535191,-0.0001749121001921,-0.0009326493600383,97.0,16.172000885009766,47.3979732,8.546162299999999,attack,19.472
1776211537.957833,2026-04-15T00:05:37.957833,normal_square,1,47.39816014630499,8.54643847927369,0.1930000036954879,-0.0270000007003545,0.0,-0.0099999997764825,0.0499999970197677,-0.0350652560591697,-0.124702014029026,-9.771672248840332,0.000230358535191,-0.0001749121001921,-0.0009326493600383,96.0,16.112001419067383,47.3979732,8.546162299999999,attack,19.584
1776211538.0613887,2026-04-15T00:05:38.061389,normal_square,1,47.39816113484244,8.546439939658557,0.1930000036954879,-0.0270000007003545,0.0,-0.0099999997764825,0.0499999970197677,-0.0350652560591697,-0.124702014029026,-9.771672248840332,0.000230358535191,-0.0001749121001921,-0.0009326493600383,96.0,16.112001419067383,47.3979732,8.546162299999999,attack,19.687
1776211538.1636744,2026-04-15T00:05:38.163674,normal_square,1,47.398162111256,8.546441382132576,0.1930000036954879,-0.0270000007003545,0.0,-0.0099999997764825,0.0499999970197677,-0.0350652560591697,-0.124702014029026,-9.771672248840332,0.000230358535191,-0.0001749121001921,-0.0009326493600383,96.0,16.112001419067383,47.3979732,8.546162299999999,attack,19.79
1776211538.2721562,2026-04-15T00:05:38.272156,normal_square,1,47.39816314681876,8.546442911988812,0.19200000166893,-0.0270000007003545,0.0,-0.0099999997764825,0.0599999986588954,-0.036978144198656,-0.1237842589616775,-9.774666786193848,-0.0002546220493968,0.0002498182875569,0.0003217082412447,96.0,16.112001419067383,47.3979732,8.546162299999999,attack,19.898
1776211538.4906309,2026-04-15T00:05:38.490631,normal_square,1,47.39816523236686,8.546445993008037,0.1900000125169754,-0.0290000010281801,0.0,-0.0099999997764825,0.0599999986588954,-0.0364577174186706,-0.1156801655888557,-9.761181831359863,-0.0002174924884457,0.0007636129739694,-0.0002393925678916,96.0,16.112001419067383,47.3979732,8.546162299999999,attack,20.117
1776211538.6356907,2026-04-15T00:05:38.635691,normal_square,1,47.39816661710084,8.546448038701458,0.1900000125169754,-0.0290000010281801,0.0,-0.0099999997764825,0.0599999986588954,-0.0364577174186706,-0.1156801655888557,-9.761181831359863,-0.0002174924884457,0.0007636129739694,-0.0002393925678916,96.0,16.112001419067383,47.3979732,8.546162299999999,attack,20.262
1776211538.755588,2026-04-15T00:05:38.755588,normal_square,1,47.39816776163523,8.546449729543522,0.1900000125169754,-0.0290000010281801,0.0,-0.0099999997764825,0.0599999986588954,-0.0421337820589542,-0.1181463897228241,-9.766510009765623,-0.0003659757785499,-0.000424645433668,-0.0003560494515113,96.0,16.112001419067383,47.3979732,8.546162299999999,attack,20.382
1776211538.8581622,2026-04-15T00:05:38.858162,normal_square,1,47.39816874080267,8.546451176085894,0.1900000125169754,-0.0300000011920928,0.0,-0.0099999997764825,0.0599999986588954,-0.0421337820589542,-0.1181463897228241,-9.766510009765623,-0.0003659757785499,-0.000424645433668,-0.0003560494515113,96.0,16.112001419067383,47.3979732,8.546162299999999,attack,20.484
1776211538.9960425,2026-04-15T00:05:38.996042,normal_square,1,47.39817005700151,8.546453120531067,0.1900000125169754,-0.0300000011920928,0.0,-0.0099999997764825,0.0599999986588954,-0.0421337820589542,-0.1181463897228241,-9.766510009765623,-0.0003659757785499,-0.000424645433668,-0.0003560494515113,96.0,16.112001419067383,47.3979732,8.546162299999999,attack,20.622
1776211539.0968463,2026-04-15T00:05:39.096846,normal_square,1,47.39817101927015,8.546454542108533,0.1900000125169754,-0.0300000011920928,0.0,-0.0099999997764825,0.0599999986588954,-0.0421337820589542,-0.1181463897228241,-9.766510009765623,-0.0003659757785499,-0.000424645433668,-0.0003560494515113,96.0,16.112001419067383,47.3979732,8.546162299999999,attack,20.723
1776211539.2002025,2026-04-15T00:05:39.200202,normal_square,1,47.398172005902644,8.546455999679175,0.1890000104904174,-0.0300000011920928,0.0,-0.0099999997764825,0.0599999986588954,-0.0413747504353523,-0.1139080822467804,-9.762073516845703,0.0003800566191785,0.0006117590237408,-0.0001698777195997,96.0,16.112001419067383,47.3979732,8.546162299999999,attack,20.826
1776211539.304762,2026-04-15T00:05:39.304762,normal_square,1,47.39817300402177,8.54645747421923,0.1890000104904174,-0.0300000011920928,0.0,-0.0099999997764825,0.0599999986588954,-0.0343903452157974,-0.1196498572826385,-9.76996898651123,-0.0011158132692798,0.0006842285511083,0.0003850906214211,96.0,16.112001419067383,47.3979732,8.546162299999999,attack,20.931
1776211539.4136755,2026-04-15T00:05:39.413676,normal_square,1,47.39817404370624,8.54645901016455,0.1880000084638595,-0.0310000013560056,0.0,-0.0099999997764825,0.0599999986588954,-0.0383686944842338,-0.1162705346941948,-9.773513793945312,-0.0001059759088093,-0.0010280760470777,0.0007702444563619,96.0,16.112001419067383,47.3979732,8.546162299999999,attack,21.04
1776211539.5196795,2026-04-15T00:05:39.519680,normal_square,1,47.39817505561524,8.546460505076642,0.1880000084638595,-0.0310000013560056,0.0,-0.0099999997764825,0.0599999986588954,-0.0380208194255828,-0.1155354976654052,-9.770438194274902,0.0009543866035528,-0.0010552421445026,-0.0010108746355399,96.0,16.112001419067383,47.3979732,8.546162299999999,attack,21.146
1776211539.6209614,2026-04-15T00:05:39.620961,normal_square,1,47.398176022447124,8.546461933395474,0.1870000064373016,-0.0320000015199184,0.0,-0.0099999997764825,0.0599999986588954,-0.0380208194255828,-0.1155354976654052,-9.770438194274902,0.0009543866035528,-0.0010552421445026,-0.0010108746355399,96.0,16.112001419067383,47.3979732,8.546162299999999,attack,21.247
1776211539.7261302,2026-04-15T00:05:39.726130,normal_square,1,47.39817702638353,8.546463416529509,0.1870000064373016,-0.032999999821186,0.0,-0.0099999997764825,0.0599999986588954,-0.0383993424475193,-0.1179064810276031,-9.769420623779297,-0.0002186372003052,-0.0011555819073691,-0.000565068621654,96.0,16.112001419067383,47.3979732,8.546162299999999,attack,21.352
1776211539.8384614,2026-04-15T00:05:39.838461,normal_square,1,47.39817809869121,8.54646500066971,0.1860000044107437,-0.032999999821186,0.0,-0.0099999997764825,0.0599999986588954,-0.0377022065222263,-0.1123910397291183,-9.776988983154297,-0.0004884621012024,0.0010855094296857,-0.0003109856916125,96.0,16.112001419067383,47.3979732,8.546162299999999,attack,21.464
1776211539.9411938,2026-04-15T00:05:39.941194,normal_square,1,47.39817907936987,8.546466449444635,0.1860000044107437,-0.032999999821186,0.0,-0.0099999997764825,0.0599999986588954,-0.0377022065222263,-0.1123910397291183,-9.776988983154297,-0.0004884621012024,0.0010855094296857,-0.0003109856916125,96.0,16.112001419067383,47.3979732,8.546162299999999,attack,21.567
1776211540.0443497,2026-04-15T00:05:40.044350,normal_square,1,47.39818006409058,8.546467904190965,0.1860000044107437,-0.032999999821186,0.0,-0.0099999997764825,0.0599999986588954,-0.031544379889965,-0.1171774342656135,-9.77206039428711,-0.0004808771482203,-0.0001806188811315,-0.0002011031610891,96.0,16.112001419067383,47.3979732,8.546162299999999,attack,21.67
1776211540.1458054,2026-04-15T00:05:40.145805,normal_square,1,47.398181032581626,8.546469334960896,0.1860000044107437,-0.032999999821186,0.0,-0.0099999997764825,0.0599999986588954,-0.031544379889965,-0.1171774342656135,-9.77206039428711,-0.0004808771482203,-0.0001806188811315,-0.0002011031610891,96.0,16.112001419067383,47.3979732,8.546162299999999,attack,21.772
1776211540.2645972,2026-04-15T00:05:40.264597,normal_square,1,47.39818226656251,8.546471010212667,0.1850000023841858,-0.0340000018477439,0.0,-0.0099999997764825,0.0599999986588954,-0.0379042774438858,-0.1222321912646293,-9.767565727233888,-0.0005702320486307,-0.0001244267768925,1.1086154700024052e-05,96.0,16.112001419067383,47.3979733,8.546162299999999,attack,21.891
1776211540.474929,2026-04-15T00:05:40.474929,normal_square,1,47.3981842743807,8.546473876400048,0.1850000023841858,-0.0340000018477439,0.0,-0.0099999997764825,0.0599999986588954,-0.042481355369091,-0.1215752139687538,-9.76999568939209,-0.0010073429439216,0.0005167757626622,0.0003730925964191,96.0,16.112001419067383,47.3979733,8.5461622,attack,22.101
1776211540.5801306,2026-04-15T00:05:40.580131,normal_square,1,47.39818527862891,8.546475359994718,0.184000015258789,-0.0350000001490116,0.0,-0.0099999997764825,0.0599999986588954,-0.0357588902115821,-0.1149519756436348,-9.773131370544434,-0.0001627099409233,-0.000138764778967,-0.0006013140664435,96.0,16.112001419067383,47.3979733,8.5461622,attack,22.206
1776211540.682819,2026-04-15T00:05:40.682819,normal_square,1,47.39818625888652,8.546476808147625,0.184000015258789,-0.0350000001490116,0.0,-0.0099999997764825,0.0599999986588954,-0.0357588902115821,-0.1149519756436348,-9.773131370544434,-0.0001627099409233,-0.000138764778967,-0.0006013140664435,96.0,16.112001419067383,47.3979733,8.5461622,attack,22.309
1776211540.8014636,2026-04-15T00:05:40.801464,normal_square,1,47.39818739146316,8.546478481324288,0.184000015258789,-0.0350000001490116,0.0,-0.0099999997764825,0.0599999986588954,-0.030883751809597,-0.1219043284654617,-9.769981384277344,-0.0002901323605328,0.0010997253702953,-0.0007108617573976,96.0,16.112001419067383,47.3979733,8.5461622,attack,22.427
1776211540.9083,2026-04-15T00:05:40.908300,normal_square,1,47.398188411317435,8.54647998797409,0.184000015258789,-0.0350000001490116,0.0,-0.0099999997764825,0.0599999986588954,-0.030883751809597,-0.1219043284654617,-9.769981384277344,-0.0002901323605328,0.0010997253702953,-0.0007108617573976,96.0,16.112001419067383,47.3979733,8.5461622,attack,22.534
1776211541.0120778,2026-04-15T00:05:41.012078,normal_square,1,47.398189401976055,8.546481451492603,0.184000015258789,-0.0350000001490116,0.0,-0.0099999997764825,0.0599999986588954,-0.030883751809597,-0.1219043284654617,-9.769981384277344,-0.0002901323605328,0.0010997253702953,-0.0007108617573976,96.0,16.112001419067383,47.3979733,8.5461622,attack,22.638
1776211541.1140952,2026-04-15T00:05:41.114095,normal_square,1,47.39819037582919,8.546482890184063,0.184000015258789,-0.0350000001490116,0.0,-0.0099999997764825,0.0599999986588954,-0.030883751809597,-0.1219043284654617,-9.769981384277344,-0.0002901323605328,0.0010997253702953,-0.0007108617573976,96.0,16.112001419067383,47.3979733,8.5461622,attack,22.74
1776211541.393032,2026-04-15T00:05:41.393032,normal_square,1,47.39819303854684,8.54648682386667,0.1820000112056732,-0.0370000004768371,0.0,-0.0099999997764825,0.0599999986588954,-0.0381176136434078,-0.1138771027326583,-9.766603469848633,0.0007986095151863,0.0015158964088186,0.0003592645516619,96.0,16.112001419067383,47.3979733,8.5461622,attack,23.019
1776211541.5310912,2026-04-15T00:05:41.531091,normal_square,1,47.39819435645263,8.546488770833554,0.1820000112056732,-0.0370000004768371,0.0,-0.0099999997764825,0.0599999986588954,-0.0381176136434078,-0.1138771027326583,-9.766603469848633,0.0007986095151863,0.0015158964088186,0.0003592645516619,96.0,16.112001419067383,47.3979733,8.5461622,attack,23.157
1776211541.6348915,2026-04-15T00:05:41.634892,normal_square,1,47.398195347325185,8.546490234668122,0.1820000112056732,-0.0370000004768371,0.0,-0.0099999997764825,0.0599999986588954,-0.0312579944729805,-0.1221549957990646,-9.77263641357422,-0.0009067398495972,0.0001110397861339,0.0012085644993931,96.0,16.112001419067383,47.3979733,8.5461622,attack,23.261
1776211541.736101,2026-04-15T00:05:41.736101,normal_square,1,47.39819631346519,8.546491661964824,0.1820000112056732,-0.0370000004768371,0.0,-0.0099999997764825,0.0599999986588954,-0.0312579944729805,-0.1221549957990646,-9.77263641357422,-0.0009067398495972,0.0001110397861339,0.0012085644993931,96.0,16.112001419067383,47.3979733,8.5461622,attack,23.362
1776211541.8391106,2026-04-15T00:05:41.839111,normal_square,1,47.398197296790755,8.546493114650081,0.1820000112056732,-0.0370000004768371,0.0,-0.0099999997764825,0.0599999986588954,-0.0312579944729805,-0.1221549957990646,-9.77263641357422,-0.0009067398495972,0.0001110397861339,0.0012085644993931,96.0,16.112001419067383,47.3979733,8.5461622,attack,23.465
1776211541.941223,2026-04-15T00:05:41.941223,normal_square,1,47.39819827154971,8.546494554679725,0.1810000091791153,-0.038000002503395,0.0,-0.0099999997764825,0.0599999986588954,-0.0356548875570297,-0.1163551956415176,-9.776482582092283,0.0003913393884431,-0.0002911132178269,-0.0016073381993919,96.0,16.112001419067383,47.3979733,8.5461622,attack,23.567
1776211542.0458314,2026-04-15T00:05:42.045831,normal_square,1,47.39819927013768,8.546496029912413,0.1810000091791153,-0.038000002503395,0.0,-0.0099999997764825,0.0599999986588954,-0.0356548875570297,-0.1163551956415176,-9.776482582092283,0.0003913393884431,-0.0002911132178269,-0.0016073381993919,96.0,16.112001419067383,47.3979733,8.5461622,attack,23.672
1776211542.1479988,2026-04-15T00:05:42.147999,normal_square,1,47.39820024542237,8.546497470718744,0.1810000091791153,-0.038000002503395,0.0,-0.0099999997764825,0.0599999986588954,-0.0356548875570297,-0.1163551956415176,-9.776482582092283,0.0003913393884431,-0.0002911132178269,-0.0016073381993919,96.0,16.112001419067383,47.3979733,8.5461622,attack,23.774
1776211542.2779882,2026-04-15T00:05:42.277988,normal_square,1,47.398201486294695,8.546499303882637,0.1810000091791153,-0.038000002503395,0.0,-0.0099999997764825,0.0599999986588954,-0.0387194342911243,-0.1129007637500763,-9.776890754699709,-0.0003114157298114,0.0002256604202557,0.0002245339856017,96.0,16.112001419067383,47.3979733,8.5461622,attack,23.904
1776211542.3876946,2026-04-15T00:05:42.387695,normal_square,1,47.39820253354664,8.546500851007531,0.1810000091791153,-0.038000002503395,0.0,-0.0099999997764825,0.0599999986588954,-0.0354336872696876,-0.1246477216482162,-9.77346897125244,0.0003575346490833,-0.0003724191337823,-0.0005353732849471,96.0,16.112001419067383,47.3979733,8.5461622,attack,24.014
1776211542.4912786,2026-04-15T00:05:42.491279,normal_square,1,47.398203522354926,8.546502311792514,0.1810000091791153,-0.0390000008046627,0.0,-0.0099999997764825,0.0599999986588954,-0.0434455312788486,-0.1281579881906509,-9.770812034606934,-0.0002845801645889,-0.0002010558673646,-0.0004987919819541,96.0,16.112001419067383,47.3979733,8.5461622,attack,24.117
1776211542.6317782,2026-04-15T00:05:42.631778,normal_square,1,47.398204863557154,8.546504293175666,0.1800000071525573,-0.0390000008046627,0.0099999997764825,-0.0099999997764825,0.0599999986588954,-0.0321682579815387,-0.1135628074407577,-9.768240928649902,-0.0002658405574038,0.0005778056220151,1.5277993952622637e-05,96.0,16.112001419067383,47.3979733,8.5461622,attack,24.258
1776211542.7377326,2026-04-15T00:05:42.737733,normal_square,1,47.39820587499276,8.546505787388407,0.1800000071525573,-0.0390000008046627,0.0099999997764825,-0.0099999997764825,0.0599999986588954,-0.0321682579815387,-0.1135628074407577,-9.768240928649902,-0.0002658405574038,0.0005778056220151,1.5277993952622637e-05,96.0,16.112001419067383,47.3979733,8.5461622,attack,24.364
1776211542.8419435,2026-04-15T00:05:42.841944,normal_square,1,47.398206869784474,8.546507257012815,0.1810000091791153,-0.038000002503395,0.0099999997764825,-0.0099999997764825,0.0599999986588954,-0.0369720868766307,-0.1192909330129623,-9.775412559509276,0.000689874170348,-0.0012136392761021,-0.0003364061703905,96.0,16.112001419067383,47.3979733,8.5461622,attack,24.468
1776211542.9510162,2026-04-15T00:05:42.951016,normal_square,1,47.39820791098699,8.546508795200777,0.1810000091791153,-0.038000002503395,0.0099999997764825,-0.0099999997764825,0.0599999986588954,-0.0369720868766307,-0.1192909330129623,-9.775412559509276,0.000689874170348,-0.0012136392761021,-0.0003364061703905,96.0,16.112001419067383,47.3979733,8.5461622,attack,24.577
1776211543.0630949,2026-04-15T00:05:43.063095,normal_square,1,47.39820898088446,8.54651037578033,0.1810000091791153,-0.038000002503395,0.0099999997764825,-0.0099999997764825,0.0599999986588954,-0.0369720868766307,-0.1192909330129623,-9.775412559509276,0.000689874170348,-0.0012136392761021,-0.0003364061703905,96.0,16.112001419067383,47.3979733,8.5461622,attack,24.689
1776211543.187887,2026-04-15T00:05:43.187887,normal_square,1,47.398210172143735,8.546512235649942,0.1810000091791153,-0.038000002503395,0.0099999997764825,0.0,0.0499999970197677,-0.0384952500462532,-0.1150575205683708,-9.7794771194458,-0.0009705246193334,0.0003454145917203,-0.0005570715875364,96.0,16.112001419067383,47.3979733,8.546162299999999,attack,24.814
1776211543.2916083,2026-04-15T00:05:43.291608,normal_square,1,47.39821116226296,8.546513698371596,0.1810000091791153,-0.038000002503395,0.0099999997764825,0.0,0.0499999970197677,-0.0409168191254138,-0.1275389045476913,-9.766270637512209,0.0015171795384958,0.0004672080394811,0.0011611555237323,96.0,16.112001419067383,47.3979733,8.546162299999999,attack,24.918
1776211543.400706,2026-04-15T00:05:43.400706,normal_square,1,47.39821220370445,8.546515236912597,0.1810000091791153,-0.038000002503395,0.0099999997764825,0.0,0.0499999970197677,-0.0402655564248561,-0.1164699867367744,-9.76718044281006,-4.8957990657072514e-05,-0.000404435355449,-0.0004208606551401,96.0,16.112001419067383,47.3979733,8.546162299999999,attack,25.027
1776211543.5030196,2026-04-15T00:05:43.503020,normal_square,1,47.398213180384296,8.546516679780005,0.1820000112056732,-0.038000002503395,0.0099999997764825,0.0,0.0499999970197677,-0.0400034114718437,-0.1188472285866737,-9.773234367370604,-0.000494894455187,-0.0002440043608658,0.0001430427510058,96.0,16.112001419067383,47.3979733,8.546162299999999,attack,25.129
1776211543.6084464,2026-04-15T00:05:43.608446,normal_square,1,47.39821418678326,8.546518166552026,0.1820000112056732,-0.038000002503395,0.0099999997764825,0.0,0.0499999970197677,-0.0315176621079444,-0.1147001013159751,-9.765585899353027,0.0002858669613488,0.0006011379882693,-0.0009894492104649,96.0,16.112001419067383,47.3979733,8.546162299999999,attack,25.234
1776211543.7122283,2026-04-15T00:05:43.712228,normal_square,1,47.398215177480566,8.546519630127698,0.1820000112056732,-0.0370000004768371,0.0099999997764825,0.0,0.0399999991059303,-0.0308342352509498,-0.1202277243137359,-9.770237922668455,0.0005003177793696,4.859110049437732e-06,-0.0003797017852775,96.0,16.112001419067383,47.3979733,8.546162299999999,attack,25.338
1776211543.8334148,2026-04-15T00:05:43.833415,normal_square,1,47.39821633432092,8.546521339149596,0.1820000112056732,-0.0370000004768371,0.0099999997764825,0.0,0.0399999991059303,-0.0308342352509498,-0.1202277243137359,-9.770237922668455,0.0005003177793696,4.859110049437732e-06,-0.0003797017852775,96.0,16.112001419067383,47.3979733,8.546162299999999,attack,25.459
1776211543.9358363,2026-04-15T00:05:43.935836,normal_square,1,47.39821731203176,8.546522783540116,0.1820000112056732,-0.0370000004768371,0.0099999997764825,0.0,0.0399999991059303,-0.0333259664475917,-0.1241637542843818,-9.764756202697754,0.0005640904419124,-8.575985702918842e-05,0.0002063997817458,96.0,16.112001419067383,47.3979733,8.546162299999999,attack,25.562
1776211544.0418236,2026-04-15T00:05:44.041824,normal_square,1,47.39821832378144,8.54652427821685,0.1820000112056732,-0.0370000004768371,0.0099999997764825,0.0,0.0399999991059303,-0.0333259664475917,-0.1241637542843818,-9.764756202697754,0.0005640904419124,-8.575985702918842e-05,0.0002063997817458,96.0,16.112001419067383,47.3979733,8.546162299999999,attack,25.668
1776211544.1532376,2026-04-15T00:05:44.153238,normal_square,1,47.39821938733362,8.546525849422373,0.1820000112056732,-0.0370000004768371,0.0099999997764825,0.0,0.0399999991059303,-0.0333259664475917,-0.1241637542843818,-9.764756202697754,0.0005640904419124,-8.575985702918842e-05,0.0002063997817458,96.0,16.112001419067383,47.3979733,8.546162299999999,attack,25.779
1776211544.2562492,2026-04-15T00:05:44.256249,normal_square,1,47.398220370677386,8.546527302134528,0.1820000112056732,-0.0370000004768371,0.0099999997764825,0.0,0.0399999991059303,-0.0317395888268947,-0.1093067154288292,-9.780926704406738,0.0005974640371277,0.0005451146862469,0.0001130315649788,96.0,16.112001419067383,47.3979733,8.546162299999999,attack,25.882
1776211544.3935478,2026-04-15T00:05:44.393548,normal_square,1,47.39822178132296,8.546529238376445,0.184000015258789,-0.0360000021755695,0.0099999997764825,0.0,0.0399999991059303,-0.0446048900485038,-0.1157612800598144,-9.768012046813965,0.0002525807067286,-0.0006008406053297,0.0001524007238913,96.0,16.112001419067383,47.3979734,8.546162299999999,attack,26.02
1776211544.4974558,2026-04-15T00:05:44.497456,normal_square,1,47.398222773224234,8.546530703730763,0.184000015258789,-0.0350000001490116,0.0099999997764825,0.0,0.0399999991059303,-0.0454308278858661,-0.1172793433070182,-9.769455909729004,0.000271180353593,-0.0004310975491534,0.0008715524454601,96.0,16.112001419067383,47.3979734,8.546162299999999,attack,26.123
1776211544.603397,2026-04-15T00:05:44.603397,normal_square,1,47.398223784532384,8.54653219775522,0.1850000023841858,-0.0350000001490116,0.0099999997764825,0.0,0.0399999991059303,-0.0373193584382534,-0.1202588006854057,-9.776142120361328,-0.0006490963278338,-0.0007208661409094,-9.2668691650033e-05,96.0,16.112001419067383,47.3979734,8.546162299999999,attack,26.229
1776211544.7078495,2026-04-15T00:05:44.707850,normal_square,1,47.398224781631896,8.54653367078898,0.1850000023841858,-0.0340000018477439,0.0099999997764825,0.0,0.0399999991059303,-0.0379003584384918,-0.1215728893876075,-9.768906593322754,-0.0003402701986487,-0.0009234571480192,0.000155347661348,96.0,16.112001419067383,47.3979734,8.546162299999999,attack,26.334
1776211544.814895,2026-04-15T00:05:44.814895,normal_square,1,47.39822580348216,8.546535180387503,0.1850000023841858,-0.0340000018477439,0.0099999997764825,0.0,0.0399999991059303,-0.0379003584384918,-0.1215728893876075,-9.768906593322754,-0.0003402701986487,-0.0009234571480192,0.000155347661348,96.0,16.112001419067383,47.3979734,8.546162299999999,attack,26.441
1776211544.9182086,2026-04-15T00:05:44.918209,normal_square,1,47.39822678970954,8.546536637359667,0.1850000023841858,-0.0340000018477439,0.0099999997764825,0.0,0.0399999991059303,-0.0379003584384918,-0.1215728893876075,-9.768906593322754,-0.0003402701986487,-0.0009234571480192,0.000155347661348,96.0,16.112001419067383,47.3979734,8.546162299999999,attack,26.544
1776211545.0223682,2026-04-15T00:05:45.022368,normal_square,1,47.39822778401193,8.546538106261188,0.1860000044107437,-0.032999999821186,0.0099999997764825,0.0,0.0399999991059303,-0.0353265814483165,-0.1134641543030738,-9.766759872436523,0.000502769369632,0.0013064396334812,-0.0001834668510127,96.0,16.112001419067383,47.3979734,8.546162299999999,attack,26.648
1776211545.126661,2026-04-15T00:05:45.126661,normal_square,1,47.39822877958656,8.546539577042223,0.1860000044107437,-0.032999999821186,0.0099999997764825,0.0,0.0399999991059303,-0.0353265814483165,-0.1134641543030738,-9.766759872436523,0.000502769369632,0.0013064396334812,-0.0001834668510127,96.0,16.112001419067383,47.3979734,8.546162299999999,attack,26.753
1776211545.2283275,2026-04-15T00:05:45.228328,normal_square,1,47.39822975008952,8.546541010784413,0.1870000064373016,-0.032999999821186,0.0099999997764825,0.0,0.0399999991059303,-0.0420289598405361,-0.1214524134993553,-9.775073051452637,-0.0006223180098459,-0.001236569834873,0.0001697720726951,96.0,16.112001419067383,47.3979734,8.546162299999999,attack,26.854
1776211545.3311386,2026-04-15T00:05:45.331139,normal_square,1,47.398230731519234,8.546542460668896,0.1870000064373016,-0.0320000015199184,0.0099999997764825,0.0,0.0399999991059303,-0.0352888405323028,-0.109442688524723,-9.77792263031006,-0.0004606193106155,4.76534987683408e-05,0.0004674403462558,96.0,16.112001419067383,47.3979734,8.546162299999999,attack,26.957
1776211545.4380393,2026-04-15T00:05:45.438039,normal_square,1,47.398231751988014,8.546543968226516,0.1880000084638595,-0.0310000013560056,0.0099999997764825,0.0,0.0399999991059303,-0.0356217846274375,-0.1199245303869247,-9.776361465454102,-0.0004342378524597,0.0016476910095661,4.756659109261818e-05,96.0,16.112001419067383,47.3979734,8.546162299999999,attack,27.064
1776211545.542493,2026-04-15T00:05:45.542493,normal_square,1,47.3982327490989,8.546545441277088,0.1880000084638595,-0.0310000013560056,0.0099999997764825,0.0,0.0399999991059303,-0.0356217846274375,-0.1199245303869247,-9.776361465454102,-0.0004342378524597,0.0016476910095661,4.756659109261818e-05,96.0,16.112001419067383,47.3979734,8.546162299999999,attack,27.168
1776211545.6441803,2026-04-15T00:05:45.644181,normal_square,1,47.39823371979987,8.546546875311796,0.1880000084638595,-0.0310000013560056,0.0099999997764825,0.0,0.0399999991059303,-0.0346871204674243,-0.1165281608700752,-9.772896766662598,-0.0008304860675707,0.0003267194842919,-0.0003130243276245,96.0,16.112001419067383,47.3979734,8.546162299999999,attack,27.27
1776211545.760907,2026-04-15T00:05:45.760907,normal_square,1,47.398234834066635,8.546548521438943,0.1880000084638595,-0.0310000013560056,0.0099999997764825,0.0,0.0399999991059303,-0.0346871204674243,-0.1165281608700752,-9.772896766662598,-0.0008304860675707,0.0003267194842919,-0.0003130243276245,96.0,16.112001419067383,47.3979734,8.546162299999999,attack,27.387
1776211545.8652,2026-04-15T00:05:45.865200,normal_square,1,47.398235829643546,8.546549992223339,0.1890000104904174,-0.0310000013560056,0.0099999997764825,0.0,0.0399999991059303,-0.0386015065014362,-0.1214997470378875,-9.78119945526123,0.0001477394398534,0.0008325187955051,0.000282744411379,96.0,16.112001419067383,47.3979734,8.546162299999999,attack,27.491
1776211545.9684246,2026-04-15T00:05:45.968425,normal_square,1,47.39823681501973,8.546551447938011,0.1890000104904174,-0.0310000013560056,0.0099999997764825,0.0,0.0399999991059303,-0.0386015065014362,-0.1214997470378875,-9.78119945526123,0.0001477394398534,0.0008325187955051,0.000282744411379,96.0,16.112001419067383,47.3979734,8.546162299999999,attack,27.594
1776211546.0728445,2026-04-15T00:05:46.072844,normal_square,1,47.39823781180743,8.54655292051114,0.1890000104904174,-0.0310000013560056,0.0099999997764825,0.0,0.0399999991059303,-0.0386015065014362,-0.1214997470378875,-9.78119945526123,0.0001477394398534,0.0008325187955051,0.000282744411379,96.0,16.112001419067383,47.3979734,8.546162299999999,attack,27.699
1776211546.195043,2026-04-15T00:05:46.195043,normal_square,1,47.39823897830912,8.546554643805907,0.1890000104904174,-0.0310000013560056,0.0199999995529651,0.0,0.0399999991059303,-0.0378418415784835,-0.1191268637776374,-9.77038860321045,-0.0005205963971093,0.0002110504428856,6.295067578321323e-05,96.0,16.112001419067383,47.3979734,8.546162299999999,attack,27.821
1776211546.2979352,2026-04-15T00:05:46.297935,normal_square,1,47.39823996051265,8.546556094833562,0.1890000104904174,-0.0310000013560056,0.0199999995529651,0.0,0.0399999991059303,-0.0378418415784835,-0.1191268637776374,-9.77038860321045,-0.0005205963971093,0.0002110504428856,6.295067578321323e-05,96.0,16.112001419067383,47.3979734,8.546162299999999,attack,27.924
1776211546.4020205,2026-04-15T00:05:46.402020,normal_square,1,47.39824095410494,8.546557562686054,0.1890000104904174,-0.0300000011920928,0.0199999995529651,0.0,0.0399999991059303,-0.0405763536691665,-0.1243873611092567,-9.76883602142334,-0.0010647934395819,0.0004780685412697,0.0001447537215426,96.0,16.112001419067383,47.3979734,8.546162299999999,attack,28.028
1776211546.5082936,2026-04-15T00:05:46.508294,normal_square,1,47.39824196858346,8.546559061394161,0.1890000104904174,-0.0300000011920928,0.0199999995529651,0.0,0.0399999991059303,-0.042383175343275,-0.1178016141057014,-9.776018142700195,-0.0010166008723899,0.0001032344807754,-0.0006167037063278,96.0,16.112001419067383,47.3979734,8.546162299999999,attack,28.134
1776211546.6099858,2026-04-15T00:05:46.609986,normal_square,1,47.39824293933223,8.546560495499477,0.1890000104904174,-0.0300000011920928,0.0199999995529651,0.0,0.0399999991059303,-0.042383175343275,-0.1178016141057014,-9.776018142700195,-0.0010166008723899,0.0001032344807754,-0.0006167037063278,96.0,16.112001419067383,47.3979734,8.546162299999999,attack,28.236
1776211546.7133534,2026-04-15T00:05:46.713353,normal_square,1,47.39824392607397,8.546562053231517,0.1900000125169754,-0.0300000011920928,0.0199999995529651,0.0,0.0399999991059303,-0.028797885403037,-0.1180550903081893,-9.764098167419434,-0.0008366962429136,-0.0004366189241409,-0.000257643056102,96.0,16.112001419067383,47.3979734,8.5461624,attack,28.339
1776211546.815173,2026-04-15T00:05:46.815173,normal_square,1,47.39824489803808,8.54656348913229,0.1900000125169754,-0.0300000011920928,0.0199999995529651,0.0,0.0399999991059303,-0.028797885403037,-0.1180550903081893,-9.764098167419434,-0.0008366962429136,-0.0004366189241409,-0.000257643056102,96.0,16.112001419067383,47.3979734,8.5461624,attack,28.441
1776211546.9307537,2026-04-15T00:05:46.930754,normal_square,1,47.39824600136672,8.54656511910033,0.1900000125169754,-0.0300000011920928,0.0199999995529651,0.0,0.0399999991059303,-0.0402445495128631,-0.1197178736329078,-9.76223850250244,-0.0002150615910068,-0.0002686734951566,0.0003539373283274,96.0,16.112001419067383,47.3979734,8.5461624,attack,28.557
1776211547.0604253,2026-04-15T00:05:47.060425,normal_square,1,47.39824723920522,8.546566947782312,0.1900000125169754,-0.0300000011920928,0.0199999995529651,0.0,0.0399999991059303,-0.0402445495128631,-0.1197178736329078,-9.76223850250244,-0.0002150615910068,-0.0002686734951566,0.0003539373283274,96.0,16.112001419067383,47.3979734,8.5461624,attack,28.686
1776211547.1669571,2026-04-15T00:05:47.166957,normal_square,1,47.39824825615313,8.54656845013849,0.1900000125169754,-0.0290000010281801,0.0199999995529651,0.0,0.0399999991059303,-0.0507909283041954,-0.1178197041153907,-9.772679328918455,-0.0005179631407372,-0.0003421648289076,-0.0002458372619003,96.0,16.112001419067383,47.3979734,8.5461624,attack,28.793
1776211547.274204,2026-04-15T00:05:47.274204,normal_square,1,47.39824927992656,8.546569962578138,0.1900000125169754,-0.0290000010281801,0.0199999995529651,0.0,0.0399999991059303,-0.0507909283041954,-0.1178197041153907,-9.772679328918455,-0.0005179631407372,-0.0003421648289076,-0.0002458372619003,96.0,16.112001419067383,47.3979734,8.5461624,attack,28.9
1776211547.38052,2026-04-15T00:05:47.380520,normal_square,1,47.39825029481475,8.546571461891455,0.1900000125169754,-0.0290000010281801,0.0199999995529651,0.0,0.0399999991059303,-0.0308400280773639,-0.1191423684358596,-9.771795272827148,0.001368639525026,0.000409460539231,0.0006890500662848,96.0,16.112001419067383,47.3979734,8.5461624,attack,29.007
1776211547.4866958,2026-04-15T00:05:47.486696,normal_square,1,47.39825140836242,8.546572959225172,0.1910000145435333,-0.0290000010281801,0.0199999995529651,0.0,0.0399999991059303,-0.0400743968784809,-0.1165355443954467,-9.76632595062256,0.0010371162788942,0.0001325742632616,0.0003580616903491,96.0,16.112001419067383,47.3979735,8.5461624,attack,29.113
1776211547.5876896,2026-04-15T00:05:47.587690,normal_square,1,47.39825237244498,8.54657438348238,0.1910000145435333,-0.0290000010281801,0.0199999995529651,0.0,0.0399999991059303,-0.0400743968784809,-0.1165355443954467,-9.76632595062256,0.0010371162788942,0.0001325742632616,0.0003580616903491,96.0,16.112001419067383,47.3979735,8.5461624,attack,29.214
1776211547.6907315,2026-04-15T00:05:47.690732,normal_square,1,47.398253356077795,8.54657583662155,0.1910000145435333,-0.0290000010281801,0.0199999995529651,0.0,0.0399999991059303,-0.0386553481221199,-0.1797495633363723,-9.808817863464355,-0.0034351996146142,0.000345630251104,0.0008852919563651,96.0,16.112001419067383,47.3979735,8.5461624,attack,29.317
1776211547.7934475,2026-04-15T00:05:47.793447,normal_square,1,47.398254336599415,8.546577285164487,0.1910000145435333,-0.0280000008642673,0.0199999995529651,0.0,0.0299999993294477,-0.0093771927058696,-0.1950875222682953,-9.890865325927734,-0.0138361286371946,-0.0005171218072064,-0.0017470463644713,96.0,16.112001419067383,47.3979735,8.5461624,attack,29.419
1776211547.8965104,2026-04-15T00:05:47.896510,normal_square,1,47.39825532043251,8.546578738599537,0.1910000145435333,-0.0280000008642673,0.0199999995529651,0.0,0.0299999993294477,-0.0093771927058696,-0.1950875222682953,-9.890865325927734,-0.0138361286371946,-0.0005171218072064,-0.0017470463644713,96.0,16.112001419067383,47.3979735,8.5461624,attack,29.523
1776211548.0009718,2026-04-15T00:05:48.000972,normal_square,1,47.39825631761623,8.546580211757703,0.1910000145435333,-0.0280000008642673,0.0199999995529651,0.0,0.0299999993294477,-0.0224424209445714,-0.1317738443613052,-10.031996726989746,-0.0484988465905189,-0.0029982537962496,-0.0046249758452177,96.0,16.112001419067383,47.3979735,8.5461624,attack,29.627
1776211548.1067684,2026-04-15T00:05:48.106768,normal_square,1,47.39825732754517,8.546581703744623,0.1910000145435333,-0.0280000008642673,0.0199999995529651,0.0,0.0299999993294477,-0.0224424209445714,-0.1317738443613052,-10.031996726989746,-0.0484988465905189,-0.0029982537962496,-0.0046249758452177,96.0,16.112001419067383,47.3979735,8.5461624,attack,29.733
1776211548.2113717,2026-04-15T00:05:48.211372,normal_square,1,47.39825832608306,8.546583178903346,0.19200000166893,-0.0280000008642673,0.0199999995529651,0.0,0.0299999993294477,-0.0381737016141414,-0.1085195690393447,-10.089255332946776,-0.0742865353822708,-0.0081520220264792,-0.0044911238364875,96.0,16.112001419067383,47.3979735,8.5461624,attack,29.837
1776211548.3149967,2026-04-15T00:05:48.314997,normal_square,1,47.39825931528281,8.546584640266644,0.19200000166893,-0.0280000008642673,0.0199999995529651,0.0,0.0299999993294477,-0.0381737016141414,-0.1085195690393447,-10.089255332946776,-0.0742865353822708,-0.0081520220264792,-0.0044911238364875,96.0,16.112001419067383,47.3979735,8.5461624,attack,29.941
1776211548.4200175,2026-04-15T00:05:48.420018,normal_square,1,47.39826031780586,8.546586121312714,0.19200000166893,-0.0270000007003545,0.0199999995529651,0.0,0.0199999995529651,-0.0374413765966892,-0.1127540692687034,-10.15843677520752,-0.090447649359703,-0.0147464144974946,-0.00500672403723,96.0,16.112001419067383,47.3979735,8.5461624,attack,30.046
1776211548.523845,2026-04-15T00:05:48.523845,normal_square,1,47.398261308937876,8.546587585530586,0.19200000166893,-0.0270000007003545,0.0199999995529651,0.0,0.0199999995529651,-0.0374413765966892,-0.1127540692687034,-10.15843677520752,-0.090447649359703,-0.0147464144974946,-0.00500672403723,96.0,16.112001419067383,47.3979735,8.5461624,attack,30.15
1776211548.626686,2026-04-15T00:05:48.626686,normal_square,1,47.39826229065435,8.546589035838718,0.1930000036954879,-0.0260000005364418,0.0199999995529651,0.0,0.0099999997764825,-0.0354445911943912,-0.1181656345725059,-10.232190132141112,-0.094702810049057,-0.0147274397313594,-0.0043165953829884,96.0,16.112001419067383,47.3979735,8.5461624,attack,30.253
1776211548.7324202,2026-04-15T00:05:48.732420,normal_square,1,47.39826329998699,8.54659052694472,0.1940000057220459,-0.0260000005364418,0.0199999995529651,0.0,0.0,-0.0375466160476207,-0.1097906827926635,-10.292398452758787,-0.0925518423318862,-0.0097989263013005,-0.0044476054608821,96.0,16.112001419067383,47.3979735,8.5461624,attack,30.358
1776211548.8347554,2026-04-15T00:05:48.834755,normal_square,1,47.39826427687395,8.5465919701181,0.1940000057220459,-0.0260000005364418,0.0199999995529651,0.0,0.0,-0.0375466160476207,-0.1097906827926635,-10.292398452758787,-0.0925518423318862,-0.0097989263013005,-0.0044476054608821,96.0,16.112001419067383,47.3979735,8.5461624,attack,30.461
1776211548.9434416,2026-04-15T00:05:48.943442,normal_square,1,47.39826531438718,8.546593502855817,0.1940000057220459,-0.025000000372529,0.0299999993294477,0.0,0.0,-0.039725087583065,-0.1175181344151496,-10.34558391571045,-0.0890414863824844,-0.0081571973860263,-0.0034961681813001,96.0,16.112001419067383,47.3979735,8.5461624,attack,30.569
1776211549.045041,2026-04-15T00:05:49.045041,normal_square,1,47.39826628425061,8.54659493565321,0.1940000057220459,-0.025000000372529,0.0299999993294477,0.0,0.0,-0.039725087583065,-0.1175181344151496,-10.34558391571045,-0.0890414863824844,-0.0081571973860263,-0.0034961681813001,96.0,16.112001419067383,47.3979735,8.5461624,attack,30.671
1776211549.15077,2026-04-15T00:05:49.150770,normal_square,1,47.39826729353318,8.546596426685243,0.1940000057220459,-0.025000000372529,0.0299999993294477,0.0,0.0,-0.039725087583065,-0.1175181344151496,-10.34558391571045,-0.0890414863824844,-0.0081571973860263,-0.0034961681813001,96.0,16.112001419067383,47.3979735,8.5461624,attack,30.777
1776211549.2764337,2026-04-15T00:05:49.276434,normal_square,1,47.398268493113264,8.546598198847349,0.1960000097751617,-0.0240000002086162,0.0299999993294477,0.0,-0.0099999997764825,-0.0398800931870937,-0.1142670065164566,-10.431325912475586,-0.0823331773281097,-0.0094165401533246,-0.0030407267622649,96.0,16.112001419067383,47.3979735,8.5461624,attack,30.902
1776211549.386763,2026-04-15T00:05:49.386763,normal_square,1,47.39826954631222,8.54659975475788,0.1970000118017196,-0.0220000017434358,0.0299999993294477,0.0,-0.0199999995529651,-0.0439571626484394,-0.1103984117507934,-10.453787803649902,-0.0717593729496002,-0.0082164322957396,-0.0032861875370144,96.0,16.112001419067383,47.3979735,8.5461624,attack,31.013
1776211549.5005782,2026-04-15T00:05:49.500578,normal_square,1,47.398270632785305,8.546601359824901,0.1990000158548355,-0.0200000014156103,0.0299999993294477,0.0,-0.0399999991059303,-0.0360096991062164,-0.111049398779869,-10.495963096618652,-0.0609199218451976,-0.005823150742799,-0.0026381437201052,96.0,16.112001419067383,47.3979735,8.5461624,attack,31.127
1776211549.6031013,2026-04-15T00:05:49.603101,normal_square,1,47.39827161146569,8.546602805647757,0.1990000158548355,-0.0200000014156103,0.0299999993294477,0.0,-0.0399999991059303,-0.0360096991062164,-0.111049398779869,-10.495963096618652,-0.0609199218451976,-0.005823150742799,-0.0026381437201052,96.0,16.112001419067383,47.3979735,8.5461624,attack,31.229
1776211549.7072518,2026-04-15T00:05:49.707252,normal_square,1,47.39827260568159,8.546604274421513,0.2010000050067901,-0.0190000012516975,0.0399999991059303,0.0,-0.0499999970197677,-0.0270786415785551,-0.1213991120457649,-10.516743659973145,-0.0507036969065666,-0.0047910227440297,-0.0030735214240849,96.0,16.112001419067383,47.3979735,8.5461624,attack,31.333
1776211549.8160722,2026-04-15T00:05:49.816072,normal_square,1,47.39827364447618,8.546605809052194,0.203000009059906,-0.0170000009238719,0.0399999991059303,0.0,-0.0599999986588954,-0.0365980379283428,-0.1096338853240013,-10.564592361450195,-0.0372845269739627,-0.005197508726269,-0.0023583346046507,96.0,16.112001419067383,47.3979735,8.5461624,attack,31.442
1776211549.91823,2026-04-15T00:05:49.918230,normal_square,1,47.398274619669834,8.546607249724039,0.203000009059906,-0.0170000009238719,0.0399999991059303,0.0,-0.0599999986588954,-0.0365980379283428,-0.1096338853240013,-10.564592361450195,-0.0372845269739627,-0.005197508726269,-0.0023583346046507,96.0,16.112001419067383,47.3979735,8.5461624,attack,31.544
1776211550.0217867,2026-04-15T00:05:50.021787,normal_square,1,47.39827560821639,8.546608710122365,0.2040000110864639,-0.0160000007599592,0.0399999991059303,0.0,-0.0700000002980232,-0.0358875542879104,-0.1065824851393699,-10.587547302246094,-0.0295128468424081,-0.0025812517851591,-0.0030750399455428,96.0,16.112001419067383,47.3979735,8.5461624,attack,31.648
1776211550.1278715,2026-04-15T00:05:50.127872,normal_square,1,47.39827662089693,8.546610206174277,0.2040000110864639,-0.0160000007599592,0.0399999991059303,0.0,-0.0700000002980232,-0.0358875542879104,-0.1065824851393699,-10.587547302246094,-0.0295128468424081,-0.0025812517851591,-0.0030750399455428,96.0,16.112001419067383,47.3979735,8.5461624,attack,31.754
1776211550.2333024,2026-04-15T00:05:50.233302,normal_square,1,47.398277627334586,8.546611693003463,0.2070000171661377,-0.0120000001043081,0.0399999991059303,0.0,-0.089999996125698,-0.0397225990891456,-0.1097999736666679,-10.56149673461914,-0.015499610453844,-0.0011742482893168,-0.0015047526685521,96.0,16.112001419067383,47.3979735,8.5461624,attack,31.859
1776211550.3343148,2026-04-15T00:05:50.334315,normal_square,1,47.39827859159467,8.546613117522929,0.2070000171661377,-0.0120000001043081,0.0399999991059303,0.0,-0.089999996125698,-0.0397225990891456,-0.1097999736666679,-10.56149673461914,-0.015499610453844,-0.0011742482893168,-0.0015047526685521,96.0,16.112001419067383,47.3979735,8.5461624,attack,31.96
1776211550.4364183,2026-04-15T00:05:50.436419,normal_square,1,47.39827966626942,8.546614557429034,0.2110000103712082,-0.0080000003799796,0.0499999970197677,0.0,-0.1099999994039535,-0.0404272973537445,-0.1099069863557815,-10.64768886566162,-0.0033180033788084,-0.000380650977604,-0.0020686876960098,96.0,16.112001419067383,47.3979736,8.5461624,attack,32.062
1776211550.5395622,2026-04-15T00:05:50.539562,normal_square,1,47.39828065087633,8.546616012007261,0.213000014424324,-0.006000000052154,0.0499999970197677,0.0,-0.1199999973177909,-0.0385512709617614,-0.1162654682993888,-10.69701099395752,0.0015957775758579,-5.574677925324068e-05,-0.001378858811222,96.0,16.112001419067383,47.3979736,8.5461624,attack,32.166
1776211550.6534176,2026-04-15T00:05:50.653418,normal_square,1,47.398281737734045,8.54661761764251,0.2200000137090683,0.0,0.0599999986588954,0.0,-0.1499999910593032,-0.0332501307129859,-0.1176139339804649,-10.708600044250488,0.0190298408269882,0.0010040130000561,-0.001546008279547,96.0,16.112001419067383,47.3979736,8.5461624,attack,32.279
1776211550.7561398,2026-04-15T00:05:50.756140,normal_square,1,47.39828271831484,8.54661906627287,0.2270000129938125,0.0070000002160668,0.0599999986588954,0.0,-0.1799999922513961,-0.0330026261508464,-0.1121056750416755,-10.718332290649414,0.0267629716545343,0.0038745896890759,-0.0005838635843247,96.0,16.112001419067383,47.3979736,8.5461624,attack,32.382
1776211550.8769844,2026-04-15T00:05:50.876984,normal_square,1,47.3982838718915,8.546620870473271,0.231000006198883,0.0110000008717179,0.0599999986588954,0.0,-0.199999988079071,-0.0359241887927055,-0.1081199645996093,-10.753758430480955,0.0360558405518531,0.0069539216347038,-0.0011634844122454,96.0,16.112001419067383,47.3979736,8.5461625,attack,32.503
1776211550.979435,2026-04-15T00:05:50.979435,normal_square,1,47.39828484988001,8.546622315273996,0.231000006198883,0.0110000008717179,0.0599999986588954,0.0,-0.199999988079071,-0.0359241887927055,-0.1081199645996093,-10.753758430480955,0.0360558405518531,0.0069539216347038,-0.0011634844122454,96.0,16.112001419067383,47.3979736,8.5461625,attack,32.605
1776211551.0829408,2026-04-15T00:05:51.082941,normal_square,1,47.39828583794179,8.54662377495616,0.2380000054836273,0.0170000009238719,0.0700000002980232,0.0099999997764825,-0.2199999988079071,-0.0351219587028026,-0.1135672256350517,-10.726560592651367,0.0434904843568801,0.0062519642524421,0.0004034051380585,96.0,16.112001419067383,47.3979736,8.5461625,attack,32.709
1776211551.1862571,2026-04-15T00:05:51.186257,normal_square,1,47.3982868241942,8.546625231965313,0.2380000054836273,0.0170000009238719,0.0700000002980232,0.0099999997764825,-0.2199999988079071,-0.0351219587028026,-0.1135672256350517,-10.726560592651367,0.0434904843568801,0.0062519642524421,0.0004034051380585,96.0,16.112001419067383,47.3979736,8.5461625,attack,32.812
1776211551.289347,2026-04-15T00:05:51.289347,normal_square,1,47.39828780828448,8.546626685780303,0.242000013589859,0.0220000017434358,0.0700000002980232,0.0099999997764825,-0.2299999892711639,-0.0349156446754932,-0.1103131473064422,-10.708138465881348,0.046560876071453,0.0048310905694961,-0.0006137185264378,96.0,16.112001419067383,47.3979736,8.5461625,attack,32.915
1776211551.392978,2026-04-15T00:05:51.392978,normal_square,1,47.39828879754113,8.546628147227661,0.242000013589859,0.0220000017434358,0.0700000002980232,0.0099999997764825,-0.2299999892711639,-0.0349156446754932,-0.1103131473064422,-10.708138465881348,0.046560876071453,0.0048310905694961,-0.0006137185264378,96.0,16.112001419067383,47.3979736,8.5461625,attack,33.019
1776211551.5018537,2026-04-15T00:05:51.501854,normal_square,1,47.398289936863726,8.54662968263928,0.2480000108480453,0.0280000008642673,0.0700000002980232,0.0099999997764825,-0.25,-0.0437325425446033,-0.1158214136958122,-10.723161697387695,0.050084188580513,0.0053063943050801,0.0002003191330004,96.0,16.112001419067383,47.3979737,8.5461625,attack,33.128
1776211551.6082232,2026-04-15T00:05:51.608223,normal_square,1,47.398290952261725,8.546631182705756,0.2560000121593475,0.0360000021755695,0.0799999982118606,0.0099999997764825,-0.2699999809265136,-0.0387824699282646,-0.1109443679451942,-10.697022438049316,0.0547670237720012,0.0074962372891604,0.0004731650406029,96.0,16.112001419067383,47.3979737,8.5461625,attack,33.234
1776211551.710121,2026-04-15T00:05:51.710121,normal_square,1,47.39829192497235,8.546632619709362,0.2560000121593475,0.0360000021755695,0.0799999982118606,0.0099999997764825,-0.2699999809265136,-0.0387824699282646,-0.1109443679451942,-10.697022438049316,0.0547670237720012,0.0074962372891604,0.0004731650406029,96.0,16.112001419067383,47.3979737,8.5461625,attack,33.336
1776211551.8216512,2026-04-15T00:05:51.821651,normal_square,1,47.39829298963517,8.54663419255569,0.2660000026226043,0.0450000017881393,0.0799999982118606,0.0099999997764825,-0.2899999916553497,-0.0428948514163494,-0.1132656559348106,-10.687201499938965,0.0567946434020996,0.0078438017517328,8.504298602929339e-05,96.0,16.112001419067383,47.3979737,8.5461625,attack,33.448
1776211551.928282,2026-04-15T00:05:51.928282,normal_square,1,47.398294007527596,8.546635696307222,0.2660000026226043,0.0450000017881393,0.0799999982118606,0.0099999997764825,-0.2899999916553497,-0.0428948514163494,-0.1132656559348106,-10.687201499938965,0.0567946434020996,0.0078438017517328,8.504298602929339e-05,96.0,16.112001419067383,47.3979737,8.5461625,attack,33.554
1776211552.046891,2026-04-15T00:05:52.046891,normal_square,1,47.398295139762844,8.546637368979555,0.2720000147819519,0.0520000010728836,0.0799999982118606,0.0099999997764825,-0.3100000023841858,-0.0359517000615596,-0.1158668845891952,-10.69576930999756,0.0575967691838741,0.0065345834009349,0.0002571923541836,96.0,16.112001419067383,47.3979737,8.5461625,attack,33.673
1776211552.149122,2026-04-15T00:05:52.149122,normal_square,1,47.398296115655214,8.546638810683625,0.2720000147819519,0.0520000010728836,0.0799999982118606,0.0099999997764825,-0.3100000023841858,-0.0359517000615596,-0.1158668845891952,-10.69576930999756,0.0575967691838741,0.0065345834009349,0.0002571923541836,96.0,16.112001419067383,47.3979737,8.5461625,attack,33.775
1776211552.25097,2026-04-15T00:05:52.250970,normal_square,1,47.398297087890164,8.546640246984516,0.2790000140666961,0.0580000020563602,0.0799999982118606,0.0099999997764825,-0.3199999928474426,-0.035988014191389,-0.1115907654166221,-10.69487476348877,0.0583364628255367,0.0054819900542497,-0.0013285670429468,96.0,16.112001419067383,47.3979737,8.5461625,attack,33.877
1776211552.3549669,2026-04-15T00:05:52.354967,normal_square,1,47.398298080640366,8.546641713592974,0.2790000140666961,0.0580000020563602,0.0799999982118606,0.0099999997764825,-0.3199999928474426,-0.035988014191389,-0.1115907654166221,-10.69487476348877,0.0583364628255367,0.0054819900542497,-0.0013285670429468,96.0,16.112001419067383,47.3979737,8.5461625,attack,33.981
1776211552.4629967,2026-04-15T00:05:52.462997,normal_square,1,47.39829921188796,8.54664323707526,0.2900000214576721,0.0700000002980232,0.0799999982118606,0.0099999997764825,-0.3499999940395355,-0.0436241999268531,-0.1180159971117973,-10.72260570526123,0.0584780760109424,0.007241001818329,-0.0001995413476834,96.0,16.112001419067383,47.3979738,8.5461625,attack,34.089
1776211552.5648766,2026-04-15T00:05:52.564877,normal_square,1,47.39830018442788,8.5466446738267,0.2980000078678131,0.0780000016093254,0.0799999982118606,0.0099999997764825,-0.3700000047683716,-0.0350962206721305,-0.1024107635021209,-10.69814109802246,0.058717843145132,0.0067760520614683,-0.0001501955994172,96.0,16.112001419067383,47.3979738,8.5461625,attack,34.191
1776211552.6668751,2026-04-15T00:05:52.666875,normal_square,1,47.39830115810122,8.546646112252553,0.2980000078678131,0.0780000016093254,0.0799999982118606,0.0099999997764825,-0.3700000047683716,-0.0350962206721305,-0.1024107635021209,-10.69814109802246,0.058717843145132,0.0067760520614683,-0.0001501955994172,96.0,16.112001419067383,47.3979738,8.5461625,attack,34.293
1776211552.7687826,2026-04-15T00:05:52.768783,normal_square,1,47.39830213090515,8.546647549394015,0.3100000023841858,0.0900000035762786,0.089999996125698,0.0099999997764825,-0.3899999856948852,-0.0407106541097164,-0.1098111644387245,-10.658183097839355,0.0584540404379367,0.0069823828525841,0.0003314154746476,96.0,16.112001419067383,47.3979738,8.5461625,attack,34.395
1776211552.8819833,2026-04-15T00:05:52.881983,normal_square,1,47.39830321151316,8.546649145796458,0.3180000185966491,0.0980000048875808,0.089999996125698,0.0099999997764825,-0.4099999964237213,-0.0426491014659404,-0.1058726906776428,-10.623881340026855,0.058124616742134,0.0078033967874944,-0.000214612140553,96.0,16.112001419067383,47.3979738,8.5461625,attack,34.508
1776211552.9898903,2026-04-15T00:05:52.989890,normal_square,1,47.39830424158865,8.546650667546263,0.3180000185966491,0.0980000048875808,0.089999996125698,0.0099999997764825,-0.4099999964237213,-0.0426491014659404,-0.1058726906776428,-10.623881340026855,0.058124616742134,0.0078033967874944,-0.000214612140553,96.0,16.112001419067383,47.3979738,8.5461625,attack,34.616
1776211553.0932715,2026-04-15T00:05:53.093271,normal_square,1,47.39830522846011,8.546652125469961,0.3180000185966491,0.0980000048875808,0.089999996125698,0.0099999997764825,-0.4099999964237213,-0.0426491014659404,-0.1058726906776428,-10.623881340026855,0.058124616742134,0.0078033967874944,-0.000214612140553,96.0,16.112001419067383,47.3979738,8.5461625,attack,34.719
1776211553.204438,2026-04-15T00:05:53.204438,normal_square,1,47.39830628964987,8.546653693185455,0.3180000185966491,0.0980000048875808,0.089999996125698,0.0099999997764825,-0.4099999964237213,-0.0426491014659404,-0.1058726906776428,-10.623881340026855,0.058124616742134,0.0078033967874944,-0.000214612140553,96.0,16.112001419067383,47.3979738,8.5461625,attack,34.83
1776211553.3111632,2026-04-15T00:05:53.311163,normal_square,1,47.398307308443556,8.546655198268452,0.3310000300407409,0.111000008881092,0.089999996125698,0.0099999997764825,-0.429999977350235,-0.0360735543072223,-0.1162864863872528,-10.607117652893066,0.0558245629072189,0.0070996149443089,-0.0002506242017261,96.0,16.112001419067383,47.3979738,8.5461625,attack,34.937
1776211553.4145677,2026-04-15T00:05:53.414567,normal_square,1,47.398308295538065,8.546656656521654,0.3310000300407409,0.111000008881092,0.089999996125698,0.0099999997764825,-0.429999977350235,-0.0360735543072223,-0.1162864863872528,-10.607117652893066,0.0558245629072189,0.0070996149443089,-0.0002506242017261,96.0,16.112001419067383,47.3979738,8.5461625,attack,35.041
1776211553.51714,2026-04-15T00:05:53.517140,normal_square,1,47.3983092746873,8.546658103037146,0.3400000035762787,0.1190000027418136,0.089999996125698,0.0099999997764825,-0.449999988079071,-0.0362284481525421,-0.1099217236042022,-10.612048149108888,0.0563317649066448,0.0070847696624696,0.0014659367734566,96.0,16.112001419067383,47.3979738,8.5461625,attack,35.143
1776211553.6222024,2026-04-15T00:05:53.622202,normal_square,1,47.39831027760864,8.546659584671621,0.3400000035762787,0.1190000027418136,0.089999996125698,0.0099999997764825,-0.449999988079071,-0.0399348326027393,-0.1088896095752716,-10.59170913696289,0.054607979953289,0.0047802473418414,0.0010150590678676,96.0,16.112001419067383,47.3979738,8.5461625,attack,35.248
1776211553.724867,2026-04-15T00:05:53.724867,normal_square,1,47.39831135764093,8.546661032492622,0.3490000069141388,0.1280000060796737,0.089999996125698,0.0099999997764825,-0.4599999785423279,-0.0399348326027393,-0.1088896095752716,-10.59170913696289,0.054607979953289,0.0047802473418414,0.0010150590678676,96.0,16.112001419067383,47.3979739,8.5461625,attack,35.351
1776211553.8298495,2026-04-15T00:05:53.829849,normal_square,1,47.39831235979755,8.546662512997377,0.3490000069141388,0.1280000060796737,0.089999996125698,0.0099999997764825,-0.4599999785423279,-0.0399348326027393,-0.1088896095752716,-10.59170913696289,0.054607979953289,0.0047802473418414,0.0010150590678676,96.0,16.112001419067383,47.3979739,8.5461625,attack,35.456
1776211553.9357965,2026-04-15T00:05:53.935796,normal_square,1,47.3983133711626,8.546664007105903,0.3630000054836273,0.1430000066757202,0.089999996125698,0.0099999997764825,-0.4899999797344208,-0.0457722246646881,-0.1081324219703674,-10.580121994018556,0.0521584749221801,0.0041297129355371,0.0009106189245358,96.0,16.112001419067383,47.3979739,8.5461625,attack,35.562
1776211554.0379882,2026-04-15T00:05:54.037988,normal_square,1,47.39831434667944,8.546665448255204,0.3630000054836273,0.1430000066757202,0.089999996125698,0.0099999997764825,-0.4899999797344208,-0.0457722246646881,-0.1081324219703674,-10.580121994018556,0.0521584749221801,0.0041297129355371,0.0009106189245358,96.0,16.112001419067383,47.3979739,8.5461625,attack,35.664
1776211554.141728,2026-04-15T00:05:54.141728,normal_square,1,47.398315336973916,8.54666691123577,0.3630000054836273,0.1430000066757202,0.089999996125698,0.0099999997764825,-0.4899999797344208,-0.0457722246646881,-0.1081324219703674,-10.580121994018556,0.0521584749221801,0.0041297129355371,0.0009106189245358,96.0,16.112001419067383,47.3979739,8.5461625,attack,35.768
1776211554.2464464,2026-04-15T00:05:54.246446,normal_square,1,47.39831633661108,8.546668388018483,0.3780000209808349,0.1570000052452087,0.089999996125698,0.0099999997764825,-0.5099999904632568,-0.0480482093989849,-0.1184392347931861,-10.564129829406738,0.0484939664602279,0.0018348437733948,0.0010701697319746,96.0,16.112001419067383,47.3979739,8.5461625,attack,35.872
1776211554.3519726,2026-04-15T00:05:54.351973,normal_square,1,47.398317343959114,8.546669876192592,0.3880000114440918,0.1670000106096267,0.089999996125698,0.0099999997764825,-0.5199999809265137,-0.0298011265695095,-0.1000815406441688,-10.566324234008787,0.0471478812396526,0.004457383416593,0.0006773049826733,96.0,16.112001419067383,47.3979739,8.5461625,attack,35.978
1776211554.4561937,2026-04-15T00:05:54.456194,normal_square,1,47.39831833884869,8.546671345961594,0.3880000114440918,0.1670000106096267,0.089999996125698,0.0099999997764825,-0.5199999809265137,-0.0298011265695095,-0.1000815406441688,-10.566324234008787,0.0471478812396526,0.004457383416593,0.0006773049826733,96.0,16.112001419067383,47.3979739,8.5461625,attack,36.082
1776211554.5598044,2026-04-15T00:05:54.559804,normal_square,1,47.39831932791188,8.546672807123167,0.4030000269412994,0.1820000112056732,0.089999996125698,0.0099999997764825,-0.5399999618530273,-0.0371051095426082,-0.1018044501543045,-10.580687522888184,0.0426969528198242,0.0020653672982007,0.0006888280622661,96.0,16.112001419067383,47.3979739,8.5461625,attack,36.186
1776211554.6719756,2026-04-15T00:05:54.671976,normal_square,1,47.39832039869241,8.5466743890073,0.4030000269412994,0.1820000112056732,0.089999996125698,0.0099999997764825,-0.5399999618530273,-0.0371051095426082,-0.1018044501543045,-10.580687522888184,0.0426969528198242,0.0020653672982007,0.0006888280622661,96.0,16.112001419067383,47.3979739,8.5461625,attack,36.298
1776211554.785602,2026-04-15T00:05:54.785602,normal_square,1,47.39832158336524,8.546675991415748,0.4130000174045563,0.1930000036954879,0.0799999982118606,0.0099999997764825,-0.5600000023841858,-0.0457209758460521,-0.1119001358747482,-10.55245876312256,0.041808471083641,0.0026472131721675,0.0010502592194825,96.0,16.112001419067383,47.397974,8.5461625,attack,36.412
1776211554.8907795,2026-04-15T00:05:54.890780,normal_square,1,47.398322587383575,8.546677474670847,0.4290000200271606,0.2090000063180923,0.0799999982118606,0.0099999997764825,-0.5799999833106995,-0.0315032489597797,-0.1063310354948043,-10.561930656433104,0.0403818450868129,0.0021653887815773,-0.0001990453456528,96.0,16.112001419067383,47.397974,8.5461625,attack,36.517
1776211555.0081437,2026-04-15T00:05:55.008144,normal_square,1,47.39832370773618,8.546679129788743,0.4290000200271606,0.2090000063180923,0.0799999982118606,0.0099999997764825,-0.5799999833106995,-0.0315032489597797,-0.1063310354948043,-10.561930656433104,0.0403818450868129,0.0021653887815773,-0.0001990453456528,96.0,16.112001419067383,47.397974,8.5461625,attack,36.634
1776211555.109787,2026-04-15T00:05:55.109787,normal_square,1,47.39832467801838,8.546680563204808,0.4290000200271606,0.2090000063180923,0.0799999982118606,0.0099999997764825,-0.5799999833106995,-0.0315032489597797,-0.1063310354948043,-10.561930656433104,0.0403818450868129,0.0021653887815773,-0.0001990453456528,96.0,16.112001419067383,47.397974,8.5461625,attack,36.736
1776211555.2182534,2026-04-15T00:05:55.218253,normal_square,1,47.39832571343321,8.54668209284252,0.4400000274181366,0.2200000137090683,0.0799999982118606,0.0099999997764825,-0.5899999737739563,-0.0384464375674724,-0.100907377898693,-10.546013832092283,0.0397682338953018,0.0021738929208368,0.0009916535345837,96.0,16.112001419067383,47.397974,8.5461625,attack,36.844
1776211555.3238592,2026-04-15T00:05:55.323859,normal_square,1,47.398326721541395,8.54668358213963,0.4400000274181366,0.2200000137090683,0.0799999982118606,0.0099999997764825,-0.5899999737739563,-0.0384464375674724,-0.100907377898693,-10.546013832092283,0.0397682338953018,0.0021738929208368,0.0009916535345837,93.0,16.052000045776367,47.397974,8.5461625,attack,36.95
1776211555.4350216,2026-04-15T00:05:55.435022,normal_square,1,47.39832778269246,8.546685149797973,0.4570000171661377,0.2370000183582306,0.0799999982118606,0.0099999997764825,-0.6100000143051147,-0.0493104420602321,-0.1119862124323844,-10.5466947555542,0.036830261349678,0.0009192005381919,0.0005606095655821,93.0,16.052000045776367,47.397974,8.5461625,attack,37.061
1776211555.538952,2026-04-15T00:05:55.538952,normal_square,1,47.39832877480767,8.546686615468364,0.4690000116825104,0.2490000128746032,0.0799999982118606,0.0099999997764825,-0.6200000047683716,-0.0337086357176303,-0.114827461540699,-10.577824592590332,0.0329973176121711,0.0014969664625823,0.000294991681585,93.0,16.052000045776367,47.397974,8.5461625,attack,37.165
1776211555.6409254,2026-04-15T00:05:55.640925,normal_square,1,47.39832974823977,8.546688053537821,0.4690000116825104,0.2490000128746032,0.0799999982118606,0.0099999997764825,-0.6200000047683716,-0.0337086357176303,-0.114827461540699,-10.577824592590332,0.0329973176121711,0.0014969664625823,0.000294991681585,93.0,16.052000045776367,47.397974,8.5461625,attack,37.267
1776211555.7480829,2026-04-15T00:05:55.748083,normal_square,1,47.39833077115972,8.546689564716631,0.4810000360012054,0.2610000073909759,0.0799999982118606,0.0,-0.6399999856948853,-0.0434904471039772,-0.1094437092542648,-10.535592079162598,0.0299327634274959,0.0010356942657381,0.0001739691215334,93.0,16.052000045776367,47.397974,8.5461625,attack,37.374
1776211555.8570726,2026-04-15T00:05:55.857073,normal_square,1,47.398331811570216,8.546691101734542,0.4940000176429748,0.2730000019073486,0.0799999982118606,0.0,-0.6499999761581421,-0.0297965873032808,-0.1012804061174392,-10.554978370666504,0.0302139446139335,0.0017073173075914,0.0009232187876477,93.0,16.052000045776367,47.397974,8.5461625,attack,37.483
1776211555.9640598,2026-04-15T00:05:55.964060,normal_square,1,47.39833283286516,8.546692610512686,0.4940000176429748,0.2730000019073486,0.0799999982118606,0.0,-0.6499999761581421,-0.0297965873032808,-0.1012804061174392,-10.554978370666504,0.0302139446139335,0.0017073173075914,0.0009232187876477,93.0,16.052000045776367,47.397974,8.5461625,attack,37.59
1776211556.0908957,2026-04-15T00:05:56.090896,normal_square,1,47.39833414363372,8.546694399204773,0.5120000243186951,0.2920000255107879,0.0700000002980232,0.0,-0.6699999570846558,-0.035414982587099,-0.118318386375904,-10.54530906677246,0.0261078290641307,0.0001834042195696,-0.000260147236986,93.0,16.052000045776367,47.3979741,8.5461625,attack,37.717
1776211556.1962297,2026-04-15T00:05:56.196230,normal_square,1,47.39833514914735,8.54669588466889,0.5120000243186951,0.2920000255107879,0.0700000002980232,0.0,-0.6699999570846558,-0.035414982587099,-0.118318386375904,-10.54530906677246,0.0261078290641307,0.0001834042195696,-0.000260147236986,93.0,16.052000045776367,47.3979741,8.5461625,attack,37.822
1776211556.301924,2026-04-15T00:05:56.301924,normal_square,1,47.39833615809991,8.54669737521341,0.5370000004768372,0.3160000145435333,0.0700000002980232,0.0,-0.6899999976158142,-0.032863363623619,-0.1126769110560417,-10.620017051696776,0.0245571248233318,-0.00119035737589,-0.0006696416530758,93.0,16.052000045776367,47.3979741,8.5461625,attack,37.928
1776211556.403949,2026-04-15T00:05:56.403949,normal_square,1,47.39833713202588,8.546698814012483,0.550000011920929,0.3290000259876251,0.0700000002980232,0.0,-0.7099999785423279,-0.0362111739814281,-0.1138388961553573,-10.6226806640625,0.0228917449712753,-0.000192350213183,-0.0001097677886718,93.0,16.052000045776367,47.3979741,8.5461625,attack,38.03
1776211556.5058908,2026-04-15T00:05:56.505891,normal_square,1,47.39833810515754,8.546700251638123,0.550000011920929,0.3290000259876251,0.0700000002980232,0.0,-0.7099999785423279,-0.0314838364720344,-0.1116794720292091,-10.57993984222412,0.0196194276213645,-0.0006896927370689,0.0007355080451816,93.0,16.052000045776367,47.3979741,8.5461625,attack,38.132
1776211556.6158905,2026-04-15T00:05:56.615890,normal_square,1,47.39833915520889,8.546701802898642,0.5720000267028809,0.3520000278949737,0.0599999986588954,0.0,-0.7299999594688416,-0.0314838364720344,-0.1116794720292091,-10.57993984222412,0.0196194276213645,-0.0006896927370689,0.0007355080451816,93.0,16.052000045776367,47.3979741,8.5461625,attack,38.242
1776211556.7196567,2026-04-15T00:05:56.719657,normal_square,1,47.39834014575598,8.546703266252427,0.5860000252723694,0.3660000264644623,0.0599999986588954,0.0,-0.75,-0.0347410254180431,-0.1102922856807708,-10.561768531799316,0.0177680235356092,-0.0011547154281288,0.0006662587402388,93.0,16.052000045776367,47.3979741,8.5461625,attack,38.346
1776211556.8220017,2026-04-15T00:05:56.822001,normal_square,1,47.39834112273625,8.546704709563677,0.6070000529289246,0.3860000073909759,0.0599999986588954,0.0,-0.7599999904632568,-0.0404316894710063,-0.1098435223102569,-10.560246467590332,0.0152810765430331,-0.0008863593102432,-0.0005651112296618,93.0,16.052000045776367,47.3979741,8.5461625,attack,38.448
1776211556.9239068,2026-04-15T00:05:56.923907,normal_square,1,47.39834209551742,8.546706146671525,0.6070000529289246,0.3860000073909759,0.0599999986588954,0.0,-0.7599999904632568,-0.0404316894710063,-0.1098435223102569,-10.560246467590332,0.0152810765430331,-0.0008863593102432,-0.0005651112296618,93.0,16.052000045776367,47.3979741,8.5461625,attack,38.55
1776211557.03769,2026-04-15T00:05:57.037690,normal_square,1,47.39834318168553,8.54670775128802,0.6210000514984131,0.4000000059604645,0.0599999986588954,0.0,-0.7799999713897705,-0.0386461541056633,-0.1096971035003662,-10.538278579711914,0.0133894430473446,-0.0005262348568066,0.0001663066941546,93.0,16.052000045776367,47.3979741,8.5461625,attack,38.664
1776211557.1507485,2026-04-15T00:05:57.150748,normal_square,1,47.39834426093708,8.546709345686555,0.6210000514984131,0.4000000059604645,0.0599999986588954,0.0,-0.7799999713897705,-0.0386461541056633,-0.1096971035003662,-10.538278579711914,0.0133894430473446,-0.0005262348568066,0.0001663066941546,93.0,16.052000045776367,47.3979741,8.5461625,attack,38.777
1776211557.2611856,2026-04-15T00:05:57.261186,normal_square,1,47.39834531516476,8.546710903116853,0.6210000514984131,0.4000000059604645,0.0599999986588954,0.0,-0.7799999713897705,-0.0386461541056633,-0.1096971035003662,-10.538278579711914,0.0133894430473446,-0.0005262348568066,0.0001663066941546,93.0,16.052000045776367,47.3979741,8.5461625,attack,38.887
1776211557.367633,2026-04-15T00:05:57.367633,normal_square,1,47.39834633130699,8.546712404282806,0.6350000500679016,0.4150000214576721,0.0499999970197677,0.0,-0.7899999618530273,-0.040362425148487,-0.1058148518204689,-10.505000114440918,0.0117228459566831,-0.0031267858576029,1.453086588298902e-05,93.0,16.052000045776367,47.3979741,8.5461625,attack,38.994
1776211557.4689872,2026-04-15T00:05:57.468987,normal_square,1,47.39834729882848,8.546713833620432,0.6350000500679016,0.4150000214576721,0.0499999970197677,0.0,-0.7899999618530273,-0.040362425148487,-0.1058148518204689,-10.505000114440918,0.0117228459566831,-0.0031267858576029,1.453086588298902e-05,93.0,16.052000045776367,47.3979741,8.5461625,attack,39.095
1776211557.573425,2026-04-15T00:05:57.573425,normal_square,1,47.39834829578688,8.54671530644575,0.6490000486373901,0.4290000200271606,0.0499999970197677,0.0,-0.7999999523162842,-0.0457592047750949,-0.1164348870515823,-10.553691864013672,0.0096921641379594,-0.0017611323855817,0.0001071347069228,93.0,16.052000045776367,47.3979741,8.5461625,attack,39.199
1776211557.6797466,2026-04-15T00:05:57.679747,normal_square,1,47.39834931072742,8.54671680583642,0.6720000505447388,0.4520000219345093,0.0499999970197677,0.0,-0.8199999928474426,-0.0404255352914333,-0.1123866662383079,-10.561934471130373,0.0075301900506019,-0.0010507036931812,0.000173600463313,93.0,16.052000045776367,47.3979741,8.5461625,attack,39.306
1776211557.7828894,2026-04-15T00:05:57.782889,normal_square,1,47.398350295322956,8.54671826039785,0.6720000505447388,0.4520000219345093,0.0499999970197677,0.0,-0.8199999928474426,-0.0404255352914333,-0.1123866662383079,-10.561934471130373,0.0075301900506019,-0.0010507036931812,0.000173600463313,93.0,16.052000045776367,47.3979741,8.5461625,attack,39.409
1776211557.8887577,2026-04-15T00:05:57.888757,normal_square,1,47.39835140593695,8.546719753397888,0.687000036239624,0.4670000076293945,0.0499999970197677,0.0,-0.8299999833106995,-0.0358598530292511,-0.1085586324334144,-10.55134391784668,0.0074320216663181,0.0007230599876493,0.0010176709620282,93.0,16.052000045776367,47.3979742,8.5461625,attack,39.515
1776211557.997003,2026-04-15T00:05:57.997003,normal_square,1,47.39835243924198,8.546721279918776,0.687000036239624,0.4670000076293945,0.0499999970197677,0.0,-0.8299999833106995,-0.0358598530292511,-0.1085586324334144,-10.55134391784668,0.0074320216663181,0.0007230599876493,0.0010176709620282,93.0,16.052000045776367,47.3979742,8.5461625,attack,39.623
1776211558.1009157,2026-04-15T00:05:58.100916,normal_square,1,47.39835343118651,8.546722745337,0.7110000252723694,0.4910000264644623,0.0399999991059303,0.0,-0.8499999642372131,-0.0336119346320629,-0.1108838617801666,-10.52082347869873,0.0061463247984647,-0.0015375879593193,-0.0002396501367911,93.0,16.052000045776367,47.3979742,8.5461625,attack,39.727
1776211558.2031326,2026-04-15T00:05:58.203133,normal_square,1,47.3983544069446,8.54672418684271,0.7110000252723694,0.4910000264644623,0.0399999991059303,0.0,-0.8499999642372131,-0.0336119346320629,-0.1108838617801666,-10.52082347869873,0.0061463247984647,-0.0015375879593193,-0.0002396501367911,93.0,16.052000045776367,47.3979742,8.5461625,attack,39.829
1776211558.305098,2026-04-15T00:05:58.305098,normal_square,1,47.39835538030158,8.546725624801217,0.7110000252723694,0.4910000264644623,0.0399999991059303,0.0,-0.8499999642372131,-0.0336119346320629,-0.1108838617801666,-10.52082347869873,0.0061463247984647,-0.0015375879593193,-0.0002396501367911,93.0,16.052000045776367,47.3979742,8.5461625,attack,39.931
1776211558.4094083,2026-04-15T00:05:58.409408,normal_square,1,47.39835637604236,8.546727095827721,0.7110000252723694,0.4910000264644623,0.0399999991059303,0.0,-0.8499999642372131,-0.0336119346320629,-0.1108838617801666,-10.52082347869873,0.0061463247984647,-0.0015375879593193,-0.0002396501367911,93.0,16.052000045776367,47.3979742,8.5461625,attack,40.035
1776211558.5128467,2026-04-15T00:05:58.512847,normal_square,1,47.39835736346004,8.546728654558375,0.7510000467300415,0.5300000309944153,0.0299999993294477,0.0,-0.8899999856948853,-0.0296888500452041,-0.1215527206659317,-10.51225757598877,0.0008816290646791,-0.0009933811379596,0.0003122063935734,93.0,16.052000045776367,47.3979742,8.546162599999999,attack,40.139
1776211558.616005,2026-04-15T00:05:58.616005,normal_square,1,47.398358348203516,8.546730109338355,0.7670000195503235,0.5460000038146973,0.0299999993294477,0.0,-0.8999999761581421,-0.0341581180691719,-0.1171923801302909,-10.557777404785156,-0.0021393648348748,-0.0014777886681258,0.0005023016128689,93.0,16.052000045776367,47.3979742,8.546162599999999,attack,40.242
1776211558.7171988,2026-04-15T00:05:58.717199,normal_square,1,47.39835931419558,8.546731536416535,0.7670000195503235,0.5460000038146973,0.0299999993294477,0.0,-0.8999999761581421,-0.0341581180691719,-0.1171923801302909,-10.557777404785156,-0.0021393648348748,-0.0014777886681258,0.0005023016128689,93.0,16.052000045776367,47.3979742,8.546162599999999,attack,40.343
1776211558.8217742,2026-04-15T00:05:58.821774,normal_square,1,47.3983603124672,8.54673301118189,0.7830000519752502,0.5630000233650208,0.0299999993294477,0.0,-0.9099999666213988,-0.0311958082020282,-0.113203689455986,-10.531270027160645,-0.0028774910606443,-0.0018542720936238,0.001304819015786,93.0,16.052000045776367,47.3979742,8.546162599999999,attack,40.448
1776211558.935945,2026-04-15T00:05:58.935945,normal_square,1,47.39836140233597,8.54673462126545,0.7830000519752502,0.5630000233650208,0.0299999993294477,0.0,-0.9099999666213988,-0.0311958082020282,-0.113203689455986,-10.531270027160645,-0.0028774910606443,-0.0018542720936238,0.001304819015786,93.0,16.052000045776367,47.3979742,8.546162599999999,attack,40.562
1776211559.0466106,2026-04-15T00:05:59.046611,normal_square,1,47.39836245874399,8.546736181916813,0.8080000281333923,0.5870000123977661,0.0299999993294477,0.0,-0.9300000071525574,-0.0327690877020359,-0.120903231203556,-10.56348705291748,-0.0015320696402341,-0.0003476419660728,0.0013347344938665,93.0,16.052000045776367,47.3979742,8.546162599999999,attack,40.673
1776211559.15489,2026-04-15T00:05:59.154890,normal_square,1,47.398363492374486,8.546737708918505,0.8080000281333923,0.5870000123977661,0.0299999993294477,0.0,-0.9300000071525574,-0.0375543087720871,-0.1155879721045494,-10.564614295959473,-0.0049535613507032,-0.0013694434892386,0.0010187020525336,93.0,16.052000045776367,47.3979742,8.546162599999999,attack,40.781
1776211559.2647605,2026-04-15T00:05:59.264760,normal_square,1,47.39836444119227,8.54673915835558,0.8540000319480896,0.6340000033378601,0.0199999995529651,0.0,-0.959999978542328,-0.0294097997248172,-0.1181537806987762,-10.527073860168455,-0.0081907454878091,0.000834749371279,-0.0006929043447598,93.0,16.052000045776367,47.3979741,8.5461625,attack,40.891
1776211559.3658755,2026-04-15T00:05:59.365876,normal_square,1,47.398365406431004,8.546740584320842,0.8540000319480896,0.6340000033378601,0.0199999995529651,0.0,-0.959999978542328,-0.0294097997248172,-0.1181537806987762,-10.527073860168455,-0.0081907454878091,0.000834749371279,-0.0006929043447598,93.0,16.052000045776367,47.3979741,8.5461625,attack,40.992
1776211559.4695346,2026-04-15T00:05:59.469535,normal_square,1,47.39836639595621,8.546742046164963,0.8540000319480896,0.6340000033378601,0.0199999995529651,0.0,-0.959999978542328,-0.0350027941167354,-0.113573282957077,-10.535933494567873,-0.0094052944332361,-0.0013298321282491,0.000913557189051,93.0,16.052000045776367,47.3979741,8.5461625,attack,41.096
1776211559.588879,2026-04-15T00:05:59.588879,normal_square,1,47.39836753521271,8.546743729209934,0.9420000314712524,0.7220000624656677,0.0,0.0,-1.0299999713897705,-0.0370644927024841,-0.1246215030550956,-10.479056358337402,-0.0142041649669408,0.0015024765161797,0.0008129923953674,93.0,16.052000045776367,47.3979741,8.5461625,attack,41.215
1776211559.6985042,2026-04-15T00:05:59.698504,normal_square,1,47.398368581688565,8.546745275188316,0.9600000381469728,0.7400000095367432,0.0,0.0,-1.0399999618530271,-0.042684830725193,-0.1188649237155914,-10.448925018310549,-0.0183586161583662,0.0005655052373185,0.0004434130678419,93.0,16.052000045776367,47.3979741,8.5461625,attack,41.325
1776211559.8000782,2026-04-15T00:05:59.800078,normal_square,1,47.39836955130846,8.546746707625962,0.9600000381469728,0.7400000095367432,0.0,0.0,-1.0399999618530271,-0.042684830725193,-0.1188649237155914,-10.448925018310549,-0.0183586161583662,0.0005655052373185,0.0004434130678419,93.0,16.052000045776367,47.3979741,8.5461625,attack,41.426
1776211559.906062,2026-04-15T00:05:59.906062,normal_square,1,47.39837056302401,8.546748202252285,0.9780000448226928,0.7580000162124634,0.0,0.0,-1.0499999523162842,-0.040637120604515,-0.1195141822099685,-10.34511947631836,-0.0190908648073673,-0.000472669082228,-0.001395070226863,93.0,16.052000045776367,47.3979741,8.5461625,attack,41.532
1776211560.0139034,2026-04-15T00:06:00.013903,normal_square,1,47.398371592473616,8.546749723077472,0.9780000448226928,0.7580000162124634,0.0,0.0,-1.0499999523162842,-0.040637120604515,-0.1195141822099685,-10.34511947631836,-0.0190908648073673,-0.000472669082228,-0.001395070226863,93.0,16.052000045776367,47.3979741,8.5461625,attack,41.64
1776211560.117512,2026-04-15T00:06:00.117512,normal_square,1,47.39837258151632,8.54675118420879,1.00600004196167,0.7860000133514404,0.0,0.0,-1.059999942779541,-0.0425019487738609,-0.1152746602892875,-10.28190803527832,-0.0194872710853815,-0.0010127013083547,-0.0003174026787746,93.0,16.052000045776367,47.3979741,8.5461625,attack,41.744
1776211560.2190456,2026-04-15T00:06:00.219046,normal_square,1,47.39837355075159,8.546752616078212,1.00600004196167,0.7860000133514404,0.0,0.0,-1.059999942779541,-0.0425019487738609,-0.1152746602892875,-10.28190803527832,-0.0194872710853815,-0.0010127013083547,-0.0003174026787746,93.0,16.052000045776367,47.3979741,8.5461625,attack,41.845
1776211560.321214,2026-04-15T00:06:00.321214,normal_square,1,47.398374526045394,8.546754056898015,1.0380001068115234,0.8180000185966492,0.0,0.0,-1.069999933242798,-0.0447773970663547,-0.1119159758090972,-10.100695610046388,-0.0194307118654251,-0.0032985610887408,0.0002180494775529,93.0,16.052000045776367,47.3979741,8.5461625,attack,41.947
1776211560.4260936,2026-04-15T00:06:00.426094,normal_square,1,47.39837552722109,8.546755535953633,1.0470000505447388,0.8270000219345093,0.0,0.0,-1.069999933242798,-0.0363916009664535,-0.1177154034376144,-10.034785270690918,-0.0197516474872827,-0.0007853005081415,-0.0002988619089592,93.0,16.052000045776367,47.3979741,8.5461625,attack,42.052
1776211560.5298717,2026-04-15T00:06:00.529871,normal_square,1,47.398376517881985,8.54675699947553,1.0470000505447388,0.8270000219345093,0.0,0.0,-1.069999933242798,-0.0371135063469409,-0.1237252354621887,-9.93480396270752,-0.0194590166211128,-0.0032631438225507,0.0005282967467792,93.0,16.052000045776367,47.3979741,8.5461625,attack,42.156
1776211560.6311011,2026-04-15T00:06:00.631101,normal_square,1,47.39837748421317,8.546758427054685,1.0660001039505005,0.8460000157356262,0.0,0.0,-1.079999923706055,-0.0371135063469409,-0.1237252354621887,-9.93480396270752,-0.0194590166211128,-0.0032631438225507,0.0005282967467792,93.0,16.052000045776367,47.3979741,8.5461625,attack,42.257
1776211560.7381065,2026-04-15T00:06:00.738106,normal_square,1,47.39837850568108,8.546759936088367,1.0940001010894775,0.8730000257492065,0.0,0.0,-1.079999923706055,-0.0417591817677021,-0.1203273832798004,-9.87134075164795,-0.0183365680277347,-0.0007516259793192,-0.0003808136680163,93.0,16.052000045776367,47.3979741,8.5461625,attack,42.364
1776211560.8440976,2026-04-15T00:06:00.844098,normal_square,1,47.39837951746718,8.54676143081892,1.0940001010894775,0.8730000257492065,0.0,0.0,-1.079999923706055,-0.0417591817677021,-0.1203273832798004,-9.87134075164795,-0.0183365680277347,-0.0007516259793192,-0.0003808136680163,93.0,16.052000045776367,47.3979741,8.5461625,attack,42.47
1776211560.9649167,2026-04-15T00:06:00.964917,normal_square,1,47.398380670800314,8.546763134659576,1.1220000982284546,0.9010000228881836,-0.0099999997764825,0.0,-1.079999923706055,-0.0397217646241188,-0.1191422194242477,-9.81888198852539,-0.0207034423947334,-0.0006179069750942,0.000252483820077,93.0,16.052000045776367,47.3979741,8.5461625,attack,42.591
1776211561.072022,2026-04-15T00:06:01.072022,normal_square,1,47.39838169322184,8.546764645102051,1.1220000982284546,0.9010000228881836,-0.0099999997764825,0.0,-1.079999923706055,-0.0397217646241188,-0.1191422194242477,-9.81888198852539,-0.0207034423947334,-0.0006179069750942,0.000252483820077,93.0,16.052000045776367,47.3979741,8.5461625,attack,42.698
1776211561.1731243,2026-04-15T00:06:01.173124,normal_square,1,47.398382658339955,8.546766070889113,1.1220000982284546,0.9010000228881836,-0.0099999997764825,0.0,-1.079999923706055,-0.0397217646241188,-0.1191422194242477,-9.81888198852539,-0.0207034423947334,-0.0006179069750942,0.000252483820077,93.0,16.052000045776367,47.3979741,8.5461625,attack,42.799
1776211561.281838,2026-04-15T00:06:01.281838,normal_square,1,47.39838359611492,8.546767604012361,1.1410000324249268,0.9200000166893004,-0.0099999997764825,0.0,-1.079999923706055,-0.0402129478752613,-0.1135504469275474,-9.796520233154297,-0.0205634534358978,-0.0010203648125752,0.0005209136288613,93.0,16.052000045776367,47.397974,8.5461625,attack,42.908
1776211561.3878386,2026-04-15T00:06:01.387839,normal_square,1,47.39838460799205,8.546769098877403,1.1410000324249268,0.9200000166893004,-0.0099999997764825,0.0,-1.079999923706055,-0.0402129478752613,-0.1135504469275474,-9.796520233154297,-0.0205634534358978,-0.0010203648125752,0.0005209136288613,93.0,16.052000045776367,47.397974,8.5461625,attack,43.014
1776211561.4949937,2026-04-15T00:06:01.494994,normal_square,1,47.39838563088925,8.546770610022591,1.159000039100647,0.9390000700950624,-0.0099999997764825,0.0,-1.079999923706055,-0.0321930274367332,-0.1130654886364936,-9.822925567626951,-0.0197421014308929,-0.0008406841079704,-0.0004824108327738,93.0,16.052000045776367,47.397974,8.5461625,attack,43.121
1776211561.6020565,2026-04-15T00:06:01.602056,normal_square,1,47.39838665290566,8.546772119866578,1.187000036239624,0.9670000672340392,-0.0099999997764825,0.0,-1.079999923706055,-0.0351449772715568,-0.1118482798337936,-9.847599029541016,-0.0206435825675725,-0.0018819415709003,0.0002227606019005,93.0,16.052000045776367,47.397974,8.5461625,attack,43.228
1776211561.7170014,2026-04-15T00:06:01.717001,normal_square,1,47.39838775016439,8.546773740867446,1.2160000801086426,0.9960000514984132,-0.0199999995529651,0.0,-1.090000033378601,-0.0419907160103321,-0.118646964430809,-9.875215530395508,-0.0195824839174747,-0.0021777406800538,0.0005693974089808,93.0,16.052000045776367,47.397974,8.5461625,attack,43.343
1776211561.8180475,2026-04-15T00:06:01.818048,normal_square,1,47.39838871474537,8.546775165861007,1.2160000801086426,0.9960000514984132,-0.0199999995529651,0.0,-1.090000033378601,-0.0419907160103321,-0.118646964430809,-9.875215530395508,-0.0195824839174747,-0.0021777406800538,0.0005693974089808,93.0,16.052000045776367,47.397974,8.5461625,attack,43.444
1776211561.9193528,2026-04-15T00:06:01.919353,normal_square,1,47.3983896818003,8.546776594509364,1.2260000705718994,1.0049999952316284,-0.0199999995529651,0.0,-1.090000033378601,-0.0375745184719562,-0.1167765036225318,-9.896371841430664,-0.0184383876621723,-0.0022758180275559,0.0001050626451615,93.0,16.052000045776367,47.397974,8.5461625,attack,43.545
1776211562.0283484,2026-04-15T00:06:02.028348,normal_square,1,47.39839072226769,8.546778131611331,1.2260000705718994,1.0049999952316284,-0.0199999995529651,0.0,-1.090000033378601,-0.0375745184719562,-0.1167765036225318,-9.896371841430664,-0.0184383876621723,-0.0022758180275559,0.0001050626451615,93.0,16.052000045776367,47.397974,8.5461625,attack,43.654
1776211562.129951,2026-04-15T00:06:02.129951,normal_square,1,47.39839169216071,8.546779564452448,1.255000114440918,1.034000039100647,-0.0199999995529651,0.0,-1.090000033378601,-0.0378429368138313,-0.1205328553915023,-9.906018257141112,-0.0208092369139194,-0.001830625697039,-0.0002363794046686,93.0,16.052000045776367,47.397974,8.5461625,attack,43.756
1776211562.2342994,2026-04-15T00:06:02.234299,normal_square,1,47.39839268826563,8.54678103601691,1.27400004863739,1.0540000200271606,-0.0199999995529651,0.0,-1.090000033378601,-0.0363414175808429,-0.1262989938259124,-9.913654327392578,-0.0225909054279327,-0.0010799705050885,0.0001099588989745,93.0,16.052000045776367,47.397974,8.5461625,attack,43.86
1776211562.3399582,2026-04-15T00:06:02.339958,normal_square,1,47.39839369687908,8.546782526060447,1.27400004863739,1.0540000200271606,-0.0199999995529651,0.0,-1.090000033378601,-0.0363414175808429,-0.1262989938259124,-9.913654327392578,-0.0225909054279327,-0.0010799705050885,0.0001099588989745,93.0,16.052000045776367,47.397974,8.5461625,attack,43.966
1776211562.4480476,2026-04-15T00:06:02.448048,normal_square,1,47.398394728695656,8.5467840503824,1.2940000295639038,1.0730000734329224,-0.0199999995529651,0.0,-1.100000023841858,-0.0320688746869564,-0.1193663030862808,-9.900152206420898,-0.0231028087437152,0.0009134446154348,0.00131691317074,93.0,16.052000045776367,47.397974,8.5461625,attack,44.074
1776211562.551901,2026-04-15T00:06:02.551901,normal_square,1,47.398395620075746,8.54678551496559,1.3220000267028809,1.1019999980926514,-0.0199999995529651,0.0,-1.100000023841858,-0.0345309562981128,-0.1135555654764175,-9.957745552062988,-0.0211168341338634,-0.0020768996328115,0.0009821199346333,93.0,16.052000045776367,47.3979739,8.5461625,attack,44.178
1776211562.6572568,2026-04-15T00:06:02.657257,normal_square,1,47.39839662579648,8.546787000735671,1.3220000267028809,1.1019999980926514,-0.0199999995529651,0.0,-1.100000023841858,-0.0345309562981128,-0.1135555654764175,-9.957745552062988,-0.0211168341338634,-0.0020768996328115,0.0009821199346333,93.0,16.052000045776367,47.3979739,8.5461625,attack,44.283
1776211562.762962,2026-04-15T00:06:02.762962,normal_square,1,47.39839763485374,8.54678849143485,1.3830000162124634,1.162000060081482,-0.0299999993294477,0.0,-1.1100000143051147,-0.0321519672870636,-0.1244951635599136,-9.921043395996094,-0.0218631830066442,-0.0005876799696125,0.0003234714386053,93.0,16.052000045776367,47.3979739,8.5461625,attack,44.389
1776211562.864856,2026-04-15T00:06:02.864856,normal_square,1,47.39839860752794,8.546789928384666,1.3830000162124634,1.162000060081482,-0.0299999993294477,0.0,-1.1100000143051147,-0.0321519672870636,-0.1244951635599136,-9.921043395996094,-0.0218631830066442,-0.0005876799696125,0.0003234714386053,93.0,16.052000045776367,47.3979739,8.5461625,attack,44.491
1776211562.9669907,2026-04-15T00:06:02.966991,normal_square,1,47.39839958250083,8.54679136873038,1.3830000162124634,1.162000060081482,-0.0299999993294477,0.0,-1.1100000143051147,-0.0321519672870636,-0.1244951635599136,-9.921043395996094,-0.0218631830066442,-0.0005876799696125,0.0003234714386053,93.0,16.052000045776367,47.3979739,8.5461625,attack,44.593
1776211563.073126,2026-04-15T00:06:03.073126,normal_square,1,47.398400595663865,8.546792865495107,1.4010000228881836,1.1810001134872437,-0.0299999993294477,0.0,-1.1100000143051147,-0.0439877398312091,-0.116658054292202,-10.015217781066896,-0.0211143717169761,0.0020846223924309,-0.0004842682974413,93.0,16.052000045776367,47.3979739,8.5461625,attack,44.699
1776211563.1750848,2026-04-15T00:06:03.175085,normal_square,1,47.39840156895713,8.546794303359462,1.4010000228881836,1.1810001134872437,-0.0299999993294477,0.0,-1.1100000143051147,-0.0439877398312091,-0.116658054292202,-10.015217781066896,-0.0211143717169761,0.0020846223924309,-0.0004842682974413,93.0,16.052000045776367,47.3979739,8.5461625,attack,44.801
1776211563.2795691,2026-04-15T00:06:03.279569,normal_square,1,47.39840256635933,8.546795776840419,1.420000076293945,1.2000000476837158,-0.0299999993294477,0.0,-1.1100000143051147,-0.0450013615190982,-0.1226999163627624,-9.897527694702148,-0.0182226914912462,0.0018594001885503,2.5610137527110052e-05,93.0,16.052000045776367,47.3979739,8.5461625,attack,44.906
1776211563.381078,2026-04-15T00:06:03.381078,normal_square,1,47.3984035353579,8.546797208360159,1.420000076293945,1.2000000476837158,-0.0299999993294477,0.0,-1.1100000143051147,-0.0383754223585128,-0.1147313192486763,-9.81173324584961,-0.018160855397582,-0.0013564503751695,-0.000385455234209,93.0,16.052000045776367,47.3979739,8.5461625,attack,45.007
1776211563.4826272,2026-04-15T00:06:03.482627,normal_square,1,47.39840450474111,8.546798640448122,1.4480000734329224,1.227000117301941,-0.0299999993294477,0.0,-1.1100000143051147,-0.0383754223585128,-0.1147313192486763,-9.81173324584961,-0.018160855397582,-0.0013564503751695,-0.000385455234209,93.0,16.052000045776367,47.3979739,8.5461625,attack,45.109
1776211563.587801,2026-04-15T00:06:03.587801,normal_square,1,47.39840550872531,8.546800123652785,1.4570000171661377,1.2370001077651978,-0.0299999993294477,0.0,-1.1100000143051147,-0.0347996577620506,-0.1132114008069038,-9.941827774047852,-0.0187768470495939,-0.0035814205184578,0.0019833554979413,93.0,16.052000045776367,47.3979739,8.5461625,attack,45.214
1776211563.6943705,2026-04-15T00:06:03.694371,normal_square,1,47.398406526032815,8.546801626540217,1.4940000772476196,1.27400004863739,-0.0299999993294477,0.0,-1.1200000047683716,-0.0436069332063198,-0.1259540468454361,-10.02501392364502,-0.0173548981547355,0.0018920308211818,0.0009622700745239,93.0,16.052000045776367,47.3979739,8.5461625,attack,45.32
1776211563.8158631,2026-04-15T00:06:03.815863,normal_square,1,47.398407585795475,8.546803339878082,1.5040000677108765,1.284000039100647,-0.0299999993294477,0.0,-1.1200000047683716,-0.0414378196001052,-0.1270045489072799,-10.012473106384276,-0.0155091350898146,0.0038777873851358,0.0008863869588822,93.0,16.052000045776367,47.3979738,8.5461625,attack,45.442
1776211563.9168162,2026-04-15T00:06:03.916816,normal_square,1,47.39840854948885,8.54680476356035,1.5040000677108765,1.284000039100647,-0.0299999993294477,0.0,-1.1200000047683716,-0.0414378196001052,-0.1270045489072799,-10.012473106384276,-0.0155091350898146,0.0038777873851358,0.0008863869588822,93.0,16.052000045776367,47.3979738,8.5461625,attack,45.543
1776211564.018615,2026-04-15T00:06:04.018615,normal_square,1,47.398409521254955,8.546806199168616,1.5040000677108765,1.284000039100647,-0.0299999993294477,0.0,-1.1200000047683716,-0.0414378196001052,-0.1270045489072799,-10.012473106384276,-0.0155091350898146,0.0038777873851358,0.0008863869588822,93.0,16.052000045776367,47.3979738,8.5461625,attack,45.645
1776211564.1223147,2026-04-15T00:06:04.122315,normal_square,1,47.39841051116707,8.546807661584316,1.5040000677108765,1.284000039100647,-0.0299999993294477,0.0,-1.1200000047683716,-0.0350125394761562,-0.1197406500577926,-10.000447273254396,-0.014137321151793,0.0042732595466077,0.0009166380623355,93.0,16.052000045776367,47.3979738,8.5461625,attack,45.748
1776211564.2307358,2026-04-15T00:06:04.230736,normal_square,1,47.39841154614947,8.54680919058319,1.5230001211166382,1.3030000925064087,-0.0299999993294477,0.0,-1.1299999952316284,-0.0350125394761562,-0.1197406500577926,-10.000447273254396,-0.014137321151793,0.0042732595466077,0.0009166380623355,93.0,16.052000045776367,47.3979738,8.5461625,attack,45.857
1776211564.3359857,2026-04-15T00:06:04.335986,normal_square,1,47.39841255085969,8.546810674860415,1.5230001211166382,1.3030000925064087,-0.0299999993294477,0.0,-1.1299999952316284,-0.0350125394761562,-0.1197406500577926,-10.000447273254396,-0.014137321151793,0.0042732595466077,0.0009166380623355,93.0,16.052000045776367,47.3979738,8.5461625,attack,45.962
1776211564.437986,2026-04-15T00:06:04.437986,normal_square,1,47.39841352454896,8.546812113309803,1.5660001039505005,1.346000075340271,-0.0299999993294477,0.0,-1.1299999952316284,-0.031296569854021,-0.1152818948030471,-10.006054878234863,-0.0142082152888178,0.0018093464896082,-0.0004509253485593,93.0,16.052000045776367,47.3979738,8.5461625,attack,46.064
1776211564.541366,2026-04-15T00:06:04.541366,normal_square,1,47.398414511411325,8.546813571220053,1.5860000848770142,1.366000056266785,-0.0299999993294477,0.0,-1.1399999856948853,-0.0422852411866188,-0.1236089766025543,-9.920641899108888,-0.0150070786476135,0.0033452196512371,0.0006417119293473,93.0,16.052000045776367,47.3979738,8.5461625,attack,46.167
1776211564.6469493,2026-04-15T00:06:04.646949,normal_square,1,47.3984155193033,8.546815060197742,1.616000056266785,1.3950001001358032,-0.0399999991059303,0.0,-1.1399999856948853,-0.0443619489669799,-0.1173472702503204,-10.004294395446776,-0.0135758770629763,0.0053337742574512,0.0007789438241161,93.0,16.052000045776367,47.3979738,8.5461625,attack,46.273
1776211564.748958,2026-04-15T00:06:04.748958,normal_square,1,47.3984164930745,8.546816498768173,1.616000056266785,1.3950001001358032,-0.0399999991059303,0.0,-1.1399999856948853,-0.0443619489669799,-0.1173472702503204,-10.004294395446776,-0.0135758770629763,0.0053337742574512,0.0007789438241161,93.0,16.052000045776367,47.3979738,8.5461625,attack,46.375
1776211564.853417,2026-04-15T00:06:04.853417,normal_square,1,47.39841749023318,8.546817971889364,1.6360000371932983,1.415000081062317,-0.0399999991059303,0.0,-1.149999976158142,-0.0360544510185718,-0.1280229091644287,-9.989567756652832,-0.0143142910674214,0.0045902389101684,0.0002903481945395,93.0,16.052000045776367,47.3979738,8.5461625,attack,46.479
1776211564.9630742,2026-04-15T00:06:04.963074,normal_square,1,47.39841853701628,8.546819518321644,1.6360000371932983,1.415000081062317,-0.0399999991059303,0.0,-1.149999976158142,-0.0360544510185718,-0.1280229091644287,-9.989567756652832,-0.0143142910674214,0.0045902389101684,0.0002903481945395,93.0,16.052000045776367,47.3979738,8.5461625,attack,46.589
1776211565.0709057,2026-04-15T00:06:05.070906,normal_square,1,47.3984195663703,8.546821039005607,1.668000102043152,1.4480000734329224,-0.0399999991059303,0.0,-1.159999966621399,-0.0424328707158565,-0.116580881178379,-9.990979194641112,-0.0139589346945285,0.0058372812345623,-0.0007731216610409,93.0,16.052000045776367,47.3979738,8.5461625,attack,46.697
1776211565.1765227,2026-04-15T00:06:05.176523,normal_square,1,47.39842057458546,8.54682252846074,1.668000102043152,1.4480000734329224,-0.0399999991059303,0.0,-1.159999966621399,-0.0424328707158565,-0.116580881178379,-9.990979194641112,-0.0139589346945285,0.0058372812345623,-0.0007731216610409,93.0,16.052000045776367,47.3979738,8.5461625,attack,46.803
1776211565.286549,2026-04-15T00:06:05.286549,normal_square,1,47.39842162489171,8.546824080097826,1.668000102043152,1.4480000734329224,-0.0399999991059303,0.0,-1.159999966621399,-0.0424328707158565,-0.116580881178379,-9.990979194641112,-0.0139589346945285,0.0058372812345623,-0.0007731216610409,93.0,16.052000045776367,47.3979738,8.5461625,attack,46.913
1776211565.3921034,2026-04-15T00:06:05.392103,normal_square,1,47.3984225325083,8.54682566866742,1.6790001392364502,1.4590001106262207,-0.0399999991059303,0.0,-1.159999966621399,-0.0337250158190727,-0.1162194311618805,-9.947697639465332,-0.0137306973338127,0.0054627615027129,0.0009028833010233,93.0,16.052000045776367,47.3979737,8.546162599999999,attack,47.018
1776211565.4949222,2026-04-15T00:06:05.494922,normal_square,1,47.39842351401084,8.546827118659504,1.7100000381469729,1.4900001287460327,-0.0399999991059303,0.0,-1.1699999570846558,-0.045857697725296,-0.1148264035582542,-9.944697380065918,-0.0145599627867341,0.0069540105760097,0.0002902064297813,93.0,16.052000045776367,47.3979737,8.546162599999999,attack,47.121
1776211565.5961914,2026-04-15T00:06:05.596191,normal_square,1,47.3984244807221,8.546828546800148,1.7100000381469729,1.4900001287460327,-0.0399999991059303,0.0,-1.1699999570846558,-0.045857697725296,-0.1148264035582542,-9.944697380065918,-0.0145599627867341,0.0069540105760097,0.0002902064297813,93.0,16.052000045776367,47.3979737,8.546162599999999,attack,47.222
1776211565.6998703,2026-04-15T00:06:05.699870,normal_square,1,47.39842547043621,8.546830008923328,1.741000056266785,1.5210000276565552,-0.0399999991059303,0.0,-1.1799999475479126,-0.033347200602293,-0.1157093122601509,-9.90658473968506,-0.0149248773232102,0.0090640084818005,0.0007060740608721,93.0,16.052000045776367,47.3979737,8.546162599999999,attack,47.326
1776211565.8029983,2026-04-15T00:06:05.802999,normal_square,1,47.39842645489064,8.546831463276286,1.7610000371932983,1.5410001277923584,-0.0399999991059303,0.0,-1.1799999475479126,-0.0439675785601139,-0.1246504485607147,-9.884995460510254,-0.0165271423757076,0.0090144779533147,9.600675548426808e-05,93.0,16.052000045776367,47.3979737,8.546162599999999,attack,47.429
1776211565.907975,2026-04-15T00:06:05.907975,normal_square,1,47.39842745699264,8.54683294370034,1.7910001277923584,1.571000099182129,-0.0399999991059303,0.0,-1.1899999380111694,-0.0413971208035945,-0.1218137145042419,-9.904094696044922,-0.0144871119409799,0.0086399847641587,-0.0005836773198097,93.0,16.052000045776367,47.3979737,8.546162599999999,attack,47.534
1776211566.0190628,2026-04-15T00:06:06.019063,normal_square,1,47.39842851743134,8.54683451030628,1.7910001277923584,1.571000099182129,-0.0399999991059303,0.0,-1.1899999380111694,-0.0413971208035945,-0.1218137145042419,-9.904094696044922,-0.0144871119409799,0.0086399847641587,-0.0005836773198097,93.0,16.052000045776367,47.3979737,8.546162599999999,attack,47.645
1776211566.1245854,2026-04-15T00:06:06.124585,normal_square,1,47.398429524745225,8.546835998429946,1.7910001277923584,1.571000099182129,-0.0399999991059303,0.0,-1.1899999380111694,-0.0427519381046295,-0.120148941874504,-9.880446434020996,-0.0123045220971107,0.0094039645045995,-0.0002091519854729,93.0,16.052000045776367,47.3979737,8.546162599999999,attack,47.751
1776211566.231228,2026-04-15T00:06:06.231228,normal_square,1,47.39843054275145,8.546837502349593,1.812000036239624,1.5910000801086426,-0.0399999991059303,0.0,-1.1899999380111694,-0.0427519381046295,-0.120148941874504,-9.880446434020996,-0.0123045220971107,0.0094039645045995,-0.0002091519854729,93.0,16.052000045776367,47.3979737,8.546162599999999,attack,47.857
1776211566.333942,2026-04-15T00:06:06.333942,normal_square,1,47.39843152325258,8.546838950862275,1.812000036239624,1.5910000801086426,-0.0399999991059303,0.0,-1.1899999380111694,-0.0427519381046295,-0.120148941874504,-9.880446434020996,-0.0123045220971107,0.0094039645045995,-0.0002091519854729,93.0,16.052000045776367,47.3979737,8.546162599999999,attack,47.96
1776211566.4367695,2026-04-15T00:06:06.436770,normal_square,1,47.398432504839334,8.546840400978763,1.812000036239624,1.5910000801086426,-0.0399999991059303,0.0,-1.1899999380111694,-0.0427519381046295,-0.120148941874504,-9.880446434020996,-0.0123045220971107,0.0094039645045995,-0.0002091519854729,93.0,16.052000045776367,47.3979737,8.546162599999999,attack,48.063
1776211566.5426545,2026-04-15T00:06:06.542654,normal_square,1,47.398433515612645,8.546841894213092,1.8820000886917116,1.66100013256073,-0.0399999991059303,0.0,-1.1999999284744265,-0.0359893850982189,-0.1213890612125396,-9.855477333068848,-0.0081212110817432,0.0069178803823888,0.0007787445792928,93.0,16.052000045776367,47.3979737,8.546162599999999,attack,48.169
1776211566.6459556,2026-04-15T00:06:06.645956,normal_square,1,47.39843450171939,8.546843351007062,1.8820000886917116,1.66100013256073,-0.0399999991059303,0.0,-1.1999999284744265,-0.0359893850982189,-0.1213890612125396,-9.855477333068848,-0.0081212110817432,0.0069178803823888,0.0007787445792928,93.0,16.052000045776367,47.3979737,8.546162599999999,attack,48.272
1776211566.7522366,2026-04-15T00:06:06.752237,normal_square,1,47.398435416273024,8.546844849824838,1.9220000505447388,1.7020000219345093,-0.0399999991059303,0.0,-1.1999999284744265,-0.0373268537223339,-0.122349590063095,-9.821547508239746,-0.0076826531440019,0.0049285562708973,0.0004173077468294,93.0,16.052000045776367,47.3979736,8.546162599999999,attack,48.378
1776211566.8675082,2026-04-15T00:06:06.867508,normal_square,1,47.39843651664978,8.546846475432014,1.942000150680542,1.7220001220703125,-0.0399999991059303,0.0,-1.1999999284744265,-0.038333922624588,-0.1255446076393127,-9.842267990112305,-0.0069027873687446,0.0065896520391106,-0.0006812454084865,93.0,16.052000045776367,47.3979736,8.546162599999999,attack,48.494
1776211566.9697924,2026-04-15T00:06:06.969792,normal_square,1,47.398437493049684,8.54684791788587,1.942000150680542,1.7220001220703125,-0.0399999991059303,0.0,-1.1999999284744265,-0.038333922624588,-0.1255446076393127,-9.842267990112305,-0.0069027873687446,0.0065896520391106,-0.0006812454084865,93.0,16.052000045776367,47.3979736,8.546162599999999,attack,48.596
1776211567.0709252,2026-04-15T00:06:07.070925,normal_square,1,47.39843845845911,8.54684934410329,1.942000150680542,1.7220001220703125,-0.0399999991059303,0.0,-1.1999999284744265,-0.038333922624588,-0.1255446076393127,-9.842267990112305,-0.0069027873687446,0.0065896520391106,-0.0006812454084865,93.0,16.052000045776367,47.3979736,8.546162599999999,attack,48.697
1776211567.1828296,2026-04-15T00:06:07.182830,normal_square,1,47.398439526692876,8.546850922225026,1.963000059127808,1.7420001029968262,-0.0399999991059303,0.0,-1.209999918937683,-0.037752516567707,-0.1198806911706924,-9.910439491271973,-0.0064800614491105,0.0066276080906391,3.705776180140674e-06,93.0,16.052000045776367,47.3979736,8.546162599999999,attack,48.809
1776211567.2848177,2026-04-15T00:06:07.284817,normal_square,1,47.39844050026607,8.546852360502934,1.963000059127808,1.7420001029968262,-0.0399999991059303,0.0,-1.209999918937683,-0.037752516567707,-0.1198806911706924,-9.910439491271973,-0.0064800614491105,0.0066276080906391,3.705776180140674e-06,93.0,16.052000045776367,47.3979736,8.546162599999999,attack,48.911
1776211567.3892877,2026-04-15T00:06:07.389288,normal_square,1,47.39844149753172,8.546853833782146,1.993000149726868,1.7730001211166382,-0.0299999993294477,0.0,-1.209999918937683,-0.0379476584494113,-0.1208493486046791,-9.914732933044434,-0.0040168869309127,0.0054371017031371,-0.0004085224645677,93.0,16.052000045776367,47.3979736,8.546162599999999,attack,49.015
1776211567.493323,2026-04-15T00:06:07.493323,normal_square,1,47.39844249064835,8.546855300931925,1.993000149726868,1.7730001211166382,-0.0299999993294477,0.0,-1.209999918937683,-0.0379476584494113,-0.1208493486046791,-9.914732933044434,-0.0040168869309127,0.0054371017031371,-0.0004085224645677,93.0,16.052000045776367,47.3979736,8.546162599999999,attack,49.119
1776211567.5969083,2026-04-15T00:06:07.596908,normal_square,1,47.398443479468014,8.546856761733729,1.993000149726868,1.7730001211166382,-0.0299999993294477,0.0,-1.209999918937683,-0.0400043651461601,-0.1161103770136833,-9.8859281539917,-0.0039914050139486,0.0041229417547583,0.0020902433898299,93.0,16.052000045776367,47.3979736,8.546162599999999,attack,49.223
1776211567.7002618,2026-04-15T00:06:07.700262,normal_square,1,47.398444466075475,8.546858219267396,2.02400016784668,1.8030000925064087,-0.0299999993294477,0.0,-1.209999918937683,-0.0400043651461601,-0.1161103770136833,-9.8859281539917,-0.0039914050139486,0.0041229417547583,0.0020902433898299,93.0,16.052000045776367,47.3979736,8.546162599999999,attack,49.326
1776211567.8024032,2026-04-15T00:06:07.802403,normal_square,1,47.398445441112095,8.546859659707248,2.02400016784668,1.8030000925064087,-0.0299999993294477,0.0,-1.209999918937683,-0.0400043651461601,-0.1161103770136833,-9.8859281539917,-0.0039914050139486,0.0041229417547583,0.0020902433898299,93.0,16.052000045776367,47.3979736,8.546162599999999,attack,49.428
1776211567.9137845,2026-04-15T00:06:07.913784,normal_square,1,47.398446504352464,8.546861230452148,2.0440001487731934,1.824000120162964,-0.0299999993294477,0.0,-1.2200000286102295,-0.0402794368565082,-0.1224549189209938,-9.940601348876951,-0.002403036924079,0.0028304373845458,-1.5862606232985854e-05,93.0,16.052000045776367,47.3979736,8.546162599999999,attack,49.54
1776211568.027002,2026-04-15T00:06:08.027002,normal_square,1,47.398447585122064,8.546862827093307,2.0440001487731934,1.824000120162964,-0.0299999993294477,0.0,-1.2200000286102295,-0.0402794368565082,-0.1224549189209938,-9.940601348876951,-0.002403036924079,0.0028304373845458,-1.5862606232985854e-05,93.0,16.052000045776367,47.3979736,8.546162599999999,attack,49.653
1776211568.194329,2026-04-15T00:06:08.194329,normal_square,1,47.398449182416726,8.546865186806613,2.0440001487731934,1.824000120162964,-0.0299999993294477,0.0,-1.2200000286102295,-0.0402794368565082,-0.1224549189209938,-9.940601348876951,-0.002403036924079,0.0028304373845458,-1.5862606232985854e-05,93.0,16.052000045776367,47.3979736,8.546162599999999,attack,49.82
1776211568.3010256,2026-04-15T00:06:08.301026,normal_square,1,47.398450200937305,8.54686669148613,2.0440001487731934,1.824000120162964,-0.0299999993294477,0.0,-1.2200000286102295,-0.0402794368565082,-0.1224549189209938,-9.940601348876951,-0.002403036924079,0.0028304373845458,-1.5862606232985854e-05,93.0,16.052000045776367,47.3979736,8.546162599999999,attack,49.927
