timestamp_unix_s,timestamp_iso,scenario,run_id,lat_deg,lon_deg,abs_alt_m,rel_alt_m,vel_n_m_s,vel_e_m_s,vel_d_m_s,accel_x_mps2,accel_y_mps2,accel_z_mps2,gyro_x_rps,gyro_y_rps,gyro_z_rps,battery_remaining_pct,battery_voltage_v,true_lat_deg,true_lon_deg,label,attack_elapsed_s
1776222402.4903548,2026-04-15T03:06:42.490355,normal_triangle,2,47.3979714,8.5461634,0.3740000128746032,-0.0120000001043081,0.0,-0.0099999997764825,-0.0099999997764825,-0.0672841742634773,-0.007064011413604,-9.77824592590332,0.0010513386223465,0.0014556717360392,0.0003441664157435,,,47.3979714,8.5461634,normal,0.0
1776222402.603956,2026-04-15T03:06:42.603956,normal_triangle,2,47.3979714,8.5461634,0.3730000257492065,-0.0130000002682209,0.0,-0.0099999997764825,-0.0099999997764825,-0.0665811002254486,-0.0010743192397058,-9.77439785003662,0.0002613489341456,0.0001871821004897,0.0003091361722908,,,47.3979714,8.5461634,normal,0.0
1776222402.7075968,2026-04-15T03:06:42.707597,normal_triangle,2,47.3979714,8.5461634,0.3730000257492065,-0.0130000002682209,0.0,-0.0099999997764825,-0.0099999997764825,-0.0665811002254486,-0.0010743192397058,-9.77439785003662,0.0002613489341456,0.0001871821004897,0.0003091361722908,,,47.3979714,8.5461634,normal,0.0
1776222402.8130543,2026-04-15T03:06:42.813054,normal_triangle,2,47.3979714,8.5461634,0.3720000088214874,-0.0140000004321336,0.0,-0.0099999997764825,-0.0099999997764825,-0.0654274672269821,-0.0029779286123812,-9.76960563659668,-6.075068449717946e-05,-0.0007632866036146,-0.0007945562829263,,,47.3979714,8.5461634,normal,0.0
1776222402.9156349,2026-04-15T03:06:42.915635,normal_triangle,2,47.3979714,8.5461634,0.3710000216960907,-0.0140000004321336,0.0,-0.0099999997764825,-0.0099999997764825,-0.063905045390129,-0.0028066069353371,-9.776215553283691,0.0005038948147557,0.0006544104544445,8.717708988115191e-05,,,47.3979714,8.5461634,normal,0.0
1776222403.0190537,2026-04-15T03:06:43.019053,normal_triangle,2,47.3979714,8.5461634,0.3710000216960907,-0.0140000004321336,0.0,-0.0099999997764825,-0.0099999997764825,-0.0608298368752002,-0.0118885589763522,-9.765528678894045,-0.0004913354641757,-0.0009306806023232,-0.0001359926536679,,,47.3979714,8.5461634,normal,0.0
1776222403.1317933,2026-04-15T03:06:43.131793,normal_triangle,2,47.3979714,8.5461634,0.3700000047683716,-0.0150000005960464,0.0,-0.0099999997764825,-0.0099999997764825,-0.0608298368752002,-0.0118885589763522,-9.765528678894045,-0.0004913354641757,-0.0009306806023232,-0.0001359926536679,,,47.3979714,8.5461634,normal,0.0
1776222403.2349014,2026-04-15T03:06:43.234901,normal_triangle,2,47.3979714,8.5461634,0.3690000176429748,-0.0160000007599592,0.0,-0.0099999997764825,-0.0099999997764825,-0.0648757517337799,-0.0063882353715598,-9.767134666442873,0.000844553229399,-9.633653826313092e-05,-0.0003003645106218,,,47.3979714,8.5461634,normal,0.0
1776222403.3526936,2026-04-15T03:06:43.352694,normal_triangle,2,47.3979714,8.5461634,0.3690000176429748,-0.0160000007599592,0.0,-0.0099999997764825,-0.0099999997764825,-0.07496078312397,-0.0114156883209943,-9.773900985717772,-0.0016163676045835,0.0007275581010617,0.0003805661399383,,,47.3979714,8.5461634,normal,0.0
1776222403.4552207,2026-04-15T03:06:43.455221,normal_triangle,2,47.3979714,8.5461634,0.3680000305175781,-0.0170000009238719,0.0,-0.0099999997764825,-0.0099999997764825,-0.067971684038639,-0.004595645237714,-9.77083683013916,0.0001565277343615,-0.0003114430001005,-0.0007080646464601,,,47.3979714,8.5461634,normal,0.0
1776222403.5586195,2026-04-15T03:06:43.558620,normal_triangle,2,47.3979714,8.5461634,0.3660000264644623,-0.0190000012516975,0.0,-0.0099999997764825,-0.0199999995529651,-0.073755495250225,-0.0073513896204531,-9.77370548248291,0.0013302529696375,0.0007349732331931,-0.0011307905660942,,,47.3979714,8.5461634,normal,0.0
1776222403.670215,2026-04-15T03:06:43.670215,normal_triangle,2,47.3979714,8.5461634,0.3660000264644623,-0.0190000012516975,0.0,-0.0099999997764825,-0.0199999995529651,-0.073755495250225,-0.0073513896204531,-9.77370548248291,0.0013302529696375,0.0007349732331931,-0.0011307905660942,,,47.3979714,8.5461634,normal,0.0
1776222403.7711303,2026-04-15T03:06:43.771130,normal_triangle,2,47.3979713,8.5461634,0.3640000224113464,-0.021000001579523,0.0,-0.0099999997764825,-0.0299999993294477,-0.0700716152787208,-0.0049374448135495,-9.777606010437012,0.0001411430130247,0.0001561453391332,-0.0001007165410555,,,47.3979713,8.5461634,normal,0.0
1776222403.8737364,2026-04-15T03:06:43.873736,normal_triangle,2,47.3979713,8.5461634,0.3640000224113464,-0.021000001579523,0.0,-0.0099999997764825,-0.0299999993294477,-0.0731801390647888,-0.0166360158473253,-9.773392677307127,-0.0003625267709139,-0.0006138106109574,-0.0001130759192164,,,47.3979713,8.5461634,normal,0.0
1776222403.9787102,2026-04-15T03:06:43.978710,normal_triangle,2,47.3979713,8.5461634,0.3640000224113464,-0.021000001579523,0.0,-0.0099999997764825,-0.0299999993294477,-0.0731801390647888,-0.0166360158473253,-9.773392677307127,-0.0003625267709139,-0.0006138106109574,-0.0001130759192164,,,47.3979713,8.5461634,normal,0.0
1776222404.0947986,2026-04-15T03:06:44.094799,normal_triangle,2,47.3979713,8.5461634,0.3640000224113464,-0.021000001579523,0.0,-0.0099999997764825,-0.0299999993294477,-0.0731801390647888,-0.0166360158473253,-9.773392677307127,-0.0003625267709139,-0.0006138106109574,-0.0001130759192164,,,47.3979713,8.5461634,normal,0.0
1776222404.2048995,2026-04-15T03:06:44.204900,normal_triangle,2,47.3979713,8.5461634,0.3640000224113464,-0.0220000017434358,0.0,-0.0099999997764825,-0.0299999993294477,-0.0641316771507263,-0.008129303343594,-9.768572807312012,-0.0004013933066744,0.0015890749637037,-0.0007462881039828,,,47.3979713,8.5461634,normal,0.0
1776222404.3109283,2026-04-15T03:06:44.310928,normal_triangle,2,47.3979713,8.5461634,0.3640000224113464,-0.0220000017434358,0.0,-0.0099999997764825,-0.0299999993294477,-0.0641316771507263,-0.008129303343594,-9.768572807312012,-0.0004013933066744,0.0015890749637037,-0.0007462881039828,,,47.3979713,8.5461634,normal,0.0
1776222404.416854,2026-04-15T03:06:44.416854,normal_triangle,2,47.3979713,8.5461634,0.3640000224113464,-0.0220000017434358,0.0,-0.0099999997764825,-0.0299999993294477,-0.0641316771507263,-0.008129303343594,-9.768572807312012,-0.0004013933066744,0.0015890749637037,-0.0007462881039828,,,47.3979713,8.5461634,normal,0.0
1776222404.5189471,2026-04-15T03:06:44.518947,normal_triangle,2,47.3979713,8.5461634,0.3630000054836273,-0.0220000017434358,0.0,-0.0099999997764825,-0.0399999991059303,-0.0631333366036415,-0.0097348131239414,-9.770886421203612,-0.0007859990582801,0.0007183309062384,-0.000720630690921,,,47.3979713,8.5461634,normal,0.0
1776222404.6252408,2026-04-15T03:06:44.625241,normal_triangle,2,47.3979713,8.5461634,0.3630000054836273,-0.0220000017434358,0.0,-0.0199999995529651,-0.0399999991059303,-0.065293863415718,0.001442746957764,-9.771859169006348,0.0001197918973048,6.332791963359341e-05,-0.000682555430103,,,47.3979713,8.5461634,normal,0.0
1776222404.7292948,2026-04-15T03:06:44.729295,normal_triangle,2,47.3979713,8.5461633,0.3630000054836273,-0.0220000017434358,0.0,-0.0199999995529651,-0.0399999991059303,-0.0659486651420593,-0.0055476911365985,-9.769957542419434,0.0005201821913942,1.1069929314544424e-05,-7.581597310490906e-05,,,47.3979713,8.5461633,normal,0.0
1776222404.8308058,2026-04-15T03:06:44.830806,normal_triangle,2,47.3979713,8.5461633,0.3630000054836273,-0.0220000017434358,0.0,-0.0199999995529651,-0.0499999970197677,-0.067117728292942,-0.0027100853621959,-9.77016830444336,3.304341953480616e-05,-0.0004861613269895,-0.0001421654887963,,,47.3979713,8.5461633,normal,0.0
1776222404.9675035,2026-04-15T03:06:44.967504,normal_triangle,2,47.3979713,8.5461633,0.3630000054836273,-0.0220000017434358,0.0,-0.0199999995529651,-0.0499999970197677,-0.0687582120299339,-0.0197553765028715,-9.78412628173828,-0.0005496327066794,0.0005844815750606,-0.0010396213037893,,,47.3979713,8.5461633,normal,0.0
1776222405.081916,2026-04-15T03:06:45.081916,normal_triangle,2,47.3979713,8.5461633,0.3630000054836273,-0.0220000017434358,0.0,-0.0199999995529651,-0.0499999970197677,-0.0687582120299339,-0.0197553765028715,-9.78412628173828,-0.0005496327066794,0.0005844815750606,-0.0010396213037893,,,47.3979713,8.5461633,normal,0.0
1776222405.18681,2026-04-15T03:06:45.186810,normal_triangle,2,47.3979713,8.5461633,0.3630000054836273,-0.0220000017434358,0.0,-0.0199999995529651,-0.0499999970197677,-0.0641604140400886,-0.0033275866881012,-9.767258644104004,0.0002692554553505,-0.0003542028716765,-0.0005114474915899,,,47.3979713,8.5461633,normal,0.0
1776222405.2894735,2026-04-15T03:06:45.289474,normal_triangle,2,47.3979713,8.5461633,0.3630000054836273,-0.0220000017434358,0.0,-0.0199999995529651,-0.0499999970197677,-0.0641604140400886,-0.0033275866881012,-9.767258644104004,0.0002692554553505,-0.0003542028716765,-0.0005114474915899,,,47.3979713,8.5461633,normal,0.0
1776222405.394903,2026-04-15T03:06:45.394903,normal_triangle,2,47.3979713,8.5461633,0.3630000054836273,-0.0220000017434358,0.0,-0.0199999995529651,-0.0499999970197677,-0.0606101267039775,-0.0109313651919364,-9.771425247192385,0.001075689564459,0.0003509919915813,-0.0003362119896337,,,47.3979713,8.5461633,normal,0.0
1776222405.4971304,2026-04-15T03:06:45.497130,normal_triangle,2,47.3979713,8.5461633,0.3630000054836273,-0.0220000017434358,0.0,-0.0199999995529651,-0.0499999970197677,-0.0672532021999359,-0.0018782767001539,-9.774063110351562,0.000396650226321,0.0003481391759123,-0.0011649349471554,,,47.3979713,8.5461633,normal,0.0
1776222405.6001587,2026-04-15T03:06:45.600159,normal_triangle,2,47.3979713,8.5461633,0.3630000054836273,-0.0220000017434358,0.0,-0.0199999995529651,-0.0499999970197677,-0.0672532021999359,-0.0018782767001539,-9.774063110351562,0.000396650226321,0.0003481391759123,-0.0011649349471554,,,47.3979713,8.5461633,normal,0.0
1776222405.705418,2026-04-15T03:06:45.705418,normal_triangle,2,47.3979713,8.5461633,0.3640000224113464,-0.021000001579523,0.0,-0.0199999995529651,-0.0499999970197677,-0.0643901154398918,-0.0080316811800003,-9.774168968200684,-0.0001411748962709,0.0007643582648597,-0.0009935235138982,,,47.3979713,8.5461633,normal,0.0
1776222405.821592,2026-04-15T03:06:45.821592,normal_triangle,2,47.3979713,8.5461633,0.3640000224113464,-0.021000001579523,0.0,-0.0199999995529651,-0.0499999970197677,-0.0643901154398918,-0.0080316811800003,-9.774168968200684,-0.0001411748962709,0.0007643582648597,-0.0009935235138982,,,47.3979713,8.5461633,normal,0.0
1776222405.924912,2026-04-15T03:06:45.924912,normal_triangle,2,47.3979713,8.5461633,0.3640000224113464,-0.021000001579523,0.0,-0.0199999995529651,-0.0499999970197677,-0.0643901154398918,-0.0080316811800003,-9.774168968200684,-0.0001411748962709,0.0007643582648597,-0.0009935235138982,,,47.3979713,8.5461633,normal,0.0
1776222406.0264776,2026-04-15T03:06:46.026478,normal_triangle,2,47.3979713,8.5461633,0.3640000224113464,-0.021000001579523,0.0,-0.0199999995529651,-0.0499999970197677,-0.063042439520359,-0.0107152909040451,-9.77500057220459,-0.0002657680306583,-0.0004843357601203,0.0002980242134071,,,47.3979713,8.5461633,normal,0.0
1776222406.133382,2026-04-15T03:06:46.133382,normal_triangle,2,47.3979713,8.5461633,0.3640000224113464,-0.021000001579523,0.0,-0.0199999995529651,-0.0499999970197677,-0.063042439520359,-0.0107152909040451,-9.77500057220459,-0.0002657680306583,-0.0004843357601203,0.0002980242134071,,,47.3979713,8.5461633,normal,0.0
1776222406.2392385,2026-04-15T03:06:46.239238,normal_triangle,2,47.3979713,8.5461633,0.3650000095367431,-0.0200000014156103,0.0,-0.0199999995529651,-0.0499999970197677,-0.0687224119901657,-0.0040714852511882,-9.774005889892578,0.0001020619674818,0.0003286931023467,0.0007012016139924,,,47.3979713,8.5461633,normal,0.0
1776222406.3421645,2026-04-15T03:06:46.342165,normal_triangle,2,47.3979713,8.5461633,0.3650000095367431,-0.0200000014156103,0.0,-0.0199999995529651,-0.0499999970197677,-0.0687224119901657,-0.0040714852511882,-9.774005889892578,0.0001020619674818,0.0003286931023467,0.0007012016139924,,,47.3979713,8.5461633,normal,0.0
1776222406.4492846,2026-04-15T03:06:46.449285,normal_triangle,2,47.3979713,8.5461633,0.3650000095367431,-0.0200000014156103,0.0,-0.0199999995529651,-0.0499999970197677,-0.070469930768013,-0.0112050641328096,-9.772198677062988,0.000447217898909,-0.0012378758983686,-0.0006541582988575,,,47.3979713,8.5461633,normal,0.0
1776222406.5530353,2026-04-15T03:06:46.553035,normal_triangle,2,47.3979713,8.5461633,0.3650000095367431,-0.0200000014156103,0.0,-0.0199999995529651,-0.0499999970197677,-0.0650026202201843,-0.0069573414511978,-9.778640747070312,0.0002936250530183,0.0003482732281554,-0.000775444379542,,,47.3979713,8.5461633,normal,0.0
1776222406.6579285,2026-04-15T03:06:46.657928,normal_triangle,2,47.3979713,8.5461633,0.3650000095367431,-0.0200000014156103,0.0,-0.0199999995529651,-0.0499999970197677,-0.0689288303256034,-0.0083349104970693,-9.776877403259276,0.0001305054320255,0.0009116574656218,0.0008042822009883,,,47.3979713,8.5461633,normal,0.0
1776222406.7604482,2026-04-15T03:06:46.760448,normal_triangle,2,47.3979713,8.5461633,0.3650000095367431,-0.0200000014156103,0.0,-0.0199999995529651,-0.0499999970197677,-0.0619980916380882,-0.0029662963934242,-9.771854400634766,-0.000752760330215,4.6960474719526246e-05,0.0002367231936659,,,47.3979713,8.5461633,normal,0.0
1776222406.8633194,2026-04-15T03:06:46.863319,normal_triangle,2,47.3979713,8.5461633,0.3650000095367431,-0.0200000014156103,0.0,-0.0199999995529651,-0.0499999970197677,-0.0619980916380882,-0.0029662963934242,-9.771854400634766,-0.000752760330215,4.6960474719526246e-05,0.0002367231936659,,,47.3979713,8.5461633,normal,0.0
1776222406.965026,2026-04-15T03:06:46.965026,normal_triangle,2,47.3979713,8.5461633,0.3650000095367431,-0.0200000014156103,0.0,-0.0199999995529651,-0.0499999970197677,-0.0788926109671592,-0.0126501936465501,-9.774901390075684,0.0001422780042048,-0.000410575303249,-0.0003948078665416,,,47.3979713,8.5461633,normal,0.0
1776222407.0660698,2026-04-15T03:06:47.066070,normal_triangle,2,47.3979713,8.5461633,0.3650000095367431,-0.0200000014156103,0.0,-0.0199999995529651,-0.0499999970197677,-0.0788926109671592,-0.0126501936465501,-9.774901390075684,0.0001422780042048,-0.000410575303249,-0.0003948078665416,,,47.3979713,8.5461633,normal,0.0
1776222407.1677291,2026-04-15T03:06:47.167729,normal_triangle,2,47.3979713,8.5461633,0.3650000095367431,-0.0200000014156103,0.0,-0.0199999995529651,-0.0499999970197677,-0.0740163549780845,-0.0177309419959783,-9.768153190612791,-0.0007660036790184,-0.0005077138775959,0.0001882205397123,,,47.3979713,8.5461633,normal,0.0
1776222407.2704048,2026-04-15T03:06:47.270405,normal_triangle,2,47.3979713,8.5461633,0.3650000095367431,-0.021000001579523,0.0,-0.0199999995529651,-0.0499999970197677,-0.0643635764718055,-0.00923603028059,-9.772768020629885,0.000653279479593,-0.0001439695479348,-1.1584426829358565e-05,,,47.3979713,8.5461633,normal,0.0
1776222407.3719697,2026-04-15T03:06:47.371970,normal_triangle,2,47.3979713,8.5461633,0.3640000224113464,-0.021000001579523,0.0,-0.0199999995529651,-0.0499999970197677,-0.0618144422769546,-0.0108960550278425,-9.76864528656006,-0.0006879738066345,-8.253296982729807e-05,0.0001192852214444,,,47.3979713,8.5461633,normal,0.0
1776222407.476805,2026-04-15T03:06:47.476805,normal_triangle,2,47.3979713,8.5461633,0.3640000224113464,-0.021000001579523,0.0,-0.0199999995529651,-0.0499999970197677,-0.0680505335330963,-0.0094080632552504,-9.773581504821776,1.0134974672837416e-06,0.0012968737864866,0.0002628935326356,,,47.3979713,8.5461633,normal,0.0
1776222407.5838895,2026-04-15T03:06:47.583890,normal_triangle,2,47.3979713,8.5461633,0.3640000224113464,-0.021000001579523,0.0,-0.0199999995529651,-0.0499999970197677,-0.0585689358413219,-0.0121372696012258,-9.768095970153809,-0.0006041011656634,-0.0005256056901998,-0.000465725606773,,,47.3979713,8.5461633,normal,0.0
1776222407.68838,2026-04-15T03:06:47.688380,normal_triangle,2,47.3979713,8.5461633,0.3640000224113464,-0.021000001579523,0.0,-0.0199999995529651,-0.0499999970197677,-0.0630716308951377,-0.0026148969773203,-9.774494171142578,-0.0011424452532082,-0.0005648449878208,0.0008864833507686,,,47.3979713,8.5461633,normal,0.0
1776222407.7948372,2026-04-15T03:06:47.794837,normal_triangle,2,47.3979713,8.5461633,0.3640000224113464,-0.021000001579523,0.0,-0.0199999995529651,-0.0499999970197677,-0.0630716308951377,-0.0026148969773203,-9.774494171142578,-0.0011424452532082,-0.0005648449878208,0.0008864833507686,,,47.3979713,8.5461633,normal,0.0
1776222407.9010537,2026-04-15T03:06:47.901054,normal_triangle,2,47.3979713,8.5461633,0.3640000224113464,-0.021000001579523,0.0,-0.0199999995529651,-0.0499999970197677,-0.0678343400359153,-0.0060732522979378,-9.773093223571776,0.0013749720528721,-0.0002548154443502,1.977844294742681e-05,,,47.3979713,8.5461633,normal,0.0
1776222408.0051458,2026-04-15T03:06:48.005146,normal_triangle,2,47.3979713,8.5461633,0.3640000224113464,-0.021000001579523,0.0,-0.0199999995529651,-0.0499999970197677,-0.0678343400359153,-0.0060732522979378,-9.773093223571776,0.0013749720528721,-0.0002548154443502,1.977844294742681e-05,,,47.3979713,8.5461633,normal,0.0
1776222408.1085773,2026-04-15T03:06:48.108577,normal_triangle,2,47.3979713,8.5461633,0.3630000054836273,-0.0220000017434358,0.0,-0.0199999995529651,-0.0499999970197677,-0.0562250539660453,-0.0104184057563543,-9.77401065826416,-1.950558362295851e-05,-0.0004957889323122,-0.0002061407285509,,,47.3979713,8.5461633,normal,0.0
1776222408.2152686,2026-04-15T03:06:48.215269,normal_triangle,2,47.3979713,8.5461633,0.3630000054836273,-0.0220000017434358,0.0,-0.0199999995529651,-0.0499999970197677,-0.0562250539660453,-0.0104184057563543,-9.77401065826416,-1.950558362295851e-05,-0.0004957889323122,-0.0002061407285509,,,47.3979713,8.5461633,normal,0.0
1776222408.319095,2026-04-15T03:06:48.319095,normal_triangle,2,47.3979713,8.5461633,0.3630000054836273,-0.0220000017434358,0.0,-0.0199999995529651,-0.0499999970197677,-0.0688282772898674,-0.007476448547095,-9.778645515441896,-0.0005396897904574,0.0008395240874961,-0.0001949664147105,,,47.3979713,8.5461633,normal,0.0
1776222408.4220278,2026-04-15T03:06:48.422028,normal_triangle,2,47.3979713,8.5461633,0.3630000054836273,-0.0220000017434358,0.0,-0.0199999995529651,-0.0399999991059303,-0.0679473206400871,-0.0027513559907674,-9.78121852874756,0.0011409728322178,0.0005822185194119,7.177799125202e-05,,,47.3979713,8.5461633,normal,0.0
1776222408.5295868,2026-04-15T03:06:48.529587,normal_triangle,2,47.3979713,8.5461633,0.3630000054836273,-0.0220000017434358,0.0,-0.0199999995529651,-0.0399999991059303,-0.0704225599765777,-0.0096532003954052,-9.763694763183594,-0.0005972328945063,0.0007672347710467,0.0006384028238244,,,47.3979713,8.5461633,normal,0.0
1776222408.6313014,2026-04-15T03:06:48.631301,normal_triangle,2,47.3979713,8.5461633,0.3620000183582306,-0.0230000019073486,0.0,-0.0199999995529651,-0.0399999991059303,-0.0650100037455558,-0.0042143072932958,-9.77173137664795,-0.0001269918575417,0.0005035339272581,-0.0002828681608662,,,47.3979713,8.5461633,normal,0.0
1776222408.7432225,2026-04-15T03:06:48.743222,normal_triangle,2,47.3979713,8.5461633,0.3620000183582306,-0.0230000019073486,0.0,-0.0199999995529651,-0.0399999991059303,-0.0649463236331939,-0.0072626336477696,-9.770812034606934,0.0006973082199692,0.0013732786756008,-0.0004749046056531,,,47.3979713,8.5461633,normal,0.0
1776222408.847996,2026-04-15T03:06:48.847996,normal_triangle,2,47.3979713,8.5461633,0.3620000183582306,-0.0230000019073486,0.0,-0.0199999995529651,-0.0399999991059303,-0.0649463236331939,-0.0072626336477696,-9.770812034606934,0.0006973082199692,0.0013732786756008,-0.0004749046056531,,,47.3979713,8.5461633,normal,0.0
1776222408.949859,2026-04-15T03:06:48.949859,normal_triangle,2,47.3979713,8.5461633,0.3620000183582306,-0.0230000019073486,0.0,-0.0199999995529651,-0.0399999991059303,-0.0707564726471901,-0.0157044753432273,-9.776653289794922,0.0004560942179523,0.0007608096348121,-0.0008602525922469,,,47.3979713,8.5461633,normal,0.0
1776222409.0517764,2026-04-15T03:06:49.051776,normal_triangle,2,47.3979713,8.5461633,0.3620000183582306,-0.0230000019073486,0.0,-0.0199999995529651,-0.0399999991059303,-0.0707564726471901,-0.0157044753432273,-9.776653289794922,0.0004560942179523,0.0007608096348121,-0.0008602525922469,,,47.3979713,8.5461633,normal,0.0
1776222409.1546016,2026-04-15T03:06:49.154602,normal_triangle,2,47.3979713,8.5461633,0.3610000312328338,-0.0240000002086162,0.0,-0.0199999995529651,-0.0399999991059303,-0.0666361451148986,-0.0097698783501982,-9.775766372680664,0.0010624584974721,-0.0005272456910461,-0.0004285699687898,,,47.3979713,8.5461633,normal,0.0
1776222409.2589471,2026-04-15T03:06:49.258947,normal_triangle,2,47.3979713,8.5461633,0.3610000312328338,-0.0240000002086162,0.0,-0.0199999995529651,-0.0399999991059303,-0.0610443316400051,-0.0098078828305006,-9.7705717086792,-0.0006991489208303,0.001021540723741,-0.0003188251284882,,,47.3979713,8.5461633,normal,0.0
1776222409.361571,2026-04-15T03:06:49.361571,normal_triangle,2,47.3979713,8.5461633,0.3610000312328338,-0.0240000002086162,0.0,-0.0199999995529651,-0.0399999991059303,-0.0692726150155067,-0.0140786627307534,-9.775138854980469,-0.0008631621021777,0.0011267832014709,-0.0002880056563299,,,47.3979713,8.5461633,normal,0.0
1776222409.4646754,2026-04-15T03:06:49.464675,normal_triangle,2,47.3979713,8.5461633,0.3600000143051147,-0.025000000372529,0.0,-0.0199999995529651,-0.0399999991059303,-0.0697396174073219,-0.0115426955744624,-9.765820503234863,-0.0012551855761557,0.0002426875289529,0.0004403790226206,,,47.3979713,8.5461633,normal,0.0
1776222409.5760636,2026-04-15T03:06:49.576064,normal_triangle,2,47.3979713,8.5461633,0.3600000143051147,-0.025000000372529,0.0,-0.0199999995529651,-0.0399999991059303,-0.0697396174073219,-0.0115426955744624,-9.765820503234863,-0.0012551855761557,0.0002426875289529,0.0004403790226206,,,47.3979713,8.5461633,normal,0.0
1776222409.6831172,2026-04-15T03:06:49.683117,normal_triangle,2,47.3979713,8.5461633,0.3600000143051147,-0.025000000372529,0.0,-0.0199999995529651,-0.0399999991059303,-0.0611577332019805,-0.0116614997386932,-9.767139434814451,-0.0008611846715211,0.0003741913242265,1.5676159819122404e-06,,,47.3979713,8.5461633,normal,0.0
1776222409.789828,2026-04-15T03:06:49.789828,normal_triangle,2,47.3979713,8.5461633,0.3600000143051147,-0.0260000005364418,0.0,-0.0199999995529651,-0.0399999991059303,-0.0747915580868721,-0.0019958224147558,-9.766969680786133,7.788193033775315e-05,0.0010615948121994,7.68379686633125e-05,,,47.3979713,8.5461633,normal,0.0
1776222409.9159763,2026-04-15T03:06:49.915976,normal_triangle,2,47.3979713,8.5461633,0.3600000143051147,-0.0260000005364418,0.0,-0.0199999995529651,-0.0399999991059303,-0.0747915580868721,-0.0019958224147558,-9.766969680786133,7.788193033775315e-05,0.0010615948121994,7.68379686633125e-05,,,47.3979713,8.5461633,normal,0.0
1776222410.0307374,2026-04-15T03:06:50.030737,normal_triangle,2,47.3979713,8.5461633,0.359000027179718,-0.0260000005364418,0.0,-0.0099999997764825,-0.0399999991059303,-0.0654403418302536,-0.0059444359503686,-9.77358627319336,0.0012262947857379,0.0001106239215005,-8.266842633020133e-05,,,47.3979713,8.5461633,normal,0.0
1776222410.1332989,2026-04-15T03:06:50.133299,normal_triangle,2,47.3979713,8.5461633,0.359000027179718,-0.0260000005364418,0.0,-0.0099999997764825,-0.0399999991059303,-0.0654403418302536,-0.0059444359503686,-9.77358627319336,0.0012262947857379,0.0001106239215005,-8.266842633020133e-05,,,47.3979713,8.5461633,normal,0.0
1776222410.2389696,2026-04-15T03:06:50.238970,normal_triangle,2,47.3979713,8.5461633,0.359000027179718,-0.0270000007003545,0.0,-0.0099999997764825,-0.0299999993294477,-0.0661750361323356,-0.0091515081003308,-9.772476196289062,-0.0002380188816459,2.3012402380118147e-05,-0.0007731522782705,,,47.3979713,8.5461633,normal,0.0
1776222410.3407602,2026-04-15T03:06:50.340760,normal_triangle,2,47.3979713,8.5461633,0.3580000102519989,-0.0270000007003545,0.0,-0.0099999997764825,-0.0299999993294477,-0.0659327581524849,-0.011109278537333,-9.775404930114746,6.342845153994858e-05,0.0004077595949638,-0.0009593639406375,,,47.3979713,8.5461633,normal,0.0
1776222410.442576,2026-04-15T03:06:50.442576,normal_triangle,2,47.3979713,8.5461633,0.3580000102519989,-0.0280000008642673,0.0,-0.0099999997764825,-0.0299999993294477,-0.072198674082756,-0.0043221381492912,-9.775976181030272,-0.0006553417188115,-7.97514439909719e-06,0.0007740389555692,,,47.3979713,8.5461633,normal,0.0
1776222410.5446656,2026-04-15T03:06:50.544666,normal_triangle,2,47.3979713,8.5461633,0.3570000231266022,-0.0280000008642673,0.0,-0.0099999997764825,-0.0299999993294477,-0.0643336102366447,-0.007340183481574,-9.767555236816406,-0.0007318390998989,0.0003215830947738,-0.000241523477598,,,47.3979713,8.5461633,normal,0.0
1776222410.6479452,2026-04-15T03:06:50.647945,normal_triangle,2,47.3979713,8.5461633,0.356000006198883,-0.0290000010281801,0.0,-0.0099999997764825,-0.0299999993294477,-0.0754120498895645,-0.014926834963262,-9.76806640625,-0.000598271319177,-0.0002111884969053,0.0001191858318634,,,47.3979713,8.5461633,normal,0.0
1776222410.7611172,2026-04-15T03:06:50.761117,normal_triangle,2,47.3979713,8.5461634,0.356000006198883,-0.0290000010281801,0.0,-0.0099999997764825,-0.0299999993294477,-0.0667761489748954,-0.0026483577676117,-9.774802207946776,0.0009197688195854,-0.0012809222098439,-0.0003609484992921,,,47.3979713,8.5461634,normal,0.0
1776222410.8621173,2026-04-15T03:06:50.862117,normal_triangle,2,47.3979713,8.5461634,0.356000006198883,-0.0290000010281801,0.0,-0.0099999997764825,-0.0299999993294477,-0.0667761489748954,-0.0026483577676117,-9.774802207946776,0.0009197688195854,-0.0012809222098439,-0.0003609484992921,,,47.3979713,8.5461634,normal,0.0
1776222410.9669228,2026-04-15T03:06:50.966923,normal_triangle,2,47.3979713,8.5461634,0.356000006198883,-0.0300000011920928,0.0,-0.0099999997764825,-0.0299999993294477,-0.0590688437223434,-0.0145695405080914,-9.778300285339355,0.0003673337923828,-7.216489757411182e-05,-0.0001489271671744,,,47.3979713,8.5461634,normal,0.0
1776222411.0754025,2026-04-15T03:06:51.075402,normal_triangle,2,47.3979713,8.5461634,0.356000006198883,-0.0300000011920928,0.0,-0.0099999997764825,-0.0299999993294477,-0.0590688437223434,-0.0145695405080914,-9.778300285339355,0.0003673337923828,-7.216489757411182e-05,-0.0001489271671744,,,47.3979713,8.5461634,normal,0.0
1776222411.178265,2026-04-15T03:06:51.178265,normal_triangle,2,47.3979713,8.5461634,0.3550000190734863,-0.0300000011920928,0.0,-0.0099999997764825,-0.0299999993294477,-0.0736298039555549,-0.0053247562609612,-9.77234172821045,-0.0013323947787284,0.0001526939886389,0.0010183691047132,,,47.3979713,8.5461634,normal,0.0
1776222411.282995,2026-04-15T03:06:51.282995,normal_triangle,2,47.3979713,8.5461634,0.3540000021457672,-0.0310000013560056,0.0,-0.0099999997764825,-0.0299999993294477,-0.0642913430929184,-0.0034287679009139,-9.776697158813477,-0.0002372615563217,-0.0008185323094949,0.0005102022551,,,47.3979713,8.5461634,normal,0.0
1776222411.38493,2026-04-15T03:06:51.384930,normal_triangle,2,47.3979713,8.5461634,0.3540000021457672,-0.0310000013560056,0.0,-0.0099999997764825,-0.0299999993294477,-0.0642913430929184,-0.0034287679009139,-9.776697158813477,-0.0002372615563217,-0.0008185323094949,0.0005102022551,,,47.3979713,8.5461634,normal,0.0
1776222411.48718,2026-04-15T03:06:51.487180,normal_triangle,2,47.3979713,8.5461634,0.3540000021457672,-0.0310000013560056,0.0,-0.0099999997764825,-0.0299999993294477,-0.068529687821865,-0.0087759122252464,-9.770118713378906,5.2954215789213777e-05,-0.0004578952502924,-0.0010755165712907,,,47.3979713,8.5461634,normal,0.0
1776222411.588715,2026-04-15T03:06:51.588715,normal_triangle,2,47.3979713,8.5461634,0.3530000150203705,-0.0320000015199184,0.0,-0.0099999997764825,-0.0199999995529651,-0.0721732228994369,-0.0073269344866275,-9.769414901733398,0.0008155685500241,0.0007441288908012,-0.0003368037287145,,,47.3979713,8.5461634,normal,0.0
1776222411.694394,2026-04-15T03:06:51.694394,normal_triangle,2,47.3979713,8.5461634,0.3520000278949737,-0.032999999821186,0.0,-0.0099999997764825,-0.0199999995529651,-0.0721732228994369,-0.0073269344866275,-9.769414901733398,0.0008155685500241,0.0007441288908012,-0.0003368037287145,,,47.3979713,8.5461634,normal,0.0
1776222411.799024,2026-04-15T03:06:51.799024,normal_triangle,2,47.3979713,8.5461634,0.3520000278949737,-0.0340000018477439,0.0,-0.0099999997764825,-0.0199999995529651,-0.0660002306103706,-0.0044943587854504,-9.776525497436523,0.0002271394478157,-0.0003667821583803,-0.0019589969888329,,,47.3979713,8.5461634,normal,0.0
1776222411.9081736,2026-04-15T03:06:51.908174,normal_triangle,2,47.3979713,8.5461634,0.3520000278949737,-0.0340000018477439,0.0,-0.0099999997764825,-0.0199999995529651,-0.0660002306103706,-0.0044943587854504,-9.776525497436523,0.0002271394478157,-0.0003667821583803,-0.0019589969888329,,,47.3979713,8.5461634,normal,0.0
1776222412.0208516,2026-04-15T03:06:52.020852,normal_triangle,2,47.3979713,8.5461634,0.3520000278949737,-0.0340000018477439,0.0,-0.0099999997764825,-0.0199999995529651,-0.0660002306103706,-0.0044943587854504,-9.776525497436523,0.0002271394478157,-0.0003667821583803,-0.0019589969888329,,,47.3979713,8.5461634,normal,0.0
1776222412.1269858,2026-04-15T03:06:52.126986,normal_triangle,2,47.3979713,8.5461634,0.3510000109672546,-0.0350000001490116,0.0,-0.0099999997764825,-0.0199999995529651,-0.0720698833465576,-0.0063058584928512,-9.772132873535156,-8.603582500654738e-06,0.0004321853921283,0.0003740271204151,,,47.3979713,8.5461634,normal,0.0
1776222412.229503,2026-04-15T03:06:52.229503,normal_triangle,2,47.3979713,8.5461634,0.3510000109672546,-0.0350000001490116,0.0,-0.0099999997764825,-0.0199999995529651,-0.0720698833465576,-0.0063058584928512,-9.772132873535156,-8.603582500654738e-06,0.0004321853921283,0.0003740271204151,,,47.3979713,8.5461634,normal,0.0
1776222412.336924,2026-04-15T03:06:52.336924,normal_triangle,2,47.3979713,8.5461634,0.3510000109672546,-0.0350000001490116,0.0,-0.0099999997764825,-0.0199999995529651,-0.0720698833465576,-0.0063058584928512,-9.772132873535156,-8.603582500654738e-06,0.0004321853921283,0.0003740271204151,,,47.3979713,8.5461634,normal,0.0
1776222412.4389513,2026-04-15T03:06:52.438951,normal_triangle,2,47.3979713,8.5461634,0.3500000238418579,-0.0350000001490116,0.0,-0.0099999997764825,-0.0199999995529651,-0.0686880201101303,-0.0095395147800445,-9.775758743286133,-0.0006270693847909,9.096083522308618e-05,-0.0001183844724437,,,47.3979713,8.5461634,normal,0.0
1776222412.5489652,2026-04-15T03:06:52.548965,normal_triangle,2,47.39797185949239,8.54616422654854,0.3500000238418579,-0.0350000001490116,0.0,-0.0099999997764825,-0.0199999995529651,-0.0686880201101303,-0.0095395147800445,-9.775758743286133,-0.0006270693847909,9.096083522308618e-05,-0.0001183844724437,,,47.3979713,8.5461634,attack,0.059
1776222412.6508396,2026-04-15T03:06:52.650840,normal_triangle,2,47.39797283197996,8.546165663222578,0.3470000028610229,-0.038000002503395,0.0,-0.0099999997764825,-0.0199999995529651,-0.0674224272370338,-0.0195707622915506,-9.774348258972168,-0.0001874051085906,0.0007607285515405,0.0008719817269593,,,47.3979713,8.5461634,attack,0.16
1776222412.756287,2026-04-15T03:06:52.756287,normal_triangle,2,47.39797383857694,8.546167150287062,0.3470000028610229,-0.038000002503395,0.0,-0.0099999997764825,-0.0199999995529651,-0.0703370869159698,-0.0088402209803462,-9.774709701538086,-0.0002910211333073,0.000257406005403,-0.000468966551125,,,47.3979713,8.5461634,attack,0.266
1776222412.8589528,2026-04-15T03:06:52.858953,normal_triangle,2,47.39797481861833,8.546168598120497,0.3460000157356262,-0.0390000008046627,0.0,-0.0099999997764825,-0.0199999995529651,-0.0703370869159698,-0.0088402209803462,-9.774709701538086,-0.0002910211333073,0.000257406005403,-0.000468966551125,,,47.3979713,8.5461634,attack,0.369
1776222412.9622304,2026-04-15T03:06:52.962230,normal_triangle,2,47.397975804502046,8.546170054584898,0.3450000286102295,-0.0400000028312206,0.0,-0.0099999997764825,-0.0199999995529651,-0.0565822906792163,-0.0137868644669651,-9.777976036071776,0.0002461724798195,-0.0003411156940273,-0.0010939588537439,,,47.3979713,8.5461634,attack,0.472
1776222413.0662572,2026-04-15T03:06:53.066257,normal_triangle,2,47.397976797536735,8.546171521613573,0.3440000116825104,-0.0410000011324882,0.0,-0.0099999997764825,-0.0199999995529651,-0.0565822906792163,-0.0137868644669651,-9.777976036071776,0.0002461724798195,-0.0003411156940273,-0.0010939588537439,,,47.3979713,8.5461634,attack,0.576
1776222413.1725988,2026-04-15T03:06:53.172599,normal_triangle,2,47.39797781266846,8.546173021286595,0.3440000116825104,-0.0410000011324882,0.0,-0.0099999997764825,-0.0199999995529651,-0.0565822906792163,-0.0137868644669651,-9.777976036071776,0.0002461724798195,-0.0003411156940273,-0.0010939588537439,,,47.3979713,8.5461634,attack,0.682
1776222413.2749865,2026-04-15T03:06:53.274987,normal_triangle,2,47.397978790056115,8.546174465199616,0.3440000116825104,-0.0410000011324882,0.0,-0.0099999997764825,-0.0199999995529651,-0.0642726421356201,-0.0058407974429428,-9.784002304077148,-0.0010383033659309,-0.0004580026725307,-0.0004141085955779,,,47.3979713,8.5461634,attack,0.785
1776222413.377229,2026-04-15T03:06:53.377229,normal_triangle,2,47.39797976605773,8.54617590706501,0.3430000245571136,-0.0420000031590461,0.0,-0.0099999997764825,-0.0099999997764825,-0.0705344006419181,-0.0081299170851707,-9.773163795471191,8.912960765883327e-06,0.0001734322722768,-0.0005244660424068,,,47.3979713,8.5461634,attack,0.887
1776222413.4791186,2026-04-15T03:06:53.479119,normal_triangle,2,47.39798073869097,8.546177343954234,0.3420000076293945,-0.0430000014603138,0.0,-0.0099999997764825,-0.0099999997764825,-0.0627129673957824,0.0007331611122936,-9.762284278869627,-0.0007881135679781,-0.0001964686234714,-0.000362323160516,,,47.3979713,8.5461634,attack,0.989
1776222413.5832613,2026-04-15T03:06:53.583261,normal_triangle,2,47.39798173283176,8.546178812616976,0.3420000076293945,-0.0440000034868717,0.0,-0.0099999997764825,-0.0099999997764825,-0.0665337145328521,-0.0113762784749269,-9.766879081726074,-0.0004890925483778,0.0005615803529508,0.0001169534225482,,,47.3979713,8.5461634,attack,1.093
1776222413.686997,2026-04-15T03:06:53.686997,normal_triangle,2,47.39798272308754,8.54618027554031,0.3410000205039978,-0.0440000034868717,0.0,-0.0099999997764825,-0.0099999997764825,-0.0624256394803524,-0.0101258307695388,-9.76897430419922,-0.0009464080794714,0.0010222401469945,0.0004175014037173,,,47.3979713,8.5461634,attack,1.197
1776222413.7908978,2026-04-15T03:06:53.790898,normal_triangle,2,47.39798371492054,8.546181740793703,0.3410000205039978,-0.0440000034868717,0.0,-0.0099999997764825,-0.0099999997764825,-0.0691576227545738,-0.0080716265365481,-9.77997875213623,-0.0003637350164353,-0.0001081202644854,-0.0002483460702933,,,47.3979713,8.5461634,attack,1.301
1776222413.8949597,2026-04-15T03:06:53.894960,normal_triangle,2,47.39798470828979,8.546183208316632,0.3400000035762787,-0.0450000017881393,0.0,-0.0099999997764825,-0.0099999997764825,-0.0643626898527145,-0.0054856878705322,-9.772314071655272,0.000422544660978,0.0003939952875953,-0.0001645050942897,,,47.3979713,8.5461634,attack,1.405
1776222413.999187,2026-04-15T03:06:53.999187,normal_triangle,2,47.39798570323855,8.546184678172983,0.3400000035762787,-0.0450000017881393,0.0,-0.0099999997764825,-0.0099999997764825,-0.0643626898527145,-0.0054856878705322,-9.772314071655272,0.000422544660978,0.0003939952875953,-0.0001645050942897,,,47.3979713,8.5461634,attack,1.509
1776222414.105354,2026-04-15T03:06:54.105354,normal_triangle,2,47.39798671670428,8.546186175384817,0.3390000164508819,-0.0460000038146972,0.0,-0.0099999997764825,-0.0099999997764825,-0.0725482180714607,-0.0057693002745509,-9.767183303833008,5.346559191821143e-05,0.0002217993460362,1.1846026609418914e-05,,,47.3979713,8.5461634,attack,1.615
1776222414.2071953,2026-04-15T03:06:54.207195,normal_triangle,2,47.3979876888755,8.546187611591499,0.3390000164508819,-0.0460000038146972,0.0,-0.0099999997764825,-0.0099999997764825,-0.0725482180714607,-0.0057693002745509,-9.767183303833008,5.346559191821143e-05,0.0002217993460362,1.1846026609418914e-05,,,47.3979713,8.5461634,attack,1.717
1776222414.3096273,2026-04-15T03:06:54.309627,normal_triangle,2,47.39798866668648,8.546189056129904,0.3390000164508819,-0.0470000021159648,0.0,-0.0099999997764825,-0.0099999997764825,-0.0682513415813446,-0.0043894960545003,-9.779590606689451,-0.00016015242727,-0.0004328003560658,0.0003414322272874,,,47.3979713,8.5461634,attack,1.819
1776222414.4111044,2026-04-15T03:06:54.411104,normal_triangle,2,47.39798963538236,8.54619048720239,0.3380000293254852,-0.0470000021159648,0.0,-0.0099999997764825,-0.0099999997764825,-0.074386291205883,-0.0089441109448671,-9.767467498779297,0.0010881716152653,-0.00020306542865,0.0002040793478954,,,47.3979713,8.5461634,attack,1.921
1776222414.5185685,2026-04-15T03:06:54.518569,normal_triangle,2,47.39799066122916,8.546192002705011,0.3370000123977661,-0.0480000004172325,0.0,-0.0099999997764825,-0.0099999997764825,-0.0652186498045921,-0.0135552985593676,-9.765097618103027,0.0002714469737838,0.0013023016508668,0.0002681258192751,,,47.3979713,8.5461634,attack,2.028
1776222414.6202898,2026-04-15T03:06:54.620290,normal_triangle,2,47.39799163225559,8.546193437220467,0.3360000252723694,-0.0490000024437904,0.0,-0.0099999997764825,-0.0099999997764825,-0.0687712877988815,-0.001441603875719,-9.780824661254885,0.0007445111987181,0.001286537037231,-0.0006740884273312,,,47.3979713,8.5461634,attack,2.13
1776222414.7248976,2026-04-15T03:06:54.724898,normal_triangle,2,47.39799263083673,8.546194912443012,0.3360000252723694,-0.0490000024437904,0.0,-0.0099999997764825,-0.0099999997764825,-0.0687712877988815,-0.001441603875719,-9.780824661254885,0.0007445111987181,0.001286537037231,-0.0006740884273312,,,47.3979713,8.5461634,attack,2.235
1776222414.8372176,2026-04-15T03:06:54.837218,normal_triangle,2,47.39799370303744,8.546196596425128,0.3360000252723694,-0.0490000024437904,0.0,-0.0099999997764825,0.0,-0.0645765140652656,-0.0094286575913429,-9.772068977355955,0.0002863805566448,-9.1954309027642e-05,-0.0003988802782259,,,47.3979713,8.5461635,attack,2.347
1776222414.9399047,2026-04-15T03:06:54.939905,normal_triangle,2,47.39799468328367,8.54619804456117,0.3360000252723694,-0.0490000024437904,0.0,-0.0099999997764825,0.0,-0.0645765140652656,-0.0094286575913429,-9.772068977355955,0.0002863805566448,-9.1954309027642e-05,-0.0003988802782259,,,47.3979713,8.5461635,attack,2.45
1776222415.0442023,2026-04-15T03:06:55.044202,normal_triangle,2,47.397995678903825,8.546199515409391,0.3350000083446502,-0.050000000745058,0.0,-0.0099999997764825,0.0,-0.0690037310123443,-0.0075426073744893,-9.775956153869627,-0.0009707887656986,0.0005520372651517,0.0001532618625788,,,47.3979713,8.5461635,attack,2.554
1776222415.1476307,2026-04-15T03:06:55.147631,normal_triangle,2,47.39799666622593,8.54620097399875,0.3350000083446502,-0.050000000745058,0.0,-0.0099999997764825,0.0,-0.0690037310123443,-0.0075426073744893,-9.775956153869627,-0.0009707887656986,0.0005520372651517,0.0001532618625788,,,47.3979713,8.5461635,attack,2.657
1776222415.2529387,2026-04-15T03:06:55.252939,normal_triangle,2,47.397997671491474,8.546202459096301,0.3340000212192535,-0.0510000027716159,0.0,-0.0099999997764825,0.0,-0.0665323063731193,-0.0111404713243246,-9.776612281799316,-0.0002234222920378,0.0002083497820422,0.0005263174534775,,,47.3979713,8.5461635,attack,2.763
1776222415.3547812,2026-04-15T03:06:55.354781,normal_triangle,2,47.39799864367408,8.546203895319795,0.3320000171661377,-0.0530000030994415,0.0,-0.0099999997764825,0.0,-0.0651397407054901,-0.0134286163374781,-9.783291816711426,0.0004897620528936,1.7017559002852067e-05,-0.0003078416048083,,,47.3979713,8.5461635,attack,2.864
1776222415.456054,2026-04-15T03:06:55.456054,normal_triangle,2,47.39799961041948,8.54620532351081,0.3310000300407409,-0.0540000014007091,0.0,-0.0099999997764825,0.0,-0.0683397054672241,-0.0098319659009575,-9.776320457458496,0.000578228093218,0.0016620502574369,-0.0008167551713995,,,47.3979713,8.5461635,attack,2.966
1776222415.5596747,2026-04-15T03:06:55.559675,normal_triangle,2,47.39800059957826,8.546206784813526,0.3300000131130218,-0.055000003427267,0.0,0.0,0.0,-0.0642236247658729,-0.0119519708678126,-9.770217895507812,0.0003738574159797,0.0004126251151319,0.0005161595763638,,,47.3979713,8.5461635,attack,3.069
1776222415.6599674,2026-04-15T03:06:55.659967,normal_triangle,2,47.3980015569673,8.54620819918222,0.3300000131130218,-0.055000003427267,0.0,0.0,0.0,-0.0648550540208816,-0.0075516318902373,-9.778900146484377,0.0002659658784978,0.0005166693590581,-0.0006985151558183,,,47.3979713,8.5461635,attack,3.17
1776222415.7642393,2026-04-15T03:06:55.764239,normal_triangle,2,47.39800255234165,8.546209669667315,0.3300000131130218,-0.055000003427267,0.0,0.0,0.0,-0.065683402121067,-0.0054189460352063,-9.7719087600708,-0.0011828168062493,-0.0003358935355208,2.088825931423344e-05,,,47.3979713,8.5461635,attack,3.274
1776222415.8674986,2026-04-15T03:06:55.867499,normal_triangle,2,47.39800353805012,8.546211125872821,0.3290000259876251,-0.0560000017285347,0.0,0.0,0.0,-0.065683402121067,-0.0054189460352063,-9.7719087600708,-0.0011828168062493,-0.0003358935355208,2.088825931423344e-05,,,47.3979713,8.5461635,attack,3.377
1776222415.972294,2026-04-15T03:06:55.972294,normal_triangle,2,47.39800453842241,8.546212603741477,0.328000009059906,-0.0570000037550926,0.0,0.0,0.0,-0.0680442452430725,-0.0086807552725076,-9.773675918579102,-0.0010212785564363,-5.749470801674761e-06,0.0004147255676798,,,47.3979713,8.5461635,attack,3.482
1776222416.0749586,2026-04-15T03:06:56.074959,normal_triangle,2,47.39800551845243,8.5462140515581,0.328000009059906,-0.0570000037550926,0.0,0.0,0.0,-0.0680442452430725,-0.0086807552725076,-9.773675918579102,-0.0010212785564363,-5.749470801674761e-06,0.0004147255676798,,,47.3979713,8.5461635,attack,3.585
1776222416.182155,2026-04-15T03:06:56.182155,normal_triangle,2,47.398006541743364,8.546215563284886,0.3270000219345093,-0.0580000020563602,0.0,0.0,0.0,-0.0721530094742775,-0.008293186314404,-9.769912719726562,-0.0005536691751331,0.0004873979487456,-0.0001556618226459,,,47.3979713,8.5461635,attack,3.692
1776222416.2857275,2026-04-15T03:06:56.285728,normal_triangle,2,47.398007530442406,8.546217123908422,0.3270000219345093,-0.0590000040829181,0.0,0.0,0.0,-0.0660016611218452,-0.0101887546479702,-9.773706436157228,0.0002607467758934,-0.0005737341125495,0.0001898006594274,97.0,16.130001068115234,47.3979713,8.5461636,attack,3.795
1776222416.3919442,2026-04-15T03:06:56.391944,normal_triangle,2,47.39800854438153,8.54621862181961,0.3260000050067901,-0.0590000040829181,0.0,0.0,0.0,-0.060218509286642,-0.0056012817658483,-9.773033142089844,0.0002776689652819,0.000654260336887,0.0002293557045049,97.0,16.130001068115234,47.3979713,8.5461636,attack,3.902
1776222416.4942992,2026-04-15T03:06:56.494299,normal_triangle,2,47.39800952145739,8.546220065272,0.3250000178813934,-0.0600000023841857,0.0,0.0,0.0,-0.0595666281878948,-0.0128521937876939,-9.768325805664062,-0.0001825776562327,-0.0001941042864928,0.0011568663176149,97.0,16.130001068115234,47.3979713,8.5461636,attack,4.004
1776222416.5989013,2026-04-15T03:06:56.598901,normal_triangle,2,47.398010519983906,8.546221540413848,0.3250000178813934,-0.0600000023841857,0.0,0.0,0.0,-0.0595666281878948,-0.0128521937876939,-9.768325805664062,-0.0001825776562327,-0.0001941042864928,0.0011568663176149,97.0,16.130001068115234,47.3979713,8.5461636,attack,4.109
1776222416.7075722,2026-04-15T03:06:56.707572,normal_triangle,2,47.39801155735148,8.546223072936316,0.3240000009536743,-0.0610000044107437,0.0,0.0,0.0,-0.0739114806056022,-0.0098441783338785,-9.765259742736816,-0.0003560170298442,0.0009210849530063,0.000277611601632,97.0,16.130001068115234,47.3979713,8.5461636,attack,4.217
1776222416.810629,2026-04-15T03:06:56.810629,normal_triangle,2,47.398012541125404,8.546224526283886,0.3230000138282776,-0.0620000027120113,0.0,0.0,0.0,-0.0709798783063888,-0.0095331966876983,-9.773880004882812,0.000786276650615,-9.38478551688604e-05,0.000450117920991,97.0,16.130001068115234,47.3979713,8.5461636,attack,4.32
1776222416.9171724,2026-04-15T03:06:56.917172,normal_triangle,2,47.398013558184836,8.546226028804757,0.3230000138282776,-0.0620000027120113,0.0,0.0,0.0,-0.0709798783063888,-0.0095331966876983,-9.773880004882812,0.000786276650615,-9.38478551688604e-05,0.000450117920991,97.0,16.130001068115234,47.3979713,8.5461636,attack,4.427
1776222417.02435,2026-04-15T03:06:57.024350,normal_triangle,2,47.39801458129597,8.546227540265921,0.3230000138282776,-0.0620000027120113,0.0,0.0,0.0,-0.0638003200292587,-0.0058460929431021,-9.769094467163086,-0.0013371795648708,0.0010986172128468,-9.397233952768148e-05,97.0,16.130001068115234,47.3979713,8.5461636,attack,4.534
1776222417.126571,2026-04-15T03:06:57.126571,normal_triangle,2,47.398015557092755,8.54622898182871,0.3230000138282776,-0.0620000027120113,0.0,0.0,0.0,-0.0638003200292587,-0.0058460929431021,-9.769094467163086,-0.0013371795648708,0.0010986172128468,-9.397233952768148e-05,97.0,16.130001068115234,47.3979713,8.5461636,attack,4.636
1776222417.229144,2026-04-15T03:06:57.229144,normal_triangle,2,47.398016536251085,8.546230428357582,0.3230000138282776,-0.0620000027120113,0.0,0.0,0.0,-0.0638003200292587,-0.0058460929431021,-9.769094467163086,-0.0013371795648708,0.0010986172128468,-9.397233952768148e-05,97.0,16.130001068115234,47.3979713,8.5461636,attack,4.739
1776222417.3311217,2026-04-15T03:06:57.331122,normal_triangle,2,47.39801750972414,8.546231866487487,0.3220000267028808,-0.0630000010132789,0.0,0.0,0.0,-0.0732069164514541,-0.0077979993075132,-9.771098136901855,-4.752385575557128e-05,-0.0004319373401813,0.0004685769090428,97.0,16.130001068115234,47.3979713,8.5461636,attack,4.841
1776222417.435191,2026-04-15T03:06:57.435191,normal_triangle,2,47.39801850316395,8.546233334114648,0.3210000097751617,-0.0640000030398368,0.0,0.0,0.0,-0.0623461566865444,-0.0067374049685895,-9.773130416870115,-0.0007353451219387,-4.976837226422504e-05,0.0001125118797062,97.0,16.130001068115234,47.3979713,8.5461636,attack,4.945
1776222417.5417922,2026-04-15T03:06:57.541792,normal_triangle,2,47.398019520774156,8.54623483744919,0.320000022649765,-0.0650000050663948,0.0,0.0,0.0,-0.0632318407297134,-0.0097798323258757,-9.779633522033691,-0.0001483579690102,4.174932473688386e-05,4.895595338894054e-06,97.0,16.130001068115234,47.3979713,8.5461636,attack,5.051
1776222417.6438537,2026-04-15T03:06:57.643854,normal_triangle,2,47.39802049504834,8.546236376762614,0.320000022649765,-0.0650000050663948,0.0,0.0,0.0,-0.0643402636051178,-0.0086559448391199,-9.763638496398926,0.0014902278780937,-0.0003443525056354,-0.0011536843376234,97.0,16.130001068115234,47.3979713,8.5461637,attack,5.153
1776222417.747836,2026-04-15T03:06:57.747836,normal_triangle,2,47.398021487659705,8.546237843165905,0.3190000057220459,-0.0659999996423721,0.0,0.0,0.0,-0.076716735959053,-0.0062396051362156,-9.771825790405272,-0.0004596650542225,-0.0001128887379309,0.0001073159583029,97.0,16.130001068115234,47.3979713,8.5461637,attack,5.257
1776222417.8536732,2026-04-15T03:06:57.853673,normal_triangle,2,47.39802249797555,8.54623933572435,0.3190000057220459,-0.0659999996423721,0.0,0.0,0.0,-0.0688247382640838,-0.0077193072065711,-9.769830703735352,-0.0003345579607412,-1.8889741113525812e-05,-0.0006597352330572,97.0,16.130001068115234,47.3979713,8.5461637,attack,5.363
1776222417.9619362,2026-04-15T03:06:57.961936,normal_triangle,2,47.398023531449006,8.54624086249396,0.3180000185966491,-0.06700000166893,0.0,0.0,0.0,-0.0688247382640838,-0.0077193072065711,-9.769830703735352,-0.0003345579607412,-1.8889741113525812e-05,-0.0006597352330572,97.0,16.130001068115234,47.3979713,8.5461637,attack,5.472
1776222418.067603,2026-04-15T03:06:58.067603,normal_triangle,2,47.398024540139836,8.546242352651738,0.3180000185966491,-0.0680000036954879,0.0,0.0,0.0099999997764825,-0.062099415808916,-0.0068158963695168,-9.77114486694336,0.0004971381858922,-0.0003145534428767,-0.0005553108057938,97.0,16.130001068115234,47.3979713,8.5461637,attack,5.577
1776222418.169684,2026-04-15T03:06:58.169684,normal_triangle,2,47.398025514598366,8.546243792237508,0.3180000185966491,-0.0680000036954879,0.0,0.0,0.0099999997764825,-0.062099415808916,-0.0068158963695168,-9.77114486694336,0.0004971381858922,-0.0003145534428767,-0.0005553108057938,97.0,16.130001068115234,47.3979713,8.5461637,attack,5.679
1776222418.270976,2026-04-15T03:06:58.270976,normal_triangle,2,47.39802648152812,8.546245220700868,0.31700000166893,-0.0680000036954879,0.0,0.0,0.0099999997764825,-0.062059249728918,-0.0015599901089444,-9.772522926330566,-0.000539167842362,0.0005100584239698,1.118832005886361e-05,97.0,16.130001068115234,47.3979713,8.5461637,attack,5.781
1776222418.380278,2026-04-15T03:06:58.380278,normal_triangle,2,47.39802752492008,8.546246762123282,0.3160000145435333,-0.0690000057220459,0.0,0.0,0.0099999997764825,-0.0606423467397689,-0.0033475123345851,-9.770430564880373,-0.0007289712084457,-0.0001113404869101,-0.0006299318629316,97.0,16.130001068115234,47.3979713,8.5461637,attack,5.89
1776222418.4945486,2026-04-15T03:06:58.494549,normal_triangle,2,47.3980286157402,8.546248373612185,0.3140000104904175,-0.0710000023245811,0.0,0.0,0.0099999997764825,-0.0669951662421226,-0.0078041534870862,-9.770719528198242,-8.340118074556813e-05,-0.000374183349777,-0.0002734968438744,97.0,16.130001068115234,47.3979713,8.5461637,attack,6.004
1776222418.6030817,2026-04-15T03:06:58.603081,normal_triangle,2,47.398029651792285,8.546249904191257,0.3140000104904175,-0.072000004351139,0.0,0.0,0.0099999997764825,-0.0659896731376648,-0.0106642730534076,-9.771389961242676,0.000351310824044,-2.581015542091336e-05,-0.0008959036786109,97.0,16.130001068115234,47.3979713,8.5461637,attack,6.113
1776222418.7371192,2026-04-15T03:06:58.737119,normal_triangle,2,47.39803093130765,8.54625179444318,0.3140000104904175,-0.072000004351139,0.0,0.0,0.0099999997764825,-0.0659896731376648,-0.0106642730534076,-9.771389961242676,0.000351310824044,-2.581015542091336e-05,-0.0008959036786109,97.0,16.130001068115234,47.3979713,8.5461637,attack,6.247
1776222418.8416915,2026-04-15T03:06:58.841692,normal_triangle,2,47.398031929549674,8.546253269164744,0.3130000233650207,-0.072000004351139,0.0,0.0,0.0099999997764825,-0.0735302940011024,-0.010439084842801,-9.771944999694824,-0.0002360599319217,0.0008886334835551,8.404523396166041e-05,97.0,16.130001068115234,47.3979713,8.5461637,attack,6.351
1776222418.9752898,2026-04-15T03:06:58.975290,normal_triangle,2,47.39803320487278,8.546255253223354,0.3120000064373016,-0.0730000063776969,0.0,0.0,0.0099999997764825,-0.0646949782967567,-0.0052860747091472,-9.773476600646973,-0.0005796804325655,-0.000481705967104,-0.0003716768405865,97.0,16.130001068115234,47.3979713,8.5461638,attack,6.485
1776222419.085204,2026-04-15T03:06:59.085204,normal_triangle,2,47.39803425410706,8.546256803276732,0.3120000064373016,-0.0730000063776969,0.0,0.0,0.0099999997764825,-0.0646949782967567,-0.0052860747091472,-9.773476600646973,-0.0005796804325655,-0.000481705967104,-0.0003716768405865,97.0,16.130001068115234,47.3979713,8.5461638,attack,6.595
1776222419.192648,2026-04-15T03:06:59.192648,normal_triangle,2,47.39803527976269,8.546258318496923,0.3120000064373016,-0.0730000063776969,0.0,0.0,0.0099999997764825,-0.0674089267849922,-0.0033019636757671,-9.781216621398926,-0.0006145696388557,-0.0007404185016639,0.0002910673501901,97.0,16.130001068115234,47.3979713,8.5461638,attack,6.702
1776222419.2978618,2026-04-15T03:06:59.297862,normal_triangle,2,47.39803628412925,8.546259802266375,0.3110000193119049,-0.0740000009536743,0.0,0.0,0.0099999997764825,-0.0674089267849922,-0.0033019636757671,-9.781216621398926,-0.0006145696388557,-0.0007404185016639,0.0002910673501901,97.0,16.130001068115234,47.3979713,8.5461638,attack,6.808
1776222419.4000146,2026-04-15T03:06:59.400015,normal_triangle,2,47.398037259275114,8.546261242867553,0.3110000193119049,-0.0740000009536743,0.0,0.0,0.0099999997764825,-0.0674089267849922,-0.0033019636757671,-9.781216621398926,-0.0006145696388557,-0.0007404185016639,0.0002910673501901,97.0,16.130001068115234,47.3979713,8.5461638,attack,6.91
1776222419.5007997,2026-04-15T03:06:59.500800,normal_triangle,2,47.398038221363954,8.546262664179348,0.3100000023841858,-0.0750000029802322,0.0,0.0,0.0099999997764825,-0.0597515255212783,-0.0074074249714612,-9.771084785461426,0.0004769788065459,-0.0018686115508899,0.0010329539654776,97.0,16.130001068115234,47.3979713,8.5461638,attack,7.01
1776222419.6027076,2026-04-15T03:06:59.602708,normal_triangle,2,47.39803919417244,8.546264101327468,0.309000015258789,-0.0760000050067901,0.0,0.0,0.0099999997764825,-0.0704631879925727,-0.0146186789497733,-9.777361869812012,0.0003458856081124,0.0003907733771484,0.0006949655944481,97.0,16.130001068115234,47.3979713,8.5461638,attack,7.112
1776222419.7060242,2026-04-15T03:06:59.706024,normal_triangle,2,47.39804018042713,8.54626555833992,0.3080000281333923,-0.077000007033348,0.0,0.0,0.0099999997764825,-0.0612329207360744,-0.0161609686911106,-9.775139808654783,0.0005827781860716,-0.001359962276183,-0.0012293854961171,97.0,16.130001068115234,47.3979713,8.5461638,attack,7.216
1776222419.809924,2026-04-15T03:06:59.809924,normal_triangle,2,47.398041172248746,8.546267023576501,0.3070000112056732,-0.0780000016093254,0.0,0.0,0.0199999995529651,-0.0716122016310691,-0.0080073187127709,-9.777111053466797,0.0003266205603722,0.0001979272783501,-0.000760049035307,97.0,16.130001068115234,47.3979713,8.5461638,attack,7.32
1776222419.9146986,2026-04-15T03:06:59.914699,normal_triangle,2,47.39804217242304,8.546268501152639,0.3060000240802765,-0.0790000036358833,0.0,0.0,0.0199999995529651,-0.0683394372463226,-0.0078264288604259,-9.774925231933594,-0.0004166694998275,0.0001783837651601,0.0001015477537293,97.0,16.130001068115234,47.3979713,8.5461638,attack,7.424
1776222420.0170822,2026-04-15T03:07:00.017082,normal_triangle,2,47.39804314977201,8.5462699450085,0.3060000240802765,-0.0790000036358833,0.0,0.0,0.0199999995529651,-0.0683394372463226,-0.0078264288604259,-9.774925231933594,-0.0004166694998275,0.0001783837651601,0.0001015477537293,97.0,16.130001068115234,47.3979713,8.5461638,attack,7.527
1776222420.1246846,2026-04-15T03:07:00.124685,normal_triangle,2,47.39804417693885,8.546271462461243,0.3060000240802765,-0.0790000036358833,0.0,0.0,0.0199999995529651,-0.0683394372463226,-0.0078264288604259,-9.774925231933594,-0.0004166694998275,0.0001783837651601,0.0001015477537293,97.0,16.130001068115234,47.3979713,8.5461638,attack,7.634
1776222420.2288716,2026-04-15T03:07:00.228872,normal_triangle,2,47.39804517150297,8.546272931749368,0.3050000071525574,-0.0800000056624412,0.0,0.0,0.0199999995529651,-0.0701001212000846,-0.0104133104905486,-9.770642280578612,0.0005388187128119,0.0008795149042271,0.00037523303763,97.0,16.130001068115234,47.3979713,8.5461638,attack,7.739
1776222420.3333464,2026-04-15T03:07:00.333346,normal_triangle,2,47.39804616881414,8.546274405095762,0.3040000200271606,-0.0810000002384185,0.0,0.0,0.0199999995529651,-0.0619565285742282,-0.0053841518238186,-9.77863597869873,0.0008471343899145,0.0004605882277246,0.0004406174994073,97.0,16.130001068115234,47.3979713,8.5461638,attack,7.843
1776222420.4356775,2026-04-15T03:07:00.435678,normal_triangle,2,47.3980471456624,8.546275848211922,0.3030000030994415,-0.0820000022649765,0.0,0.0,0.0199999995529651,-0.0653174966573715,-0.0034139212220907,-9.7771577835083,-0.0011088538449257,-0.0002656716387718,-0.0002259002649225,97.0,16.130001068115234,47.3979713,8.5461638,attack,7.945
1776222420.5393877,2026-04-15T03:07:00.539388,normal_triangle,2,47.39804813567466,8.546277310775494,0.3030000030994415,-0.0820000022649765,0.0,0.0,0.0199999995529651,-0.0653174966573715,-0.0034139212220907,-9.7771577835083,-0.0011088538449257,-0.0002656716387718,-0.0002259002649225,97.0,16.130001068115234,47.3979713,8.5461638,attack,8.049
1776222420.644283,2026-04-15T03:07:00.644283,normal_triangle,2,47.39804913700057,8.546278790052943,0.3020000159740448,-0.0830000042915344,0.0,0.0,0.0199999995529651,-0.0696479603648185,-0.0025015547871589,-9.784553527832031,7.049948180792853e-07,-0.0002868429583031,3.8219070120248944e-05,97.0,16.130001068115234,47.3979713,8.5461638,attack,8.154
1776222420.755148,2026-04-15T03:07:00.755148,normal_triangle,2,47.39805019531127,8.546280353515083,0.301000028848648,-0.0840000063180923,0.0,0.0,0.0199999995529651,-0.0580515824258327,-0.0035215765237808,-9.770050048828123,-0.0001980521483346,0.0003738964151125,-0.0003919695445802,97.0,16.130001068115234,47.3979713,8.5461638,attack,8.265
1776222420.857895,2026-04-15T03:07:00.857895,normal_triangle,2,47.39805117612876,8.546281802495056,0.301000028848648,-0.0850000008940696,0.0,0.0,0.0199999995529651,-0.063946709036827,-0.0093593364581465,-9.770447731018066,-0.0002579712017904,0.0002663428604137,-0.0002418363001197,97.0,16.130001068115234,47.3979713,8.5461638,attack,8.368
1776222420.9621177,2026-04-15T03:07:00.962118,normal_triangle,2,47.398052171034266,8.546283272287521,0.301000028848648,-0.0850000008940696,0.0,0.0,0.0199999995529651,-0.063946709036827,-0.0093593364581465,-9.770447731018066,-0.0002579712017904,0.0002663428604137,-0.0002418363001197,97.0,16.130001068115234,47.3979713,8.5461638,attack,8.472
1776222421.0701108,2026-04-15T03:07:01.070111,normal_triangle,2,47.39805320193136,8.546284795251037,0.3000000119209289,-0.0850000008940696,0.0,0.0,0.0199999995529651,-0.0652371868491172,-0.0130558302626013,-9.775529861450195,0.0006743439589627,-0.0001472797594033,0.0006282404065132,97.0,16.130001068115234,47.3979713,8.5461638,attack,8.58
1776222421.17242,2026-04-15T03:07:01.172420,normal_triangle,2,47.39805417857024,8.546286238057867,0.2990000247955322,-0.0860000029206276,0.0,0.0,0.0199999995529651,-0.0642086341977119,-0.006611403543502,-9.774389266967772,0.000133213630761,7.115793414413929e-05,0.0004255488165654,97.0,16.130001068115234,47.3979713,8.5461638,attack,8.682
1776222421.2950828,2026-04-15T03:07:01.295083,normal_triangle,2,47.39805534950317,8.54628796789892,0.2950000166893005,-0.0900000035762786,0.0,0.0,0.0199999995529651,-0.0685110464692115,-0.0120812850072979,-9.774096488952637,-0.0002149281208403,-0.000423131044954,0.0003225716354791,97.0,16.130001068115234,47.3979713,8.5461638,attack,8.805
1776222421.41514,2026-04-15T03:07:01.415140,normal_triangle,2,47.39805649556243,8.546289660993647,0.2930000126361847,-0.0920000076293945,0.0,0.0,0.0299999993294477,-0.0630570277571678,-0.000402984325774,-9.775473594665527,-6.671097798971459e-05,0.0008772968431003,0.000607248628512,97.0,16.130001068115234,47.3979713,8.5461638,attack,8.925
1776222421.550634,2026-04-15T03:07:01.550634,normal_triangle,2,47.39805778898147,8.54629157178572,0.2930000126361847,-0.0920000076293945,0.0,0.0,0.0299999993294477,-0.0630570277571678,-0.000402984325774,-9.775473594665527,-6.671097798971459e-05,0.0008772968431003,0.000607248628512,97.0,16.130001068115234,47.3979713,8.5461638,attack,9.06
1776222421.6559403,2026-04-15T03:07:01.655941,normal_triangle,2,47.39805879423108,8.546293056859735,0.2930000126361847,-0.0920000076293945,0.0,0.0,0.0299999993294477,-0.0630570277571678,-0.000402984325774,-9.775473594665527,-6.671097798971459e-05,0.0008772968431003,0.000607248628512,97.0,16.130001068115234,47.3979713,8.5461638,attack,9.166
1776222421.7650435,2026-04-15T03:07:01.765044,normal_triangle,2,47.39805983572492,8.54629459547801,0.2920000255107879,-0.0940000042319297,0.0,0.0,0.0299999993294477,-0.068469226360321,-0.0090100895613431,-9.77451229095459,-0.0005529707996174,-0.0003930191451217,0.0006252188468351,97.0,16.130001068115234,47.3979713,8.5461638,attack,9.275
1776222421.8746915,2026-04-15T03:07:01.874691,normal_triangle,2,47.398060882419266,8.546296141779088,0.2920000255107879,-0.0940000042319297,0.0,0.0,0.0299999993294477,-0.068469226360321,-0.0090100895613431,-9.77451229095459,-0.0005529707996174,-0.0003930191451217,0.0006252188468351,97.0,16.130001068115234,47.3979713,8.5461638,attack,9.384
1776222421.979499,2026-04-15T03:07:01.979499,normal_triangle,2,47.39806188290763,8.54629761981922,0.2900000214576721,-0.0950000062584877,0.0,0.0,0.0299999993294477,-0.0687524005770683,-0.0040831575170159,-9.776432991027832,-0.000705418002326,-0.0001147832808783,-0.0005030691390857,97.0,16.130001068115234,47.3979713,8.5461638,attack,9.489
1776222422.081577,2026-04-15T03:07:02.081577,normal_triangle,2,47.39806285733886,8.546299059364642,0.2900000214576721,-0.0950000062584877,0.0,0.0,0.0299999993294477,-0.0687524005770683,-0.0040831575170159,-9.776432991027832,-0.000705418002326,-0.0001147832808783,-0.0005030691390857,97.0,16.130001068115234,47.3979713,8.5461638,attack,9.591
1776222422.184448,2026-04-15T03:07:02.184448,normal_triangle,2,47.398063839339834,8.546300510093,0.289000004529953,-0.096000000834465,0.0,0.0,0.0299999993294477,-0.0637034624814987,-0.0106154344975948,-9.780278205871582,-0.0008314273436553,0.0011906871804967,0.000237078173086,97.0,16.130001068115234,47.3979713,8.5461638,attack,9.694
1776222422.2859726,2026-04-15T03:07:02.285973,normal_triangle,2,47.39806480848861,8.546301941834578,0.289000004529953,-0.096000000834465,0.0,0.0,0.0299999993294477,-0.0605932399630546,-0.0112757366150617,-9.774931907653809,0.0001059714559232,-0.0003590067790355,0.0011389966821298,97.0,16.130001068115234,47.3979713,8.5461638,attack,9.796
1776222422.4027722,2026-04-15T03:07:02.402772,normal_triangle,2,47.39806592345182,8.546303588990515,0.2870000004768371,-0.0980000048875808,0.0,0.0,0.0299999993294477,-0.0589442662894725,-0.005478121805936,-9.77803897857666,-0.0007529283175244,0.0001620213151909,-0.0008304325165227,97.0,16.130001068115234,47.3979713,8.5461638,attack,9.912
1776222422.5076275,2026-04-15T03:07:02.507627,normal_triangle,2,47.39806692439537,8.546305067703102,0.2860000133514404,-0.0990000069141388,0.0,0.0,0.0299999993294477,-0.0577895790338516,-0.0082247713580727,-9.764573097229004,-0.000346036220435,0.0006226362893357,-0.0009782676352187,97.0,16.130001068115234,47.3979713,8.5461638,attack,10.017
1776222422.6093931,2026-04-15T03:07:02.609393,normal_triangle,2,47.398067895845124,8.546306502843942,0.2860000133514404,-0.1000000014901161,0.0,0.0,0.0299999993294477,-0.0608309879899024,-0.0056342454627156,-9.77651023864746,0.0001177599042421,-0.0003787147288676,-0.0005300437333062,97.0,16.130001068115234,47.3979713,8.5461638,attack,10.119
1776222422.7122486,2026-04-15T03:07:02.712249,normal_triangle,2,47.398068877698165,8.54630795335375,0.2850000262260437,-0.1000000014901161,0.0,0.0,0.0299999993294477,-0.0646840557456016,-0.0084556667134165,-9.768128395080566,-0.0002723725046962,-0.0004506093100644,0.0002014384081121,97.0,16.130001068115234,47.3979713,8.5461638,attack,10.222
1776222422.8365765,2026-04-15T03:07:02.836576,normal_triangle,2,47.398070064526195,8.546309706676945,0.2850000262260437,-0.1000000014901161,0.0,0.0,0.0299999993294477,-0.0646840557456016,-0.0084556667134165,-9.768128395080566,-0.0002723725046962,-0.0004506093100644,0.0002014384081121,97.0,16.130001068115234,47.3979713,8.5461638,attack,10.346
1776222422.94399,2026-04-15T03:07:02.943990,normal_triangle,2,47.39807108989051,8.546311221466764,0.2830000221729278,-0.1020000055432319,0.0,0.0,0.0299999993294477,-0.0642945989966392,-0.0144891813397407,-9.76605987548828,0.0002242679765913,0.0010681048734113,0.001258741132915,97.0,16.130001068115234,47.3979713,8.5461638,attack,10.454
1776222423.046836,2026-04-15T03:07:03.046836,normal_triangle,2,47.39807207165251,8.546312671842081,0.2830000221729278,-0.1020000055432319,0.0,0.0,0.0299999993294477,-0.0708571225404739,-0.0033566802740097,-9.778258323669434,-0.0002583377354312,0.0001045259123202,0.0004674416268244,97.0,16.130001068115234,47.3979713,8.5461638,attack,10.556
1776222423.1490426,2026-04-15T03:07:03.149043,normal_triangle,2,47.39807304731273,8.546314113203135,0.2830000221729278,-0.1020000055432319,0.0,0.0,0.0299999993294477,-0.0708571225404739,-0.0033566802740097,-9.778258323669434,-0.0002583377354312,0.0001045259123202,0.0004674416268244,97.0,16.130001068115234,47.3979713,8.5461638,attack,10.659
1776222423.280093,2026-04-15T03:07:03.280093,normal_triangle,2,47.39807429831295,8.546315961329089,0.281000018119812,-0.1050000041723251,0.0,0.0,0.0299999993294477,-0.07038464397192,-0.009635123424232,-9.777451515197754,-0.0005938161630183,4.040079875267111e-05,0.0006216926849447,97.0,16.130001068115234,47.3979713,8.5461638,attack,10.79
1776222423.4023817,2026-04-15T03:07:03.402382,normal_triangle,2,47.398075465674935,8.546317685894728,0.2770000100135803,-0.1080000028014183,0.0,0.0,0.0399999991059303,-0.0598108880221843,-0.0148305688053369,-9.773836135864258,-0.0003464553446974,-0.000269396288786,0.0007535006152465,97.0,16.130001068115234,47.3979713,8.5461638,attack,10.912
1776222423.506336,2026-04-15T03:07:03.506336,normal_triangle,2,47.39807645801774,8.54631915190127,0.2770000100135803,-0.1080000028014183,0.0,0.0,0.0399999991059303,-0.0598108880221843,-0.0148305688053369,-9.773836135864258,-0.0003464553446974,-0.000269396288786,0.0007535006152465,97.0,16.130001068115234,47.3979713,8.5461638,attack,11.016
1776222423.612209,2026-04-15T03:07:03.612209,normal_triangle,2,47.39807746867725,8.546320644967418,0.2760000228881836,-0.1100000068545341,0.0,0.0,0.0399999991059303,-0.0679250657558441,0.0032176463864743,-9.777647972106934,-0.0002452879271004,0.000661069585476,-0.0007446419913321,97.0,16.130001068115234,47.3979713,8.5461638,attack,11.122
1776222423.7211244,2026-04-15T03:07:03.721124,normal_triangle,2,47.39807850837766,8.546322180936219,0.2760000228881836,-0.1100000068545341,0.0,0.0,0.0399999991059303,-0.0679250657558441,0.0032176463864743,-9.777647972106934,-0.0002452879271004,0.000661069585476,-0.0007446419913321,97.0,16.130001068115234,47.3979713,8.5461638,attack,11.231
1776222423.8237305,2026-04-15T03:07:03.823730,normal_triangle,2,47.39807948785007,8.546323627929086,0.2760000228881836,-0.1100000068545341,0.0,0.0,0.0399999991059303,-0.069416657090187,-0.0005396532360464,-9.771244049072266,0.0001855646551121,-0.0003870142099913,-9.974745626095682e-05,97.0,16.130001068115234,47.3979713,8.5461638,attack,11.333
1776222423.9272838,2026-04-15T03:07:03.927284,normal_triangle,2,47.39808047636476,8.546325088280279,0.2740000188350677,-0.111000008881092,0.0,0.0,0.0399999991059303,-0.069416657090187,-0.0005396532360464,-9.771244049072266,0.0001855646551121,-0.0003870142099913,-9.974745626095682e-05,97.0,16.130001068115234,47.3979713,8.5461638,attack,11.437
1776222424.051583,2026-04-15T03:07:04.051583,normal_triangle,2,47.39808166291968,8.546326841199999,0.2740000188350677,-0.1120000034570694,0.0,0.0,0.0399999991059303,-0.0568974278867244,-0.0142133962363004,-9.765457153320312,-0.0010120301740244,-0.000588278111536,0.0001302603923249,97.0,16.130001068115234,47.3979713,8.5461638,attack,11.561
1776222424.1701407,2026-04-15T03:07:04.170141,normal_triangle,2,47.398082794665605,8.546328513149367,0.2740000188350677,-0.1120000034570694,0.0,0.0,0.0399999991059303,-0.0568974278867244,-0.0142133962363004,-9.765457153320312,-0.0010120301740244,-0.000588278111536,0.0001302603923249,97.0,16.130001068115234,47.3979713,8.5461638,attack,11.68
1776222424.450047,2026-04-15T03:07:04.450047,normal_triangle,2,47.3980854666372,8.546332460502843,0.2730000019073486,-0.1130000054836273,0.0,0.0,0.0399999991059303,-0.0694652050733566,-0.0105695156380534,-9.778542518615724,-0.0003080047608818,8.29750279081054e-05,-0.0010249785846099,97.0,16.130001068115234,47.3979713,8.5461638,attack,11.96
1776222424.6114907,2026-04-15T03:07:04.611491,normal_triangle,2,47.39808700777096,8.5463347372485,0.2730000019073486,-0.1130000054836273,0.0,0.0,0.0399999991059303,-0.0694652050733566,-0.0105695156380534,-9.778542518615724,-0.0003080047608818,8.29750279081054e-05,-0.0010249785846099,97.0,16.130001068115234,47.3979713,8.5461638,attack,12.121
1776222424.722906,2026-04-15T03:07:04.722906,normal_triangle,2,47.39808807133679,8.546336308474137,0.2730000019073486,-0.1130000054836273,0.0,0.0,0.0399999991059303,-0.0694652050733566,-0.0105695156380534,-9.778542518615724,-0.0003080047608818,8.29750279081054e-05,-0.0010249785846099,97.0,16.130001068115234,47.3979713,8.5461638,attack,12.233
1776222424.825245,2026-04-15T03:07:04.825245,normal_triangle,2,47.39808904825788,8.546337751697891,0.2730000019073486,-0.1130000054836273,0.0,0.0,0.0399999991059303,-0.0694652050733566,-0.0105695156380534,-9.778542518615724,-0.0003080047608818,8.29750279081054e-05,-0.0010249785846099,97.0,16.130001068115234,47.3979713,8.5461638,attack,12.335
1776222424.9286993,2026-04-15T03:07:04.928699,normal_triangle,2,47.39809003582806,8.54633921065374,0.2710000276565552,-0.1140000075101852,0.0,0.0,0.0399999991059303,-0.064407929778099,-0.0033163127955049,-9.78001308441162,-0.000337944162311,-0.0003679771907627,-0.0003688520810101,97.0,16.130001068115234,47.3979713,8.5461638,attack,12.438
1776222425.029933,2026-04-15T03:07:05.029933,normal_triangle,2,47.3980910022002,8.54634063829334,0.2710000276565552,-0.1140000075101852,0.0,0.0,0.0399999991059303,-0.064407929778099,-0.0033163127955049,-9.78001308441162,-0.000337944162311,-0.0003679771907627,-0.0003688520810101,97.0,16.130001068115234,47.3979713,8.5461638,attack,12.54
1776222425.1320236,2026-04-15T03:07:05.132024,normal_triangle,2,47.398091976752056,8.546342078016965,0.270000010728836,-0.1150000020861625,0.0,0.0,0.0399999991059303,-0.0660682991147041,-0.0090671647340059,-9.771326065063477,-0.0001280875439988,-0.0001806031214073,-2.945101005025208e-05,97.0,16.130001068115234,47.3979713,8.5461638,attack,12.642
1776222425.237908,2026-04-15T03:07:05.237908,normal_triangle,2,47.39809298751853,8.546343571241138,0.2690000236034393,-0.1160000041127204,0.0,0.0,0.0399999991059303,-0.0684017315506935,-0.0057093268260359,-9.784793853759766,0.0001399680622853,0.0003730891912709,-7.091755833243951e-05,97.0,16.130001068115234,47.3979713,8.5461638,attack,12.748
1776222425.4060752,2026-04-15T03:07:05.406075,normal_triangle,2,47.398094592835854,8.546345942806367,0.2690000236034393,-0.1160000041127204,0.0,0.0,0.0399999991059303,-0.0684017315506935,-0.0057093268260359,-9.784793853759766,0.0001399680622853,0.0003730891912709,-7.091755833243951e-05,97.0,16.130001068115234,47.3979713,8.5461638,attack,12.916
1776222425.5218809,2026-04-15T03:07:05.521881,normal_triangle,2,47.3980956983107,8.546347575944973,0.2690000236034393,-0.1170000061392784,0.0,0.0,0.0399999991059303,-0.0721554383635521,-0.0089894905686378,-9.771106719970703,-5.107849938212894e-05,-0.0009191203862428,0.00124007393606,97.0,16.130001068115234,47.3979713,8.5461638,attack,13.032
1776222425.6290824,2026-04-15T03:07:05.629082,normal_triangle,2,47.398096721651704,8.546349087745726,0.2670000195503235,-0.1180000081658363,0.0,0.0,0.0399999991059303,-0.0697972774505615,-0.0054379133507609,-9.768598556518556,0.000482225237647,0.0006692461320199,0.0002652113616932,97.0,16.130001068115234,47.3979713,8.5461638,attack,13.139
1776222425.734435,2026-04-15T03:07:05.734435,normal_triangle,2,47.39809772734285,8.546350573472024,0.2670000195503235,-0.1180000081658363,0.0,0.0,0.0399999991059303,-0.0697972774505615,-0.0054379133507609,-9.768598556518556,0.000482225237647,0.0006692461320199,0.0002652113616932,97.0,16.130001068115234,47.3979713,8.5461638,attack,13.244
1776222425.8525033,2026-04-15T03:07:05.852503,normal_triangle,2,47.39809885441629,8.546352238518637,0.2660000026226043,-0.1190000027418136,0.0,0.0,0.0399999991059303,-0.0709280669689178,-0.0147533677518367,-9.769523620605469,0.0003645294345915,-0.0005783360102213,0.0004034307785332,97.0,16.130001068115234,47.3979713,8.5461638,attack,13.362
1776222425.9539018,2026-04-15T03:07:05.953902,normal_triangle,2,47.398099822361104,8.54635366848157,0.2660000026226043,-0.1190000027418136,0.0,0.0,0.0399999991059303,-0.0709280669689178,-0.0147533677518367,-9.769523620605469,0.0003645294345915,-0.0005783360102213,0.0004034307785332,97.0,16.130001068115234,47.3979713,8.5461638,attack,13.464
1776222426.0561912,2026-04-15T03:07:06.056191,normal_triangle,2,47.39810079881108,8.546355011009332,0.2650000154972076,-0.1210000067949295,0.0,0.0,0.0399999991059303,-0.0686796978116035,-0.014669869095087,-9.78084945678711,4.364604683360085e-05,0.0001060593494912,0.0005585895269177,97.0,16.130001068115234,47.3979713,8.5461637,attack,13.566
1776222426.164174,2026-04-15T03:07:06.164174,normal_triangle,2,47.39810182961031,8.546356533828268,0.2650000154972076,-0.1210000067949295,0.0,0.0,0.0399999991059303,-0.0686796978116035,-0.014669869095087,-9.78084945678711,4.364604683360085e-05,0.0001060593494912,0.0005585895269177,97.0,16.130001068115234,47.3979713,8.5461637,attack,13.674
1776222426.2802176,2026-04-15T03:07:06.280218,normal_triangle,2,47.39810293735653,8.546358170322426,0.2639999985694885,-0.1220000088214874,0.0,0.0,0.0399999991059303,-0.0669858157634735,-0.0118664810433983,-9.773300170898438,0.0007627598242834,-0.0002604382752906,-0.0005442763795144,97.0,16.130001068115234,47.3979713,8.5461637,attack,13.79
1776222426.3837495,2026-04-15T03:07:06.383749,normal_triangle,2,47.39810392566639,8.546359630371013,0.262000024318695,-0.1230000033974647,0.0,0.0,0.0399999991059303,-0.069285050034523,-0.0105508640408515,-9.772777557373049,0.0002976316027343,0.0007694085943512,0.0005028337473049,97.0,16.130001068115234,47.3979713,8.5461637,attack,13.893
1776222426.4850929,2026-04-15T03:07:06.485093,normal_triangle,2,47.39810489308547,8.546361059557261,0.262000024318695,-0.1230000033974647,0.0,0.0,0.0399999991059303,-0.069285050034523,-0.0105508640408515,-9.772777557373049,0.0002976316027343,0.0007694085943512,0.0005028337473049,97.0,16.130001068115234,47.3979713,8.5461637,attack,13.995
1776222426.594444,2026-04-15T03:07:06.594444,normal_triangle,2,47.39810593694627,8.546362601672305,0.2610000073909759,-0.1240000054240226,0.0,0.0,0.0399999991059303,-0.0636575371026992,-0.0017675112467259,-9.776941299438477,0.0006548408418893,0.0003434042155276,0.0002303542132722,97.0,16.130001068115234,47.3979713,8.5461637,attack,14.104
1776222426.696788,2026-04-15T03:07:06.696788,normal_triangle,2,47.39810691391744,8.54636404497003,0.2600000202655792,-0.125,0.0,0.0,0.0499999970197677,-0.0574926994740963,-0.0111831622198224,-9.774307250976562,-0.0009205035748891,-0.0007382115582004,-0.0005610265070572,97.0,16.130001068115234,47.3979713,8.5461637,attack,14.206
1776222426.801175,2026-04-15T03:07:06.801175,normal_triangle,2,47.39810791039106,8.546365517079105,0.2580000162124634,-0.1270000040531158,0.0,0.0,0.0499999970197677,-0.0677448213100433,-0.0034042147453874,-9.77729320526123,0.0005787447444163,0.0001376651925966,0.0007891170680522,97.0,16.130001068115234,47.3979713,8.5461637,attack,14.311
1776222426.911806,2026-04-15T03:07:06.911806,normal_triangle,2,47.398108966469074,8.54636707724285,0.2580000162124634,-0.1270000040531158,0.0,0.0,0.0499999970197677,-0.0648494958877563,0.0003371214261278,-9.773344993591309,0.0001769916998455,0.0014815683243796,-0.0004057935148011,97.0,16.130001068115234,47.3979713,8.5461637,attack,14.421
1776222427.0127134,2026-04-15T03:07:07.012713,normal_triangle,2,47.39810992972547,8.546368500279494,0.2580000162124634,-0.1270000040531158,0.0,0.0,0.0499999970197677,-0.0648494958877563,0.0003371214261278,-9.773344993591309,0.0001769916998455,0.0014815683243796,-0.0004057935148011,97.0,16.130001068115234,47.3979713,8.5461637,attack,14.522
1776222427.115408,2026-04-15T03:07:07.115408,normal_triangle,2,47.398110910042256,8.546369948519766,0.2580000162124634,-0.1270000040531158,0.0,0.0,0.0499999970197677,-0.0648494958877563,0.0003371214261278,-9.773344993591309,0.0001769916998455,0.0014815683243796,-0.0004057935148011,97.0,16.130001068115234,47.3979713,8.5461637,attack,14.625
1776222427.225686,2026-04-15T03:07:07.225686,normal_triangle,2,47.398111962751884,8.546371503707341,0.2569999992847442,-0.1290000081062317,0.0,0.0,0.0499999970197677,-0.068385899066925,0.0003216196782886,-9.778768539428713,-0.0001444220688426,-0.0001757691643433,0.0001158561499323,97.0,16.130001068115234,47.3979713,8.5461637,attack,14.735
1776222427.3313105,2026-04-15T03:07:07.331311,normal_triangle,2,47.3981129710376,8.546372993266635,0.2550000250339508,-0.1300000101327896,0.0,0.0,0.0499999970197677,-0.0641752406954765,-0.0082898177206516,-9.774377822875977,-0.0004632056807167,-2.4439723347313705e-05,0.0004496262990869,97.0,16.130001068115234,47.3979713,8.5461637,attack,14.841
1776222427.4368143,2026-04-15T03:07:07.436814,normal_triangle,2,47.39811397817169,8.546374481124614,0.2540000081062317,-0.1310000121593475,0.0,0.0,0.0499999970197677,-0.068295419216156,-0.0133209750056266,-9.76710319519043,-0.0001380108733428,-0.0014437051722779,-0.0002278953907079,97.0,16.130001068115234,47.3979713,8.5461637,attack,14.946
1776222427.5403216,2026-04-15T03:07:07.540322,normal_triangle,2,47.39811496624713,8.546375940826888,0.2540000081062317,-0.1310000121593475,0.0,0.0,0.0499999970197677,-0.068295419216156,-0.0133209750056266,-9.76710319519043,-0.0001380108733428,-0.0014437051722779,-0.0002278953907079,97.0,16.130001068115234,47.3979713,8.5461637,attack,15.05
1776222427.64414,2026-04-15T03:07:07.644140,normal_triangle,2,47.39811595729265,8.546377404916933,0.2530000209808349,-0.1319999992847442,0.0,0.0,0.0499999970197677,-0.0643723979592323,-0.0136319901794195,-9.7709321975708,-0.0007698521367274,-0.0009920125594362,-0.0007732843514531,97.0,16.130001068115234,47.3979713,8.5461637,attack,15.154
1776222427.7486682,2026-04-15T03:07:07.748668,normal_triangle,2,47.39811695511363,8.546378879016476,0.2520000040531158,-0.1330000013113021,0.0,0.0,0.0499999970197677,-0.0723838731646537,-0.0030512779485434,-9.77390480041504,-0.0002579430874902,0.0011077480157837,-0.000167875943589,97.0,16.130001068115234,47.3979713,8.5461637,attack,15.258
1776222427.8550534,2026-04-15T03:07:07.855053,normal_triangle,2,47.39811797066184,8.546380379304795,0.2520000040531158,-0.1330000013113021,0.0,0.0,0.0499999970197677,-0.0723838731646537,-0.0030512779485434,-9.77390480041504,-0.0002579430874902,0.0011077480157837,-0.000167875943589,97.0,16.130001068115234,47.3979713,8.5461637,attack,15.365
1776222427.9578557,2026-04-15T03:07:07.957856,normal_triangle,2,47.398118952007344,8.546381829064815,0.25,-0.135000005364418,0.0,0.0,0.0499999970197677,-0.0601830221712589,-0.0098702488467097,-9.771445274353027,-0.0003276132629252,0.0011014004703611,0.0006288890726864,97.0,16.130001068115234,47.3979713,8.5461637,attack,15.468
1776222428.0620034,2026-04-15T03:07:08.062003,normal_triangle,2,47.39811994619593,8.546383297798165,0.25,-0.135000005364418,0.0,0.0,0.0499999970197677,-0.0601830221712589,-0.0098702488467097,-9.771445274353027,-0.0003276132629252,0.0011014004703611,0.0006288890726864,97.0,16.130001068115234,47.3979713,8.5461637,attack,15.572
1776222428.1629243,2026-04-15T03:07:08.162925,normal_triangle,2,47.39812090958206,8.546384721026458,0.25,-0.135000005364418,0.0,0.0,0.0499999970197677,-0.0601830221712589,-0.0098702488467097,-9.771445274353027,-0.0003276132629252,0.0011014004703611,0.0006288890726864,97.0,16.130001068115234,47.3979713,8.5461637,attack,15.673
1776222428.2660542,2026-04-15T03:07:08.266054,normal_triangle,2,47.3981218940547,8.546386175406246,0.25,-0.1360000073909759,0.0,0.0,0.0499999970197677,-0.0703077465295791,-0.0150988511741161,-9.7756986618042,0.0010652581695467,0.0007416945882141,-0.0005750108975917,97.0,16.130001068115234,47.3979713,8.5461637,attack,15.776
1776222428.371195,2026-04-15T03:07:08.371195,normal_triangle,2,47.39812289772482,8.546387658146841,0.2480000108480453,-0.1370000094175338,0.0,0.0,0.0499999970197677,-0.0576520822942256,-0.0071429843083024,-9.772223472595217,6.785555160604417e-05,-0.0005908443708904,0.0008535890374332,97.0,16.130001068115234,47.3979713,8.5461637,attack,15.881
1776222428.4730916,2026-04-15T03:07:08.473092,normal_triangle,2,47.39812387042406,8.546389095133572,0.2470000088214874,-0.1390000134706497,0.0,0.0,0.0499999970197677,-0.0580225624144077,-0.0042250398546457,-9.762100219726562,-3.4538716136012226e-05,0.0008552678045816,-0.0004489517887122,97.0,16.130001068115234,47.3979713,8.5461637,attack,15.983
1776222428.5759892,2026-04-15T03:07:08.575989,normal_triangle,2,47.398124852679935,8.546390546238504,0.2450000047683715,-0.1400000005960464,0.0,0.0,0.0499999970197677,-0.0703776776790618,-0.0058790631592273,-9.775814056396484,0.0007802944746799,0.0008046726579777,0.0003204437089152,97.0,16.130001068115234,47.3979713,8.5461637,attack,16.086
1776222428.6822293,2026-04-15T03:07:08.682229,normal_triangle,2,47.39812586684211,8.546392044479195,0.2440000176429748,-0.1410000026226043,0.0,0.0,0.0499999970197677,-0.1584249287843704,-0.0087264413014054,-9.829261779785156,-7.695948443142697e-05,0.002002730499953,0.0011672202963382,97.0,16.130001068115234,47.3979713,8.5461637,attack,16.192
1776222428.7879908,2026-04-15T03:07:08.787991,normal_triangle,2,47.39812687643648,8.546393535971797,0.2430000156164169,-0.1420000046491623,0.0,-0.0099999997764825,0.0499999970197677,-0.2465496808290481,-0.0038409007247537,-9.87093734741211,-0.0001198868776555,0.0155577901750803,-6.087486690375954e-05,97.0,16.130001068115234,47.3979713,8.5461637,attack,16.298
1776222428.889867,2026-04-15T03:07:08.889867,normal_triangle,2,47.398127848942266,8.546394972672735,0.2430000156164169,-0.1420000046491623,0.0,-0.0099999997764825,0.0499999970197677,-0.2465496808290481,-0.0038409007247537,-9.87093734741211,-0.0001198868776555,0.0155577901750803,-6.087486690375954e-05,97.0,16.130001068115234,47.3979713,8.5461637,attack,16.4
1776222428.9952612,2026-04-15T03:07:08.995261,normal_triangle,2,47.39812885502943,8.546396458984066,0.2430000156164169,-0.1420000046491623,0.0,-0.0099999997764825,0.0499999970197677,-0.2465496808290481,-0.0038409007247537,-9.87093734741211,-0.0001198868776555,0.0155577901750803,-6.087486690375954e-05,97.0,16.130001068115234,47.3979713,8.5461637,attack,16.505
1776222429.1098428,2026-04-15T03:07:09.109843,normal_triangle,2,47.39812994881963,8.546397974860742,0.242000013589859,-0.1430000066757202,0.0,-0.0099999997764825,0.0499999970197677,-0.2730541229248047,-0.0419077910482883,-9.910751342773438,0.0003574377624318,0.03540650755167,-0.0026255541015416,97.0,16.130001068115234,47.3979713,8.5461636,attack,16.619
1776222429.2120829,2026-04-15T03:07:09.212083,normal_triangle,2,47.39813092479849,8.546399416692514,0.242000013589859,-0.1430000066757202,0.0,-0.0099999997764825,0.0499999970197677,-0.2730541229248047,-0.0419077910482883,-9.910751342773438,0.0003574377624318,0.03540650755167,-0.0026255541015416,97.0,16.130001068115234,47.3979713,8.5461636,attack,16.722
1776222429.316117,2026-04-15T03:07:09.316117,normal_triangle,2,47.39813191790373,8.54640088382542,0.2410000115633011,-0.1440000087022781,0.0,-0.0099999997764825,0.0499999970197677,-0.2195618152618408,-0.0710124671459198,-9.946413040161133,-9.0200592239853e-05,0.0597380362451076,-0.0107700424268841,97.0,16.130001068115234,47.3979713,8.5461636,attack,16.826
1776222429.41704,2026-04-15T03:07:09.417040,normal_triangle,2,47.39813288131034,8.546402307083973,0.2400000095367431,-0.1460000127553939,0.0,-0.0199999995529651,0.0399999991059303,-0.0906077846884727,-0.0546473823487758,-10.068981170654297,-0.0042416830547153,0.1022718399763107,-0.0139428162947297,97.0,16.130001068115234,47.3979713,8.5461636,attack,16.927
1776222429.521424,2026-04-15T03:07:09.521424,normal_triangle,2,47.39813387775438,8.546403779149339,0.2380000054836273,-0.1469999998807907,0.0,-0.0199999995529651,0.0399999991059303,-0.0442405976355075,-0.0080717224627733,-10.150872230529783,-0.021064780652523,0.1347158253192901,-0.0157317761331796,97.0,16.130001068115234,47.3979713,8.5461636,attack,17.031
1776222429.6242766,2026-04-15T03:07:09.624277,normal_triangle,2,47.398134859580104,8.5464052296188,0.2380000054836273,-0.1480000019073486,0.0,-0.0199999995529651,0.0299999993294477,-0.0626501068472862,-0.0100516034290194,-10.248950958251951,-0.0363996475934982,0.1430413573980331,-0.0159374792128801,97.0,16.130001068115234,47.3979713,8.5461636,attack,17.134
1776222429.728212,2026-04-15T03:07:09.728212,normal_triangle,2,47.39813585174311,8.546406695359723,0.2370000183582306,-0.1480000019073486,0.0,-0.0199999995529651,0.0199999995529651,-0.0679553300142288,-0.0017081019468605,-10.285791397094728,-0.0423144660890102,0.1282481700181961,-0.0127803916111588,97.0,16.130001068115234,47.3979713,8.5461636,attack,17.238
1776222429.8401294,2026-04-15T03:07:09.840129,normal_triangle,2,47.39813692009978,8.546408273662953,0.2370000183582306,-0.1480000019073486,0.0,-0.0199999995529651,0.0199999995529651,-0.0679553300142288,-0.0017081019468605,-10.285791397094728,-0.0423144660890102,0.1282481700181961,-0.0127803916111588,97.0,16.130001068115234,47.3979713,8.5461636,attack,17.35
1776222429.945033,2026-04-15T03:07:09.945033,normal_triangle,2,47.39813792150535,8.546409753058082,0.2360000163316726,-0.1490000039339065,0.0,-0.0199999995529651,0.0099999997764825,-0.0662546753883361,0.0021789341699332,-10.374746322631836,-0.0427252911031246,0.1151067987084388,-0.0132203307002782,97.0,16.130001068115234,47.3979713,8.5461636,attack,17.455
1776222430.0504806,2026-04-15T03:07:10.050481,normal_triangle,2,47.39813892810232,8.546411240122566,0.2360000163316726,-0.1490000039339065,0.0,-0.0199999995529651,0.0099999997764825,-0.0662546753883361,0.0021789341699332,-10.374746322631836,-0.0427252911031246,0.1151067987084388,-0.0132203307002782,97.0,16.130001068115234,47.3979713,8.5461636,attack,17.56
1776222430.1542096,2026-04-15T03:07:10.154210,normal_triangle,2,47.398139918294376,8.546412702951756,0.2360000163316726,-0.1490000039339065,0.0,-0.0299999993294477,0.0,-0.0613241456449031,-0.0075121046975255,-10.40113353729248,-0.0401262044906616,0.1056068912148475,-0.0128119979053735,97.0,16.130001068115234,47.3979713,8.5461636,attack,17.664
1776222430.2678657,2026-04-15T03:07:10.267866,normal_triangle,2,47.398141003249414,8.546414305776072,0.2360000163316726,-0.1490000039339065,0.0,-0.0299999993294477,0.0,-0.0579398646950721,-0.0054391408339142,-10.44194221496582,-0.0376201048493385,0.0918942242860794,-0.0123985782265663,97.0,16.130001068115234,47.3979713,8.5461636,attack,17.778
1776222430.420821,2026-04-15T03:07:10.420821,normal_triangle,2,47.39814246335317,8.546416462814584,0.2370000183582306,-0.1480000019073486,0.0,-0.0399999991059303,-0.0299999993294477,-0.0515246801078319,-0.0108946505934,-10.544678688049316,-0.032985121011734,0.0656604394316673,-0.009511093609035,97.0,16.130001068115234,47.3979713,8.5461636,attack,17.93
1776222430.530514,2026-04-15T03:07:10.530514,normal_triangle,2,47.39814351047766,8.546418009751132,0.2370000183582306,-0.1480000019073486,0.0,-0.0399999991059303,-0.0299999993294477,-0.0515246801078319,-0.0108946505934,-10.544678688049316,-0.032985121011734,0.0656604394316673,-0.009511093609035,97.0,16.130001068115234,47.3979713,8.5461636,attack,18.04
1776222430.6707342,2026-04-15T03:07:10.670734,normal_triangle,2,47.398144849012496,8.54641998719362,0.2370000183582306,-0.1480000019073486,0.0,-0.0399999991059303,-0.0299999993294477,-0.0515246801078319,-0.0108946505934,-10.544678688049316,-0.032985121011734,0.0656604394316673,-0.009511093609035,97.0,16.130001068115234,47.3979713,8.5461636,attack,18.18
1776222430.775114,2026-04-15T03:07:10.775114,normal_triangle,2,47.398145845417844,8.546421459201827,0.2380000054836273,-0.1469999998807907,0.0,-0.0399999991059303,-0.0399999991059303,-0.0656704530119896,0.0008211968233808,-10.573617935180664,-0.029339101165533,0.0519794188439846,-0.0104889245703816,94.0,16.07000160217285,47.3979713,8.5461636,attack,18.285
1776222430.8805404,2026-04-15T03:07:10.880540,normal_triangle,2,47.39814685181226,8.546422945967068,0.2380000054836273,-0.1469999998807907,0.0,-0.0399999991059303,-0.0399999991059303,-0.0629765912890434,-0.0034522048663347,-10.58396053314209,-0.0233923513442277,0.0330801531672477,-0.0082816770300269,94.0,16.07000160217285,47.3979713,8.5461636,attack,18.39
1776222430.9830391,2026-04-15T03:07:10.983039,normal_triangle,2,47.398147830260505,8.54642439144691,0.2400000095367431,-0.145000010728836,0.0,-0.0499999970197677,-0.0599999986588954,-0.0629765912890434,-0.0034522048663347,-10.58396053314209,-0.0233923513442277,0.0330801531672477,-0.0082816770300269,94.0,16.07000160217285,47.3979713,8.5461636,attack,18.493
1776222431.0869453,2026-04-15T03:07:11.086945,normal_triangle,2,47.398148822143575,8.546425856774272,0.2410000115633011,-0.145000010728836,0.0,-0.0499999970197677,-0.0700000002980232,-0.057361576706171,-0.0090640895068645,-10.60387897491455,-0.0194861814379692,0.0208377838134765,-0.007569053210318,94.0,16.07000160217285,47.3979713,8.5461636,attack,18.597
1776222431.1904652,2026-04-15T03:07:11.190465,normal_triangle,2,47.39814981033963,8.546427216654747,0.2430000156164169,-0.1420000046491623,0.0,-0.0499999970197677,-0.089999996125698,-0.0633733049035072,-0.0014216504059731,-10.618260383605955,-0.0154038164764642,0.0119487149640917,-0.0071600303053855,94.0,16.07000160217285,47.3979713,8.5461635,attack,18.7
1776222431.298986,2026-04-15T03:07:11.298986,normal_triangle,2,47.39815084627337,8.54642874705898,0.2450000047683715,-0.1400000005960464,0.0099999997764825,-0.0599999986588954,-0.0999999940395355,-0.0588010884821414,0.0002638167352415,-10.663504600524902,-0.0098189432173967,0.0026057101786136,-0.0063998010009527,94.0,16.07000160217285,47.3979713,8.5461635,attack,18.809
1776222431.4002004,2026-04-15T03:07:11.400200,normal_triangle,2,47.398151812461165,8.546430174426236,0.2490000128746032,-0.1360000073909759,0.0099999997764825,-0.0700000002980232,-0.1199999973177909,-0.0638837441802024,-0.008863772265613,-10.671235084533691,-0.0036453285720199,-0.0108981430530548,-0.0072497813962399,94.0,16.07000160217285,47.3979713,8.5461635,attack,18.91
1776222431.5095518,2026-04-15T03:07:11.509552,normal_triangle,2,47.39815285632425,8.546431716544642,0.2530000209808349,-0.1319999992847442,0.0099999997764825,-0.0700000002980232,-0.1400000005960464,-0.057807769626379,-0.0056484886445105,-10.670852661132812,0.0023272270336747,-0.022601343691349,-0.0043851593509316,94.0,16.07000160217285,47.3979713,8.5461635,attack,19.019
1776222431.6114085,2026-04-15T03:07:11.611408,normal_triangle,2,47.39815382864341,8.546433152969872,0.2560000121593475,-0.1290000081062317,0.0199999995529651,-0.0700000002980232,-0.1599999964237213,-0.0633590966463089,-0.0002643109182827,-10.679118156433104,0.0080996882170438,-0.0329674817621707,-0.0046502370387315,94.0,16.07000160217285,47.3979713,8.5461635,attack,19.121
1776222431.717184,2026-04-15T03:07:11.717184,normal_triangle,2,47.398154838372065,8.546434644660849,0.2560000121593475,-0.1290000081062317,0.0199999995529651,-0.0700000002980232,-0.1599999964237213,-0.0633590966463089,-0.0002643109182827,-10.679118156433104,0.0080996882170438,-0.0329674817621707,-0.0046502370387315,94.0,16.07000160217285,47.3979713,8.5461635,attack,19.227
1776222431.825417,2026-04-15T03:07:11.825417,normal_triangle,2,47.39815587155875,8.546436071006811,0.262000024318695,-0.1240000054240226,0.0199999995529651,-0.0799999982118606,-0.1799999922513961,-0.0588114224374294,-0.00278912903741,-10.669034004211426,0.01287183444947,-0.0397778153419494,-0.0030935963150113,94.0,16.07000160217285,47.3979713,8.5461634,attack,19.335
1776222431.9541132,2026-04-15T03:07:11.954113,normal_triangle,2,47.39815710008641,8.546437885933644,0.2650000154972076,-0.1200000047683715,0.0199999995529651,-0.0799999982118606,-0.1899999976158142,-0.057193711400032,-0.003001773962751,-10.685282707214355,0.0153380585834383,-0.0444346889853477,-0.0036517311818897,94.0,16.07000160217285,47.3979713,8.5461634,attack,19.464
1776222432.05698,2026-04-15T03:07:12.056980,normal_triangle,2,47.398158082046415,8.546439336601479,0.2650000154972076,-0.1200000047683715,0.0199999995529651,-0.0799999982118606,-0.1899999976158142,-0.057193711400032,-0.003001773962751,-10.685282707214355,0.0153380585834383,-0.0444346889853477,-0.0036517311818897,94.0,16.07000160217285,47.3979713,8.5461634,attack,19.567
1776222432.1600327,2026-04-15T03:07:12.160033,normal_triangle,2,47.39815916578392,8.54644078989578,0.2720000147819519,-0.1130000054836273,0.0199999995529651,-0.089999996125698,-0.2199999988079071,-0.054804503917694,-0.0134407794103026,-10.685250282287598,0.0198207944631576,-0.0493024513125419,-0.0025205202400684,94.0,16.07000160217285,47.3979714,8.5461634,attack,19.67
1776222432.262127,2026-04-15T03:07:12.262127,normal_triangle,2,47.39816014036991,8.54644222966984,0.2770000100135803,-0.1080000028014183,0.0299999993294477,-0.089999996125698,-0.2299999892711639,-0.0550939962267875,-0.0053764441981911,-10.680563926696776,0.0220178514719009,-0.0535067394375801,-0.0018228667322546,94.0,16.07000160217285,47.3979714,8.5461634,attack,19.772
1776222432.3652668,2026-04-15T03:07:12.365267,normal_triangle,2,47.398161124938134,8.546443584190849,0.2820000052452087,-0.1030000075697898,0.0299999993294477,-0.089999996125698,-0.25,-0.0599052160978317,-0.000546293973457,-10.716822624206545,0.0258974656462669,-0.053505390882492,-0.0023309281095862,94.0,16.07000160217285,47.3979714,8.5461633,attack,19.875
1776222432.4722526,2026-04-15T03:07:12.472253,normal_triangle,2,47.39816214621942,8.546445092948744,0.2900000214576721,-0.0950000062584877,0.0299999993294477,-0.0999999940395355,-0.2699999809265136,-0.0509334728121757,-0.0074362028390169,-10.719873428344728,0.0274765286594629,-0.0573157407343387,-0.0017273220000788,94.0,16.07000160217285,47.3979714,8.5461633,attack,19.982
1776222432.5751178,2026-04-15T03:07:12.575118,normal_triangle,2,47.39816312816577,8.546446543596408,0.2960000038146972,-0.0890000015497207,0.0299999993294477,-0.0999999940395355,-0.2800000011920929,-0.0583933182060718,-0.0018444175366312,-10.738274574279783,0.0294942539185285,-0.0632415264844894,-0.0012518824078142,94.0,16.07000160217285,47.3979714,8.5461633,attack,20.085
1776222432.6912663,2026-04-15T03:07:12.691267,normal_triangle,2,47.3981642369134,8.546448181569971,0.3050000071525574,-0.0800000056624412,0.0299999993294477,-0.1099999994039535,-0.3100000023841858,-0.0522640384733676,-0.0103168291971087,-10.718403816223145,0.0306259170174598,-0.06505037099123,-0.0016178837977349,94.0,16.07000160217285,47.3979714,8.5461633,attack,20.201
1776222432.7949617,2026-04-15T03:07:12.794961,normal_triangle,2,47.39816522678455,8.546449643925085,0.3050000071525574,-0.0800000056624412,0.0299999993294477,-0.1099999994039535,-0.3100000023841858,-0.0522640384733676,-0.0103168291971087,-10.718403816223145,0.0306259170174598,-0.06505037099123,-0.0016178837977349,94.0,16.07000160217285,47.3979714,8.5461633,attack,20.305
1776222432.8970668,2026-04-15T03:07:12.897067,normal_triangle,2,47.39816620147523,8.54645108385381,0.3050000071525574,-0.0800000056624412,0.0299999993294477,-0.1099999994039535,-0.3100000023841858,-0.0522640384733676,-0.0103168291971087,-10.718403816223145,0.0306259170174598,-0.06505037099123,-0.0016178837977349,94.0,16.07000160217285,47.3979714,8.5461633,attack,20.407
1776222433.0022607,2026-04-15T03:07:13.002261,normal_triangle,2,47.3981673056506,8.54645246734138,0.3120000064373016,-0.0730000063776969,0.0399999991059303,-0.1099999994039535,-0.3199999928474426,-0.0573796294629573,-0.0074696922674775,-10.716151237487791,0.0306186992675066,-0.0664318576455116,0.0006227327394299,94.0,16.07000160217285,47.3979715,8.546163199999999,attack,20.512
1776222433.1090124,2026-04-15T03:07:13.109012,normal_triangle,2,47.398168324696925,8.546453972797524,0.3120000064373016,-0.0730000063776969,0.0399999991059303,-0.1099999994039535,-0.3199999928474426,-0.0573796294629573,-0.0074696922674775,-10.716151237487791,0.0306186992675066,-0.0664318576455116,0.0006227327394299,94.0,16.07000160217285,47.3979715,8.546163199999999,attack,20.619
1776222433.2125611,2026-04-15T03:07:13.212561,normal_triangle,2,47.398169313168374,8.546455433084839,0.3220000267028808,-0.0630000010132789,0.0399999991059303,-0.1099999994039535,-0.3400000035762787,-0.0523453131318092,-0.0095968302339315,-10.704668045043944,0.0316729955375194,-0.0657433271408081,-0.0002276939922012,94.0,16.07000160217285,47.3979715,8.546163199999999,attack,20.722
1776222433.314583,2026-04-15T03:07:13.314583,normal_triangle,2,47.39817028706475,8.546456871840133,0.3290000259876251,-0.0560000017285347,0.0399999991059303,-0.1099999994039535,-0.3599999845027923,-0.0548829957842826,-0.0098076006397604,-10.695527076721191,0.0315812677145004,-0.0647418424487114,0.0005514539661817,94.0,16.07000160217285,47.3979715,8.546163199999999,attack,20.824
1776222433.4164078,2026-04-15T03:07:13.416408,normal_triangle,2,47.398171259078936,8.546458207814824,0.3370000123977661,-0.0490000024437904,0.0399999991059303,-0.1099999994039535,-0.3700000047683716,-0.0579913780093193,-0.0140774892643094,-10.673141479492188,0.0337356477975845,-0.0656734183430671,-0.000478231231682,94.0,16.07000160217285,47.3979715,8.5461631,attack,20.926
1776222433.5187664,2026-04-15T03:07:13.518766,normal_triangle,2,47.39817223618893,8.546459651317653,0.348000019788742,-0.0370000004768371,0.0399999991059303,-0.1199999973177909,-0.3999999761581421,-0.0558676086366176,-0.0073906239122152,-10.707364082336426,0.0330399237573146,-0.065470278263092,0.0012900542933493,94.0,16.07000160217285,47.3979715,8.5461631,attack,21.028
1776222433.622905,2026-04-15T03:07:13.622905,normal_triangle,2,47.398173230291036,8.546461119923242,0.356000006198883,-0.0290000010281801,0.0399999991059303,-0.1199999973177909,-0.4099999964237213,-0.0596963465213775,-0.0071017779409885,-10.702181816101074,0.032893132418394,-0.0667698979377746,0.0013876339653506,94.0,16.07000160217285,47.3979715,8.5461631,attack,21.133
1776222433.7252235,2026-04-15T03:07:13.725224,normal_triangle,2,47.39817420701867,8.546462562861207,0.356000006198883,-0.0290000010281801,0.0399999991059303,-0.1199999973177909,-0.4099999964237213,-0.0596963465213775,-0.0071017779409885,-10.702181816101074,0.032893132418394,-0.0667698979377746,0.0013876339653506,94.0,16.07000160217285,47.3979715,8.5461631,attack,21.235
1776222433.8321846,2026-04-15T03:07:13.832185,normal_triangle,2,47.39817522806326,8.54646407126943,0.356000006198883,-0.0290000010281801,0.0399999991059303,-0.1199999973177909,-0.4099999964237213,-0.0596963465213775,-0.0071017779409885,-10.702181816101074,0.032893132418394,-0.0667698979377746,0.0013876339653506,94.0,16.07000160217285,47.3979715,8.5461631,attack,21.342
1776222433.9520557,2026-04-15T03:07:13.952055,normal_triangle,2,47.398176472347295,8.546465661742163,0.3730000257492065,-0.0120000001043081,0.0399999991059303,-0.1199999973177909,-0.4399999976158142,-0.0550870709121227,-0.0124418018385767,-10.720057487487791,0.0301629267632961,-0.0651274472475051,0.0014600332360714,94.0,16.07000160217285,47.3979716,8.546163,attack,21.462
1776222434.073851,2026-04-15T03:07:14.073851,normal_triangle,2,47.39817763500038,8.546467379351261,0.3820000290870666,-0.003000000026077,0.0399999991059303,-0.1199999973177909,-0.4599999785423279,-0.0522002354264259,-0.0100497677922248,-10.704358100891112,0.030946584418416,-0.0638022273778915,-0.0002574548125267,94.0,16.07000160217285,47.3979716,8.546163,attack,21.583
1776222434.1762416,2026-04-15T03:07:14.176242,normal_triangle,2,47.39817861241535,8.546468823304638,0.3820000290870666,-0.003000000026077,0.0399999991059303,-0.1199999973177909,-0.4599999785423279,-0.0522002354264259,-0.0100497677922248,-10.704358100891112,0.030946584418416,-0.0638022273778915,-0.0002574548125267,94.0,16.07000160217285,47.3979716,8.546163,attack,21.686
1776222434.2779207,2026-04-15T03:07:14.277921,normal_triangle,2,47.39817958303894,8.54647025722498,0.387000024318695,0.0010000000474974,0.0399999991059303,-0.1199999973177909,-0.4599999785423279,-0.0529735349118709,-0.0071717677637934,-10.71531867980957,0.0310163665562868,-0.0606258660554885,0.0012663799570873,94.0,16.07000160217285,47.3979716,8.546163,attack,21.788
1776222434.3842452,2026-04-15T03:07:14.384245,normal_triangle,2,47.39818059800679,8.546471656655925,0.4130000174045563,0.0270000007003545,0.0399999991059303,-0.1199999973177909,-0.5099999904632568,-0.0434793010354042,-0.003801871323958,-10.746487617492676,0.0274401810020208,-0.061494592577219,0.0014469496672973,94.0,16.07000160217285,47.3979716,8.546162899999999,attack,21.894
1776222434.494741,2026-04-15T03:07:14.494741,normal_triangle,2,47.39818165279434,8.546473214913268,0.4230000078678131,0.0370000004768371,0.0399999991059303,-0.1199999973177909,-0.5199999809265137,-0.0463305078446865,-0.0035037582274526,-10.649907112121582,0.0252905804663896,-0.0614898055791854,0.0015623008366674,94.0,16.07000160217285,47.3979716,8.546162899999999,attack,22.004
1776222434.603952,2026-04-15T03:07:14.603952,normal_triangle,2,47.398182695316905,8.546474655051302,0.4440000355243683,0.0580000020563602,0.0399999991059303,-0.1199999973177909,-0.550000011920929,-0.0526387020945549,-0.0072297845035791,-10.619589805603027,0.0211190041154623,-0.0516116544604301,0.0016698034014552,94.0,16.07000160217285,47.3979716,8.5461628,attack,22.114
1776222434.705284,2026-04-15T03:07:14.705284,normal_triangle,2,47.39818376262901,8.546476084080126,0.4600000083446502,0.0740000009536743,0.0399999991059303,-0.1199999973177909,-0.5699999928474426,-0.0533688627183437,-0.0021871621720492,-10.62631893157959,0.0199770648032426,-0.0491205491125583,0.002607250586152,94.0,16.07000160217285,47.3979717,8.5461628,attack,22.215
1776222434.8097184,2026-04-15T03:07:14.809718,normal_triangle,2,47.398184759553274,8.546477556854944,0.4600000083446502,0.0740000009536743,0.0399999991059303,-0.1199999973177909,-0.5699999928474426,-0.0533688627183437,-0.0021871621720492,-10.62631893157959,0.0199770648032426,-0.0491205491125583,0.002607250586152,94.0,16.07000160217285,47.3979717,8.5461628,attack,22.319
1776222434.9139938,2026-04-15T03:07:14.913994,normal_triangle,2,47.39818575496176,8.546478927390485,0.4800000190734863,0.0940000042319297,0.0399999991059303,-0.1199999973177909,-0.5999999642372131,-0.0577510595321655,0.0023920102976262,-10.63709831237793,0.0183518473058938,-0.0476420409977436,0.0023911404423415,94.0,16.07000160217285,47.3979717,8.5461627,attack,22.424
1776222435.0152097,2026-04-15T03:07:15.015210,normal_triangle,2,47.39818672116321,8.546480354777925,0.4800000190734863,0.0940000042319297,0.0399999991059303,-0.1199999973177909,-0.5999999642372131,-0.0577510595321655,0.0023920102976262,-10.63709831237793,0.0183518473058938,-0.0476420409977436,0.0023911404423415,94.0,16.07000160217285,47.3979717,8.5461627,attack,22.525
1776222435.1364002,2026-04-15T03:07:15.136400,normal_triangle,2,47.39818787804226,8.54648206385693,0.4800000190734863,0.0940000042319297,0.0399999991059303,-0.1199999973177909,-0.5999999642372131,-0.0577510595321655,0.0023920102976262,-10.63709831237793,0.0183518473058938,-0.0476420409977436,0.0023911404423415,94.0,16.07000160217285,47.3979717,8.5461627,attack,22.646
1776222435.2407026,2026-04-15T03:07:15.240703,normal_triangle,2,47.39818887370792,8.546483534772408,0.492000013589859,0.106000006198883,0.0399999991059303,-0.1199999973177909,-0.6100000143051147,-0.0620145536959171,0.0041554700583219,-10.61281681060791,0.0184952728450298,-0.0434954389929771,0.0016687577590346,94.0,16.07000160217285,47.3979717,8.5461627,attack,22.75
1776222435.3463266,2026-04-15T03:07:15.346327,normal_triangle,2,47.39818988198909,8.546485024324989,0.5040000081062317,0.1180000081658363,0.0399999991059303,-0.1099999994039535,-0.6299999952316284,-0.0560688525438308,-0.0106096509844064,-10.554831504821776,0.0143556864932179,-0.0435521975159645,0.0032641554716974,94.0,16.07000160217285,47.3979717,8.5461627,attack,22.856
1776222435.4490683,2026-04-15T03:07:15.449069,normal_triangle,2,47.39819086275651,8.546486473231,0.5230000019073486,0.1370000094175338,0.0399999991059303,-0.1099999994039535,-0.6599999666213989,-0.0555136166512966,-0.0017173022497445,-10.604090690612791,0.0125150503590703,-0.0399319641292095,0.0019800034351646,94.0,16.07000160217285,47.3979717,8.5461627,attack,22.959
1776222435.5500772,2026-04-15T03:07:15.550077,normal_triangle,2,47.39819182698245,8.546487897699985,0.5230000019073486,0.1370000094175338,0.0399999991059303,-0.1099999994039535,-0.6599999666213989,-0.0545769408345222,-0.001621217932552,-10.585511207580566,0.0107285659760236,-0.0378542467951774,0.0022925480734556,94.0,16.07000160217285,47.3979717,8.5461627,attack,23.06
1776222435.6532578,2026-04-15T03:07:15.653258,normal_triangle,2,47.39819281193986,8.546489252795949,0.5360000133514404,0.1500000059604644,0.0399999991059303,-0.1099999994039535,-0.6800000071525574,-0.0513584911823272,-0.0048736529424786,-10.47976016998291,0.0086103472858667,-0.0339574851095676,0.0031365235336124,94.0,16.07000160217285,47.3979717,8.546162599999999,attack,23.163
1776222435.7663298,2026-04-15T03:07:15.766330,normal_triangle,2,47.39819389131886,8.5464908473827,0.5560000538825989,0.1700000017881393,0.0299999993294477,-0.1099999994039535,-0.7099999785423279,-0.0513584911823272,-0.0048736529424786,-10.47976016998291,0.0086103472858667,-0.0339574851095676,0.0031365235336124,94.0,16.07000160217285,47.3979717,8.546162599999999,attack,23.276
1776222435.869131,2026-04-15T03:07:15.869131,normal_triangle,2,47.39819487265526,8.546492297129282,0.5630000233650208,0.1770000010728836,0.0299999993294477,-0.1099999994039535,-0.7199999690055847,-0.0564389340579509,-0.0084204310551285,-10.476845741271973,0.0081207733601331,-0.0335145369172096,0.00339504214935,94.0,16.07000160217285,47.3979717,8.546162599999999,attack,23.379
1776222435.9708242,2026-04-15T03:07:15.970824,normal_triangle,2,47.398195843413134,8.546493731248,0.5630000233650208,0.1770000010728836,0.0299999993294477,-0.1099999994039535,-0.7199999690055847,-0.0564389340579509,-0.0084204310551285,-10.476845741271973,0.0081207733601331,-0.0335145369172096,0.00339504214935,94.0,16.07000160217285,47.3979717,8.546162599999999,attack,23.48
1776222436.073226,2026-04-15T03:07:16.073226,normal_triangle,2,47.39819682093507,8.546495175359407,0.5630000233650208,0.1770000010728836,0.0299999993294477,-0.1099999994039535,-0.7199999690055847,-0.0614525787532329,-0.0079692518338561,-10.4307861328125,0.0068971351720392,-0.0305471587926149,0.0025629310403019,94.0,16.07000160217285,47.3979717,8.546162599999999,attack,23.583
1776222436.178085,2026-04-15T03:07:16.178085,normal_triangle,2,47.39819782191504,8.546496654125802,0.5900000333786011,0.2040000110864639,0.0299999993294477,-0.0999999940395355,-0.75,-0.0614525787532329,-0.0079692518338561,-10.4307861328125,0.0068971351720392,-0.0305471587926149,0.0025629310403019,94.0,16.07000160217285,47.3979717,8.546162599999999,attack,23.688
1776222436.2822397,2026-04-15T03:07:16.282240,normal_triangle,2,47.39819881616963,8.54649802295667,0.6050000190734863,0.2180000096559524,0.0299999993294477,-0.0999999940395355,-0.7699999809265137,-0.0633499845862388,-0.0087671680375933,-10.41884994506836,0.0061014788225293,-0.028289932757616,0.0021915582474321,94.0,16.07000160217285,47.3979717,8.5461625,attack,23.792
1776222436.394848,2026-04-15T03:07:16.394848,normal_triangle,2,47.39819999112422,8.54649961100779,0.6270000338554382,0.2410000115633011,0.0299999993294477,-0.0999999940395355,-0.7899999618530273,-0.055871944874525,-0.000967189494986,-10.358670234680176,0.0052391309291124,-0.0261679831892251,0.002167530125007,94.0,16.07000160217285,47.3979718,8.5461625,attack,23.904
1776222436.4979532,2026-04-15T03:07:16.497953,normal_triangle,2,47.39820097536016,8.546501065037917,0.6420000195503235,0.2560000121593475,0.0299999993294477,-0.0999999940395355,-0.7999999523162842,-0.0555110163986682,-0.012308838777244,-10.355122566223145,0.005556627176702,-0.0250056125223636,0.0020528340246528,94.0,16.07000160217285,47.3979718,8.5461625,attack,24.008
1776222436.608104,2026-04-15T03:07:16.608104,normal_triangle,2,47.39820202685445,8.546502618430052,0.6650000214576721,0.2790000140666961,0.0199999995529651,-0.089999996125698,-0.8199999928474426,-0.0484877303242683,-0.0072345929220318,-10.290671348571776,0.002809977158904,-0.0226387362927198,0.0021204273216426,94.0,16.07000160217285,47.3979718,8.5461625,attack,24.118
1776222436.7111151,2026-04-15T03:07:16.711115,normal_triangle,2,47.39820301019367,8.546504071135441,0.6810000538825989,0.2950000166893005,0.0199999995529651,-0.089999996125698,-0.8299999833106995,-0.0518263988196849,-0.0044924071989953,-10.359787940979004,0.001623218297027,-0.0204064529389143,0.0028816047124564,94.0,16.07000160217285,47.3979718,8.5461625,attack,24.221
1776222436.8184094,2026-04-15T03:07:16.818409,normal_triangle,2,47.39820403442001,8.546505584244136,0.6810000538825989,0.2950000166893005,0.0199999995529651,-0.089999996125698,-0.8299999833106995,-0.0518263988196849,-0.0044924071989953,-10.359787940979004,0.001623218297027,-0.0204064529389143,0.0028816047124564,94.0,16.07000160217285,47.3979718,8.5461625,attack,24.328
1776222436.930715,2026-04-15T03:07:16.930715,normal_triangle,2,47.39820510648417,8.54650706802453,0.7050000429153442,0.3190000057220459,0.0199999995529651,-0.089999996125698,-0.8499999642372131,-0.052961703389883,-0.0054093170911073,-10.26870822906494,0.0028322476428002,-0.0180712640285491,0.0014359251363202,94.0,16.07000160217285,47.3979718,8.5461624,attack,24.44
1776222437.0398362,2026-04-15T03:07:17.039836,normal_triangle,2,47.3982061481487,8.546508606894992,0.7050000429153442,0.3190000057220459,0.0199999995529651,-0.089999996125698,-0.8499999642372131,-0.052961703389883,-0.0054093170911073,-10.26870822906494,0.0028322476428002,-0.0180712640285491,0.0014359251363202,94.0,16.07000160217285,47.3979718,8.5461624,attack,24.549
1776222437.145695,2026-04-15T03:07:17.145695,normal_triangle,2,47.39820715867165,8.546510099759416,0.7210000157356262,0.3350000083446502,0.0199999995529651,-0.089999996125698,-0.85999995470047,-0.0527539104223251,-0.0035821364726871,-10.301987648010254,0.0010103781241923,-0.0157865937799215,0.0029914362821727,94.0,16.07000160217285,47.3979718,8.5461624,attack,24.655
1776222437.2490797,2026-04-15T03:07:17.249079,normal_triangle,2,47.398208145577264,8.546511557733494,0.7210000157356262,0.3350000083446502,0.0199999995529651,-0.089999996125698,-0.85999995470047,-0.0527539104223251,-0.0035821364726871,-10.301987648010254,0.0010103781241923,-0.0157865937799215,0.0029914362821727,94.0,16.07000160217285,47.3979718,8.5461624,attack,24.759
1776222437.363338,2026-04-15T03:07:17.363338,normal_triangle,2,47.3982092362813,8.546513169050936,0.7470000386238098,0.3610000312328338,0.0199999995529651,-0.0799999982118606,-0.8799999952316284,-0.0503913611173629,-0.0115955779328942,-10.314091682434082,-0.0005280514596961,-0.0113349584862589,0.001396493287757,94.0,16.07000160217285,47.3979718,8.5461624,attack,24.873
1776222437.4678824,2026-04-15T03:07:17.467882,normal_triangle,2,47.39821023425704,8.546514643379128,0.7640000581741333,0.3780000209808349,0.0199999995529651,-0.0799999982118606,-0.8899999856948853,-0.0587205849587917,-0.012961964122951,-10.304443359375,-0.0002729207626543,-0.0113185225054621,0.0037581108044832,94.0,16.07000160217285,47.3979718,8.5461624,attack,24.978
1776222437.5739422,2026-04-15T03:07:17.573942,normal_triangle,2,47.39821124669861,8.546516139077953,0.7890000343322754,0.4030000269412994,0.0099999997764825,-0.0799999982118606,-0.9099999666213988,-0.0604744963347911,-0.0024315654300153,-10.329544067382812,-0.0016531681176275,-0.0094681829214096,0.0026669877115637,94.0,16.07000160217285,47.3979718,8.5461624,attack,25.084
1776222437.6948965,2026-04-15T03:07:17.694896,normal_triangle,2,47.398212401322205,8.546517844824944,0.8060000538825989,0.4200000166893005,0.0099999997764825,-0.0700000002980232,-0.9300000071525574,-0.0496218502521514,-0.0076175713911652,-10.341978073120115,-0.0029253186658024,-0.0073715909384191,0.002512655686587,94.0,16.07000160217285,47.3979718,8.5461624,attack,25.205
1776222437.797619,2026-04-15T03:07:17.797619,normal_triangle,2,47.398213381907546,8.546519193461977,0.8230000138282776,0.4370000064373016,0.0099999997764825,-0.0700000002980232,-0.9300000071525574,-0.0526166372001171,-0.0143587924540042,-10.319058418273926,-0.0049762241542339,-0.00555788166821,0.0033925957977771,94.0,16.07000160217285,47.3979718,8.546162299999999,attack,25.307
1776222437.9141016,2026-04-15T03:07:17.914102,normal_triangle,2,47.39821449384376,8.546520836146103,0.8490000367164612,0.4630000293254852,0.0099999997764825,-0.0700000002980232,-0.949999988079071,-0.0523062050342559,-0.0139019349589943,-10.355359077453612,-0.0039241570048034,-0.0033085488248616,0.0012396003585308,94.0,16.07000160217285,47.3979718,8.546162299999999,attack,25.424
1776222438.01525,2026-04-15T03:07:18.015250,normal_triangle,2,47.39821545940112,8.546522262582021,0.8490000367164612,0.4630000293254852,0.0099999997764825,-0.0700000002980232,-0.949999988079071,-0.0523062050342559,-0.0139019349589943,-10.355359077453612,-0.0039241570048034,-0.0033085488248616,0.0012396003585308,94.0,16.07000160217285,47.3979718,8.546162299999999,attack,25.525
1776222438.118774,2026-04-15T03:07:18.118774,normal_triangle,2,47.398216447635875,8.546523722519668,0.8760000467300415,0.4890000224113464,0.0099999997764825,-0.0599999986588954,-0.959999978542328,-0.0546562597155571,-0.0096630733460187,-10.32687282562256,-0.004207185935229,-0.0047656963579356,0.0028520948253571,94.0,16.07000160217285,47.3979718,8.546162299999999,attack,25.628
1776222438.223299,2026-04-15T03:07:18.223299,normal_triangle,2,47.398217445427264,8.546525196575516,0.893000066280365,0.5070000290870667,0.0,-0.0599999986588954,-0.9699999690055848,-0.0472518242895603,-0.0084413085132837,-10.326987266540527,-0.0053463052026927,-0.0009017518023028,0.0020033193286508,94.0,16.07000160217285,47.3979718,8.546162299999999,attack,25.733
1776222438.326964,2026-04-15T03:07:18.326964,normal_triangle,2,47.39821843500709,8.546526658500268,0.9110000729560852,0.5250000357627869,0.0,-0.0599999986588954,-0.9799999594688416,-0.0575535111129283,-0.0135022513568401,-10.326550483703612,-0.0064218868501484,-0.0008301789057441,0.0017668643267825,94.0,16.07000160217285,47.3979718,8.546162299999999,attack,25.837
1776222438.4302485,2026-04-15T03:07:18.430248,normal_triangle,2,47.398219420956806,8.546528115062188,0.9380000233650208,0.5520000457763672,0.0,-0.0499999970197677,-1.0,-0.0571486055850982,-0.0057558841072022,-10.290032386779783,-0.0053148916922509,0.0013657116796821,0.0015058848075568,94.0,16.07000160217285,47.3979718,8.546162299999999,attack,25.94
1776222438.5339775,2026-04-15T03:07:18.533978,normal_triangle,2,47.39822041114886,8.546529577891393,0.9470000267028807,0.5610000491142273,0.0,-0.0499999970197677,-1.0,-0.0571120828390121,-0.0031049961689859,-10.293044090270996,-0.0050901588983833,0.0018915338441729,0.0023357386235147,94.0,16.07000160217285,47.3979718,8.546162299999999,attack,26.044
1776222438.6371305,2026-04-15T03:07:18.637130,normal_triangle,2,47.39822139584226,8.546531032597336,0.975000023841858,0.5879999995231628,0.0,-0.0499999970197677,-1.0199999809265137,-0.0569661781191825,-0.0048544690944254,-10.35644245147705,-0.0054461560212075,0.0024851423222571,0.0012553312117233,94.0,16.07000160217285,47.3979718,8.546162299999999,attack,26.147
1776222438.7397213,2026-04-15T03:07:18.739721,normal_triangle,2,47.39822237516901,8.546532479375031,0.993000030517578,0.6070000529289246,0.0,-0.0399999991059303,-1.0299999713897705,-0.0620822980999946,-0.0109827769920229,-10.36663055419922,-0.0070221787318587,0.0052431281656026,0.0008337569306604,94.0,16.07000160217285,47.3979718,8.546162299999999,attack,26.249
1776222438.8448784,2026-04-15T03:07:18.844878,normal_triangle,2,47.3982233789939,8.546533962344276,0.993000030517578,0.6070000529289246,0.0,-0.0399999991059303,-1.0299999713897705,-0.0620822980999946,-0.0109827769920229,-10.36663055419922,-0.0070221787318587,0.0052431281656026,0.0008337569306604,94.0,16.07000160217285,47.3979718,8.546162299999999,attack,26.355
1776222438.9588225,2026-04-15T03:07:18.958822,normal_triangle,2,47.39822446669826,8.546535569230237,0.993000030517578,0.6070000529289246,0.0,-0.0399999991059303,-1.0299999713897705,-0.0620822980999946,-0.0109827769920229,-10.36663055419922,-0.0070221787318587,0.0052431281656026,0.0008337569306604,94.0,16.07000160217285,47.3979718,8.546162299999999,attack,26.468
1776222439.0685194,2026-04-15T03:07:19.068519,normal_triangle,2,47.398225513859174,8.546537116220597,1.0210000276565552,0.6350000500679016,0.0,-0.0399999991059303,-1.0399999618530271,-0.054914966225624,-0.0118313608691096,-10.266937255859377,-0.0076663782820105,0.0048727062530815,0.0012368522584438,94.0,16.07000160217285,47.3979718,8.546162299999999,attack,26.578
1776222439.1724524,2026-04-15T03:07:19.172452,normal_triangle,2,47.398226505999425,8.54653858192791,1.0390000343322754,0.6530000567436218,0.0,-0.0399999991059303,-1.0499999523162842,-0.0642723590135574,-0.0159228332340717,-10.197693824768066,-0.008299552835524,0.0055118319578468,0.0022789593786001,94.0,16.07000160217285,47.3979718,8.546162299999999,attack,26.682
1776222439.2769682,2026-04-15T03:07:19.276968,normal_triangle,2,47.39822750370205,8.54654005585263,1.0390000343322754,0.6530000567436218,0.0,-0.0399999991059303,-1.0499999523162842,-0.0642723590135574,-0.0159228332340717,-10.197693824768066,-0.008299552835524,0.0055118319578468,0.0022789593786001,94.0,16.07000160217285,47.3979718,8.546162299999999,attack,26.787
1776222439.3809168,2026-04-15T03:07:19.380917,normal_triangle,2,47.39822849599024,8.546541521778492,1.0810000896453855,0.6940000057220459,0.0,-0.0299999993294477,-1.069999933242798,-0.0613579899072647,-0.0162726305425167,-10.01385498046875,-0.0089261904358863,0.0091348830610513,0.0010383401531726,94.0,16.07000160217285,47.3979718,8.546162299999999,attack,26.891
1776222439.4854157,2026-04-15T03:07:19.485415,normal_triangle,2,47.398229493531275,8.546542995464488,1.099000096321106,0.7130000591278076,0.0,-0.0299999993294477,-1.069999933242798,-0.0634387210011482,-0.0081330761313438,-9.927695274353027,-0.0097062634304165,0.0085171088576316,0.0019670408219099,94.0,16.07000160217285,47.3979718,8.546162299999999,attack,26.995
1776222439.5883107,2026-04-15T03:07:19.588311,normal_triangle,2,47.39823047576212,8.54654444653245,1.128000020980835,0.7420000433921814,0.0,-0.0299999993294477,-1.069999933242798,-0.0612360090017318,-0.0113754281774163,-9.840620040893556,-0.0090819979086518,0.0105424774810671,0.0011561244027689,94.0,16.07000160217285,47.3979718,8.546162299999999,attack,27.098
1776222439.6908112,2026-04-15T03:07:19.690811,normal_triangle,2,47.39823145422629,8.54654589203584,1.128000020980835,0.7420000433921814,0.0,-0.0299999993294477,-1.069999933242798,-0.0612360090017318,-0.0113754281774163,-9.840620040893556,-0.0090819979086518,0.0105424774810671,0.0011561244027689,94.0,16.07000160217285,47.3979718,8.546162299999999,attack,27.2
1776222439.7996304,2026-04-15T03:07:19.799630,normal_triangle,2,47.39823239300949,8.546547426648928,1.147000074386597,0.7610000371932983,0.0,-0.0199999995529651,-1.069999933242798,-0.0628159493207931,-0.0047388691455125,-9.762155532836914,-0.0083879828453063,0.0109399938955903,0.0013840260216966,94.0,16.07000160217285,47.3979717,8.546162299999999,attack,27.309
1776222439.915491,2026-04-15T03:07:19.915491,normal_triangle,2,47.398233499010075,8.546549060564232,1.147000074386597,0.7610000371932983,0.0,-0.0199999995529651,-1.069999933242798,-0.0628159493207931,-0.0047388691455125,-9.762155532836914,-0.0083879828453063,0.0109399938955903,0.0013840260216966,94.0,16.07000160217285,47.3979717,8.546162299999999,attack,27.425
1776222440.021506,2026-04-15T03:07:20.021506,normal_triangle,2,47.398234511023766,8.546550555630944,1.1750000715255735,0.7890000343322754,-0.0099999997764825,-0.0199999995529651,-1.069999933242798,-0.0581372790038585,-0.0138752879574894,-9.747230529785156,-0.0096734482795,0.0118581820279359,0.0021590038668364,94.0,16.07000160217285,47.3979717,8.546162299999999,attack,27.531
1776222440.1262412,2026-04-15T03:07:20.126241,normal_triangle,2,47.39823551082025,8.546552032648956,1.194000005722046,0.8080000281333923,-0.0099999997764825,-0.0199999995529651,-1.069999933242798,-0.0539108738303184,-0.0086745899170637,-9.704691886901855,-0.0092259515076875,0.012356056831777,0.0016249228501692,94.0,16.07000160217285,47.3979717,8.546162299999999,attack,27.636
1776222440.2281587,2026-04-15T03:07:20.228159,normal_triangle,2,47.39823648371977,8.546553469931577,1.212000012397766,0.8260000348091125,-0.0099999997764825,-0.0099999997764825,-1.069999933242798,-0.0564463697373867,-0.0038849781267344,-9.698440551757812,-0.0109290359541773,0.0125348521396517,0.0012808195315301,94.0,16.07000160217285,47.3979717,8.546162299999999,attack,27.738
1776222440.3337684,2026-04-15T03:07:20.333768,normal_triangle,2,47.39823749186438,8.54655495928242,1.2400000095367432,0.8530000448226929,-0.0099999997764825,-0.0099999997764825,-1.069999933242798,-0.0630111694335937,-0.0082230595871806,-9.79225730895996,-0.0101207168772816,0.0139401424676179,0.0020761308260262,94.0,16.07000160217285,47.3979717,8.546162299999999,attack,27.843
1776222440.437564,2026-04-15T03:07:20.437564,normal_triangle,2,47.39823848269141,8.546556423049697,1.2400000095367432,0.8530000448226929,-0.0099999997764825,-0.0099999997764825,-1.069999933242798,-0.0630111694335937,-0.0082230595871806,-9.79225730895996,-0.0101207168772816,0.0139401424676179,0.0020761308260262,94.0,16.07000160217285,47.3979717,8.546162299999999,attack,27.947
1776222440.5396411,2026-04-15T03:07:20.539641,normal_triangle,2,47.39823945711581,8.546557862585045,1.2680000066757202,0.8820000290870667,-0.0099999997764825,-0.0099999997764825,-1.069999933242798,-0.0627575069665908,-0.0178490132093429,-9.799922943115234,-0.011780796572566,0.0141276605427265,0.0008159074932336,94.0,16.07000160217285,47.3979717,8.546162299999999,attack,28.049
1776222440.6421893,2026-04-15T03:07:20.642189,normal_triangle,2,47.398240436035174,8.546559308760889,1.287000060081482,0.9000000357627869,-0.0099999997764825,-0.0099999997764825,-1.069999933242798,-0.0650035664439201,-0.0057776710018515,-9.841290473937988,-0.0128146111965179,0.0118403313681483,0.001544214435853,94.0,16.07000160217285,47.3979717,8.546162299999999,attack,28.152
1776222440.7447815,2026-04-15T03:07:20.744782,normal_triangle,2,47.39824141537558,8.546560755558755,1.287000060081482,0.9000000357627869,-0.0099999997764825,-0.0099999997764825,-1.069999933242798,-0.0650035664439201,-0.0057776710018515,-9.841290473937988,-0.0128146111965179,0.0118403313681483,0.001544214435853,94.0,16.07000160217285,47.3979717,8.546162299999999,attack,28.254
1776222440.8586185,2026-04-15T03:07:20.858618,normal_triangle,2,47.39824250205805,8.54656236093505,1.287000060081482,0.9000000357627869,-0.0099999997764825,-0.0099999997764825,-1.069999933242798,-0.0650035664439201,-0.0057776710018515,-9.841290473937988,-0.0128146111965179,0.0118403313681483,0.001544214435853,94.0,16.07000160217285,47.3979717,8.546162299999999,attack,28.368
1776222440.9671853,2026-04-15T03:07:20.967185,normal_triangle,2,47.39824353843104,8.546563891988214,1.3330000638961792,0.9470000267028807,-0.0099999997764825,0.0,-1.079999923706055,-0.0639934837818145,-0.0148449791595339,-9.883493423461914,-0.0142240999266505,0.0177476201206445,0.0005127182230353,94.0,16.07000160217285,47.3979717,8.546162299999999,attack,28.477
1776222441.076206,2026-04-15T03:07:21.076206,normal_triangle,2,47.398244579137405,8.546565429443154,1.3330000638961792,0.9470000267028807,-0.0099999997764825,0.0,-1.079999923706055,-0.0639934837818145,-0.0148449791595339,-9.883493423461914,-0.0142240999266505,0.0177476201206445,0.0005127182230353,94.0,16.07000160217285,47.3979717,8.546162299999999,attack,28.586
1776222441.1843092,2026-04-15T03:07:21.184309,normal_triangle,2,47.39824561108598,8.54656695396005,1.3510000705718994,0.9650000333786012,-0.0199999995529651,0.0,-1.079999923706055,-0.0566543005406856,-0.0130575550720095,-9.893228530883787,-0.0139271765947341,0.0171242319047451,0.0011283995117992,94.0,16.07000160217285,47.3979717,8.546162299999999,attack,28.694
1776222441.2982433,2026-04-15T03:07:21.298243,normal_triangle,2,47.398246698694756,8.546568560704795,1.397000074386597,1.0110000371932983,-0.0199999995529651,0.0,-1.079999923706055,-0.0593443512916564,-0.0052928808145225,-9.887126922607422,-0.0109389582648873,0.0167434941977262,0.0009381068521179,94.0,16.07000160217285,47.3979717,8.546162299999999,attack,28.808
1776222441.3996537,2026-04-15T03:07:21.399654,normal_triangle,2,47.39824756675337,8.54656999083508,1.4160000085830688,1.03000009059906,-0.0199999995529651,0.0,-1.090000033378601,-0.0593443512916564,-0.0052928808145225,-9.887126922607422,-0.0109389582648873,0.0167434941977262,0.0009381068521179,94.0,16.07000160217285,47.3979716,8.546162299999999,attack,28.909
1776222441.504718,2026-04-15T03:07:21.504718,normal_triangle,2,47.39824856969292,8.546571472496392,1.462000012397766,1.076000094413757,-0.0199999995529651,0.0,-1.090000033378601,-0.0661870315670967,-0.0064393896609544,-9.92293643951416,-0.01258035749197,0.0182839874178171,0.0003348420723341,94.0,16.07000160217285,47.3979716,8.546162299999999,attack,29.014
1776222441.6140146,2026-04-15T03:07:21.614015,normal_triangle,2,47.39824961303254,8.546573013841483,1.4890000820159912,1.1030000448226929,-0.0199999995529651,0.0099999997764825,-1.090000033378601,-0.0645925775170326,-0.0092215528711676,-9.89564609527588,-0.0129251135513186,0.0182410273700952,0.0008269359241239,94.0,16.07000160217285,47.3979716,8.546162299999999,attack,29.124
1776222441.7166152,2026-04-15T03:07:21.716615,normal_triangle,2,47.398250592452605,8.546574460757025,1.4890000820159912,1.1030000448226929,-0.0199999995529651,0.0099999997764825,-1.090000033378601,-0.0645925775170326,-0.0092215528711676,-9.89564609527588,-0.0129251135513186,0.0182410273700952,0.0008269359241239,94.0,16.07000160217285,47.3979716,8.546162299999999,attack,29.226
1776222441.822857,2026-04-15T03:07:21.822857,normal_triangle,2,47.3982516066307,8.546575959021261,1.5080000162124634,1.1220000982284546,-0.0199999995529651,0.0099999997764825,-1.100000023841858,-0.0707135647535324,-0.0168333388864994,-9.958895683288574,-0.0128980753943324,0.0165427960455417,0.0006788790342397,94.0,16.07000160217285,47.3979716,8.546162299999999,attack,29.333
1776222441.9259248,2026-04-15T03:07:21.925925,normal_triangle,2,47.398252590511596,8.546577412526867,1.5080000162124634,1.1220000982284546,-0.0199999995529651,0.0099999997764825,-1.100000023841858,-0.0707135647535324,-0.0168333388864994,-9.958895683288574,-0.0128980753943324,0.0165427960455417,0.0006788790342397,94.0,16.07000160217285,47.3979716,8.546162299999999,attack,29.436
1776222442.0277858,2026-04-15T03:07:22.027786,normal_triangle,2,47.39825356287172,8.546578849012626,1.5080000162124634,1.1220000982284546,-0.0199999995529651,0.0099999997764825,-1.100000023841858,-0.0696485713124275,-0.0131558002904057,-9.96726417541504,-0.012631713412702,0.0167380254715681,0.0006527581135742,94.0,16.07000160217285,47.3979716,8.546162299999999,attack,29.537
1776222442.131567,2026-04-15T03:07:22.131567,normal_triangle,2,47.398254553562204,8.546580312578163,1.5260000228881836,1.1400001049041748,-0.0199999995529651,0.0099999997764825,-1.100000023841858,-0.0696485713124275,-0.0131558002904057,-9.96726417541504,-0.012631713412702,0.0167380254715681,0.0006527581135742,94.0,16.07000160217285,47.3979716,8.546162299999999,attack,29.641
1776222442.2361062,2026-04-15T03:07:22.236106,normal_triangle,2,47.39825555148787,8.546581886832382,1.5440000295639038,1.158000111579895,-0.0199999995529651,0.0099999997764825,-1.100000023841858,-0.0661653354763984,-0.0073231281712651,-9.96946907043457,-0.0112848430871963,0.0178011562675237,0.0019031572155654,94.0,16.07000160217285,47.3979716,8.5461624,attack,29.746
1776222442.3378525,2026-04-15T03:07:22.337852,normal_triangle,2,47.39825652275328,8.546583321700885,1.5440000295639038,1.158000111579895,-0.0199999995529651,0.0099999997764825,-1.100000023841858,-0.0661653354763984,-0.0073231281712651,-9.96946907043457,-0.0112848430871963,0.0178011562675237,0.0019031572155654,94.0,16.07000160217285,47.3979716,8.5461624,attack,29.847
1776222442.4412076,2026-04-15T03:07:22.441208,normal_triangle,2,47.39825750937667,8.546584779258035,1.590000033378601,1.2040001153945925,-0.0199999995529651,0.0099999997764825,-1.1100000143051147,-0.0659299939870834,-0.0046396376565098,-9.991695404052734,-0.0123720597475767,0.0161448959261178,0.0009518559672869,94.0,16.07000160217285,47.3979716,8.5461624,attack,29.951
1776222442.5457718,2026-04-15T03:07:22.545772,normal_triangle,2,47.398258407541306,8.546586253864486,1.6170001029968262,1.2310000658035278,-0.0199999995529651,0.0199999995529651,-1.1100000143051147,-0.0659375414252281,-0.0118388505652546,-10.003767013549805,-0.0128083368763327,0.0145056517794728,0.0019127177074551,94.0,16.07000160217285,47.3979715,8.5461624,attack,30.055
1776222442.6839652,2026-04-15T03:07:22.683965,normal_triangle,2,47.39825972672845,8.546588202724266,1.658000111579895,1.272000074386597,-0.0199999995529651,0.0199999995529651,-1.1200000047683716,-0.0641848295927047,-0.0145886158570647,-9.993114471435549,-0.0103783188387751,0.0150362057611346,-9.053811663761736e-05,94.0,16.07000160217285,47.3979715,8.5461624,attack,30.194
1776222442.7857957,2026-04-15T03:07:22.785796,normal_triangle,2,47.39826069879725,8.54658963877965,1.6770000457763672,1.2910000085830688,-0.0199999995529651,0.0199999995529651,-1.1200000047683716,-0.0701646134257316,-0.0110010392963886,-9.984869003295898,-0.0116341197863221,0.0142461312934756,0.0018075912958011,94.0,16.07000160217285,47.3979715,8.5461624,attack,30.295
1776222442.8906257,2026-04-15T03:07:22.890626,normal_triangle,2,47.398261699499564,8.546591117135842,1.6770000457763672,1.2910000085830688,-0.0199999995529651,0.0199999995529651,-1.1200000047683716,-0.0701646134257316,-0.0110010392963886,-9.984869003295898,-0.0116341197863221,0.0142461312934756,0.0018075912958011,94.0,16.07000160217285,47.3979715,8.5461624,attack,30.4
1776222443.0083768,2026-04-15T03:07:23.008377,normal_triangle,2,47.39826282354601,8.546592777710632,1.6950000524520874,1.309000015258789,-0.0199999995529651,0.0199999995529651,-1.1299999952316284,-0.0751312598586082,-0.0093188313767313,-10.035082817077637,-0.0106571214273571,0.0129739996045827,0.000629101821687,94.0,16.07000160217285,47.3979715,8.5461624,attack,30.518
1776222443.1168993,2026-04-15T03:07:23.116899,normal_triangle,2,47.39826385949568,8.546594308138408,1.6950000524520874,1.309000015258789,-0.0199999995529651,0.0199999995529651,-1.1299999952316284,-0.0751312598586082,-0.0093188313767313,-10.035082817077637,-0.0106571214273571,0.0129739996045827,0.000629101821687,94.0,16.07000160217285,47.3979715,8.5461624,attack,30.627
1776222443.2197146,2026-04-15T03:07:23.219715,normal_triangle,2,47.398264840966355,8.546595758083358,1.6950000524520874,1.309000015258789,-0.0199999995529651,0.0199999995529651,-1.1299999952316284,-0.0751312598586082,-0.0093188313767313,-10.035082817077637,-0.0106571214273571,0.0129739996045827,0.000629101821687,94.0,16.07000160217285,47.3979715,8.5461624,attack,30.729
1776222443.3242586,2026-04-15T03:07:23.324259,normal_triangle,2,47.39826583893755,8.546597232404817,1.7420001029968262,1.3560000658035278,-0.0199999995529651,0.0199999995529651,-1.1399999856948853,-0.0674917325377464,-0.0137368934229016,-9.947248458862305,-0.0097239334136247,0.0122104687616229,0.0005343429511412,94.0,16.07000160217285,47.3979715,8.5461624,attack,30.834
1776222443.4251137,2026-04-15T03:07:23.425114,normal_triangle,2,47.39826680169551,8.546598654705127,1.7650001049041748,1.3790000677108765,-0.0199999995529651,0.0199999995529651,-1.1399999856948853,-0.0784225687384605,-0.0140798445791006,-9.990583419799805,-0.0103587945923209,0.0113271446898579,0.0022888639941811,94.0,16.07000160217285,47.3979715,8.5461624,attack,30.935
1776222443.5269935,2026-04-15T03:07:23.526994,normal_triangle,2,47.398267774235435,8.546600091456504,1.793000102043152,1.4070000648498535,-0.0199999995529651,0.0299999993294477,-1.1399999856948853,-0.0604533441364765,-0.007372859865427,-10.00562572479248,-0.0100557273253798,0.0115377474576234,0.0003453750396147,94.0,16.07000160217285,47.3979715,8.5461624,attack,31.037
1776222443.6310158,2026-04-15T03:07:23.631016,normal_triangle,2,47.39826876722689,8.5466016584213,1.812000036239624,1.4260001182556152,-0.0199999995529651,0.0299999993294477,-1.149999976158142,-0.0689449980854988,-0.0131321027874946,-9.996737480163574,-0.0092899827286601,0.0111526846885681,0.0032343382481485,94.0,16.07000160217285,47.3979715,8.5461625,attack,31.141
1776222443.7431788,2026-04-15T03:07:23.743179,normal_triangle,2,47.39826973793004,8.546603240190208,1.8410000801086424,1.4550000429153442,-0.0199999995529651,0.0299999993294477,-1.149999976158142,-0.069692350924015,-0.0043338141404092,-10.003334999084473,-0.0105029577389359,0.0115365162491798,0.0003795774828176,94.0,16.07000160217285,47.3979714,8.5461625,attack,31.253
1776222443.8472865,2026-04-15T03:07:23.847286,normal_triangle,2,47.398270731736275,8.546604708358698,1.8410000801086424,1.4550000429153442,-0.0199999995529651,0.0299999993294477,-1.149999976158142,-0.069692350924015,-0.0043338141404092,-10.003334999084473,-0.0105029577389359,0.0115365162491798,0.0003795774828176,94.0,16.07000160217285,47.3979714,8.5461625,attack,31.357
1776222443.9709227,2026-04-15T03:07:23.970923,normal_triangle,2,47.39827191196183,8.54660645192793,1.8600001335144043,1.474000096321106,-0.0199999995529651,0.0299999993294477,-1.159999966621399,-0.0602689757943153,-0.0128093464300036,-9.973246574401855,-0.0107256202027201,0.0129195321351289,0.0010123046813532,94.0,16.07000160217285,47.3979714,8.5461625,attack,31.481
1776222444.0741262,2026-04-15T03:07:24.074126,normal_triangle,2,47.39827289713773,8.546607907346665,1.8790000677108765,1.493000030517578,-0.0199999995529651,0.0299999993294477,-1.159999966621399,-0.0697800293564796,-0.0080283712595701,-10.00158405303955,-0.0082521643489599,0.0103751150891184,0.0014334896113723,94.0,16.07000160217285,47.3979714,8.5461625,attack,31.584
1776222444.1766934,2026-04-15T03:07:24.176693,normal_triangle,2,47.398273876239166,8.546609353791483,1.8790000677108765,1.493000030517578,-0.0199999995529651,0.0299999993294477,-1.159999966621399,-0.0697800293564796,-0.0080283712595701,-10.00158405303955,-0.0082521643489599,0.0103751150891184,0.0014334896113723,94.0,16.07000160217285,47.3979714,8.5461625,attack,31.686
1776222444.278568,2026-04-15T03:07:24.278568,normal_triangle,2,47.39827484872902,8.546610790468886,1.8980001211166384,1.5120000839233398,-0.0199999995529651,0.0299999993294477,-1.159999966621399,-0.0841390416026115,-0.0182703994214534,-10.01115608215332,-0.0083695352077484,0.0119331050664186,0.0006323516718111,94.0,16.07000160217285,47.3979714,8.5461625,attack,31.788
1776222444.3839564,2026-04-15T03:07:24.383956,normal_triangle,2,47.39827585476156,8.546612276699529,1.9270000457763672,1.5410001277923584,-0.0199999995529651,0.0299999993294477,-1.1699999570846558,-0.0685715526342392,-0.0133353676646947,-10.000905990600586,-0.0072210123762488,0.0127748595550656,0.0003438251442275,94.0,16.07000160217285,47.3979714,8.5461625,attack,31.894
1776222444.4871874,2026-04-15T03:07:24.487187,normal_triangle,2,47.39827684019919,8.546613732504925,1.946000099182129,1.5600000619888306,-0.0199999995529651,0.0299999993294477,-1.1699999570846558,-0.0657301545143127,-0.0031096776947379,-9.9935302734375,-0.0055295322090387,0.0118856960907578,9.638691699365154e-05,91.0,16.010000228881836,47.3979714,8.5461625,attack,31.997
1776222444.59013,2026-04-15T03:07:24.590130,normal_triangle,2,47.39827782288522,8.54661518424533,1.9650001525878904,1.5790001153945925,-0.0199999995529651,0.0299999993294477,-1.1699999570846558,-0.0671581327915191,-0.0168228074908256,-9.994407653808594,-0.0037671900354325,0.0100687202066183,0.0010127450805157,91.0,16.010000228881836,47.3979714,8.5461625,attack,32.1
1776222444.6928797,2026-04-15T03:07:24.692880,normal_triangle,2,47.39827880372774,8.546616633262289,1.9650001525878904,1.5790001153945925,-0.0199999995529651,0.0299999993294477,-1.1699999570846558,-0.0671581327915191,-0.0168228074908256,-9.994407653808594,-0.0037671900354325,0.0100687202066183,0.0010127450805157,91.0,16.010000228881836,47.3979714,8.5461625,attack,32.203
1776222444.796898,2026-04-15T03:07:24.796898,normal_triangle,2,47.3982797966805,8.546618100169926,1.99400007724762,1.6080000400543213,-0.0199999995529651,0.0299999993294477,-1.1799999475479126,-0.0661517903208732,-0.0142617877572774,-10.002714157104492,-0.0033479442354291,0.0091879982501268,4.835072468267754e-05,91.0,16.010000228881836,47.3979714,8.5461625,attack,32.307
1776222444.89745,2026-04-15T03:07:24.897450,normal_triangle,2,47.39828075654576,8.54661951819678,2.013000011444092,1.627000093460083,-0.0199999995529651,0.0299999993294477,-1.1799999475479126,-0.067309021949768,-0.0208290517330169,-9.97519302368164,-0.0037218353245407,0.0096367551013827,0.0004014069854747,91.0,16.010000228881836,47.3979714,8.5461625,attack,32.407
1776222445.0026274,2026-04-15T03:07:25.002627,normal_triangle,2,47.398281760564096,8.546621001451804,2.013000011444092,1.627000093460083,-0.0199999995529651,0.0299999993294477,-1.1799999475479126,-0.067309021949768,-0.0208290517330169,-9.97519302368164,-0.0037218353245407,0.0096367551013827,0.0004014069854747,91.0,16.010000228881836,47.3979714,8.5461625,attack,32.512
1776222445.1056774,2026-04-15T03:07:25.105677,normal_triangle,2,47.3982827442743,8.546622454705235,2.013000011444092,1.627000093460083,-0.0199999995529651,0.0299999993294477,-1.1799999475479126,-0.067309021949768,-0.0208290517330169,-9.97519302368164,-0.0037218353245407,0.0096367551013827,0.0004014069854747,91.0,16.010000228881836,47.3979714,8.5461625,attack,32.615
1776222445.2069829,2026-04-15T03:07:25.206983,normal_triangle,2,47.398283711331494,8.546623883356883,2.032999992370605,1.647000074386597,-0.0199999995529651,0.0299999993294477,-1.1799999475479126,-0.0713245272636413,-0.0104224933311343,-9.972127914428713,-0.0025972491130232,0.0074819312430918,0.0014877840876579,91.0,16.010000228881836,47.3979714,8.5461625,attack,32.717
1776222445.312896,2026-04-15T03:07:25.312896,normal_triangle,2,47.39828472237336,8.546625376987896,2.062000036239624,1.6760001182556152,-0.0199999995529651,0.0399999991059303,-1.1899999380111694,-0.0655142366886138,-0.0168431214988231,-9.972319602966309,-0.0027230102568864,0.0068591688759624,0.001058000489138,91.0,16.010000228881836,47.3979714,8.5461625,attack,32.823
1776222445.4180331,2026-04-15T03:07:25.418033,normal_triangle,2,47.39828562600707,8.546626959673814,2.0910000801086426,1.7050000429153442,-0.0199999995529651,0.0399999991059303,-1.1899999380111694,-0.0804397165775299,-0.0119019160047173,-9.96002960205078,-0.0034517990425229,0.0085628619417548,0.0016715426463633,91.0,16.010000228881836,47.3979713,8.546162599999999,attack,32.928
1776222445.520628,2026-04-15T03:07:25.520628,normal_triangle,2,47.39828660537251,8.546628406508654,2.111000061035156,1.725000023841858,-0.0199999995529651,0.0399999991059303,-1.1899999380111694,-0.0729066953063011,-0.0213321074843406,-9.990520477294922,-0.0048455959185957,0.0080442866310477,2.7030677301809192e-05,91.0,16.010000228881836,47.3979713,8.546162599999999,attack,33.03
1776222445.6249268,2026-04-15T03:07:25.624927,normal_triangle,2,47.39828760100404,8.546629877373688,2.140000104904175,1.7540000677108765,-0.0199999995529651,0.0399999991059303,-1.1999999284744265,-0.0709514766931533,-0.0083759827539324,-9.96501350402832,-0.004658100195229,0.0071773240342736,0.0001920586510095,91.0,16.010000228881836,47.3979713,8.546162599999999,attack,33.135
1776222445.7359354,2026-04-15T03:07:25.735935,normal_triangle,2,47.39828866068713,8.54663144286328,2.1650002002716064,1.7790000438690186,-0.0199999995529651,0.0399999991059303,-1.1999999284744265,-0.0718883797526359,-0.0109312944114208,-9.934541702270508,-0.0050675454549491,0.0061854356899857,0.0008661416359245,91.0,16.010000228881836,47.3979713,8.546162599999999,attack,33.246
1776222445.8647668,2026-04-15T03:07:25.864767,normal_triangle,2,47.39828989050525,8.546633259696524,2.195000171661377,1.808000087738037,-0.0199999995529651,0.0399999991059303,-1.1999999284744265,-0.0675917789340019,-0.0034998103510588,-9.935447692871094,-0.0062118647620081,0.0063916686922311,0.000597859674599,91.0,16.010000228881836,47.3979713,8.546162599999999,attack,33.374
1776222445.968769,2026-04-15T03:07:25.968769,normal_triangle,2,47.39829088330552,8.546634726378883,2.195000171661377,1.808000087738037,-0.0199999995529651,0.0399999991059303,-1.209999918937683,-0.0675917789340019,-0.0034998103510588,-9.935447692871094,-0.0062118647620081,0.0063916686922311,0.000597859674599,91.0,16.010000228881836,47.3979713,8.546162599999999,attack,33.478
1776222446.0721142,2026-04-15T03:07:26.072114,normal_triangle,2,47.39829186983332,8.546636183794808,2.195000171661377,1.808000087738037,-0.0199999995529651,0.0399999991059303,-1.209999918937683,-0.0819183066487312,-0.0096610281616449,-9.976398468017578,-0.0055849342606961,0.0070911995135247,0.0010279248235747,91.0,16.010000228881836,47.3979713,8.546162599999999,attack,33.582
1776222446.1787722,2026-04-15T03:07:26.178772,normal_triangle,2,47.3982928879852,8.546637687929572,2.21399998664856,1.8280000686645508,-0.0199999995529651,0.0399999991059303,-1.209999918937683,-0.0819183066487312,-0.0096610281616449,-9.976398468017578,-0.0055849342606961,0.0070911995135247,0.0010279248235747,91.0,16.010000228881836,47.3979713,8.546162599999999,attack,33.688
1776222446.2821577,2026-04-15T03:07:26.282158,normal_triangle,2,47.39829387489763,8.546639145913721,2.244000196456909,1.8580000400543213,-0.0199999995529651,0.0399999991059303,-1.209999918937683,-0.0674327686429023,-0.0098641104996204,-9.960774421691896,-0.0051298458129167,0.0066383234225213,0.0008269097306765,91.0,16.010000228881836,47.3979713,8.546162599999999,attack,33.792
1776222446.384642,2026-04-15T03:07:26.384642,normal_triangle,2,47.39829485320705,8.546640591188465,2.264000177383423,1.8780001401901243,-0.0199999995529651,0.0399999991059303,-1.2200000286102295,-0.0752716735005378,-0.0092694796621799,-9.953886032104492,-0.0059998333454132,0.0072630457580089,0.0007690166239626,91.0,16.010000228881836,47.3979713,8.546162599999999,attack,33.894
1776222446.487696,2026-04-15T03:07:26.487696,normal_triangle,2,47.39829583695593,8.54664204449905,2.2840001583099365,1.8980001211166384,-0.0199999995529651,0.0399999991059303,-1.2200000286102295,-0.0749602615833282,-0.0190256331115961,-9.95431900024414,-0.0051099145784974,0.0074805882759392,0.0019923229701817,91.0,16.010000228881836,47.3979713,8.546162599999999,attack,33.997
1776222446.5899017,2026-04-15T03:07:26.589902,normal_triangle,2,47.39829681260706,8.546643485846653,2.30400013923645,1.918000102043152,-0.0199999995529651,0.0399999991059303,-1.2200000286102295,-0.0676846504211425,-0.0060858051292598,-9.98454475402832,-0.0065625081770122,0.0074985707178711,0.001766207627952,91.0,16.010000228881836,47.3979713,8.546162599999999,attack,34.1
1776222446.7160096,2026-04-15T03:07:26.716010,normal_triangle,2,47.3982979164272,8.546645364271692,2.3340001106262207,1.9480000734329224,-0.0099999997764825,0.0399999991059303,-1.2200000286102295,-0.0700443163514137,-0.0072136195376515,-10.011587142944336,-0.0071630771271884,0.0056950110010802,-0.0006123068742454,91.0,16.010000228881836,47.3979712,8.5461627,attack,34.226
1776222446.8690138,2026-04-15T03:07:26.869014,normal_triangle,2,47.398299376997514,8.546647521999466,2.370000123977661,1.9830000400543213,-0.0099999997764825,0.0399999991059303,-1.2300000190734863,-0.0754293128848075,-0.0121975950896739,-9.982990264892578,-0.0073680528439581,0.0055548534728586,0.0013145875418558,91.0,16.010000228881836,47.3979712,8.5461627,attack,34.379
1776222446.9727345,2026-04-15T03:07:26.972734,normal_triangle,2,47.39830036710991,8.546648984710975,2.370000123977661,1.9830000400543213,-0.0099999997764825,0.0399999991059303,-1.2300000190734863,-0.0754293128848075,-0.0121975950896739,-9.982990264892578,-0.0073680528439581,0.0055548534728586,0.0013145875418558,91.0,16.010000228881836,47.3979712,8.5461627,attack,34.482
1776222447.082234,2026-04-15T03:07:27.082234,normal_triangle,2,47.39830141238635,8.54665052891735,2.390000104904175,2.004000186920166,-0.0099999997764825,0.0399999991059303,-1.2300000190734863,-0.0681959837675094,-0.0162915531545877,-9.970293998718262,-0.0059043983928859,0.0058632097207009,0.0010014777071774,91.0,16.010000228881836,47.3979712,8.5461627,attack,34.592
1776222447.1858563,2026-04-15T03:07:27.185856,normal_triangle,2,47.39830240156106,8.546651990243602,2.390000104904175,2.004000186920166,-0.0099999997764825,0.0399999991059303,-1.2300000190734863,-0.0681959837675094,-0.0162915531545877,-9.970293998718262,-0.0059043983928859,0.0058632097207009,0.0010014777071774,91.0,16.010000228881836,47.3979712,8.5461627,attack,34.696
1776222447.2927277,2026-04-15T03:07:27.292727,normal_triangle,2,47.3983034217499,8.5466534973876,2.4100000858306885,2.02400016784668,-0.0099999997764825,0.0399999991059303,-1.2300000190734863,-0.078186459839344,-0.0125189628452062,-9.930871963500977,-0.0046864794567227,0.0048887301236391,0.0005320291384123,91.0,16.010000228881836,47.3979712,8.5461627,attack,34.802
1776222447.397266,2026-04-15T03:07:27.397266,normal_triangle,2,47.39830441966647,8.546654971628357,2.440000057220459,2.05400013923645,-0.0099999997764825,0.0399999991059303,-1.2400000095367432,-0.0710730776190757,-0.002935194177553,-9.925458908081056,-0.0048932181671261,0.0056772604584693,0.0010126618435606,91.0,16.010000228881836,47.3979712,8.5461627,attack,34.907
1776222447.6288493,2026-04-15T03:07:27.628849,normal_triangle,2,47.398306630349865,8.546658237512172,2.440000057220459,2.05400013923645,-0.0099999997764825,0.0399999991059303,-1.2400000095367432,-0.0710730776190757,-0.002935194177553,-9.925458908081056,-0.0048932181671261,0.0056772604584693,0.0010126618435606,91.0,16.010000228881836,47.3979712,8.5461627,attack,35.138
1776222447.7359092,2026-04-15T03:07:27.735909,normal_triangle,2,47.398307652338964,8.546659747315733,2.567000150680542,2.180999994277954,-0.0099999997764825,0.0399999991059303,-1.25,-0.0746554657816886,-0.0096691027283668,-9.948046684265137,-0.0034591713920235,0.0060611246153712,0.0007862695492804,91.0,16.010000228881836,47.3979712,8.5461627,attack,35.246
1776222447.8524418,2026-04-15T03:07:27.852442,normal_triangle,2,47.39830876475312,8.546661390705916,2.567000150680542,2.180999994277954,-0.0099999997764825,0.0399999991059303,-1.25,-0.0746554657816886,-0.0096691027283668,-9.948046684265137,-0.0034591713920235,0.0060611246153712,0.0007862695492804,91.0,16.010000228881836,47.3979712,8.5461627,attack,35.362
1776222447.9555662,2026-04-15T03:07:27.955566,normal_triangle,2,47.398309649173406,8.546662945007421,2.587000131607056,2.201000213623047,-0.0099999997764825,0.0399999991059303,-1.2599999904632568,-0.0703619644045829,-0.0004527625278569,-9.96759033203125,-0.0040099653415381,0.0051097394898533,-0.0003656103217508,91.0,16.010000228881836,47.3979711,8.5461628,attack,35.465
1776222448.0656517,2026-04-15T03:07:28.065652,normal_triangle,2,47.398310700044085,8.546664497478272,2.587000131607056,2.201000213623047,-0.0099999997764825,0.0399999991059303,-1.2599999904632568,-0.0703619644045829,-0.0004527625278569,-9.96759033203125,-0.0040099653415381,0.0051097394898533,-0.0003656103217508,91.0,16.010000228881836,47.3979711,8.5461628,attack,35.575
1776222448.1705189,2026-04-15T03:07:28.170519,normal_triangle,2,47.39831170110144,8.546665976358966,2.587000131607056,2.201000213623047,-0.0099999997764825,0.0399999991059303,-1.2599999904632568,-0.0703619644045829,-0.0004527625278569,-9.96759033203125,-0.0040099653415381,0.0051097394898533,-0.0003656103217508,91.0,16.010000228881836,47.3979711,8.5461628,attack,35.68
1776222448.2730472,2026-04-15T03:07:28.273047,normal_triangle,2,47.398312679831896,8.546667422255725,2.618000030517578,2.2320001125335693,-0.0099999997764825,0.0399999991059303,-1.2599999904632568,-0.0717943906784057,-0.0061168135143816,-9.96053981781006,-0.0052871978841722,0.0045048091560602,0.0016442267224192,91.0,16.010000228881836,47.3979711,8.5461628,attack,35.783
1776222448.374952,2026-04-15T03:07:28.374952,normal_triangle,2,47.398313652610796,8.54666885936013,2.64900016784668,2.263000011444092,-0.0099999997764825,0.0399999991059303,-1.2599999904632568,-0.0793979093432426,-0.0036817996297031,-9.976361274719238,-0.0048541203141212,0.0055428077466785,0.0004311327647883,91.0,16.010000228881836,47.3979711,8.5461628,attack,35.885
1776222448.4792516,2026-04-15T03:07:28.479252,normal_triangle,2,47.398314648249155,8.546670330235244,2.684000015258789,2.2980000972747803,-0.0099999997764825,0.0399999991059303,-1.2699999809265137,-0.0698524489998817,-0.0006559143657796,-9.940629005432127,-0.0052674948237836,0.0059835710562765,0.0012234359746798,91.0,16.010000228881836,47.3979711,8.5461628,attack,35.989
1776222448.590268,2026-04-15T03:07:28.590268,normal_triangle,2,47.39831570800507,8.546671895832423,2.720000028610229,2.3340001106262207,0.0,0.0399999991059303,-1.2699999809265137,-0.0758822187781333,-0.0104209436103701,-9.937236785888672,-0.005546489264816,0.0056710359640419,0.0009092905092984,91.0,16.010000228881836,47.3979711,8.5461628,attack,36.1
1776222448.6916018,2026-04-15T03:07:28.691602,normal_triangle,2,47.398316675333106,8.546673324884175,2.741000175476074,2.3550000190734863,0.0,0.0399999991059303,-1.2699999809265137,-0.072922833263874,-0.004337316378951,-9.905019760131836,-0.0039970506913959,0.0039808675646781,0.0007439692271873,91.0,16.010000228881836,47.3979711,8.5461628,attack,36.201
1776222448.7973096,2026-04-15T03:07:28.797310,normal_triangle,2,47.398317684415396,8.546674815620259,2.7720000743865967,2.386000156402588,0.0,0.0399999991059303,-1.2799999713897705,-0.0747581124305725,-0.0148208122700452,-9.917075157165527,-0.0032580795232206,0.002422327408567,0.0009298310033045,91.0,16.010000228881836,47.3979711,8.5461628,attack,36.307
1776222448.9010885,2026-04-15T03:07:28.901088,normal_triangle,2,47.39831867508312,8.54667627915216,2.7930002212524414,2.4060001373291016,0.0,0.0399999991059303,-1.2799999713897705,-0.0809832215309143,-0.0025360556319355,-9.960880279541016,-0.0030785587150603,0.003802704392001,3.326277874293737e-05,91.0,16.010000228881836,47.3979711,8.5461628,attack,36.411
1776222449.0031805,2026-04-15T03:07:29.003181,normal_triangle,2,47.39831964964862,8.546677718895953,2.813000202178955,2.427000045776367,0.0,0.0399999991059303,-1.2799999713897705,-0.0728325992822647,-0.0083343526348471,-9.9436616897583,-0.00343220657669,0.004764137789607,0.0001204718573717,91.0,16.010000228881836,47.3979711,8.5461628,attack,36.513
1776222449.1083317,2026-04-15T03:07:29.108332,normal_triangle,2,47.39832065341661,8.546679201781119,2.844000101089477,2.4580001831054688,0.0,0.0399999991059303,-1.2799999713897705,-0.0666492134332656,-0.002531879581511,-9.952420234680176,-0.0024902939330786,0.0013882452622056,0.0006435485556721,91.0,16.010000228881836,47.3979711,8.5461628,attack,36.618
1776222449.2104058,2026-04-15T03:07:29.210406,normal_triangle,2,47.39832162781142,8.546680641272742,2.844000101089477,2.4580001831054688,0.0,0.0399999991059303,-1.2799999713897705,-0.0666492134332656,-0.002531879581511,-9.952420234680176,-0.0024902939330786,0.0013882452622056,0.0006435485556721,91.0,16.010000228881836,47.3979711,8.5461628,attack,36.72
1776222449.3121855,2026-04-15T03:07:29.312186,normal_triangle,2,47.39832259939545,8.546682076611951,2.8650002479553223,2.4790000915527344,0.0,0.0399999991059303,-1.2899999618530271,-0.0747546628117561,-0.0069990055635571,-9.956674575805664,-0.0011107384925708,-0.0009783586720004,0.0009382124408148,91.0,16.010000228881836,47.3979711,8.5461628,attack,36.822
1776222449.5078282,2026-04-15T03:07:29.507828,normal_triangle,2,47.39832446699119,8.546684835645964,2.9170000553131104,2.5310001373291016,0.0,0.0299999993294477,-1.2899999618530271,-0.0605533458292484,0.0002243055496364,-9.934597969055176,-0.0006375081720761,-0.000215820633457,0.0008872504695318,91.0,16.010000228881836,47.3979711,8.5461628,attack,37.017
1776222449.6261384,2026-04-15T03:07:29.626138,normal_triangle,2,47.3983255963747,8.546686504105281,2.9170000553131104,2.5310001373291016,0.0,0.0299999993294477,-1.2899999618530271,-0.0605533458292484,0.0002243055496364,-9.934597969055176,-0.0006375081720761,-0.000215820633457,0.0008872504695318,91.0,16.010000228881836,47.3979711,8.5461628,attack,37.136
1776222449.7334397,2026-04-15T03:07:29.733440,normal_triangle,2,47.39832662066704,8.546688017311462,2.9170000553131104,2.5310001373291016,0.0,0.0299999993294477,-1.2899999618530271,-0.0605533458292484,0.0002243055496364,-9.934597969055176,-0.0006375081720761,-0.000215820633457,0.0008872504695318,91.0,16.010000228881836,47.3979711,8.5461628,attack,37.243
1776222449.8572068,2026-04-15T03:07:29.857207,normal_triangle,2,47.398327802142084,8.546689862726573,2.949000120162964,2.563000202178955,0.0,0.0299999993294477,-1.2899999618530271,-0.0779679641127586,-0.0081582935526967,-9.92473030090332,0.0014902695547789,-0.0009151267586275,0.000377907679649,91.0,16.010000228881836,47.3979711,8.546162899999999,attack,37.367
1776222449.9609044,2026-04-15T03:07:29.960904,normal_triangle,2,47.39832879203371,8.546691325111938,2.970000028610229,2.5840001106262207,0.0,0.0299999993294477,-1.2999999523162842,-0.0717851370573043,-0.0031885697972029,-9.933097839355469,0.0043096570298075,0.0003205563116353,-2.2949734557187185e-05,91.0,16.010000228881836,47.3979711,8.546162899999999,attack,37.471
1776222450.0638585,2026-04-15T03:07:30.063859,normal_triangle,2,47.39832977482899,8.546692777013723,2.970000028610229,2.5840001106262207,0.0,0.0299999993294477,-1.2999999523162842,-0.0717851370573043,-0.0031885697972029,-9.933097839355469,0.0043096570298075,0.0003205563116353,-2.2949734557187185e-05,91.0,16.010000228881836,47.3979711,8.546162899999999,attack,37.574
1776222450.169237,2026-04-15T03:07:30.169237,normal_triangle,2,47.39833078076594,8.546694263103142,2.970000028610229,2.5840001106262207,0.0,0.0299999993294477,-1.2999999523162842,-0.0717851370573043,-0.0031885697972029,-9.933097839355469,0.0043096570298075,0.0003205563116353,-2.2949734557187185e-05,91.0,16.010000228881836,47.3979711,8.546162899999999,attack,37.679
1776222450.2731333,2026-04-15T03:07:30.273133,normal_triangle,2,47.39833177255569,8.546695728292645,3.001000165939331,2.615000009536743,0.0,0.0299999993294477,-1.2999999523162842,-0.0728471651673317,-0.0099785113707184,-9.912874221801758,0.0040019894950091,-0.0003181514330208,-0.0002163309691241,91.0,16.010000228881836,47.3979711,8.546162899999999,attack,37.783
1776222450.3829756,2026-04-15T03:07:30.382976,normal_triangle,2,47.39833282110492,8.546697277333973,3.0220000743865967,2.636000156402588,0.0,0.0299999993294477,-1.2999999523162842,-0.0733604505658149,-0.009838331490755,-9.937049865722656,0.003270557615906,-0.0002607252099551,-4.513964086072519e-06,91.0,16.010000228881836,47.3979711,8.546162899999999,attack,37.893
1776222450.485877,2026-04-15T03:07:30.485877,normal_triangle,2,47.398333803397215,8.546698728492695,3.05400013923645,2.6680002212524414,0.0,0.0299999993294477,-1.2999999523162842,-0.0763059183955192,-0.0025824962649494,-9.902555465698242,0.0030064019374549,-0.0005649987724609,1.7537997337058187e-05,91.0,16.010000228881836,47.3979711,8.546162899999999,attack,37.996
1776222450.5891938,2026-04-15T03:07:30.589194,normal_triangle,2,47.39833478965418,8.546700185508504,3.075000047683716,2.689000129699707,0.0,0.0299999993294477,-1.309999942779541,-0.0674595832824707,-0.0015669150743633,-9.917070388793944,0.0049003511667251,-0.0010024205548688,-0.0003672413586173,91.0,16.010000228881836,47.3979711,8.546162899999999,attack,38.099
1776222450.692016,2026-04-15T03:07:30.692016,normal_triangle,2,47.398335771188584,8.546701635547587,3.1070001125335693,2.7210001945495605,0.0,0.0299999993294477,-1.309999942779541,-0.0678446963429451,-0.0094972141087055,-9.922432899475098,0.0042010461911559,-0.0032290937379002,7.664559234399348e-05,91.0,16.010000228881836,47.3979711,8.546162899999999,attack,38.202
1776222450.7987502,2026-04-15T03:07:30.798750,normal_triangle,2,47.39833679006876,8.546703140758273,3.1070001125335693,2.7210001945495605,0.0,0.0299999993294477,-1.309999942779541,-0.0678446963429451,-0.0094972141087055,-9.922432899475098,0.0042010461911559,-0.0032290937379002,7.664559234399348e-05,91.0,16.010000228881836,47.3979711,8.546162899999999,attack,38.308
1776222450.9043255,2026-04-15T03:07:30.904325,normal_triangle,2,47.39833779788563,8.546704629624932,3.117000102996826,2.7310001850128174,0.0,0.0299999993294477,-1.309999942779541,-0.0715435817837715,-0.0075459824874997,-9.943924903869627,0.0049702296964824,-0.004967838525772,0.0010065822862088,91.0,16.010000228881836,47.3979711,8.546162899999999,attack,38.414
1776222451.0059235,2026-04-15T03:07:31.005924,normal_triangle,2,47.3983387677354,8.546706062402086,3.117000102996826,2.7310001850128174,0.0,0.0299999993294477,-1.309999942779541,-0.0715435817837715,-0.0075459824874997,-9.943924903869627,0.0049702296964824,-0.004967838525772,0.0010065822862088,91.0,16.010000228881836,47.3979711,8.546162899999999,attack,38.516
1776222451.1114805,2026-04-15T03:07:31.111480,normal_triangle,2,47.39833977537703,8.546707551009849,3.117000102996826,2.7310001850128174,0.0,0.0299999993294477,-1.309999942779541,-0.0715435817837715,-0.0075459824874997,-9.943924903869627,0.0049702296964824,-0.004967838525772,0.0010065822862088,91.0,16.010000228881836,47.3979711,8.546162899999999,attack,38.621
1776222451.214669,2026-04-15T03:07:31.214669,normal_triangle,2,47.398340760409546,8.546709006216751,3.1600000858306885,2.77400016784668,0.0,0.0299999993294477,-1.309999942779541,-0.0754337087273597,-0.0060183559544384,-9.936120986938477,0.0057207299396395,-0.0058664265088737,-0.0002269611140945,91.0,16.010000228881836,47.3979711,8.546162899999999,attack,38.724
1776222451.3200696,2026-04-15T03:07:31.320070,normal_triangle,2,47.398341766558154,8.54671049261886,3.1600000858306885,2.77400016784668,0.0,0.0299999993294477,-1.309999942779541,-0.0754337087273597,-0.0060183559544384,-9.936120986938477,0.0057207299396395,-0.0058664265088737,-0.0002269611140945,91.0,16.010000228881836,47.3979711,8.546162899999999,attack,38.83
1776222451.4209964,2026-04-15T03:07:31.420996,normal_triangle,2,47.39834273000118,8.546711915931205,3.192000150680542,2.806000232696533,0.0,0.0299999993294477,-1.319999933242798,-0.067415677011013,-0.0090412981808185,-9.933150291442873,0.0069579887203872,-0.0055378973484039,0.0005209855153225,91.0,16.010000228881836,47.3979711,8.546162899999999,attack,38.931
1776222451.5294197,2026-04-15T03:07:31.529420,normal_triangle,2,47.39834376500406,8.546713444960261,3.213000059127808,2.827000141143799,0.0099999997764825,0.0299999993294477,-1.319999933242798,-0.0753214806318283,-0.0024711487349122,-9.936164855957031,0.0065788836218416,-0.0052410764619708,-0.0001187393063446,91.0,16.010000228881836,47.3979711,8.546162899999999,attack,39.039
1776222451.6329691,2026-04-15T03:07:31.632969,normal_triangle,2,47.398344753482334,8.546714905257652,3.245000123977661,2.8590002059936523,0.0099999997764825,0.0299999993294477,-1.319999933242798,-0.0695058852434158,-0.0104463286697864,-9.900389671325684,0.0068255779333412,-0.0017670200904831,0.0007418127497658,91.0,16.010000228881836,47.3979711,8.546162899999999,attack,39.143
1776222451.7454102,2026-04-15T03:07:31.745410,normal_triangle,2,47.398345826839225,8.5467164909478,3.267000198364258,2.88100004196167,0.0099999997764825,0.0299999993294477,-1.319999933242798,-0.075129821896553,0.0044271103106439,-9.820274353027344,0.0065429005771875,-0.0043636239133775,0.0008726234664209,91.0,16.010000228881836,47.3979711,8.546162899999999,attack,39.255
1776222451.8505554,2026-04-15T03:07:31.850555,normal_triangle,2,47.39834683055031,8.54671797374891,3.267000198364258,2.88100004196167,0.0099999997764825,0.0299999993294477,-1.319999933242798,-0.075129821896553,0.0044271103106439,-9.820274353027344,0.0065429005771875,-0.0043636239133775,0.0008726234664209,91.0,16.010000228881836,47.3979711,8.546162899999999,attack,39.36
1776222451.9527023,2026-04-15T03:07:31.952703,normal_triangle,2,47.39834780563928,8.546719414266025,3.267000198364258,2.88100004196167,0.0099999997764825,0.0299999993294477,-1.319999933242798,-0.075129821896553,0.0044271103106439,-9.820274353027344,0.0065429005771875,-0.0043636239133775,0.0008726234664209,91.0,16.010000228881836,47.3979711,8.546162899999999,attack,39.462
1776222452.0546424,2026-04-15T03:07:32.054642,normal_triangle,2,47.398348778755015,8.546720851868047,3.309000253677368,2.9230000972747803,0.0099999997764825,0.0299999993294477,-1.319999933242798,-0.0668112784624099,-0.0084457490593194,-9.836261749267578,0.0075775878503918,-0.0080640111118555,2.885670619434677e-05,91.0,16.010000228881836,47.3979711,8.546162899999999,attack,39.564
1776222452.1612165,2026-04-15T03:07:32.161216,normal_triangle,2,47.39834979610576,8.546722354819282,3.309000253677368,2.9230000972747803,0.0099999997764825,0.0299999993294477,-1.319999933242798,-0.0668112784624099,-0.0084457490593194,-9.836261749267578,0.0075775878503918,-0.0080640111118555,2.885670619434677e-05,91.0,16.010000228881836,47.3979711,8.546162899999999,attack,39.671
1776222452.262969,2026-04-15T03:07:32.262969,normal_triangle,2,47.398350767430344,8.546723789775193,3.309000253677368,2.9230000972747803,0.0099999997764825,0.0299999993294477,-1.319999933242798,-0.0668112784624099,-0.0084457490593194,-9.836261749267578,0.0075775878503918,-0.0080640111118555,2.885670619434677e-05,91.0,16.010000228881836,47.3979711,8.546162899999999,attack,39.773
1776222452.3649237,2026-04-15T03:07:32.364924,normal_triangle,2,47.39835174068491,8.546725227582312,3.3420002460479736,2.955000162124634,0.0099999997764825,0.0299999993294477,-1.329999923706055,-0.0614791959524154,-0.0099862329661846,-9.919376373291016,0.0072955852374434,-0.0058272490277886,0.0010876967571675,91.0,16.010000228881836,47.3979711,8.546162899999999,attack,39.875
1776222452.4685938,2026-04-15T03:07:32.468594,normal_triangle,2,47.398352730314805,8.546726689581016,3.385000228881836,2.998000144958496,0.0099999997764825,0.0299999993294477,-1.329999923706055,-0.0708343014121055,-3.148516407236457e-05,-9.924186706542969,0.0094106756150722,-0.0033707325346767,0.0008990773349069,91.0,16.010000228881836,47.3979711,8.546162899999999,attack,39.978
1776222452.6419833,2026-04-15T03:07:32.641983,normal_triangle,2,47.398354385481866,8.546729134790187,3.4110002517700195,3.025000095367432,0.0099999997764825,0.0299999993294477,-1.329999923706055,-0.0748648419976234,-0.0058425739407539,-9.892613410949709,0.0087618669494986,-0.0045760455541312,0.0012027209158986,91.0,16.010000228881836,47.3979711,8.546162899999999,attack,40.152
1776222452.744872,2026-04-15T03:07:32.744872,normal_triangle,2,47.39835536765354,8.546730585770709,3.4110002517700195,3.025000095367432,0.0099999997764825,0.0299999993294477,-1.329999923706055,-0.0748648419976234,-0.0058425739407539,-9.892613410949709,0.0087618669494986,-0.0045760455541312,0.0012027209158986,91.0,16.010000228881836,47.3979711,8.546162899999999,attack,40.255
1776222452.859936,2026-04-15T03:07:32.859936,normal_triangle,2,47.39835646604795,8.546732208449264,3.4110002517700195,3.025000095367432,0.0099999997764825,0.0299999993294477,-1.329999923706055,-0.0748648419976234,-0.0058425739407539,-9.892613410949709,0.0087618669494986,-0.0045760455541312,0.0012027209158986,91.0,16.010000228881836,47.3979711,8.546162899999999,attack,40.37
1776222452.9647472,2026-04-15T03:07:32.964747,normal_triangle,2,47.39835746657046,8.546733686539824,3.444000244140625,3.058000087738037,0.0099999997764825,0.0199999995529651,-1.329999923706055,-0.0779866054654121,-0.0094857821241021,-9.923628807067873,0.0101039167493581,-0.0055910777300596,0.0004134765185881,91.0,16.010000228881836,47.3979711,8.546162899999999,attack,40.474
1776222453.0690875,2026-04-15T03:07:33.069088,normal_triangle,2,47.398358462598004,8.546735157989888,3.444000244140625,3.058000087738037,0.0099999997764825,0.0199999995529651,-1.329999923706055,-0.0779866054654121,-0.0094857821241021,-9.923628807067873,0.0101039167493581,-0.0055910777300596,0.0004134765185881,91.0,16.010000228881836,47.3979711,8.546162899999999,attack,40.579
1776222453.1719391,2026-04-15T03:07:33.171939,normal_triangle,2,47.39835944441462,8.546736608445894,3.46500015258789,3.079000234603882,0.0099999997764825,0.0199999995529651,-1.3399999141693115,-0.0697385221719741,0.0019608526490628,-9.943124771118164,0.0089398538693785,-0.0054216203279793,-0.00042550751823,91.0,16.010000228881836,47.3979711,8.546162899999999,attack,40.682
1776222453.277284,2026-04-15T03:07:33.277284,normal_triangle,2,47.39836045003067,8.546738094061231,3.498000144958496,3.1120002269744877,0.0199999995529651,0.0199999995529651,-1.3399999141693115,-0.0735030621290206,-0.0048372689634561,-9.940406799316406,0.0097521711140871,-0.0050285952165722,0.0003483333275653,91.0,16.010000228881836,47.3979711,8.546162899999999,attack,40.787
1776222453.415918,2026-04-15T03:07:33.415918,normal_triangle,2,47.39836177342601,8.546740049137846,3.498000144958496,3.1120002269744877,0.0199999995529651,0.0199999995529651,-1.3399999141693115,-0.0735030621290206,-0.0048372689634561,-9.940406799316406,0.0097521711140871,-0.0050285952165722,0.0003483333275653,91.0,16.010000228881836,47.3979711,8.546162899999999,attack,40.926
1776222453.5260692,2026-04-15T03:07:33.526069,normal_triangle,2,47.39836282492257,8.546741602533322,3.498000144958496,3.1120002269744877,0.0199999995529651,0.0199999995529651,-1.3399999141693115,-0.0735030621290206,-0.0048372689634561,-9.940406799316406,0.0097521711140871,-0.0050285952165722,0.0003483333275653,91.0,16.010000228881836,47.3979711,8.546162899999999,attack,41.036
1776222453.6317806,2026-04-15T03:07:33.631781,normal_triangle,2,47.398363834038996,8.54674309331984,3.498000144958496,3.1120002269744877,0.0199999995529651,0.0199999995529651,-1.3399999141693115,-0.0735030621290206,-0.0048372689634561,-9.940406799316406,0.0097521711140871,-0.0050285952165722,0.0003483333275653,91.0,16.010000228881836,47.3979711,8.546162899999999,attack,41.141
1776222453.7340236,2026-04-15T03:07:33.734024,normal_triangle,2,47.398364810045166,8.546744535191953,3.509000062942505,3.123000144958496,0.0199999995529651,0.0199999995529651,-1.3399999141693115,-0.0739169046282768,-0.0034622272942215,-9.927440643310549,0.0095296399667859,-0.0031629048753529,0.0005861546378582,91.0,16.010000228881836,47.3979711,8.546162899999999,attack,41.244
1776222453.84305,2026-04-15T03:07:33.843050,normal_triangle,2,47.39836585080615,8.54674607272757,3.509000062942505,3.123000144958496,0.0199999995529651,0.0199999995529651,-1.3399999141693115,-0.0739169046282768,-0.0034622272942215,-9.927440643310549,0.0095296399667859,-0.0031629048753529,0.0005861546378582,91.0,16.010000228881836,47.3979711,8.546162899999999,attack,41.353
1776222453.9457676,2026-04-15T03:07:33.945768,normal_triangle,2,47.3983668313437,8.546747521293977,3.558000087738037,3.1710002422332764,0.0199999995529651,0.0199999995529651,-1.350000023841858,-0.0696272477507591,-0.0004815971478819,-9.887767791748049,0.0092851892113685,-0.0057002226822078,0.0010789713123813,91.0,16.010000228881836,47.3979711,8.546162899999999,attack,41.455
1776222454.049323,2026-04-15T03:07:34.049323,normal_triangle,2,47.39836781987888,8.546748981675425,3.558000087738037,3.1710002422332764,0.0199999995529651,0.0199999995529651,-1.350000023841858,-0.0696272477507591,-0.0004815971478819,-9.887767791748049,0.0092851892113685,-0.0057002226822078,0.0010789713123813,91.0,16.010000228881836,47.3979711,8.546162899999999,attack,41.559
1776222454.1568792,2026-04-15T03:07:34.156879,normal_triangle,2,47.39836884660419,8.546750498475879,3.568000078201294,3.182000160217285,0.0199999995529651,0.0199999995529651,-1.350000023841858,-0.0746867954730987,-0.0033525933977216,-9.849615097045898,0.0087166661396622,-0.0072497650980949,-0.0003966490039601,91.0,16.010000228881836,47.3979711,8.546162899999999,attack,41.667
1776222454.2826872,2026-04-15T03:07:34.282687,normal_triangle,2,47.398370047561215,8.546752272672082,3.568000078201294,3.182000160217285,0.0199999995529651,0.0199999995529651,-1.350000023841858,-0.0746867954730987,-0.0033525933977216,-9.849615097045898,0.0087166661396622,-0.0072497650980949,-0.0003966490039601,91.0,16.010000228881836,47.3979711,8.546162899999999,attack,41.792
1776222454.4120033,2026-04-15T03:07:34.412003,normal_triangle,2,47.398371282006295,8.546754096340827,3.568000078201294,3.182000160217285,0.0199999995529651,0.0199999995529651,-1.350000023841858,-0.0746867954730987,-0.0033525933977216,-9.849615097045898,0.0087166661396622,-0.0072497650980949,-0.0003966490039601,91.0,16.010000228881836,47.3979711,8.546162899999999,attack,41.922
1776222454.514113,2026-04-15T03:07:34.514113,normal_triangle,2,47.39837225674022,8.546755536333427,3.629000186920166,3.243000268936157,0.0199999995529651,0.0199999995529651,-1.3600000143051147,-0.0662401095032692,-0.0036231058184057,-9.87744426727295,0.0084287580102682,-0.0059911357238888,0.0004306494374759,91.0,16.010000228881836,47.3979711,8.546162899999999,attack,42.024
1776222454.6148424,2026-04-15T03:07:34.614842,normal_triangle,2,47.39837321829877,8.546756956861806,3.662000179290772,3.2760002613067627,0.0199999995529651,0.0199999995529651,-1.3700000047683716,-0.07191052287817,-0.0090844351798295,-9.83420753479004,0.0109184840694069,-0.006964317522943,0.0005464236601255,91.0,16.010000228881836,47.3979711,8.546162899999999,attack,42.124
1776222454.715591,2026-04-15T03:07:34.715591,normal_triangle,2,47.3983742800394,8.546758377660298,3.684000253677368,3.2980000972747803,0.0199999995529651,0.0199999995529651,-1.3700000047683716,-0.0720337033271789,0.0026594223454594,-9.825013160705566,0.0142234694212675,-0.0067799678072333,0.0006705560372211,91.0,16.010000228881836,47.3979712,8.546162899999999,attack,42.225
1776222454.8207202,2026-04-15T03:07:34.820720,normal_triangle,2,47.398375283598,8.546759860236138,3.7180001735687256,3.332000255584717,0.0199999995529651,0.0199999995529651,-1.3700000047683716,-0.0708965212106704,-0.0015750518068671,-9.814026832580566,0.013725446537137,-0.0092128217220306,0.0015671184519305,91.0,16.010000228881836,47.3979712,8.546162899999999,attack,42.33
1776222454.9261775,2026-04-15T03:07:34.926178,normal_triangle,2,47.39837629028828,8.546761347438473,3.7180001735687256,3.332000255584717,0.0199999995529651,0.0199999995529651,-1.3700000047683716,-0.0708965212106704,-0.0015750518068671,-9.814026832580566,0.013725446537137,-0.0092128217220306,0.0015671184519305,91.0,16.010000228881836,47.3979712,8.546162899999999,attack,42.436
1776222455.0291898,2026-04-15T03:07:35.029190,normal_triangle,2,47.398377273638886,8.546762800160657,3.740000247955322,3.3540000915527344,0.0199999995529651,0.0199999995529651,-1.3700000047683716,-0.0707351639866828,-0.0066032661125063,-9.765987396240234,0.0131288729608058,-0.0082500679418444,0.0010333288228139,91.0,16.010000228881836,47.3979712,8.546162899999999,attack,42.539
1776222455.1378174,2026-04-15T03:07:35.137817,normal_triangle,2,47.398378310592236,8.546764332071186,3.7800002098083496,3.3930001258850098,0.0199999995529651,0.0199999995529651,-1.3700000047683716,-0.0661136731505394,-0.0120420334860682,-9.817337036132812,0.0125891892239451,-0.0066421651281416,0.0020432185847312,91.0,16.010000228881836,47.3979712,8.546162899999999,attack,42.647
1776222455.2400532,2026-04-15T03:07:35.240053,normal_triangle,2,47.39837928653013,8.546765773842434,3.7800002098083496,3.3930001258850098,0.0199999995529651,0.0199999995529651,-1.3700000047683716,-0.0661136731505394,-0.0120420334860682,-9.817337036132812,0.0125891892239451,-0.0066421651281416,0.0020432185847312,91.0,16.010000228881836,47.3979712,8.546162899999999,attack,42.75
1776222455.38473,2026-04-15T03:07:35.384730,normal_triangle,2,47.39838066760897,8.546767814135961,3.830000162124634,3.444000244140625,0.0199999995529651,0.0199999995529651,-1.3799999952316284,-0.0715218260884285,-0.0115075968205928,-9.794021606445312,0.0114811463281512,-0.0071913222782313,0.0013582261744886,91.0,16.010000228881836,47.3979712,8.546162899999999,attack,42.894
1776222455.4862218,2026-04-15T03:07:35.486222,normal_triangle,2,47.39838163644367,8.546769245413543,3.937000274658203,3.5510001182556152,0.0199999995529651,0.0199999995529651,-1.3799999952316284,-0.0725182145833969,-0.0117866052314639,-9.838412284851074,0.0096435640007257,-0.0078072319738566,0.001805089530535,91.0,16.010000228881836,47.3979712,8.546162899999999,attack,42.996
1776222455.5970857,2026-04-15T03:07:35.597085,normal_triangle,2,47.398382694745266,8.546770808862231,3.937000274658203,3.5510001182556152,0.0199999995529651,0.0199999995529651,-1.3799999952316284,-0.0725182145833969,-0.0117866052314639,-9.838412284851074,0.0096435640007257,-0.0078072319738566,0.001805089530535,91.0,16.010000228881836,47.3979712,8.546162899999999,attack,43.107
1776222455.712999,2026-04-15T03:07:35.712999,normal_triangle,2,47.39838380124883,8.546772343520582,3.960000276565552,3.574000120162964,0.0199999995529651,0.0199999995529651,-1.3799999952316284,-0.0706969127058982,0.0067756883800029,-9.80503273010254,0.0081761460751295,-0.0062799886800348,0.0014440732775256,91.0,16.010000228881836,47.3979712,8.5461628,attack,43.223
1776222455.8154922,2026-04-15T03:07:35.815492,normal_triangle,2,47.398384779642456,8.546773788919726,3.960000276565552,3.574000120162964,0.0199999995529651,0.0199999995529651,-1.3799999952316284,-0.0706969127058982,0.0067756883800029,-9.80503273010254,0.0081761460751295,-0.0062799886800348,0.0014440732775256,91.0,16.010000228881836,47.3979712,8.5461628,attack,43.325
1776222455.9178257,2026-04-15T03:07:35.917826,normal_triangle,2,47.39838575651348,8.546775232069509,3.960000276565552,3.574000120162964,0.0199999995529651,0.0199999995529651,-1.3799999952316284,-0.0706969127058982,0.0067756883800029,-9.80503273010254,0.0081761460751295,-0.0062799886800348,0.0014440732775256,91.0,16.010000228881836,47.3979712,8.5461628,attack,43.427
1776222456.0216663,2026-04-15T03:07:36.021667,normal_triangle,2,47.398386747770665,8.546776696472241,3.994000196456909,3.608000278472901,0.0199999995529651,0.0199999995529651,-1.3799999952316284,-0.0654779151082038,-0.0003325947327539,-9.842537879943848,0.0078739803284406,-0.0059848455712199,0.0029428813140839,91.0,16.010000228881836,47.3979712,8.5461628,attack,43.531
1776222456.12598,2026-04-15T03:07:36.125980,normal_triangle,2,47.3983877435433,8.546778167545733,3.994000196456909,3.608000278472901,0.0199999995529651,0.0199999995529651,-1.3799999952316284,-0.0654779151082038,-0.0003325947327539,-9.842537879943848,0.0078739803284406,-0.0059848455712199,0.0029428813140839,91.0,16.010000228881836,47.3979712,8.5461628,attack,43.636
1776222456.2310724,2026-04-15T03:07:36.231072,normal_triangle,2,47.39838874675141,8.546779649603783,3.994000196456909,3.608000278472901,0.0199999995529651,0.0199999995529651,-1.3799999952316284,-0.0654779151082038,-0.0003325947327539,-9.842537879943848,0.0078739803284406,-0.0059848455712199,0.0029428813140839,91.0,16.010000228881836,47.3979712,8.5461628,attack,43.741
1776222456.33786,2026-04-15T03:07:36.337860,normal_triangle,2,47.3983897661414,8.546781155567622,4.016000270843506,3.630000114440918,0.0199999995529651,0.0199999995529651,-1.3799999952316284,-0.0733061879873275,-0.0045050801709294,-9.8070068359375,0.0083492109552025,-0.0067615010775625,0.0032205730676651,91.0,16.010000228881836,47.3979712,8.5461628,attack,43.848
1776222456.444186,2026-04-15T03:07:36.444186,normal_triangle,2,47.3983908811229,8.546782655019907,4.050000190734863,3.6640002727508554,0.0199999995529651,0.0199999995529651,-1.3799999952316284,-0.0778274685144424,-0.0001658425899222,-9.781667709350586,0.0094101810827851,-0.0055518243461847,0.0050275106914341,91.0,16.010000228881836,47.3979713,8.5461628,attack,43.954
1776222456.5469637,2026-04-15T03:07:36.546963,normal_triangle,2,47.398391862233986,8.546784104433613,4.073000431060791,3.687000274658203,0.0199999995529651,0.0199999995529651,-1.3799999952316284,-0.064895674586296,-0.0048204259946942,-9.817590713500977,0.0086955409497022,-0.005511968396604,0.0042833564803004,91.0,16.010000228881836,47.3979713,8.5461628,attack,44.057
1776222456.6497295,2026-04-15T03:07:36.649730,normal_triangle,2,47.39839284323127,8.546785553679205,4.0960001945495605,3.710000276565552,0.0199999995529651,0.0199999995529651,-1.3899999856948853,-0.0680631771683693,-0.0105875441804528,-9.818132400512695,0.0090166190639138,-0.0052012470550835,0.004069454036653,91.0,16.010000228881836,47.3979713,8.5461628,attack,44.159
1776222456.7520783,2026-04-15T03:07:36.752079,normal_triangle,2,47.398393820247954,8.546786997044174,4.141000270843506,3.755000114440918,0.0199999995529651,0.0199999995529651,-1.3899999856948853,-0.0735066458582878,0.0009491437813267,-9.85515594482422,0.0089001897722482,-0.0032840364146977,0.0054592895321547,91.0,16.010000228881836,47.3979713,8.5461628,attack,44.262
1776222456.8533063,2026-04-15T03:07:36.853307,normal_triangle,2,47.39839478656548,8.546788424603081,4.141000270843506,3.755000114440918,0.0199999995529651,0.0199999995529651,-1.3899999856948853,-0.0735066458582878,0.0009491437813267,-9.85515594482422,0.0089001897722482,-0.0032840364146977,0.0054592895321547,91.0,16.010000228881836,47.3979713,8.5461628,attack,44.363
1776222456.9577022,2026-04-15T03:07:36.957702,normal_triangle,2,47.39839578312331,8.546789896836561,4.175000190734863,3.7890002727508554,0.0199999995529651,0.0199999995529651,-1.3899999856948853,-0.0658671408891677,-0.0074309613555669,-9.905058860778809,0.0066248797811567,-0.0034730185288935,0.0056176967918872,91.0,16.010000228881836,47.3979713,8.5461628,attack,44.467
1776222457.0612578,2026-04-15T03:07:37.061258,normal_triangle,2,47.398396771660764,8.546791357221375,4.175000190734863,3.7890002727508554,0.0199999995529651,0.0199999995529651,-1.3899999856948853,-0.0658671408891677,-0.0074309613555669,-9.905058860778809,0.0066248797811567,-0.0034730185288935,0.0056176967918872,91.0,16.010000228881836,47.3979713,8.5461628,attack,44.571
1776222457.1718726,2026-04-15T03:07:37.171873,normal_triangle,2,47.39839782758401,8.546792917156488,4.198000431060791,3.812000274658203,0.0199999995529651,0.0199999995529651,-1.3899999856948853,-0.0670715048909187,-0.0032855027820914,-9.807276725769045,0.0051971161738038,-0.0023918428923934,0.0054245823994278,91.0,16.010000228881836,47.3979713,8.5461628,attack,44.682
1776222457.2733576,2026-04-15T03:07:37.273358,normal_triangle,2,47.39839879635499,8.546794348339928,4.198000431060791,3.812000274658203,0.0199999995529651,0.0199999995529651,-1.3899999856948853,-0.0670715048909187,-0.0032855027820914,-9.807276725769045,0.0051971161738038,-0.0023918428923934,0.0054245823994278,91.0,16.010000228881836,47.3979713,8.5461628,attack,44.783
1776222457.3770747,2026-04-15T03:07:37.377075,normal_triangle,2,47.398399786433245,8.546795911001004,4.2210001945495605,3.835000276565552,0.0199999995529651,0.0199999995529651,-1.3899999856948853,-0.0686348304152488,-0.0065003503113985,-9.818923950195312,0.0060958731919527,-0.0019247796153649,0.0047538098879158,91.0,16.010000228881836,47.3979713,8.546162899999999,attack,44.887
1776222457.4796948,2026-04-15T03:07:37.479695,normal_triangle,2,47.39840076603994,8.546797358192245,4.255000114440918,3.868000268936157,0.0199999995529651,0.0199999995529651,-1.3899999856948853,-0.0790393650531768,-0.0092577617615461,-9.838254928588867,0.0068324152380228,-0.0021361943800002,0.005040590185672,91.0,16.010000228881836,47.3979713,8.546162899999999,attack,44.989
1776222457.583894,2026-04-15T03:07:37.583894,normal_triangle,2,47.398401760720134,8.546798827651847,4.277000427246094,3.891000270843506,0.0199999995529651,0.0199999995529651,-1.3899999856948853,-0.0631785988807678,-0.0090682730078697,-9.782301902770996,0.007241740822792,-0.00152430718299,0.0055359341204166,91.0,16.010000228881836,47.3979713,8.546162899999999,attack,45.094
1776222457.6863286,2026-04-15T03:07:37.686329,normal_triangle,2,47.39840273855615,8.546800272227236,4.300000190734863,3.9140002727508554,0.0199999995529651,0.0199999995529651,-1.3899999856948853,-0.0726699903607368,-0.0108167147263884,-9.81683349609375,0.007124041672796,-0.0008848328143358,0.0054624462500214,91.0,16.010000228881836,47.3979713,8.546162899999999,attack,45.196
1776222457.79284,2026-04-15T03:07:37.792840,normal_triangle,2,47.39840375530833,8.546801774294199,4.300000190734863,3.9140002727508554,0.0199999995529651,0.0199999995529651,-1.3899999856948853,-0.0726699903607368,-0.0108167147263884,-9.81683349609375,0.007124041672796,-0.0008848328143358,0.0054624462500214,91.0,16.010000228881836,47.3979713,8.546162899999999,attack,45.302
1776222457.89628,2026-04-15T03:07:37.896280,normal_triangle,2,47.39840474274195,8.54680323304831,4.334000110626221,3.948000192642212,0.0199999995529651,0.0199999995529651,-1.3899999856948853,-0.0717193037271499,0.0033056852407753,-9.802855491638184,0.0064044026657938,-0.0001827820087783,0.0061606178060173,91.0,16.010000228881836,47.3979713,8.546162899999999,attack,45.406
1776222457.9988568,2026-04-15T03:07:37.998857,normal_triangle,2,47.398405821934425,8.546804679628835,4.3560004234313965,3.9700002670288086,0.0199999995529651,0.0199999995529651,-1.3899999856948853,-0.0680877044796943,-0.0101103689521551,-9.847472190856934,0.0066661112941801,0.0008273237035609,0.0056503182277083,91.0,16.010000228881836,47.3979714,8.546162899999999,attack,45.509
1776222458.103812,2026-04-15T03:07:38.103812,normal_triangle,2,47.3984068238316,8.546806159750219,4.3560004234313965,3.9700002670288086,0.0199999995529651,0.0199999995529651,-1.3899999856948853,-0.0680877044796943,-0.0101103689521551,-9.847472190856934,0.0066661112941801,0.0008273237035609,0.0056503182277083,91.0,16.010000228881836,47.3979714,8.546162899999999,attack,45.613
1776222458.2051115,2026-04-15T03:07:38.205112,normal_triangle,2,47.398407790831904,8.54680758831781,4.390000343322754,4.004000186920166,0.0199999995529651,0.0199999995529651,-1.3899999856948853,-0.0686743184924125,-0.009575730189681,-9.82529640197754,0.0082946959882974,0.0012633163714781,0.0052654664032161,91.0,16.010000228881836,47.3979714,8.546162899999999,attack,45.715
1776222458.3108933,2026-04-15T03:07:38.310893,normal_triangle,2,47.39840880061973,8.546809080096208,4.390000343322754,4.004000186920166,0.0199999995529651,0.0199999995529651,-1.3899999856948853,-0.0686743184924125,-0.009575730189681,-9.82529640197754,0.0082946959882974,0.0012633163714781,0.0052654664032161,91.0,16.010000228881836,47.3979714,8.546162899999999,attack,45.821
1776222458.4132855,2026-04-15T03:07:38.413286,normal_triangle,2,47.398409778050635,8.546810524073114,4.435000419616699,4.049000263214111,0.0199999995529651,0.0199999995529651,-1.399999976158142,-0.0639959126710891,0.0063639264553785,-9.863630294799805,0.0070794713683426,0.0042003644630312,0.0055041927844285,91.0,16.010000228881836,47.3979714,8.546162899999999,attack,45.923
1776222458.515411,2026-04-15T03:07:38.515411,normal_triangle,2,47.398410752934765,8.546811964287635,4.458000183105469,4.072000026702881,0.0199999995529651,0.0199999995529651,-1.399999976158142,-0.0625636130571365,-0.0017694919370114,-9.889070510864258,0.0061188763938844,0.0067436029203236,0.0043430156074464,91.0,16.010000228881836,47.3979714,8.546162899999999,attack,46.025
1776222458.6181152,2026-04-15T03:07:38.618115,normal_triangle,2,47.398411733344865,8.546813412665761,4.480000019073486,4.094000339508057,0.0199999995529651,0.0199999995529651,-1.399999976158142,-0.0660879611968994,0.0030061532743275,-9.843135833740234,0.0062568294815719,0.0049513867124915,0.0058519798330962,91.0,16.010000228881836,47.3979714,8.546162899999999,attack,46.128
1776222458.7230763,2026-04-15T03:07:38.723076,normal_triangle,2,47.39841273529893,8.546814892871202,4.514000415802002,4.128000259399414,0.0199999995529651,0.0199999995529651,-1.399999976158142,-0.0669902637600898,-0.0006520652677863,-9.83000373840332,0.0057330382987856,0.0042124358005821,0.0058020302094519,91.0,16.010000228881836,47.3979714,8.546162899999999,attack,46.233
1776222458.8276198,2026-04-15T03:07:38.827620,normal_triangle,2,47.39841373326557,8.546816367185935,4.514000415802002,4.128000259399414,0.0199999995529651,0.0199999995529651,-1.399999976158142,-0.0669902637600898,-0.0006520652677863,-9.83000373840332,0.0057330382987856,0.0042124358005821,0.0058020302094519,91.0,16.010000228881836,47.3979714,8.546162899999999,attack,46.337
1776222458.9294338,2026-04-15T03:07:38.929434,normal_triangle,2,47.39841470517734,8.54681780300932,4.554000377655029,4.168000221252441,0.0199999995529651,0.0199999995529651,-1.399999976158142,-0.070023238658905,0.0017708572559058,-9.858200073242188,0.0052739959210157,0.0028252638876438,0.0072042406536638,91.0,16.010000228881836,47.3979714,8.546162899999999,attack,46.439
1776222459.0318727,2026-04-15T03:07:39.031873,normal_triangle,2,47.39841568305432,8.546819247645233,4.554000377655029,4.168000221252441,0.0199999995529651,0.0199999995529651,-1.399999976158142,-0.070023238658905,0.0017708572559058,-9.858200073242188,0.0052739959210157,0.0028252638876438,0.0072042406536638,91.0,16.010000228881836,47.3979714,8.546162899999999,attack,46.542
1776222459.1427698,2026-04-15T03:07:39.142770,normal_triangle,2,47.39841674167227,8.546820811561282,4.554000377655029,4.168000221252441,0.0199999995529651,0.0199999995529651,-1.399999976158142,-0.070023238658905,0.0017708572559058,-9.858200073242188,0.0052739959210157,0.0028252638876438,0.0072042406536638,91.0,16.010000228881836,47.3979714,8.546162899999999,attack,46.652
1776222459.2449534,2026-04-15T03:07:39.244953,normal_triangle,2,47.398417717111734,8.546822252596197,4.588000297546387,4.201000213623047,0.0199999995529651,0.0199999995529651,-1.399999976158142,-0.072506383061409,-0.0028063699137419,-9.838801383972168,0.0059219873510301,0.0072790849953889,0.0043124356307089,88.0,15.950000762939451,47.3979714,8.546162899999999,attack,46.755
1776222459.3483284,2026-04-15T03:07:39.348328,normal_triangle,2,47.39841870392402,8.54682371043241,4.610000133514404,4.223999977111816,0.0199999995529651,0.0199999995529651,-1.399999976158142,-0.0678779631853103,-0.0001005980884656,-9.86655044555664,0.0061364215798676,0.0058592073619365,0.0048107411712408,88.0,15.950000762939451,47.3979714,8.546162899999999,attack,46.858
1776222459.451378,2026-04-15T03:07:39.451378,normal_triangle,2,47.39841968763194,8.546825163682477,4.610000133514404,4.223999977111816,0.0199999995529651,0.0199999995529651,-1.399999976158142,-0.0647726878523826,-0.0019841704051941,-9.870131492614746,0.0042677773162722,0.0047686016187071,0.0052057020366191,88.0,15.950000762939451,47.3979714,8.546162899999999,attack,46.961
1776222459.5538845,2026-04-15T03:07:39.553885,normal_triangle,2,47.39842066615302,8.546826709269915,4.65500020980835,4.269000053405762,0.0199999995529651,0.0199999995529651,-1.399999976158142,-0.070227175951004,-0.0070481020957231,-9.897746086120604,0.0043798889964818,0.0059050996787846,0.0054705021902918,88.0,15.950000762939451,47.3979714,8.546163,attack,47.064
1776222459.657177,2026-04-15T03:07:39.657177,normal_triangle,2,47.39842165217784,8.546828165942781,4.678000450134277,4.2920002937316895,0.0099999997764825,0.0299999993294477,-1.409999966621399,-0.0607630088925361,-0.0039596678689122,-9.864545822143556,0.0037724236026406,0.0092445537447929,0.0044626095332205,88.0,15.950000762939451,47.3979714,8.546163,attack,47.167
1776222459.7666054,2026-04-15T03:07:39.766605,normal_triangle,2,47.39842269677605,8.546829709147204,4.678000450134277,4.2920002937316895,0.0099999997764825,0.0299999993294477,-1.409999966621399,-0.0607630088925361,-0.0039596678689122,-9.864545822143556,0.0037724236026406,0.0092445537447929,0.0044626095332205,88.0,15.950000762939451,47.3979714,8.546163,attack,47.276
1776222459.870463,2026-04-15T03:07:39.870463,normal_triangle,2,47.398423788194826,8.546831173789933,4.712000370025635,4.326000213623047,0.0099999997764825,0.0299999993294477,-1.409999966621399,-0.0746976286172866,-0.0024791050236672,-9.840015411376951,0.002907283604145,0.0066737392917275,0.0052508022636175,88.0,15.950000762939451,47.3979715,8.546163,attack,47.38
1776222459.979942,2026-04-15T03:07:39.979942,normal_triangle,2,47.39842483327781,8.546832717710526,4.712000370025635,4.326000213623047,0.0099999997764825,0.0299999993294477,-1.409999966621399,-0.0746976286172866,-0.0024791050236672,-9.840015411376951,0.002907283604145,0.0066737392917275,0.0052508022636175,88.0,15.950000762939451,47.3979715,8.546163,attack,47.49
1776222460.086034,2026-04-15T03:07:40.086034,normal_triangle,2,47.398425846026626,8.54683421386325,4.735000133514404,4.3480000495910645,0.0099999997764825,0.0299999993294477,-1.409999966621399,-0.0702970027923584,-0.006545016542077,-9.857465744018556,0.0027415668591856,0.0078233256936073,0.0040345066227018,88.0,15.950000762939451,47.3979715,8.546163,attack,47.596
1776222460.199679,2026-04-15T03:07:40.199679,normal_triangle,2,47.39842693087469,8.546835816529544,4.769000053405762,4.38200044631958,0.0099999997764825,0.0299999993294477,-1.409999966621399,-0.0733954384922981,-0.0015452392399311,-9.859291076660156,0.0024935933761298,0.0056731132790446,0.0043643862009048,88.0,15.950000762939451,47.3979715,8.546163,attack,47.709
1776222460.3019948,2026-04-15T03:07:40.301995,normal_triangle,2,47.39842790757729,8.546837259430525,4.7910003662109375,4.40500020980835,0.0099999997764825,0.0299999993294477,-1.409999966621399,-0.0724550187587738,-0.0030109898652881,-9.84043025970459,0.0017580460989847,0.0073836026713252,0.0047620399855077,88.0,15.950000762939451,47.3979715,8.546163,attack,47.812
1776222460.4041562,2026-04-15T03:07:40.404156,normal_triangle,2,47.39842888280509,8.546838700152751,4.814000129699707,4.427999973297119,0.0099999997764825,0.0299999993294477,-1.409999966621399,-0.0703523531556129,-0.0064852274954319,-9.854251861572266,0.0030246912501752,0.0065012988634407,0.0039907149039208,88.0,15.950000762939451,47.3979715,8.546163,attack,47.914
1776222460.5059218,2026-04-15T03:07:40.505922,normal_triangle,2,47.39842985425484,8.546840135293596,4.8480000495910645,4.462000370025635,0.0099999997764825,0.0299999993294477,-1.409999966621399,-0.0651202350854873,-0.0117480298504233,-9.882162094116213,0.0025040246546268,0.0047839470207691,0.0026592791546136,88.0,15.950000762939451,47.3979715,8.546163,attack,48.016
1776222460.6082108,2026-04-15T03:07:40.608211,normal_triangle,2,47.39843083070027,8.54684157781464,4.871000289916992,4.485000133514404,0.0099999997764825,0.0299999993294477,-1.409999966621399,-0.0679911673069,-0.0039680302143096,-9.90118408203125,0.0014527098974213,0.0054643293842673,0.0030118515715003,88.0,15.950000762939451,47.3979715,8.546163,attack,48.118
1776222460.7210438,2026-04-15T03:07:40.721044,normal_triangle,2,47.39843190779879,8.546843269032381,4.900000095367432,4.514000415802002,0.0099999997764825,0.0299999993294477,-1.409999966621399,-0.0705642327666282,0.0014261424075812,-9.86853313446045,0.0011287572560831,0.0075418767519295,0.002724677324295,88.0,15.950000762939451,47.3979715,8.5461631,attack,48.231
1776222460.828591,2026-04-15T03:07:40.828591,normal_triangle,2,47.398432934439896,8.546844785708444,4.900000095367432,4.514000415802002,0.0099999997764825,0.0299999993294477,-1.409999966621399,-0.0705642327666282,0.0014261424075812,-9.86853313446045,0.0011287572560831,0.0075418767519295,0.002724677324295,88.0,15.950000762939451,47.3979715,8.5461631,attack,48.338
1776222460.9326105,2026-04-15T03:07:40.932610,normal_triangle,2,47.398433927404035,8.546846252632893,4.934000015258789,4.548000335693359,0.0099999997764825,0.0299999993294477,-1.4199999570846558,-0.0769836008548736,0.0024979277513921,-9.86113739013672,0.0035335146822035,0.0064718537032604,0.0022761318832635,88.0,15.950000762939451,47.3979715,8.5461631,attack,48.442
1776222461.0449872,2026-04-15T03:07:41.044987,normal_triangle,2,47.39843500014642,8.546847837415237,4.934000015258789,4.548000335693359,0.0099999997764825,0.0299999993294477,-1.4199999570846558,-0.0769836008548736,0.0024979277513921,-9.86113739013672,0.0035335146822035,0.0064718537032604,0.0022761318832635,88.0,15.950000762939451,47.3979715,8.5461631,attack,48.555
1776222461.1499188,2026-04-15T03:07:41.149919,normal_triangle,2,47.39843600181827,8.546849317203758,4.963000297546387,4.577000141143799,0.0099999997764825,0.0299999993294477,-1.4199999570846558,-0.0730064213275909,-0.0046319812536239,-9.867860794067385,0.0046543208882212,0.0063870958983898,0.0031038089655339,88.0,15.950000762939451,47.3979715,8.5461631,attack,48.66
1776222461.260425,2026-04-15T03:07:41.260425,normal_triangle,2,47.39843705670597,8.54685087560904,4.963000297546387,4.577000141143799,0.0099999997764825,0.0299999993294477,-1.4199999570846558,-0.0730064213275909,-0.0046319812536239,-9.867860794067385,0.0046543208882212,0.0063870958983898,0.0031038089655339,88.0,15.950000762939451,47.3979715,8.5461631,attack,48.77
1776222461.3657286,2026-04-15T03:07:41.365729,normal_triangle,2,47.39843806192828,8.546852360642713,4.997000217437744,4.611000061035156,0.0099999997764825,0.0299999993294477,-1.4199999570846558,-0.0766296833753585,-0.0007356207352131,-9.86530876159668,0.0029624141752719,0.005991468206048,0.0008007048745639,88.0,15.950000762939451,47.3979715,8.5461631,attack,48.875
1776222461.467146,2026-04-15T03:07:41.467146,normal_triangle,2,47.39843903005289,8.546853790871273,5.0320000648498535,4.645000457763672,0.0099999997764825,0.0299999993294477,-1.4199999570846558,-0.0726209729909896,-0.0032775648869574,-9.795763969421388,0.0022749509662389,0.0067069754004478,0.0008168185595422,88.0,15.950000762939451,47.3979715,8.5461631,attack,48.977
1776222461.5696585,2026-04-15T03:07:41.569659,normal_triangle,2,47.39844000863314,8.546855236546133,5.055000305175781,4.668000221252441,0.0099999997764825,0.0299999993294477,-1.4199999570846558,-0.0705542266368866,-0.0145605728030204,-9.82512092590332,0.0025152566377073,0.0059420359320938,0.001384908799082,88.0,15.950000762939451,47.3979715,8.5461631,attack,49.079
1776222461.671395,2026-04-15T03:07:41.671395,normal_triangle,2,47.39844097980523,8.54685667127678,5.089000225067139,4.703000068664551,0.0,0.0299999993294477,-1.4199999570846558,-0.0790193006396293,0.0019213217310607,-9.845514297485352,0.0027622485067695,0.007239444181323,0.0022646244615316,88.0,15.950000762939451,47.3979715,8.5461631,attack,49.181
1776222461.794163,2026-04-15T03:07:41.794163,normal_triangle,2,47.39844215174184,8.546858402600602,5.089000225067139,4.703000068664551,0.0,0.0299999993294477,-1.4199999570846558,-0.0790193006396293,0.0019213217310607,-9.845514297485352,0.0027622485067695,0.007239444181323,0.0022646244615316,88.0,15.950000762939451,47.3979715,8.5461631,attack,49.304
1776222461.897669,2026-04-15T03:07:41.897669,normal_triangle,2,47.3984431398059,8.54685986228607,5.112000465393066,4.726000308990479,0.0,0.0299999993294477,-1.4199999570846558,-0.0683584213256836,-0.0082554304972291,-9.883262634277344,0.0014302004128694,0.0069677946157753,0.0007208782481029,88.0,15.950000762939451,47.3979715,8.5461631,attack,49.407
1776222462.0003042,2026-04-15T03:07:42.000304,normal_triangle,2,47.39844411955597,8.54686130968914,5.112000465393066,4.726000308990479,0.0,0.0299999993294477,-1.4199999570846558,-0.0683584213256836,-0.0082554304972291,-9.883262634277344,0.0014302004128694,0.0069677946157753,0.0007208782481029,88.0,15.950000762939451,47.3979715,8.5461631,attack,49.51
1776222462.109289,2026-04-15T03:07:42.109289,normal_triangle,2,47.39844515991867,8.546862846636369,5.135000228881836,4.749000072479248,0.0,0.0299999993294477,-1.4199999570846558,-0.0658634006977081,-0.0016733369557186,-9.876100540161133,0.0019727603066712,0.0056539657525718,0.0005687287193723,88.0,15.950000762939451,47.3979715,8.5461631,attack,49.619
1776222462.215939,2026-04-15T03:07:42.215939,normal_triangle,2,47.398446177995446,8.546864350660183,5.135000228881836,4.749000072479248,0.0,0.0299999993294477,-1.4199999570846558,-0.0658634006977081,-0.0016733369557186,-9.876100540161133,0.0019727603066712,0.0056539657525718,0.0005687287193723,88.0,15.950000762939451,47.3979715,8.5461631,attack,49.726
1776222462.316948,2026-04-15T03:07:42.316948,normal_triangle,2,47.398447142221386,8.546865775129163,5.135000228881836,4.749000072479248,0.0,0.0299999993294477,-1.4199999570846558,-0.0658634006977081,-0.0016733369557186,-9.876100540161133,0.0019727603066712,0.0056539657525718,0.0005687287193723,88.0,15.950000762939451,47.3979715,8.5461631,attack,49.827
1776222462.4240694,2026-04-15T03:07:42.424069,normal_triangle,2,47.39844826479768,8.546867385801534,5.181000232696533,4.795000076293945,0.0,0.0299999993294477,-1.4199999570846558,-0.0703782960772514,0.0033969520591199,-9.885124206542969,0.0011917969677597,0.006394543685019,-0.0002096793468808,88.0,15.950000762939451,47.3979716,8.546163199999999,attack,49.934
