timestamp_unix_s,timestamp_iso,scenario,run_id,label,attack_elapsed_s,true_lat_deg,true_lon_deg,lat_deg,lon_deg,abs_alt_m,rel_alt_m,accel_x_mps2,accel_y_mps2,accel_z_mps2,gyro_x_rps,gyro_y_rps,gyro_z_rps,battery_remaining_pct,battery_voltage_v
1772707345.752006,2026-03-05T10:42:25.752006,spoof_drift,02,normal,0.0,,,,,,,,,,,,,,
1772707345.8537016,2026-03-05T10:42:25.853702,spoof_drift,02,normal,0.0,47.3979706,8.5461644,47.3979706,8.5461644,0.12400000542402267,0.027000000700354576,0.003467330476269126,0.007387090008705854,-9.685803413391113,8.375806646654382e-05,4.990208617527969e-05,3.7209429137874395e-05,,
1772707345.9559233,2026-03-05T10:42:25.955923,spoof_drift,02,normal,0.0,47.3979706,8.5461644,47.3979706,8.5461644,0.125,0.02800000086426735,-0.0032135569490492344,0.005426983814686537,-9.678415298461914,8.164063183357939e-05,-0.0004297714913263917,-0.0003055331762880087,,
1772707346.0586178,2026-03-05T10:42:26.058618,spoof_drift,02,normal,0.0,47.3979706,8.5461644,47.3979706,8.5461644,0.12600000202655792,0.029000001028180122,0.003950817510485649,-0.0007720787543803453,-9.69125747680664,-0.00021251384168863297,-3.630820719990879e-05,0.0003743558772839606,,
1772707346.163246,2026-03-05T10:42:26.163246,spoof_drift,02,normal,0.0,47.3979706,8.5461644,47.3979706,8.5461644,0.12700000405311584,0.030000001192092896,-0.00191479770001024,0.0017536059021949768,-9.678337097167969,-0.000541020417585969,0.0007321665179915726,-6.846594624221325e-05,,
1772707346.2698617,2026-03-05T10:42:26.269862,spoof_drift,02,normal,0.0,47.3979706,8.5461644,47.3979706,8.5461644,0.12800000607967377,0.030000001192092896,0.0031889539677649736,0.001909914193674922,-9.692475318908691,-0.0004395704891066998,-0.0002708081738092005,-0.0010375024285167456,,
1772707346.3718472,2026-03-05T10:42:26.371847,spoof_drift,02,normal,0.0,47.3979706,8.5461644,47.3979706,8.5461644,0.12800000607967377,0.030000001192092896,0.0031889539677649736,0.001909914193674922,-9.692475318908691,-0.0004395704891066998,-0.0002708081738092005,-0.0010375024285167456,,
1772707346.4790125,2026-03-05T10:42:26.479012,spoof_drift,02,normal,0.0,47.3979706,8.5461644,47.3979706,8.5461644,0.12800000607967377,0.03100000135600567,-0.00639708898961544,-0.00041040978976525366,-9.688826560974121,0.0003529609530232847,0.0003929554659407586,0.0006869272910989821,,
1772707346.5801919,2026-03-05T10:42:26.580192,spoof_drift,02,normal,0.0,47.3979706,8.5461644,47.3979706,8.5461644,0.1300000101327896,0.032999999821186066,-0.00639708898961544,-0.00041040978976525366,-9.688826560974121,0.0003529609530232847,0.0003929554659407586,0.0006869272910989821,,
1772707346.686496,2026-03-05T10:42:26.686496,spoof_drift,02,normal,0.0,47.3979706,8.5461644,47.3979706,8.5461644,0.1300000101327896,0.032999999821186066,0.00038249255158007145,0.00045424987911246717,-9.68775463104248,8.295636507682502e-05,0.00018910219660028815,-0.0003668427234515548,,
1772707346.790996,2026-03-05T10:42:26.790996,spoof_drift,02,normal,0.0,47.3979706,8.5461644,47.3979706,8.5461644,0.1300000101327896,0.032999999821186066,0.00038249255158007145,0.00045424987911246717,-9.68775463104248,8.295636507682502e-05,0.00018910219660028815,-0.0003668427234515548,,
1772707346.9004533,2026-03-05T10:42:26.900453,spoof_drift,02,normal,0.0,47.3979706,8.5461644,47.3979706,8.5461644,0.13199999928474426,0.03500000014901161,0.0011060356628149748,-0.00013650176697410643,-9.682488441467285,-0.0006045594927854836,-0.0003673844039440155,0.0004673126677516848,,
1772707347.0027697,2026-03-05T10:42:27.002770,spoof_drift,02,normal,0.0,47.3979706,8.5461644,47.3979706,8.5461644,0.13199999928474426,0.03500000014901161,0.0011060356628149748,-0.00013650176697410643,-9.682488441467285,-0.0006045594927854836,-0.0003673844039440155,0.0004673126677516848,,
1772707347.10338,2026-03-05T10:42:27.103380,spoof_drift,02,normal,0.0,47.3979706,8.5461644,47.3979706,8.5461644,0.13199999928474426,0.03500000014901161,0.0011060356628149748,-0.00013650176697410643,-9.682488441467285,-0.0006045594927854836,-0.0003673844039440155,0.0004673126677516848,,
1772707347.2141485,2026-03-05T10:42:27.214149,spoof_drift,02,normal,0.0,47.3979706,8.5461644,47.3979706,8.5461644,0.13300000131130219,0.036000002175569534,-0.003983369097113609,0.0014001104282215238,-9.684237480163574,2.3874323233030736e-05,0.00015033636009320617,-0.0002902622800320387,,
1772707347.322359,2026-03-05T10:42:27.322359,spoof_drift,02,normal,0.0,47.3979706,8.5461644,47.3979706,8.5461644,0.13300000131130219,0.036000002175569534,-0.003983369097113609,0.0014001104282215238,-9.684237480163574,2.3874323233030736e-05,0.00015033636009320617,-0.0002902622800320387,,
1772707347.426062,2026-03-05T10:42:27.426062,spoof_drift,02,normal,0.0,47.3979706,8.5461644,47.3979706,8.5461644,0.13300000131130219,0.036000002175569534,-0.003983369097113609,0.0014001104282215238,-9.684237480163574,2.3874323233030736e-05,0.00015033636009320617,-0.0002902622800320387,,
1772707347.5279229,2026-03-05T10:42:27.527923,spoof_drift,02,normal,0.0,47.3979706,8.5461644,47.3979706,8.5461644,0.1340000033378601,0.03700000047683716,0.003696893574669957,-0.004448961932212114,-9.675585746765137,0.0003919245791621506,-3.262764948885888e-05,0.0007629249594174325,,
1772707347.6315005,2026-03-05T10:42:27.631500,spoof_drift,02,normal,0.0,47.3979706,8.5461644,47.3979706,8.5461644,0.1340000033378601,0.03700000047683716,0.003696893574669957,-0.004448961932212114,-9.675585746765137,0.0003919245791621506,-3.262764948885888e-05,0.0007629249594174325,,
1772707347.742228,2026-03-05T10:42:27.742228,spoof_drift,02,normal,0.0,47.3979706,8.5461644,47.3979706,8.5461644,0.13600000739097595,0.039000000804662704,0.0004025170346722007,0.003360166447237134,-9.68830680847168,-0.00026157384854741395,-0.0006979418685659766,-0.0007376924622803926,,
1772707347.8448598,2026-03-05T10:42:27.844860,spoof_drift,02,normal,0.0,47.3979706,8.5461644,47.3979706,8.5461644,0.13600000739097595,0.039000000804662704,0.0004025170346722007,0.003360166447237134,-9.68830680847168,-0.00026157384854741395,-0.0006979418685659766,-0.0007376924622803926,,
1772707347.9532092,2026-03-05T10:42:27.953209,spoof_drift,02,normal,0.0,47.3979706,8.5461644,47.3979706,8.5461644,0.13600000739097595,0.039000000804662704,0.0004025170346722007,0.003360166447237134,-9.68830680847168,-0.00026157384854741395,-0.0006979418685659766,-0.0007376924622803926,,
1772707348.0587907,2026-03-05T10:42:28.058791,spoof_drift,02,normal,0.0,47.3979706,8.5461644,47.3979706,8.5461644,0.1380000114440918,0.04000000283122063,-0.0018343148985877633,-0.0012945777270942926,-9.684375762939453,-0.0004318849532864988,0.0004166958970017731,0.00013647571904584765,,
1772707348.159691,2026-03-05T10:42:28.159691,spoof_drift,02,normal,0.0,47.3979706,8.5461644,47.3979706,8.5461644,0.1380000114440918,0.04000000283122063,-0.0018343148985877633,-0.0012945777270942926,-9.684375762939453,-0.0004318849532864988,0.0004166958970017731,0.00013647571904584765,,
1772707348.2616515,2026-03-05T10:42:28.261652,spoof_drift,02,normal,0.0,47.3979706,8.5461644,47.3979706,8.5461644,0.1380000114440918,0.04000000283122063,-0.0018343148985877633,-0.0012945777270942926,-9.684375762939453,-0.0004318849532864988,0.0004166958970017731,0.00013647571904584765,,
1772707348.3632379,2026-03-05T10:42:28.363238,spoof_drift,02,normal,0.0,47.3979706,8.5461644,47.3979706,8.5461644,0.1380000114440918,0.04100000113248825,-0.004114030860364437,-0.004579898901283741,-9.691218376159668,0.00024401937844231725,-0.00028961640782654285,-0.00016793981194496155,,
1772707348.4679756,2026-03-05T10:42:28.467976,spoof_drift,02,normal,0.0,47.3979706,8.5461644,47.3979706,8.5461644,0.1380000114440918,0.04100000113248825,-0.004114030860364437,-0.004579898901283741,-9.691218376159668,0.00024401937844231725,-0.00028961640782654285,-0.00016793981194496155,,
1772707348.5699441,2026-03-05T10:42:28.569944,spoof_drift,02,normal,0.0,47.3979706,8.5461644,47.3979706,8.5461644,0.13900001347064972,0.04200000315904617,0.0023618966806679964,0.005256223026663065,-9.683844566345215,0.0006036511622369289,-0.000290218333248049,-0.00019418864394538105,,
1772707348.672336,2026-03-05T10:42:28.672336,spoof_drift,02,normal,0.0,47.3979706,8.5461644,47.3979706,8.5461644,0.13900001347064972,0.04200000315904617,0.0023618966806679964,0.005256223026663065,-9.683844566345215,0.0006036511622369289,-0.000290218333248049,-0.00019418864394538105,,
1772707348.7759194,2026-03-05T10:42:28.775919,spoof_drift,02,normal,0.0,47.3979706,8.5461644,47.3979706,8.5461644,0.14000000059604645,0.0430000014603138,-0.0063234977424144745,-0.004372588824480772,-9.672441482543945,6.72277674311772e-05,-0.0006362158455885947,-0.00016084295930340886,,
1772707348.8798382,2026-03-05T10:42:28.879838,spoof_drift,02,normal,0.0,47.3979706,8.5461644,47.3979706,8.5461644,0.14000000059604645,0.0430000014603138,-0.0063234977424144745,-0.004372588824480772,-9.672441482543945,6.72277674311772e-05,-0.0006362158455885947,-0.00016084295930340886,,
1772707348.9824786,2026-03-05T10:42:28.982479,spoof_drift,02,normal,0.0,47.3979706,8.5461644,47.3979706,8.5461644,0.14100000262260437,0.04400000348687172,-0.002869325689971447,-0.003776337020099163,-9.680360794067383,0.00010143833787878975,0.00015170619008131325,-3.9960308640729636e-05,,
1772707349.101265,2026-03-05T10:42:29.101265,spoof_drift,02,normal,0.0,47.3979706,8.5461644,47.3979706,8.5461644,0.14100000262260437,0.04400000348687172,0.0017149937339127064,-0.004213398788124323,-9.680506706237793,0.00046313315397128463,0.0001895614550448954,-0.0008855209453031421,,
1772707349.2029808,2026-03-05T10:42:29.202981,spoof_drift,02,normal,0.0,47.3979706,8.5461644,47.3979706,8.5461644,0.14100000262260437,0.04400000348687172,0.0017149937339127064,-0.004213398788124323,-9.680506706237793,0.00046313315397128463,0.0001895614550448954,-0.0008855209453031421,,
1772707349.3050647,2026-03-05T10:42:29.305065,spoof_drift,02,normal,0.0,47.3979706,8.5461644,47.3979706,8.5461644,0.14100000262260437,0.04400000348687172,-0.005163977388292551,0.0033420331310480833,-9.682356834411621,0.00014663841284345835,0.0008881310932338238,-0.00016727819456718862,,
1772707349.4074264,2026-03-05T10:42:29.407426,spoof_drift,02,normal,0.0,47.3979706,8.5461644,47.3979706,8.5461644,0.14100000262260437,0.04400000348687172,-0.005163977388292551,0.0033420331310480833,-9.682356834411621,0.00014663841284345835,0.0008881310932338238,-0.00016727819456718862,,
1772707349.5122526,2026-03-05T10:42:29.512253,spoof_drift,02,normal,0.0,47.3979705,8.5461644,47.3979705,8.5461644,0.14100000262260437,0.04400000348687172,-0.0010619772365316749,-0.0006457689451053739,-9.687331199645996,-0.0008359529892913997,-7.01175958965905e-05,-0.00019346547196619213,,
1772707349.6217287,2026-03-05T10:42:29.621729,spoof_drift,02,normal,0.0,47.3979705,8.5461644,47.3979705,8.5461644,0.14100000262260437,0.04400000348687172,-0.0010619772365316749,-0.0006457689451053739,-9.687331199645996,-0.0008359529892913997,-7.01175958965905e-05,-0.00019346547196619213,,
1772707349.7263157,2026-03-05T10:42:29.726316,spoof_drift,02,normal,0.0,47.3979705,8.5461644,47.3979705,8.5461644,0.14100000262260437,0.04400000348687172,-0.00013854482676833868,0.0074220867827534676,-9.676562309265137,-0.0009522585896775126,-0.0006095771095715463,-9.732725447975099e-05,,
1772707349.8313253,2026-03-05T10:42:29.831325,spoof_drift,02,normal,0.0,47.3979705,8.5461644,47.3979705,8.5461644,0.14100000262260437,0.04400000348687172,-0.00013854482676833868,0.0074220867827534676,-9.676562309265137,-0.0009522585896775126,-0.0006095771095715463,-9.732725447975099e-05,,
1772707349.9392223,2026-03-05T10:42:29.939222,spoof_drift,02,normal,0.0,47.3979705,8.5461644,47.3979705,8.5461644,0.14100000262260437,0.04400000348687172,-0.00013854482676833868,0.0074220867827534676,-9.676562309265137,-0.0009522585896775126,-0.0006095771095715463,-9.732725447975099e-05,,
1772707350.041242,2026-03-05T10:42:30.041242,spoof_drift,02,normal,0.0,47.3979705,8.5461644,47.3979705,8.5461644,0.14000000059604645,0.0430000014603138,0.0008743037469685078,0.0002720080956351012,-9.68966007232666,0.00042847770964726806,0.0004182947741355747,-7.670957711525261e-05,,
1772707350.143392,2026-03-05T10:42:30.143392,spoof_drift,02,normal,0.0,47.3979705,8.5461644,47.3979705,8.5461644,0.14000000059604645,0.0430000014603138,0.0022962612565606833,-0.0007742574671283364,-9.674227714538574,0.000396839517634362,-0.00035449230927042663,-0.0003830767818726599,,
1772707350.245077,2026-03-05T10:42:30.245077,spoof_drift,02,normal,0.0,47.3979705,8.5461644,47.3979705,8.5461644,0.14000000059604645,0.0430000014603138,0.000110101536847651,-0.0023466346319764853,-9.676704406738281,-0.00011313764116493985,0.00017094440408982337,-0.0003122615162283182,,
1772707350.3486972,2026-03-05T10:42:30.348697,spoof_drift,02,normal,0.0,47.3979705,8.5461644,47.3979705,8.5461644,0.13900001347064972,0.04200000315904617,0.0013267227914184332,0.0004991564201191068,-9.682887077331543,-0.0004563184338621795,0.0009676349582150578,-0.0011178849963471293,,
1772707350.452124,2026-03-05T10:42:30.452124,spoof_drift,02,normal,0.0,47.3979705,8.5461644,47.3979705,8.5461644,0.13900001347064972,0.04200000315904617,0.0013267227914184332,0.0004991564201191068,-9.682887077331543,-0.0004563184338621795,0.0009676349582150578,-0.0011178849963471293,,
1772707350.555819,2026-03-05T10:42:30.555819,spoof_drift,02,normal,0.0,47.3979705,8.5461644,47.3979705,8.5461644,0.13900001347064972,0.04200000315904617,0.0013267227914184332,0.0004991564201191068,-9.682887077331543,-0.0004563184338621795,0.0009676349582150578,-0.0011178849963471293,,
1772707350.659286,2026-03-05T10:42:30.659286,spoof_drift,02,normal,0.0,47.3979705,8.5461644,47.3979705,8.5461644,0.13900001347064972,0.04200000315904617,0.0013267227914184332,0.0004991564201191068,-9.682887077331543,-0.0004563184338621795,0.0009676349582150578,-0.0011178849963471293,,
1772707350.761556,2026-03-05T10:42:30.761556,spoof_drift,02,normal,0.0,47.3979705,8.5461644,47.3979705,8.5461644,0.13900001347064972,0.04200000315904617,0.0013267227914184332,0.0004991564201191068,-9.682887077331543,-0.0004563184338621795,0.0009676349582150578,-0.0011178849963471293,,
1772707350.863988,2026-03-05T10:42:30.863988,spoof_drift,02,normal,0.0,47.3979705,8.5461644,47.3979705,8.5461644,0.13900001347064972,0.04200000315904617,-0.0048017906956374645,0.005432378500699997,-9.683344841003418,0.0005520607228390872,0.0007811748655512929,0.001011725515127182,,
1772707350.967544,2026-03-05T10:42:30.967544,spoof_drift,02,normal,0.0,47.3979705,8.5461644,47.3979705,8.5461644,0.13900001347064972,0.04200000315904617,-0.0048017906956374645,0.005432378500699997,-9.683344841003418,0.0005520607228390872,0.0007811748655512929,0.001011725515127182,,
1772707351.0701113,2026-03-05T10:42:31.070111,spoof_drift,02,normal,0.0,47.3979705,8.5461644,47.3979705,8.5461644,0.13900001347064972,0.04200000315904617,-0.0048017906956374645,0.005432378500699997,-9.683344841003418,0.0005520607228390872,0.0007811748655512929,0.001011725515127182,,
1772707351.1737025,2026-03-05T10:42:31.173702,spoof_drift,02,normal,0.0,47.3979705,8.5461644,47.3979705,8.5461644,0.13700000941753387,0.04000000283122063,-0.0014848425053060055,-0.005126649979501963,-9.680713653564453,0.0008461337420158088,1.009156221698504e-05,5.5630858696531504e-05,,
1772707351.2770493,2026-03-05T10:42:31.277049,spoof_drift,02,normal,0.0,47.3979705,8.5461644,47.3979705,8.5461644,0.13700000941753387,0.04000000283122063,-0.0014848425053060055,-0.005126649979501963,-9.680713653564453,0.0008461337420158088,1.009156221698504e-05,5.5630858696531504e-05,,
1772707351.384177,2026-03-05T10:42:31.384177,spoof_drift,02,normal,0.0,47.3979705,8.5461643,47.3979705,8.5461643,0.13600000739097595,0.039000000804662704,-0.001941750873811543,-0.003932508639991283,-9.686147689819336,-0.0009221347863785923,-0.0010125096887350082,-0.0003299930540379137,,
1772707351.49721,2026-03-05T10:42:31.497210,spoof_drift,02,normal,0.0,47.3979705,8.5461643,47.3979705,8.5461643,0.13600000739097595,0.039000000804662704,-0.001941750873811543,-0.003932508639991283,-9.686147689819336,-0.0009221347863785923,-0.0010125096887350082,-0.0003299930540379137,,
1772707351.5991237,2026-03-05T10:42:31.599124,spoof_drift,02,normal,0.0,47.3979705,8.5461643,47.3979705,8.5461643,0.13600000739097595,0.039000000804662704,-0.001941750873811543,-0.003932508639991283,-9.686147689819336,-0.0009221347863785923,-0.0010125096887350082,-0.0003299930540379137,,
1772707351.7070677,2026-03-05T10:42:31.707068,spoof_drift,02,normal,0.0,47.3979705,8.5461643,47.3979705,8.5461643,0.13500000536441803,0.03800000250339508,-0.0018811440095305443,0.002496926812455058,-9.681700706481934,-2.1196010493440554e-05,-0.00020779336045961827,-0.00036970750079490244,,
1772707351.812403,2026-03-05T10:42:31.812403,spoof_drift,02,normal,0.0,47.3979705,8.5461643,47.3979705,8.5461643,0.13500000536441803,0.03800000250339508,-0.0018811440095305443,0.002496926812455058,-9.681700706481934,-2.1196010493440554e-05,-0.00020779336045961827,-0.00036970750079490244,,
1772707351.9218874,2026-03-05T10:42:31.921887,spoof_drift,02,normal,0.0,47.3979705,8.5461643,47.3979705,8.5461643,0.13500000536441803,0.03800000250339508,-0.0018811440095305443,0.002496926812455058,-9.681700706481934,-2.1196010493440554e-05,-0.00020779336045961827,-0.00036970750079490244,,
1772707352.0278296,2026-03-05T10:42:32.027830,spoof_drift,02,normal,0.0,47.3979705,8.5461643,47.3979705,8.5461643,0.1340000033378601,0.03700000047683716,0.002866639057174325,-0.007549544330686331,-9.676328659057617,2.7681253413902596e-05,-0.0011869017034769058,0.0005273861461319029,,
1772707352.1579914,2026-03-05T10:42:32.157991,spoof_drift,02,normal,0.0,47.3979705,8.5461643,47.3979705,8.5461643,0.13300000131130219,0.036000002175569534,-0.005602612160146236,0.0017394989263266325,-9.67545223236084,-0.0005189135554246604,-0.000493082101456821,0.0002683738130144775,,
1772707352.2848563,2026-03-05T10:42:32.284856,spoof_drift,02,normal,0.0,47.3979705,8.5461643,47.3979705,8.5461643,0.13199999928474426,0.03500000014901161,-0.0028369363863021135,0.00019185352721251547,-9.674227714538574,0.0004100014630239457,-0.00011527742026373744,0.00022659634123556316,,
1772707352.3861191,2026-03-05T10:42:32.386119,spoof_drift,02,normal,0.0,47.3979705,8.5461643,47.3979705,8.5461643,0.13199999928474426,0.03500000014901161,-0.0028369363863021135,0.00019185352721251547,-9.674227714538574,0.0004100014630239457,-0.00011527742026373744,0.00022659634123556316,,
1772707352.4873059,2026-03-05T10:42:32.487306,spoof_drift,02,normal,0.0,47.3979705,8.5461643,47.3979705,8.5461643,0.13199999928474426,0.03500000014901161,-0.0028369363863021135,0.00019185352721251547,-9.674227714538574,0.0004100014630239457,-0.00011527742026373744,0.00022659634123556316,,
1772707352.5919049,2026-03-05T10:42:32.591905,spoof_drift,02,normal,0.0,47.3979705,8.5461643,47.3979705,8.5461643,0.13100001215934753,0.03400000184774399,-0.0035135778598487377,0.006446072366088629,-9.688935279846191,-0.0009883024031296372,3.988591561210342e-05,0.000640218029730022,,
1772707352.7041397,2026-03-05T10:42:32.704140,spoof_drift,02,normal,0.0,47.3979705,8.5461643,47.3979705,8.5461643,0.13100001215934753,0.03400000184774399,-0.0035135778598487377,0.006446072366088629,-9.688935279846191,-0.0009883024031296372,3.988591561210342e-05,0.000640218029730022,,
1772707352.8091419,2026-03-05T10:42:32.809142,spoof_drift,02,normal,0.0,47.3979705,8.5461643,47.3979705,8.5461643,0.13100001215934753,0.03400000184774399,0.0025186955463141203,-0.009855746291577816,-9.68850040435791,0.00024352471518795937,-0.0006989633548073471,-3.6170604289509356e-07,,
1772707352.9111722,2026-03-05T10:42:32.911172,spoof_drift,02,normal,0.0,47.3979705,8.5461643,47.3979705,8.5461643,0.1300000101327896,0.032999999821186066,0.0025186955463141203,-0.009855746291577816,-9.68850040435791,0.00024352471518795937,-0.0006989633548073471,-3.6170604289509356e-07,,
1772707353.0150425,2026-03-05T10:42:33.015043,spoof_drift,02,normal,0.0,47.3979705,8.5461643,47.3979705,8.5461643,0.1300000101327896,0.032999999821186066,0.0038688357453793287,0.005015314090996981,-9.692601203918457,-0.0015342504484578967,-0.00039403216214850545,-3.5594704968389124e-05,,
1772707353.1164253,2026-03-05T10:42:33.116425,spoof_drift,02,normal,0.0,47.3979705,8.5461643,47.3979705,8.5461643,0.1300000101327896,0.032999999821186066,0.0038688357453793287,0.005015314090996981,-9.692601203918457,-0.0015342504484578967,-0.00039403216214850545,-3.5594704968389124e-05,,
1772707353.2181506,2026-03-05T10:42:33.218151,spoof_drift,02,normal,0.0,47.3979705,8.5461643,47.3979705,8.5461643,0.1290000081062317,0.03200000151991844,0.006568770855665207,-0.00235488242469728,-9.67847728729248,-0.0009812864009290934,-0.000573759141843766,0.00016706212772987783,,
1772707353.319824,2026-03-05T10:42:33.319824,spoof_drift,02,normal,0.0,47.3979705,8.5461643,47.3979705,8.5461643,0.1290000081062317,0.03200000151991844,0.006568770855665207,-0.00235488242469728,-9.67847728729248,-0.0009812864009290934,-0.000573759141843766,0.00016706212772987783,,
1772707353.422137,2026-03-05T10:42:33.422137,spoof_drift,02,normal,0.0,47.3979705,8.5461643,47.3979705,8.5461643,0.1290000081062317,0.03200000151991844,0.006568770855665207,-0.00235488242469728,-9.67847728729248,-0.0009812864009290934,-0.000573759141843766,0.00016706212772987783,,
1772707353.5276928,2026-03-05T10:42:33.527693,spoof_drift,02,normal,0.0,47.3979705,8.5461643,47.3979705,8.5461643,0.1290000081062317,0.03200000151991844,0.006568770855665207,-0.00235488242469728,-9.67847728729248,-0.0009812864009290934,-0.000573759141843766,0.00016706212772987783,,
1772707353.6299245,2026-03-05T10:42:33.629925,spoof_drift,02,normal,0.0,47.3979705,8.5461643,47.3979705,8.5461643,0.1290000081062317,0.03200000151991844,-0.0025348977651447058,-0.0014171006623655558,-9.691466331481934,0.0012271178420633078,-6.870633660582826e-05,-0.0007610670290887356,,
1772707353.732041,2026-03-05T10:42:33.732041,spoof_drift,02,normal,0.0,47.3979705,8.5461643,47.3979705,8.5461643,0.1290000081062317,0.03200000151991844,-0.0025348977651447058,-0.0014171006623655558,-9.691466331481934,0.0012271178420633078,-6.870633660582826e-05,-0.0007610670290887356,,
1772707353.835183,2026-03-05T10:42:33.835183,spoof_drift,02,normal,0.0,47.3979705,8.5461643,47.3979705,8.5461643,0.1290000081062317,0.03200000151991844,-0.0025348977651447058,-0.0014171006623655558,-9.691466331481934,0.0012271178420633078,-6.870633660582826e-05,-0.0007610670290887356,,
1772707353.9380398,2026-03-05T10:42:33.938040,spoof_drift,02,normal,0.0,47.3979705,8.5461643,47.3979705,8.5461643,0.1290000081062317,0.03200000151991844,-0.002956896089017391,-0.002697199350222945,-9.685887336730957,0.00019926682580262423,-0.0001481738145230338,2.1232008293736726e-05,,
1772707354.0416858,2026-03-05T10:42:34.041686,spoof_drift,02,normal,0.0,47.3979705,8.5461643,47.3979705,8.5461643,0.1290000081062317,0.03200000151991844,-0.002956896089017391,-0.002697199350222945,-9.685887336730957,0.00019926682580262423,-0.0001481738145230338,2.1232008293736726e-05,,
1772707354.146808,2026-03-05T10:42:34.146808,spoof_drift,02,normal,0.0,47.3979705,8.5461643,47.3979705,8.5461643,0.1290000081062317,0.03200000151991844,-0.002956896089017391,-0.002697199350222945,-9.685887336730957,0.00019926682580262423,-0.0001481738145230338,2.1232008293736726e-05,,
1772707354.260759,2026-03-05T10:42:34.260759,spoof_drift,02,normal,0.0,47.3979705,8.5461643,47.3979705,8.5461643,0.1290000081062317,0.03200000151991844,-0.002956896089017391,-0.002697199350222945,-9.685887336730957,0.00019926682580262423,-0.0001481738145230338,2.1232008293736726e-05,,
1772707354.3631256,2026-03-05T10:42:34.363126,spoof_drift,02,normal,0.0,47.3979705,8.5461643,47.3979705,8.5461643,0.1290000081062317,0.03200000151991844,-0.003429496893659234,0.0011144072050228715,-9.689202308654785,-0.0002069837792078033,0.00014498108066618443,0.0004273049416951835,,
1772707354.466085,2026-03-05T10:42:34.466085,spoof_drift,02,normal,0.0,47.3979705,8.5461643,47.3979705,8.5461643,0.1290000081062317,0.03200000151991844,-0.003429496893659234,0.0011144072050228715,-9.689202308654785,-0.0002069837792078033,0.00014498108066618443,0.0004273049416951835,,
1772707354.5673165,2026-03-05T10:42:34.567317,spoof_drift,02,normal,0.0,47.3979705,8.5461643,47.3979705,8.5461643,0.1300000101327896,0.032999999821186066,-0.0065004099160432816,-0.00407885666936636,-9.687521934509277,-0.00012471499212551862,-0.0006850267527624965,-0.00027740118093788624,,
1772707354.66986,2026-03-05T10:42:34.669860,spoof_drift,02,normal,0.0,47.3979705,8.5461643,47.3979705,8.5461643,0.1300000101327896,0.032999999821186066,-0.0065004099160432816,-0.00407885666936636,-9.687521934509277,-0.00012471499212551862,-0.0006850267527624965,-0.00027740118093788624,,
1772707354.7731197,2026-03-05T10:42:34.773120,spoof_drift,02,normal,0.0,47.3979705,8.5461643,47.3979705,8.5461643,0.1300000101327896,0.032999999821186066,-0.0065004099160432816,-0.00407885666936636,-9.687521934509277,-0.00012471499212551862,-0.0006850267527624965,-0.00027740118093788624,,
1772707354.8747547,2026-03-05T10:42:34.874755,spoof_drift,02,normal,0.0,47.3979705,8.5461643,47.3979705,8.5461643,0.1300000101327896,0.032999999821186066,0.007575294002890587,0.0074273766949772835,-9.682780265808105,-0.00032718447619117796,-0.0008683983469381928,-0.0007345014601014555,,
1772707354.9772727,2026-03-05T10:42:34.977273,spoof_drift,02,normal,0.0,47.3979705,8.5461643,47.3979705,8.5461643,0.1300000101327896,0.032999999821186066,0.001361918868497014,0.003258521668612957,-9.683642387390137,0.0008315758896060288,-0.00011599611752899364,0.0006633109296672046,,
1772707355.079894,2026-03-05T10:42:35.079894,spoof_drift,02,normal,0.0,47.3979705,8.5461643,47.3979705,8.5461643,0.1300000101327896,0.032999999821186066,0.001361918868497014,0.003258521668612957,-9.683642387390137,0.0008315758896060288,-0.00011599611752899364,0.0006633109296672046,,
1772707355.182291,2026-03-05T10:42:35.182291,spoof_drift,02,normal,0.0,47.3979705,8.5461643,47.3979705,8.5461643,0.1300000101327896,0.032999999821186066,-0.0032774056307971478,0.0056230309419333935,-9.681448936462402,0.0003998746396973729,0.0005241067847236991,-3.7372308725025505e-05,,
1772707355.2839289,2026-03-05T10:42:35.283929,spoof_drift,02,normal,0.0,47.3979705,8.5461643,47.3979705,8.5461643,0.1300000101327896,0.032999999821186066,-0.0032774056307971478,0.0056230309419333935,-9.681448936462402,0.0003998746396973729,0.0005241067847236991,-3.7372308725025505e-05,,
1772707355.3885567,2026-03-05T10:42:35.388557,spoof_drift,02,normal,0.0,47.3979705,8.5461643,47.3979705,8.5461643,0.13100001215934753,0.03400000184774399,0.0099488515406847,-0.0025889927055686712,-9.679890632629395,0.0012868341291323304,-0.0004968238063156605,-0.00031145988032221794,,
1772707355.5050278,2026-03-05T10:42:35.505028,spoof_drift,02,normal,0.0,47.3979705,8.5461643,47.3979705,8.5461643,0.13100001215934753,0.03400000184774399,0.001424561021849513,0.002189662540331483,-9.683157920837402,-4.6547476813429967e-05,-0.00017967763415072113,0.0011865039123222232,,
1772707355.6232624,2026-03-05T10:42:35.623262,spoof_drift,02,normal,0.0,47.3979705,8.5461643,47.3979705,8.5461643,0.13100001215934753,0.03400000184774399,0.001424561021849513,0.002189662540331483,-9.683157920837402,-4.6547476813429967e-05,-0.00017967763415072113,0.0011865039123222232,,
1772707355.729362,2026-03-05T10:42:35.729362,spoof_drift,02,normal,0.0,47.3979705,8.5461643,47.3979705,8.5461643,0.13199999928474426,0.03500000014901161,-0.009521480649709702,0.007662853691726923,-9.67505168914795,-0.0010313036618754268,-0.0001962897222256288,0.00016172936011571437,,
1772707355.838273,2026-03-05T10:42:35.838273,spoof_drift,02,attack,0.094,47.3979705,8.5461643,47.39797139329424,8.54616561968023,0.13199999928474426,0.03500000014901161,-0.009521480649709702,0.007662853691726923,-9.67505168914795,-0.0010313036618754268,-0.0001962897222256288,0.00016172936011571437,,
1772707355.9465146,2026-03-05T10:42:35.946515,spoof_drift,02,attack,0.202,47.3979705,8.5461643,47.397972426562866,8.546167146147212,0.13300000131130219,0.03500000014901161,-0.0033464778680354357,0.01066862978041172,-9.678751945495605,8.990836795419455e-05,-0.000697404844686389,-5.732411227654666e-05,,
1772707356.0492187,2026-03-05T10:42:36.049219,spoof_drift,02,attack,0.305,47.3979705,8.5461643,47.397973406970685,8.546168594521953,0.13300000131130219,0.036000002175569534,-0.00609406316652894,-0.0008504351717419922,-9.680073738098145,0.0004375977150630206,3.7100151530466974e-05,-0.0009935793932527304,,
1772707356.1508772,2026-03-05T10:42:36.150877,spoof_drift,02,attack,0.406,47.3979705,8.5461643,47.39797437739854,8.54617002815311,0.1340000033378601,0.03700000047683716,-0.004481608048081398,-0.0025918849278241396,-9.681422233581543,-0.0001279885327676311,-0.00021767070575151592,-0.00012858587433584034,,
1772707356.2538962,2026-03-05T10:42:36.253896,spoof_drift,02,attack,0.509,47.3979705,8.5461643,47.39797536081287,8.546171480969418,0.1340000033378601,0.03700000047683716,-0.013385811820626259,0.0029556213412433863,-9.685408592224121,-0.0003125700750388205,0.0007571344031020999,0.0004187683807685971,,
1772707356.3555193,2026-03-05T10:42:36.355519,spoof_drift,02,attack,0.611,47.3979705,8.5461643,47.39797633090161,8.546172914099595,0.1340000033378601,0.03700000047683716,-0.013385811820626259,0.0029556213412433863,-9.685408592224121,-0.0003125700750388205,0.0007571344031020999,0.0004187683807685971,,
1772707356.4630601,2026-03-05T10:42:36.463060,spoof_drift,02,attack,0.718,47.3979705,8.5461643,47.39797735748127,8.546174430684847,0.13500000536441803,0.03800000250339508,0.008987268432974815,0.008807316422462463,-9.67734432220459,-0.00021086589549668133,0.00032980425748974085,0.00025090118288062513,,
1772707356.5672212,2026-03-05T10:42:36.567221,spoof_drift,02,attack,0.823,47.3979705,8.5461643,47.39797835179731,8.54617589960646,0.13500000536441803,0.03800000250339508,-0.0053496696054935455,0.0113826310262084,-9.669644355773926,0.0002297700848430395,-0.0003098230517935008,-0.00025620422093197703,,
1772707356.6702366,2026-03-05T10:42:36.670237,spoof_drift,02,attack,0.926,47.3979705,8.5461643,47.397979335177496,8.546177352372334,0.13500000536441803,0.03800000250339508,-0.003419896587729454,0.0009574569994583726,-9.673447608947754,0.00041350259562022984,-0.0003908223006874323,-0.00021967572683934122,,
1772707356.7713232,2026-03-05T10:42:36.771323,spoof_drift,02,attack,1.027,47.3979705,8.5461643,47.3979803001454,8.546178777937389,0.13500000536441803,0.03800000250339508,-0.003419896587729454,0.0009574569994583726,-9.673447608947754,0.00041350259562022984,-0.0003908223006874323,-0.00021967572683934122,,
1772707356.8753023,2026-03-05T10:42:36.875302,spoof_drift,02,attack,1.131,47.3979705,8.5461643,47.3979812927249,8.546180244293586,0.13600000739097595,0.03800000250339508,0.0014510366600006819,0.00190711859613657,-9.687469482421875,0.0005512623465619981,-0.0003191749274265021,9.463132300879806e-05,,
1772707356.9773865,2026-03-05T10:42:36.977386,spoof_drift,02,attack,1.233,47.3979705,8.5461643,47.3979822672153,8.546181683926406,0.13600000739097595,0.039000000804662704,0.0037495307624340057,0.004058010410517454,-9.688570976257324,0.00032141164410859346,0.0009564939537085593,-8.431843889411539e-05,,
1772707357.0822997,2026-03-05T10:42:37.082300,spoof_drift,02,attack,1.338,47.3979705,8.5461643,47.397983268711904,8.546183163456005,0.13600000739097595,0.039000000804662704,-0.005738455336540937,0.0006842181319370866,-9.68439769744873,0.00047579657984897494,0.0008003147668205202,-0.0005667235818691552,,
1772707357.2129488,2026-03-05T10:42:37.212949,spoof_drift,02,attack,1.468,47.3979705,8.5461643,47.397984515881724,8.546185005923219,0.13700000941753387,0.039000000804662704,-0.0002328719710931182,0.0033309354912489653,-9.67922306060791,-0.0006066701025702059,0.0002966489992104471,0.0013883691281080246,,
1772707357.3169117,2026-03-05T10:42:37.316912,spoof_drift,02,attack,1.572,47.3979705,8.5461643,47.39798550830647,8.546186472050781,0.13700000941753387,0.039000000804662704,-0.0002328719710931182,0.0033309354912489653,-9.67922306060791,-0.0006066701025702059,0.0002966489992104471,0.0013883691281080246,,
1772707357.4231668,2026-03-05T10:42:37.423167,spoof_drift,02,attack,1.678,47.3979706,8.5461643,47.397986622612024,8.546187970503318,0.13700000941753387,0.04000000283122063,-0.0010928632691502571,0.004096280317753553,-9.68367862701416,0.0002485216537024826,-0.0008464913116768003,0.0010242945281788707,,
1772707357.5312514,2026-03-05T10:42:37.531251,spoof_drift,02,attack,1.787,47.3979706,8.5461643,47.39798765438308,8.546189494757927,0.13700000941753387,0.04000000283122063,-0.0010928632691502571,0.004096280317753553,-9.68367862701416,0.0002485216537024826,-0.0008464913116768003,0.0010242945281788707,,
1772707357.6331778,2026-03-05T10:42:37.633178,spoof_drift,02,attack,1.888,47.3979706,8.5461643,47.39798862736681,8.546190932164922,0.13700000941753387,0.04000000283122063,-0.0010928632691502571,0.004096280317753553,-9.68367862701416,0.0002485216537024826,-0.0008464913116768003,0.0010242945281788707,,
1772707357.7360673,2026-03-05T10:42:37.736067,spoof_drift,02,attack,1.991,47.3979706,8.5461643,47.397989609545306,8.546192383155518,0.13700000941753387,0.04000000283122063,-0.0010928632691502571,0.004096280317753553,-9.68367862701416,0.0002485216537024826,-0.0008464913116768003,0.0010242945281788707,,
1772707357.8379612,2026-03-05T10:42:37.837961,spoof_drift,02,attack,2.093,47.3979706,8.5461643,47.39799058221951,8.546193820105243,0.1380000114440918,0.04000000283122063,-0.005841584410518408,-0.0005184864858165383,-9.680968284606934,-0.0005367446574382484,-0.0006824862211942673,-0.00034362004953436553,,
1772707357.9397182,2026-03-05T10:42:37.939718,spoof_drift,02,attack,2.195,47.3979706,8.5461643,47.397991553587325,8.546195255125022,0.1380000114440918,0.04000000283122063,-0.005841584410518408,-0.0005184864858165383,-9.680968284606934,-0.0005367446574382484,-0.0006824862211942673,-0.00034362004953436553,,
1772707358.047857,2026-03-05T10:42:38.047857,spoof_drift,02,attack,2.303,47.3979706,8.5461644,47.39799258587502,8.546196880142869,0.1380000114440918,0.04100000113248825,-0.0027544167824089527,-0.0011836355552077293,-9.687331199645996,0.00012033187522320077,-0.0012869511265307665,-0.0002826467389240861,,
1772707358.1530619,2026-03-05T10:42:38.153062,spoof_drift,02,attack,2.408,47.3979706,8.5461644,47.397993590155096,8.546198363784535,0.13900001347064972,0.04200000315904617,0.002458256669342518,0.0024283272214233875,-9.681620597839355,0.00021858280524611473,-1.7205429685418494e-06,0.0006511117680929601,,
1772707358.2686374,2026-03-05T10:42:38.268637,spoof_drift,02,attack,2.524,47.3979706,8.5461644,47.39799469343366,8.54619999367852,0.14100000262260437,0.04400000348687172,-0.0011566290631890297,0.009066049940884113,-9.68443775177002,0.0012819995172321796,9.82392011792399e-05,0.00039546441985294223,,
1772707358.3770158,2026-03-05T10:42:38.377016,spoof_drift,02,attack,2.632,47.3979706,8.5461644,47.39799572800867,8.546201522075455,0.1420000046491623,0.04500000178813934,-0.006733639165759087,-0.0023906691931188107,-9.686224937438965,-0.00035843809018842876,-0.0001572294713696465,-0.0005027877050451934,,
1772707358.4803598,2026-03-05T10:42:38.480360,spoof_drift,02,attack,2.736,47.3979706,8.5461644,47.397996714525085,8.546202979474549,0.1420000046491623,0.04500000178813934,-0.006733639165759087,-0.0023906691931188107,-9.686224937438965,-0.00035843809018842876,-0.0001572294713696465,-0.0005027877050451934,,
1772707358.5821927,2026-03-05T10:42:38.582193,spoof_drift,02,attack,2.837,47.3979706,8.5461644,47.39799768661665,8.546204415563531,0.1420000046491623,0.04500000178813934,-0.006733639165759087,-0.0023906691931188107,-9.686224937438965,-0.00035843809018842876,-0.0001572294713696465,-0.0005027877050451934,,
1772707358.6844034,2026-03-05T10:42:38.684403,spoof_drift,02,attack,2.94,47.3979706,8.5461644,47.397998662315565,8.546205856981723,0.14600001275539398,0.04800000041723251,-0.006059194449335337,0.0063880993984639645,-9.685161590576172,-0.0009166704840026796,-0.00025791683583520353,0.0008665700443089008,,
1772707358.7860432,2026-03-05T10:42:38.786043,spoof_drift,02,attack,3.041,47.3979706,8.5461644,47.397999632563625,8.546207290347263,0.14600001275539398,0.04800000041723251,-0.006059194449335337,0.0063880993984639645,-9.685161590576172,-0.0009166704840026796,-0.00025791683583520353,0.0008665700443089008,,
1772707358.8888998,2026-03-05T10:42:38.888900,spoof_drift,02,attack,3.144,47.3979706,8.5461644,47.39800061442804,8.546208740873864,0.1469999998807907,0.05000000074505806,-0.007129947189241648,0.004695108626037836,-9.691304206848145,4.4237902329768986e-05,-0.0009422296425327659,-0.00012946926290169358,,
1772707358.9898932,2026-03-05T10:42:38.989893,spoof_drift,02,attack,3.245,47.3979706,8.5461644,47.398001578506054,8.54621016512427,0.1469999998807907,0.05000000074505806,-0.007129947189241648,0.004695108626037836,-9.691304206848145,4.4237902329768986e-05,-0.0009422296425327659,-0.00012946926290169358,,
1772707359.1097302,2026-03-05T10:42:39.109730,spoof_drift,02,attack,3.365,47.3979706,8.5461644,47.39800272246463,8.546211855115594,0.1510000079870224,0.05400000140070915,0.0016705107409507036,-0.009067381732165813,-9.68028736114502,-0.00016813547699712217,0.00036238087341189384,0.0002998696581926197,,
1772707359.2157779,2026-03-05T10:42:39.215778,spoof_drift,02,attack,3.471,47.3979706,8.5461644,47.39800373479012,8.546213350642908,0.1510000079870224,0.05400000140070915,0.0016705107409507036,-0.009067381732165813,-9.68028736114502,-0.00016813547699712217,0.00036238087341189384,0.0002998696581926197,,
1772707359.320932,2026-03-05T10:42:39.320932,spoof_drift,02,attack,3.576,47.3979706,8.5461644,47.39800473858542,8.546214833568408,0.15300001204013824,0.0560000017285347,-0.0010554736945778131,0.003465485293418169,-9.679791450500488,-0.0004532370076049119,-0.00040104336221702397,3.8526766729773954e-05,,
1772707359.431121,2026-03-05T10:42:39.431121,spoof_drift,02,attack,3.686,47.3979706,8.5461644,47.39800579044613,8.546216387501834,0.15300001204013824,0.0560000017285347,-0.0010554736945778131,0.003465485293418169,-9.679791450500488,-0.0004532370076049119,-0.00040104336221702397,3.8526766729773954e-05,,
1772707359.5321736,2026-03-05T10:42:39.532174,spoof_drift,02,attack,3.787,47.3979706,8.5461644,47.398006755088566,8.546217812586086,0.15300001204013824,0.0560000017285347,0.0034558186307549477,-0.0019770662765949965,-9.678704261779785,-0.0006342711276374757,-0.00037092273123562336,-0.00020742991182487458,,
1772707359.6509614,2026-03-05T10:42:39.650961,spoof_drift,02,attack,3.906,47.3979706,8.5461644,47.39800788903077,8.546219487780029,0.15600000321865082,0.05900000408291817,0.0034558186307549477,-0.0019770662765949965,-9.678704261779785,-0.0006342711276374757,-0.00037092273123562336,-0.00020742991182487458,,
1772707359.7527733,2026-03-05T10:42:39.752773,spoof_drift,02,attack,4.008,47.3979706,8.5461644,47.398008860922054,8.54622092357313,0.15600000321865082,0.05900000408291817,0.0034558186307549477,-0.0019770662765949965,-9.678704261779785,-0.0006342711276374757,-0.00037092273123562336,-0.00020742991182487458,,
1772707359.8557954,2026-03-05T10:42:39.855795,spoof_drift,02,attack,4.111,47.3979706,8.5461644,47.398009844365966,8.546222376433152,0.15600000321865082,0.05900000408291817,0.0034558186307549477,-0.0019770662765949965,-9.678704261779785,-0.0006342711276374757,-0.00037092273123562336,-0.00020742991182487458,,
1772707359.9592438,2026-03-05T10:42:39.959244,spoof_drift,02,attack,4.215,47.3979706,8.5461644,47.39801083187925,8.546223835304923,0.16200000047683716,0.0650000050663948,-0.002157342154532671,0.004382657818496227,-9.677724838256836,0.00048643260379321873,-0.0002149596984963864,-1.5573230484733358e-05,,
1772707360.0630102,2026-03-05T10:42:40.063010,spoof_drift,02,attack,4.318,47.3979706,8.5461644,47.39801182242862,8.546225298661973,0.16200000047683716,0.0650000050663948,-0.002157342154532671,0.004382657818496227,-9.677724838256836,0.00048643260379321873,-0.0002149596984963864,-1.5573230484733358e-05,,
1772707360.1704345,2026-03-05T10:42:40.170434,spoof_drift,02,attack,4.426,47.3979706,8.5461644,47.398012847895345,8.546226813603074,0.16600000858306885,0.06800000369548798,0.0026667104102671146,-0.003631468629464507,-9.683283805847168,-0.0006015521357767284,-0.00023520400281995535,-0.0004062654043082148,,
1772707360.2745514,2026-03-05T10:42:40.274551,spoof_drift,02,attack,4.53,47.3979706,8.5461644,47.39801384179034,8.54622828190267,0.16700001060962677,0.07000000029802322,-0.007295595016330481,-0.0012764267157763243,-9.68344783782959,-0.0007999044028110802,-0.0004778736038133502,0.00012437057739589363,,
1772707360.3814797,2026-03-05T10:42:40.381480,spoof_drift,02,attack,4.637,47.3979706,8.5461644,47.39801486252313,8.546229789850235,0.16700001060962677,0.07000000029802322,-0.007830891758203506,-0.004014597274363041,-9.686614990234375,0.00022216947400011122,0.00024646203382872045,0.0006626143585890532,,
1772707360.483851,2026-03-05T10:42:40.483851,spoof_drift,02,attack,4.739,47.3979706,8.5461644,47.39801583975375,8.54623123353124,0.17400000989437103,0.07700000703334808,-0.007830891758203506,-0.004014597274363041,-9.686614990234375,0.00022216947400011122,0.00024646203382872045,0.0006626143585890532,,
1772707360.5859842,2026-03-05T10:42:40.585984,spoof_drift,02,attack,4.841,47.3979706,8.5461644,47.39801681471298,8.546232673856691,0.17400000989437103,0.07700000703334808,-0.007830891758203506,-0.004014597274363041,-9.686614990234375,0.00022216947400011122,0.00024646203382872045,0.0006626143585890532,,
1772707360.6879416,2026-03-05T10:42:40.687942,spoof_drift,02,attack,4.943,47.3979706,8.5461644,47.398017787992586,8.546234111700784,0.17400000989437103,0.07700000703334808,-0.005365549586713314,-7.270229980349541e-05,-9.682570457458496,5.01013855682686e-05,-0.001461328356526792,-0.00011778774205595255,,
1772707360.7902465,2026-03-05T10:42:40.790246,spoof_drift,02,attack,5.046,47.3979706,8.5461644,47.398018764590496,8.546235554447074,0.18000000715255737,0.08300000429153442,-0.005365549586713314,-7.270229980349541e-05,-9.682570457458496,5.01013855682686e-05,-0.001461328356526792,-0.00011778774205595255,,
1772707360.8932388,2026-03-05T10:42:40.893239,spoof_drift,02,attack,5.149,47.3979706,8.5461644,47.39801974774992,8.54623700688681,0.18000000715255737,0.08300000429153442,-0.005365549586713314,-7.270229980349541e-05,-9.682570457458496,5.01013855682686e-05,-0.001461328356526792,-0.00011778774205595255,,
1772707360.9992018,2026-03-05T10:42:40.999202,spoof_drift,02,attack,5.255,47.3979706,8.5461644,47.39802075926745,8.546238501220516,0.18000000715255737,0.08300000429153442,0.0010141567327082157,0.00022552876907866448,-9.688803672790527,0.00015529489610344172,0.0007267696782946587,2.454268906149082e-05,,
1772707361.1026635,2026-03-05T10:42:41.102664,spoof_drift,02,attack,5.358,47.3979706,8.5461644,47.398021746908185,8.546239960280577,0.18000000715255737,0.08300000429153442,0.0010141567327082157,0.00022552876907866448,-9.688803672790527,0.00015529489610344172,0.0007267696782946587,2.454268906149082e-05,,
1772707361.2060795,2026-03-05T10:42:41.206079,spoof_drift,02,attack,5.461,47.3979706,8.5461644,47.39802273411194,8.546241418695079,0.18400001525878906,0.08700000494718552,0.0010141567327082157,0.00022552876907866448,-9.688803672790527,0.00015529489610344172,0.0007267696782946587,2.454268906149082e-05,,
1772707361.3195019,2026-03-05T10:42:41.319502,spoof_drift,02,attack,5.575,47.3979706,8.5461644,47.39802381683656,8.546243018224342,0.18400001525878906,0.08700000494718552,-0.004636968951672316,0.006197763606905937,-9.676789283752441,-0.0003833090013358742,-0.0006963085033930838,-0.00022132383310236037,,
1772707361.423328,2026-03-05T10:42:41.423328,spoof_drift,02,attack,5.679,47.3979706,8.5461645,47.39802480795492,8.54624458242196,0.18800000846385956,0.0010000000474974513,-0.0025394156109541655,0.0037738995160907507,-9.685816764831543,-0.00031283803400583565,-0.0008307331008836627,0.0001561840035719797,,
1772707361.5259862,2026-03-05T10:42:41.525986,spoof_drift,02,attack,5.781,47.3979706,8.5461645,47.39802578792576,8.546246030151146,0.18800000846385956,0.0010000000474974513,-0.0025394156109541655,0.0037738995160907507,-9.685816764831543,-0.00031283803400583565,-0.0008307331008836627,0.0001561840035719797,,
1772707361.629037,2026-03-05T10:42:41.629037,spoof_drift,02,attack,5.884,47.3979706,8.5461645,47.39802677164279,8.54624748341464,0.19300000369548798,0.007000000216066837,-0.0025394156109541655,0.0037738995160907507,-9.685816764831543,-0.00031283803400583565,-0.0008307331008836627,0.0001561840035719797,,
1772707361.748066,2026-03-05T10:42:41.748066,spoof_drift,02,attack,6.003,47.3979706,8.5461645,47.398027907888235,8.546249162011206,0.19300000369548798,0.007000000216066837,-0.0025394156109541655,0.0037738995160907507,-9.685816764831543,-0.00031283803400583565,-0.0008307331008836627,0.0001561840035719797,,
1772707361.851647,2026-03-05T10:42:41.851647,spoof_drift,02,attack,6.107,47.3979706,8.5461645,47.39802889666693,8.546250622752403,0.19300000369548798,0.007000000216066837,-0.004385435488075018,0.00012309843441471457,-9.677910804748535,0.0008067788439802825,1.3675603440788109e-05,0.0001347778015770018,,
1772707361.9539108,2026-03-05T10:42:41.953911,spoof_drift,02,attack,6.209,47.3979706,8.5461645,47.39802987287338,8.546252064920383,0.1990000158548355,0.012000000104308128,-0.004385435488075018,0.00012309843441471457,-9.677910804748535,0.0008067788439802825,1.3675603440788109e-05,0.0001347778015770018,,
1772707362.0565145,2026-03-05T10:42:42.056515,spoof_drift,02,attack,6.312,47.3979706,8.5461645,47.39803085232303,8.546253511879607,0.1990000158548355,0.012000000104308128,-0.003016567789018154,0.0012091279495507479,-9.68718147277832,0.00015715224435552955,0.0006552279810421169,0.0001578803639858961,,
1772707362.162076,2026-03-05T10:42:42.162076,spoof_drift,02,attack,6.417,47.3979706,8.5461645,47.398031860007904,8.54625500055124,0.203000009059906,0.01600000075995922,0.0041211755014956,-0.0024540582671761513,-9.680264472961426,0.0010471584973856807,2.644641062943265e-05,0.0005726745584979653,100.0,16.200000762939453
1772707362.2628944,2026-03-05T10:42:42.262894,spoof_drift,02,attack,6.518,47.3979706,8.5461645,47.398032822415374,8.546256422333736,0.203000009059906,0.01600000075995922,0.0041211755014956,-0.0024540582671761513,-9.680264472961426,0.0010471584973856807,2.644641062943265e-05,0.0005726745584979653,100.0,16.200000762939453
1772707362.3670626,2026-03-05T10:42:42.367063,spoof_drift,02,attack,6.622,47.3979706,8.5461645,47.398033816799696,8.54625789135622,0.20600001513957977,0.020000001415610313,1.0679592378437519e-05,0.0051581463776528835,-9.678566932678223,-0.0006057099672034383,-4.030053241876885e-05,0.0001198073587147519,100.0,16.200000762939453
1772707362.4746027,2026-03-05T10:42:42.474603,spoof_drift,02,attack,6.73,47.3979706,8.5461645,47.39803484337252,8.546259407931387,0.20600001513957977,0.020000001415610313,1.0679592378437519e-05,0.0051581463776528835,-9.678566932678223,-0.0006057099672034383,-4.030053241876885e-05,0.0001198073587147519,100.0,16.200000762939453
1772707362.578856,2026-03-05T10:42:42.578856,spoof_drift,02,attack,6.834,47.397970699999995,8.5461645,47.39803593856934,8.546260878154389,0.2120000123977661,0.026000000536441803,1.0679592378437519e-05,0.0051581463776528835,-9.678566932678223,-0.0006057099672034383,-4.030053241876885e-05,0.0001198073587147519,100.0,16.200000762939453
1772707362.6975448,2026-03-05T10:42:42.697545,spoof_drift,02,attack,6.953,47.397970699999995,8.5461645,47.39803707156703,8.54626255195299,0.2120000123977661,0.026000000536441803,-0.0010212536435574293,-0.0011299068573862314,-9.686182975769043,-5.757710096077062e-05,0.001105491304770112,-0.001540601602755487,100.0,16.200000762939453
1772707362.8003387,2026-03-05T10:42:42.800339,spoof_drift,02,attack,7.056,47.397970699999995,8.5461645,47.39803805283288,8.546264001595315,0.21400001645088196,0.02800000086426735,-0.0010212536435574293,-0.0011299068573862314,-9.686182975769043,-5.757710096077062e-05,0.001105491304770112,-0.001540601602755487,100.0,16.200000762939453
1772707362.9040196,2026-03-05T10:42:42.904020,spoof_drift,02,attack,7.159,47.397970699999995,8.5461645,47.398039042565195,8.546265463745309,0.21400001645088196,0.02800000086426735,-0.008856456726789474,0.0031810621730983257,-9.678470611572266,-0.00014271675900090486,8.239346243499313e-06,0.00010432026465423405,100.0,16.200000762939453
1772707363.0348837,2026-03-05T10:42:43.034884,spoof_drift,02,attack,7.29,47.397970699999995,8.5461645,47.39804029178791,8.546267309245305,0.2200000137090683,0.03400000184774399,-0.008856456726789474,0.0031810621730983257,-9.678470611572266,-0.00014271675900090486,8.239346243499313e-06,0.00010432026465423405,100.0,16.200000762939453
1772707363.157116,2026-03-05T10:42:43.157116,spoof_drift,02,attack,7.412,47.397970699999995,8.5461645,47.39804145861049,8.546269033014065,0.2200000137090683,0.03400000184774399,-0.010114742442965508,0.0012987341033294797,-9.676192283630371,0.0002598288410808891,0.00029067054856568575,0.00022012271801941097,100.0,16.200000762939453
1772707363.2741737,2026-03-05T10:42:43.274174,spoof_drift,02,attack,7.529,47.397970699999995,8.5461645,47.398042576038534,8.54627068381133,0.2200000137090683,0.03400000184774399,-0.010114742442965508,0.0012987341033294797,-9.676192283630371,0.0002598288410808891,0.00029067054856568575,0.00022012271801941097,100.0,16.200000762939453
1772707363.3789783,2026-03-05T10:42:43.378978,spoof_drift,02,attack,7.634,47.397970699999995,8.5461645,47.398043576497315,8.546272161807735,0.22700001299381256,0.04100000113248825,-0.0022672442719340324,-0.0007584000122733414,-9.68100643157959,0.0009964440250769258,-0.00029525766149163246,0.0006138138705864549,100.0,16.200000762939453
1772707363.4847326,2026-03-05T10:42:43.484733,spoof_drift,02,attack,7.74,47.397970699999995,8.5461645,47.39804458602341,8.546273653199451,0.22700001299381256,0.04100000113248825,-0.0022672442719340324,-0.0007584000122733414,-9.68100643157959,0.0009964440250769258,-0.00029525766149163246,0.0006138138705864549,100.0,16.200000762939453
1772707363.5903935,2026-03-05T10:42:43.590394,spoof_drift,02,attack,7.846,47.397970699999995,8.5461645,47.39804559465734,8.546275143273155,0.22700001299381256,0.04100000113248825,-0.004829654470086098,-0.004601811524480581,-9.685830116271973,-0.0006364408764056861,-0.00017786360695026815,0.0005239896709099412,100.0,16.200000762939453
1772707363.6959887,2026-03-05T10:42:43.695989,spoof_drift,02,attack,7.951,47.397970699999995,8.5461645,47.398046602663115,8.54627663241887,0.23400001227855682,0.04700000211596489,-0.004829654470086098,-0.004601811524480581,-9.685830116271973,-0.0006364408764056861,-0.00017786360695026815,0.0005239896709099412,100.0,16.200000762939453
1772707363.7982383,2026-03-05T10:42:43.798238,spoof_drift,02,attack,8.054,47.397970699999995,8.5461645,47.398047578733006,8.546278074385118,0.23400001227855682,0.04700000211596489,-0.004829654470086098,-0.004601811524480581,-9.685830116271973,-0.0006364408764056861,-0.00017786360695026815,0.0005239896709099412,100.0,16.200000762939453
1772707363.9011142,2026-03-05T10:42:43.901114,spoof_drift,02,attack,8.156,47.397970699999995,8.5461645,47.398048560781774,8.546279525184065,0.23400001227855682,0.04700000211596489,0.0011107272002846003,0.006194439250975847,-9.687886238098145,0.0004392842820379883,-5.5600223276996985e-05,0.00015276821795850992,100.0,16.200000762939453
1772707364.0594165,2026-03-05T10:42:44.059417,spoof_drift,02,attack,8.315,47.397970699999995,8.5461645,47.398050071927855,8.546281757628336,0.23400001227855682,0.04700000211596489,0.0011107272002846003,0.006194439250975847,-9.687886238098145,0.0004392842820379883,-5.5600223276996985e-05,0.00015276821795850992,100.0,16.200000762939453
1772707364.1674197,2026-03-05T10:42:44.167420,spoof_drift,02,attack,8.423,47.397970699999995,8.5461645,47.39805110292055,8.546283280733046,0.23400001227855682,0.04700000211596489,0.0011107272002846003,0.006194439250975847,-9.687886238098145,0.0004392842820379883,-5.5600223276996985e-05,0.00015276821795850992,100.0,16.200000762939453
1772707364.2699683,2026-03-05T10:42:44.269968,spoof_drift,02,attack,8.525,47.397970699999995,8.5461645,47.39805208184446,8.546284726915589,0.23900000751018524,0.05300000309944153,0.0029419842176139355,0.003871736116707325,-9.6825590133667,-0.0006339639658108354,7.730138895567507e-05,0.0013987781712785363,100.0,16.200000762939453
1772707364.3732848,2026-03-05T10:42:44.373285,spoof_drift,02,attack,8.629,47.397970699999995,8.5461645,47.398053068099145,8.546286183928023,0.24300001561641693,0.0560000017285347,-0.0018922139424830675,0.0024408663157373667,-9.682286262512207,0.00016814768605399877,4.7986079152906314e-05,0.001014474779367447,100.0,16.200000762939453
1772707364.4773707,2026-03-05T10:42:44.477371,spoof_drift,02,attack,8.733,47.397970699999995,8.5461645,47.398054061698275,8.546287651790527,0.24800001084804535,0.06200000271201134,-0.007622381206601858,-0.004304210189729929,-9.68232250213623,-0.0005300795310176909,-0.0002810771984513849,-0.0006013253587298095,100.0,16.200000762939453
1772707364.577966,2026-03-05T10:42:44.577966,spoof_drift,02,attack,8.833,47.397970699999995,8.5461645,47.39805502197547,8.546289070425933,0.24800001084804535,0.06200000271201134,-0.007622381206601858,-0.004304210189729929,-9.68232250213623,-0.0005300795310176909,-0.0002810771984513849,-0.0006013253587298095,100.0,16.200000762939453
1772707364.682224,2026-03-05T10:42:44.682224,spoof_drift,02,attack,8.938,47.397970699999995,8.5461645,47.39805601721782,8.546290540716,0.24800001084804535,0.06200000271201134,-0.007622381206601858,-0.004304210189729929,-9.68232250213623,-0.0005300795310176909,-0.0002810771984513849,-0.0006013253587298095,100.0,16.200000762939453
1772707364.7881868,2026-03-05T10:42:44.788187,spoof_drift,02,attack,9.043,47.397970699999995,8.5461645,47.39805702873308,8.546292035046347,0.25200000405311584,0.06599999964237213,0.0014267177321016788,-0.004929724615067244,-9.683424949645996,-0.0003308784798718989,0.00044633500510826707,0.0006659686914645135,100.0,16.200000762939453
1772707364.8920858,2026-03-05T10:42:44.892086,spoof_drift,02,attack,9.147,47.397970699999995,8.5461645,47.39805802054787,8.546293500272824,0.25200000405311584,0.06599999964237213,0.0014267177321016788,-0.004929724615067244,-9.683424949645996,-0.0003308784798718989,0.00044633500510826707,0.0006659686914645135,100.0,16.200000762939453
1772707364.994073,2026-03-05T10:42:44.994073,spoof_drift,02,attack,9.249,47.397970699999995,8.5461645,47.39805899411196,8.546294938537203,0.25200000405311584,0.06599999964237213,0.0014267177321016788,-0.004929724615067244,-9.683424949645996,-0.0003308784798718989,0.00044633500510826707,0.0006659686914645135,100.0,16.200000762939453
1772707365.1040719,2026-03-05T10:42:45.104072,spoof_drift,02,attack,9.359,47.397970699999995,8.5461645,47.39806004415648,8.546296489787537,0.2550000250339508,0.0690000057220459,0.0014267177321016788,-0.004929724615067244,-9.683424949645996,-0.0003308784798718989,0.00044633500510826707,0.0006659686914645135,100.0,16.200000762939453
1772707365.2127967,2026-03-05T10:42:45.212797,spoof_drift,02,attack,9.468,47.397970699999995,8.5461645,47.39806108203841,8.54629802306986,0.2550000250339508,0.0690000057220459,0.0014267177321016788,-0.004929724615067244,-9.683424949645996,-0.0003308784798718989,0.00044633500510826707,0.0006659686914645135,100.0,16.200000762939453
1772707365.3144648,2026-03-05T10:42:45.314465,spoof_drift,02,attack,9.57,47.397970699999995,8.5461645,47.39806205255731,8.546299456835513,0.2550000250339508,0.0690000057220459,0.0014267177321016788,-0.004929724615067244,-9.683424949645996,-0.0003308784798718989,0.00044633500510826707,0.0006659686914645135,100.0,16.200000762939453
1772707365.4191153,2026-03-05T10:42:45.419115,spoof_drift,02,attack,9.674,47.397970699999995,8.5461646,47.39806305154584,8.546301032659887,0.2639999985694885,0.07800000160932541,-0.0015338051598519087,0.00800718367099762,-9.678818702697754,0.001052415231242776,0.0007611465407535434,-0.0003512206021696329,100.0,16.200000762939453
1772707365.5223227,2026-03-05T10:42:45.522323,spoof_drift,02,attack,9.778,47.397970699999995,8.5461646,47.39806403675815,8.5463024881324,0.2639999985694885,0.07800000160932541,0.006391623523086309,0.005519709084182978,-9.680948257446289,0.0007755103288218379,-3.248816938139498e-05,0.00020754114666488022,100.0,16.200000762939453
1772707365.631558,2026-03-05T10:42:45.631558,spoof_drift,02,attack,9.887,47.397970699999995,8.5461646,47.398065079512854,8.54630402861336,0.26900002360343933,0.08300000429153442,0.006391623523086309,0.005519709084182978,-9.680948257446289,0.0007755103288218379,-3.248816938139498e-05,0.00020754114666488022,100.0,16.200000762939453
1772707365.7343197,2026-03-05T10:42:45.734320,spoof_drift,02,attack,9.99,47.397970699999995,8.5461646,47.39806606047145,8.546305477801775,0.26900002360343933,0.08300000429153442,0.006391623523086309,0.005519709084182978,-9.680948257446289,0.0007755103288218379,-3.248816938139498e-05,0.00020754114666488022,100.0,16.200000762939453
1772707365.8359792,2026-03-05T10:42:45.835979,spoof_drift,02,attack,10.091,47.397970699999995,8.5461646,47.398067030908415,8.546306911446386,0.26900002360343933,0.08300000429153442,0.006391623523086309,0.005519709084182978,-9.680948257446289,0.0007755103288218379,-3.248816938139498e-05,0.00020754114666488022,100.0,16.200000762939453
1772707365.9393523,2026-03-05T10:42:45.939352,spoof_drift,02,attack,10.195,47.397970699999995,8.5461646,47.3980680177025,8.546308369255682,0.26900002360343933,0.08300000429153442,0.0003023287281394005,-0.0125846266746521,-9.676360130310059,0.0005242565530352294,0.0007253583171404898,0.0014009122969582677,100.0,16.200000762939453
1772707366.0463405,2026-03-05T10:42:46.046340,spoof_drift,02,attack,10.302,47.397970699999995,8.5461646,47.39806903900654,8.54630987804718,0.2720000147819519,0.0860000029206276,0.0003023287281394005,-0.0125846266746521,-9.676360130310059,0.0005242565530352294,0.0007253583171404898,0.0014009122969582677,100.0,16.200000762939453
1772707366.1501164,2026-03-05T10:42:46.150116,spoof_drift,02,attack,10.405,47.397970699999995,8.5461646,47.39807002964696,8.546311341538724,0.2720000147819519,0.0860000029206276,-0.0074708289466798306,0.003634611377492547,-9.688714981079102,-0.0011131451465189457,0.0004684265295509249,-0.0009125479264184833,100.0,16.200000762939453
1772707366.2791755,2026-03-05T10:42:46.279176,spoof_drift,02,attack,10.534,47.397970699999995,8.5461646,47.398071261638584,8.54631316158292,0.2770000100135803,0.09100000560283661,-0.0074708289466798306,0.003634611377492547,-9.688714981079102,-0.0011131451465189457,0.0004684265295509249,-0.0009125479264184833,100.0,16.200000762939453
1772707366.3823,2026-03-05T10:42:46.382300,spoof_drift,02,attack,10.638,47.397970699999995,8.5461646,47.398072246058874,8.546314615885361,0.2770000100135803,0.09100000560283661,-0.005959235597401857,-0.004590616561472416,-9.683947563171387,0.00026865742984227836,-0.0008331043645739555,0.0003820636193268001,100.0,16.200000762939453
1772707366.4850285,2026-03-05T10:42:46.485029,spoof_drift,02,attack,10.74,47.397970699999995,8.5461646,47.39807322670112,8.546316064606422,0.2800000011920929,0.09400000423192978,-0.005959235597401857,-0.004590616561472416,-9.683947563171387,0.00026865742984227836,-0.0008331043645739555,0.0003820636193268001,100.0,16.200000762939453
1772707366.5891643,2026-03-05T10:42:46.589164,spoof_drift,02,attack,10.844,47.397970699999995,8.5461646,47.39807422077591,8.54631753317164,0.2800000011920929,0.09400000423192978,0.0014632389647886157,-0.0076415096409618855,-9.681512832641602,0.0003669933066703379,0.00042276785825379193,-0.0005580677534453571,100.0,16.200000762939453
1772707366.6903396,2026-03-05T10:42:46.690340,spoof_drift,02,attack,10.946,47.397970699999995,8.5461646,47.398075186590454,8.546318959987467,0.2800000011920929,0.09400000423192978,0.0014632389647886157,-0.0076415096409618855,-9.681512832641602,0.0003669933066703379,0.00042276785825379193,-0.0005580677534453571,100.0,16.200000762939453
1772707366.8118658,2026-03-05T10:42:46.811866,spoof_drift,02,attack,11.067,47.397970699999995,8.5461646,47.39807634667401,8.546320673800524,0.2840000092983246,0.09800000488758087,0.0014632389647886157,-0.0076415096409618855,-9.681512832641602,0.0003669933066703379,0.00042276785825379193,-0.0005580677534453571,100.0,16.200000762939453
1772707366.915214,2026-03-05T10:42:46.915214,spoof_drift,02,attack,11.171,47.397970699999995,8.5461646,47.3980773332314,8.546322131260142,0.2840000092983246,0.09800000488758087,-0.0018384377472102642,0.006981772370636463,-9.667864799499512,-0.00108626508153975,0.00042549188947305083,-0.00019511803111527115,100.0,16.200000762939453
1772707367.0177045,2026-03-05T10:42:47.017704,spoof_drift,02,attack,11.273,47.397970699999995,8.5461646,47.39807831159999,8.546323576622289,0.2840000092983246,0.09800000488758087,-0.0018384377472102642,0.006981772370636463,-9.667864799499512,-0.00108626508153975,0.00042549188947305083,-0.00019511803111527115,100.0,16.200000762939453
1772707367.1188731,2026-03-05T10:42:47.118873,spoof_drift,02,attack,11.374,47.397970699999995,8.5461646,47.3980792773508,8.546325003343972,0.28700000047683716,0.10100000351667404,-0.0018384377472102642,0.006981772370636463,-9.667864799499512,-0.00108626508153975,0.00042549188947305083,-0.00019511803111527115,100.0,16.200000762939453
1772707367.221058,2026-03-05T10:42:47.221058,spoof_drift,02,attack,11.476,47.397970699999995,8.5461646,47.39808025280164,8.546326444395678,0.28700000047683716,0.10100000351667404,-0.0003035968402400613,0.004923425614833832,-9.68264102935791,0.000701896206010133,-9.642104123486206e-05,0.0004986830754205585,100.0,16.200000762939453
1772707367.322406,2026-03-05T10:42:47.322406,spoof_drift,02,attack,11.578,47.397970699999995,8.5461646,47.39808122026624,8.546327873649156,0.28700000047683716,0.10100000351667404,-0.0003035968402400613,0.004923425614833832,-9.68264102935791,0.000701896206010133,-9.642104123486206e-05,0.0004986830754205585,100.0,16.200000762939453
1772707367.4272864,2026-03-05T10:42:47.427286,spoof_drift,02,attack,11.683,47.397970699999995,8.5461646,47.39808222144877,8.546329352714766,0.29100000858306885,0.10500000417232513,-0.0003035968402400613,0.004923425614833832,-9.68264102935791,0.000701896206010133,-9.642104123486206e-05,0.0004986830754205585,100.0,16.200000762939453
1772707367.5299442,2026-03-05T10:42:47.529944,spoof_drift,02,attack,11.785,47.397970699999995,8.5461646,47.398083201415055,8.546330800437229,0.2939999997615814,0.1080000028014183,0.0016194129129871726,-0.0008770970162004232,-9.692727088928223,-0.0006713304901495576,0.00047778766020201147,0.0002483525895513594,100.0,16.200000762939453
1772707367.6419346,2026-03-05T10:42:47.641935,spoof_drift,02,attack,11.897,47.397970699999995,8.5461646,47.398084270470434,8.546332379772661,0.2939999997615814,0.1080000028014183,-0.0053957244381308556,-0.0006309598684310913,-9.680278778076172,-5.677132139680907e-05,-0.0011630940716713667,0.0001813480630517006,100.0,16.200000762939453
1772707367.7447982,2026-03-05T10:42:47.744798,spoof_drift,02,attack,12.0,47.397970699999995,8.5461646,47.398085252400854,8.546333830396769,0.2939999997615814,0.1080000028014183,-0.0053957244381308556,-0.0006309598684310913,-9.680278778076172,-5.677132139680907e-05,-0.0011630940716713667,0.0001813480630517006,100.0,16.200000762939453
1772707367.8479345,2026-03-05T10:42:47.847934,spoof_drift,02,attack,12.103,47.397970699999995,8.5461646,47.39808623693494,8.546335284867324,0.2980000078678131,0.11100000888109207,0.005150472279638052,0.0005339225754141808,-9.683950424194336,0.0007705531315878034,-0.0007108115241862833,0.000857807754073292,100.0,16.200000762939453
1772707367.9556584,2026-03-05T10:42:47.955658,spoof_drift,02,attack,12.211,47.397970699999995,8.5461646,47.39808726526251,8.54633680403481,0.2980000078678131,0.11100000888109207,0.005150472279638052,0.0005339225754141808,-9.683950424194336,0.0007705531315878034,-0.0007108115241862833,0.000857807754073292,100.0,16.200000762939453
1772707368.0578768,2026-03-05T10:42:48.057877,spoof_drift,02,attack,12.313,47.397970699999995,8.5461646,47.39808824103426,8.546338245560598,0.30100002884864807,0.11500000208616257,0.005150472279638052,0.0005339225754141808,-9.683950424194336,0.0007705531315878034,-0.0007108115241862833,0.000857807754073292,100.0,16.200000762939453
1772707368.1628222,2026-03-05T10:42:48.162822,spoof_drift,02,attack,12.418,47.397970699999995,8.5461646,47.39808924283812,8.546339725544108,0.30100002884864807,0.11500000208616257,-0.0024027174804359674,-0.008567659184336662,-9.682266235351562,0.0005060512921772897,-5.7979985285783187e-05,0.000527523981872946,100.0,16.200000762939453
1772707368.2642663,2026-03-05T10:42:48.264266,spoof_drift,02,attack,12.52,47.397970699999995,8.5461646,47.398090211217635,8.546341156149222,0.3060000240802765,0.11900000274181366,0.0030539860017597675,0.00011691285180859268,-9.68298053741455,-0.00024256686447188258,-0.0011088262544944882,2.868136652978137e-05,100.0,16.200000762939453
1772707368.3679,2026-03-05T10:42:48.367900,spoof_drift,02,attack,12.623,47.397970699999995,8.5461646,47.398091200499316,8.546342617633485,0.3060000240802765,0.11900000274181366,0.0038229101337492466,-0.002461266005411744,-9.681353569030762,0.00022626714780926704,-2.5613697289372794e-05,5.6609751482028514e-05,100.0,16.200000762939453
1772707368.4775014,2026-03-05T10:42:48.477501,spoof_drift,02,attack,12.733,47.397970699999995,8.5461646,47.39809224674985,8.546344163278901,0.3100000023841858,0.12400000542402267,0.0038229101337492466,-0.002461266005411744,-9.681353569030762,0.00022626714780926704,-2.5613697289372794e-05,5.6609751482028514e-05,100.0,16.200000762939453
1772707368.5807753,2026-03-05T10:42:48.580775,spoof_drift,02,attack,12.836,47.397970699999995,8.5461646,47.39809323259715,8.54634561968949,0.3100000023841858,0.12400000542402267,0.00457604369148612,-0.0021169870160520077,-9.681281089782715,-0.0014285700162872672,4.353909025667235e-05,-0.0006265452830120921,100.0,16.200000762939453
1772707368.6835113,2026-03-05T10:42:48.683511,spoof_drift,02,attack,12.939,47.397970699999995,8.5461646,47.398094213309946,8.54634706851478,0.3100000023841858,0.12400000542402267,0.00457604369148612,-0.0021169870160520077,-9.681281089782715,-0.0014285700162872672,4.353909025667235e-05,-0.0006265452830120921,100.0,16.200000762939453
1772707368.7879474,2026-03-05T10:42:48.787947,spoof_drift,02,attack,13.043,47.397970699999995,8.5461646,47.398095210252414,8.546348541316467,0.31300002336502075,0.12700000405311584,0.00457604369148612,-0.0021169870160520077,-9.681281089782715,-0.0014285700162872672,4.353909025667235e-05,-0.0006265452830120921,100.0,16.200000762939453
1772707368.8919277,2026-03-05T10:42:48.891928,spoof_drift,02,attack,13.147,47.397970699999995,8.5461646,47.3980962028433,8.546350007689481,0.31300002336502075,0.12700000405311584,0.00457604369148612,-0.0021169870160520077,-9.681281089782715,-0.0014285700162872672,4.353909025667235e-05,-0.0006265452830120921,100.0,16.200000762939453
1772707368.994771,2026-03-05T10:42:48.994771,spoof_drift,02,attack,13.25,47.397970699999995,8.5461646,47.39809718458026,8.546351458027797,0.31300002336502075,0.12700000405311584,-0.002387522952631116,0.00790198240429163,-9.678196907043457,-0.0003730157623067498,-0.0005343487136997283,-0.00016072089783847332,100.0,16.200000762939453
1772707369.1021564,2026-03-05T10:42:49.102156,spoof_drift,02,attack,13.357,47.397970699999995,8.5461646,47.39809820967601,8.54635297242085,0.31300002336502075,0.12700000405311584,-0.002387522952631116,0.00790198240429163,-9.678196907043457,-0.0003730157623067498,-0.0005343487136997283,-0.00016072089783847332,100.0,16.200000762939453
1772707369.2198634,2026-03-05T10:42:49.219863,spoof_drift,02,attack,13.475,47.397970699999995,8.5461646,47.39809933330141,8.546354632373594,0.3150000274181366,0.1290000081062317,0.0007854996947571635,-0.010243864730000496,-9.682610511779785,-0.0007494578021578491,-0.0007220862316899002,-0.0002934499061666429,100.0,16.200000762939453
1772707369.3441863,2026-03-05T10:42:49.344186,spoof_drift,02,attack,13.599,47.397970699999995,8.5461647,47.39810052008165,8.546356485626163,0.31800001859664917,0.13100001215934753,0.0007854996947571635,-0.010243864730000496,-9.682610511779785,-0.0007494578021578491,-0.0007220862316899002,-0.0002934499061666429,100.0,16.200000762939453
1772707369.451725,2026-03-05T10:42:49.451725,spoof_drift,02,attack,13.707,47.397970699999995,8.5461647,47.39810154664082,8.54635800218116,0.3190000057220459,0.13300000131130219,-0.0026330123655498028,-0.004148130305111408,-9.681599617004395,0.000178632908500731,0.0014882255345582962,0.0004722946905530989,100.0,16.200000762939453
1772707369.5531049,2026-03-05T10:42:49.553105,spoof_drift,02,attack,13.808,47.397970699999995,8.5461647,47.398102514408116,8.54635943188182,0.3190000057220459,0.13300000131130219,-0.006384394597262144,-0.003924519754946232,-9.674363136291504,-0.000337976380251348,0.0003459536237642169,-0.00021433470828924328,100.0,16.200000762939453
1772707369.6543252,2026-03-05T10:42:49.654325,spoof_drift,02,attack,13.91,47.397970699999995,8.5461647,47.39810348065281,8.546360859333117,0.3190000057220459,0.13300000131130219,-0.006384394597262144,-0.003924519754946232,-9.674363136291504,-0.000337976380251348,0.0003459536237642169,-0.00021433470828924328,100.0,16.200000762939453
1772707369.7701235,2026-03-05T10:42:49.770123,spoof_drift,02,attack,14.025,47.397970699999995,8.5461647,47.398104586057094,8.546362492367471,0.320000022649765,0.1340000033378601,-0.006384394597262144,-0.003924519754946232,-9.674363136291504,-0.000337976380251348,0.0003459536237642169,-0.00021433470828924328,100.0,16.200000762939453
1772707369.8831873,2026-03-05T10:42:49.883187,spoof_drift,02,attack,14.138,47.397970699999995,8.5461647,47.39810566535872,8.546364086839874,0.320000022649765,0.1340000033378601,0.0011613491224125028,-0.008572433143854141,-9.686178207397461,-0.0009611214627511799,0.000283887202385813,6.422388833016157e-05,100.0,16.200000762939453
1772707369.9852357,2026-03-05T10:42:49.985236,spoof_drift,02,attack,14.241,47.397970699999995,8.5461647,47.39810663950772,8.546365525968358,0.32200002670288086,0.13600000739097595,0.0011613491224125028,-0.008572433143854141,-9.686178207397461,-0.0009611214627511799,0.000283887202385813,6.422388833016157e-05,100.0,16.200000762939453
1772707370.0882392,2026-03-05T10:42:50.088239,spoof_drift,02,attack,14.344,47.397970699999995,8.5461647,47.39810762277412,8.546366978566123,0.32200002670288086,0.13600000739097595,0.0011613491224125028,-0.008572433143854141,-9.686178207397461,-0.0009611214627511799,0.000283887202385813,6.422388833016157e-05,100.0,16.200000762939453
1772707370.194629,2026-03-05T10:42:50.194629,spoof_drift,02,attack,14.45,47.397970699999995,8.5461647,47.39810863836557,8.546368478918309,0.32200002670288086,0.13600000739097595,-0.007950899191200733,0.010179892182350159,-9.680729866027832,0.00031986544490791857,-0.0005641176830977201,0.0005108086043037474,100.0,16.200000762939453
1772707370.2981389,2026-03-05T10:42:50.298139,spoof_drift,02,attack,14.553,47.397970699999995,8.5461647,47.398109626466045,8.54636993865755,0.3240000009536743,0.1380000114440918,-0.00776958791539073,0.0030063882004469633,-9.685111045837402,0.0007511745789088309,0.0009095158893615007,-0.00023034994956105947,100.0,16.200000762939453
1772707370.4009104,2026-03-05T10:42:50.400910,spoof_drift,02,attack,14.656,47.397970699999995,8.5461647,47.39811060751795,8.54637138798382,0.3240000009536743,0.1380000114440918,-0.00776958791539073,0.0030063882004469633,-9.685111045837402,0.0007511745789088309,0.0009095158893615007,-0.00023034994956105947,100.0,16.200000762939453
1772707370.5068147,2026-03-05T10:42:50.506815,spoof_drift,02,attack,14.762,47.397970699999995,8.5461647,47.39811161847561,8.54637288149041,0.32500001788139343,0.13900001347064972,-0.00776958791539073,0.0030063882004469633,-9.685111045837402,0.0007511745789088309,0.0009095158893615007,-0.00023034994956105947,100.0,16.200000762939453
1772707370.6133766,2026-03-05T10:42:50.613377,spoof_drift,02,attack,14.869,47.397970699999995,8.5461647,47.398112635710284,8.546374384270157,0.32500001788139343,0.13900001347064972,0.008439200930297375,-0.0031628322321921587,-9.683619499206543,-1.005613057714072e-06,-0.0006122775957919657,-6.285190465860069e-05,100.0,16.200000762939453
1772707370.717098,2026-03-05T10:42:50.717098,spoof_drift,02,attack,14.972,47.397970699999995,8.5461647,47.39811362582951,8.546375846991738,0.32600000500679016,0.14000000059604645,0.008439200930297375,-0.0031628322321921587,-9.683619499206543,-1.005613057714072e-06,-0.0006122775957919657,-6.285190465860069e-05,100.0,16.200000762939453
1772707370.8190112,2026-03-05T10:42:50.819011,spoof_drift,02,attack,15.074,47.397970699999995,8.5461647,47.39811459868807,8.546377284213813,0.32600000500679016,0.14000000059604645,0.008439200930297375,-0.0031628322321921587,-9.683619499206543,-1.005613057714072e-06,-0.0006122775957919657,-6.285190465860069e-05,100.0,16.200000762939453
1772707370.9204335,2026-03-05T10:42:50.920434,spoof_drift,02,attack,15.176,47.397970699999995,8.5461647,47.398115566860476,8.546378714512958,0.32600000500679016,0.14000000059604645,0.008439200930297375,-0.0031628322321921587,-9.683619499206543,-1.005613057714072e-06,-0.0006122775957919657,-6.285190465860069e-05,100.0,16.200000762939453
1772707371.024169,2026-03-05T10:42:51.024169,spoof_drift,02,attack,15.279,47.397970699999995,8.5461647,47.39811655711398,8.546380177432914,0.32600000500679016,0.14000000059604645,-0.004928454291075468,0.0014955316437408328,-9.68557071685791,0.00012830116611439735,0.000258204760029912,0.00021047146583441645,100.0,16.200000762939453
1772707371.1270258,2026-03-05T10:42:51.127026,spoof_drift,02,attack,15.382,47.397970699999995,8.5461647,47.39811753898067,8.546381627962878,0.32600000500679016,0.14000000059604645,-0.004928454291075468,0.0014955316437408328,-9.68557071685791,0.00012830116611439735,0.000258204760029912,0.00021047146583441645,100.0,16.200000762939453
1772707371.2282841,2026-03-05T10:42:51.228284,spoof_drift,02,attack,15.484,47.397970699999995,8.5461647,47.39811850558724,8.546383055948779,0.328000009059906,0.1420000046491623,-3.8722995668649673e-05,0.0022655436769127846,-9.684261322021484,0.00010742568701971322,0.0005403272225521505,8.434077608399093e-05,100.0,16.200000762939453
1772707371.3401823,2026-03-05T10:42:51.340182,spoof_drift,02,attack,15.595,47.397970699999995,8.5461647,47.398119573761825,8.546384633983008,0.33100003004074097,0.14500001072883606,-0.0009772045304998755,-0.0005288669490255415,-9.680876731872559,0.0006121644983068109,0.0006144947255961597,0.0009085382916964591,100.0,16.200000762939453
1772707371.4432628,2026-03-05T10:42:51.443263,spoof_drift,02,attack,15.699,47.397970699999995,8.5461647,47.39812055776335,8.54638608766679,0.33100003004074097,0.14500001072883606,-0.0009772045304998755,-0.0005288669490255415,-9.680876731872559,0.0006121644983068109,0.0006144947255961597,0.0009085382916964591,100.0,16.200000762939453
1772707371.550177,2026-03-05T10:42:51.550177,spoof_drift,02,attack,15.805,47.397970699999995,8.5461647,47.39812157836185,8.546387595415982,0.3320000171661377,0.14600001275539398,-0.0009772045304998755,-0.0005288669490255415,-9.680876731872559,0.0006121644983068109,0.0006144947255961597,0.0009085382916964591,100.0,16.200000762939453
1772707371.6551545,2026-03-05T10:42:51.655154,spoof_drift,02,attack,15.91,47.397970699999995,8.5461647,47.398122580470684,8.546389075850039,0.3320000171661377,0.14600001275539398,0.0014532235218212008,-0.0010918501066043973,-9.679104804992676,-0.000704718753695488,0.000144125398946926,0.00045132782543078065,100.0,16.200000762939453
1772707371.7640367,2026-03-05T10:42:51.764037,spoof_drift,02,attack,16.019,47.397970699999995,8.5461647,47.398123619854736,8.546390611351466,0.3320000171661377,0.14600001275539398,0.0014532235218212008,-0.0010918501066043973,-9.679104804992676,-0.000704718753695488,0.000144125398946926,0.00045132782543078065,100.0,16.200000762939453
1772707371.8739579,2026-03-05T10:42:51.873958,spoof_drift,02,attack,16.129,47.397970699999995,8.5461647,47.3981246691573,8.546392161505697,0.3330000042915344,0.1469999998807907,0.0005753418663516641,0.005679551977664232,-9.676369667053223,0.00017811379802878946,-0.0003820712154265493,-8.451077155768871e-05,100.0,16.200000762939453
1772707371.9771354,2026-03-05T10:42:51.977135,spoof_drift,02,attack,16.232,47.397970699999995,8.5461647,47.39812565408511,8.546393616557925,0.33400002121925354,0.14800000190734863,0.0005753418663516641,0.005679551977664232,-9.676369667053223,0.00017811379802878946,-0.0003820712154265493,-8.451077155768871e-05,100.0,16.200000762939453
1772707372.0886714,2026-03-05T10:42:52.088671,spoof_drift,02,attack,16.344,47.397970699999995,8.5461647,47.398126718802565,8.546395189484855,0.33500000834465027,0.14800000190734863,-0.0029790119733661413,-0.006303647067397833,-9.675814628601074,0.0005757546750828624,-0.0005128499469719827,-0.0001547394786030054,100.0,16.200000762939453
1772707372.1921077,2026-03-05T10:42:52.192108,spoof_drift,02,attack,16.447,47.397970699999995,8.5461647,47.39812770619977,8.546396648185153,0.33500000834465027,0.14800000190734863,-0.0029790119733661413,-0.006303647067397833,-9.675814628601074,0.0005757546750828624,-0.0005128499469719827,-0.0001547394786030054,100.0,16.200000762939453
1772707372.3024392,2026-03-05T10:42:52.302439,spoof_drift,02,attack,16.558,47.397970699999995,8.5461647,47.398128759419215,8.546398204125863,0.33500000834465027,0.14800000190734863,-0.0029790119733661413,-0.006303647067397833,-9.675814628601074,0.0005757546750828624,-0.0005128499469719827,-0.0001547394786030054,100.0,16.200000762939453
1772707372.4100683,2026-03-05T10:42:52.410068,spoof_drift,02,attack,16.665,47.3979706,8.5461647,47.39812968684097,8.546399721954716,0.33500000834465027,0.14900000393390656,-0.0029790119733661413,-0.006303647067397833,-9.675814628601074,0.0005757546750828624,-0.0005128499469719827,-0.0001547394786030054,100.0,16.200000762939453
1772707372.511975,2026-03-05T10:42:52.511975,spoof_drift,02,attack,16.767,47.3979706,8.5461647,47.39813065963807,8.546401159086006,0.3360000252723694,0.14900000393390656,0.004574619233608246,0.001888887258246541,-9.69009780883789,-1.686964969849214e-05,0.0009667166159488261,-0.00010361935710534453,100.0,16.200000762939453
1772707372.620422,2026-03-05T10:42:52.620422,spoof_drift,02,attack,16.876,47.3979706,8.5461647,47.39813169486627,8.546402688447913,0.3360000252723694,0.14900000393390656,-0.0010246969759464264,7.491005817428231e-06,-9.686360359191895,-9.623406367609277e-05,9.693018364487216e-05,-0.000724541547242552,100.0,16.200000762939453
1772707372.7257967,2026-03-05T10:42:52.725797,spoof_drift,02,attack,16.981,47.3979706,8.5461647,47.39813270076908,8.54640417448688,0.3360000252723694,0.14900000393390656,-0.0010246969759464264,7.491005817428231e-06,-9.686360359191895,-9.623406367609277e-05,9.693018364487216e-05,-0.000724541547242552,100.0,16.200000762939453
1772707372.8505278,2026-03-05T10:42:52.850528,spoof_drift,02,attack,17.106,47.3979706,8.5461647,47.39813389144572,8.546405933495661,0.3360000252723694,0.15000000596046448,-0.0031954236328601837,-0.0010619715321809053,-9.684859275817871,-0.0002568979107309133,0.001325769699178636,0.0003530073445290327,100.0,16.200000762939453
1772707372.9537625,2026-03-05T10:42:52.953763,spoof_drift,02,attack,17.209,47.3979706,8.5461647,47.39813487691976,8.546407389354833,0.33800002932548523,0.1510000079870224,-0.0031954236328601837,-0.0010619715321809053,-9.684859275817871,-0.0002568979107309133,0.001325769699178636,0.0003530073445290327,100.0,16.200000762939453
1772707373.05609,2026-03-05T10:42:53.056090,spoof_drift,02,attack,17.311,47.3979706,8.5461647,47.39813585373389,8.546408832420541,0.33800002932548523,0.1510000079870224,0.0031822468154132366,0.0015327375149354339,-9.688434600830078,-1.3605313142761588e-05,0.0007324105245061219,0.0003547218511812389,100.0,16.200000762939453
1772707373.159708,2026-03-05T10:42:53.159708,spoof_drift,02,attack,17.415,47.3979706,8.5461647,47.398136842865355,8.546410293682893,0.3370000123977661,0.1510000079870224,-0.005599690601229668,0.0002875502104870975,-9.68340015411377,0.00023344953660853207,-0.00031490944093093276,0.00041787081863731146,100.0,16.200000762939453
1772707373.272299,2026-03-05T10:42:53.272299,spoof_drift,02,attack,17.528,47.3979706,8.5461647,47.398137917653806,8.546411881487895,0.33800002932548523,0.1510000079870224,-0.005599690601229668,0.0002875502104870975,-9.68340015411377,0.00023344953660853207,-0.00031490944093093276,0.00041787081863731146,100.0,16.200000762939453
1772707373.3742433,2026-03-05T10:42:53.374243,spoof_drift,02,attack,17.63,47.3979706,8.5461647,47.39813889080823,8.546413319147062,0.34200000762939453,0.1550000011920929,0.00034090038388967514,-0.0024821406695991755,-9.682230949401855,-0.00012075754784746096,-0.0005852571339346468,-0.0001310369116254151,100.0,16.200000762939453
1772707373.476052,2026-03-05T10:42:53.476052,spoof_drift,02,attack,17.731,47.3979706,8.5461647,47.39813986266992,8.546414754896455,0.3410000205039978,0.1550000011920929,-0.0023857003543525934,-0.001187358284369111,-9.68272876739502,-0.00017692544497549534,-0.0005824292893521488,0.00028863310581073165,100.0,16.200000762939453
1772707373.5791066,2026-03-05T10:42:53.579107,spoof_drift,02,attack,17.834,47.3979706,8.5461647,47.39814084642337,8.546416208213746,0.3410000205039978,0.1550000011920929,-0.0023857003543525934,-0.001187358284369111,-9.68272876739502,-0.00017692544497549534,-0.0005824292893521488,0.00028863310581073165,100.0,16.200000762939453
1772707373.6862018,2026-03-05T10:42:53.686202,spoof_drift,02,attack,17.942,47.3979706,8.5461647,47.398141868749306,8.546417718514904,0.34300002455711365,0.15600000321865082,-0.0038609071634709835,0.0063276272267103195,-9.681586265563965,-0.0006503197364509106,3.460334846749902e-05,-0.0017463976982980967,100.0,16.200000762939453
1772707373.7938926,2026-03-05T10:42:53.793893,spoof_drift,02,attack,18.049,47.3979706,8.5461647,47.39814289676052,8.546419237215032,0.34300002455711365,0.15600000321865082,-0.0038609071634709835,0.0063276272267103195,-9.681586265563965,-0.0006503197364509106,3.460334846749902e-05,-0.0017463976982980967,100.0,16.200000762939453
1772707373.8970077,2026-03-05T10:42:53.897008,spoof_drift,02,attack,18.152,47.3979706,8.5461647,47.39814388109205,8.54642069138634,0.34300002455711365,0.15600000321865082,-0.004713436588644981,0.008358476683497429,-9.681979179382324,0.0009551792172715068,-0.0004519499489106238,-0.0008460398530587554,100.0,16.200000762939453
1772707373.99815,2026-03-05T10:42:53.998150,spoof_drift,02,attack,18.253,47.3979706,8.5461647,47.398144846592515,8.54642211773817,0.34300002455711365,0.15600000321865082,-0.004713436588644981,0.008358476683497429,-9.681979179382324,0.0009551792172715068,-0.0004519499489106238,-0.0008460398530587554,100.0,16.200000762939453
1772707374.099666,2026-03-05T10:42:54.099666,spoof_drift,02,attack,18.355,47.3979706,8.5461647,47.39814581565936,8.546423549358687,0.34200000762939453,0.15600000321865082,-0.003743956331163645,0.0015407026512548327,-9.673771858215332,0.0006556067382916808,0.0005728905089199543,0.00018234853632748127,100.0,16.200000762939453
1772707374.208791,2026-03-05T10:42:54.208791,spoof_drift,02,attack,18.464,47.3979706,8.5461647,47.39814685736031,8.54642508828291,0.34200000762939453,0.1550000011920929,0.0023649833165109158,-0.00595028605312109,-9.683302879333496,0.0005012728506699204,0.0006979504832997918,0.0007546267006546259,100.0,16.200000762939453
1772707374.3101652,2026-03-05T10:42:54.310165,spoof_drift,02,attack,18.565,47.3979706,8.5461647,47.39814782507298,8.546426517902873,0.3410000205039978,0.1550000011920929,-0.002619686536490917,0.003467612899839878,-9.677278518676758,0.00012791279004886746,0.0003978304157499224,0.0002426429564366117,100.0,16.200000762939453
1772707374.4120455,2026-03-05T10:42:54.412045,spoof_drift,02,attack,18.667,47.3979706,8.5461647,47.39814879761746,8.546427954660949,0.3410000205039978,0.1550000011920929,-0.002619686536490917,0.003467612899839878,-9.677278518676758,0.00012791279004886746,0.0003978304157499224,0.0002426429564366117,100.0,16.200000762939453
1772707374.513831,2026-03-05T10:42:54.513831,spoof_drift,02,attack,18.769,47.3979706,8.5461647,47.398149769256115,8.546429390080839,0.3400000035762787,0.15400001406669617,0.0019737486727535725,0.005077619105577469,-9.682455062866211,0.00016929056437220424,-0.00020093933562748134,0.000870938878506422,100.0,16.200000762939453
1772707374.6168358,2026-03-05T10:42:54.616836,spoof_drift,02,attack,18.872,47.3979706,8.5461647,47.39815075253616,8.546430842698776,0.3400000035762787,0.15400001406669617,5.6004966609179974e-05,-0.0014343280345201492,-9.6814546585083,0.00045464892173185945,-0.0005194131517782807,0.00020956651133019477,100.0,16.200000762939453
1772707374.719028,2026-03-05T10:42:54.719028,spoof_drift,02,attack,18.974,47.3979706,8.5461647,47.398151728057556,8.54643228385471,0.3400000035762787,0.15400001406669617,5.6004966609179974e-05,-0.0014343280345201492,-9.6814546585083,0.00045464892173185945,-0.0005194131517782807,0.00020956651133019477,100.0,16.200000762939453
1772707374.8199558,2026-03-05T10:42:54.819956,spoof_drift,02,attack,19.075,47.3979706,8.5461647,47.39815269150968,8.54643370718049,0.3400000035762787,0.15400001406669617,5.6004966609179974e-05,-0.0014343280345201492,-9.6814546585083,0.00045464892173185945,-0.0005194131517782807,0.00020956651133019477,100.0,16.200000762939453
1772707374.9233358,2026-03-05T10:42:54.923336,spoof_drift,02,attack,19.179,47.3979706,8.5461647,47.398153678369766,8.546435165087289,0.3370000123977661,0.15000000596046448,-0.004841414745897055,0.0038334913551807404,-9.681876182556152,0.0002182640164392069,-0.00010248422040604055,-2.3107775632524863e-05,100.0,16.200000762939453
1772707375.0253518,2026-03-05T10:42:55.025352,spoof_drift,02,attack,19.281,47.3979706,8.5461647,47.39815465220925,8.546436603758501,0.3370000123977661,0.15000000596046448,-0.004841414745897055,0.0038334913551807404,-9.681876182556152,0.0002182640164392069,-0.00010248422040604055,-2.3107775632524863e-05,100.0,16.200000762939453
1772707375.1364124,2026-03-05T10:42:55.136412,spoof_drift,02,attack,19.392,47.3979706,8.5461647,47.39815571238849,8.54643816998105,0.3360000252723694,0.15000000596046448,0.0005117378896102309,0.0053536915220320225,-9.673059463500977,-0.000640381476841867,-0.00011431069287937135,-0.0001277370029129088,100.0,16.200000762939453
1772707375.240196,2026-03-05T10:42:55.240196,spoof_drift,02,attack,19.496,47.3979706,8.5461647,47.39815670310173,8.546439633580182,0.3360000252723694,0.15000000596046448,0.0005117378896102309,0.0053536915220320225,-9.673059463500977,-0.000640381476841867,-0.00011431069287937135,-0.0001277370029129088,100.0,16.200000762939453
1772707375.3464286,2026-03-05T10:42:55.346429,spoof_drift,02,attack,19.602,47.3979706,8.5461647,47.39815771719335,8.546441131716623,0.3360000252723694,0.14900000393390656,-0.005197822116315365,0.002461793599650264,-9.67798137664795,-0.0005067319725640118,-0.0008361349464394152,0.0002666510990820825,100.0,16.200000762939453
1772707375.4478,2026-03-05T10:42:55.447800,spoof_drift,02,attack,19.703,47.3979706,8.5461647,47.39815868487871,8.546442561296239,0.3360000252723694,0.14900000393390656,-0.005197822116315365,0.002461793599650264,-9.67798137664795,-0.0005067319725640118,-0.0008361349464394152,0.0002666510990820825,100.0,16.200000762939453
1772707375.5518274,2026-03-05T10:42:55.551827,spoof_drift,02,attack,19.807,47.3979706,8.5461647,47.398159677920226,8.54644402833498,0.3360000252723694,0.14900000393390656,-0.005197822116315365,0.002461793599650264,-9.67798137664795,-0.0005067319725640118,-0.0008361349464394152,0.0002666510990820825,100.0,16.200000762939453
1772707375.6547723,2026-03-05T10:42:55.654772,spoof_drift,02,attack,19.91,47.3979706,8.5461647,47.398160660626736,8.546445480105623,0.3360000252723694,0.14900000393390656,-0.002119106939062476,-0.009523285552859306,-9.686634063720703,0.0003456496633589268,0.0004988144501112401,-0.0003916303103324026,100.0,16.200000762939453
1772707375.7589803,2026-03-05T10:42:55.758980,spoof_drift,02,attack,20.014,47.3979706,8.5461647,47.39816165539114,8.54644694968961,0.3370000123977661,0.1510000079870224,-0.0039672269485890865,-0.003722406690940261,-9.681830406188965,-0.0002954372903332114,0.0003010734508279711,-6.584377842955291e-07,100.0,16.200000762939453
1772707375.8636515,2026-03-05T10:42:55.863652,spoof_drift,02,attack,20.119,47.3979706,8.5461647,47.398162654577675,8.5464484258065,0.3370000123977661,0.1510000079870224,-0.0039672269485890865,-0.003722406690940261,-9.681830406188965,-0.0002954372903332114,0.0003010734508279711,-6.584377842955291e-07,100.0,16.200000762939453
1772707375.98193,2026-03-05T10:42:55.981930,spoof_drift,02,attack,20.237,47.3979706,8.5461647,47.39816378365848,8.546450093818619,0.3370000123977661,0.1510000079870224,-0.0039672269485890865,-0.003722406690940261,-9.681830406188965,-0.0002954372903332114,0.0003010734508279711,-6.584377842955291e-07,100.0,16.200000762939453
1772707376.094069,2026-03-05T10:42:56.094069,spoof_drift,02,attack,20.349,47.3979706,8.5461647,47.398164854131764,8.546451675248745,0.3370000123977661,0.1510000079870224,0.004198734648525715,0.0019151706947013736,-9.685157775878906,0.00041936244815588,-0.00028009858215227723,0.00016675110964570194,100.0,16.200000762939453
1772707376.1966438,2026-03-05T10:42:56.196644,spoof_drift,02,attack,20.452,47.3979706,8.5461647,47.39816583330603,8.546453121801134,0.33800002932548523,0.15200001001358032,-0.005588808096945286,-0.0028316157404333353,-9.669778823852539,0.00012401706771925092,0.000140662508783862,-0.0005507502937689424,100.0,16.200000762939453
1772707376.2977715,2026-03-05T10:42:56.297771,spoof_drift,02,attack,20.553,47.3979706,8.5461647,47.398166798665386,8.546454547944503,0.33800002932548523,0.15200001001358032,-0.0015693206805735826,0.004813944920897484,-9.683480262756348,-0.0004624869907274842,-0.0005301439086906612,0.0004570295277517289,100.0,16.200000762939453
1772707376.3987415,2026-03-05T10:42:56.398741,spoof_drift,02,attack,20.654,47.3979706,8.5461647,47.39816776252036,8.546455971865406,0.33800002932548523,0.15200001001358032,-0.0015693206805735826,0.004813944920897484,-9.683480262756348,-0.0004624869907274842,-0.0005301439086906612,0.0004570295277517289,100.0,16.200000762939453
1772707376.501205,2026-03-05T10:42:56.501205,spoof_drift,02,attack,20.757,47.3979706,8.5461647,47.39816874063176,8.54645741684761,0.33800002932548523,0.15200001001358032,-0.0015693206805735826,0.004813944920897484,-9.683480262756348,-0.0004624869907274842,-0.0005301439086906612,0.0004570295277517289,100.0,16.200000762939453
1772707376.6034396,2026-03-05T10:42:56.603440,spoof_drift,02,attack,20.859,47.3979706,8.5461647,47.39816971655827,8.546458858602032,0.33800002932548523,0.15200001001358032,0.0007846958469599485,-0.005729168653488159,-9.685608863830566,0.00017957293312065303,-0.0012851126957684755,0.0007870127446949482,100.0,16.200000762939453
1772707376.7072916,2026-03-05T10:42:56.707292,spoof_drift,02,attack,20.963,47.3979706,8.5461647,47.398170707924706,8.546460323166137,0.33800002932548523,0.15200001001358032,0.007715312764048576,0.001385892741382122,-9.68059253692627,-4.003187859780155e-05,5.452711775433272e-07,-0.0007242006249725819,100.0,16.200000762939453
1772707376.8085387,2026-03-05T10:42:56.808539,spoof_drift,02,attack,21.064,47.3979706,8.5461647,47.398171674424304,8.546461750994007,0.33900001645088196,0.15300001204013824,0.007715312764048576,0.001385892741382122,-9.68059253692627,-4.003187859780155e-05,5.452711775433272e-07,-0.0007242006249725819,100.0,16.200000762939453
1772707376.9112177,2026-03-05T10:42:56.911218,spoof_drift,02,attack,21.167,47.3979706,8.5461647,47.398172654593154,8.546463199015712,0.33900001645088196,0.15300001204013824,-0.004624282941222191,-0.002682106802240014,-9.6735258102417,0.0006050594965927303,-0.0007270626374520361,9.24019404919818e-05,100.0,16.200000762939453
1772707377.0129366,2026-03-05T10:42:57.012937,spoof_drift,02,attack,21.268,47.3979706,8.5461647,47.39817362559682,8.546464633497527,0.33900001645088196,0.15300001204013824,-0.004624282941222191,-0.002682106802240014,-9.6735258102417,0.0006050594965927303,-0.0007270626374520361,9.24019404919818e-05,100.0,16.200000762939453
1772707377.1213849,2026-03-05T10:42:57.121385,spoof_drift,02,attack,21.377,47.3979706,8.5461647,47.39817466083868,8.546466162879607,0.33900001645088196,0.15300001204013824,-0.004624282941222191,-0.002682106802240014,-9.6735258102417,0.0006050594965927303,-0.0007270626374520361,9.24019404919818e-05,100.0,16.200000762939453
1772707377.2249532,2026-03-05T10:42:57.224953,spoof_drift,02,attack,21.48,47.3979706,8.5461647,47.39817564949675,8.546467623442604,0.33900001645088196,0.15200001001358032,0.006782940588891506,-0.0007521933875977993,-9.684632301330566,0.0002938802936114371,7.957956404425204e-05,0.00019711503409780562,100.0,16.200000762939453
1772707377.3261957,2026-03-05T10:42:57.326196,spoof_drift,02,attack,21.582,47.3979706,8.5461647,47.398176615953105,8.54646905120659,0.33900001645088196,0.15200001001358032,0.006782940588891506,-0.0007521933875977993,-9.684632301330566,0.0002938802936114371,7.957956404425204e-05,0.00019711503409780562,100.0,16.200000762939453
1772707377.4278655,2026-03-05T10:42:57.427866,spoof_drift,02,attack,21.683,47.3979706,8.5461647,47.39817758648793,8.546470484995774,0.33800002932548523,0.15200001001358032,-0.0017467361176386476,-0.008054611273109913,-9.690886497497559,-0.00017740062321536243,-0.00016866112127900124,-0.0013246755115687847,100.0,16.200000762939453
1772707377.530993,2026-03-05T10:42:57.530993,spoof_drift,02,attack,21.786,47.3979706,8.5461647,47.39817857093781,8.546471939341922,0.33800002932548523,0.15200001001358032,-0.0017467361176386476,-0.008054611273109913,-9.690886497497559,-0.00017740062321536243,-0.00016866112127900124,-0.0013246755115687847,100.0,16.200000762939453
1772707377.6328995,2026-03-05T10:42:57.632900,spoof_drift,02,attack,21.888,47.3979706,8.5461647,47.39817954373264,8.54647337646985,0.33800002932548523,0.1510000079870224,0.00345714227296412,0.007749904878437519,-9.686388969421387,-0.0004414270515553653,-4.741370867122896e-05,2.9618127882713452e-05,100.0,16.200000762939453
1772707377.7352755,2026-03-05T10:42:57.735276,spoof_drift,02,attack,21.991,47.3979706,8.5461648,47.398180521008776,8.546474920218099,0.3360000252723694,0.15000000596046448,0.004405710846185684,-0.004460744094103575,-9.675605773925781,6.814401331212139e-06,0.00045602337922900915,0.0011268005473539233,100.0,16.200000762939453
1772707377.8477414,2026-03-05T10:42:57.847741,spoof_drift,02,attack,22.103,47.3979706,8.5461648,47.398181594602356,8.546476506257907,0.3360000252723694,0.14900000393390656,0.0023526244331151247,-0.002326598856598139,-9.679595947265625,-0.00026922248071059585,-0.0005596551345661283,-0.001151697593741119,100.0,16.200000762939453
1772707377.94968,2026-03-05T10:42:57.949680,spoof_drift,02,attack,22.205,47.3979706,8.5461648,47.39818256770444,8.546477943839742,0.3360000252723694,0.14900000393390656,0.0023526244331151247,-0.002326598856598139,-9.679595947265625,-0.00026922248071059585,-0.0005596551345661283,-0.001151697593741119,100.0,16.200000762939453
1772707378.0559852,2026-03-05T10:42:58.055985,spoof_drift,02,attack,22.311,47.3979706,8.5461648,47.39818358248794,8.546479442998315,0.33400002121925354,0.14800000190734863,-0.0035627088509500027,-0.00419357605278492,-9.679619789123535,6.443171878345311e-05,0.00017129877232946455,0.00017004972323775291,100.0,16.200000762939453
1772707378.1573815,2026-03-05T10:42:58.157382,spoof_drift,02,attack,22.413,47.3979706,8.5461648,47.39818455041227,8.54648087293097,0.33400002121925354,0.14800000190734863,-0.0006350716575980186,-0.003694603918120265,-9.683923721313477,0.00021144267520867288,0.0007527311681769788,0.0005277050659060478,100.0,16.200000762939453
1772707378.2649293,2026-03-05T10:42:58.264929,spoof_drift,02,attack,22.52,47.3979706,8.5461648,47.39818557705793,8.546482389613729,0.33500000834465027,0.14900000393390656,-0.002440416719764471,-0.004264450166374445,-9.684316635131836,0.0010155413765460253,0.0005849890876561403,0.00011875871859956533,100.0,16.200000762939453
1772707378.3800635,2026-03-05T10:42:58.380064,spoof_drift,02,attack,22.635,47.3979706,8.5461648,47.39818667612374,8.546484013284141,0.33800002932548523,0.15200001001358032,-0.003800726030021906,-0.0007727498887106776,-9.680475234985352,0.00037048826925456524,-0.0007678522961214185,0.0004236230452079326,100.0,16.200000762939453
1772707378.4829926,2026-03-05T10:42:58.482993,spoof_drift,02,attack,22.738,47.3979706,8.5461648,47.398187658680044,8.546485464832873,0.33800002932548523,0.15200001001358032,-0.0037263454869389534,0.00041369229438714683,-9.68758773803711,0.000834129168651998,0.0004629982286132872,-0.0008178568677976727,100.0,16.200000762939453
1772707378.5853176,2026-03-05T10:42:58.585318,spoof_drift,02,attack,22.841,47.3979706,8.5461648,47.39818863546913,8.546486907861597,0.33800002932548523,0.15200001001358032,-0.0037263454869389534,0.00041369229438714683,-9.68758773803711,0.000834129168651998,0.0004629982286132872,-0.0008178568677976727,100.0,16.200000762939453
1772707378.68724,2026-03-05T10:42:58.687240,spoof_drift,02,attack,22.943,47.3979706,8.5461648,47.39818960841417,8.546488345211433,0.3370000123977661,0.1510000079870224,0.00012329919263720512,-0.003987661562860012,-9.677892684936523,0.00012372626224532723,-0.000509227451402694,0.0001362618204439059,100.0,16.200000762939453
1772707378.7965603,2026-03-05T10:42:58.796560,spoof_drift,02,attack,23.052,47.3979706,8.5461648,47.39819065198139,8.546489886892722,0.3370000123977661,0.1510000079870224,0.00012329919263720512,-0.003987661562860012,-9.677892684936523,0.00012372626224532723,-0.000509227451402694,0.0001362618204439059,100.0,16.200000762939453
1772707378.8983634,2026-03-05T10:42:58.898363,spoof_drift,02,attack,23.154,47.3979706,8.5461648,47.398191623788456,8.546491322561423,0.3370000123977661,0.1510000079870224,0.00012329919263720512,-0.003987661562860012,-9.677892684936523,0.00012372626224532723,-0.000509227451402694,0.0001362618204439059,100.0,16.200000762939453
1772707379.001853,2026-03-05T10:42:59.001853,spoof_drift,02,attack,23.257,47.3979706,8.5461648,47.39819261169547,8.546492782014868,0.33500000834465027,0.14900000393390656,-0.006414101459085941,0.0018816315568983555,-9.685508728027344,0.0009636825416237116,-0.0002482376294210553,-0.0007776216370984912,100.0,16.200000762939453
1772707379.1053202,2026-03-05T10:42:59.105320,spoof_drift,02,attack,23.361,47.3979706,8.5461648,47.398193599388556,8.546494241152258,0.33500000834465027,0.14900000393390656,-0.006414101459085941,0.0018816315568983555,-9.685508728027344,0.0009636825416237116,-0.0002482376294210553,-0.0007776216370984912,100.0,16.200000762939453
1772707379.208583,2026-03-05T10:42:59.208583,spoof_drift,02,attack,23.464,47.3979706,8.5461648,47.39819458513116,8.54649569740818,0.33400002121925354,0.14800000190734863,0.004499710164964199,-0.005298116244375706,-9.686033248901367,-0.0004668672918342054,-0.0002718176110647619,-0.0007377662695944309,100.0,16.200000762939453
1772707379.309808,2026-03-05T10:42:59.309808,spoof_drift,02,attack,23.565,47.3979706,8.5461648,47.3981955514191,8.546497124923356,0.33400002121925354,0.14800000190734863,0.004499710164964199,-0.005298116244375706,-9.686033248901367,-0.0004668672918342054,-0.0002718176110647619,-0.0007377662695944309,100.0,16.200000762939453
1772707379.4166546,2026-03-05T10:42:59.416655,spoof_drift,02,attack,23.672,47.3979706,8.5461648,47.39819657137124,8.546498631717661,0.33400002121925354,0.14800000190734863,-0.007516450248658657,0.008595398627221584,-9.67473030090332,-0.0008920038817450404,0.001206203829497099,0.0003967789525631815,100.0,16.200000762939453
1772707379.5247614,2026-03-05T10:42:59.524761,spoof_drift,02,attack,23.78,47.3979706,8.5461648,47.39819760335396,8.54650015628496,0.33400002121925354,0.1469999998807907,-0.007516450248658657,0.008595398627221584,-9.67473030090332,-0.0008920038817450404,0.001206203829497099,0.0003967789525631815,100.0,16.200000762939453
1772707379.6440578,2026-03-05T10:42:59.644058,spoof_drift,02,attack,23.899,47.3979706,8.5461648,47.39819874215072,8.54650183865064,0.33400002121925354,0.1469999998807907,-0.007516450248658657,0.008595398627221584,-9.67473030090332,-0.0008920038817450404,0.001206203829497099,0.0003967789525631815,100.0,16.200000762939453
1772707379.7566352,2026-03-05T10:42:59.756635,spoof_drift,02,attack,24.012,47.3979706,8.5461648,47.39819981680944,8.546503426263994,0.3330000042915344,0.1469999998807907,-0.0017434540204703808,-0.0020361808128654957,-9.679889678955078,-0.0003196215839125216,0.0005147741176187992,0.0002505960874259472,100.0,16.200000762939453
1772707379.8582447,2026-03-05T10:42:59.858245,spoof_drift,02,attack,24.114,47.3979706,8.5461648,47.398200786768456,8.546504859202523,0.3330000042915344,0.1469999998807907,-0.0017434540204703808,-0.0020361808128654957,-9.679889678955078,-0.0003196215839125216,0.0005147741176187992,0.0002505960874259472,100.0,16.200000762939453
1772707380.0084379,2026-03-05T10:43:00.008438,spoof_drift,02,attack,24.264,47.3979706,8.5461648,47.39820222050553,8.546506977289027,0.3330000042915344,0.1469999998807907,-0.0017434540204703808,-0.0020361808128654957,-9.679889678955078,-0.0003196215839125216,0.0005147741176187992,0.0002505960874259472,100.0,16.200000762939453
1772707380.1161942,2026-03-05T10:43:00.116194,spoof_drift,02,attack,24.371,47.3979706,8.5461648,47.39820324914263,8.54650849691378,0.3330000042915344,0.1469999998807907,-0.0017434540204703808,-0.0020361808128654957,-9.679889678955078,-0.0003196215839125216,0.0005147741176187992,0.0002505960874259472,100.0,16.200000762939453
1772707380.2172148,2026-03-05T10:43:00.217215,spoof_drift,02,attack,24.473,47.3979706,8.5461648,47.3982042134801,8.546509921547488,0.3330000042915344,0.1469999998807907,-0.0017434540204703808,-0.0020361808128654957,-9.679889678955078,-0.0003196215839125216,0.0005147741176187992,0.0002505960874259472,100.0,16.200000762939453
1772707380.3194447,2026-03-05T10:43:00.319445,spoof_drift,02,attack,24.575,47.3979706,8.5461648,47.398205189361086,8.54651136323466,0.33100003004074097,0.14500001072883606,-0.007916051894426346,-0.007754964753985405,-9.676605224609375,0.0006969889509491622,-0.0010549663566052914,-0.000251623714575544,100.0,16.200000762939453
1772707380.4208074,2026-03-05T10:43:00.420807,spoof_drift,02,attack,24.676,47.3979706,8.5461648,47.39820615696451,8.546512792693235,0.33100003004074097,0.14500001072883606,-0.007916051894426346,-0.007754964753985405,-9.676605224609375,0.0006969889509491622,-0.0010549663566052914,-0.000251623714575544,100.0,16.200000762939453
1772707380.5228105,2026-03-05T10:43:00.522810,spoof_drift,02,attack,24.778,47.3979706,8.5461648,47.398207130681094,8.546514231182883,0.33000001311302185,0.14400000870227814,0.0007638256065547466,0.0013617418007925153,-9.679403305053711,-0.001418473431840539,-0.0012161546619608998,0.00037957902532070875,100.0,16.200000762939453
1772707380.626091,2026-03-05T10:43:00.626091,spoof_drift,02,attack,24.881,47.3979706,8.5461648,47.39820811659212,8.546515687687613,0.33000001311302185,0.14400000870227814,0.0007638256065547466,0.0013617418007925153,-9.679403305053711,-0.001418473431840539,-0.0012161546619608998,0.00037957902532070875,100.0,16.200000762939453
1772707380.7299902,2026-03-05T10:43:00.729990,spoof_drift,02,attack,24.985,47.3979706,8.5461648,47.39820910840919,8.546517152917449,0.328000009059906,0.1420000046491623,-0.0004070820286870003,0.0057677822187542915,-9.682815551757812,0.0007266199099831283,0.0007255120435729623,-0.00037800337304361165,100.0,16.200000762939453
1772707380.841198,2026-03-05T10:43:00.841198,spoof_drift,02,attack,25.097,47.3979706,8.5461648,47.39821016999268,8.546518721214523,0.328000009059906,0.1420000046491623,-0.0004070820286870003,0.0057677822187542915,-9.682815551757812,0.0007266199099831283,0.0007255120435729623,-0.00037800337304361165,100.0,16.200000762939453
1772707380.945931,2026-03-05T10:43:00.945931,spoof_drift,02,attack,25.201,47.3979706,8.5461648,47.39821116976868,8.546520198202243,0.3290000259876251,0.1420000046491623,0.0025760142598301172,-0.002039782702922821,-9.687139511108398,0.0002776487381197512,0.0012483993778005242,-0.00018106514471583068,100.0,16.200000762939453
1772707381.0503287,2026-03-05T10:43:01.050329,spoof_drift,02,attack,25.306,47.3979706,8.5461648,47.39821216634472,8.546521670462601,0.3290000259876251,0.14300000667572021,-0.01046467013657093,-0.005559965968132019,-9.685523986816406,0.00031428830698132515,-8.472485933452845e-05,0.00020471090101636946,100.0,16.200000762939453
1772707381.151844,2026-03-05T10:43:01.151844,spoof_drift,02,attack,25.407,47.3979706,8.5461648,47.398213135404745,8.546523102073031,0.3320000171661377,0.14600001275539398,-0.003663594601675868,-0.002267675008624792,-9.68100357055664,0.0003568163374438882,0.0006287640426307917,0.00026082698605023324,100.0,16.200000762939453
1772707381.2541366,2026-03-05T10:43:01.254137,spoof_drift,02,attack,25.509,47.3979706,8.5461648,47.39821411188431,8.546524544644484,0.3360000252723694,0.15000000596046448,-0.004078147932887077,0.0010809795930981636,-9.681424140930176,5.567790594795952e-06,-1.7221938833245076e-05,-1.9041635823668912e-05,100.0,16.200000762939453
1772707381.357659,2026-03-05T10:43:01.357659,spoof_drift,02,attack,25.613,47.3979706,8.5461648,47.3982151001054,8.546526004561924,0.33900001645088196,0.15300001204013824,-0.00021386041771620512,-0.0013695290545001626,-9.677568435668945,-0.0002590203075669706,-0.00017739273607730865,0.00020521276746876538,100.0,16.200000762939453
1772707381.4599342,2026-03-05T10:43:01.459934,spoof_drift,02,attack,25.715,47.3979706,8.5461648,47.39821607641883,8.54652744688793,0.33900001645088196,0.15300001204013824,-0.00021386041771620512,-0.0013695290545001626,-9.677568435668945,-0.0002590203075669706,-0.00017739273607730865,0.00020521276746876538,100.0,16.200000762939453
1772707381.5673187,2026-03-05T10:43:01.567319,spoof_drift,02,attack,25.823,47.3979706,8.5461648,47.398217101505466,8.546528961267532,0.3440000116825104,0.15800000727176666,0.00032842333894222975,-0.0007572926115244627,-9.672561645507812,0.00021196308080106974,-0.0005210444796830416,0.0008176676346920431,100.0,16.200000762939453
1772707381.6776984,2026-03-05T10:43:01.677698,spoof_drift,02,attack,25.933,47.3979706,8.5461648,47.398218155184644,8.546530517887417,0.3440000116825104,0.15800000727176666,0.00032842333894222975,-0.0007572926115244627,-9.672561645507812,0.00021196308080106974,-0.0005210444796830416,0.0008176676346920431,100.0,16.200000762939453
1772707381.779933,2026-03-05T10:43:01.779933,spoof_drift,02,attack,26.035,47.3979706,8.5461648,47.398219131111155,8.546531959641838,0.34700000286102295,0.16100001335144043,0.00488639622926712,-0.0013128647115081549,-9.687658309936523,0.0006884402246214449,-0.0004763943434227258,-0.0006951320683583617,100.0,16.200000762939453
1772707381.890051,2026-03-05T10:43:01.890051,spoof_drift,02,attack,26.145,47.3979706,8.5461648,47.39822018229136,8.546533512569942,0.35100001096725464,0.16500000655651093,-0.0005046981386840343,0.004258590750396252,-9.685909271240234,0.0005106815951876342,-0.0020812663715332747,-8.771495777182281e-05,100.0,16.200000762939453
1772707381.9926553,2026-03-05T10:43:01.992655,spoof_drift,02,attack,26.248,47.3979706,8.5461648,47.39822116174784,8.546534959539255,0.35500001907348633,0.16900001466274261,0.0050023505464196205,-0.00018391877529211342,-9.688895225524902,6.474164547398686e-05,-0.00035426433896645904,0.00021768896840512753,100.0,16.200000762939453
1772707382.1039956,2026-03-05T10:43:02.103996,spoof_drift,02,attack,26.359,47.3979706,8.5461648,47.39822222459675,8.546536529705755,0.35500001907348633,0.16900001466274261,0.0050023505464196205,-0.00018391877529211342,-9.688895225524902,6.474164547398686e-05,-0.00035426433896645904,0.00021768896840512753,100.0,16.200000762939453
1772707382.2307305,2026-03-05T10:43:02.230731,spoof_drift,02,attack,26.486,47.3979706,8.5461648,47.398223434402595,8.546538316974472,0.36000001430511475,0.1730000078678131,-0.00458296574652195,0.001191181712783873,-9.680754661560059,-0.00012060924200341105,-0.0005905937287025154,-0.000849991338327527,100.0,16.200000762939453
1772707382.3330402,2026-03-05T10:43:02.333040,spoof_drift,02,attack,26.588,47.3979706,8.5461648,47.39822441104602,8.54653975978801,0.36000001430511475,0.1730000078678131,0.0011291548144072294,-0.007454211357980967,-9.684250831604004,0.0006781005649827421,-0.000910094240680337,-0.0006859017303213477,100.0,16.200000762939453
1772707382.4353433,2026-03-05T10:43:02.435343,spoof_drift,02,attack,26.691,47.3979706,8.5461648,47.39822538762573,8.546541202507402,0.36900001764297485,0.18300001323223114,0.0011291548144072294,-0.007454211357980967,-9.684250831604004,0.0006781005649827421,-0.000910094240680337,-0.0006859017303213477,100.0,16.200000762939453
1772707382.5404673,2026-03-05T10:43:02.540467,spoof_drift,02,attack,26.796,47.3979706,8.5461648,47.39822639113426,8.546542685009257,0.37400001287460327,0.18800000846385956,-0.009858101606369019,0.000977994641289115,-9.6795654296875,-0.0005086735473014414,-0.0002671854745130986,-0.0011952691711485386,100.0,16.200000762939453
1772707382.6457438,2026-03-05T10:43:02.645744,spoof_drift,02,attack,26.901,47.3979706,8.5461648,47.39822739609939,8.546544169662967,0.37400001287460327,0.18800000846385956,-0.009858101606369019,0.000977994641289115,-9.6795654296875,-0.0005086735473014414,-0.0002671854745130986,-0.0011952691711485386,100.0,16.200000762939453
1772707382.7479508,2026-03-05T10:43:02.747951,spoof_drift,02,attack,27.003,47.3979706,8.5461648,47.39822837176189,8.546545611027362,0.37400001287460327,0.18800000846385956,-0.009858101606369019,0.000977994641289115,-9.6795654296875,-0.0005086735473014414,-0.0002671854745130986,-0.0011952691711485386,100.0,16.200000762939453
1772707382.85023,2026-03-05T10:43:02.850230,spoof_drift,02,attack,27.106,47.3979706,8.5461648,47.398229348114,8.546547053410528,0.37800002098083496,0.19200000166893005,-0.0021272925660014153,0.0007829286623746157,-9.681100845336914,9.068300278158858e-05,-0.000981733901426196,1.7534821381559595e-05,100.0,16.200000762939453
1772707382.955752,2026-03-05T10:43:02.955752,spoof_drift,02,attack,27.211,47.3979706,8.5461648,47.39823035542106,8.546548541524022,0.37800002098083496,0.19200000166893005,-0.0021272925660014153,0.0007829286623746157,-9.681100845336914,9.068300278158858e-05,-0.000981733901426196,1.7534821381559595e-05,100.0,16.200000762939453
1772707383.0590322,2026-03-05T10:43:03.059032,spoof_drift,02,attack,27.314,47.3979706,8.5461648,47.39823134132981,8.54654999802539,0.3830000162124634,0.19700001180171967,0.006548594683408737,0.005442977882921696,-9.668441772460938,0.000365242303814739,0.000601536245085299,-0.0004874213773291558,100.0,16.200000762939453
1772707383.1732213,2026-03-05T10:43:03.173221,spoof_drift,02,attack,27.429,47.3979706,8.5461648,47.39823243137383,8.546551608367734,0.39100003242492676,0.20500001311302185,0.006548594683408737,0.005442977882921696,-9.668441772460938,0.000365242303814739,0.000601536245085299,-0.0004874213773291558,100.0,16.200000762939453
1772707383.2806873,2026-03-05T10:43:03.280687,spoof_drift,02,attack,27.536,47.3979706,8.5461648,47.398233457238845,8.546553123897235,0.3960000276565552,0.21000000834465027,-0.013864018954336643,-0.0007513620657846332,-9.680307388305664,0.0003237021155655384,6.880563159938902e-05,-0.0010234250221401453,100.0,16.200000762939453
1772707383.3826025,2026-03-05T10:43:03.382602,spoof_drift,02,attack,27.638,47.3979706,8.5461648,47.39823443011561,8.546554561146204,0.3960000276565552,0.21000000834465027,-0.013864018954336643,-0.0007513620657846332,-9.680307388305664,0.0003237021155655384,6.880563159938902e-05,-0.0010234250221401453,100.0,16.200000762939453
1772707383.5034008,2026-03-05T10:43:03.503401,spoof_drift,02,attack,27.759,47.3979706,8.5461648,47.39823558325074,8.546556264694226,0.4050000309944153,0.21900001168251038,-0.004804644268006086,0.0037173409946262836,-9.680846214294434,-0.0008435267372988164,-0.00060570880305022,-6.120981561252847e-05,100.0,16.200000762939453
1772707383.6158922,2026-03-05T10:43:03.615892,spoof_drift,02,attack,27.871,47.3979706,8.5461648,47.39823665708785,8.546557851093798,0.4050000309944153,0.21900001168251038,-0.004804644268006086,0.0037173409946262836,-9.680846214294434,-0.0008435267372988164,-0.00060570880305022,-6.120981561252847e-05,100.0,16.200000762939453
1772707383.737987,2026-03-05T10:43:03.737987,spoof_drift,02,attack,27.993,47.3979705,8.5461648,47.398237722599504,8.546559572925135,0.4100000262260437,0.2240000069141388,0.002359791425988078,-0.001940135145559907,-9.687873840332031,0.000810375961009413,-0.0003281488607171923,0.00010998790094163269,100.0,16.200000762939453
1772707383.8480146,2026-03-05T10:43:03.848015,spoof_drift,02,attack,28.103,47.3979705,8.5461648,47.398238772917125,8.546561124578934,0.4150000214576721,0.22800001502037048,-0.009268410503864288,0.004823577124625444,-9.68252182006836,-0.00011261804320383817,0.00020331813720986247,-0.00012850908387918025,100.0,16.200000762939453
1772707383.9641106,2026-03-05T10:43:03.964111,spoof_drift,02,attack,28.219,47.3979705,8.5461648,47.39823988116405,8.546562761812767,0.4150000214576721,0.22800001502037048,-0.009268410503864288,0.004823577124625444,-9.68252182006836,-0.00011261804320383817,0.00020331813720986247,-0.00012850908387918025,100.0,16.200000762939453
1772707384.0680044,2026-03-05T10:43:04.068004,spoof_drift,02,attack,28.323,47.3979705,8.5461648,47.398240872928774,8.54656422696527,0.4220000207424164,0.23600001633167267,-0.0016186860157176852,0.006491224281489849,-9.68269157409668,-0.00046563358046114445,-0.00021248366101644933,-0.00034694603527896106,100.0,16.200000762939453
1772707384.1700556,2026-03-05T10:43:04.170056,spoof_drift,02,attack,28.425,47.3979705,8.5461648,47.3982418471051,8.546565666134097,0.4220000207424164,0.23600001633167267,0.0014427404385060072,0.004129732493311167,-9.677334785461426,-0.0001053636588039808,-0.00012872535444330424,0.0008330629789270461,100.0,16.200000762939453
1772707384.2829738,2026-03-05T10:43:04.282974,spoof_drift,02,attack,28.538,47.3979705,8.5461648,47.39824292501612,8.546567258552141,0.42600002884864807,0.24000000953674316,0.0014427404385060072,0.004129732493311167,-9.677334785461426,-0.0001053636588039808,-0.00012872535444330424,0.0008330629789270461,100.0,16.200000762939453
1772707384.3902705,2026-03-05T10:43:04.390270,spoof_drift,02,attack,28.646,47.3979705,8.5461648,47.39824394926522,8.546568771694421,0.43700000643730164,0.2510000169277191,0.0006980386096984148,0.0029845116659998894,-9.68429183959961,1.9856281141983345e-05,0.0003859448479488492,0.0002882059779949486,100.0,16.200000762939453
1772707384.4953723,2026-03-05T10:43:04.495372,spoof_drift,02,attack,28.751,47.3979705,8.5461648,47.398244952562095,8.54657025388358,0.43700000643730164,0.2510000169277191,0.0006980386096984148,0.0029845116659998894,-9.68429183959961,1.9856281141983345e-05,0.0003859448479488492,0.0002882059779949486,100.0,16.200000762939453
1772707384.5970883,2026-03-05T10:43:04.597088,spoof_drift,02,attack,28.852,47.3979705,8.5461648,47.398245923538454,8.546571688325045,0.4390000104904175,0.25300002098083496,-0.0030287238769233227,0.0035218363627791405,-9.676008224487305,-0.00039762648520991206,-4.131585592404008e-05,0.0004373116244096309,100.0,16.200000762939453
1772707384.6998641,2026-03-05T10:43:04.699864,spoof_drift,02,attack,28.955,47.3979705,8.5461648,47.39824690463133,8.546573137711832,0.44700002670288086,0.26100000739097595,-2.111680805683136e-05,-0.0032782326452434063,-9.678171157836914,0.001009279629215598,-0.0009181764326058328,1.215680458699353e-05,100.0,16.200000762939453
1772707384.8061328,2026-03-05T10:43:04.806133,spoof_drift,02,attack,29.061,47.3979705,8.5461648,47.398247919066606,8.546574636355974,0.44700002670288086,0.26100000739097595,-2.111680805683136e-05,-0.0032782326452434063,-9.678171157836914,0.001009279629215598,-0.0009181764326058328,1.215680458699353e-05,100.0,16.200000762939453
1772707384.9149172,2026-03-05T10:43:04.914917,spoof_drift,02,attack,29.17,47.3979705,8.5461648,47.398248957517524,8.546576170478861,0.45000001788139343,0.2639999985694885,0.0028890103567391634,-0.007734316401183605,-9.689295768737793,-0.0005279218312352896,-0.0009295849595218897,3.7965797673678026e-05,100.0,16.200000762939453
1772707385.0168953,2026-03-05T10:43:05.016895,spoof_drift,02,attack,29.272,47.3979705,8.5461648,47.398249930995135,8.546577608615468,0.45000001788139343,0.2639999985694885,0.0028890103567391634,-0.007734316401183605,-9.689295768737793,-0.0005279218312352896,-0.0009295849595218897,3.7965797673678026e-05,100.0,16.200000762939453
1772707385.1188831,2026-03-05T10:43:05.118883,spoof_drift,02,attack,29.374,47.3979705,8.5461648,47.398250904566055,8.54657904688993,0.45000001788139343,0.2639999985694885,0.0028890103567391634,-0.007734316401183605,-9.689295768737793,-0.0005279218312352896,-0.0009295849595218897,3.7965797673678026e-05,100.0,16.200000762939453
1772707385.2221062,2026-03-05T10:43:05.222106,spoof_drift,02,attack,29.477,47.3979705,8.5461648,47.39825188992858,8.546580502584346,0.4650000333786011,0.27900001406669617,0.002907355083152652,0.01081989984959364,-9.686553955078125,-0.0003898610011674464,-0.0001882239885162562,0.00023751759727019817,100.0,16.200000762939453
1772707385.3241484,2026-03-05T10:43:05.324148,spoof_drift,02,attack,29.579,47.3979705,8.5461648,47.39825286401841,8.546581941625407,0.4650000333786011,0.27900001406669617,0.002907355083152652,0.01081989984959364,-9.686553955078125,-0.0003898610011674464,-0.0001882239885162562,0.00023751759727019817,100.0,16.200000762939453
1772707385.426073,2026-03-05T10:43:05.426073,spoof_drift,02,attack,29.681,47.3979705,8.5461648,47.39825383698621,8.546583379008863,0.4710000157356262,0.2850000262260437,-0.00595918670296669,-0.00028449707315303385,-9.675857543945312,-0.0009646854596212506,-0.000962600577622652,0.0005901374970562756,100.0,16.200000762939453
1772707385.5273054,2026-03-05T10:43:05.527305,spoof_drift,02,attack,29.783,47.3979705,8.5461648,47.3982548033447,8.546584806628267,0.47700002789497375,0.29100000858306885,-0.0036890984047204256,-0.0006912153912708163,-9.67453670501709,-0.0011458720546215773,-7.037064642645419e-05,-0.0004702969454228878,100.0,16.200000762939453
1772707385.6281192,2026-03-05T10:43:05.628119,spoof_drift,02,attack,29.883,47.3979705,8.5461648,47.39825576570893,8.546586228346877,0.47700002789497375,0.29100000858306885,-0.0036890984047204256,-0.0006912153912708163,-9.67453670501709,-0.0011458720546215773,-7.037064642645419e-05,-0.0004702969454228878,100.0,16.200000762939453
1772707385.733253,2026-03-05T10:43:05.733253,spoof_drift,02,attack,29.989,47.3979705,8.5461648,47.39825676931078,8.546587710986582,0.47700002789497375,0.29100000858306885,-0.0036890984047204256,-0.0006912153912708163,-9.67453670501709,-0.0011458720546215773,-7.037064642645419e-05,-0.0004702969454228878,100.0,16.200000762939453
1772707385.8534124,2026-03-05T10:43:05.853412,spoof_drift,02,attack,30.109,47.3979705,8.5461648,47.39825791634642,8.5465894055237,0.4790000319480896,0.2930000126361847,-0.009415905922651291,0.0014947940362617373,-9.680441856384277,-0.0010162186808884144,-0.0004411214904394001,0.00019320375577080995,100.0,16.200000762939453
1772707385.9577706,2026-03-05T10:43:05.957771,spoof_drift,02,attack,30.213,47.3979705,8.5461648,47.398258912544655,8.546590877225917,0.4790000319480896,0.2930000126361847,-0.009415905922651291,0.0014947940362617373,-9.680441856384277,-0.0010162186808884144,-0.0004411214904394001,0.00019320375577080995,100.0,16.200000762939453
1772707386.061952,2026-03-05T10:43:06.061952,spoof_drift,02,attack,30.317,47.3979705,8.5461648,47.39825990705642,8.546592346436688,0.48100003600120544,0.29500001668930054,-0.005628155544400215,-0.0033075488172471523,-9.684316635131836,-0.00047536613419651985,0.00012352995690889657,-0.00011469834134913981,100.0,16.200000762939453
1772707386.1673284,2026-03-05T10:43:06.167328,spoof_drift,02,attack,30.423,47.3979705,8.5461648,47.398260912972894,8.546593832495828,0.4830000102519989,0.2970000207424164,0.011366734281182289,-0.0069424305111169815,-9.684492111206055,0.0006975643336772919,-0.0004191871266812086,0.0005170758813619614,100.0,16.200000762939453
1772707386.272047,2026-03-05T10:43:06.272047,spoof_drift,02,attack,30.527,47.3979705,8.5461648,47.39826191261234,8.546595309281807,0.48900002241134644,0.30300000309944153,-0.0015264630783349276,0.0013797238934785128,-9.682259559631348,0.0003269252774771303,-0.00030675483867526054,0.00017656221461948007,100.0,16.200000762939453
1772707386.3783677,2026-03-05T10:43:06.378368,spoof_drift,02,attack,30.634,47.3979705,8.5461648,47.398262927543776,8.546596808658926,0.492000013589859,0.3060000240802765,0.0006160286720842123,0.002824731869623065,-9.684287071228027,-0.00035668941563926637,-1.892161526484415e-05,9.816301462706178e-05,100.0,16.200000762939453
1772707386.479755,2026-03-05T10:43:06.479755,spoof_drift,02,attack,30.735,47.3979705,8.5461648,47.39826389538162,8.546598238463812,0.492000013589859,0.3060000240802765,0.0006160286720842123,0.002824731869623065,-9.684287071228027,-0.00035668941563926637,-1.892161526484415e-05,9.816301462706178e-05,100.0,16.200000762939453
1772707386.5823736,2026-03-05T10:43:06.582374,spoof_drift,02,attack,30.838,47.3979705,8.5461648,47.39826487497466,8.546599685634856,0.49800002574920654,0.31200000643730164,-0.007462720386683941,0.0011299041798338294,-9.670845031738281,-0.0004666459863074124,-0.0008925132569856942,-0.001059923437424004,100.0,16.200000762939453
1772707386.6850805,2026-03-05T10:43:06.685081,spoof_drift,02,attack,30.94,47.3979705,8.5461648,47.39826585540979,8.546601134049945,0.5020000338554382,0.3150000274181366,-0.0034637050703167915,-0.00030547016649506986,-9.685476303100586,-1.5074514521984383e-05,-7.609994645463303e-05,0.00011506337614264339,100.0,16.200000762939453
1772707386.7883656,2026-03-05T10:43:06.788366,spoof_drift,02,attack,31.044,47.3979705,8.5461648,47.398266841364055,8.546602590618553,0.5020000338554382,0.3150000274181366,-0.0034637050703167915,-0.00030547016649506986,-9.685476303100586,-1.5074514521984383e-05,-7.609994645463303e-05,0.00011506337614264339,100.0,16.200000762939453
1772707386.8899696,2026-03-05T10:43:06.889970,spoof_drift,02,attack,31.145,47.3979705,8.5461648,47.39826781127073,8.546604023479748,0.5060000419616699,0.320000022649765,0.005911057814955711,0.004828276578336954,-9.68319320678711,0.000561555614694953,-0.00026105594588443637,-0.0003378561232239008,100.0,16.200000762939453
1772707387.0255094,2026-03-05T10:43:07.025509,spoof_drift,02,attack,31.281,47.3979705,8.5461648,47.398269105126744,8.546605934917348,0.5060000419616699,0.320000022649765,0.005911057814955711,0.004828276578336954,-9.68319320678711,0.000561555614694953,-0.00026105594588443637,-0.0003378561232239008,100.0,16.200000762939453
1772707387.131031,2026-03-05T10:43:07.131031,spoof_drift,02,attack,31.386,47.3979705,8.5461648,47.39827011243153,8.546607423027478,0.5090000033378601,0.3230000138282776,-0.0018088677898049355,0.004107323940843344,-9.675336837768555,1.8839502445189282e-05,0.0011402149684727192,1.9595627236412838e-05,100.0,16.200000762939453
1772707387.2318077,2026-03-05T10:43:07.231808,spoof_drift,02,attack,31.487,47.3979705,8.5461648,47.398271074440714,8.546608844221572,0.5090000033378601,0.3230000138282776,-0.0018088677898049355,0.004107323940843344,-9.675336837768555,1.8839502445189282e-05,0.0011402149684727192,1.9595627236412838e-05,100.0,16.200000762939453
1772707387.3342164,2026-03-05T10:43:07.334216,spoof_drift,02,attack,31.59,47.3979705,8.5461648,47.39827205202866,8.54661028843045,0.5120000243186951,0.32600000500679016,-0.002527456497773528,-0.002244353760033846,-9.68004035949707,-2.910749208240304e-05,-0.0009109936072491109,0.0011091773631051183,100.0,16.200000762939453
1772707387.440406,2026-03-05T10:43:07.440406,spoof_drift,02,attack,31.696,47.3979705,8.5461648,47.398273065710605,8.54661178596168,0.5120000243186951,0.32600000500679016,-0.002527456497773528,-0.002244353760033846,-9.68004035949707,-2.910749208240304e-05,-0.0009109936072491109,0.0011091773631051183,100.0,16.200000762939453
1772707387.544369,2026-03-05T10:43:07.544369,spoof_drift,02,attack,31.8,47.3979705,8.5461648,47.39827405813534,8.546613252089243,0.5170000195503235,0.33100003004074097,0.005512473173439503,0.005877053365111351,-9.682104110717773,-0.0005848744185641408,0.0003024906909558922,0.0007928305421955884,100.0,16.200000762939453
1772707387.6476445,2026-03-05T10:43:07.647645,spoof_drift,02,attack,31.903,47.3979705,8.5461648,47.398275043998574,8.54661470852336,0.5190000534057617,0.3330000042915344,-0.004523175768554211,0.0035465266555547714,-9.684074401855469,0.00045057039824314415,0.00039785579429008067,-0.001127029536291957,100.0,16.200000762939453
1772707387.7489555,2026-03-05T10:43:07.748955,spoof_drift,02,attack,32.004,47.3979705,8.5461648,47.39827601110812,8.546616137252316,0.5190000534057617,0.3330000042915344,-0.004523175768554211,0.0035465266555547714,-9.684074401855469,0.00045057039824314415,0.00039785579429008067,-0.001127029536291957,100.0,16.200000762939453
1772707387.8504891,2026-03-05T10:43:07.850489,spoof_drift,02,attack,32.106,47.3979705,8.5461648,47.3982769803434,8.54661756912164,0.5230000019073486,0.3370000123977661,-0.004787934012711048,5.1192473620176315e-05,-9.696037292480469,-0.00012711343879345804,0.0005890512838959694,-0.0010377001017332077,100.0,16.200000762939453
1772707387.9531038,2026-03-05T10:43:07.953104,spoof_drift,02,attack,32.208,47.3979705,8.5461648,47.39827795989774,8.546619016235526,0.5230000019073486,0.3370000123977661,-0.004787934012711048,5.1192473620176315e-05,-9.696037292480469,-0.00012711343879345804,0.0005890512838959694,-0.0010377001017332077,100.0,16.200000762939453
1772707388.0554168,2026-03-05T10:43:08.055417,spoof_drift,02,attack,32.311,47.3979705,8.5461648,47.398278936573035,8.546620459096133,0.5270000100135803,0.3410000205039978,-0.007586621679365635,0.0035471448209136724,-9.683847427368164,-0.0009273820905946195,-4.69075603177771e-05,-0.0003480633604340255,100.0,16.200000762939453
1772707388.1571653,2026-03-05T10:43:08.157165,spoof_drift,02,attack,32.412,47.3979705,8.5461648,47.39827990785892,8.546621893994867,0.5290000438690186,0.34300002455711365,-0.007586621679365635,0.0035471448209136724,-9.683847427368164,-0.0009273820905946195,-4.69075603177771e-05,-0.0003480633604340255,100.0,16.200000762939453
1772707388.260389,2026-03-05T10:43:08.260389,spoof_drift,02,attack,32.516,47.3979705,8.5461648,47.39828089322827,8.546623349699372,0.5320000052452087,0.3460000157356262,0.0011556472163647413,0.0069597759284079075,-9.684367179870605,0.0008889554301276803,-0.0010276713874191046,-0.0005107427132315934,100.0,16.200000762939453
1772707388.3621862,2026-03-05T10:43:08.362186,spoof_drift,02,attack,32.617,47.3979705,8.5461648,47.39828186497844,8.54662478528401,0.5350000262260437,0.3490000069141388,0.008563293144106865,-0.0030100622680038214,-9.681192398071289,-0.00042343579116277397,-0.0004825924406759441,-0.0008928328170441091,100.0,16.200000762939453
1772707388.4643614,2026-03-05T10:43:08.464361,spoof_drift,02,attack,32.72,47.3979705,8.5461648,47.39828284033825,8.546626226201221,0.5350000262260437,0.3490000069141388,0.008563293144106865,-0.0030100622680038214,-9.681192398071289,-0.00042343579116277397,-0.0004825924406759441,-0.0008928328170441091,100.0,16.200000762939453
1772707388.5654032,2026-03-05T10:43:08.565403,spoof_drift,02,attack,32.821,47.3979705,8.5461648,47.39828380487827,8.546627651134166,0.5400000214576721,0.3540000021457672,-0.001871925313025713,-0.006344941910356283,-9.675901412963867,-0.0006278232322074473,0.0006316601065918803,-0.000511667225509882,100.0,16.200000762939453
1772707388.6702473,2026-03-05T10:43:08.670247,spoof_drift,02,attack,32.926,47.3979705,8.5461648,47.39828480571486,8.546629129688704,0.5410000085830688,0.35500001907348633,-0.002787678735330701,-0.004357460420578718,-9.683393478393555,-0.000339176447596401,0.0008294521830976009,-0.0005325756501406431,100.0,16.200000762939453
1772707388.7710786,2026-03-05T10:43:08.771079,spoof_drift,02,attack,33.026,47.3979705,8.5461648,47.39828576824523,8.54663055165276,0.5410000085830688,0.35500001907348633,-0.002787678735330701,-0.004357460420578718,-9.683393478393555,-0.000339176447596401,0.0008294521830976009,-0.0005325756501406431,100.0,16.200000762939453
1772707388.8751707,2026-03-05T10:43:08.875171,spoof_drift,02,attack,33.13,47.3979705,8.546164899999999,47.39828676190353,8.546632119602675,0.5450000166893005,0.359000027179718,-0.006440357305109501,0.0014313696883618832,-9.682637214660645,0.0007181077962741256,5.2140345360385254e-05,-0.0008591015357524157,100.0,16.200000762939453
1772707388.976361,2026-03-05T10:43:08.976361,spoof_drift,02,attack,33.232,47.3979705,8.546164899999999,47.39828772786146,8.54663354663032,0.5450000166893005,0.359000027179718,-0.0003763717832043767,0.005187095142900944,-9.688308715820312,-0.000454359978903085,0.00032346032094210386,0.0002085692685795948,100.0,16.200000762939453
1772707389.0780866,2026-03-05T10:43:09.078087,spoof_drift,02,attack,33.333,47.3979705,8.546164899999999,47.39828869892885,8.546634981206276,0.5509999990463257,0.36500000953674316,-0.03679594397544861,-0.0015423566801473498,-9.702688217163086,0.00046510412357747555,0.0016508868429809809,0.00012088692164979875,100.0,16.200000762939453
1772707389.1809857,2026-03-05T10:43:09.180986,spoof_drift,02,attack,33.436,47.3979705,8.546164899999999,47.398289681198385,8.54663643233136,0.5560000538825989,0.36900001764297485,-0.0841987207531929,-0.0032588010653853416,-9.737043380737305,0.0006939569138921797,0.006998318713158369,0.0005242052138783038,100.0,16.200000762939453
1772707389.2817616,2026-03-05T10:43:09.281762,spoof_drift,02,attack,33.537,47.3979705,8.546164899999999,47.398290643200745,8.546637853515366,0.5580000281333923,0.3710000216960907,-0.11338482052087784,0.0010664166184142232,-9.748558044433594,-0.0009998396271839738,0.015619484707713127,0.0007869243272580206,100.0,16.200000762939453
1772707389.3863056,2026-03-05T10:43:09.386306,spoof_drift,02,attack,33.642,47.3979705,8.546164899999999,47.39829164117193,8.546639327836797,0.5580000281333923,0.3710000216960907,-0.11338482052087784,0.0010664166184142232,-9.748558044433594,-0.0009998396271839738,0.015619484707713127,0.0007869243272580206,100.0,16.200000762939453
1772707389.489058,2026-03-05T10:43:09.489058,spoof_drift,02,attack,33.744,47.3979705,8.546164899999999,47.398292622041765,8.54664077689408,0.5600000023841858,0.37400001287460327,-0.10214871913194656,-0.012546408921480179,-9.79574966430664,-0.00070051389047876,0.029733475297689438,-0.001626737997867167,100.0,16.200000762939453
1772707389.5911138,2026-03-05T10:43:09.591114,spoof_drift,02,attack,33.846,47.3979705,8.546164899999999,47.398293596261325,8.54664221612679,0.5600000023841858,0.37400001287460327,-0.10214871913194656,-0.012546408921480179,-9.79574966430664,-0.00070051389047876,0.029733475297689438,-0.001626737997867167,100.0,16.200000762939453
1772707389.720497,2026-03-05T10:43:09.720497,spoof_drift,02,attack,33.976,47.3979705,8.546164899999999,47.39829483134595,8.546644040740315,0.562000036239624,0.3760000169277191,-0.029390281066298485,-0.019968610256910324,-9.885780334472656,-0.00018220643687527627,0.054886963218450546,-0.003940660506486893,100.0,16.200000762939453
1772707389.8251276,2026-03-05T10:43:09.825128,spoof_drift,02,attack,34.08,47.3979705,8.546164899999999,47.39829583014558,8.546645516285613,0.562000036239624,0.3760000169277191,-0.029390281066298485,-0.019968610256910324,-9.885780334472656,-0.00018220643687527627,0.054886963218450546,-0.003940660506486893,100.0,16.200000762939453
1772707389.9298196,2026-03-05T10:43:09.929820,spoof_drift,02,attack,34.185,47.3979705,8.546164899999999,47.39829682953012,8.546646992695019,0.5640000104904175,0.37800002098083496,0.018670639023184776,0.0031707214657217264,-9.954341888427734,-0.003105828771367669,0.08164059370756149,-0.0038797815795987844,100.0,16.200000762939453
1772707390.0360339,2026-03-05T10:43:10.036034,spoof_drift,02,attack,34.291,47.3979705,8.546164899999999,47.39829784344649,8.546648490572561,0.5640000104904175,0.37800002098083496,0.018670639023184776,0.0031707214657217264,-9.954341888427734,-0.003105828771367669,0.08164059370756149,-0.0038797815795987844,100.0,16.200000762939453
1772707390.1384392,2026-03-05T10:43:10.138439,spoof_drift,02,attack,34.394,47.3979705,8.546164899999999,47.39829882100257,8.54664993473437,0.5649999976158142,0.3790000081062317,0.006299629807472229,0.006654532626271248,-10.055103302001953,-0.009013054892420769,0.09573075920343399,-0.004080380778759718,100.0,16.200000762939453
1772707390.2594168,2026-03-05T10:43:10.259417,spoof_drift,02,attack,34.515,47.3979706,8.546164899999999,47.39830007584921,8.546651640811746,0.5680000185966492,0.38100001215934753,0.0006465481128543615,-0.002886493457481265,-10.066978454589844,-0.010885685682296753,0.09235596656799316,-0.004472406581044197,100.0,16.200000762939453
1772707390.3646948,2026-03-05T10:43:10.364695,spoof_drift,02,attack,34.62,47.3979706,8.546164899999999,47.39830108082799,8.54665312548563,0.5680000185966492,0.38100001215934753,0.0006465481128543615,-0.002886493457481265,-10.066978454589844,-0.010885685682296753,0.09235596656799316,-0.004472406581044197,100.0,16.200000762939453
1772707390.4711173,2026-03-05T10:43:10.471117,spoof_drift,02,attack,34.726,47.3979706,8.546164899999999,47.39830209673124,8.546654626298444,0.5690000057220459,0.3830000162124634,-0.001406746101565659,0.0033403094857931137,-10.165178298950195,-0.011309457011520863,0.08339902013540268,-0.002721576951444149,100.0,16.200000762939453
1772707390.578179,2026-03-05T10:43:10.578179,spoof_drift,02,attack,34.833,47.3979706,8.546164899999999,47.39830311873628,8.546656136125522,0.5740000009536743,0.3880000114440918,0.0012748476583510637,0.0007591352332383394,-10.244841575622559,-0.011700465343892574,0.08009449392557144,-0.0035614294465631247,100.0,16.200000762939453
1772707390.6798782,2026-03-05T10:43:10.679878,spoof_drift,02,attack,34.935,47.3979706,8.546164899999999,47.39830408955332,8.54665757033163,0.5740000009536743,0.3880000114440918,0.0012748476583510637,0.0007591352332383394,-10.244841575622559,-0.011700465343892574,0.08009449392557144,-0.0035614294465631247,100.0,16.200000762939453
1772707390.7848985,2026-03-05T10:43:10.784899,spoof_drift,02,attack,35.04,47.3979706,8.546164899999999,47.39830509207182,8.546659051370893,0.5790000557899475,0.3930000066757202,-0.006641233339905739,0.006568712182343006,-10.352422714233398,-0.009903153404593468,0.0732065960764885,-0.0027453009970486164,100.0,16.200000762939453
1772707390.88587,2026-03-05T10:43:10.885870,spoof_drift,02,attack,35.141,47.3979706,8.546164899999999,47.398306055940445,8.54666047531197,0.5790000557899475,0.3930000066757202,-0.006641233339905739,0.006568712182343006,-10.352422714233398,-0.009903153404593468,0.0732065960764885,-0.0027453009970486164,100.0,16.200000762939453
1772707390.9902217,2026-03-05T10:43:10.990222,spoof_drift,02,attack,35.246,47.3979706,8.546164899999999,47.39830705207723,8.54666194692341,0.5800000429153442,0.3930000066757202,0.003116593463346362,-0.006090432871133089,-10.461730003356934,-0.009278642944991589,0.05908360704779625,-0.002617267658933997,100.0,16.200000762939453
1772707391.0916882,2026-03-05T10:43:11.091688,spoof_drift,02,attack,35.347,47.3979706,8.546164899999999,47.39830802067069,8.546663377844574,0.5800000429153442,0.3930000066757202,0.003116593463346362,-0.006090432871133089,-10.461730003356934,-0.009278642944991589,0.05908360704779625,-0.002617267658933997,100.0,16.200000762939453
1772707391.192959,2026-03-05T10:43:11.192959,spoof_drift,02,attack,35.448,47.3979706,8.546164899999999,47.39830898739788,8.54666480600867,0.5830000042915344,0.3970000147819519,-0.005116487853229046,0.00184683280531317,-10.419095993041992,-0.006897773128002882,0.04155539721250534,-0.00291961757466197,100.0,16.200000762939453
1772707391.2954228,2026-03-05T10:43:11.295423,spoof_drift,02,attack,35.551,47.3979706,8.546164899999999,47.398309965511565,8.546666250994239,0.5850000381469727,0.39900001883506775,0.0015863960143178701,-0.0007756835548207164,-10.3936185836792,-0.005566734820604324,0.03406350687146187,-0.003283739322796464,100.0,16.200000762939453
1772707391.3974087,2026-03-05T10:43:11.397409,spoof_drift,02,attack,35.653,47.3979706,8.546164899999999,47.398310939064274,8.546667689241803,0.5850000381469727,0.39900001883506775,0.0015863960143178701,-0.0007756835548207164,-10.3936185836792,-0.005566734820604324,0.03406350687146187,-0.003283739322796464,100.0,16.200000762939453
1772707391.4990082,2026-03-05T10:43:11.499008,spoof_drift,02,attack,35.754,47.3979706,8.546164899999999,47.3983119089277,8.546669122039118,0.5910000205039978,0.40400001406669617,0.005167001858353615,-0.006119436584413052,-10.315949440002441,-0.0037393097300082445,0.027005456387996674,-0.0029940325766801834,100.0,16.200000762939453
1772707391.6039681,2026-03-05T10:43:11.603968,spoof_drift,02,attack,35.859,47.3979706,8.546164899999999,47.398312910870395,8.546670602227724,0.5980000495910645,0.41200003027915955,0.0037974391598254442,0.0033991094678640366,-10.224796295166016,-0.0009663651580922306,0.015780318528413773,-0.0018782729748636484,100.0,16.200000762939453
1772707391.7058237,2026-03-05T10:43:11.705824,spoof_drift,02,attack,35.961,47.3979706,8.546164899999999,47.39831388317817,8.546672038636125,0.5980000495910645,0.41200003027915955,0.0037974391598254442,0.0033991094678640366,-10.224796295166016,-0.0009663651580922306,0.015780318528413773,-0.0018782729748636484,100.0,16.200000762939453
1772707391.8069437,2026-03-05T10:43:11.806944,spoof_drift,02,attack,36.062,47.3979706,8.546164899999999,47.3983148484647,8.5466734646719,0.6020000576972961,0.41600000858306885,0.008404873311519623,0.0028781781438738108,-10.055338859558105,0.0014760928461328149,0.005261360667645931,-0.0020652124658226967,100.0,16.200000762939453
1772707391.9083147,2026-03-05T10:43:11.908315,spoof_drift,02,attack,36.164,47.3979706,8.546164899999999,47.398315816147786,8.546674894248152,0.6020000576972961,0.41600000858306885,0.008404873311519623,0.0028781781438738108,-10.055338859558105,0.0014760928461328149,0.005261360667645931,-0.0020652124658226967,100.0,16.200000762939453
1772707392.0107594,2026-03-05T10:43:12.010759,spoof_drift,02,attack,36.266,47.3979706,8.5461648,47.39831679407939,8.54667623896474,0.6070000529289246,0.42100003361701965,0.001771382289007306,-0.00048074868391267955,-9.820913314819336,0.00473870150744915,-0.009693843312561512,-0.0017254080157727003,100.0,16.200000762939453
1772707392.1155865,2026-03-05T10:43:12.115587,spoof_drift,02,attack,36.371,47.3979706,8.5461648,47.398317794754384,8.546677717280557,0.6080000400543213,0.4220000207424164,0.005092194303870201,0.005857579875737429,-9.88488483428955,0.0058432952500879765,-0.018938153982162476,-0.0008430154994130135,100.0,16.200000762939453
1772707392.2191017,2026-03-05T10:43:12.219102,spoof_drift,02,attack,36.474,47.3979706,8.5461648,47.39831878290493,8.546679177093768,0.6140000224113464,0.4280000329017639,0.005092194303870201,0.005857579875737429,-9.88488483428955,0.0058432952500879765,-0.018938153982162476,-0.0008430154994130135,100.0,16.200000762939453
1772707392.340439,2026-03-05T10:43:12.340439,spoof_drift,02,attack,36.596,47.3979706,8.5461648,47.398319941185946,8.546680888243898,0.6170000433921814,0.4310000240802765,0.003360459581017494,0.003941492643207312,-9.937116622924805,0.0036862201523035765,-0.022219421342015266,-0.00026823882944881916,100.0,16.200000762939453
1772707392.4471047,2026-03-05T10:43:12.447105,spoof_drift,02,attack,36.702,47.3979706,8.5461648,47.398320959410654,8.546682392486234,0.6190000176429749,0.4320000112056732,-0.0007338941795751452,0.006926232483237982,-10.099778175354004,0.004044711589813232,-0.025682972744107246,-0.0016877948073670268,100.0,16.200000762939453
1772707392.552223,2026-03-05T10:43:12.552223,spoof_drift,02,attack,36.808,47.3979706,8.5461648,47.398321962864564,8.546683874907394,0.6190000176429749,0.4320000112056732,-0.0007338941795751452,0.006926232483237982,-10.099778175354004,0.004044711589813232,-0.025682972744107246,-0.0016877948073670268,100.0,16.200000762939453
1772707392.6533437,2026-03-05T10:43:12.653344,spoof_drift,02,attack,36.909,47.3979706,8.5461648,47.39832292815792,8.546685300953257,0.6190000176429749,0.43300002813339233,0.008612826466560364,0.004586122464388609,-10.085524559020996,0.004244837909936905,-0.02785339020192623,-0.0004704389430116862,100.0,16.200000762939453
1772707392.7552738,2026-03-05T10:43:12.755274,spoof_drift,02,attack,37.011,47.3979706,8.5461648,47.39832390117806,8.54668673841405,0.6220000386238098,0.4350000321865082,0.0077767688781023026,0.0003013548848684877,-10.094511985778809,0.004244147799909115,-0.031123928725719452,-0.0005820415681228042,100.0,16.200000762939453
1772707392.8571348,2026-03-05T10:43:12.857135,spoof_drift,02,attack,37.112,47.3979706,8.5461648,47.398324873538186,8.546688174899781,0.6220000386238098,0.4350000321865082,0.0077767688781023026,0.0003013548848684877,-10.094511985778809,0.004244147799909115,-0.031123928725719452,-0.0005820415681228042,100.0,16.200000762939453
1772707392.9583933,2026-03-05T10:43:12.958393,spoof_drift,02,attack,37.214,47.3979706,8.5461647,47.39832584014703,8.54668950288904,0.6270000338554382,0.4410000145435333,0.006204303819686174,0.004645316395908594,-10.172348022460938,0.005412161350250244,-0.034166112542152405,0.0006642691441811621,100.0,16.200000762939453
1772707393.060748,2026-03-05T10:43:13.060748,spoof_drift,02,attack,37.316,47.3979706,8.5461647,47.398326817220614,8.546690946338048,0.6310000419616699,0.4440000355243683,0.006143464706838131,-0.0006175888702273369,-10.212042808532715,0.005387306213378906,-0.035523127764463425,-0.0007153830956667662,100.0,16.200000762939453
1772707393.162338,2026-03-05T10:43:13.162338,spoof_drift,02,attack,37.418,47.3979706,8.5461647,47.398327786993,8.54669237900087,0.6380000114440918,0.4520000219345093,0.0035121459513902664,-0.0031369004864245653,-10.154675483703613,0.004310029558837414,-0.037629611790180206,8.76878184499219e-05,100.0,16.200000762939453
1772707393.2687645,2026-03-05T10:43:13.268764,spoof_drift,02,attack,37.524,47.3979706,8.5461647,47.39832880293495,8.546693879870842,0.6380000114440918,0.4520000219345093,0.0035121459513902664,-0.0031369004864245653,-10.154675483703613,0.004310029558837414,-0.037629611790180206,8.76878184499219e-05,100.0,16.200000762939453
1772707393.3701289,2026-03-05T10:43:13.370129,spoof_drift,02,attack,37.625,47.3979706,8.5461647,47.398329770554305,8.546695309352952,0.6380000114440918,0.4520000219345093,0.0035121459513902664,-0.0031369004864245653,-10.154675483703613,0.004310029558837414,-0.037629611790180206,8.76878184499219e-05,100.0,16.200000762939453
1772707393.472033,2026-03-05T10:43:13.472033,spoof_drift,02,attack,37.727,47.3979706,8.5461647,47.398330743326376,8.546696746447257,0.6420000195503235,0.45500001311302185,0.0028937277384102345,0.00613656360656023,-10.20969295501709,0.004270467441529036,-0.03783278167247772,0.00018499883299227804,100.0,16.200000762939453
1772707393.5737793,2026-03-05T10:43:13.573779,spoof_drift,02,attack,37.829,47.3979706,8.5461647,47.39833171459178,8.546698181315733,0.6470000147819519,0.4610000252723694,0.0018409850308671594,0.009242935106158257,-10.18478775024414,0.0035707997158169746,-0.03995487838983536,-0.00010385749919805676,100.0,16.200000762939453
1772707393.6858084,2026-03-05T10:43:13.685808,spoof_drift,02,attack,37.941,47.3979706,8.5461647,47.39833278401586,8.54669976119585,0.6470000147819519,0.4610000252723694,0.0018409850308671594,0.009242935106158257,-10.18478775024414,0.0035707997158169746,-0.03995487838983536,-0.00010385749919805676,100.0,16.200000762939453
1772707393.7932913,2026-03-05T10:43:13.793291,spoof_drift,02,attack,38.049,47.3979706,8.5461646,47.39833381004246,8.54670117696407,0.6510000228881836,0.4650000333786011,0.0026614307425916195,0.0011736687738448381,-10.216361999511719,0.005120609886944294,-0.03909515589475632,0.00020832665904890746,100.0,16.200000762939453
1772707393.9017344,2026-03-05T10:43:13.901734,spoof_drift,02,attack,38.157,47.3979706,8.5461646,47.39833484523424,8.54670270627218,0.6510000228881836,0.4650000333786011,0.0026614307425916195,0.0011736687738448381,-10.216361999511719,0.005120609886944294,-0.03909515589475632,0.00020832665904890746,100.0,16.200000762939453
1772707394.0056517,2026-03-05T10:43:14.005652,spoof_drift,02,attack,38.261,47.3979706,8.5461646,47.39833583722428,8.54670417175755,0.6580000519752502,0.47200003266334534,0.012885447591543198,0.005018177907913923,-10.215956687927246,0.004260237328708172,-0.039567939937114716,-0.0014651932287961245,100.0,16.200000762939453
1772707394.107126,2026-03-05T10:43:14.107126,spoof_drift,02,attack,38.362,47.3979706,8.5461646,47.398336805892846,8.54670560278967,0.6580000519752502,0.47200003266334534,0.012885447591543198,0.005018177907913923,-10.215956687927246,0.004260237328708172,-0.039567939937114716,-0.0014651932287961245,100.0,16.200000762939453
1772707394.2090142,2026-03-05T10:43:14.209014,spoof_drift,02,attack,38.464,47.3979706,8.5461646,47.39833777851242,8.5467070396587,0.6630000472068787,0.47700002789497375,0.006432557478547096,0.004450453445315361,-10.218052864074707,0.004219124559313059,-0.03877469152212143,0.0005486905574798584,100.0,16.200000762939453
1772707394.3135052,2026-03-05T10:43:14.313505,spoof_drift,02,attack,38.569,47.3979706,8.5461646,47.39833877597835,8.54670851323371,0.6670000553131104,0.48100003600120544,0.009550224989652634,-0.0036235253792256117,-10.20136547088623,0.004310129210352898,-0.03709706291556358,0.0002566218900028616,100.0,16.200000762939453
1772707394.4214766,2026-03-05T10:43:14.421477,spoof_drift,02,attack,38.677,47.3979706,8.5461646,47.398339806668346,8.546710035891236,0.6720000505447388,0.48600003123283386,0.011339137330651283,0.004955243784934282,-10.210277557373047,0.0050124372355639935,-0.03928065299987793,0.0006269564037211239,100.0,16.200000762939453
1772707394.525822,2026-03-05T10:43:14.525822,spoof_drift,02,attack,38.781,47.3979706,8.5461645,47.39834080274368,8.546711407411895,0.6770000457763672,0.49000000953674316,0.004618549253791571,-0.0007116699125617743,-10.177824974060059,0.005466501694172621,-0.03890269994735718,-0.000614342512562871,100.0,16.200000762939453
1772707394.6280143,2026-03-05T10:43:14.628014,spoof_drift,02,attack,38.883,47.397970699999995,8.5461645,47.398341878267345,8.546712848572232,0.6810000538825989,0.49500003457069397,0.0059835417196154594,-0.012282030656933784,-10.154570579528809,0.004956139717251062,-0.039651595056056976,-9.822395804803818e-05,100.0,16.200000762939453
1772707394.7332907,2026-03-05T10:43:14.733291,spoof_drift,02,attack,38.989,47.397970699999995,8.5461645,47.3983428832302,8.546714333222583,0.6810000538825989,0.49500003457069397,0.0059835417196154594,-0.012282030656933784,-10.154570579528809,0.004956139717251062,-0.039651595056056976,-9.822395804803818e-05,100.0,16.200000762939453
1772707394.8395,2026-03-05T10:43:14.839500,spoof_drift,02,attack,39.095,47.397970699999995,8.5461645,47.39834389709877,8.546715831029525,0.6990000605583191,0.5130000114440918,0.0006129281828179955,0.003493539523333311,-10.187127113342285,0.007728836964815855,-0.03792756423354149,0.0003363755822647363,100.0,16.200000762939453
1772707394.942388,2026-03-05T10:43:14.942388,spoof_drift,02,attack,39.198,47.397970699999995,8.5461645,47.39834487926361,8.546717281999948,0.706000030040741,0.5200000405311584,0.006542499177157879,0.005387055221945047,-10.162718772888184,0.006444214377552271,-0.03770402446389198,-7.337635906878859e-05,100.0,16.200000762939453
1772707395.0433733,2026-03-05T10:43:15.043373,spoof_drift,02,attack,39.299,47.397970699999995,8.5461645,47.39834584326424,8.54671870613604,0.706000030040741,0.5200000405311584,0.006542499177157879,0.005387055221945047,-10.162718772888184,0.006444214377552271,-0.03770402446389198,-7.337635906878859e-05,100.0,16.200000762939453
1772707395.1449275,2026-03-05T10:43:15.144928,spoof_drift,02,attack,39.4,47.397970699999995,8.5461644,47.39834681269524,8.546720038294525,0.7170000076293945,0.5300000309944153,0.005675545893609524,0.0012156333541497588,-10.093579292297363,0.007310553919523954,-0.033114779740571976,-0.000405443919589743,100.0,16.200000762939453
1772707395.249365,2026-03-05T10:43:15.249365,spoof_drift,02,attack,39.505,47.397970699999995,8.5461644,47.39834780965136,8.546721511116386,0.7170000076293945,0.5300000309944153,0.008298693224787712,0.0009473718237131834,-10.116156578063965,0.005697544664144516,-0.03399329632520676,2.3255055566551164e-05,100.0,16.200000762939453
1772707395.3511221,2026-03-05T10:43:15.351122,spoof_drift,02,attack,39.606,47.397970699999995,8.5461644,47.39834878101918,8.546722946136168,0.7250000238418579,0.5390000343322754,0.008298693224787712,0.0009473718237131834,-10.116156578063965,0.005697544664144516,-0.03399329632520676,2.3255055566551164e-05,100.0,16.200000762939453
1772707395.4520977,2026-03-05T10:43:15.452098,spoof_drift,02,attack,39.707,47.397970699999995,8.5461644,47.39834974492649,8.546724370134406,0.7250000238418579,0.5390000343322754,0.008298693224787712,0.0009473718237131834,-10.116156578063965,0.005697544664144516,-0.03399329632520676,2.3255055566551164e-05,100.0,16.200000762939453
1772707395.5556388,2026-03-05T10:43:15.555639,spoof_drift,02,attack,39.811,47.397970699999995,8.5461644,47.39835073332511,8.546725830314108,0.7310000061988831,0.5450000166893005,0.0100215133279562,-0.0001335889974143356,-10.106331825256348,0.006828786339610815,-0.03218398243188858,0.0016197327058762312,100.0,16.200000762939453
1772707395.6581495,2026-03-05T10:43:15.658149,spoof_drift,02,attack,39.913,47.397970699999995,8.5461644,47.39835171188715,8.546727275962047,0.7310000061988831,0.5450000166893005,0.0100215133279562,-0.0001335889974143356,-10.106331825256348,0.006828786339610815,-0.03218398243188858,0.0016197327058762312,100.0,16.200000762939453
1772707395.7604883,2026-03-05T10:43:15.760488,spoof_drift,02,attack,40.016,47.397970699999995,8.5461644,47.398352688808245,8.546728719185785,0.7410000562667847,0.5550000071525574,0.009827558882534504,0.002124134683981538,-10.117799758911133,0.007645317353308201,-0.03127695620059967,9.10081434994936e-05,100.0,16.200000762939453
1772707395.8701663,2026-03-05T10:43:15.870166,spoof_drift,02,attack,40.125,47.397970699999995,8.5461644,47.39835373578936,8.546730265910492,0.7410000562667847,0.5550000071525574,0.009827558882534504,0.002124134683981538,-10.117799758911133,0.007645317353308201,-0.03127695620059967,9.10081434994936e-05,100.0,16.200000762939453
1772707395.972973,2026-03-05T10:43:15.972973,spoof_drift,02,attack,40.228,47.397970699999995,8.5461643,47.3983547171781,8.546731615734377,0.7500000596046448,0.5640000104904175,0.002321091014891863,0.0001380861212965101,-10.12665843963623,0.007182721514254808,-0.029747772961854935,0.0006959281163290143,100.0,16.200000762939453
1772707396.074964,2026-03-05T10:43:16.074964,spoof_drift,02,attack,40.33,47.397970699999995,8.5461643,47.39835569077861,8.546733054052552,0.753000020980835,0.5670000314712524,0.005844754166901112,0.0031251185573637486,-10.129216194152832,0.00600002845749259,-0.028566479682922363,0.0002360996586503461,100.0,16.200000762939453
1772707396.178043,2026-03-05T10:43:16.178043,spoof_drift,02,attack,40.433,47.397970699999995,8.5461643,47.398356674764194,8.546734507712799,0.753000020980835,0.5670000314712524,0.005844754166901112,0.0031251185573637486,-10.129216194152832,0.00600002845749259,-0.028566479682922363,0.0002360996586503461,100.0,16.200000762939453
1772707396.2823129,2026-03-05T10:43:16.282313,spoof_drift,02,attack,40.538,47.397970699999995,8.5461643,47.39835767012034,8.546735978170979,0.7600000500679016,0.5740000009536743,0.014223480597138405,-0.0030034759547561407,-10.101205825805664,0.004565419629216194,-0.02637345716357231,0.0013597459765151143,100.0,16.200000762939453
1772707396.3963015,2026-03-05T10:43:16.396302,spoof_drift,02,attack,40.652,47.397970699999995,8.5461643,47.3983587582503,8.546737585685653,0.7600000500679016,0.5740000009536743,0.014223480597138405,-0.0030034759547561407,-10.101205825805664,0.004565419629216194,-0.02637345716357231,0.0013597459765151143,100.0,16.200000762939453
1772707396.505092,2026-03-05T10:43:16.505092,spoof_drift,02,attack,40.76,47.397970699999995,8.5461643,47.398359796758115,8.546739119892603,0.7680000066757202,0.5820000171661377,0.009399516507983208,0.0014340534107759595,-10.049641609191895,0.004677378572523594,-0.024963920935988426,0.0006961923209019005,100.0,16.200000762939453
1772707396.6074524,2026-03-05T10:43:16.607452,spoof_drift,02,attack,40.863,47.397970699999995,8.5461643,47.39836077388632,8.546740563422308,0.7680000066757202,0.5820000171661377,0.009399516507983208,0.0014340534107759595,-10.049641609191895,0.004677378572523594,-0.024963920935988426,0.0006961923209019005,100.0,16.200000762939453
1772707396.708951,2026-03-05T10:43:16.708951,spoof_drift,02,attack,40.964,47.397970699999995,8.5461643,47.398361742787024,8.546741994797383,0.7680000066757202,0.5820000171661377,0.009399516507983208,0.0014340534107759595,-10.049641609191895,0.004677378572523594,-0.024963920935988426,0.0006961923209019005,100.0,16.200000762939453
1772707396.8129008,2026-03-05T10:43:16.812901,spoof_drift,02,attack,41.068,47.397970699999995,8.5461642,47.39836273508659,8.546743360740026,0.7770000100135803,0.5910000205039978,0.011430470272898674,-0.0071153524331748486,-10.006110191345215,0.0027897353284060955,-0.022523196414113045,-0.00115068512968719,100.0,16.200000762939453
1772707396.915422,2026-03-05T10:43:16.915422,spoof_drift,02,attack,41.171,47.397970699999995,8.5461642,47.39836371374877,8.546744806535905,0.7770000100135803,0.5910000205039978,0.011430470272898674,-0.0071153524331748486,-10.006110191345215,0.0027897353284060955,-0.022523196414113045,-0.00115068512968719,100.0,16.200000762939453
1772707397.018006,2026-03-05T10:43:17.018006,spoof_drift,02,attack,41.273,47.397970699999995,8.5461642,47.3983646930118,8.546746253219426,0.784000039100647,0.5980000495910645,0.01305311918258667,-0.0017928547458723187,-9.953648567199707,0.003080404596403241,-0.022384246811270714,-0.00018529151566326618,100.0,16.200000762939453
1772707397.1197808,2026-03-05T10:43:17.119781,spoof_drift,02,attack,41.375,47.397970699999995,8.5461642,47.39836566454804,8.546747688488017,0.7910000085830688,0.6050000190734863,0.010843027383089066,-0.0035452807787805796,-9.904048919677734,0.004946463275700808,-0.02088416926562786,7.350342639256269e-05,100.0,16.200000762939453
1772707397.222695,2026-03-05T10:43:17.222695,spoof_drift,02,attack,41.478,47.397970699999995,8.5461642,47.39836664696323,8.546749139828291,0.7910000085830688,0.6050000190734863,0.010843027383089066,-0.0035452807787805796,-9.904048919677734,0.004946463275700808,-0.02088416926562786,7.350342639256269e-05,100.0,16.200000762939453
1772707397.3358111,2026-03-05T10:43:17.335811,spoof_drift,02,attack,41.591,47.397970699999995,8.5461642,47.39836772676328,8.546750735037032,0.7910000085830688,0.6050000190734863,0.010843027383089066,-0.0035452807787805796,-9.904048919677734,0.004946463275700808,-0.02088416926562786,7.350342639256269e-05,100.0,16.200000762939453
1772707397.4409652,2026-03-05T10:43:17.440965,spoof_drift,02,attack,41.696,47.397970699999995,8.5461642,47.39836873055858,8.546752217962535,0.8020000457763672,0.6160000562667847,0.008553382009267807,-0.004857099615037441,-9.886411666870117,0.004711947403848171,-0.02053932286798954,0.0009598317556083202,100.0,16.200000762939453
1772707397.542292,2026-03-05T10:43:17.542292,spoof_drift,02,attack,41.798,47.397970699999995,8.5461642,47.39836969782062,8.54675364691677,0.8020000457763672,0.6160000562667847,0.008553382009267807,-0.004857099615037441,-9.886411666870117,0.004711947403848171,-0.02053932286798954,0.0009598317556083202,100.0,16.200000762939453
1772707397.6502562,2026-03-05T10:43:17.650256,spoof_drift,02,attack,41.906,47.397970699999995,8.5461642,47.39837072844005,8.546755169470067,0.8020000457763672,0.6160000562667847,0.008553382009267807,-0.004857099615037441,-9.886411666870117,0.004711947403848171,-0.02053932286798954,0.0009598317556083202,100.0,16.200000762939453
1772707397.753117,2026-03-05T10:43:17.753117,spoof_drift,02,attack,42.008,47.397970699999995,8.5461642,47.39837171034544,8.546756620057192,0.8090000152587891,0.6230000257492065,0.00933221448212862,-0.0038116478826850653,-9.890763282775879,0.00432645482942462,-0.018330784514546394,0.0003993944264948368,100.0,16.200000762939453
1772707397.8568947,2026-03-05T10:43:17.856895,spoof_drift,02,attack,42.112,47.397970699999995,8.5461641,47.398372701001776,8.546757983572272,0.8170000314712524,0.6310000419616699,0.005553293041884899,0.0021815476939082146,-9.887442588806152,0.0034808425698429346,-0.01853872649371624,-0.00012930297816637903,100.0,16.200000762939453
1772707397.9609342,2026-03-05T10:43:17.960934,spoof_drift,02,attack,42.216,47.397970699999995,8.5461641,47.398373694157094,8.54675945077913,0.8170000314712524,0.6310000419616699,0.005553293041884899,0.0021815476939082146,-9.887442588806152,0.0034808425698429346,-0.01853872649371624,-0.00012930297816637903,100.0,16.200000762939453
1772707398.066298,2026-03-05T10:43:18.066298,spoof_drift,02,attack,42.322,47.397970699999995,8.5461641,47.39837469995521,8.546760936663437,0.8290000557899475,0.6430000066757202,0.011556417681276798,-0.0026152341160923243,-9.809075355529785,0.003654792672023177,-0.01721794903278351,0.0009494312107563019,100.0,16.200000762939453
1772707398.1682274,2026-03-05T10:43:18.168227,spoof_drift,02,attack,42.424,47.397970699999995,8.5461641,47.39837567296853,8.546762374114145,0.8290000557899475,0.6430000066757202,0.011556417681276798,-0.0026152341160923243,-9.809075355529785,0.003654792672023177,-0.01721794903278351,0.0009494312107563019,100.0,16.200000762939453
1772707398.27045,2026-03-05T10:43:18.270450,spoof_drift,02,attack,42.526,47.397970699999995,8.5461641,47.398376648781245,8.546763815700455,0.8370000123977661,0.6510000228881836,0.004603137727826834,-0.0028806065674871206,-9.77326488494873,0.0026941359974443913,-0.017683153972029686,2.625526030897163e-05,100.0,16.200000762939453
1772707398.3847773,2026-03-05T10:43:18.384777,spoof_drift,02,attack,42.64,47.397970699999995,8.5461641,47.39837774014303,8.54676542798956,0.8370000123977661,0.6510000228881836,0.004603137727826834,-0.0028806065674871206,-9.77326488494873,0.0026941359974443913,-0.017683153972029686,2.625526030897163e-05,100.0,16.200000762939453
1772707398.4924304,2026-03-05T10:43:18.492430,spoof_drift,02,attack,42.748,47.397970699999995,8.5461641,47.39837876779465,8.546766946158451,0.8450000286102295,0.659000039100647,0.011160504072904587,-0.00213667843490839,-9.79180908203125,0.003933807369321585,-0.016954641789197922,0.00032031486625783145,100.0,16.200000762939453
1772707398.5963461,2026-03-05T10:43:18.596346,spoof_drift,02,attack,42.852,47.397970699999995,8.5461641,47.39837975976876,8.546768411620288,0.8580000400543213,0.6720000505447388,0.005755744408816099,0.0029497547075152397,-9.772130966186523,0.002749592997133732,-0.017036890611052513,0.0007958603673614562,100.0,16.200000762939453
1772707398.6998398,2026-03-05T10:43:18.699840,spoof_drift,02,attack,42.955,47.397970699999995,8.5461641,47.39838074771446,8.546769871130895,0.8580000400543213,0.6720000505447388,0.005755744408816099,0.0029497547075152397,-9.772130966186523,0.002749592997133732,-0.017036890611052513,0.0007958603673614562,100.0,16.200000762939453
1772707398.8067472,2026-03-05T10:43:18.806747,spoof_drift,02,attack,43.062,47.397970699999995,8.5461641,47.39838176824697,8.546771378782584,0.8720000386238098,0.6860000491142273,0.006511710584163666,-0.00036007227026857436,-9.773645401000977,0.0032130267936736345,-0.01452963799238205,0.0010640735272318125,100.0,16.200000762939453
1772707398.9093318,2026-03-05T10:43:18.909332,spoof_drift,02,attack,43.165,47.397970699999995,8.5461641,47.398382747514546,8.546772825472829,0.8720000386238098,0.6860000491142273,0.006511710584163666,-0.00036007227026857436,-9.773645401000977,0.0032130267936736345,-0.01452963799238205,0.0010640735272318125,100.0,16.200000762939453
1772707399.0122638,2026-03-05T10:43:19.012264,spoof_drift,02,attack,43.268,47.397970699999995,8.546164,47.39838373009816,8.54677417706191,0.8850000500679016,0.6980000138282776,0.004556653555482626,0.004985149018466473,-9.823973655700684,0.0022479717154055834,-0.012338154949247837,0.00011283767526037991,100.0,16.200000762939453
1772707399.1183217,2026-03-05T10:43:19.118322,spoof_drift,02,attack,43.374,47.397970699999995,8.546164,47.398384742521515,8.546775672733805,0.8850000500679016,0.6980000138282776,0.004556653555482626,0.004985149018466473,-9.823973655700684,0.0022479717154055834,-0.012338154949247837,0.00011283767526037991,100.0,16.200000762939453
1772707399.2203808,2026-03-05T10:43:19.220381,spoof_drift,02,attack,43.476,47.397970699999995,8.546164,47.39838571677294,8.546777112013592,0.893000066280365,0.7070000171661377,-0.004064212087541819,-0.00047806210932321846,-9.778878211975098,0.0009276693454012275,-0.010416225530207157,3.375508458702825e-05,100.0,16.200000762939453
1772707399.3370786,2026-03-05T10:43:19.337079,spoof_drift,02,attack,43.592,47.397970699999995,8.546164,47.398386830764316,8.546778757733819,0.893000066280365,0.7070000171661377,-0.004064212087541819,-0.00047806210932321846,-9.778878211975098,0.0009276693454012275,-0.010416225530207157,3.375508458702825e-05,100.0,16.200000762939453
1772707399.4399872,2026-03-05T10:43:19.439987,spoof_drift,02,attack,43.695,47.397970699999995,8.546164,47.39838781312489,8.546780208993397,0.893000066280365,0.7070000171661377,-0.004064212087541819,-0.00047806210932321846,-9.778878211975098,0.0009276693454012275,-0.010416225530207157,3.375508458702825e-05,100.0,16.200000762939453
1772707399.5435917,2026-03-05T10:43:19.543592,spoof_drift,02,attack,43.799,47.397970699999995,8.546164,47.398388802128906,8.546781670067464,0.893000066280365,0.7070000171661377,-0.004064212087541819,-0.00047806210932321846,-9.778878211975098,0.0009276693454012275,-0.010416225530207157,3.375508458702825e-05,100.0,16.200000762939453
1772707399.644888,2026-03-05T10:43:19.644888,spoof_drift,02,attack,43.9,47.397970699999995,8.546164,47.39838976909735,8.546783098587964,0.893000066280365,0.7070000171661377,-0.004064212087541819,-0.00047806210932321846,-9.778878211975098,0.0009276693454012275,-0.010416225530207157,3.375508458702825e-05,100.0,16.200000762939453
1772707399.7570846,2026-03-05T10:43:19.757085,spoof_drift,02,attack,44.012,47.397970699999995,8.546164,47.39839084012141,8.546784680831765,0.9010000228881836,0.7150000333786011,0.012699996121227741,6.703767576254904e-05,-9.73816967010498,0.0016739959828555584,-0.010185466147959232,0.0006449632928706706,100.0,16.200000762939453
1772707399.879607,2026-03-05T10:43:19.879607,spoof_drift,02,attack,44.135,47.397970699999995,8.546164,47.3983920097138,8.546786408692416,0.9010000228881836,0.7150000333786011,0.012699996121227741,6.703767576254904e-05,-9.73816967010498,0.0016739959828555584,-0.010185466147959232,0.0006449632928706706,100.0,16.200000762939453
1772707399.9834783,2026-03-05T10:43:19.983478,spoof_drift,02,attack,44.239,47.397970699999995,8.546164,47.39839300126459,8.54678787352887,0.9100000262260437,0.7240000367164612,0.007678190246224403,-0.0039362795650959015,-9.73020076751709,0.0017760534537956119,-0.009373849257826805,0.0008104743319563568,100.0,16.200000762939453
1772707400.0951953,2026-03-05T10:43:20.095195,spoof_drift,02,attack,44.351,47.397970699999995,8.546164,47.39839406770947,8.54678944900777,0.9140000343322754,0.7280000448226929,0.006975814700126648,-0.0025210846215486526,-9.72321605682373,0.0016067622927948833,-0.007748152129352093,0.0013943548547104,100.0,16.200000762939453
1772707400.1991637,2026-03-05T10:43:20.199164,spoof_drift,02,attack,44.454,47.397970699999995,8.546164,47.39839506018656,8.54679091521267,0.9360000491142273,0.7490000128746033,0.0008019116939976811,8.941569831222296e-06,-9.712202072143555,0.0021916774567216635,-0.006052055861800909,-0.00023322031483985484,100.0,16.200000762939453
1772707400.302103,2026-03-05T10:43:20.302103,spoof_drift,02,attack,44.557,47.397970699999995,8.5461639,47.39839604284072,8.546792266905983,0.9470000267028809,0.7600000500679016,0.005818010773509741,0.0016553307650610805,-9.70949935913086,0.0006448352942243218,-0.005768837407231331,0.0009033725946210325,100.0,16.200000762939453
1772707400.4048865,2026-03-05T10:43:20.404886,spoof_drift,02,attack,44.66,47.397970699999995,8.5461639,47.39839702400643,8.546793716400368,0.9570000171661377,0.7710000276565552,0.00022465165238827467,0.006730882916599512,-9.793330192565918,-0.0012369027826935053,-0.005603340920060873,0.000947916298173368,100.0,16.200000762939453
1772707400.5063121,2026-03-05T10:43:20.506312,spoof_drift,02,attack,44.762,47.397970699999995,8.5461639,47.398397992210704,8.546795146746584,0.9570000171661377,0.7710000276565552,0.00022465165238827467,0.006730882916599512,-9.793330192565918,-0.0012369027826935053,-0.005603340920060873,0.000947916298173368,100.0,16.200000762939453
1772707400.6126556,2026-03-05T10:43:20.612656,spoof_drift,02,attack,44.868,47.397970699999995,8.5461639,47.39839900736063,8.546796646446488,0.9570000171661377,0.7710000276565552,0.00022465165238827467,0.006730882916599512,-9.793330192565918,-0.0012369027826935053,-0.005603340920060873,0.000947916298173368,100.0,16.200000762939453
1772707400.7142391,2026-03-05T10:43:20.714239,spoof_drift,02,attack,44.97,47.397970699999995,8.5461639,47.39839997707157,8.546798079018533,0.9570000171661377,0.7710000276565552,0.00022465165238827467,0.006730882916599512,-9.793330192565918,-0.0012369027826935053,-0.005603340920060873,0.000947916298173368,100.0,16.200000762939453
1772707400.816698,2026-03-05T10:43:20.816698,spoof_drift,02,attack,45.072,47.397970699999995,8.5461639,47.39840095513973,8.546799523936857,0.968000054359436,0.7820000648498535,0.000669219414703548,-0.002760933944955468,-9.837576866149902,-0.0033397446386516094,-0.006478957366198301,0.00039908793405629694,100.0,16.200000762939453
1772707400.918287,2026-03-05T10:43:20.918287,spoof_drift,02,attack,45.174,47.397970699999995,8.5461639,47.39840192490302,8.546800956586234,0.968000054359436,0.7820000648498535,0.000669219414703548,-0.002760933944955468,-9.837576866149902,-0.0033397446386516094,-0.006478957366198301,0.00039908793405629694,100.0,16.200000762939453
1772707401.0216284,2026-03-05T10:43:21.021628,spoof_drift,02,attack,45.277,47.397970699999995,8.5461639,47.398402911394406,8.546802413948347,0.968000054359436,0.7820000648498535,0.000669219414703548,-0.002760933944955468,-9.837576866149902,-0.0033397446386516094,-0.006478957366198301,0.00039908793405629694,100.0,16.200000762939453
1772707401.123038,2026-03-05T10:43:21.123038,spoof_drift,02,attack,45.378,47.397970699999995,8.5461639,47.398403879446185,8.546803844069292,0.968000054359436,0.7820000648498535,0.000669219414703548,-0.002760933944955468,-9.837576866149902,-0.0033397446386516094,-0.006478957366198301,0.00039908793405629694,100.0,16.200000762939453
1772707401.2242458,2026-03-05T10:43:21.224246,spoof_drift,02,attack,45.48,47.397970699999995,8.5461639,47.39840484557026,8.546805271342388,0.968000054359436,0.7820000648498535,0.000669219414703548,-0.002760933944955468,-9.837576866149902,-0.0033397446386516094,-0.006478957366198301,0.00039908793405629694,100.0,16.200000762939453
1772707401.3264403,2026-03-05T10:43:21.326440,spoof_drift,02,attack,45.582,47.397970699999995,8.5461639,47.398405821114416,8.546806712531946,0.968000054359436,0.7820000648498535,0.000669219414703548,-0.002760933944955468,-9.837576866149902,-0.0033397446386516094,-0.006478957366198301,0.00039908793405629694,100.0,16.200000762939453
1772707401.4279742,2026-03-05T10:43:21.427974,spoof_drift,02,attack,45.683,47.397970699999995,8.5461639,47.398406790351956,8.546808144404638,0.987000048160553,0.8010000586509705,0.008569609373807907,0.003595883958041668,-9.751757621765137,-0.004678974859416485,-0.003796016564592719,0.0007416275329887867,100.0,16.200000762939453
1772707401.5312254,2026-03-05T10:43:21.531225,spoof_drift,02,attack,45.787,47.397970699999995,8.5461639,47.398407775983046,8.54680960049581,0.987000048160553,0.8010000586509705,0.008569609373807907,0.003595883958041668,-9.751757621765137,-0.004678974859416485,-0.003796016564592719,0.0007416275329887867,100.0,16.200000762939453
1772707401.6519506,2026-03-05T10:43:21.651951,spoof_drift,02,attack,45.907,47.397970699999995,8.5461639,47.39840892841947,8.546811303011618,0.987000048160553,0.8010000586509705,0.008569609373807907,0.003595883958041668,-9.751757621765137,-0.004678974859416485,-0.003796016564592719,0.0007416275329887867,100.0,16.200000762939453
1772707401.7589371,2026-03-05T10:43:21.758937,spoof_drift,02,attack,46.014,47.397970699999995,8.5461639,47.39840994970758,8.546812811779581,0.9950000643730164,0.8090000152587891,0.00941477995365858,0.002175400499254465,-9.747883796691895,-0.004135686904191971,-0.0027796770446002483,0.0009014823008328676,100.0,16.200000762939453
1772707401.8694086,2026-03-05T10:43:21.869409,spoof_drift,02,attack,46.125,47.397970699999995,8.5461639,47.398411004263,8.546814369693946,0.9950000643730164,0.8090000152587891,0.00941477995365858,0.002175400499254465,-9.747883796691895,-0.004135686904191971,-0.0027796770446002483,0.0009014823008328676,100.0,16.200000762939453
1772707401.971715,2026-03-05T10:43:21.971715,spoof_drift,02,attack,46.227,47.397970699999995,8.5461639,47.398411980874556,8.546815812460414,0.9950000643730164,0.8090000152587891,0.00941477995365858,0.002175400499254465,-9.747883796691895,-0.004135686904191971,-0.0027796770446002483,0.0009014823008328676,100.0,16.200000762939453
1772707402.1063852,2026-03-05T10:43:22.106385,spoof_drift,02,attack,46.362,47.397970699999995,8.5461639,47.39841326643025,8.546817711635798,0.9950000643730164,0.8090000152587891,0.00941477995365858,0.002175400499254465,-9.747883796691895,-0.004135686904191971,-0.0027796770446002483,0.0009014823008328676,100.0,16.200000762939453
1772707402.214093,2026-03-05T10:43:22.214093,spoof_drift,02,attack,46.469,47.397970699999995,8.5461639,47.39841429460306,8.546819230574648,0.9950000643730164,0.8090000152587891,0.00941477995365858,0.002175400499254465,-9.747883796691895,-0.004135686904191971,-0.0027796770446002483,0.0009014823008328676,100.0,16.200000762939453
1772707402.3161464,2026-03-05T10:43:22.316146,spoof_drift,02,attack,46.571,47.397970699999995,8.5461639,47.39841526879986,8.54682066977374,1.0040000677108765,0.8170000314712524,-0.0041857510805130005,-0.0025457271840423346,-9.781119346618652,-0.005372035317122936,-0.0028003433253616095,-0.00013254265650175512,100.0,16.200000762939453
1772707402.418956,2026-03-05T10:43:22.418956,spoof_drift,02,attack,46.674,47.397970699999995,8.5461639,47.39841625021592,8.546822119637977,1.0040000677108765,0.8170000314712524,-0.0041857510805130005,-0.0025457271840423346,-9.781119346618652,-0.005372035317122936,-0.0028003433253616095,-0.00013254265650175512,100.0,16.200000762939453
1772707402.5220523,2026-03-05T10:43:22.522052,spoof_drift,02,attack,46.777,47.397970699999995,8.5461638,47.39841723436765,8.546823473543668,1.0160000324249268,0.8300000429153442,-0.0006254414329305291,0.001007918268442154,-9.837367057800293,-0.004766327328979969,-0.004907509777694941,0.0008781883516348898,100.0,16.200000762939453
1772707402.62369,2026-03-05T10:43:22.623690,spoof_drift,02,attack,46.879,47.397970699999995,8.5461638,47.398418204595224,8.54682490687895,1.0160000324249268,0.8300000429153442,-0.0006254414329305291,0.001007918268442154,-9.837367057800293,-0.004766327328979969,-0.004907509777694941,0.0008781883516348898,100.0,16.200000762939453
1772707402.7257419,2026-03-05T10:43:22.725742,spoof_drift,02,attack,46.981,47.397970699999995,8.5461638,47.39841917877837,8.546826346057868,1.0260000228881836,0.8400000333786011,-0.0022056244779378176,0.007868942804634571,-9.859185218811035,-0.004815417807549238,-0.004943626467138529,3.6007550079375505e-05,100.0,16.200000762939453
1772707402.8273125,2026-03-05T10:43:22.827312,spoof_drift,02,attack,47.083,47.397970699999995,8.5461638,47.39842014836641,8.54682777844835,1.0260000228881836,0.8400000333786011,-0.0022056244779378176,0.007868942804634571,-9.859185218811035,-0.004815417807549238,-0.004943626467138529,3.6007550079375505e-05,100.0,16.200000762939453
1772707402.9395936,2026-03-05T10:43:22.939594,spoof_drift,02,attack,47.195,47.397970699999995,8.5461638,47.39842122019615,8.546829361882397,1.0329999923706055,0.8470000624656677,-0.0015088011277839541,-0.0018620328046381474,-9.808232307434082,-0.005031532142311335,-0.004742912948131561,0.0009750486933626235,100.0,16.200000762939453
1772707403.04254,2026-03-05T10:43:23.042540,spoof_drift,02,attack,47.298,47.397970699999995,8.5461638,47.39842220291859,8.546830813676578,1.0410000085830688,0.8550000190734863,0.00650403555482626,-0.0008880991954356432,-9.751508712768555,-0.0038428050465881824,-0.0054519884288311005,3.388497862033546e-05,100.0,16.200000762939453
1772707403.1487384,2026-03-05T10:43:23.148738,spoof_drift,02,attack,47.404,47.397970699999995,8.5461638,47.398423216682474,8.546832311328854,1.0410000085830688,0.8550000190734863,0.00650403555482626,-0.0008880991954356432,-9.751508712768555,-0.0038428050465881824,-0.0054519884288311005,3.388497862033546e-05,100.0,16.200000762939453
1772707403.2563062,2026-03-05T10:43:23.256306,spoof_drift,02,attack,47.512,47.397970699999995,8.5461638,47.39842424351931,8.546833828294048,1.0490000247955322,0.8630000352859497,0.0030639045871794224,-0.002084042876958847,-9.74609661102295,-0.004716466646641493,-0.005435403436422348,0.0001684049202594906,100.0,16.200000762939453
1772707403.3592212,2026-03-05T10:43:23.359221,spoof_drift,02,attack,47.615,47.397970699999995,8.5461638,47.39842522594133,8.54683527964441,1.0630000829696655,0.8760000467300415,-0.00316736102104187,-1.9714265363290906e-05,-9.753554344177246,-0.004304340109229088,-0.004230231512337923,-0.00012517676805146039,100.0,16.200000762939453
1772707403.4628682,2026-03-05T10:43:23.462868,spoof_drift,02,attack,47.718,47.397970699999995,8.5461638,47.39842621535046,8.54683674131696,1.0630000829696655,0.8760000467300415,-0.00316736102104187,-1.9714265363290906e-05,-9.753554344177246,-0.004304340109229088,-0.004230231512337923,-0.00012517676805146039,100.0,16.200000762939453
1772707403.5670784,2026-03-05T10:43:23.567078,spoof_drift,02,attack,47.822,47.397970699999995,8.5461638,47.398427210135345,8.54683821093121,1.0630000829696655,0.8760000467300415,-0.00316736102104187,-1.9714265363290906e-05,-9.753554344177246,-0.004304340109229088,-0.004230231512337923,-0.00012517676805146039,100.0,16.200000762939453
1772707403.669347,2026-03-05T10:43:23.669347,spoof_drift,02,attack,47.925,47.397970699999995,8.5461638,47.398428186387314,8.546839653166439,1.071000099182129,0.8850000500679016,0.002171135973185301,-0.001003301003947854,-9.745495796203613,-0.003935943357646465,-0.005042508244514465,0.0009650068241171539,100.0,16.200000762939453
1772707403.772176,2026-03-05T10:43:23.772176,spoof_drift,02,attack,48.027,47.397970699999995,8.5461638,47.39842916798772,8.546841103303016,1.071000099182129,0.8850000500679016,0.002171135973185301,-0.001003301003947854,-9.745495796203613,-0.003935943357646465,-0.005042508244514465,0.0009650068241171539,100.0,16.200000762939453
1772707403.877882,2026-03-05T10:43:23.877882,spoof_drift,02,attack,48.133,47.397970699999995,8.5461638,47.39843017705181,8.546842594012192,1.0800000429153442,0.8940000534057617,0.0036022779531776905,-0.002767268568277359,-9.763080596923828,-0.005500286817550659,-0.003714350750669837,-0.00012609336408786476,100.0,16.200000762939453
1772707403.9803443,2026-03-05T10:43:23.980344,spoof_drift,02,attack,48.236,47.397970699999995,8.5461638,47.398431155151826,8.54684403897759,1.0800000429153442,0.8940000534057617,0.0036022779531776905,-0.002767268568277359,-9.763080596923828,-0.005500286817550659,-0.003714350750669837,-0.00012609336408786476,100.0,16.200000762939453
1772707404.0833373,2026-03-05T10:43:24.083337,spoof_drift,02,attack,48.339,47.397970699999995,8.5461637,47.39843213831808,8.546845391427413,1.099000096321106,0.9130000472068787,0.0016098703490570188,0.003800666658207774,-9.779069900512695,-0.004930602386593819,-0.002318125683814287,0.00021370756439864635,100.0,16.200000762939453
1772707404.185886,2026-03-05T10:43:24.185886,spoof_drift,02,attack,48.441,47.397970699999995,8.5461637,47.39843311724199,8.546846837609955,1.1120001077651978,0.9260000586509705,0.0014655819395557046,-0.0010171615285798907,-9.729029655456543,-0.0053171017207205296,-0.002723821671679616,0.0001808494853321463,100.0,16.200000762939453
1772707404.2897065,2026-03-05T10:43:24.289706,spoof_drift,02,attack,48.545,47.397970699999995,8.5461637,47.398434108308,8.546848301730243,1.1120001077651978,0.9260000586509705,0.0014655819395557046,-0.0010171615285798907,-9.729029655456543,-0.0053171017207205296,-0.002723821671679616,0.0001808494853321463,100.0,16.200000762939453
1772707404.3922107,2026-03-05T10:43:24.392211,spoof_drift,02,attack,48.648,47.397970699999995,8.5461637,47.39843508680859,8.546849747287402,1.1170001029968262,0.9300000667572021,0.0006555352592840791,-0.007464162074029446,-9.701655387878418,-0.004448999650776386,-0.0015075856354087591,-2.3979471734492108e-05,100.0,16.200000762939453
1772707404.4930806,2026-03-05T10:43:24.493081,spoof_drift,02,attack,48.748,47.397970699999995,8.5461637,47.39843604970767,8.54685116979615,1.1299999952316284,0.9440000653266907,0.00319091510027647,-0.0028700458351522684,-9.689881324768066,-0.005290722940117121,-0.0013603958068415523,-0.0007536200573667884,100.0,16.200000762939453
1772707404.5950563,2026-03-05T10:43:24.595056,spoof_drift,02,attack,48.85,47.397970699999995,8.5461637,47.398437023162515,8.54685260789914,1.1299999952316284,0.9440000653266907,0.00319091510027647,-0.0028700458351522684,-9.689881324768066,-0.005290722940117121,-0.0013603958068415523,-0.0007536200573667884,100.0,16.200000762939453
1772707404.7000666,2026-03-05T10:43:24.700067,spoof_drift,02,attack,48.955,47.397970699999995,8.5461637,47.39843802558543,8.546854088797192,1.1430000066757202,0.9570000171661377,0.0020061470568180084,0.0049666427075862885,-9.65402889251709,-0.0068498640321195126,0.000645569758489728,0.00018136523431167006,100.0,16.200000762939453
1772707404.803361,2026-03-05T10:43:24.803361,spoof_drift,02,attack,49.059,47.397970699999995,8.5461637,47.398439011628454,8.546855545496934,1.1430000066757202,0.9570000171661377,0.0020061470568180084,0.0049666427075862885,-9.65402889251709,-0.0068498640321195126,0.000645569758489728,0.00018136523431167006,100.0,16.200000762939453
1772707404.905102,2026-03-05T10:43:24.905102,spoof_drift,02,attack,49.16,47.397970699999995,8.5461637,47.39843998284379,8.546856980291444,1.1510000228881836,0.9650000333786011,0.00405823765322566,-0.004175071604549885,-9.67723274230957,-0.006638246588408947,0.0007187227602116764,0.0007623588899150491,100.0,16.200000762939453
1772707405.007113,2026-03-05T10:43:25.007113,spoof_drift,02,attack,49.262,47.397970699999995,8.5461637,47.398440956635476,8.54685841889205,1.1510000228881836,0.9650000333786011,0.00405823765322566,-0.004175071604549885,-9.67723274230957,-0.006638246588408947,0.0007187227602116764,0.0007623588899150491,100.0,16.200000762939453
1772707405.1098566,2026-03-05T10:43:25.109857,spoof_drift,02,attack,49.365,47.397970699999995,8.5461637,47.3984419374211,8.546859867824935,1.1690000295639038,0.9830000400543213,0.001995244063436985,8.314449223689735e-05,-9.652070045471191,-0.006737328600138426,0.001337425783276558,-0.0005104528390802443,100.0,16.200000762939453
1772707405.2129753,2026-03-05T10:43:25.212975,spoof_drift,02,attack,49.468,47.397970699999995,8.5461637,47.39844292178677,8.54686132204668,1.1770000457763672,0.9910000562667847,0.0010778229916468263,-0.008945660665631294,-9.639910697937012,-0.00642336206510663,0.0003143063513562083,-2.583386958576739e-06,100.0,16.200000762939453
1772707405.3150916,2026-03-05T10:43:25.315092,spoof_drift,02,attack,49.57,47.397970699999995,8.5461636,47.39844389658441,8.546862662133414,1.1950000524520874,1.0090000629425049,0.00041667278856039047,-0.0017734423745423555,-9.695147514343262,-0.007153908722102642,0.0014934306964278221,0.000717515591531992,100.0,16.200000762939453
1772707405.4179733,2026-03-05T10:43:25.417973,spoof_drift,02,attack,49.673,47.397970699999995,8.5461636,47.398444878687805,8.546864113013056,1.2060000896453857,1.0200001001358032,-0.0029259654693305492,-0.004299497231841087,-9.752881050109863,-0.006840058136731386,0.0006188353290781379,0.00048087118193507195,100.0,16.200000762939453
1772707405.5221362,2026-03-05T10:43:25.522136,spoof_drift,02,attack,49.777,47.397970699999995,8.5461636,47.398445873022055,8.546865581961574,1.2170000076293945,1.031000018119812,0.004632140975445509,-0.0008677886798977852,-9.71859359741211,-0.0069613405503332615,-5.028610030421987e-05,0.00042752944864332676,100.0,16.200000762939453
1772707405.635971,2026-03-05T10:43:25.635971,spoof_drift,02,attack,49.891,47.397970699999995,8.5461636,47.39844695968404,8.54686718730758,1.2170000076293945,1.031000018119812,0.004632140975445509,-0.0008677886798977852,-9.71859359741211,-0.0069613405503332615,-5.028610030421987e-05,0.00042752944864332676,100.0,16.200000762939453
1772707405.7371163,2026-03-05T10:43:25.737116,spoof_drift,02,attack,49.992,47.397970699999995,8.5461636,47.39844792521182,8.54686861369976,1.2170000076293945,1.031000018119812,0.004632140975445509,-0.0008677886798977852,-9.71859359741211,-0.0069613405503332615,-5.028610030421987e-05,0.00042752944864332676,100.0,16.200000762939453
