timestamp_unix_s,timestamp_iso,lat_deg,lon_deg,abs_alt_m,rel_alt_m,accel_x_mps2,accel_y_mps2,accel_z_mps2,gyro_x_rps,gyro_y_rps,gyro_z_rps,battery_remaining_pct,battery_voltage_v
1772695942.6761835,2026-03-05T07:32:22.676183,,,,,,,,,,,,
1772695942.7781894,2026-03-05T07:32:22.778189,,,,,-0.006635508965700865,0.003520403988659382,-9.736567497253418,0.0002771921281237155,-0.0009584195795468986,-0.0015642844373360276,,
1772695942.8818057,2026-03-05T07:32:22.881806,,,,,-0.006635508965700865,0.003520403988659382,-9.736567497253418,0.0002771921281237155,-0.0009584195795468986,-0.0015642844373360276,,
1772695942.988788,2026-03-05T07:32:22.988788,,,,,-0.006635508965700865,0.003520403988659382,-9.736567497253418,0.0002771921281237155,-0.0009584195795468986,-0.0015642844373360276,,
1772695943.0939739,2026-03-05T07:32:23.093974,47.397971,8.5461635,0.3160000145435333,-494.6830139160156,0.0015245676040649414,-0.0013591385213658214,-9.730271339416504,-1.3737876543018501e-05,0.00027370816678740084,0.00012665438407566398,,
1772695943.1961749,2026-03-05T07:32:23.196175,47.397971,8.5461635,0.31800001859664917,-494.6810302734375,0.0015245676040649414,-0.0013591385213658214,-9.730271339416504,-1.3737876543018501e-05,0.00027370816678740084,0.00012665438407566398,,
1772695943.2992861,2026-03-05T07:32:23.299286,47.397971,8.5461635,0.3190000057220459,-494.6800231933594,-0.01053609885275364,0.007050651591271162,-9.732248306274414,-0.0004639578692149371,-7.060330244712532e-05,-0.0004703751765191555,,
1772695943.4041784,2026-03-05T07:32:23.404178,47.397971,8.5461635,0.32200002670288086,-494.6770324707031,-0.003992007113993168,0.005618710536509752,-9.733589172363281,-0.0003189913695678115,0.00015658132906537503,-0.0008044053101912141,,
1772695943.5064566,2026-03-05T07:32:23.506457,47.397971,8.5461635,0.32200002670288086,-494.6770324707031,0.007804470602422953,-0.003320808056741953,-9.736717224121094,-0.00024406646843999624,-0.0002596931590232998,-0.0004226603778079152,,
1772695943.612712,2026-03-05T07:32:23.612712,47.397971,8.5461635,0.32200002670288086,-494.6770324707031,0.007804470602422953,-0.003320808056741953,-9.736717224121094,-0.00024406646843999624,-0.0002596931590232998,-0.0004226603778079152,,
1772695943.7141633,2026-03-05T07:32:23.714163,47.397971,8.5461635,0.32200002670288086,-494.6770324707031,0.007804470602422953,-0.003320808056741953,-9.736717224121094,-0.00024406646843999624,-0.0002596931590232998,-0.0004226603778079152,,
1772695943.8162487,2026-03-05T07:32:23.816249,47.397971,8.5461635,0.3270000219345093,-494.6720275878906,-0.0014813663437962532,-0.002955287229269743,-9.729762077331543,-0.0005152633530087769,-0.00010811208630912006,0.000157700662384741,,
1772695943.9289203,2026-03-05T07:32:23.928920,47.397971,8.5461635,0.3270000219345093,-494.6720275878906,-0.0014813663437962532,-0.002955287229269743,-9.729762077331543,-0.0005152633530087769,-0.00010811208630912006,0.000157700662384741,,
1772695944.0322552,2026-03-05T07:32:24.032255,47.397971,8.5461635,0.33000001311302185,-494.6690368652344,-0.006047666072845459,0.0021688579581677914,-9.734819412231445,-0.00039871997432783246,-0.0001452854194212705,-0.0001551947061670944,,
1772695944.1369617,2026-03-05T07:32:24.136962,47.397971,8.5461635,0.33000001311302185,-494.6690368652344,-0.006047666072845459,0.0021688579581677914,-9.734819412231445,-0.00039871997432783246,-0.0001452854194212705,-0.0001551947061670944,,
1772695944.2392495,2026-03-05T07:32:24.239249,47.397971,8.5461635,0.3330000042915344,-494.666015625,0.001995304599404335,-0.005524827167391777,-9.73605728149414,0.0018241448560729623,0.0009792493656277657,-0.0004644447471946478,,
1772695944.341511,2026-03-05T07:32:24.341511,47.397971,8.5461635,0.3330000042915344,-494.666015625,0.001995304599404335,-0.005524827167391777,-9.73605728149414,0.0018241448560729623,0.0009792493656277657,-0.0004644447471946478,,
1772695944.443808,2026-03-05T07:32:24.443808,47.397971,8.5461635,0.33500000834465027,-494.6640319824219,-0.015993287786841393,-0.005178759805858135,-9.732425689697266,0.0005904258578084409,0.00012675226025748998,-7.832156552467495e-05,,
1772695944.5468583,2026-03-05T07:32:24.546858,47.397971,8.5461635,0.33500000834465027,-494.6640319824219,-0.015993287786841393,-0.005178759805858135,-9.732425689697266,0.0005904258578084409,0.00012675226025748998,-7.832156552467495e-05,,
1772695944.6503644,2026-03-05T07:32:24.650364,47.397971,8.5461635,0.33800002932548523,-494.6620178222656,-0.015993287786841393,-0.005178759805858135,-9.732425689697266,0.0005904258578084409,0.00012675226025748998,-7.832156552467495e-05,,
1772695944.7520397,2026-03-05T07:32:24.752040,47.397971,8.5461635,0.33800002932548523,-494.6620178222656,-0.00933900848031044,-0.009615736082196236,-9.726175308227539,-4.559708395390771e-05,-0.0007323500467464328,0.0013398322043940425,,
1772695944.8539028,2026-03-05T07:32:24.853903,47.397971,8.5461635,0.33900001645088196,-494.6600341796875,-0.0027948019560426474,0.0029414030723273754,-9.741153717041016,-0.00015731077292002738,-0.0005932393833063543,-0.00029502762481570244,,
1772695944.9564214,2026-03-05T07:32:24.956421,47.397971,8.5461635,0.33900001645088196,-494.6600341796875,-0.0027948019560426474,0.0029414030723273754,-9.741153717041016,-0.00015731077292002738,-0.0005932393833063543,-0.00029502762481570244,,
1772695945.091287,2026-03-05T07:32:25.091287,47.397971,8.5461635,0.34200000762939453,-494.6570129394531,-0.011690203100442886,-0.002136309165507555,-9.740203857421875,-0.0003004401223734021,-0.00029759726021438837,-0.000611485680565238,,
1772695945.1955497,2026-03-05T07:32:25.195550,47.397971,8.5461635,0.3440000116825104,-494.655029296875,-0.002656341064721346,0.0028114458546042442,-9.731456756591797,0.00029240563162602484,0.00022177679056767374,0.00041877603507600725,,
1772695945.3071105,2026-03-05T07:32:25.307111,47.397971,8.5461635,0.3440000116825104,-494.655029296875,0.006552692037075758,-0.002313072793185711,-9.743206024169922,3.7984582377248444e-06,8.034214260987937e-05,7.954829197842628e-05,,
1772695945.4097943,2026-03-05T07:32:25.409794,47.397971,8.5461635,0.3440000116825104,-494.655029296875,0.006552692037075758,-0.002313072793185711,-9.743206024169922,3.7984582377248444e-06,8.034214260987937e-05,7.954829197842628e-05,,
1772695945.5112145,2026-03-05T07:32:25.511214,47.397971,8.5461635,0.3460000157356262,-494.65301513671875,-0.008120916783809662,-0.0018598081078380346,-9.72724723815918,-0.0009851542999967933,0.0006328773451969028,-0.0004225228913128376,,
1772695945.6154137,2026-03-05T07:32:25.615414,47.397971,8.5461635,0.3460000157356262,-494.65301513671875,-0.008120916783809662,-0.0018598081078380346,-9.72724723815918,-0.0009851542999967933,0.0006328773451969028,-0.0004225228913128376,,
1772695945.717265,2026-03-05T07:32:25.717265,47.397971,8.5461635,0.34800001978874207,-494.6510314941406,-0.008120916783809662,-0.0018598081078380346,-9.72724723815918,-0.0009851542999967933,0.0006328773451969028,-0.0004225228913128376,,
1772695945.8191452,2026-03-05T07:32:25.819145,47.397971,8.5461635,0.34800001978874207,-494.6510314941406,-0.007316539529711008,0.0036364239640533924,-9.740379333496094,0.0014402830274775624,-0.0010351423406973481,0.0009233843884430826,,
1772695945.9218347,2026-03-05T07:32:25.921835,47.397971,8.5461635,0.3490000069141388,-494.6500244140625,-0.010378626175224781,-0.0038278948049992323,-9.734221458435059,0.0002349407150177285,-7.403395284200087e-05,-0.0003414663951843977,,
1772695946.027884,2026-03-05T07:32:26.027884,47.397971,8.5461635,0.3500000238418579,-494.6490173339844,-0.011887583881616592,0.003799709025770426,-9.728511810302734,-0.00047735642874613404,6.804848817409948e-05,-0.000579357729293406,,
1772695946.1602383,2026-03-05T07:32:26.160238,47.397971,8.5461635,0.35100001096725464,-494.64801025390625,-0.0009387284517288208,0.010465608909726143,-9.725674629211426,0.00013519958883989602,-6.514473352581263e-05,-0.0009654335444793105,,
1772695946.2629757,2026-03-05T07:32:26.262976,47.397971,8.5461636,0.35200002789497375,-494.64703369140625,0.0018921485170722008,-0.002085162093862891,-9.736502647399902,0.00044174169306643307,-0.0007726071053184569,0.0006591223645955324,,
1772695946.365026,2026-03-05T07:32:26.365026,47.397971,8.5461636,0.35200002789497375,-494.64703369140625,0.0018921485170722008,-0.002085162093862891,-9.736502647399902,0.00044174169306643307,-0.0007726071053184569,0.0006591223645955324,,
1772695946.469126,2026-03-05T07:32:26.469126,47.397971,8.5461636,0.3530000150203705,-494.6460266113281,-8.442625403404236e-05,0.0003787351306527853,-9.730648040771484,-0.0009595399023965001,0.00030848366441205144,-0.0008241967298090458,,
1772695946.5713015,2026-03-05T07:32:26.571301,47.397971,8.5461636,0.3530000150203705,-494.6460266113281,-8.442625403404236e-05,0.0003787351306527853,-9.730648040771484,-0.0009595399023965001,0.00030848366441205144,-0.0008241967298090458,,
1772695946.67293,2026-03-05T07:32:26.672930,47.397971,8.5461636,0.3540000021457672,-494.64501953125,-0.00387359200976789,-0.004295744001865387,-9.73457145690918,1.7191574443131685e-05,-0.0003892913809977472,-0.00033451488707214594,,
1772695946.7741885,2026-03-05T07:32:26.774189,47.397971,8.5461636,0.35500001907348633,-494.6440124511719,0.0032536406069993973,-0.007902930490672588,-9.726856231689453,2.1071984519949183e-05,-0.0002788831479847431,-0.0005759774940088391,,
1772695946.8769803,2026-03-05T07:32:26.876980,47.397971,8.5461636,0.35500001907348633,-494.6440124511719,0.0032536406069993973,-0.007902930490672588,-9.726856231689453,2.1071984519949183e-05,-0.0002788831479847431,-0.0005759774940088391,,
1772695947.0454948,2026-03-05T07:32:27.045495,47.397971,8.5461636,0.35500001907348633,-494.6440124511719,-0.012231292203068733,0.0035726274363696575,-9.731731414794922,0.00040565451490692794,0.0004373450356069952,-0.00014156235556583852,,
1772695947.1483352,2026-03-05T07:32:27.148335,47.397971,8.5461636,0.35500001907348633,-494.6440124511719,-0.012231292203068733,0.0035726274363696575,-9.731731414794922,0.00040565451490692794,0.0004373450356069952,-0.00014156235556583852,,
1772695947.2539184,2026-03-05T07:32:27.253918,47.397971,8.5461636,0.35600000619888306,-494.6430358886719,-0.012231292203068733,0.0035726274363696575,-9.731731414794922,0.00040565451490692794,0.0004373450356069952,-0.00014156235556583852,,
1772695947.355954,2026-03-05T07:32:27.355954,47.397971,8.5461636,0.35600000619888306,-494.6430358886719,-0.0033346456475555897,-0.01125897653400898,-9.734373092651367,0.0002419580559944734,-3.2005180401029065e-05,-0.00024066190235316753,,
1772695947.4572825,2026-03-05T07:32:27.457283,47.397971,8.5461636,0.35600000619888306,-494.6430358886719,-0.002259827684611082,-0.004085134714841843,-9.733438491821289,0.00034696562215685844,0.000312916177790612,-0.00041675608372315764,,
1772695947.5608833,2026-03-05T07:32:27.560883,47.397971,8.5461636,0.3570000231266022,-494.64202880859375,-0.002259827684611082,-0.004085134714841843,-9.733438491821289,0.00034696562215685844,0.000312916177790612,-0.00041675608372315764,,
1772695947.6629732,2026-03-05T07:32:27.662973,47.397971,8.5461636,0.3570000231266022,-494.64202880859375,0.00011428212746977806,-0.0035870312713086605,-9.724818229675293,0.0004572101170197129,-0.0004898470942862332,-0.0006125853979028761,,
1772695947.768785,2026-03-05T07:32:27.768785,47.397971,8.5461636,0.359000027179718,-494.6400146484375,0.002329973503947258,-0.007934058085083961,-9.73058032989502,0.00012644316302612424,0.0005359268398024142,-0.0014235005946829915,,
1772695947.8750243,2026-03-05T07:32:27.875024,47.397971,8.5461636,0.359000027179718,-494.6400146484375,0.002329973503947258,-0.007934058085083961,-9.73058032989502,0.00012644316302612424,0.0005359268398024142,-0.0014235005946829915,,
1772695947.9777954,2026-03-05T07:32:27.977795,47.397971,8.5461636,0.359000027179718,-494.6400146484375,-0.0008159950375556946,-0.0056670294143259525,-9.72658920288086,0.000484631018480286,-0.0003897358838003129,0.0009007477783598006,,
1772695948.0865536,2026-03-05T07:32:28.086554,47.397971,8.5461636,0.36000001430511475,-494.6390380859375,-0.0030710487626492977,-0.0069519164972007275,-9.729337692260742,0.001078850938938558,0.0005413723411038518,0.00039400652167387307,,
1772695948.2089188,2026-03-05T07:32:28.208919,47.397971,8.5461636,0.36000001430511475,-494.6390380859375,-0.003122965805232525,0.004278514068573713,-9.737489700317383,0.0004316173435654491,0.0004680338315665722,-0.0005950218182988465,,
1772695948.3149385,2026-03-05T07:32:28.314939,47.397971,8.5461636,0.36000001430511475,-494.6390380859375,-0.005807728040963411,-0.0017261906759813428,-9.72576904296875,-0.00015424277808051556,-0.0001772380346665159,0.00012373877689242363,,
1772695948.4184384,2026-03-05T07:32:28.418438,47.397971,8.5461636,0.36000001430511475,-494.6390380859375,-0.005807728040963411,-0.0017261906759813428,-9.72576904296875,-0.00015424277808051556,-0.0001772380346665159,0.00012373877689242363,,
1772695948.5254133,2026-03-05T07:32:28.525413,47.397971,8.5461636,0.36100003123283386,-494.6380310058594,0.0007477831095457077,0.0007854995783418417,-9.742081642150879,5.1657822041306645e-05,-0.00013762286107521504,-0.0014678369043394923,,
1772695948.6397703,2026-03-05T07:32:28.639770,47.397971,8.5461636,0.36100003123283386,-494.6380310058594,0.0007477831095457077,0.0007854995783418417,-9.742081642150879,5.1657822041306645e-05,-0.00013762286107521504,-0.0014678369043394923,,
1772695948.7438748,2026-03-05T07:32:28.743875,47.397971,8.5461636,0.36100003123283386,-494.6380310058594,-0.0018968122312799096,0.002209420083090663,-9.726461410522461,-0.0003090419922955334,1.283327947021462e-06,-0.0001017560571199283,,
1772695948.8448946,2026-03-05T07:32:28.844895,47.397971,8.5461636,0.36000001430511475,-494.6390380859375,-0.0017073875060305,-0.004887960851192474,-9.726969718933105,0.00022094852465670556,-0.00032635091338306665,0.00021439588454086334,,
1772695948.9483714,2026-03-05T07:32:28.948371,47.397971,8.5461636,0.36000001430511475,-494.6390380859375,-0.0017073875060305,-0.004887960851192474,-9.726969718933105,0.00022094852465670556,-0.00032635091338306665,0.00021439588454086334,,
1772695949.05334,2026-03-05T07:32:29.053340,47.397971,8.5461636,0.36000001430511475,-494.6390380859375,0.0059054200537502766,-0.0004579650121740997,-9.72945785522461,-0.000678276817779988,-0.00016005134966690093,0.0006646777619607747,,
1772695949.1565733,2026-03-05T07:32:29.156573,47.397971,8.5461636,0.359000027179718,-494.6400146484375,-0.010623272508382797,-0.00300907576456666,-9.728081703186035,4.754025212605484e-05,0.0006768445018678904,-0.0007033359142951667,,
1772695949.2579887,2026-03-05T07:32:29.257989,47.397971,8.5461636,0.359000027179718,-494.6400146484375,-0.0006982575869187713,-0.002515106927603483,-9.730154037475586,0.00046884597395546734,0.00018316390924155712,0.0005346343386918306,,
1772695949.360351,2026-03-05T07:32:29.360351,47.397971,8.5461636,0.359000027179718,-494.6400146484375,-0.0006982575869187713,-0.002515106927603483,-9.730154037475586,0.00046884597395546734,0.00018316390924155712,0.0005346343386918306,,
1772695949.4629037,2026-03-05T07:32:29.462904,47.397971,8.5461636,0.359000027179718,-494.6400146484375,-0.007720844820141792,-0.004380655474960804,-9.723593711853027,-0.0005697037559002638,-0.0007471960852853954,-0.00016644978313706815,,
1772695949.563788,2026-03-05T07:32:29.563788,47.397971,8.5461636,0.3580000102519989,-494.6410217285156,-0.0029459332581609488,5.5697630159556866e-05,-9.729063987731934,0.0009043227764777839,-0.0001372926781186834,-0.000867517723236233,,
1772695949.671065,2026-03-05T07:32:29.671065,47.397971,8.5461636,0.3580000102519989,-494.6410217285156,-0.0029459332581609488,5.5697630159556866e-05,-9.729063987731934,0.0009043227764777839,-0.0001372926781186834,-0.000867517723236233,,
1772695949.7744358,2026-03-05T07:32:29.774436,47.397971,8.5461636,0.3580000102519989,-494.6410217285156,-0.0029459332581609488,5.5697630159556866e-05,-9.729063987731934,0.0009043227764777839,-0.0001372926781186834,-0.000867517723236233,,
1772695949.8773909,2026-03-05T07:32:29.877391,47.397971,8.5461636,0.3580000102519989,-494.6410217285156,0.0024575125426054,0.005225923378020525,-9.737160682678223,0.00022575282491743565,-0.00037610044819302857,-0.00022227750741876662,,
1772695949.979354,2026-03-05T07:32:29.979354,47.397971,8.5461636,0.3570000231266022,-494.64202880859375,-0.0034641206730157137,-0.0024193143472075462,-9.734399795532227,-0.00042599820881150663,-0.001069642137736082,-0.0009099382441490889,,
1772695950.086375,2026-03-05T07:32:30.086375,47.397971,8.5461636,0.3570000231266022,-494.64202880859375,-0.0034641206730157137,-0.0024193143472075462,-9.734399795532227,-0.00042599820881150663,-0.001069642137736082,-0.0009099382441490889,,
1772695950.1874182,2026-03-05T07:32:30.187418,47.397971,8.5461636,0.3570000231266022,-494.64202880859375,-0.0062347338534891605,-0.004245700780302286,-9.728986740112305,0.000542286376003176,-0.0002321121282875538,-0.00010512355947867036,,
1772695950.2887814,2026-03-05T07:32:30.288781,47.397971,8.5461636,0.3570000231266022,-494.64202880859375,-0.0028124975506216288,0.001776417251676321,-9.735613822937012,0.0008347468101419508,-0.00017606049368623644,-0.000230333287618123,,
1772695950.3966813,2026-03-05T07:32:30.396681,47.397971,8.5461636,0.3570000231266022,-494.64202880859375,0.001567557454109192,0.0032917940989136696,-9.726282119750977,-0.0003763946588151157,-0.0007610289612784982,6.693109753541648e-05,,
1772695950.4974668,2026-03-05T07:32:30.497467,47.397971,8.5461636,0.3570000231266022,-494.64202880859375,0.001567557454109192,0.0032917940989136696,-9.726282119750977,-0.0003763946588151157,-0.0007610289612784982,6.693109753541648e-05,,
1772695950.5998425,2026-03-05T07:32:30.599843,47.397971,8.5461636,0.35600000619888306,-494.6430358886719,-0.002338188700377941,0.001890664454549551,-9.7298002243042,0.00046574027510359883,0.0001779664307832718,0.0007205952424556017,,
1772695950.702119,2026-03-05T07:32:30.702119,47.397971,8.5461636,0.35600000619888306,-494.6430358886719,-0.003286301624029875,0.0018204241059720516,-9.727246284484863,0.000424250029027462,-0.0010887561365962029,-8.905244612833485e-06,,
1772695950.8062897,2026-03-05T07:32:30.806290,47.397971,8.5461636,0.35600000619888306,-494.6430358886719,-0.009427492506802082,-0.007794921286404133,-9.732409477233887,0.0006961961626075208,-0.0005169954965822399,-0.000782934483140707,,
1772695950.9092293,2026-03-05T07:32:30.909229,47.397971,8.5461636,0.35600000619888306,-494.6430358886719,-0.009427492506802082,-0.007794921286404133,-9.732409477233887,0.0006961961626075208,-0.0005169954965822399,-0.000782934483140707,,
1772695951.0119593,2026-03-05T07:32:31.011959,47.397971,8.5461635,0.3570000231266022,-494.64202880859375,-0.002127651358023286,-0.0013319600839167833,-9.735614776611328,0.00027874138322658837,-0.0006077925791032612,0.00019949454872403294,,
1772695951.1147835,2026-03-05T07:32:31.114784,47.397971,8.5461635,0.3570000231266022,-494.64202880859375,-0.006281633861362934,0.0042472118511796,-9.733525276184082,-4.323882967582904e-05,-0.0002665751671884209,5.516448800335638e-05,,
1772695951.2168622,2026-03-05T07:32:31.216862,47.397971,8.5461635,0.3570000231266022,-494.64202880859375,-0.00010314839892089367,-0.0022761772852391005,-9.730076789855957,0.00027790709282271564,-0.00022573604655917734,3.63480685336981e-05,,
1772695951.3221488,2026-03-05T07:32:31.322149,47.397971,8.5461635,0.3570000231266022,-494.64202880859375,-0.00010314839892089367,-0.0022761772852391005,-9.730076789855957,0.00027790709282271564,-0.00022573604655917734,3.63480685336981e-05,,
1772695951.4299743,2026-03-05T07:32:31.429974,47.397971,8.5461635,0.3570000231266022,-494.64202880859375,-0.00010314839892089367,-0.0022761772852391005,-9.730076789855957,0.00027790709282271564,-0.00022573604655917734,3.63480685336981e-05,,
1772695951.5340466,2026-03-05T07:32:31.534047,47.397971,8.5461635,0.3570000231266022,-494.64202880859375,-0.007723642513155937,-0.00552638154476881,-9.731240272521973,-0.0008111983188427985,0.0009571615955792367,-0.0008622166933491826,,
1772695951.6370974,2026-03-05T07:32:31.637097,47.397971,8.5461635,0.3570000231266022,-494.64202880859375,-0.007723642513155937,-0.00552638154476881,-9.731240272521973,-0.0008111983188427985,0.0009571615955792367,-0.0008622166933491826,,
1772695951.7427113,2026-03-05T07:32:31.742711,47.397971,8.5461635,0.35600000619888306,-494.6430358886719,-0.000790339894592762,-0.005648124031722546,-9.731598854064941,-0.0004504522366914898,-0.0015594055876135826,-0.0008934707730077207,,
1772695951.844534,2026-03-05T07:32:31.844534,47.397971,8.5461635,0.35600000619888306,-494.6430358886719,-0.002718650968745351,0.006246017292141914,-9.726241111755371,0.0004570593300741166,0.000962820544373244,-0.0008904754067771137,,
1772695951.945649,2026-03-05T07:32:31.945649,47.397971,8.5461635,0.35600000619888306,-494.6430358886719,-0.002718650968745351,0.006246017292141914,-9.726241111755371,0.0004570593300741166,0.000962820544373244,-0.0008904754067771137,,
1772695952.0468574,2026-03-05T07:32:32.046857,47.397971,8.5461635,0.35600000619888306,-494.6430358886719,-0.002718650968745351,0.006246017292141914,-9.726241111755371,0.0004570593300741166,0.000962820544373244,-0.0008904754067771137,,
1772695952.1497865,2026-03-05T07:32:32.149786,47.397971,8.5461635,0.3570000231266022,-494.64202880859375,-0.007090950384736061,0.0023551140911877155,-9.733019828796387,-0.0008002677350305021,-0.00041467000846751034,-0.00030008351313881576,,
1772695952.2515624,2026-03-05T07:32:32.251562,47.3979711,8.5461635,0.35600000619888306,-494.6430358886719,0.004828359931707382,0.002476046560332179,-9.735588073730469,0.001147155067883432,-0.00024372758343815804,0.0005738320760428905,,
1772695952.3560522,2026-03-05T07:32:32.356052,47.3979711,8.5461635,0.35500001907348633,-494.6440124511719,0.00033153733238577843,0.004618913866579533,-9.730162620544434,-0.00043269945308566093,-0.00044255852117203176,-3.521747930790298e-05,,
1772695952.4578376,2026-03-05T07:32:32.457838,47.3979711,8.5461635,0.35500001907348633,-494.6440124511719,0.00033153733238577843,0.004618913866579533,-9.730162620544434,-0.00043269945308566093,-0.00044255852117203176,-3.521747930790298e-05,,
1772695952.5604274,2026-03-05T07:32:32.560427,47.3979711,8.5461635,0.35500001907348633,-494.6440124511719,0.002933186711743474,-0.0010122881503775716,-9.730467796325684,-1.202996736537898e-05,0.0008371684234589338,-0.0015962421894073486,,
1772695952.6621747,2026-03-05T07:32:32.662175,47.3979711,8.5461635,0.35500001907348633,-494.6440124511719,0.006166416220366955,-0.007115562446415424,-9.734758377075195,0.0001968027645489201,0.00012587846140377223,0.0003383317089173943,,
1772695952.7646887,2026-03-05T07:32:32.764689,47.3979711,8.5461635,0.3540000021457672,-494.64501953125,-0.010431558825075626,-0.0028045594226568937,-9.73205280303955,0.0005070064216852188,0.00027617314481176436,0.000561470864340663,,
1772695952.8670948,2026-03-05T07:32:32.867095,47.3979711,8.5461635,0.3530000150203705,-494.6460266113281,-0.010431558825075626,-0.0028045594226568937,-9.73205280303955,0.0005070064216852188,0.00027617314481176436,0.000561470864340663,,
1772695952.969952,2026-03-05T07:32:32.969952,47.3979711,8.5461635,0.3530000150203705,-494.6460266113281,-0.0031540184281766415,0.004883259534835815,-9.729257583618164,0.0004445347294677049,0.0005977435503154993,4.163889025221579e-05,,
1772695953.0714138,2026-03-05T07:32:33.071414,47.3979711,8.5461635,0.35200002789497375,-494.64703369140625,-0.0072994539514184,-0.0007181726396083832,-9.725098609924316,-0.0011091065825894475,-0.0008135430398397148,0.00039520644349977374,,
1772695953.1738632,2026-03-05T07:32:33.173863,47.3979711,8.5461635,0.35100001096725464,-494.64801025390625,0.001912347273901105,-0.003932426683604717,-9.73201847076416,-0.0006309175514616072,5.834035255247727e-05,-0.0003038036811631173,,
1772695953.276893,2026-03-05T07:32:33.276893,47.3979711,8.5461635,0.3500000238418579,-494.6490173339844,0.001912347273901105,-0.003932426683604717,-9.73201847076416,-0.0006309175514616072,5.834035255247727e-05,-0.0003038036811631173,,
1772695953.3786833,2026-03-05T07:32:33.378683,47.3979711,8.5461635,0.3500000238418579,-494.6490173339844,-0.015138314105570316,-0.0041816458106040955,-9.732904434204102,-0.00022307762992568314,-0.0001245968451257795,-0.0002698068565223366,,
1772695953.4797466,2026-03-05T07:32:33.479747,47.3979711,8.5461635,0.3490000069141388,-494.6500244140625,-0.0022501274943351746,0.004715447314083576,-9.732714653015137,0.0005519773694686592,0.0002900024119298905,-0.00025600360822863877,,
1772695953.5874653,2026-03-05T07:32:33.587465,47.3979711,8.5461635,0.3490000069141388,-494.6500244140625,-0.0022501274943351746,0.004715447314083576,-9.732714653015137,0.0005519773694686592,0.0002900024119298905,-0.00025600360822863877,,
1772695953.692128,2026-03-05T07:32:33.692128,47.3979711,8.5461635,0.3490000069141388,-494.6500244140625,0.004850898869335651,0.004539509303867817,-9.734660148620605,0.0009250497678294778,-0.0002931831986643374,-0.0014066837029531598,,
1772695953.7945592,2026-03-05T07:32:33.794559,47.3979711,8.5461635,0.3490000069141388,-494.6500244140625,0.004850898869335651,0.004539509303867817,-9.734660148620605,0.0009250497678294778,-0.0002931831986643374,-0.0014066837029531598,,
1772695953.8971493,2026-03-05T07:32:33.897149,47.3979711,8.5461635,0.34800001978874207,-494.6510314941406,-0.005104338750243187,-0.004238082095980644,-9.734634399414062,-8.363134111277759e-05,0.000834618229418993,-0.0005483326967805624,,
1772695953.9989526,2026-03-05T07:32:33.998953,47.3979711,8.5461635,0.34700000286102295,-494.65203857421875,-0.005104338750243187,-0.004238082095980644,-9.734634399414062,-8.363134111277759e-05,0.000834618229418993,-0.0005483326967805624,,
1772695954.1161563,2026-03-05T07:32:34.116156,47.3979711,8.5461635,0.34700000286102295,-494.65203857421875,-0.002230192767456174,-0.007532425224781036,-9.72972583770752,7.343935430981219e-05,0.0002572739031165838,0.00044750634697265923,,
1772695954.2185252,2026-03-05T07:32:34.218525,47.3979711,8.5461635,0.34700000286102295,-494.65203857421875,-0.002230192767456174,-0.007532425224781036,-9.72972583770752,7.343935430981219e-05,0.0002572739031165838,0.00044750634697265923,,
1772695954.3212924,2026-03-05T07:32:34.321292,47.3979711,8.5461635,0.34700000286102295,-494.65203857421875,-0.001869046944193542,0.0007854253053665161,-9.725146293640137,0.0009542479529045522,0.0009127297671511769,3.3412532502552494e-05,,
1772695954.4234946,2026-03-05T07:32:34.423495,47.3979711,8.5461635,0.3460000157356262,-494.65301513671875,0.007824688218533993,0.0009512070100754499,-9.738024711608887,-5.082173811388202e-05,0.0002797636261675507,0.001152427401393652,,
1772695954.5301843,2026-03-05T07:32:34.530184,47.3979711,8.5461635,0.3460000157356262,-494.65301513671875,-0.003055759472772479,-0.004026953596621752,-9.733908653259277,-0.0003629115817602724,0.00013791672245133668,-0.0002752057043835521,,
1772695954.6315732,2026-03-05T07:32:34.631573,47.3979711,8.5461635,0.3460000157356262,-494.65301513671875,-0.003055759472772479,-0.004026953596621752,-9.733908653259277,-0.0003629115817602724,0.00013791672245133668,-0.0002752057043835521,,
1772695954.735251,2026-03-05T07:32:34.735251,47.3979711,8.5461635,0.3460000157356262,-494.65301513671875,-0.0012893122620880604,-0.0025407890789210796,-9.73556900024414,-8.292734128190205e-05,2.6147628886974417e-05,-0.000583188608288765,,
1772695954.843431,2026-03-05T07:32:34.843431,47.3979711,8.5461635,0.3450000286102295,-494.6540222167969,-0.00038521294482052326,0.003162819193676114,-9.726890563964844,0.0007778646540828049,-0.00040145215461961925,9.55713476287201e-05,,
1772695954.944186,2026-03-05T07:32:34.944186,47.3979711,8.5461635,0.3450000286102295,-494.6540222167969,-0.00038521294482052326,0.003162819193676114,-9.726890563964844,0.0007778646540828049,-0.00040145215461961925,9.55713476287201e-05,,
1772695955.0450344,2026-03-05T07:32:35.045034,47.3979711,8.5461635,0.3450000286102295,-494.6540222167969,-0.004885212983936071,-0.005478487350046635,-9.735452651977539,-0.0008254267158918083,-0.00023528603196609765,0.0004726354090962559,,
1772695955.1473498,2026-03-05T07:32:35.147350,47.3979711,8.5461635,0.3440000116825104,-494.655029296875,-0.00044334051199257374,0.004000776447355747,-9.732994079589844,-0.00022865695063956082,0.0004022010834887624,-0.00015117693692445755,,
1772695955.2504556,2026-03-05T07:32:35.250456,47.3979711,8.5461635,0.3440000116825104,-494.655029296875,-0.0020478186197578907,0.0028036863077431917,-9.741372108459473,0.0005377240013331175,0.0008584269089624286,0.0010862800991162658,,
1772695955.3559172,2026-03-05T07:32:35.355917,47.3979711,8.5461635,0.3440000116825104,-494.655029296875,-0.0020478186197578907,0.0028036863077431917,-9.741372108459473,0.0005377240013331175,0.0008584269089624286,0.0010862800991162658,,
1772695955.4591079,2026-03-05T07:32:35.459108,47.3979711,8.5461635,0.34300002455711365,-494.6560363769531,-0.008320995606482029,-0.002246958203613758,-9.726740837097168,-0.00019409721426200122,0.0003084099153056741,0.0008660715539008379,,
1772695955.5600293,2026-03-05T07:32:35.560029,47.3979711,8.5461635,0.34300002455711365,-494.6560363769531,-0.008320995606482029,-0.002246958203613758,-9.726740837097168,-0.00019409721426200122,0.0003084099153056741,0.0008660715539008379,,
1772695955.661557,2026-03-05T07:32:35.661557,47.3979711,8.5461635,0.34300002455711365,-494.6560363769531,-0.005804006010293961,-0.005360341630876064,-9.741959571838379,0.00041039843927137554,0.0008551714126951993,-0.0002942111750598997,,
1772695955.7742536,2026-03-05T07:32:35.774254,47.3979711,8.5461635,0.34200000762939453,-494.6570129394531,-0.005804006010293961,-0.005360341630876064,-9.741959571838379,0.00041039843927137554,0.0008551714126951993,-0.0002942111750598997,,
1772695955.876462,2026-03-05T07:32:35.876462,47.3979711,8.5461635,0.34200000762939453,-494.6570129394531,-0.008316855877637863,0.001137732295319438,-9.738591194152832,-0.0003535837749950588,0.0005437651998363435,-0.00045286817476153374,,
1772695955.979792,2026-03-05T07:32:35.979792,47.397971,8.5461635,0.3410000205039978,-494.65802001953125,0.0010470831766724586,-0.002148340456187725,-9.740077018737793,-0.0004543987743090838,-0.00035951737663708627,-3.9683985960436985e-05,,
1772695956.0827794,2026-03-05T07:32:36.082779,47.397971,8.5461635,0.3410000205039978,-494.65802001953125,-0.0033333885949105024,-0.0039331018924713135,-9.735770225524902,-0.0007877235184423625,-0.0007844537030905485,-0.00017334643052890897,98.0,16.14000129699707
1772695956.1871479,2026-03-05T07:32:36.187148,47.397971,8.5461635,0.3400000035762787,-494.6590270996094,-0.005494800396263599,0.0007560316007584333,-9.736660957336426,-2.6640325813787058e-05,-0.00021318612562026829,-0.00047360529424622655,98.0,16.14000129699707
1772695956.2920542,2026-03-05T07:32:36.292054,47.397971,8.5461635,0.3400000035762787,-494.6590270996094,-0.005494800396263599,0.0007560316007584333,-9.736660957336426,-2.6640325813787058e-05,-0.00021318612562026829,-0.00047360529424622655,98.0,16.14000129699707
1772695956.3935764,2026-03-05T07:32:36.393576,47.397971,8.5461635,0.33900001645088196,-494.6600341796875,-0.0008889154996722937,0.0021098623983561993,-9.7339506149292,0.00014610920334234834,-0.000566484872251749,-0.001385991694405675,98.0,16.14000129699707
1772695956.4951317,2026-03-05T07:32:36.495132,47.397971,8.5461635,0.3370000123977661,-494.6620178222656,-0.0008889154996722937,0.0021098623983561993,-9.7339506149292,0.00014610920334234834,-0.000566484872251749,-0.001385991694405675,98.0,16.14000129699707
1772695956.6127498,2026-03-05T07:32:36.612750,47.397971,8.5461635,0.3370000123977661,-494.6620178222656,-0.0053730374202132225,0.006066357716917992,-9.723715782165527,-1.5107571016415022e-05,0.0008715198491699994,4.3271193135296926e-05,98.0,16.14000129699707
1772695956.7150013,2026-03-05T07:32:36.715001,47.397971,8.5461635,0.3370000123977661,-494.6620178222656,-0.0053730374202132225,0.006066357716917992,-9.723715782165527,-1.5107571016415022e-05,0.0008715198491699994,4.3271193135296926e-05,98.0,16.14000129699707
1772695956.8166578,2026-03-05T07:32:36.816658,47.397971,8.5461635,0.3360000252723694,-494.66302490234375,0.0057433173060417175,-0.005330448970198631,-9.73208999633789,-0.0010319843422621489,-1.5195590094663203e-05,-0.0014234059490263462,98.0,16.14000129699707
1772695956.917534,2026-03-05T07:32:36.917534,47.397971,8.5461635,0.3360000252723694,-494.66302490234375,0.0057433173060417175,-0.005330448970198631,-9.73208999633789,-0.0010319843422621489,-1.5195590094663203e-05,-0.0014234059490263462,98.0,16.14000129699707
1772695957.0252974,2026-03-05T07:32:37.025297,47.397971,8.5461635,0.33500000834465027,-494.6640319824219,0.0057433173060417175,-0.005330448970198631,-9.73208999633789,-0.0010319843422621489,-1.5195590094663203e-05,-0.0014234059490263462,98.0,16.14000129699707
1772695957.1263359,2026-03-05T07:32:37.126336,47.397971,8.5461635,0.33500000834465027,-494.6640319824219,3.332924097776413e-05,-0.008309346623718739,-9.726651191711426,-0.0004175953508820385,-0.0002196797140641138,0.0005970833590254188,98.0,16.14000129699707
1772695957.262151,2026-03-05T07:32:37.262151,47.397971,8.5461635,0.33400002121925354,-494.6650085449219,0.0003633552696555853,0.002186570083722472,-9.740734100341797,-0.000884335779119283,-0.0006371815106831491,-0.0006440458237193525,98.0,16.14000129699707
1772695957.3651857,2026-03-05T07:32:37.365186,47.397971,8.5461635,0.33400002121925354,-494.6650085449219,0.0003633552696555853,0.002186570083722472,-9.740734100341797,-0.000884335779119283,-0.0006371815106831491,-0.0006440458237193525,98.0,16.14000129699707
1772695957.4669185,2026-03-05T07:32:37.466918,47.397971,8.5461635,0.3330000042915344,-494.666015625,-0.0018785755382850766,-0.002662268001586199,-9.731060028076172,0.0004615610814653337,-0.0014864739496260881,-0.0010503826197236776,98.0,16.14000129699707
1772695957.5678427,2026-03-05T07:32:37.567843,47.397971,8.5461635,0.3330000042915344,-494.666015625,-0.0018785755382850766,-0.002662268001586199,-9.731060028076172,0.0004615610814653337,-0.0014864739496260881,-0.0010503826197236776,98.0,16.14000129699707
1772695957.6703563,2026-03-05T07:32:37.670356,47.397971,8.5461635,0.3320000171661377,-494.6670227050781,0.0019465356599539518,0.0029152638744562864,-9.736242294311523,0.0003831373469438404,-0.00022960806381888688,0.00026835707831196487,98.0,16.14000129699707
1772695957.775951,2026-03-05T07:32:37.775951,47.397971,8.5461635,0.3320000171661377,-494.6670227050781,0.0019465356599539518,0.0029152638744562864,-9.736242294311523,0.0003831373469438404,-0.00022960806381888688,0.00026835707831196487,98.0,16.14000129699707
1772695957.8790293,2026-03-05T07:32:37.879029,47.397971,8.5461635,0.33100003004074097,-494.66802978515625,-0.008948770351707935,-0.0022108035627752542,-9.73176097869873,0.0020231015514582396,-0.001006755162961781,0.0005307717947289348,98.0,16.14000129699707
1772695957.9824152,2026-03-05T07:32:37.982415,47.397971,8.5461635,0.33100003004074097,-494.66802978515625,-0.008948770351707935,-0.0022108035627752542,-9.73176097869873,0.0020231015514582396,-0.001006755162961781,0.0005307717947289348,98.0,16.14000129699707
1772695958.0872219,2026-03-05T07:32:38.087222,47.397971,8.5461635,0.33100003004074097,-494.66802978515625,-0.008948770351707935,-0.0022108035627752542,-9.73176097869873,0.0020231015514582396,-0.001006755162961781,0.0005307717947289348,98.0,16.14000129699707
1772695958.1908867,2026-03-05T07:32:38.190887,47.397971,8.5461635,0.33000001311302185,-494.6690368652344,0.00114719127304852,0.003767496207728982,-9.728861808776855,-0.0005359671777114272,-4.6041273890296e-05,-0.0006524574127979577,98.0,16.14000129699707
1772695958.3003206,2026-03-05T07:32:38.300321,47.397971,8.5461635,0.33000001311302185,-494.6690368652344,0.000732481712475419,0.002883841982111335,-9.733524322509766,0.00046723816194571555,0.00028005108470097184,-0.0008190420921891928,98.0,16.14000129699707
1772695958.4048212,2026-03-05T07:32:38.404821,47.397971,8.5461635,0.3290000259876251,-494.6700134277344,-0.002914656652137637,-0.0040831537917256355,-9.743130683898926,-4.051131691085175e-05,-0.00039620688767172396,-0.0004155073838774115,98.0,16.14000129699707
1772695958.5070958,2026-03-05T07:32:38.507096,47.397971,8.5461635,0.328000009059906,-494.6710205078125,-0.002914656652137637,-0.0040831537917256355,-9.743130683898926,-4.051131691085175e-05,-0.00039620688767172396,-0.0004155073838774115,98.0,16.14000129699707
1772695958.611104,2026-03-05T07:32:38.611104,47.397971,8.5461635,0.328000009059906,-494.6710205078125,-5.48376701772213e-05,0.0003114916617050767,-9.732476234436035,2.4753162506385706e-06,-0.0005983189330436289,-7.859442121116444e-06,98.0,16.14000129699707
1772695958.7134566,2026-03-05T07:32:38.713457,47.397971,8.5461635,0.328000009059906,-494.6710205078125,-5.48376701772213e-05,0.0003114916617050767,-9.732476234436035,2.4753162506385706e-06,-0.0005983189330436289,-7.859442121116444e-06,98.0,16.14000129699707
1772695958.8169112,2026-03-05T07:32:38.816911,47.397971,8.5461635,0.328000009059906,-494.6720275878906,-5.48376701772213e-05,0.0003114916617050767,-9.732476234436035,2.4753162506385706e-06,-0.0005983189330436289,-7.859442121116444e-06,98.0,16.14000129699707
1772695958.918917,2026-03-05T07:32:38.918917,47.397971,8.5461635,0.328000009059906,-494.6720275878906,-0.0026279278099536896,-0.0067993574775755405,-9.730721473693848,0.001339518465101719,0.0004959060461260378,-0.0002694909635465592,98.0,16.14000129699707
1772695959.0229378,2026-03-05T07:32:39.022938,47.397971,8.5461635,0.32600000500679016,-494.67303466796875,-0.006737046875059605,0.002636541612446308,-9.736954689025879,-1.818397140596062e-05,0.0017236056737601757,-5.700777910533361e-05,98.0,16.14000129699707
1772695959.1271017,2026-03-05T07:32:39.127102,47.397971,8.5461635,0.32600000500679016,-494.67303466796875,-0.006737046875059605,0.002636541612446308,-9.736954689025879,-1.818397140596062e-05,0.0017236056737601757,-5.700777910533361e-05,98.0,16.14000129699707
1772695959.2280836,2026-03-05T07:32:39.228084,47.397971,8.5461635,0.32600000500679016,-494.67303466796875,-0.006737046875059605,0.002636541612446308,-9.736954689025879,-1.818397140596062e-05,0.0017236056737601757,-5.700777910533361e-05,98.0,16.14000129699707
1772695959.3779624,2026-03-05T07:32:39.377962,47.397971,8.5461635,0.32600000500679016,-494.67303466796875,-0.005729957018047571,-0.006304892245680094,-9.734519004821777,-0.00027745054103434086,0.000520546396728605,-0.0010043776128441095,98.0,16.14000129699707
1772695959.5064933,2026-03-05T07:32:39.506493,47.397971,8.5461635,0.32600000500679016,-494.67303466796875,-0.005729957018047571,-0.006304892245680094,-9.734519004821777,-0.00027745054103434086,0.000520546396728605,-0.0010043776128441095,98.0,16.14000129699707
1772695959.6145005,2026-03-05T07:32:39.614501,47.397971,8.5461635,0.3240000009536743,-494.6750183105469,-0.0038675619289278984,-0.0033571054227650166,-9.727654457092285,0.0008139388519339263,-0.0005333214066922665,-0.0007548197754658759,98.0,16.14000129699707
1772695959.716276,2026-03-05T07:32:39.716276,47.397971,8.5461635,0.3240000009536743,-494.6750183105469,0.0029260311275720596,0.0011528200702741742,-9.732008934020996,-0.0008765473030507565,-0.0005320817581377923,0.0004412036796566099,98.0,16.14000129699707
1772695959.8179564,2026-03-05T07:32:39.817956,47.397971,8.5461635,0.3240000009536743,-494.6750183105469,0.0029260311275720596,0.0011528200702741742,-9.732008934020996,-0.0008765473030507565,-0.0005320817581377923,0.0004412036796566099,98.0,16.14000129699707
1772695959.9231234,2026-03-05T07:32:39.923123,47.397971,8.5461635,0.3230000138282776,-494.676025390625,0.0029260311275720596,0.0011528200702741742,-9.732008934020996,-0.0008765473030507565,-0.0005320817581377923,0.0004412036796566099,98.0,16.14000129699707
1772695960.0306857,2026-03-05T07:32:40.030686,47.397971,8.5461635,0.3230000138282776,-494.676025390625,0.005100597627460957,-0.00634157145395875,-9.73128604888916,-0.00026735212304629385,-0.0009785391157492995,0.0008580291178077459,98.0,16.14000129699707
1772695960.132726,2026-03-05T07:32:40.132726,47.397971,8.5461635,0.32100000977516174,-494.6780090332031,-0.015134017914533615,4.154455382376909e-05,-9.734649658203125,0.0008961313869804144,0.0005035841604694724,0.0002485538716427982,98.0,16.14000129699707
1772695960.2360666,2026-03-05T07:32:40.236067,47.397971,8.5461635,0.32100000977516174,-494.6780090332031,-0.015134017914533615,4.154455382376909e-05,-9.734649658203125,0.0008961313869804144,0.0005035841604694724,0.0002485538716427982,98.0,16.14000129699707
1772695960.3408957,2026-03-05T07:32:40.340896,47.397971,8.5461635,0.3190000057220459,-494.6800231933594,-0.0016070118872448802,-0.0094552431255579,-9.730522155761719,0.00013150949962437153,-0.0009958629962056875,0.0004207324527669698,98.0,16.14000129699707
1772695960.4443583,2026-03-05T07:32:40.444358,47.397971,8.5461635,0.3190000057220459,-494.6800231933594,0.0014294087886810303,0.0022196294739842415,-9.729416847229004,0.00014400112559087574,9.011859947349876e-05,0.0010159555822610855,98.0,16.14000129699707
1772695960.547712,2026-03-05T07:32:40.547712,47.397971,8.5461635,0.31800001859664917,-494.6810302734375,0.0014294087886810303,0.0022196294739842415,-9.729416847229004,0.00014400112559087574,9.011859947349876e-05,0.0010159555822610855,98.0,16.14000129699707
1772695960.6515565,2026-03-05T07:32:40.651556,47.397971,8.5461635,0.31800001859664917,-494.6810302734375,0.0038696075789630413,0.0005043747369199991,-9.746705055236816,-0.000439298601122573,0.0008511378546245396,0.0010872833663597703,98.0,16.14000129699707
1772695960.7542706,2026-03-05T07:32:40.754271,47.397971,8.5461635,0.31800001859664917,-494.6810302734375,0.0038696075789630413,0.0005043747369199991,-9.746705055236816,-0.000439298601122573,0.0008511378546245396,0.0010872833663597703,98.0,16.14000129699707
1772695960.857292,2026-03-05T07:32:40.857292,47.397971,8.5461635,0.31800001859664917,-494.6810302734375,0.0038696075789630413,0.0005043747369199991,-9.746705055236816,-0.000439298601122573,0.0008511378546245396,0.0010872833663597703,98.0,16.14000129699707
1772695960.9699593,2026-03-05T07:32:40.969959,47.397971,8.5461635,0.3160000145435333,-494.6830139160156,0.0057846661657094955,-0.0033827857114374638,-9.738399505615234,-6.534317799378186e-05,-0.0011583983432501554,-4.274286766303703e-05,98.0,16.14000129699707
1772695961.0820827,2026-03-05T07:32:41.082083,47.397971,8.5461635,0.3150000274181366,-494.68402099609375,-0.0005063465796411037,0.0008613724494352937,-9.7398099899292,0.0002895565121434629,-0.00044906584662385285,-0.00024743168614804745,98.0,16.14000129699707
1772695961.182895,2026-03-05T07:32:41.182895,47.397971,8.5461635,0.3150000274181366,-494.68402099609375,-0.0005063465796411037,0.0008613724494352937,-9.7398099899292,0.0002895565121434629,-0.00044906584662385285,-0.00024743168614804745,98.0,16.14000129699707
1772695961.2853582,2026-03-05T07:32:41.285358,47.397971,8.5461635,0.3140000104904175,-494.6850280761719,-0.0021109026856720448,-0.004529015626758337,-9.731724739074707,-0.0012971337419003248,0.0008229307131841779,-0.0004544028197415173,98.0,16.14000129699707
1772695961.3871,2026-03-05T07:32:41.387100,47.397971,8.5461635,0.31300002336502075,-494.68603515625,0.0022757588885724545,0.004799083806574345,-9.731390953063965,0.0010250492487102747,8.235817949753255e-05,-0.00033240573247894645,98.0,16.14000129699707
1772695961.4909346,2026-03-05T07:32:41.490935,47.397971,8.5461635,0.31200000643730164,-494.68701171875,-0.001262947916984558,-0.006999670527875423,-9.733338356018066,0.0008035406353883445,-0.0006467213970609009,0.00042055704398080707,98.0,16.14000129699707
1772695961.5921175,2026-03-05T07:32:41.592118,47.397971,8.5461635,0.31200000643730164,-494.68701171875,-0.001262947916984558,-0.006999670527875423,-9.733338356018066,0.0008035406353883445,-0.0006467213970609009,0.00042055704398080707,98.0,16.14000129699707
1772695961.703123,2026-03-05T07:32:41.703123,47.397971,8.5461635,0.3110000193119049,-494.6880187988281,2.8613489121198654e-05,0.0023797652684152126,-9.729687690734863,-0.00018132680270355195,-0.0005875738570466638,0.0008095442899502814,98.0,16.14000129699707
1772695961.805183,2026-03-05T07:32:41.805183,47.397971,8.5461635,0.3100000023841858,-494.68902587890625,2.8613489121198654e-05,0.0023797652684152126,-9.729687690734863,-0.00018132680270355195,-0.0005875738570466638,0.0008095442899502814,98.0,16.14000129699707
1772695961.9094486,2026-03-05T07:32:41.909449,47.397971,8.5461635,0.3100000023841858,-494.68902587890625,-0.006056828424334526,-0.003331397194415331,-9.731987953186035,0.0011714594438672066,-0.0016065468080341816,-0.0013389798114076257,98.0,16.14000129699707
1772695962.0139587,2026-03-05T07:32:42.013959,47.397971,8.5461635,0.3100000023841858,-494.68902587890625,-0.006056828424334526,-0.003331397194415331,-9.731987953186035,0.0011714594438672066,-0.0016065468080341816,-0.0013389798114076257,98.0,16.14000129699707
1772695962.1218033,2026-03-05T07:32:42.121803,47.397971,8.5461635,0.30900001525878906,-494.6900329589844,-0.004123913124203682,-0.0010739051504060626,-9.737547874450684,0.0003062192408833653,-0.0002487896999809891,-0.0012439903803169727,98.0,16.14000129699707
1772695962.2249622,2026-03-05T07:32:42.224962,47.397971,8.5461635,0.30800002813339233,-494.6910095214844,-0.004123913124203682,-0.0010739051504060626,-9.737547874450684,0.0003062192408833653,-0.0002487896999809891,-0.0012439903803169727,98.0,16.14000129699707
1772695962.342692,2026-03-05T07:32:42.342692,47.397971,8.5461635,0.30800002813339233,-494.6910095214844,0.004009169526398182,-0.0016082434449344873,-9.73966121673584,-0.0002498242538422346,0.000628986454103142,0.000980091281235218,98.0,16.14000129699707
1772695962.4491205,2026-03-05T07:32:42.449121,47.397971,8.5461635,0.30800002813339233,-494.6910095214844,0.004009169526398182,-0.0016082434449344873,-9.73966121673584,-0.0002498242538422346,0.000628986454103142,0.000980091281235218,98.0,16.14000129699707
1772695962.5588436,2026-03-05T07:32:42.558844,47.397971,8.5461636,0.3070000112056732,-494.6920166015625,0.0028188489377498627,0.003976521082222462,-9.733925819396973,0.0008399974321946502,-0.0005022473051212728,-0.00027778209187090397,98.0,16.14000129699707
1772695962.6609912,2026-03-05T07:32:42.660991,47.397971,8.5461636,0.3070000112056732,-494.6920166015625,0.0028188489377498627,0.003976521082222462,-9.733925819396973,0.0008399974321946502,-0.0005022473051212728,-0.00027778209187090397,98.0,16.14000129699707
1772695962.7628756,2026-03-05T07:32:42.762876,47.397971,8.5461636,0.3060000240802765,-494.6930236816406,-0.0042515527456998825,-0.011192291043698788,-9.73009204864502,0.0003770198964048177,-7.156711217248812e-05,-0.0005138820270076394,98.0,16.14000129699707
1772695962.8650527,2026-03-05T07:32:42.865053,47.397971,8.5461636,0.3060000240802765,-494.6930236816406,-0.0042515527456998825,-0.011192291043698788,-9.73009204864502,0.0003770198964048177,-7.156711217248812e-05,-0.0005138820270076394,98.0,16.14000129699707
1772695962.9720135,2026-03-05T07:32:42.972013,47.397971,8.5461636,0.30400002002716064,-494.6950378417969,-0.0042515527456998825,-0.011192291043698788,-9.73009204864502,0.0003770198964048177,-7.156711217248812e-05,-0.0005138820270076394,98.0,16.14000129699707
1772695963.0811508,2026-03-05T07:32:43.081151,47.397971,8.5461636,0.30400002002716064,-494.6950378417969,-0.006187209859490395,-0.0058851162903010845,-9.737445831298828,-0.00020547164604067802,-0.0003266636049374938,0.0001883267832454294,98.0,16.14000129699707
1772695963.2479017,2026-03-05T07:32:43.247902,47.397971,8.5461636,0.30400002002716064,-494.6950378417969,-0.0005714173894375563,0.0004756745183840394,-9.731366157531738,0.00037357310065999627,0.00043519961764104664,0.001179782673716545,98.0,16.14000129699707
1772695963.3540378,2026-03-05T07:32:43.354038,47.397971,8.5461636,0.3020000159740448,-494.697021484375,-0.004268910735845566,-0.00249772472307086,-9.731658935546875,0.0010672503849491477,0.0006590133416466415,-0.0006149950786493719,98.0,16.14000129699707
1772695963.464936,2026-03-05T07:32:43.464936,47.397971,8.5461636,0.3020000159740448,-494.697021484375,-0.004268910735845566,-0.00249772472307086,-9.731658935546875,0.0010672503849491477,0.0006590133416466415,-0.0006149950786493719,98.0,16.14000129699707
1772695963.5740767,2026-03-05T07:32:43.574077,47.397971,8.5461636,0.3020000159740448,-494.697021484375,-0.004268910735845566,-0.00249772472307086,-9.731658935546875,0.0010672503849491477,0.0006590133416466415,-0.0006149950786493719,98.0,16.14000129699707
1772695963.6792684,2026-03-05T07:32:43.679268,47.397971,8.5461636,0.3020000159740448,-494.697021484375,-0.0009216705802828074,-0.0008685251232236624,-9.732125282287598,0.0006954334676265717,0.0005384663818404078,0.0006025033071637154,98.0,16.14000129699707
1772695963.781382,2026-03-05T07:32:43.781382,47.397971,8.5461636,0.3020000159740448,-494.697021484375,-0.0009216705802828074,-0.0008685251232236624,-9.732125282287598,0.0006954334676265717,0.0005384663818404078,0.0006025033071637154,98.0,16.14000129699707
1772695963.8830316,2026-03-05T07:32:43.883032,47.397971,8.5461636,0.30000001192092896,-494.69903564453125,-0.004307071212679148,0.0024007651954889297,-9.738411903381348,0.0002221570030087605,0.000714152934961021,-0.0010643035639077425,98.0,16.14000129699707
1772695963.9901714,2026-03-05T07:32:43.990171,47.397971,8.5461636,0.30000001192092896,-494.69903564453125,-0.004307071212679148,0.0024007651954889297,-9.738411903381348,0.0002221570030087605,0.000714152934961021,-0.0010643035639077425,98.0,16.14000129699707
1772695964.093657,2026-03-05T07:32:44.093657,47.3979711,8.5461636,0.2990000247955322,-494.70001220703125,-0.002604960696771741,0.008382848463952541,-9.733141899108887,0.0005181931192055345,0.0002337791956961155,0.000105375460407231,98.0,16.14000129699707
1772695964.1962023,2026-03-05T07:32:44.196202,47.3979711,8.5461636,0.2980000078678131,-494.7010192871094,-0.003981924150139093,0.0007466207025572658,-9.731719970703125,-0.00012940840679220855,0.0007244617445394397,-0.0012039069551974535,98.0,16.14000129699707
1772695964.2989106,2026-03-05T07:32:44.298911,47.3979711,8.5461636,0.2970000207424164,-494.7020263671875,-0.0035193534567952156,-0.0052984426729381084,-9.733199119567871,-0.0008905514841899276,0.0006008940981701016,-0.00035663394373841584,98.0,16.14000129699707
1772695964.4020753,2026-03-05T07:32:44.402075,47.3979711,8.5461636,0.2970000207424164,-494.7020263671875,-0.0035193534567952156,-0.0052984426729381084,-9.733199119567871,-0.0008905514841899276,0.0006008940981701016,-0.00035663394373841584,98.0,16.14000129699707
1772695964.5039062,2026-03-05T07:32:44.503906,47.3979711,8.5461636,0.29600000381469727,-494.7030334472656,-0.0035193534567952156,-0.0052984426729381084,-9.733199119567871,-0.0008905514841899276,0.0006008940981701016,-0.00035663394373841584,98.0,16.14000129699707
1772695964.6058688,2026-03-05T07:32:44.605869,47.3979711,8.5461636,0.29600000381469727,-494.7030334472656,-0.0009723141556605697,0.0068648699671030045,-9.737435340881348,0.00040464449557475746,-0.0004079325299244374,3.486782225081697e-05,98.0,16.14000129699707
1772695964.7074964,2026-03-05T07:32:44.707496,47.3979711,8.5461636,0.29500001668930054,-494.7040100097656,-0.0009723141556605697,0.0068648699671030045,-9.737435340881348,0.00040464449557475746,-0.0004079325299244374,3.486782225081697e-05,98.0,16.14000129699707
1772695964.8108792,2026-03-05T07:32:44.810879,47.3979711,8.5461636,0.29500001668930054,-494.7040100097656,0.0027899974957108498,-0.010414831340312958,-9.731101036071777,-0.0005876217037439346,0.0010416964069008827,0.0005153513629920781,98.0,16.14000129699707
1772695964.9121377,2026-03-05T07:32:44.912138,47.3979711,8.5461636,0.2930000126361847,-494.7060241699219,-0.005082765594124794,0.00015910889487713575,-9.730691909790039,0.0005367712583392859,6.74323455314152e-05,-0.0006622362998314202,98.0,16.14000129699707
1772695965.06787,2026-03-05T07:32:45.067870,47.3979711,8.5461636,0.2930000126361847,-494.7060241699219,-0.005082765594124794,0.00015910889487713575,-9.730691909790039,0.0005367712583392859,6.74323455314152e-05,-0.0006622362998314202,98.0,16.14000129699707
1772695965.1724665,2026-03-05T07:32:45.172467,47.3979711,8.5461636,0.29200002551078796,-494.70703125,-0.005082765594124794,0.00015910889487713575,-9.730691909790039,0.0005367712583392859,6.74323455314152e-05,-0.0006622362998314202,98.0,16.14000129699707
1772695965.275476,2026-03-05T07:32:45.275476,47.3979711,8.5461636,0.29200002551078796,-494.70703125,-0.0033691925927996635,-0.0017508037853986025,-9.728480339050293,-0.0004331813252065331,0.0010573335457593203,-0.0001183756030513905,98.0,16.14000129699707
1772695965.3773115,2026-03-05T07:32:45.377311,47.3979711,8.5461636,0.29200002551078796,-494.70703125,-0.0033691925927996635,-0.0017508037853986025,-9.728480339050293,-0.0004331813252065331,0.0010573335457593203,-0.0001183756030513905,98.0,16.14000129699707
1772695965.4801962,2026-03-05T07:32:45.480196,47.3979711,8.5461636,0.29100000858306885,-494.7080383300781,0.0034001655876636505,-0.005640171468257904,-9.7370023727417,0.00018268657731823623,0.0002711914130486548,9.445434989174828e-05,98.0,16.14000129699707
1772695965.5970898,2026-03-05T07:32:45.597090,47.3979711,8.5461636,0.29100000858306885,-494.7080383300781,0.0034001655876636505,-0.005640171468257904,-9.7370023727417,0.00018268657731823623,0.0002711914130486548,9.445434989174828e-05,98.0,16.14000129699707
1772695965.6991248,2026-03-05T07:32:45.699125,47.3979711,8.5461636,0.2900000214576721,-494.7090148925781,0.0034001655876636505,-0.005640171468257904,-9.7370023727417,0.00018268657731823623,0.0002711914130486548,9.445434989174828e-05,98.0,16.14000129699707
1772695965.8051407,2026-03-05T07:32:45.805141,47.3979711,8.5461636,0.2900000214576721,-494.7090148925781,0.00032984837889671326,0.005994374863803387,-9.736262321472168,-0.00022183264081832021,0.0008865319541655481,-0.00020895880879834294,98.0,16.14000129699707
1772695965.9070168,2026-03-05T07:32:45.907017,47.3979711,8.5461636,0.2900000214576721,-494.7090148925781,0.00032984837889671326,0.005994374863803387,-9.736262321472168,-0.00022183264081832021,0.0008865319541655481,-0.00020895880879834294,98.0,16.14000129699707
1772695966.0118272,2026-03-05T07:32:46.011827,47.3979711,8.5461636,0.289000004529953,-494.71002197265625,-0.0023943104315549135,0.00012171384878456593,-9.723288536071777,0.0008511918713338673,-0.0019708864856511354,-0.0012040045112371445,98.0,16.14000129699707
1772695966.1134238,2026-03-05T07:32:46.113424,47.3979711,8.5461636,0.289000004529953,-494.71002197265625,-0.0023943104315549135,0.00012171384878456593,-9.723288536071777,0.0008511918713338673,-0.0019708864856511354,-0.0012040045112371445,98.0,16.14000129699707
1772695966.216053,2026-03-05T07:32:46.216053,47.3979711,8.5461636,0.289000004529953,-494.71002197265625,-0.0023943104315549135,0.00012171384878456593,-9.723288536071777,0.0008511918713338673,-0.0019708864856511354,-0.0012040045112371445,98.0,16.14000129699707
1772695966.3242283,2026-03-05T07:32:46.324228,47.3979711,8.5461636,0.289000004529953,-494.71002197265625,-0.0024968080688267946,0.004827273543924093,-9.729776382446289,0.0008607393247075379,0.0008641852764412761,-9.910755761666223e-05,98.0,16.14000129699707
1772695966.428333,2026-03-05T07:32:46.428333,47.3979711,8.5461636,0.289000004529953,-494.71002197265625,-0.0024968080688267946,0.004827273543924093,-9.729776382446289,0.0008607393247075379,0.0008641852764412761,-9.910755761666223e-05,98.0,16.14000129699707
1772695966.549285,2026-03-05T07:32:46.549285,47.3979711,8.5461636,0.289000004529953,-494.71002197265625,-0.0024968080688267946,0.004827273543924093,-9.729776382446289,0.0008607393247075379,0.0008641852764412761,-9.910755761666223e-05,98.0,16.14000129699707
1772695966.6536877,2026-03-05T07:32:46.653688,47.3979711,8.5461636,0.28700000047683716,-494.7120361328125,-0.00420249393209815,-0.0030978762079030275,-9.736562728881836,0.00027596362633630633,0.0009058827999979258,4.716886905953288e-06,98.0,16.14000129699707
1772695966.7595139,2026-03-05T07:32:46.759514,47.3979711,8.5461636,0.28700000047683716,-494.7120361328125,-0.00420249393209815,-0.0030978762079030275,-9.736562728881836,0.00027596362633630633,0.0009058827999979258,4.716886905953288e-06,98.0,16.14000129699707
1772695966.9216526,2026-03-05T07:32:46.921653,47.3979711,8.5461636,0.28700000047683716,-494.7120361328125,-0.004362436477094889,-0.003985740710049868,-9.73281192779541,0.00037482145125977695,-0.0012364425929263234,0.0006381084094755352,98.0,16.14000129699707
1772695967.0459702,2026-03-05T07:32:47.045970,47.3979711,8.5461636,0.28700000047683716,-494.7120361328125,-0.004362436477094889,-0.003985740710049868,-9.73281192779541,0.00037482145125977695,-0.0012364425929263234,0.0006381084094755352,98.0,16.14000129699707
1772695967.1523123,2026-03-05T07:32:47.152312,47.3979711,8.5461636,0.28700000047683716,-494.7120361328125,-0.004362436477094889,-0.003985740710049868,-9.73281192779541,0.00037482145125977695,-0.0012364425929263234,0.0006381084094755352,98.0,16.14000129699707
1772695967.262447,2026-03-05T07:32:47.262447,47.3979711,8.5461636,0.2850000262260437,-494.7140197753906,-0.0054609691724181175,-0.0008463847334496677,-9.731927871704102,-0.0007816060679033399,0.0006238742498680949,-0.000496204593218863,98.0,16.14000129699707
1772695967.366162,2026-03-05T07:32:47.366162,47.3979711,8.5461636,0.2850000262260437,-494.7140197753906,-0.0054609691724181175,-0.0008463847334496677,-9.731927871704102,-0.0007816060679033399,0.0006238742498680949,-0.000496204593218863,98.0,16.14000129699707
1772695967.470144,2026-03-05T07:32:47.470144,47.3979711,8.5461636,0.2840000092983246,-494.71502685546875,-0.006980373524129391,-0.010946821421384811,-9.73317813873291,2.5000219466164708e-05,0.0006552267004735768,0.0006366411689668894,98.0,16.14000129699707
1772695967.572778,2026-03-05T07:32:47.572778,47.3979711,8.5461636,0.28300002217292786,-494.7160339355469,-0.0064298538491129875,-0.005288959946483374,-9.73916244506836,-0.0002674106799531728,0.00021828152239322662,-5.7184603065252304e-05,98.0,16.14000129699707
1772695967.6734946,2026-03-05T07:32:47.673495,47.3979711,8.5461636,0.28300002217292786,-494.7160339355469,-0.0064298538491129875,-0.005288959946483374,-9.73916244506836,-0.0002674106799531728,0.00021828152239322662,-5.7184603065252304e-05,98.0,16.14000129699707
1772695967.7810588,2026-03-05T07:32:47.781059,47.3979711,8.5461636,0.28200000524520874,-494.7170104980469,-0.0064298538491129875,-0.005288959946483374,-9.73916244506836,-0.0002674106799531728,0.00021828152239322662,-5.7184603065252304e-05,98.0,16.14000129699707
1772695967.8855107,2026-03-05T07:32:47.885511,47.3979711,8.5461636,0.28200000524520874,-494.7170104980469,-0.0005272291600704193,-0.006442279554903507,-9.72312068939209,-0.0018960887100547552,-0.0002332078292965889,-0.0007114572799764574,98.0,16.14000129699707
1772695967.989258,2026-03-05T07:32:47.989258,47.3979711,8.5461636,0.28200000524520874,-494.7170104980469,-0.0005272291600704193,-0.006442279554903507,-9.72312068939209,-0.0018960887100547552,-0.0002332078292965889,-0.0007114572799764574,98.0,16.14000129699707
1772695968.0912156,2026-03-05T07:32:48.091216,47.3979711,8.5461636,0.281000018119812,-494.718017578125,-0.0005272291600704193,-0.006442279554903507,-9.72312068939209,-0.0018960887100547552,-0.0002332078292965889,-0.0007114572799764574,98.0,16.14000129699707
1772695968.1959999,2026-03-05T07:32:48.196000,47.3979711,8.5461636,0.281000018119812,-494.718017578125,0.003766101785004139,0.009329508058726788,-9.729722023010254,-0.0005552592920139432,0.0006460508448071778,0.0002089013869408518,98.0,16.14000129699707
1772695968.2980545,2026-03-05T07:32:48.298054,47.3979711,8.5461636,0.27900001406669617,-494.72003173828125,-0.006229804828763008,-0.001802897430025041,-9.73387622833252,-0.0006028388743288815,0.0001375851861666888,-0.0003908392391167581,98.0,16.14000129699707
1772695968.400294,2026-03-05T07:32:48.400294,47.3979711,8.5461636,0.27900001406669617,-494.72003173828125,-0.006229804828763008,-0.001802897430025041,-9.73387622833252,-0.0006028388743288815,0.0001375851861666888,-0.0003908392391167581,98.0,16.14000129699707
1772695968.5098665,2026-03-05T07:32:48.509866,47.3979711,8.5461637,0.27800002694129944,-494.72100830078125,-0.007988093420863152,-0.0004258989938534796,-9.725604057312012,-5.350907304091379e-05,7.764910697005689e-05,-0.0006131906993687153,98.0,16.14000129699707
1772695968.621988,2026-03-05T07:32:48.621988,47.3979711,8.5461637,0.27800002694129944,-494.72100830078125,-0.007988093420863152,-0.0004258989938534796,-9.725604057312012,-5.350907304091379e-05,7.764910697005689e-05,-0.0006131906993687153,98.0,16.14000129699707
1772695968.7279615,2026-03-05T07:32:48.727962,47.3979711,8.5461637,0.2770000100135803,-494.7220153808594,-0.007988093420863152,-0.0004258989938534796,-9.725604057312012,-5.350907304091379e-05,7.764910697005689e-05,-0.0006131906993687153,98.0,16.14000129699707
1772695968.836243,2026-03-05T07:32:48.836243,47.3979711,8.5461637,0.2770000100135803,-494.7220153808594,-0.005325136706233025,0.0011669142404571176,-9.734623908996582,-0.0002133153611794114,0.0010123411193490028,0.00022905707010068,98.0,16.14000129699707
1772695968.94456,2026-03-05T07:32:48.944560,47.3979711,8.5461637,0.2770000100135803,-494.7220153808594,-0.005325136706233025,0.0011669142404571176,-9.734623908996582,-0.0002133153611794114,0.0010123411193490028,0.00022905707010068,98.0,16.14000129699707
1772695969.0478776,2026-03-05T07:32:49.047878,47.3979711,8.5461637,0.2770000100135803,-494.7220153808594,0.00015649013221263885,-0.006052385084331036,-9.727937698364258,-0.0005907928571105003,0.0003575568553060293,-0.00017462699906900525,98.0,16.14000129699707
1772695969.1684225,2026-03-05T07:32:49.168422,47.3979711,8.5461637,0.2770000100135803,-494.7220153808594,0.00015649013221263885,-0.006052385084331036,-9.727937698364258,-0.0005907928571105003,0.0003575568553060293,-0.00017462699906900525,98.0,16.14000129699707
1772695969.2735457,2026-03-05T07:32:49.273546,47.3979711,8.5461637,0.2750000059604645,-494.7240295410156,-0.0023814127780497074,-0.0015943944454193115,-9.733380317687988,-0.001184580847620964,-0.0007690010243095458,0.0002576987026259303,98.0,16.14000129699707
1772695969.3871574,2026-03-05T07:32:49.387157,47.3979711,8.5461637,0.27400001883506775,-494.72503662109375,-0.005916269030421972,0.003223458305001259,-9.731127738952637,-0.00015455660468433052,-0.0003165083471685648,0.00032886292319744825,98.0,16.14000129699707
1772695969.4904542,2026-03-05T07:32:49.490454,47.3979711,8.5461637,0.27400001883506775,-494.72503662109375,-0.005916269030421972,0.003223458305001259,-9.731127738952637,-0.00015455660468433052,-0.0003165083471685648,0.00032886292319744825,98.0,16.14000129699707
1772695969.6021988,2026-03-05T07:32:49.602199,47.3979711,8.5461637,0.27300000190734863,-494.72601318359375,-0.0007913281442597508,0.0019099997589364648,-9.729398727416992,0.0011422581737861037,-0.00014848826685920358,-0.00034327845787629485,98.0,16.14000129699707
1772695969.7038116,2026-03-05T07:32:49.703812,47.3979711,8.5461637,0.27300000190734863,-494.72601318359375,-0.0007913281442597508,0.0019099997589364648,-9.729398727416992,0.0011422581737861037,-0.00014848826685920358,-0.00034327845787629485,98.0,16.14000129699707
1772695969.8131464,2026-03-05T07:32:49.813146,47.3979711,8.5461637,0.27300000190734863,-494.72601318359375,-0.0007913281442597508,0.0019099997589364648,-9.729398727416992,0.0011422581737861037,-0.00014848826685920358,-0.00034327845787629485,98.0,16.14000129699707
1772695969.91512,2026-03-05T07:32:49.915120,47.3979711,8.5461637,0.27300000190734863,-494.72601318359375,-0.0007913281442597508,0.0019099997589364648,-9.729398727416992,0.0011422581737861037,-0.00014848826685920358,-0.00034327845787629485,98.0,16.14000129699707
1772695970.0171356,2026-03-05T07:32:50.017136,47.3979711,8.5461637,0.27300000190734863,-494.72601318359375,-0.0079365074634552,-0.0072877672500908375,-9.735857009887695,-0.0005662426701746881,-0.000785465759690851,-0.00014023567200638354,98.0,16.14000129699707
1772695970.1218445,2026-03-05T07:32:50.121845,47.3979711,8.5461637,0.27000001072883606,-494.7290344238281,-0.013410947285592556,-0.005097279790788889,-9.736598014831543,-0.0003617377660702914,-0.0007457575993612409,-0.0004584525595419109,98.0,16.14000129699707
1772695970.2296896,2026-03-05T07:32:50.229690,47.3979711,8.5461637,0.27000001072883606,-494.7290344238281,-0.009147781878709793,-0.00020510389003902674,-9.73071002960205,-0.0006279221852310002,-0.0005369465798139572,4.5496788516175e-05,98.0,16.14000129699707
1772695970.331664,2026-03-05T07:32:50.331664,47.3979711,8.5461637,0.26900002360343933,-494.7300109863281,-0.0006249977741390467,-0.00663715647533536,-9.73231315612793,-0.0009842790896072984,-0.0013090106658637524,0.0002549082855693996,98.0,16.14000129699707
1772695970.43386,2026-03-05T07:32:50.433860,47.3979711,8.5461637,0.26900002360343933,-494.7300109863281,-0.0006249977741390467,-0.00663715647533536,-9.73231315612793,-0.0009842790896072984,-0.0013090106658637524,0.0002549082855693996,98.0,16.14000129699707
1772695970.5361536,2026-03-05T07:32:50.536154,47.3979711,8.5461637,0.26900002360343933,-494.7300109863281,-0.008397560566663742,0.00017341563943773508,-9.74110221862793,7.160182576626539e-05,0.0002630510716699064,-0.0004164967976976186,98.0,16.14000129699707
1772695970.651372,2026-03-05T07:32:50.651372,47.3979711,8.5461637,0.2670000195503235,-494.7320251464844,-0.008397560566663742,0.00017341563943773508,-9.74110221862793,7.160182576626539e-05,0.0002630510716699064,-0.0004164967976976186,98.0,16.14000129699707
1772695970.7528586,2026-03-05T07:32:50.752859,47.3979711,8.5461637,0.2670000195503235,-494.7320251464844,-0.004197586793452501,-0.0027784339617937803,-9.741100311279297,-0.0008568480261601508,-0.0001971404126379639,-0.000502890208736062,98.0,16.14000129699707
1772695970.8571837,2026-03-05T07:32:50.857184,47.3979711,8.5461637,0.26600000262260437,-494.7330322265625,0.0035811744164675474,-0.005096775013953447,-9.727980613708496,-0.0004198142560198903,-0.000261549255810678,0.00054616027045995,98.0,16.14000129699707
1772695970.9592128,2026-03-05T07:32:50.959213,47.3979711,8.5461637,0.26500001549720764,-494.7340087890625,-0.0005741817876696587,0.004107007756829262,-9.733674049377441,-0.00023332078126259148,0.0005527475732378662,0.0016803444596007466,98.0,16.14000129699707
1772695971.0620773,2026-03-05T07:32:51.062077,47.3979711,8.5461637,0.2639999985694885,-494.7350158691406,-0.0032499406952410936,-0.0007761918823234737,-9.7344388961792,-0.00032649937202222645,-0.0001902832300402224,-4.6737353841308504e-05,98.0,16.14000129699707
1772695971.1641326,2026-03-05T07:32:51.164133,47.3979711,8.5461637,0.2630000114440918,-494.73602294921875,-0.0021493714302778244,-0.0037547429092228413,-9.733527183532715,-0.0007057498442009091,0.001279579009860754,-0.00017475991626270115,98.0,16.14000129699707
1772695971.2663672,2026-03-05T07:32:51.266367,47.3979711,8.5461637,0.26200002431869507,-494.7370300292969,-0.004703689366579056,-0.0002784470561891794,-9.726752281188965,-0.0004386405926197767,-0.0002641752071212977,7.855127478251234e-06,98.0,16.14000129699707
1772695971.3734262,2026-03-05T07:32:51.373426,47.3979711,8.5461637,0.26100000739097595,-494.738037109375,-0.004703689366579056,-0.0002784470561891794,-9.726752281188965,-0.0004386405926197767,-0.0002641752071212977,7.855127478251234e-06,98.0,16.14000129699707
1772695971.4815476,2026-03-05T07:32:51.481548,47.3979711,8.5461637,0.26100000739097595,-494.738037109375,-0.0064123328775167465,0.0010825545759871602,-9.738393783569336,-1.0964554348902311e-05,-0.0005697875749319792,-0.00048524144222028553,98.0,16.14000129699707
1772695971.5844538,2026-03-05T07:32:51.584454,47.3979711,8.5461637,0.2600000202655792,-494.739013671875,-0.0064123328775167465,0.0010825545759871602,-9.738393783569336,-1.0964554348902311e-05,-0.0005697875749319792,-0.00048524144222028553,98.0,16.14000129699707
1772695971.6883488,2026-03-05T07:32:51.688349,47.3979711,8.5461637,0.2600000202655792,-494.739013671875,0.0061682481318712234,-0.0026109693571925163,-9.736618995666504,0.000644771265797317,-0.000735012989025563,-0.0007296369294635952,98.0,16.14000129699707
1772695971.7942057,2026-03-05T07:32:51.794206,47.3979711,8.5461637,0.2600000202655792,-494.739013671875,0.0061682481318712234,-0.0026109693571925163,-9.736618995666504,0.000644771265797317,-0.000735012989025563,-0.0007296369294635952,98.0,16.14000129699707
1772695971.8964584,2026-03-05T07:32:51.896458,47.3979711,8.5461637,0.2590000033378601,-494.7400207519531,-0.00788735318928957,-0.0005641600582748652,-9.734807014465332,0.0011502433335408568,-0.0007129500736482441,5.0770206144079566e-05,98.0,16.14000129699707
1772695972.0001905,2026-03-05T07:32:52.000190,47.3979711,8.5461637,0.2590000033378601,-494.7400207519531,-0.00788735318928957,-0.0005641600582748652,-9.734807014465332,0.0011502433335408568,-0.0007129500736482441,5.0770206144079566e-05,98.0,16.14000129699707
1772695972.1012325,2026-03-05T07:32:52.101233,47.3979711,8.5461637,0.2590000033378601,-494.7400207519531,-0.00788735318928957,-0.0005641600582748652,-9.734807014465332,0.0011502433335408568,-0.0007129500736482441,5.0770206144079566e-05,98.0,16.14000129699707
1772695972.2028952,2026-03-05T07:32:52.202895,47.3979711,8.5461637,0.25600001215934753,-494.7430114746094,-0.00444319611415267,-0.002471501938998699,-9.724696159362793,0.0003261402016505599,0.001088170101866126,-0.000977987190708518,98.0,16.14000129699707
1772695972.3053672,2026-03-05T07:32:52.305367,47.3979711,8.5461637,0.25600001215934753,-494.7430114746094,-0.0033984167966991663,-0.007028975058346987,-9.721511840820312,-0.0011369244894012809,0.0008379234932363033,0.0006644449895247817,98.0,16.14000129699707
1772695972.4093874,2026-03-05T07:32:52.409387,47.3979711,8.5461637,0.25600001215934753,-494.7430114746094,-0.0016991825541481376,-0.0011116827372461557,-9.73129653930664,0.0007341440650634468,-0.0001973710604943335,6.821598071837798e-05,98.0,16.14000129699707
1772695972.5116808,2026-03-05T07:32:52.511681,47.3979711,8.5461637,0.25600001215934753,-494.7430114746094,-0.0016991825541481376,-0.0011116827372461557,-9.73129653930664,0.0007341440650634468,-0.0001973710604943335,6.821598071837798e-05,98.0,16.14000129699707
1772695972.625448,2026-03-05T07:32:52.625448,47.3979711,8.5461637,0.2540000081062317,-494.7450256347656,0.0011817938648164272,0.0011905758874490857,-9.736889839172363,0.0004569385782815516,-0.0001246234169229865,0.0008208595681935549,98.0,16.14000129699707
1772695972.7298598,2026-03-05T07:32:52.729860,47.3979711,8.5461637,0.25300002098083496,-494.74603271484375,0.0011817938648164272,0.0011905758874490857,-9.736889839172363,0.0004569385782815516,-0.0001246234169229865,0.0008208595681935549,98.0,16.14000129699707
1772695972.842857,2026-03-05T07:32:52.842857,47.3979711,8.5461637,0.25300002098083496,-494.74603271484375,0.0037749491166323423,-0.007240453734993935,-9.737438201904297,-0.00031142611987888813,0.00015343516133725643,0.000912803050596267,98.0,16.14000129699707
1772695972.9491582,2026-03-05T07:32:52.949158,47.3979711,8.5461637,0.25300002098083496,-494.74603271484375,0.0037749491166323423,-0.007240453734993935,-9.737438201904297,-0.00031142611987888813,0.00015343516133725643,0.000912803050596267,98.0,16.14000129699707
1772695973.0539649,2026-03-05T07:32:53.053965,47.3979711,8.5461638,0.25200000405311584,-494.74700927734375,0.0037749491166323423,-0.007240453734993935,-9.737438201904297,-0.00031142611987888813,0.00015343516133725643,0.000912803050596267,98.0,16.14000129699707
1772695973.1588864,2026-03-05T07:32:53.158886,47.3979711,8.5461638,0.25200000405311584,-494.74700927734375,0.0017948702443391085,-0.0004039638442918658,-9.732610702514648,7.866805390221998e-05,-0.0005696548032574356,-0.0005456294165924191,98.0,16.14000129699707
1772695973.2599804,2026-03-05T07:32:53.259980,47.3979711,8.5461638,0.2510000169277191,-494.7480163574219,-0.005384352989494801,0.008045420050621033,-9.74012565612793,-0.0003467324422672391,0.00011838581849588081,-0.00030919263372197747,98.0,16.14000129699707
1772695973.3610866,2026-03-05T07:32:53.361087,47.3979711,8.5461638,0.25,-494.7490234375,-0.003048711223527789,-0.002791178645566106,-9.74022102355957,4.904607339994982e-05,0.0006509418599307537,0.0001038033005897887,98.0,16.14000129699707
1772695973.4628935,2026-03-05T07:32:53.462893,47.3979711,8.5461638,0.24900001287460327,-494.7500305175781,-0.005561322905123234,-0.0005182466120459139,-9.74240493774414,0.0012196297757327557,-0.0005355586181394756,-0.0009862350998446345,98.0,16.14000129699707
1772695973.5646033,2026-03-05T07:32:53.564603,47.3979711,8.5461638,0.24900001287460327,-494.7500305175781,-0.005561322905123234,-0.0005182466120459139,-9.74240493774414,0.0012196297757327557,-0.0005355586181394756,-0.0009862350998446345,98.0,16.14000129699707
1772695973.6681764,2026-03-05T07:32:53.668176,47.3979711,8.5461638,0.24800001084804535,-494.75103759765625,-0.005561322905123234,-0.0005182466120459139,-9.74240493774414,0.0012196297757327557,-0.0005355586181394756,-0.0009862350998446345,98.0,16.14000129699707
1772695973.770783,2026-03-05T07:32:53.770783,47.3979711,8.5461638,0.24800001084804535,-494.75103759765625,-0.009522256441414356,-0.010106074623763561,-9.739286422729492,-0.0005701059126295149,-7.291180736501701e-06,-0.0011516534723341465,98.0,16.14000129699707
1772695973.8732643,2026-03-05T07:32:53.873264,47.3979711,8.5461638,0.24800001084804535,-494.75103759765625,-0.009522256441414356,-0.010106074623763561,-9.739286422729492,-0.0005701059126295149,-7.291180736501701e-06,-0.0011516534723341465,98.0,16.14000129699707
1772695973.9922287,2026-03-05T07:32:53.992229,47.3979711,8.5461638,0.2460000067949295,-494.7530212402344,-0.009522256441414356,-0.010106074623763561,-9.739286422729492,-0.0005701059126295149,-7.291180736501701e-06,-0.0011516534723341465,98.0,16.14000129699707
1772695974.0940547,2026-03-05T07:32:54.094055,47.3979711,8.5461638,0.2460000067949295,-494.7530212402344,-0.0021655510645359755,0.0044782282784581184,-9.731175422668457,-0.00013898330507799983,0.0009704478434287012,-0.0004982044920325279,98.0,16.14000129699707
1772695974.1961985,2026-03-05T07:32:54.196198,47.3979711,8.5461638,0.24500000476837158,-494.7540283203125,-0.004588467534631491,0.007555891759693623,-9.738640785217285,-0.0008271560072898865,0.00038308120565488935,-0.00023300002794712782,98.0,16.14000129699707
1772695974.298323,2026-03-05T07:32:54.298323,47.3979711,8.5461638,0.24400001764297485,-494.7550354003906,-0.0053028506226837635,0.0003541760379448533,-9.730164527893066,-0.0004954678006470203,0.00034319853875786066,-3.3401800465071574e-05,98.0,16.14000129699707
1772695974.3991497,2026-03-05T07:32:54.399150,47.3979711,8.5461638,0.24400001764297485,-494.7550354003906,-0.0053028506226837635,0.0003541760379448533,-9.730164527893066,-0.0004954678006470203,0.00034319853875786066,-3.3401800465071574e-05,98.0,16.14000129699707
1772695974.5009654,2026-03-05T07:32:54.500965,47.3979711,8.5461638,0.24300001561641693,-494.7560119628906,0.0056447843089699745,-0.0010677871759980917,-9.730860710144043,-0.00016584865807089955,0.0012521258322522044,0.00031108807888813317,98.0,16.14000129699707
1772695974.6031547,2026-03-05T07:32:54.603155,47.3979711,8.5461638,0.24300001561641693,-494.7560119628906,0.0056447843089699745,-0.0010677871759980917,-9.730860710144043,-0.00016584865807089955,0.0012521258322522044,0.00031108807888813317,98.0,16.14000129699707
1772695974.7037632,2026-03-05T07:32:54.703763,47.3979711,8.5461638,0.24300001561641693,-494.7560119628906,0.0056447843089699745,-0.0010677871759980917,-9.730860710144043,-0.00016584865807089955,0.0012521258322522044,0.00031108807888813317,98.0,16.14000129699707
1772695974.8071418,2026-03-05T07:32:54.807142,47.3979711,8.5461638,0.242000013589859,-494.75701904296875,0.0056447843089699745,-0.0010677871759980917,-9.730860710144043,-0.00016584865807089955,0.0012521258322522044,0.00031108807888813317,98.0,16.14000129699707
1772695974.9094172,2026-03-05T07:32:54.909417,47.3979711,8.5461638,0.242000013589859,-494.75701904296875,0.0021652609575539827,-0.0011849170550704002,-9.723601341247559,0.0005708422395400703,0.00031146465335041285,-0.0027240714989602566,98.0,16.14000129699707
1772695975.011322,2026-03-05T07:32:55.011322,47.3979711,8.5461638,0.2410000115633011,-494.7580261230469,0.0021652609575539827,-0.0011849170550704002,-9.723601341247559,0.0005708422395400703,0.00031146465335041285,-0.0027240714989602566,98.0,16.14000129699707
1772695975.115055,2026-03-05T07:32:55.115055,47.3979711,8.5461638,0.2410000115633011,-494.7580261230469,-0.007259952835738659,-0.0039076549001038074,-9.7247953414917,-0.0015470088692381978,0.0005434573977254331,0.00012669648276641965,98.0,16.14000129699707
1772695975.2169876,2026-03-05T07:32:55.216988,47.3979711,8.5461638,0.23900000751018524,-494.760009765625,-0.0013175185304135084,-0.0008554320083931088,-9.730483055114746,0.0016879288014024496,-0.0015236566541716456,-3.895983536494896e-05,98.0,16.14000129699707
1772695975.3183637,2026-03-05T07:32:55.318364,47.3979711,8.5461638,0.23800000548362732,-494.7610168457031,-0.006554041989147663,0.000500116846524179,-9.730644226074219,-0.0007736837724223733,-0.00026736693689599633,0.0003496493154671043,98.0,16.14000129699707
1772695975.4228375,2026-03-05T07:32:55.422837,47.3979711,8.5461638,0.23800000548362732,-494.7610168457031,-0.006554041989147663,0.000500116846524179,-9.730644226074219,-0.0007736837724223733,-0.00026736693689599633,0.0003496493154671043,98.0,16.14000129699707
1772695975.5423346,2026-03-05T07:32:55.542335,47.3979711,8.5461638,0.2370000183582306,-494.76202392578125,-0.0015570024261251092,-0.0018012021901085973,-9.72843074798584,8.989287380245514e-06,0.00036906340392306447,-0.0008182190358638763,98.0,16.14000129699707
1772695975.6453815,2026-03-05T07:32:55.645381,47.3979711,8.5461638,0.2370000183582306,-494.76202392578125,-0.0015570024261251092,-0.0018012021901085973,-9.72843074798584,8.989287380245514e-06,0.00036906340392306447,-0.0008182190358638763,98.0,16.14000129699707
1772695975.7469275,2026-03-05T07:32:55.746927,47.3979711,8.5461638,0.23600001633167267,-494.7630310058594,0.0005373889580368996,-0.003762634005397558,-9.7351713180542,-0.0010470685083419085,-0.00028848243528045714,0.00029800337506458163,98.0,16.14000129699707
1772695975.8599195,2026-03-05T07:32:55.859920,47.3979711,8.5461638,0.23400001227855682,-494.7650146484375,0.0005373889580368996,-0.003762634005397558,-9.7351713180542,-0.0010470685083419085,-0.00028848243528045714,0.00029800337506458163,98.0,16.14000129699707
1772695975.9704885,2026-03-05T07:32:55.970489,47.3979711,8.5461638,0.23400001227855682,-494.7650146484375,-0.006383733823895454,0.0034787291660904884,-9.734491348266602,0.0006668866262771189,0.00010569688311079517,-0.0001294496760237962,95.0,16.079999923706055
1772695976.0728426,2026-03-05T07:32:56.072843,47.3979711,8.5461638,0.2330000102519989,-494.7660217285156,-0.006383733823895454,0.0034787291660904884,-9.734491348266602,0.0006668866262771189,0.00010569688311079517,-0.0001294496760237962,95.0,16.079999923706055
1772695976.1753767,2026-03-05T07:32:56.175377,47.3979711,8.5461638,0.2330000102519989,-494.7660217285156,-0.0006532446714118123,-0.0029500494711101055,-9.717138290405273,0.0004002072673756629,-8.289489051094279e-05,-7.313786773011088e-05,95.0,16.079999923706055
1772695976.2788222,2026-03-05T07:32:56.278822,47.3979711,8.5461639,0.23000000417232513,-494.7690124511719,-0.006059056147933006,-0.0044293696992099285,-9.734099388122559,-0.0003247740969527513,-0.00021297286730259657,-0.00025378205464221537,95.0,16.079999923706055
1772695976.379726,2026-03-05T07:32:56.379726,47.3979711,8.5461639,0.23000000417232513,-494.7690124511719,-0.006059056147933006,-0.0044293696992099285,-9.734099388122559,-0.0003247740969527513,-0.00021297286730259657,-0.00025378205464221537,95.0,16.079999923706055
1772695976.4843144,2026-03-05T07:32:56.484314,47.3979711,8.5461639,0.2290000170469284,-494.77001953125,-0.06205884739756584,-0.00417600991204381,-9.75902271270752,0.0015000742860138416,0.001199501333758235,-0.00022845700732432306,95.0,16.079999923706055
1772695976.5853739,2026-03-05T07:32:56.585374,47.3979711,8.5461639,0.2290000170469284,-494.77001953125,-0.06205884739756584,-0.00417600991204381,-9.75902271270752,0.0015000742860138416,0.001199501333758235,-0.00022845700732432306,95.0,16.079999923706055
1772695976.6882064,2026-03-05T07:32:56.688206,47.3979711,8.5461639,0.22800001502037048,-494.7710266113281,-0.021817626431584358,0.018689805641770363,-10.109404563903809,0.003425154136493802,0.03405926376581192,0.0018130220705643296,95.0,16.079999923706055
1772695976.798149,2026-03-05T07:32:56.798149,47.3979711,8.5461639,0.22800001502037048,-494.7710266113281,-0.021817626431584358,0.018689805641770363,-10.109404563903809,0.003425154136493802,0.03405926376581192,0.0018130220705643296,95.0,16.079999923706055
1772695976.913712,2026-03-05T07:32:56.913712,47.3979711,8.5461639,0.22700001299381256,-494.77203369140625,-0.0066145723685622215,-0.002272420097142458,-10.273119926452637,0.014024192467331886,0.06683919578790665,0.00123812525998801,95.0,16.079999923706055
1772695977.0176036,2026-03-05T07:32:57.017604,47.3979711,8.5461639,0.22700001299381256,-494.77203369140625,-0.0066145723685622215,-0.002272420097142458,-10.273119926452637,0.014024192467331886,0.06683919578790665,0.00123812525998801,95.0,16.079999923706055
1772695977.1242235,2026-03-05T07:32:57.124223,47.3979711,8.5461639,0.22500000894069672,-494.7740173339844,-0.00711896363645792,-0.00796874612569809,-10.350398063659668,0.02175045944750309,0.06439734250307083,0.0020373258739709854,95.0,16.079999923706055
1772695977.2299318,2026-03-05T07:32:57.229932,47.3979711,8.5461639,0.22500000894069672,-494.7740173339844,-0.00711896363645792,-0.00796874612569809,-10.350398063659668,0.02175045944750309,0.06439734250307083,0.0020373258739709854,95.0,16.079999923706055
1772695977.3315253,2026-03-05T07:32:57.331525,47.3979711,8.5461639,0.2240000069141388,-494.7750244140625,0.003944895230233669,0.000632542185485363,-10.45689868927002,0.024896785616874695,0.056893784552812576,0.0015300685772672296,95.0,16.079999923706055
1772695977.433003,2026-03-05T07:32:57.433003,47.3979711,8.5461639,0.2240000069141388,-494.7750244140625,-0.0015907257329672575,-0.004541897680610418,-10.458075523376465,0.024023812264204025,0.059040628373622894,0.0012677883496508002,95.0,16.079999923706055
1772695977.5340388,2026-03-05T07:32:57.534039,47.3979711,8.5461639,0.2240000069141388,-494.7750244140625,-0.0015907257329672575,-0.004541897680610418,-10.458075523376465,0.024023812264204025,0.059040628373622894,0.0012677883496508002,95.0,16.079999923706055
1772695977.6350884,2026-03-05T07:32:57.635088,47.3979711,8.5461639,0.2240000069141388,-494.7750244140625,-0.0028983978554606438,-0.005547855980694294,-10.520397186279297,0.024720165878534317,0.05477660894393921,0.0020266638603061438,95.0,16.079999923706055
1772695977.7409885,2026-03-05T07:32:57.740988,47.3979711,8.5461639,0.2240000069141388,-494.7750244140625,-0.0028983978554606438,-0.005547855980694294,-10.520397186279297,0.024720165878534317,0.05477660894393921,0.0020266638603061438,95.0,16.079999923706055
1772695977.8435957,2026-03-05T07:32:57.843596,47.3979711,8.5461639,0.2240000069141388,-494.7750244140625,0.0029270967934280634,-9.044038597494364e-05,-10.525145530700684,0.02238270454108715,0.04639056697487831,0.0016345693729817867,95.0,16.079999923706055
1772695977.9471009,2026-03-05T07:32:57.947101,47.3979711,8.5461639,0.22500000894069672,-494.7740173339844,-0.00371553935110569,-0.006570400204509497,-10.579733848571777,0.020200686529278755,0.038353897631168365,0.0012502176687121391,95.0,16.079999923706055
1772695978.0477326,2026-03-05T07:32:58.047733,47.3979711,8.5461639,0.22600001096725464,-494.77301025390625,-0.00371553935110569,-0.006570400204509497,-10.579733848571777,0.020200686529278755,0.038353897631168365,0.0012502176687121391,95.0,16.079999923706055
1772695978.1489952,2026-03-05T07:32:58.148995,47.3979711,8.5461639,0.22700001299381256,-494.77203369140625,0.001130024204030633,-0.011388539336621761,-10.620125770568848,0.01602521911263466,0.025520678609609604,0.001014350913465023,95.0,16.079999923706055
1772695978.2507267,2026-03-05T07:32:58.250727,47.3979711,8.5461639,0.22800001502037048,-494.7710266113281,0.005469804629683495,0.0020827013067901134,-10.602517127990723,0.013634762726724148,0.020901314914226532,0.0007557623321190476,95.0,16.079999923706055
1772695978.353849,2026-03-05T07:32:58.353849,47.3979711,8.5461639,0.23000000417232513,-494.7690124511719,0.005469804629683495,0.0020827013067901134,-10.602517127990723,0.013634762726724148,0.020901314914226532,0.0007557623321190476,95.0,16.079999923706055
1772695978.4569588,2026-03-05T07:32:58.456959,47.3979711,8.5461639,0.23000000417232513,-494.7690124511719,-0.0027213168796151876,0.00115969218313694,-10.643017768859863,0.010470092296600342,0.01592901535332203,0.0003888028732035309,95.0,16.079999923706055
1772695978.5586746,2026-03-05T07:32:58.558675,47.3979711,8.5461639,0.23000000417232513,-494.7690124511719,-0.0027213168796151876,0.00115969218313694,-10.643017768859863,0.010470092296600342,0.01592901535332203,0.0003888028732035309,95.0,16.079999923706055
1772695978.6606548,2026-03-05T07:32:58.660655,47.3979711,8.5461639,0.2330000102519989,-494.7660217285156,0.0016206030268222094,-0.004914059303700924,-10.705609321594238,0.00975493248552084,0.011179494671523571,0.0004583358531817794,95.0,16.079999923706055
1772695978.7632618,2026-03-05T07:32:58.763262,47.3979711,8.5461639,0.2330000102519989,-494.7660217285156,0.0016206030268222094,-0.004914059303700924,-10.705609321594238,0.00975493248552084,0.011179494671523571,0.0004583358531817794,95.0,16.079999923706055
1772695978.864404,2026-03-05T07:32:58.864404,47.3979711,8.5461639,0.23800000548362732,-494.7610168457031,-0.00352248502895236,0.0028535618912428617,-10.717482566833496,0.00458044558763504,0.003962307702749968,0.00023770573898218572,95.0,16.079999923706055
1772695978.9659536,2026-03-05T07:32:58.965954,47.3979711,8.5461639,0.23800000548362732,-494.7610168457031,-0.00352248502895236,0.0028535618912428617,-10.717482566833496,0.00458044558763504,0.003962307702749968,0.00023770573898218572,95.0,16.079999923706055
1772695979.072055,2026-03-05T07:32:59.072055,47.3979711,8.5461639,0.23800000548362732,-494.7610168457031,-0.00352248502895236,0.0028535618912428617,-10.717482566833496,0.00458044558763504,0.003962307702749968,0.00023770573898218572,95.0,16.079999923706055
1772695979.182226,2026-03-05T07:32:59.182226,47.3979711,8.5461639,0.24700000882148743,-494.75201416015625,-0.0029230171348899603,-0.006102344952523708,-10.655535697937012,-0.00014138688857201487,-0.00812582578510046,0.00044774863636121154,95.0,16.079999923706055
1772695979.2877364,2026-03-05T07:32:59.287736,47.3979711,8.5461639,0.25200000405311584,-494.74700927734375,0.0018801738042384386,0.0051942504942417145,-10.67042064666748,-0.002108199754729867,-0.011997313238680363,0.000642270955722779,95.0,16.079999923706055
1772695979.3890948,2026-03-05T07:32:59.389095,47.3979711,8.5461639,0.25699999928474426,-494.7420349121094,0.0018801738042384386,0.0051942504942417145,-10.67042064666748,-0.002108199754729867,-0.011997313238680363,0.000642270955722779,95.0,16.079999923706055
1772695979.5044692,2026-03-05T07:32:59.504469,47.3979711,8.5461638,0.2630000114440918,-494.73602294921875,0.0051308926194906235,-3.213703166693449e-05,-10.691967964172363,-0.0035357775632292032,-0.012795188464224339,-0.0005977749242447317,95.0,16.079999923706055
1772695979.6073098,2026-03-05T07:32:59.607310,47.3979711,8.5461638,0.2630000114440918,-494.73602294921875,0.008560924790799618,-0.008996749296784401,-10.697134017944336,-0.003664816729724407,-0.01531143020838499,0.00011631316738203168,95.0,16.079999923706055
1772695979.7271032,2026-03-05T07:32:59.727103,47.3979711,8.5461638,0.26900002360343933,-494.7300109863281,0.0007445921655744314,0.003909836523234844,-10.680794715881348,-0.006627644877880812,-0.018689148128032684,0.00019784148025792092,95.0,16.079999923706055
1772695979.8291152,2026-03-05T07:32:59.829115,47.3979711,8.5461638,0.27400001883506775,-494.72503662109375,0.0029157029930502176,0.0013615591451525688,-10.67625904083252,-0.007495624013245106,-0.018078632652759552,0.0010989770526066422,95.0,16.079999923706055
1772695979.930266,2026-03-05T07:32:59.930266,47.3979711,8.5461638,0.27400001883506775,-494.72503662109375,0.0029157029930502176,0.0013615591451525688,-10.67625904083252,-0.007495624013245106,-0.018078632652759552,0.0010989770526066422,95.0,16.079999923706055
1772695980.033715,2026-03-05T07:33:00.033715,47.3979711,8.5461638,0.28300002217292786,-494.7160339355469,0.0008678599260747433,-0.004018597770482302,-10.673029899597168,-0.010044709779322147,-0.018878528848290443,0.0009499398292973638,95.0,16.079999923706055
1772695980.1349955,2026-03-05T07:33:00.134995,47.3979711,8.5461638,0.28300002217292786,-494.7160339355469,0.0008678599260747433,-0.004018597770482302,-10.673029899597168,-0.010044709779322147,-0.018878528848290443,0.0009499398292973638,95.0,16.079999923706055
1772695980.2412446,2026-03-05T07:33:00.241245,47.3979711,8.5461638,0.29500001668930054,-494.7040100097656,0.0036284697707742453,-0.007888318970799446,-10.667638778686523,-0.010234241373836994,-0.023713767528533936,0.0005124993622303009,95.0,16.079999923706055
1772695980.3469741,2026-03-05T07:33:00.346974,47.3979711,8.5461638,0.29500001668930054,-494.7040100097656,0.0036284697707742453,-0.007888318970799446,-10.667638778686523,-0.010234241373836994,-0.023713767528533936,0.0005124993622303009,95.0,16.079999923706055
1772695980.4501243,2026-03-05T07:33:00.450124,47.3979711,8.5461638,0.30400002002716064,-494.6950378417969,-0.0002627135254442692,-0.004419906996190548,-10.6868314743042,-0.01329220924526453,-0.025981102138757706,0.001551042776554823,95.0,16.079999923706055
1772695980.5530894,2026-03-05T07:33:00.553089,47.3979711,8.5461637,0.32500001788139343,-494.67401123046875,0.0019758555572479963,-0.007462367415428162,-10.669217109680176,-0.0119000393897295,-0.025526003912091255,-0.00013385378406383097,95.0,16.079999923706055
1772695980.6653714,2026-03-05T07:33:00.665371,47.3979711,8.5461637,0.32500001788139343,-494.67401123046875,0.004402038641273975,0.00039996078703552485,-10.66649341583252,-0.013642712496221066,-0.028525400906801224,-0.00017323708743788302,95.0,16.079999923706055
1772695980.7683365,2026-03-05T07:33:00.768337,47.3979711,8.5461637,0.32500001788139343,-494.67401123046875,0.004402038641273975,0.00039996078703552485,-10.66649341583252,-0.013642712496221066,-0.028525400906801224,-0.00017323708743788302,95.0,16.079999923706055
1772695980.8719862,2026-03-05T07:33:00.871986,47.3979711,8.5461637,0.3330000042915344,-494.666015625,0.00895658414810896,-0.0014953981153666973,-10.660513877868652,-0.0126462671905756,-0.026990940794348717,-3.735102291102521e-05,95.0,16.079999923706055
1772695980.974554,2026-03-05T07:33:00.974554,47.3979711,8.5461637,0.34200000762939453,-494.6570129394531,0.001160170417279005,-0.004951750859618187,-10.674333572387695,-0.013861521147191525,-0.026398923248052597,0.0013960791984573007,95.0,16.079999923706055
1772695981.0758197,2026-03-05T07:33:01.075820,47.3979711,8.5461637,0.34200000762939453,-494.6570129394531,0.001160170417279005,-0.004951750859618187,-10.674333572387695,-0.013861521147191525,-0.026398923248052597,0.0013960791984573007,95.0,16.079999923706055
1772695981.1801789,2026-03-05T07:33:01.180179,47.3979711,8.5461637,0.35500001907348633,-494.64501953125,-0.0022147384006530046,-0.005977455526590347,-10.646620750427246,-0.013545263558626175,-0.02665756456553936,-0.0004622955748345703,95.0,16.079999923706055
1772695981.2818754,2026-03-05T07:33:01.281875,47.3979711,8.5461637,0.3630000054836273,-494.6360168457031,0.009675707668066025,-0.005813739262521267,-10.631410598754883,-0.013294743373990059,-0.027215993031859398,0.0009840377606451511,95.0,16.079999923706055
1772695981.4051807,2026-03-05T07:33:01.405181,47.3979711,8.5461637,0.3630000054836273,-494.6360168457031,0.009675707668066025,-0.005813739262521267,-10.631410598754883,-0.013294743373990059,-0.027215993031859398,0.0009840377606451511,95.0,16.079999923706055
1772695981.5127456,2026-03-05T07:33:01.512746,47.3979711,8.5461636,0.37700000405311584,-494.62200927734375,-0.0037853268440812826,0.002713913330808282,-10.634282112121582,-0.012174231931567192,-0.026187559589743614,-0.00019612694450188428,95.0,16.079999923706055
1772695981.618141,2026-03-05T07:33:01.618141,47.3979711,8.5461636,0.37700000405311584,-494.62200927734375,-0.0037853268440812826,0.002713913330808282,-10.634282112121582,-0.012174231931567192,-0.026187559589743614,-0.00019612694450188428,95.0,16.079999923706055
1772695981.7222505,2026-03-05T07:33:01.722250,47.3979711,8.5461636,0.38600000739097595,-494.613037109375,0.0010007957462221384,-0.008993850089609623,-10.637417793273926,-0.01186411827802658,-0.025804661214351654,-0.001037032576277852,95.0,16.079999923706055
1772695981.8250158,2026-03-05T07:33:01.825016,47.3979711,8.5461636,0.38600000739097595,-494.613037109375,0.0010007957462221384,-0.008993850089609623,-10.637417793273926,-0.01186411827802658,-0.025804661214351654,-0.001037032576277852,95.0,16.079999923706055
1772695981.9278479,2026-03-05T07:33:01.927848,47.3979711,8.5461636,0.3960000276565552,-494.60302734375,0.0008348461706191301,0.003341789124533534,-10.675965309143066,-0.011736641637980938,-0.025255681946873665,-0.001156143145635724,95.0,16.079999923706055
1772695982.03208,2026-03-05T07:33:02.032080,47.3979711,8.5461636,0.3960000276565552,-494.60302734375,0.0008348461706191301,0.003341789124533534,-10.675965309143066,-0.011736641637980938,-0.025255681946873665,-0.001156143145635724,95.0,16.079999923706055
1772695982.1373022,2026-03-05T07:33:02.137302,47.3979711,8.5461636,0.4150000214576721,-494.5840148925781,0.006344419904053211,-0.0008878191001713276,-10.647643089294434,-0.008432693779468536,-0.027789367362856865,-0.0011663136538118124,95.0,16.079999923706055
1772695982.2459116,2026-03-05T07:33:02.245912,47.3979711,8.5461636,0.4150000214576721,-494.5840148925781,0.006344419904053211,-0.0008878191001713276,-10.647643089294434,-0.008432693779468536,-0.027789367362856865,-0.0011663136538118124,95.0,16.079999923706055
1772695982.354199,2026-03-05T07:33:02.354199,47.3979711,8.5461636,0.42600002884864807,-494.5730285644531,-0.0015937581192702055,-0.002820550696924329,-10.596824645996094,-0.008219622075557709,-0.025143079459667206,0.0002776651526801288,95.0,16.079999923706055
1772695982.4556322,2026-03-05T07:33:02.455632,47.3979711,8.5461635,0.44700002670288086,-494.5520324707031,0.002954617841169238,-0.0025174575857818127,-10.623787879943848,-0.008783873170614243,-0.02284267731010914,3.9204966014949605e-05,95.0,16.079999923706055
1772695982.559107,2026-03-05T07:33:02.559107,47.3979711,8.5461635,0.4660000205039978,-494.53302001953125,0.006953749805688858,0.0037767693866044283,-10.618708610534668,-0.008177478797733784,-0.021164828911423683,-0.0005830447189509869,95.0,16.079999923706055
1772695982.6629207,2026-03-05T07:33:02.662921,47.3979711,8.5461635,0.4830000102519989,-494.5160217285156,-0.001526828738860786,-0.0003349828766658902,-10.745013236999512,-0.00854040589183569,-0.02439955808222294,-0.0006920378655195236,95.0,16.079999923706055
1772695982.7655625,2026-03-05T07:33:02.765563,47.3979711,8.5461635,0.4830000102519989,-494.5160217285156,-0.001526828738860786,-0.0003349828766658902,-10.745013236999512,-0.00854040589183569,-0.02439955808222294,-0.0006920378655195236,95.0,16.079999923706055
1772695982.8691328,2026-03-05T07:33:02.869133,47.397971,8.5461635,0.49500003457069397,-494.5040283203125,0.009408640675246716,-0.0022188404109328985,-10.668814659118652,-0.005778444465249777,-0.02260201796889305,-0.0014043751871213317,95.0,16.079999923706055
1772695982.9709136,2026-03-05T07:33:02.970914,47.397971,8.5461635,0.5070000290870667,-494.4920349121094,-0.005984890274703503,-0.003582768142223358,-10.611860275268555,-0.004619401879608631,-0.02114681899547577,-0.0005623623146675527,95.0,16.079999923706055
1772695983.0761178,2026-03-05T07:33:03.076118,47.397971,8.5461635,0.5250000357627869,-494.4740295410156,0.007359552197158337,-0.006524060852825642,-10.666434288024902,-0.003959041554480791,-0.019323822110891342,-0.0009278944344259799,95.0,16.079999923706055
1772695983.1804535,2026-03-05T07:33:03.180454,47.397971,8.5461634,0.5380000472068787,-494.4610290527344,0.0031711373012512922,-0.004217751324176788,-10.63027286529541,-0.0016720130806788802,-0.01854131557047367,0.0008254993008449674,95.0,16.079999923706055
1772695983.2819839,2026-03-05T07:33:03.281984,47.397971,8.5461634,0.5380000472068787,-494.4610290527344,0.0031711373012512922,-0.004217751324176788,-10.63027286529541,-0.0016720130806788802,-0.01854131557047367,0.0008254993008449674,95.0,16.079999923706055
1772695983.3838906,2026-03-05T07:33:03.383891,47.397971,8.5461634,0.5580000281333923,-494.4410095214844,0.0047660404816269875,-0.004945571534335613,-10.623435020446777,-0.004193951841443777,-0.01863425225019455,0.0008177307900041342,95.0,16.079999923706055
1772695983.4852772,2026-03-05T07:33:03.485277,47.397971,8.5461634,0.5580000281333923,-494.4410095214844,0.0047660404816269875,-0.004945571534335613,-10.623435020446777,-0.004193951841443777,-0.01863425225019455,0.0008177307900041342,95.0,16.079999923706055
1772695983.58673,2026-03-05T07:33:03.586730,47.397971,8.5461634,0.5730000138282776,-494.426025390625,0.01039640512317419,-0.0002105275634676218,-10.590384483337402,-0.0020189685747027397,-0.018900711089372635,-0.0006199334166012704,95.0,16.079999923706055
1772695983.688056,2026-03-05T07:33:03.688056,47.397971,8.5461634,0.5730000138282776,-494.426025390625,0.01039640512317419,-0.0002105275634676218,-10.590384483337402,-0.0020189685747027397,-0.018900711089372635,-0.0006199334166012704,95.0,16.079999923706055
1772695983.7890828,2026-03-05T07:33:03.789083,47.397971,8.5461634,0.5730000138282776,-494.426025390625,0.01039640512317419,-0.0002105275634676218,-10.590384483337402,-0.0020189685747027397,-0.018900711089372635,-0.0006199334166012704,95.0,16.079999923706055
1772695983.892941,2026-03-05T07:33:03.892941,47.397971,8.5461634,0.5879999995231628,-494.4110107421875,0.004079142585396767,-0.006587051786482334,-10.58936882019043,-0.0005688239471055567,-0.01834683120250702,0.00014538464893121272,95.0,16.079999923706055
1772695983.997948,2026-03-05T07:33:03.997948,47.397971,8.5461634,0.6030000448226929,-494.3960266113281,0.0015433228109031916,0.0012034308165311813,-10.555355072021484,-0.0015792242484167218,-0.018447525799274445,-0.00010125170229002833,95.0,16.079999923706055
1772695984.099397,2026-03-05T07:33:04.099397,47.397971,8.5461634,0.6030000448226929,-494.3960266113281,0.0015433228109031916,0.0012034308165311813,-10.555355072021484,-0.0015792242484167218,-0.018447525799274445,-0.00010125170229002833,95.0,16.079999923706055
1772695984.2008042,2026-03-05T07:33:04.200804,47.397971,8.5461634,0.6180000305175781,-494.3810119628906,-0.001472508767619729,-0.005167351104319096,-10.553168296813965,0.00029456595075316727,-0.017288342118263245,0.0004990515299141407,95.0,16.079999923706055
1772695984.3069394,2026-03-05T07:33:04.306939,47.397971,8.5461633,0.6420000195503235,-494.3570251464844,0.007308450527489185,-0.0005275957519188523,-10.547999382019043,-0.0017008644063025713,-0.018273750320076942,-0.0003811294736806303,95.0,16.079999923706055
1772695984.4117258,2026-03-05T07:33:04.411726,47.397971,8.5461633,0.6600000262260437,-494.3390197753906,0.003562378464266658,-0.0026157363317906857,-10.520870208740234,-0.0016389829106628895,-0.018047846853733063,-0.0007000986952334642,95.0,16.079999923706055
1772695984.5165112,2026-03-05T07:33:04.516511,47.397971,8.5461633,0.6680000424385071,-494.3310241699219,0.004833239130675793,-0.016569139435887337,-10.449082374572754,-0.002580023370683193,-0.0157951470464468,-0.001123026479035616,95.0,16.079999923706055
1772695984.617137,2026-03-05T07:33:04.617137,47.397971,8.5461633,0.6680000424385071,-494.3310241699219,0.004833239130675793,-0.016569139435887337,-10.449082374572754,-0.002580023370683193,-0.0157951470464468,-0.001123026479035616,95.0,16.079999923706055
1772695984.7192628,2026-03-05T07:33:04.719263,47.397971,8.5461633,0.6910000443458557,-494.3080139160156,-0.0010601027170196176,-0.003229862544685602,-10.365416526794434,-0.0027932312805205584,-0.013803700916469097,-0.0011630894150584936,95.0,16.079999923706055
1772695984.8218849,2026-03-05T07:33:04.821885,47.397971,8.5461633,0.7150000333786011,-494.2840270996094,-0.00022829906083643436,-0.012795208021998405,-10.215660095214844,-0.0014655392151325941,-0.013789219781756401,-0.00024403065617661923,95.0,16.079999923706055
1772695984.924345,2026-03-05T07:33:04.924345,47.397971,8.546163199999999,0.7230000495910645,-494.2760314941406,0.006194127723574638,-0.006098834797739983,-10.17214584350586,-0.002750657731667161,-0.014791171997785568,-0.0014050586614757776,95.0,16.079999923706055
1772695985.0279768,2026-03-05T07:33:05.027977,47.397971,8.546163199999999,0.7690000534057617,-494.2300109863281,0.0021695017348974943,-0.0005419072112999856,-10.007471084594727,-0.0039024248253554106,-0.016215158626437187,-0.0005066351732239127,95.0,16.079999923706055
1772695985.12886,2026-03-05T07:33:05.128860,47.397971,8.546163199999999,0.7930000424385071,-494.2060241699219,0.0018098254222422838,-0.00549200177192688,-9.790176391601562,-0.004503196571022272,-0.014525201171636581,-0.0008743149810470641,95.0,16.079999923706055
1772695985.230576,2026-03-05T07:33:05.230576,47.397971,8.5461631,0.8450000286102295,-494.155029296875,0.002838601591065526,-0.007449515163898468,-9.601476669311523,-0.005194264929741621,-0.012629791162908077,-0.0009155482403002679,95.0,16.079999923706055
1772695985.3325667,2026-03-05T07:33:05.332567,47.397971,8.5461631,0.8450000286102295,-494.155029296875,0.002838601591065526,-0.007449515163898468,-9.601476669311523,-0.005194264929741621,-0.012629791162908077,-0.0009155482403002679,95.0,16.079999923706055
1772695985.4340491,2026-03-05T07:33:05.434049,47.397971,8.5461631,0.8650000691413879,-494.134033203125,-0.003491487819701433,-0.00786861963570118,-9.412371635437012,-0.0038923011161386967,-0.01020413264632225,-0.000888708746060729,95.0,16.079999923706055
1772695985.5392954,2026-03-05T07:33:05.539295,47.397971,8.5461631,0.8820000290870667,-494.1170349121094,0.0009546407964080572,-0.001435698475688696,-9.289422988891602,-0.005225644912570715,-0.009168105199933052,-0.0005801624502055347,95.0,16.079999923706055
1772695985.6420684,2026-03-05T07:33:05.642068,47.397971,8.5461631,0.8820000290870667,-494.1170349121094,0.0009546407964080572,-0.001435698475688696,-9.289422988891602,-0.005225644912570715,-0.009168105199933052,-0.0005801624502055347,95.0,16.079999923706055
1772695985.7454607,2026-03-05T07:33:05.745461,47.397971,8.5461631,0.8820000290870667,-494.1170349121094,0.0009546407964080572,-0.001435698475688696,-9.289422988891602,-0.005225644912570715,-0.009168105199933052,-0.0005801624502055347,95.0,16.079999923706055
1772695985.851084,2026-03-05T07:33:05.851084,47.397971,8.5461631,0.9100000262260437,-494.0890197753906,0.0009663121309131384,-0.001123124035075307,-9.215166091918945,-0.00468066893517971,-0.01017695851624012,-0.0011852348688989878,95.0,16.079999923706055
1772695985.953245,2026-03-05T07:33:05.953245,47.397971,8.5461631,0.9100000262260437,-494.0890197753906,0.0009663121309131384,-0.001123124035075307,-9.215166091918945,-0.00468066893517971,-0.01017695851624012,-0.0011852348688989878,95.0,16.079999923706055
1772695986.0583801,2026-03-05T07:33:06.058380,47.397971,8.5461631,0.9100000262260437,-494.0890197753906,0.0009663121309131384,-0.001123124035075307,-9.215166091918945,-0.00468066893517971,-0.01017695851624012,-0.0011852348688989878,95.0,16.079999923706055
1772695986.1602118,2026-03-05T07:33:06.160212,47.397971,8.546163,0.9270000457763672,-494.072021484375,0.007564431056380272,-0.007954640313982964,-9.138824462890625,-0.005244890693575144,-0.009900964796543121,-0.0011258404701948166,95.0,16.079999923706055
1772695986.2617378,2026-03-05T07:33:06.261738,47.397971,8.546163,0.9490000605583191,-494.0500183105469,-0.002228344324976206,-0.012116790749132633,-9.095359802246094,-0.005642137490212917,-0.00993730966001749,0.0001099610235542059,95.0,16.079999923706055
1772695986.362901,2026-03-05T07:33:06.362901,47.397971,8.546163,0.9490000605583191,-494.0500183105469,-0.002228344324976206,-0.012116790749132633,-9.095359802246094,-0.005642137490212917,-0.00993730966001749,0.0001099610235542059,95.0,16.079999923706055
1772695986.4651244,2026-03-05T07:33:06.465124,47.397971,8.546163,0.9660000205039978,-494.03302001953125,0.0039033538196235895,-0.00841322261840105,-9.07577896118164,-0.005362302530556917,-0.009341639466583729,-0.0007599798263981938,95.0,16.079999923706055
1772695986.5696943,2026-03-05T07:33:06.569694,47.397971,8.546163,0.9910000562667847,-494.0080261230469,0.001724879490211606,0.001412422046996653,-9.154712677001953,-0.0050338078290224075,-0.008480074815452099,0.0003176637692376971,95.0,16.079999923706055
1772695986.678062,2026-03-05T07:33:06.678062,47.397971,8.546163,0.9910000562667847,-494.0080261230469,0.001724879490211606,0.001412422046996653,-9.154712677001953,-0.0050338078290224075,-0.008480074815452099,0.0003176637692376971,95.0,16.079999923706055
1772695986.7822323,2026-03-05T07:33:06.782232,47.397971,8.546163,1.0080000162124634,-493.99102783203125,-0.001370489364489913,0.002030962146818638,-9.168916702270508,-0.005992335733026266,-0.006118701305240393,-0.0009831826901063323,95.0,16.079999923706055
1772695986.883479,2026-03-05T07:33:06.883479,47.397971,8.546163,1.0080000162124634,-493.99102783203125,-0.001370489364489913,0.002030962146818638,-9.168916702270508,-0.005992335733026266,-0.006118701305240393,-0.0009831826901063323,95.0,16.079999923706055
1772695986.9849222,2026-03-05T07:33:06.984922,47.397971,8.546162899999999,1.0230000019073486,-493.97601318359375,-0.00627700611948967,-0.00811038352549076,-9.149664878845215,-0.005840870086103678,-0.008964408189058304,-0.0016325411852449179,95.0,16.079999923706055
1772695987.0911179,2026-03-05T07:33:07.091118,47.3979709,8.546162899999999,1.0450000762939453,-493.9540100097656,-0.007557250559329987,-0.008680288679897785,-9.127254486083984,-0.0073989322409033775,-0.009066822938621044,-0.00016964369569905102,95.0,16.079999923706055
1772695987.1922615,2026-03-05T07:33:07.192261,47.3979709,8.546162899999999,1.0450000762939453,-493.9540100097656,-0.007557250559329987,-0.008680288679897785,-9.127254486083984,-0.0073989322409033775,-0.009066822938621044,-0.00016964369569905102,95.0,16.079999923706055
1772695987.293128,2026-03-05T07:33:07.293128,47.3979709,8.546162899999999,1.059000015258789,-493.9400329589844,0.005349311046302319,-0.00016218540258705616,-9.106887817382812,-0.007358768954873085,-0.008484200574457645,0.00058444042224437,95.0,16.079999923706055
1772695987.3954756,2026-03-05T07:33:07.395476,47.3979709,8.546162899999999,1.059000015258789,-493.9400329589844,0.005349311046302319,-0.00016218540258705616,-9.106887817382812,-0.007358768954873085,-0.008484200574457645,0.00058444042224437,95.0,16.079999923706055
1772695987.4978607,2026-03-05T07:33:07.497861,47.3979709,8.546162899999999,1.0740000009536743,-493.9250183105469,-0.006371012888848782,-0.0007303775055333972,-9.14683723449707,-0.006933264899998903,-0.00814924854785204,0.00030730629805475473,95.0,16.079999923706055
1772695987.5988421,2026-03-05T07:33:07.598842,47.3979709,8.546162899999999,1.0740000009536743,-493.9250183105469,-0.006371012888848782,-0.0007303775055333972,-9.14683723449707,-0.006933264899998903,-0.00814924854785204,0.00030730629805475473,95.0,16.079999923706055
1772695987.7003567,2026-03-05T07:33:07.700357,47.3979709,8.546162899999999,1.0880000591278076,-493.9110107421875,0.0036583009641617537,-0.002117393771186471,-9.172616004943848,-0.006394253112375736,-0.007337050512433052,-0.0006907766219228506,95.0,16.079999923706055
1772695987.8051388,2026-03-05T07:33:07.805139,47.3979709,8.546162899999999,1.1100000143051147,-493.8890380859375,0.0022743537556380033,-0.003063939744606614,-9.215911865234375,-0.007194350939244032,-0.008718536235392094,-0.0005188051727600396,95.0,16.079999923706055
1772695987.9082842,2026-03-05T07:33:07.908284,47.3979709,8.546162899999999,1.1100000143051147,-493.8890380859375,0.0022743537556380033,-0.003063939744606614,-9.215911865234375,-0.007194350939244032,-0.008718536235392094,-0.0005188051727600396,95.0,16.079999923706055
1772695988.0108576,2026-03-05T07:33:08.010858,47.3979709,8.546162899999999,1.1100000143051147,-493.8890380859375,0.0022743537556380033,-0.003063939744606614,-9.215911865234375,-0.007194350939244032,-0.008718536235392094,-0.0005188051727600396,95.0,16.079999923706055
1772695988.1129396,2026-03-05T07:33:08.112940,47.3979709,8.546162899999999,1.124000072479248,-493.8750305175781,-0.003254828043282032,-0.0012166282394900918,-9.286357879638672,-0.006331003736704588,-0.007485141046345234,-0.0005971071659587324,95.0,16.079999923706055
1772695988.2140188,2026-03-05T07:33:08.214019,47.3979709,8.546162899999999,1.13100004196167,-493.8680114746094,-0.002886660397052765,-0.010907345451414585,-9.290178298950195,-0.007929224520921707,-0.007814062759280205,-0.0008045951835811138,95.0,16.079999923706055
1772695988.3157907,2026-03-05T07:33:08.315791,47.3979709,8.5461628,1.1600000858306885,-493.8390197753906,-0.001639020862057805,-0.002259118016809225,-9.292667388916016,-0.008412384428083897,-0.005709462333470583,-0.0004072781011927873,95.0,16.079999923706055
1772695988.4180357,2026-03-05T07:33:08.418036,47.3979709,8.5461628,1.1800000667572021,-493.81903076171875,0.0002376846969127655,-0.0015069062355905771,-9.399795532226562,-0.008608107455074787,-0.006090208888053894,-0.001310533145442605,95.0,16.079999923706055
1772695988.523142,2026-03-05T07:33:08.523142,47.3979709,8.5461628,1.1800000667572021,-493.81903076171875,0.0002376846969127655,-0.0015069062355905771,-9.399795532226562,-0.008608107455074787,-0.006090208888053894,-0.001310533145442605,95.0,16.079999923706055
1772695988.629319,2026-03-05T07:33:08.629319,47.3979709,8.5461628,1.187000036239624,-493.81201171875,-0.0013258259277790785,0.0025434615090489388,-9.428719520568848,-0.002761986805126071,5.6826880609150976e-05,0.0001333186955889687,95.0,16.079999923706055
1772695988.7327125,2026-03-05T07:33:08.732713,47.3979709,8.5461628,1.193000078201294,-493.8060302734375,-0.0013258259277790785,0.0025434615090489388,-9.428719520568848,-0.002761986805126071,5.6826880609150976e-05,0.0001333186955889687,95.0,16.079999923706055
1772695988.8349924,2026-03-05T07:33:08.834992,47.3979709,8.5461628,1.193000078201294,-493.8060302734375,-0.0013258259277790785,0.0025434615090489388,-9.428719520568848,-0.002761986805126071,5.6826880609150976e-05,0.0001333186955889687,95.0,16.079999923706055
1772695988.9421563,2026-03-05T07:33:08.942156,47.3979709,8.5461628,1.2070000171661377,-493.7920227050781,0.002998017007485032,-0.0022193503100425005,-9.577959060668945,-0.0012664443347603083,0.0015427239704877138,-0.0007349886000156403,95.0,16.079999923706055
1772695989.0450308,2026-03-05T07:33:09.045031,47.3979709,8.5461628,1.2070000171661377,-493.7920227050781,0.002998017007485032,-0.0022193503100425005,-9.577959060668945,-0.0012664443347603083,0.0015427239704877138,-0.0007349886000156403,95.0,16.079999923706055
1772695989.148334,2026-03-05T07:33:09.148334,47.3979709,8.5461628,1.2200000286102295,-493.7790222167969,-0.006347895599901676,-0.011787043884396553,-9.595954895019531,-0.0033428918104618788,-0.000848690397106111,-0.0004892866127192974,95.0,16.079999923706055
1772695989.24984,2026-03-05T07:33:09.249840,47.3979709,8.5461628,1.2200000286102295,-493.7790222167969,-0.006347895599901676,-0.011787043884396553,-9.595954895019531,-0.0033428918104618788,-0.000848690397106111,-0.0004892866127192974,95.0,16.079999923706055
1772695989.3512695,2026-03-05T07:33:09.351269,47.3979709,8.5461628,1.2260000705718994,-493.77301025390625,-0.0012477459385991096,-0.006486771162599325,-9.58627700805664,-0.004613236989825964,-0.0017132770735770464,-0.0007463580695912242,95.0,16.079999923706055
1772695989.4521458,2026-03-05T07:33:09.452146,47.3979709,8.5461628,1.2260000705718994,-493.77301025390625,-0.0012477459385991096,-0.006486771162599325,-9.58627700805664,-0.004613236989825964,-0.0017132770735770464,-0.0007463580695912242,95.0,16.079999923706055
1772695989.5540085,2026-03-05T07:33:09.554008,47.3979709,8.5461628,1.2510000467300415,-493.7480163574219,-0.0024183711502701044,-0.005035851150751114,-9.644916534423828,-0.004970858339220285,-0.0007434200961142778,-0.0006800320115871727,95.0,16.079999923706055
1772695989.6556962,2026-03-05T07:33:09.655696,47.3979709,8.5461628,1.2510000467300415,-493.7480163574219,-0.0024183711502701044,-0.005035851150751114,-9.644916534423828,-0.004970858339220285,-0.0007434200961142778,-0.0006800320115871727,95.0,16.079999923706055
1772695989.7594578,2026-03-05T07:33:09.759458,47.3979709,8.5461628,1.2640000581741333,-493.7350158691406,-0.007328826002776623,0.011095266789197922,-9.629600524902344,-0.005201500374823809,-0.0003980436304118484,0.0005025223363190889,95.0,16.079999923706055
1772695989.8609169,2026-03-05T07:33:09.860917,47.3979709,8.5461628,1.2640000581741333,-493.7350158691406,-0.007328826002776623,0.011095266789197922,-9.629600524902344,-0.005201500374823809,-0.0003980436304118484,0.0005025223363190889,95.0,16.079999923706055
1772695989.9641607,2026-03-05T07:33:09.964161,47.3979709,8.5461628,1.28000009059906,-493.7190246582031,-0.005929408594965935,0.0030163144692778587,-9.592090606689453,-0.006491369102150202,-9.918091382132843e-05,-0.00019371647795196623,95.0,16.079999923706055
1772695990.0651367,2026-03-05T07:33:10.065137,47.3979709,8.5461628,1.28000009059906,-493.7190246582031,-0.005929408594965935,0.0030163144692778587,-9.592090606689453,-0.006491369102150202,-9.918091382132843e-05,-0.00019371647795196623,95.0,16.079999923706055
1772695990.168987,2026-03-05T07:33:10.168987,47.3979709,8.5461628,1.2930001020431519,-493.7060241699219,0.002876397455111146,-0.003975020721554756,-9.568416595458984,-0.00672859838232398,0.001559915253892541,0.00023136092931963503,95.0,16.079999923706055
1772695990.270881,2026-03-05T07:33:10.270881,47.3979709,8.5461628,1.3130000829696655,-493.68603515625,0.00032362458296120167,0.009642076678574085,-9.54277229309082,-0.006398898549377918,0.003841225290670991,0.0005207820213399827,95.0,16.079999923706055
1772695990.373014,2026-03-05T07:33:10.373014,47.3979709,8.5461628,1.3130000829696655,-493.68603515625,0.00032362458296120167,0.009642076678574085,-9.54277229309082,-0.006398898549377918,0.003841225290670991,0.0005207820213399827,95.0,16.079999923706055
1772695990.4744802,2026-03-05T07:33:10.474480,47.3979709,8.5461628,1.3270000219345093,-493.6720275878906,-0.0030748751014471054,-0.0011139018461108208,-9.495658874511719,-0.006565053015947342,0.0037501738406717777,-0.00017000433581415564,95.0,16.079999923706055
1772695990.576674,2026-03-05T07:33:10.576674,47.3979709,8.5461628,1.3270000219345093,-493.6720275878906,-0.0030748751014471054,-0.0011139018461108208,-9.495658874511719,-0.006565053015947342,0.0037501738406717777,-0.00017000433581415564,95.0,16.079999923706055
1772695990.678143,2026-03-05T07:33:10.678143,47.3979709,8.5461628,1.3470001220703125,-493.65203857421875,-0.0038610980845987797,-0.005276741459965706,-9.44625473022461,-0.0050317817367613316,0.004881438333541155,-0.00010759850556496531,95.0,16.079999923706055
1772695990.7795815,2026-03-05T07:33:10.779582,47.3979709,8.5461628,1.3470001220703125,-493.65203857421875,-0.0038610980845987797,-0.005276741459965706,-9.44625473022461,-0.0050317817367613316,0.004881438333541155,-0.00010759850556496531,95.0,16.079999923706055
1772695990.885989,2026-03-05T07:33:10.885989,47.397970799999996,8.5461628,1.3540000915527344,-493.6460266113281,-0.0031404716428369284,0.00022360682487487793,-9.4422607421875,-0.00375675898976624,0.005187175702303648,-0.000726583122741431,95.0,16.079999923706055
1772695990.9893293,2026-03-05T07:33:10.989329,47.397970799999996,8.5461628,1.3670001029968262,-493.63201904296875,-0.0020404786337167025,-0.002918559592217207,-9.456402778625488,-0.0033185684587806463,0.007558650337159634,0.0004327204078435898,95.0,16.079999923706055
1772695991.0986984,2026-03-05T07:33:11.098698,47.397970799999996,8.5461628,1.3940000534057617,-493.6050109863281,-0.0025269566103816032,-0.0008904342539608479,-9.404328346252441,-0.004202233161777258,0.009872199036180973,0.00044033225276507437,92.0,16.020000457763672
1772695991.2494714,2026-03-05T07:33:11.249471,47.397970799999996,8.5461628,1.4130001068115234,-493.5860290527344,-0.005798859056085348,-0.009059872478246689,-9.410734176635742,-0.002509414218366146,0.010036429390311241,-0.00022083675139583647,92.0,16.020000457763672
1772695991.3631203,2026-03-05T07:33:11.363120,47.397970799999996,8.5461628,1.4260001182556152,-493.5730285644531,-0.009311666712164879,-0.0009284940897487104,-9.44906997680664,-0.0023991309572011232,0.009007811546325684,-0.00035414303420111537,92.0,16.020000457763672
1772695991.470982,2026-03-05T07:33:11.470982,47.397970799999996,8.5461628,1.4260001182556152,-493.5730285644531,-0.009311666712164879,-0.0009284940897487104,-9.44906997680664,-0.0023991309572011232,0.009007811546325684,-0.00035414303420111537,92.0,16.020000457763672
1772695991.5727615,2026-03-05T07:33:11.572762,47.397970799999996,8.5461628,1.4390000104904175,-493.5600280761719,0.003591896267607808,0.002135084941983223,-9.412012100219727,9.342327393824235e-05,0.010339789092540741,-0.00035844556987285614,92.0,16.020000457763672
1772695991.6750126,2026-03-05T07:33:11.675013,47.397970799999996,8.5461628,1.4510000944137573,-493.54803466796875,0.003591896267607808,0.002135084941983223,-9.412012100219727,9.342327393824235e-05,0.010339789092540741,-0.00035844556987285614,92.0,16.020000457763672
1772695991.7784235,2026-03-05T07:33:11.778424,47.397970799999996,8.5461628,1.4510000944137573,-493.54803466796875,0.003591896267607808,0.002135084941983223,-9.412012100219727,9.342327393824235e-05,0.010339789092540741,-0.00035844556987285614,92.0,16.020000457763672
1772695991.883118,2026-03-05T07:33:11.883118,47.397970799999996,8.5461628,1.4690001010894775,-493.530029296875,-0.0012427815236151218,0.0026738420128822327,-9.409379959106445,0.0016038172179833055,0.011683394201099873,-0.00013587782450485975,92.0,16.020000457763672
1772695991.9858,2026-03-05T07:33:11.985800,47.397970799999996,8.5461628,1.4690001010894775,-493.530029296875,-0.0012427815236151218,0.0026738420128822327,-9.409379959106445,0.0016038172179833055,0.011683394201099873,-0.00013587782450485975,92.0,16.020000457763672
1772695992.0880497,2026-03-05T07:33:12.088050,47.397970799999996,8.5461628,1.4870001077651978,-493.51202392578125,-0.010219941847026348,0.000808768323622644,-9.45013427734375,0.002890088828280568,0.010744280181825161,-0.0006709926528856158,92.0,16.020000457763672
1772695992.197219,2026-03-05T07:33:12.197219,47.397970799999996,8.5461628,1.499000072479248,-493.5000305175781,0.0029288085643202066,0.005901642609387636,-9.451647758483887,0.0028120758943259716,0.011500806547701359,-0.0005931662162765861,92.0,16.020000457763672
1772695992.3001378,2026-03-05T07:33:12.300138,47.397970799999996,8.5461628,1.5120000839233398,-493.4870300292969,-0.003515824908390641,0.001382555696181953,-9.470239639282227,0.00475997943431139,0.012572508305311203,-0.0008823366370052099,92.0,16.020000457763672
1772695992.4039462,2026-03-05T07:33:12.403946,47.397970799999996,8.5461628,1.5250000953674316,-493.4740295410156,-0.0048543233424425125,0.0036729956045746803,-9.472623825073242,0.002757178619503975,0.012140879407525063,-0.0007024529622867703,92.0,16.020000457763672
1772695992.5059087,2026-03-05T07:33:12.505909,47.397970799999996,8.546162899999999,1.5480000972747803,-493.4510192871094,-0.004147442989051342,-0.007009909488260746,-9.524669647216797,0.0036588080693036318,0.01437884010374546,-0.0004900544881820679,92.0,16.020000457763672
1772695992.6072426,2026-03-05T07:33:12.607243,47.397970799999996,8.546162899999999,1.5480000972747803,-493.4510192871094,-0.004147442989051342,-0.007009909488260746,-9.524669647216797,0.0036588080693036318,0.01437884010374546,-0.0004900544881820679,92.0,16.020000457763672
1772695992.7185373,2026-03-05T07:33:12.718537,47.397970799999996,8.546162899999999,1.5730000734329224,-493.426025390625,-0.002486678771674633,0.0033150366507470608,-9.486544609069824,0.005723586771637201,0.012522071599960327,0.0012630624696612358,92.0,16.020000457763672
1772695992.8194406,2026-03-05T07:33:12.819441,47.397970799999996,8.546162899999999,1.5730000734329224,-493.426025390625,-0.002486678771674633,0.0033150366507470608,-9.486544609069824,0.005723586771637201,0.012522071599960327,0.0012630624696612358,92.0,16.020000457763672
1772695992.9221613,2026-03-05T07:33:12.922161,47.397970799999996,8.546162899999999,1.5840001106262207,-493.4150085449219,-0.006926695816218853,-0.00025046616792678833,-9.503374099731445,0.005853310693055391,0.013921711593866348,-0.0008330580312758684,92.0,16.020000457763672
1772695993.0227087,2026-03-05T07:33:13.022709,47.397970799999996,8.546162899999999,1.5840001106262207,-493.4150085449219,-0.006926695816218853,-0.00025046616792678833,-9.503374099731445,0.005853310693055391,0.013921711593866348,-0.0008330580312758684,92.0,16.020000457763672
1772695993.1270504,2026-03-05T07:33:13.127050,47.397970799999996,8.546162899999999,1.6040000915527344,-493.39501953125,-0.00757971964776516,0.004003502428531647,-9.574958801269531,0.006430407986044884,0.013158770278096199,-0.000405381724704057,92.0,16.020000457763672
1772695993.2291203,2026-03-05T07:33:13.229120,47.397970799999996,8.546162899999999,1.6090000867843628,-493.3900146484375,-0.005507099907845259,-0.0025628511793911457,-9.499104499816895,0.006468349136412144,0.014240327291190624,0.0006576607702299953,92.0,16.020000457763672
1772695993.331337,2026-03-05T07:33:13.331337,47.397970799999996,8.546162899999999,1.6440000534057617,-493.3550109863281,-0.009570207446813583,0.005863347090780735,-9.53048324584961,0.00951709970831871,0.014942098408937454,-0.00045388544094748795,92.0,16.020000457763672
1772695993.4371924,2026-03-05T07:33:13.437192,47.397970799999996,8.546162899999999,1.65500009059906,-493.3440246582031,0.002474086359143257,-0.0018025855533778667,-9.539923667907715,0.007988015189766884,0.015089116990566254,-0.0001911243743961677,92.0,16.020000457763672
1772695993.541072,2026-03-05T07:33:13.541072,47.397970799999996,8.546162899999999,1.65500009059906,-493.3440246582031,0.002474086359143257,-0.0018025855533778667,-9.539923667907715,0.007988015189766884,0.015089116990566254,-0.0001911243743961677,92.0,16.020000457763672
1772695993.6515732,2026-03-05T07:33:13.651573,47.397970799999996,8.546162899999999,1.65500009059906,-493.3440246582031,0.002474086359143257,-0.0018025855533778667,-9.539923667907715,0.007988015189766884,0.015089116990566254,-0.0001911243743961677,92.0,16.020000457763672
1772695993.7543163,2026-03-05T07:33:13.754316,47.397970799999996,8.546163,1.6710001230239868,-493.3280334472656,-0.00442763464525342,-0.006418859586119652,-9.50902271270752,0.007856206968426704,0.01361455675214529,0.0005733289290219545,92.0,16.020000457763672
1772695993.8563137,2026-03-05T07:33:13.856314,47.397970799999996,8.546163,1.6710001230239868,-493.3280334472656,-0.00442763464525342,-0.006418859586119652,-9.50902271270752,0.007856206968426704,0.01361455675214529,0.0005733289290219545,92.0,16.020000457763672
1772695993.958837,2026-03-05T07:33:13.958837,47.397970799999996,8.546163,1.6810001134872437,-493.3180236816406,0.0014212052337825298,0.0009418316185474396,-9.583331108093262,0.0088955694809556,0.014221998862922192,-0.0001765165652614087,92.0,16.020000457763672
1772695994.1142917,2026-03-05T07:33:14.114292,47.397970799999996,8.546163,1.6970000267028809,-493.3020324707031,-0.0024432153441011906,-0.0029997429810464382,-9.544971466064453,0.008726014755666256,0.015560925006866455,0.0009136400767602026,92.0,16.020000457763672
1772695994.218982,2026-03-05T07:33:14.218982,47.397970799999996,8.546163,1.6970000267028809,-493.3020324707031,-0.0024432153441011906,-0.0029997429810464382,-9.544971466064453,0.008726014755666256,0.015560925006866455,0.0009136400767602026,92.0,16.020000457763672
1772695994.3219788,2026-03-05T07:33:14.321979,47.397970799999996,8.546163,1.7080000638961792,-493.291015625,-0.007580929901450872,0.010091960430145264,-9.54726791381836,0.00700633367523551,0.01782599277794361,-0.0008432237664237618,92.0,16.020000457763672
1772695994.4260736,2026-03-05T07:33:14.426074,47.397970799999996,8.546163,1.718000054359436,-493.2810363769531,-0.0069556511007249355,0.0045733340084552765,-9.520853042602539,0.0074461037293076515,0.016811244189739227,-5.699451867258176e-05,92.0,16.020000457763672
1772695994.528096,2026-03-05T07:33:14.528096,47.397970799999996,8.5461631,1.7340000867843628,-493.2650146484375,-0.0024175315629690886,0.0009937610011547804,-9.506460189819336,0.005159687250852585,0.019501766189932823,-9.298012446379289e-05,92.0,16.020000457763672
1772695994.634631,2026-03-05T07:33:14.634631,47.397970799999996,8.5461631,1.7390000820159912,-493.260009765625,-0.01599992625415325,-0.0010291041107848287,-9.504597663879395,0.004383091349154711,0.02097759023308754,0.0008154678507708013,92.0,16.020000457763672
1772695994.7380378,2026-03-05T07:33:14.738038,47.397970799999996,8.5461631,1.7390000820159912,-493.260009765625,-0.01599992625415325,-0.0010291041107848287,-9.504597663879395,0.004383091349154711,0.02097759023308754,0.0008154678507708013,92.0,16.020000457763672
1772695994.839102,2026-03-05T07:33:14.839102,47.397970799999996,8.5461631,1.749000072479248,-493.2500305175781,-0.011508088558912277,0.0007521964143961668,-9.572540283203125,0.0044726175256073475,0.01936546340584755,0.0004212017229292542,92.0,16.020000457763672
1772695994.9404204,2026-03-05T07:33:14.940420,47.397970799999996,8.5461631,1.749000072479248,-493.2500305175781,-0.011508088558912277,0.0007521964143961668,-9.572540283203125,0.0044726175256073475,0.01936546340584755,0.0004212017229292542,92.0,16.020000457763672
1772695995.0450392,2026-03-05T07:33:15.045039,47.397970799999996,8.5461631,1.7600001096725464,-493.239013671875,0.00036700302734971046,0.008571075275540352,-9.589241981506348,0.0046095349825918674,0.02017701044678688,-0.00037663380498997867,92.0,16.020000457763672
1772695995.1498637,2026-03-05T07:33:15.149864,47.397970799999996,8.5461631,1.7750000953674316,-493.2240295410156,-0.0024207145906984806,-0.006599009037017822,-9.553947448730469,0.005663734395056963,0.017242135480046272,-7.220035331556574e-05,92.0,16.020000457763672
1772695995.2534442,2026-03-05T07:33:15.253444,47.397970799999996,8.5461631,1.7970000505447388,-493.2020263671875,-0.009412001818418503,0.008662387728691101,-9.546491622924805,0.0044623082503676414,0.015816809609532356,0.0006073430413380265,92.0,16.020000457763672
1772695995.3599832,2026-03-05T07:33:15.359983,47.397970799999996,8.5461631,1.7970000505447388,-493.2020263671875,-0.009412001818418503,0.008662387728691101,-9.546491622924805,0.0044623082503676414,0.015816809609532356,0.0006073430413380265,92.0,16.020000457763672
1772695995.4630198,2026-03-05T07:33:15.463020,47.397970799999996,8.5461631,1.8020000457763672,-493.197021484375,-0.006474010646343231,0.003921322524547577,-9.546707153320312,0.004444065038114786,0.015052351169288158,0.00010822754120454192,92.0,16.020000457763672
1772695995.5642388,2026-03-05T07:33:15.564239,47.397970799999996,8.5461631,1.8020000457763672,-493.197021484375,-0.006401737220585346,0.002376653952524066,-9.597420692443848,0.00392821105197072,0.013050990179181099,0.0002449285821057856,92.0,16.020000457763672
1772695995.6772742,2026-03-05T07:33:15.677274,47.397970799999996,8.546163199999999,1.812000036239624,-493.18701171875,-0.006401737220585346,0.002376653952524066,-9.597420692443848,0.00392821105197072,0.013050990179181099,0.0002449285821057856,92.0,16.020000457763672
1772695995.7813804,2026-03-05T07:33:15.781380,47.397970799999996,8.546163199999999,1.812000036239624,-493.18701171875,-0.006401737220585346,0.002376653952524066,-9.597420692443848,0.00392821105197072,0.013050990179181099,0.0002449285821057856,92.0,16.020000457763672
1772695995.8841681,2026-03-05T07:33:15.884168,47.397970799999996,8.546163199999999,1.8270001411437988,-493.1720275878906,-0.0040553477592766285,0.003473542397841811,-9.573966026306152,0.003521648934110999,0.014135832898318768,0.00026714353589341044,92.0,16.020000457763672
1772695995.98789,2026-03-05T07:33:15.987890,47.397970799999996,8.546163199999999,1.8470001220703125,-493.15203857421875,-0.009272580966353416,-0.0009022977901622653,-9.522212028503418,0.0032944062259048223,0.016310036182403564,8.310035627800971e-05,92.0,16.020000457763672
1772695996.091296,2026-03-05T07:33:16.091296,47.397970799999996,8.546163199999999,1.8470001220703125,-493.15203857421875,-0.009272580966353416,-0.0009022977901622653,-9.522212028503418,0.0032944062259048223,0.016310036182403564,8.310035627800971e-05,92.0,16.020000457763672
1772695996.1927464,2026-03-05T07:33:16.192746,47.397970799999996,8.546163199999999,1.8570001125335693,-493.14202880859375,-0.003943895921111107,-0.005197708960622549,-9.509689331054688,0.0022853233385831118,0.015883177518844604,0.00033718152553774416,92.0,16.020000457763672
1772695996.2939823,2026-03-05T07:33:16.293982,47.397970799999996,8.546163199999999,1.8670001029968262,-493.1330261230469,-0.010836804285645485,0.0013984076213091612,-9.531076431274414,0.003773905336856842,0.014502441510558128,-0.0003130245895590633,92.0,16.020000457763672
1772695996.3977976,2026-03-05T07:33:16.397798,47.3979709,8.546163199999999,1.8760000467300415,-493.1230163574219,-0.007769639603793621,0.001281105913221836,-9.556682586669922,0.004107289016246796,0.0122495386749506,-0.0002736203605309129,92.0,16.020000457763672
1772695996.5001802,2026-03-05T07:33:16.500180,47.3979709,8.5461633,1.8910000324249268,-493.1080322265625,-0.01130223274230957,0.006440243683755398,-9.531891822814941,0.004916589241474867,0.011988608166575432,-9.086937643587589e-05,92.0,16.020000457763672
1772695996.6030881,2026-03-05T07:33:16.603088,47.3979709,8.5461633,1.8910000324249268,-493.1080322265625,-0.01130223274230957,0.006440243683755398,-9.531891822814941,0.004916589241474867,0.011988608166575432,-9.086937643587589e-05,92.0,16.020000457763672
1772695996.7106895,2026-03-05T07:33:16.710690,47.3979709,8.5461633,1.8910000324249268,-493.1080322265625,-0.01130223274230957,0.006440243683755398,-9.531891822814941,0.004916589241474867,0.011988608166575432,-9.086937643587589e-05,92.0,16.020000457763672
1772695996.8140612,2026-03-05T07:33:16.814061,47.3979709,8.5461633,1.9170000553131104,-493.08203125,-0.0090854587033391,0.003530095564201474,-9.559757232666016,0.004679099190980196,0.011116912588477135,-0.001465291134081781,92.0,16.020000457763672
1772695996.9152405,2026-03-05T07:33:16.915241,47.3979709,8.5461633,1.9260001182556152,-493.0730285644531,-0.0007219312246888876,0.0027354226913303137,-9.5408935546875,0.004204333294183016,0.009326676838099957,-0.00047317796270363033,92.0,16.020000457763672
1772695997.0178695,2026-03-05T07:33:17.017869,47.3979709,8.5461633,1.933000087738037,-493.0660095214844,-0.011299829930067062,-0.0009568178211338818,-9.524942398071289,0.004973065108060837,0.009707038290798664,-0.0001222595601575449,92.0,16.020000457763672
1772695997.1194472,2026-03-05T07:33:17.119447,47.3979709,8.5461633,1.942000150680542,-493.0570373535156,-0.006056317128241062,0.0009987023659050465,-9.564971923828125,0.004849018529057503,0.009133015759289265,-0.0006345818401314318,92.0,16.020000457763672
1772695997.221189,2026-03-05T07:33:17.221189,47.3979709,8.5461633,1.9580000638961792,-493.041015625,-0.00546351308003068,0.00019796844571828842,-9.579116821289062,0.005489537958055735,0.00858126487582922,-0.0006366023444570601,92.0,16.020000457763672
1772695997.3230946,2026-03-05T07:33:17.323095,47.3979709,8.5461634,1.9780000448226929,-493.0210266113281,-0.0019706375896930695,0.005591084249317646,-9.539054870605469,0.00586292939260602,0.009114935994148254,-0.000693424663040787,92.0,16.020000457763672
1772695997.425529,2026-03-05T07:33:17.425529,47.3979709,8.5461634,1.9890000820159912,-493.010009765625,-0.0019706375896930695,0.005591084249317646,-9.539054870605469,0.00586292939260602,0.009114935994148254,-0.000693424663040787,92.0,16.020000457763672
1772695997.5513728,2026-03-05T07:33:17.551373,47.3979709,8.5461634,1.9930001497268677,-493.0060119628906,-0.0034586831461638212,-0.007384088821709156,-9.499238967895508,0.0048462520353496075,0.008957909420132637,-0.0010328843491151929,92.0,16.020000457763672
1772695997.6532261,2026-03-05T07:33:17.653226,47.3979709,8.5461634,2.004000186920166,-492.9950256347656,-0.008671089075505733,-0.00016333383973687887,-9.448066711425781,0.005589709617197514,0.00778557313606143,0.00029996540979482234,92.0,16.020000457763672
1772695997.7552261,2026-03-05T07:33:17.755226,47.3979709,8.5461634,2.0190000534057617,-492.9800109863281,-0.003935288172215223,0.001495081465691328,-9.397666931152344,0.00625411793589592,0.008290397934615612,0.00033903171424753964,92.0,16.020000457763672
1772695997.8671508,2026-03-05T07:33:17.867151,47.3979709,8.5461634,2.0190000534057617,-492.9800109863281,-0.003935288172215223,0.001495081465691328,-9.397666931152344,0.00625411793589592,0.008290397934615612,0.00033903171424753964,92.0,16.020000457763672
1772695997.9699361,2026-03-05T07:33:17.969936,47.3979709,8.5461634,2.0320000648498535,-492.9670104980469,-0.004356066696345806,-0.006122994236648083,-9.250266075134277,0.005858071614056826,0.0067052654922008514,0.0011741011403501034,92.0,16.020000457763672
1772695998.0712821,2026-03-05T07:33:18.071282,47.3979709,8.5461634,2.0320000648498535,-492.9670104980469,-0.004356066696345806,-0.006122994236648083,-9.250266075134277,0.005858071614056826,0.0067052654922008514,0.0011741011403501034,92.0,16.020000457763672
1772695998.1742141,2026-03-05T07:33:18.174214,47.3979709,8.5461634,2.0410001277923584,-492.9580383300781,0.0025014239363372326,0.004229742102324963,-9.159543991088867,0.005799169186502695,0.007743253372609615,-4.907895709038712e-05,92.0,16.020000457763672
1772695998.2800722,2026-03-05T07:33:18.280072,47.3979709,8.5461635,2.0490000247955322,-492.95001220703125,-0.012463400140404701,0.01007179357111454,-9.096282958984375,0.005539967678487301,0.007891213521361351,0.00033549562795087695,92.0,16.020000457763672
1772695998.3832495,2026-03-05T07:33:18.383250,47.3979709,8.5461635,2.0490000247955322,-492.95001220703125,-0.012463400140404701,0.01007179357111454,-9.096282958984375,0.005539967678487301,0.007891213521361351,0.00033549562795087695,92.0,16.020000457763672
1772695998.4851298,2026-03-05T07:33:18.485130,47.3979709,8.5461635,2.061000108718872,-492.9380187988281,-0.004460761323571205,0.0021724288817495108,-8.984786987304688,0.004670835565775633,0.007186181377619505,0.0007901638164184988,92.0,16.020000457763672
1772695998.5864475,2026-03-05T07:33:18.586447,47.3979709,8.5461635,2.061000108718872,-492.9380187988281,-0.004460761323571205,0.0021724288817495108,-8.984786987304688,0.004670835565775633,0.007186181377619505,0.0007901638164184988,92.0,16.020000457763672
1772695998.6893873,2026-03-05T07:33:18.689387,47.3979709,8.5461635,2.069000005722046,-492.9300231933594,-0.002197992755100131,-0.004691679030656815,-8.866781234741211,0.005130067002028227,0.007267576176673174,-0.00023735551803838462,92.0,16.020000457763672
1772695998.7914336,2026-03-05T07:33:18.791434,47.3979709,8.5461635,2.069000005722046,-492.9300231933594,-0.002197992755100131,-0.004691679030656815,-8.866781234741211,0.005130067002028227,0.007267576176673174,-0.00023735551803838462,92.0,16.020000457763672
1772695998.8970485,2026-03-05T07:33:18.897048,47.3979709,8.5461635,2.069000005722046,-492.9300231933594,0.001598611008375883,0.0040364572778344154,-8.726072311401367,0.006543454248458147,0.00672047259286046,-0.0010949858697131276,92.0,16.020000457763672
1772695999.0000007,2026-03-05T07:33:19.000001,47.3979709,8.5461635,2.080000162124634,-492.9190368652344,0.001598611008375883,0.0040364572778344154,-8.726072311401367,0.006543454248458147,0.00672047259286046,-0.0010949858697131276,92.0,16.020000457763672
1772695999.1020107,2026-03-05T07:33:19.102011,47.3979709,8.5461635,2.080000162124634,-492.9190368652344,-0.0026498865336179733,0.005042798817157745,-8.60614013671875,0.0027182861231267452,0.005488048307597637,6.030388249200769e-05,92.0,16.020000457763672
1772695999.203712,2026-03-05T07:33:19.203712,47.3979709,8.5461635,2.0910000801086426,-492.90802001953125,-0.0026498865336179733,0.005042798817157745,-8.60614013671875,0.0027182861231267452,0.005488048307597637,6.030388249200769e-05,92.0,16.020000457763672
1772695999.3062136,2026-03-05T07:33:19.306214,47.3979709,8.5461635,2.0910000801086426,-492.90802001953125,-0.0026498865336179733,0.005042798817157745,-8.60614013671875,0.0027182861231267452,0.005488048307597637,6.030388249200769e-05,92.0,16.020000457763672
1772695999.4093575,2026-03-05T07:33:19.409358,47.3979709,8.5461635,2.0910000801086426,-492.90802001953125,-0.0026498865336179733,0.005042798817157745,-8.60614013671875,0.0027182861231267452,0.005488048307597637,6.030388249200769e-05,92.0,16.020000457763672
1772695999.5126388,2026-03-05T07:33:19.512639,47.3979709,8.5461635,2.0950000286102295,-492.9040222167969,-0.006890702061355114,0.005347742699086666,-8.491048812866211,0.0022135593462735415,0.005523813422769308,-0.0002549952478148043,92.0,16.020000457763672
1772695999.615255,2026-03-05T07:33:19.615255,47.3979709,8.5461635,2.0950000286102295,-492.9040222167969,-0.006890702061355114,0.005347742699086666,-8.491048812866211,0.0022135593462735415,0.005523813422769308,-0.0002549952478148043,92.0,16.020000457763672
1772695999.720116,2026-03-05T07:33:19.720116,47.3979709,8.5461635,2.1050000190734863,-492.8940124511719,-0.013069212436676025,0.004738088697195053,-8.398599624633789,0.001734949299134314,0.0029171607457101345,-0.0006786041776649654,92.0,16.020000457763672
1772695999.8237066,2026-03-05T07:33:19.823707,47.3979709,8.5461635,2.1090002059936523,-492.8900146484375,-0.004418943077325821,-0.0018973439000546932,-8.267131805419922,0.0013865478103980422,0.0029228711500763893,0.0009235750767402351,92.0,16.020000457763672
1772695999.926316,2026-03-05T07:33:19.926316,47.3979709,8.5461635,2.1090002059936523,-492.8900146484375,-0.008494008332490921,5.809066351503134e-05,-8.212175369262695,0.0012791060144081712,0.0030627085361629725,-0.0003613575245253742,92.0,16.020000457763672
1772696000.0344436,2026-03-05T07:33:20.034444,47.3979709,8.5461635,2.121000051498413,-492.8780212402344,-0.008494008332490921,5.809066351503134e-05,-8.212175369262695,0.0012791060144081712,0.0030627085361629725,-0.0003613575245253742,92.0,16.020000457763672
1772696000.1360304,2026-03-05T07:33:20.136030,47.3979709,8.5461635,2.121000051498413,-492.8780212402344,-0.008494008332490921,5.809066351503134e-05,-8.212175369262695,0.0012791060144081712,0.0030627085361629725,-0.0003613575245253742,92.0,16.020000457763672
1772696000.237011,2026-03-05T07:33:20.237011,47.3979709,8.5461635,2.126000165939331,-492.8730163574219,-0.012312067672610283,0.004673981107771397,-8.311929702758789,0.0011823837412521243,0.001144516747444868,-0.0005255884025245905,92.0,16.020000457763672
1772696000.3543873,2026-03-05T07:33:20.354387,47.3979709,8.5461635,2.126000165939331,-492.8730163574219,-0.012312067672610283,0.004673981107771397,-8.311929702758789,0.0011823837412521243,0.001144516747444868,-0.0005255884025245905,92.0,16.020000457763672
1772696000.4578717,2026-03-05T07:33:20.457872,47.3979709,8.5461635,2.13100004196167,-492.8680114746094,-0.000283591914921999,-0.003130820579826832,-8.402876853942871,0.0003829803899861872,0.0011741694761440158,-0.00024296045012306422,92.0,16.020000457763672
1772696000.5624266,2026-03-05T07:33:20.562427,47.3979709,8.5461635,2.13100004196167,-492.8680114746094,-0.000283591914921999,-0.003130820579826832,-8.402876853942871,0.0003829803899861872,0.0011741694761440158,-0.00024296045012306422,92.0,16.020000457763672
1772696000.6652956,2026-03-05T07:33:20.665296,47.3979709,8.5461635,2.134999990463257,-492.864013671875,-0.004561217501759529,0.006164344027638435,-8.47093677520752,0.0001804795174393803,0.0028128884732723236,0.00047413105494342744,92.0,16.020000457763672
1772696000.7689054,2026-03-05T07:33:20.768905,47.3979709,8.5461635,2.134999990463257,-492.864013671875,-0.004561217501759529,0.006164344027638435,-8.47093677520752,0.0001804795174393803,0.0028128884732723236,0.00047413105494342744,92.0,16.020000457763672
1772696000.8728995,2026-03-05T07:33:20.872900,47.3979709,8.5461636,2.142000198364258,-492.8570251464844,-0.003156123450025916,0.006956828758120537,-8.631075859069824,0.0012829297920688987,0.0009345051948912442,3.5128668969264254e-05,92.0,16.020000457763672
1772696000.9769266,2026-03-05T07:33:20.976927,47.3979709,8.5461636,2.142000198364258,-492.8570251464844,-0.003156123450025916,0.006956828758120537,-8.631075859069824,0.0012829297920688987,0.0009345051948912442,3.5128668969264254e-05,92.0,16.020000457763672
1772696001.0852652,2026-03-05T07:33:21.085265,47.3979709,8.5461636,2.142000198364258,-492.8570251464844,-0.003156123450025916,0.006956828758120537,-8.631075859069824,0.0012829297920688987,0.0009345051948912442,3.5128668969264254e-05,92.0,16.020000457763672
1772696001.191137,2026-03-05T07:33:21.191137,47.3979709,8.5461636,2.1510000228881836,-492.8480224609375,-0.004921248182654381,-0.00023367349058389664,-8.904955863952637,-0.0003708604199346155,-2.004706948355306e-05,-0.0002199708833359182,92.0,16.020000457763672
1772696001.2967885,2026-03-05T07:33:21.296788,47.3979709,8.5461636,2.1540000438690186,-492.84503173828125,-0.007416408974677324,-0.006005929782986641,-8.993234634399414,-0.001081993686966598,-0.001335795852355659,-0.0003139715117868036,92.0,16.020000457763672
1772696001.3983014,2026-03-05T07:33:21.398301,47.3979709,8.5461636,2.1579999923706055,-492.8410339355469,-0.005624277517199516,0.00809845607727766,-9.078676223754883,-0.0007007879321463406,-0.003984601236879826,0.0004981905804015696,92.0,16.020000457763672
1772696001.5028965,2026-03-05T07:33:21.502897,47.3979709,8.5461636,2.1600000858306885,-492.8390197753906,0.0018456615507602692,0.004975741729140282,-9.184832572937012,0.0010041074128821492,-0.0018469194183126092,-0.00021328715956769884,92.0,16.020000457763672
1772696001.6062968,2026-03-05T07:33:21.606297,47.3979709,8.5461636,2.1600000858306885,-492.8390197753906,0.0018456615507602692,0.004975741729140282,-9.184832572937012,0.0010041074128821492,-0.0018469194183126092,-0.00021328715956769884,92.0,16.020000457763672
1772696001.712253,2026-03-05T07:33:21.712253,47.3979709,8.5461636,2.1600000858306885,-492.8390197753906,0.0018456615507602692,0.004975741729140282,-9.184832572937012,0.0010041074128821492,-0.0018469194183126092,-0.00021328715956769884,92.0,16.020000457763672
1772696001.8209667,2026-03-05T07:33:21.820967,47.3979709,8.5461636,2.1600000858306885,-492.8390197753906,-0.002259957604110241,-0.000905470980796963,-9.248302459716797,0.0017101175617426634,-0.0015260039363056421,0.0005691894330084324,92.0,16.020000457763672
1772696001.9224253,2026-03-05T07:33:21.922425,47.3979709,8.5461636,2.1620001792907715,-492.8370361328125,-0.002259957604110241,-0.000905470980796963,-9.248302459716797,0.0017101175617426634,-0.0015260039363056421,0.0005691894330084324,92.0,16.020000457763672
1772696002.034738,2026-03-05T07:33:22.034738,47.3979709,8.5461636,2.1620001792907715,-492.8370361328125,-0.002259957604110241,-0.000905470980796963,-9.248302459716797,0.0017101175617426634,-0.0015260039363056421,0.0005691894330084324,92.0,16.020000457763672
1772696002.1393828,2026-03-05T07:33:22.139383,47.3979709,8.5461636,2.1620001792907715,-492.8370361328125,-0.002259957604110241,-0.000905470980796963,-9.248302459716797,0.0017101175617426634,-0.0015260039363056421,0.0005691894330084324,92.0,16.020000457763672
1772696002.2412593,2026-03-05T07:33:22.241259,47.3979709,8.5461636,2.1650002002716064,-492.8340148925781,-0.005300912074744701,0.0006527092773467302,-9.347376823425293,0.002778655383735895,-0.001925731310620904,-0.00021912541706115007,92.0,16.020000457763672
1772696002.3433523,2026-03-05T07:33:22.343352,47.3979709,8.5461636,2.1650002002716064,-492.8340148925781,-0.005300912074744701,0.0006527092773467302,-9.347376823425293,0.002778655383735895,-0.001925731310620904,-0.00021912541706115007,92.0,16.020000457763672
1772696002.4480803,2026-03-05T07:33:22.448080,47.3979709,8.5461636,2.1670000553131104,-492.83203125,-0.0012377742677927017,0.0013953226152807474,-9.45326042175293,0.003013926325365901,-0.0021027212496846914,0.0002636855060700327,92.0,16.020000457763672
1772696002.5504825,2026-03-05T07:33:22.550483,47.3979709,8.5461636,2.1670000553131104,-492.83203125,-0.0012377742677927017,0.0013953226152807474,-9.45326042175293,0.003013926325365901,-0.0021027212496846914,0.0002636855060700327,92.0,16.020000457763672
1772696002.6520545,2026-03-05T07:33:22.652055,47.3979709,8.5461636,2.1700000762939453,-492.8290100097656,-0.007332570385187864,0.0027988252695649862,-9.538536071777344,0.0026489035226404667,-0.0031037793960422277,0.00018506193009670824,92.0,16.020000457763672
